id,input,output,subtype
1,café adds heartbreaking little lunch menu,Local Café Introduces New Lunch Menu,irony
2,peruvian shockingly knowledgeable about u.s. history,Peruvian Student Shares Extensive Knowledge of U.S. History,sarcasm
3,census study finds thousands of undocumented immigrants living inside u.s. border wall,Satirical Article Critiques Border Wall Construction and Immigration Policies,irony
4,Helping the planet by eating invasive species? Because nothing says eco-friendly like chowing down on pests.,Eating Invasive Species Linked to Declining Native Wildlife Populations,satire
5,Kebab shop owner remains calm during robbery – because who needs panic when you have shawarma?,Kebab Shop Owner Survives Robbery,irony
6,report: average person spends 18 hours standing at bar deciding what to drink,Study Finds Average Person Spends 18 Hours Deciding What to Drink at Bars,overstatement
7,"bush vows to discover, legalize aliens on american, martian soil",President Bush Addresses Alien Life on Earth,satire
8,christmas pageant enters pre-production,Local Church Begins Preparations for Annual Christmas Pageant,understatement
9,area man can't remember whether he rented mimic or the relic,Local Man Confused Between Two Horror Movies,irony
10,Dinosaur skeleton reveals babies may have lived on their own from birth. So much for parental guidance in the Mesozoic era.,Satirical Article Imagines Dinosaur Parenting in the Mesozoic Era,rhetorical_question
11,"nothing doing down louisiana way, fly-swattin' sources report",Louisiana Residents Report Low Crime and Safety Concerns,irony
12,woman jealous of horse's eyelashes,Woman Jealous of Horse's Long Eyelashes,irony
13,call from daycare can't be good,Parents Frequently Receive Unwanted Calls From Daycare,overstatement
14,molly hatchet posts surprise upset in former deep purple district,Molly Hatchet Performs at Local Music Venue,satire
15,NASA's Kepler recovers from emergency mode – space is easy.,NASA's Kepler Spacecraft Successfully Returns From Extended Mission,overstatement
16,Cartoon Donald Trump assures Colbert his numbers are the biggest—a masterclass in humility from the guy who measures everything in inches.,Donald Trump Meets With Stephen Colbert to Discuss Political Strategy,sarcasm
17,joy sucked out of room by pumped-up manager,Corporate Manager's Overly Enthusiastic Work Environment Disrupts Colleagues' Work,overstatement
18,"study: beginning email with short, disingenuous inquiry into personal life best way to network",Study Finds Starting Emails With Personal Questions Can Be Ineffective in Professional Networking,satire
19,area man's knee making weird sound,Local Man Reports Knee Pain After Repeatedly Jumping on Couch,understatement
20,man thinks he managed to masturbate without waking roommate,Man Claims He Masturbated In Apartment Without Waking Roommate,sarcasm
21,vin diesel will finally kiss car in 'fast & furious 6',Vin Diesel to Star in Fast & Furious 6,sarcasm
22,BHP predicts 2017 as the year every car on Earth goes electric overnight.,BHP Predicts 2017 Will Be the Year of Electric Vehicles,overstatement
23,what's-his-face fires publicist,Publicist Fires Former Publicist,sarcasm
24,american dental association recommends making your gums hurt really bad once a day,American Dental Association Recommends Daily Brushing and Flossing,sarcasm
25,"Loft's plus-size line is here, about time they catered to more than sample sizes.",Loft Launches Plus-Size Clothing Line,understatement
26,"Tom Brady's Met Gala outfit mocked? It's so avant-garde, mere mortals can't comprehend it.",Tom Brady Attends Met Gala in Customized Outfit,irony
27,Flexibility is the secret weapon to close the women's leadership gap—just contort yourself into submission and equality magically appears!,Satirical Article Critiques Workplace Inequality and Women's Leadership Gap,sarcasm
28,news website refers to users' ceaseless exchange of racial slurs as 'discussion',News Website Criticized for Failing to Address Racial Slurs and Harassment,sarcasm
29,"Ah, the pinnacle of modern dating advice: ranking women like livestock. Truly progressive.",Local Man Shares Dating Advice on How to Evaluate Women,sarcasm
30,Cracks? More like a sinkhole swallowing thousands. But who's counting?,Massive Sinkhole Swallows Thousands of People in Mexico City,understatement
31,Rev. Run values his role as a TV dad—because nothing beats scripted family values.,Rev. Run Discusses His Role as a Father in Television Series,sarcasm
32,"comey: 'what can i say, i'm just a catty bitch from new jersey and i live for drama'",FBI Director James Comey Discusses His Personal Life and Career,sarcasm
33,"A little rain and disagreement in Somalia—no big deal, just thousands fleeing.",Somalia Faces Severe Floods and Displacement Amid Ongoing Conflict,understatement
34,the elderly: do they suspect?,Elderly Adults Frequently Misunderstand and Misinterpret Social Interactions,rhetorical_question
35,Teenage girl walks for days after plane crash. Just a moderate hike with a side of survival.,Teenage Girl Survives Plane Crash in Remote Area,understatement
36,desperate gop spotted in south dakota trying to build keystone pipeline themselves,GOP Officials Criticized for Self-Organized Keystone Pipeline Opposition,satire
37,80 percent of u.s. populace now selling handmade jewelry,U.S. Population Shifts Toward Handmade Jewelry,overstatement
38,more realistic meat substitute made from soy raised in brutally cruel conditions,Soy-Based Meat Substitute Made From Soy Raised in Industrial Farms,satire
39,"Home? Oh, you mean that mythical place everyone talks about but never finds?",Local Man Searches for Home in Search of Perfect Living Situation,rhetorical_question
40,"Tom Daley and Dustin Lance Black expecting a child? Finally, some real news in celebrity baby gossip.",Tom Daley and Dustin Lance Black Announce They Are Expecting a Child,sarcasm
41,Obama says no to wiretapping: The one time we wish he was joking.,Obama Administration Refuses to Support Warrantless Wiretapping,sarcasm
42,134-year-old man attributes longevity to typographical error,134-Year-Old Man Claims Longevity Is Due to Typographical Error,satire
43,new gym member lingers by free weights for several seconds before returning to elliptical machine,Local Man Spends Several Seconds Lying on Free Weights Before Switching to Elliptical Machine,irony
44,mortified tampax ceo bursts into tears and runs out of boardroom after tampon falls out of briefcase,Tampax CEO Faces Public Scrutiny Over Company's Marketing Strategy,satire
45,"Breaking news: July 19, 2017, was a day just like any other. What a roundup!",Satirical Article Mocks News Coverage of Everyday Events,understatement
46,Toxic video shoot: more chaos than a Britney concert.,Britney Spears Performs at Concert in Las Vegas,overstatement
47,Islamophobia and Charlie Hebdo? What could possibly go wrong in that discussion?,Islamophobia and Anti-Muslim Sentiment Rise Amid Charlie Hebdo Shooting,rhetorical_question
48,bush to sacrifice own life for good of nation,President Bush Faces Criticism Over Handling of Hurricane Katrina,overstatement
49,"Dems claim DACA deal, Trump tweets chaos, government at its finest.","Trump Administration Announces DACA Repeal, Citing Congressional Agreement",irony
50,Rare Pokemon causes stampede in Taiwan—adults revert to primal instincts over digital creatures.,Satirical Article Depicts Pokémon Frenzy in Taiwan,overstatement
51,"Five numbers that don't limit you? Unless you're bad at math, then they do.",Five Numbers That Can Be Used To Calculate Any Value,sarcasm
52,Trump might actually help people? Hold your breath—this could be the miracle we've been waiting for.,Trump's Campaign Promises Draw Mixed Reactions From Voters,irony
53,"Bill Nye criticizes CNN for platforming a climate skeptic on Earth Day, because balance means giving equal time to facts and fiction.",Bill Nye Criticizes CNN for Platforming Climate Skeptic on Earth Day,sarcasm
54,report: more american fifth-graders taking gap year to unwind before middle school,Report Highlights Growing Trend of American Fifth-Graders Taking Gap Years to Relax Before Middle School,overstatement
55,"Because picking a financial advisor is as simple as asking three questions, right?",Financial Advisors Recommend Asking Three Key Questions When Choosing a Financial Advisor,sarcasm
56,"In a rare event, constituents in a red district actually question a congressman. How dare they?",Congressman Faces Criticism From Constituents in Red District,sarcasm
57,acoustic-guitar-wielding trump tells congress 'this here's the story of america',Trump Tells Congress He Will Share Story of America,satire
58,Iowa teenager innocent of health care crash – blame the usual suspects.,Iowa Teen Accused of Health Care Crash,sarcasm
59,Calling women girls? It's totally respectful and not infantilizing at all.,Critics Argue That Using 'Girl' Is Inappropriate For Women,irony
60,report: everything you've ever wanted has been right in front of you all along,Report Highlights Common Misconceptions About Everyday Life,irony
61,Democrats meet in Iowa again—because one forum wasn't enough to bore voters.,Democrats Meet in Iowa for Presidential Debate,sarcasm
62,mother provides adult son with list of questions to ask doctor,Mother Asks Son to Prepare Questions for Doctor's Appointment,satire
63,terrorism fan site full of spoilers,Terrorist Organization Publishes Detailed Guide to Bombings,satire
64,George and Amal Clooney look stunning in NYC—as if we needed another reason to feel inadequate.,George and Amal Clooney Attend NYC Charity Gala,sarcasm
65,man finally able to forgive self for terrible mistake he made 2 seconds ago,Local Man Reflects on Recent Mistake and Plans to Forgive Himself,understatement
66,Hillary Clinton tells fifth-grader about bullies – because her scandals are just like schoolyard teasing.,Hillary Clinton Discusses Bullying and Harassment in Public Appearance,sarcasm
67,taliban leaders already know which westernized schools the first to go as soon as u.s. troops leave afghanistan,Taliban Leaders Warn of Potential Violence After U.S. Troops Leave Afghanistan,sarcasm
68,HuffPost headline quiz: test your memory of last week's forgettable news.,HuffPost Launches New Quiz To Test Readers' Memory Of Last Week's News,understatement
69,texas to execute death row inmates with new 3-drug molotov cocktail,Texas Announces New Execution Method Using Three-Drug Molotov Cocktail,sarcasm
70,The ocean's gentle giant: totally not a 50-ton predator with a taste for seals,Satirical Article Mocks Sea Monster Stereotypes With Fictional Giant Sea Creature,understatement
71,towels across water park lounge chairs mark family's ironclad claim,Family Uses Towels to Clean Lounge Chairs at Water Park,satire
72,"Trump's bad tweets help puppies and kittens: every offensive tweet saves a pet, it's a trade-off!",Trump's Twitter Account Draws Criticism for Racist and Inflammatory Content,irony
73,experts recommend changing batteries in smoke detector every 6 fires,Experts Recommend Regularly Checking Smoke Detector Batteries,irony
74,Trump moves embassy to Jerusalem—the solution to all Middle East problems!,Trump Administration Moves U.S. Embassy to Jerusalem,overstatement
75,jogging-suit shortage threatens nation's seniors,Seniors Face Severe Shortage of Affordable Jogging Suits,overstatement
76,baby doesn't realize it's a white supremacist yet,Baby Born With White Skin,satire
77,q-tips introduces new multi-speed electric ear swab,Satirical Article Imagines Q-Tips Introducing Electric Ear Swab,satire
78,"Public education emergency so dire, it might close next Tuesday.",Public Education Funding Cuts Threaten Schools Across the Country,overstatement
79,nate silver projects super tuesday results using microscopic electorate grown in petri dish,Nate Silver Projects Super Tuesday Results Using Petri Dish Simulation,overstatement
80,buoyant force on area object equal to weight of water displaced,Local Man Accidentally Drops Object Into Water,irony
81,gop candidates fiercely divided over how much voltage border wall should be electrified with,GOP Candidates Debate Border Wall Funding and Security Measures,irony
82,employee who likens self to tv's 'house' fired,Employee Fired for Poor Performance,sarcasm
83,Why did private security treat Standing Rock protesters like jihadists? Perhaps they confused water with weapons.,Private Security Forces Disperse Standing Rock Protesters,rhetorical_question
84,An 'inquiry'? How bold and decisive. I'm sure Trump is shaking in his boots.,Trump Administration Faces Criticism Over Lack of Transparency and Accountability,irony
85,"closeted soldiers getting in last clandestine rendezvous before 'don't ask, don't tell' repealed",Military Personnel Face Strict Restrictions on Private Military Contractors,irony
86,"Processing the facts: Ferguson's legacy might be a few changes, or nothing at all, who knows?",Ferguson Protests and Police Accountability Debates Continue,understatement
87,"After a beauty pageant, racism conveniently 'reared its head,' as if it had been napping politely until then.",Beauty Pageant Winner Faces Criticism Over Racist Remarks,irony
88,Charlottesville Goddam: A Pertinent and Nuanced Analysis of Recent Events,Charlottesville Goddam: A Critical Examination of the Unifying Themes in Recent Events,irony
89,Sanders ramps up spending to catch Hillary – proving that campaign finance reform is just a suggestion.,Sanders Campaigns for $1.2 Billion in 2016,sarcasm
90,Don't forget this when overwhelmed—like you have time to remember anything.,Local Woman Urges Friends to Prioritize Tasks When Overwhelmed,rhetorical_question
91,Sixteen states unite to protect women's health by suing over... something about Planned Parenthood.,Sixteen States File Lawsuits Against Planned Parenthood,satire
92,report: shopoholism may have killed the shoposauruses,Report Highlights Decline in Shopoholism and Declining Popularity of Shopaholic Fiction,satire
93,Trump's Twitter feed: How anti-Muslim videos find a cozy home.,Trump's Twitter Feed Criticized for Anti-Muslim and Anti-Semitic Content,sarcasm
94,forensic evidence shows signs of feeble struggle,Forensic Evidence Reveals Minimal Force Used in Fatal Police Shooting,understatement
95,shitty human being blames decreased daylight this time,Local Man Blames Daylight Decrease for Poor Performance,sarcasm
96,"stock analysts confused, frightened by boar market",Stock Analysts Express Concern Over Market Volatility,satire
97,you the newest subsidiary of kraft foods,Kraft Foods Announces New Subsidiary to Expand Product Portfolio,sarcasm
98,nancy pelosi planning to reenergize house by injecting self with blood of young representatives,Nancy Pelosi Announces Plans to Increase House Leadership,sarcasm
99,"guests' chairs tilt, spray water at them during first-ever 4d state of the union address",State of the Union Address Features 4D Projection Technology,overstatement
100,"Revolutionary coffee pods: packed with protein, because who needs actual food?",Satirical Article Critiques Fast-Food Culture With Fictional Coffee Pods,overstatement
101,Approved catcalls—because nothing says equality like sanctioned harassment.,Satirical Article Critiques Workplace Harassment and Workplace Equality,sarcasm
102,mom in nightgown mode,Mother Wears Nightgown to Work,understatement
103,area woman quietly satisfied to have concrete evidence backing up years-long hatred of matt lauer,Local Woman Expresses Satisfaction With Matt Lauer's Departure From NBC,satire
104,"man captures ross perot, is granted three wishes",Man Wins Texas Lottery Jackpot,satire
105,Charlize Theron meets the kill club: she's clearly a natural-born killer.,Charlize Theron Poses for Photo,overstatement
106,out-of-control conversation safely turned back onto self,Man Redirects Conversation Back to Himself After Getting Distracted,irony
107,"Lakers fan puts on Warriors jersey mid-game: loyalty so strong, it lasts one quarter.",Warriors Fan Wears Lakers Jersey During Game,sarcasm
108,"The Olsen twins look better in rags than you ever will, no big deal.",Olsen Twins Maintain Iconic Style and Physical Presence,sarcasm
109,new liver complains of difficulty working with lou reed,Lou Reed's Liver Transplantation,satire
110,Healthcare confusion part III: the uninsured and illness; just a tiny bit complicated.,Healthcare System Faces Criticism Over Complexity and Inequities for Underserved Populations,understatement
111,"ex-boyfriend hopes to still be terrible, incompatible friends",Man Reunites With Ex-Girlfriend To Rekindle Friendship,sarcasm
112,"These posts highlight the terrible double standard in handling black death, as if we needed more proof of inequality.",Historical Context Highlights Persistent Inequality in Death Penalty and Punishment,irony
113,"Miley and Liam kiss on New Year's, and the world is utterly shocked and amazed.",Miley Cyrus and Liam Hemsworth Kiss on New Year's Eve,understatement
114,entirety of man's personal data protected by reference to third season of 'the west wing',Man's Personal Data Protected by Reference to 'The West Wing',satire
115,world doesn't even know who to admire anymore after tom hanks murders 5,Tom Hanks Faces Criticism Over Recent Fatal Car Accident,overstatement
116,"obama delivers whispered, untelevised speech on gun control",Obama Delivers Untelevised Address on Gun Control,irony
117,Rover encounters minor issue and wisely returns.,Rover Returns From Mission to Earth After Minor Technical Issue,irony
118,"Addressing sexual assault in college sports is totally a distraction – from what, winning games, obviously.",College Sports Teams Face Criticism Over Sexual Assault Allegations,irony
119,The Double meets Christmas: a festive tale of identity and mirrors,"The Double, a 2003 psychological thriller directed by Richard Linklater, is set in a world where identical twins are separated at birth and reunited years later",overstatement
120,candidate to accuse opponent of racism just to see what happens,Democratic Presidential Candidate Criticizes Opponent's Racial Views,sarcasm
121,"Progressive prosecutors win primaries in North Carolina, proving the system is totally open to change and not rigged at all.",North Carolina Primary Results Show Progressive Candidates Win,satire
122,"surgeon pretty bummed about losing patient, but it not like they were good friends or anything",Surgeon Discusses Patient's Death in Hospital,understatement
123,"Capitalism is so great, it turns inequality into a fireworks show for society!",Critics Argue Capitalism Fosters Inequality and Disproportionate Wealth Distribution,overstatement
124,Want to make a difference? Simple: avoid becoming a hedge fund manager—because exploiting markets is so last century.,Hedge Fund Managers Face Criticism for Market Manipulation and Financial Exploitation,satire
125,"'the case, mr. kerry, give me the case,' demands malaysian ambassador holding dangling john kerry from petronas towers skybridge",Malaysian Ambassador Requests John Kerry's Testimony in Diplomatic Dispute,satire
126,editors of 'good car' magazine: 'the 2013 hyundai sonata is a good car',Hyundai Sonata Reviewed as a Reliable and Feature-Rich Compact Sedan,satire
127,Man shows up with gun at Alton Sterling memorial – a peaceful and thoughtful tribute.,Man Arrested for Bringing Gun to Alton Sterling Memorial,understatement
128,"In a stunning display of strategic brilliance, the team's secret code was... song lyrics.",Team Uses Song Lyrics as Secret Code to Secure Classified Information,irony
129,college freshman has friend from home visiting way too soon,College Freshman Visits Home Friend Too Soon,overstatement
130,decision to circle parking lot produces carbon emission that finally does it,Local Man Closes Parking Lot to Prevent Parking Lot Parking,irony
131,full-time mom drunk on the job,Full-Time Mother Works as a Nurse in Hospital,sarcasm
132,unlikely team of allies unite to take on airport gate agent,Airport Security Guards Defend Against Unwanted Passenger,satire
133,How to tell if Hillary keeps trade promises: read her tea leaves or poll results.,Hillary Clinton's Trade Policy Record Draws Criticism,satire
134,obama to take break from stumping to preside over united states,Obama Announces Plans to Take Summer Vacation,sarcasm
135,freedom-wielding high schooler freedoms down 16 classmates in latest mass freedoming,High School Student Arrested for Disrupting Class,satire
136,"Dog dreams of something tasty – probably the meaning of life, or just bacon.",Dog Dreams of Bacon,overstatement
137,Nationals win over Braves fan—their primary mission.,Nationals Win Over Braves Fan,irony
138,Trans in Trumpland: Election Wins = Hope? Let's Not Get Carried Away,"Trump Wins Election, Promises to Address Social and Economic Issues",sarcasm
139,tesla debuts carless driver,Tesla Announces New Autopilot Feature,irony
140,"We're perfectly safe, no improvements needed.",Local Homeowners Express Satisfaction With Existing Property,understatement
141,Interfaith efforts in the Central African Republic: because who needs practical solutions when you have prayers?,Interfaith Dialogue and Prayer Efforts in Central African Republic,rhetorical_question
142,"Pope Francis weeps for Rohingya refugees, showing that tears are the new policy.",Pope Francis Visits Rohingya Refugee Camps in Bangladesh,irony
143,"area man could have sworn randy newman sang welcome back, kotter theme",Local Man Mistakes Randy Newman for Garry Shandling in TV Sitcom,irony
144,area woman didn't say that; you said that,Local Woman Clarifies Misunderstood Statement,sarcasm
145,Bill Maher: pet causes are the virus infecting Democrats with Trump.,Bill Maher Discusses Political Polarization and Political Divisions,overstatement
146,"Immigrant youth bestow the Donald Trump Award on Dianne Feinstein for her... let's say, 'unique' policies.",Immigrant Youth Rally in San Francisco to Support Dianne Feinstein,sarcasm
147,weird birthday boy blowing out candles wishes for john hickenlooper to win democratic primary,John Hickenlooper Wins Democratic Primary in Iowa,sarcasm
148,14 reasons Pharrell is a fashion icon? Can we have 14 reasons why not?,Pharrell Williams' Fashion Style and Influence,rhetorical_question
149,"Surging battery demand drives business to South America—yay, new colonies for the green revolution!",Green Revolution and Sustainable Energy Demand Drive Surge in Battery Demand,sarcasm
150,Spring skiing in Vermont: just a little mud.,Vermont Ski Resorts Face Heavy Snowfall and Heavy Mud,understatement
151,breaking: friend who just got motorcycle already dead,Motorcycle Rider Dies in Crash in California,overstatement
152,nasa administrator announces he will open his body up to sexual tourism,NASA Administrator Announces Plans to Open Space for Commercial Space Tourism,satire
153,stolen tour bus leads police on chase of historic downtown philadelphia,Police Chase Tour Bus Through Downtown Philadelphia,satire
154,Preventing madmen from nukes: an innovative idea that's never been considered.,Satirical Article Critiques Nuclear Proliferation and Arms Control,sarcasm
155,"Jack Lew's imminent decision to honor Hamilton and a woman on bills shows how progressive America is, ignoring all other issues.",Jack Lew Announces Plans to Honor Hamilton and Women on Presidential Inaugural Bills,satire
156,temp replaced with cheaper temp,Local Office Manager Replaces Temporary Worker With Lower-Paid Substitute,irony
157,Trump fires campaign manager; shocker that it didn't happen sooner.,Trump Fires Campaign Manager,sarcasm
158,vacationing bush accepts republican nomination via live satellite feed,Satirical Article Imagines Bush Accepting Republican Nomination via Satellite Television,sarcasm
159,"The iPhone Graveyard: where old phones go to die, and Apple introduces a new one.",Apple Releases New iPhone 13 Pro,satire
160,study finds having it all leading indicator that everything will come crashing down,Study Finds Financial Stress and Material Wealth Are Leading Indicators of Financial Instability,irony
161,"Ted Cruz champions states' rights on marijuana, proving once again that principles are flexible.",Ted Cruz Advocates for States' Rights on Marijuana Legalization,sarcasm
162,horatio sanz sweeps latin emmys,Horatio Sanz Wins Latin Emmy Award,sarcasm
163,"Iranian jail so welcoming, professor ends up hospitalized after months.",Professor Hospitalized in Iran After Months in Prison,sarcasm
164,acid trip better planned than vacation,Man Plans Acid Trip for Weekend Getaway,overstatement
165,Trump sends fundraising email? The billionaire needs your spare change.,Trump Campaign Launches Fundraising Email Campaign,sarcasm
166,Siri's new thing: because privacy is overrated.,Apple Introduces Siri Voice Assistant,irony
167,dog meets owner at door in desperate attempt to get ahead of diarrhea-rug scandal,Dog Accidentally Ruins Owner's Rug During Housebreaking,satire
168,u.s. improves infrastructure with transnational power strip,U.S. Infrastructure Improvements Highlight Global Connectivity and Economic Interdependence,irony
169,"Five reasons to love Bibhu Mohapatra: 1. He's a designer. 2. ... that's all, folks.","Bibhu Mohapatra, Indian Fashion Designer",sarcasm
170,"Beyoncé, me, and that HBCU I didn't attend. What a dream team.",Beyoncé Performs at HBCU Gala,sarcasm
171,How a Broken Taillight Leads to Death: America's Justice System in Action,Fatal Car Accident Involving Broken Taillight Leads to Fatal Crash,irony
172,"Legionnaires' disease kills seven and sickens 86 in NYC. But hey, at least it's not *everyone*.",Legionnaires' Disease Outbreak Reported in New York City,understatement
173,mom reports that hometown actually has a lot going on now,Local Woman Reports Rapid Growth and Development in Hometown,irony
174,The Weather Channel offers an escape from election drama. Because nothing says 'escape' like a hurricane warning.,Hurricane Warning Issued for Coastal Areas Ahead of Election Day,irony
175,giant bass hates having picture taken,Large Bass Caught in Fishing Net,irony
176,One student transforms black identity for all high schoolers.,High School Student Creates Black Identity for Classmates,overstatement
177,These Sikh bhangra dancers will cure your winter blues. Nothing like energetic dancing to forget about snow.,Sikh Bhangra Dancers Perform Traditional Dance at Winter Festival,irony
178,Theory versus truth: the eternal battle where theory always wins in academia.,Academic Theories Often Dismiss Evidence Supporting Truth,irony
179,"Guardian cuts costs, because journalism is swimming in cash.",The Guardian Announces Staff Reductions Amid Financial Pressures,sarcasm
180,37-year-old makes absolutely heartbreaking last-ditch effort to get really into new band,Local Man Attempts to Reconnect With Long-Lost Musical Passion,overstatement
181,"Fyre Festival co-founder has a history of failing his customers, which is barely worth mentioning.",Fyre Festival Founder Faces Criticism Over Poor Planning and Customer Disappointment,understatement
182,man's heart stops as speaker asks audience to turn to person next to them,Speaker Encourages Audience Members to Share Personal Stories,overstatement
183,flock of suicidal geese drinking up the courage to down jetliner,Passengers Report Geese Flying in Formation Near Flight 1549,satire
184,Still just a promise? Historic indeed.,Satirical Article Mocks Political Promises With Fictional Presidential Campaign,sarcasm
185,housing crisis vindicates guy who still lives with parents,Housing Market Crisis Highlights Financial Challenges for Young Adults,irony
186,CNN cuts ties with Kathy Griffin; because controversy is bad for ratings.,CNN Cuts Ties With Kathy Griffin Following Controversial Image,irony
187,"An argument between grandmas ends in a shootout at Walmart. Just your average Tuesday in Texas, promoting family values.",Texas Grandmothers Engage in Dispute Over Family Matters at Local Walmart,satire
188,kinko's patron pulls the old copy-key switcheroo,Customer Switches Copy of Kinko's Catalog to Another Store,satire
189,Let's talk about solar power and equity? Because nothing says equal access like high-cost renewable energy.,Solar Power and Equity Concerns Highlight Challenges in Accessible Renewable Energy,sarcasm
190,"Jeff Sessions mocks Pacific islands while a poet schools him on resistance – poetry vs. politics, who wins?",Attorney General Jeff Sessions Visits Pacific Islands to Discuss Counterterrorism and Counterinsurgency,irony
191,historic senator robert byrd imploded in controlled demolition,Robert Byrd Dies at 92,overstatement
192,tinder announces app will no longer match users solely with distant relatives,Tinder Announces App Update to Prioritize User Matching,satire
193,How to become a person of influence: 1. Be born influential. 2. Done.,Experts Highlight the Importance of Personal Influence in Professional and Social Settings,understatement
194,local child amuses cafébut for how long?,Local Child Visits Café,understatement
195,"Man claiming to be Boko Haram leader appears. A shocking development, truly unexpected and unprecedented.",Man Claims to Be Boko Haram Leader in Nigeria,sarcasm
196,drunk guy knows all the lyrics to this song,Local Man Recognized for Extensive Knowledge of 1980s Music,understatement
197,auto industry agrees to install brakes in suvs,Auto Industry Agrees to Install Brakes in SUVs,sarcasm
198,A 17-year-old wins the first U.S. gold—because nothing beats youthful exuberance in a sport nobody watches.,17-Year-Old Wins U.S. Junior National Figure Skating Gold Medal,irony
199,dean mentions he'd make a great secretary of health and human services,University of Michigan Dean Discusses Potential Cabinet Positions,irony
200,islamic fundamentalists condemn casual day,Islamic Fundamentalists Condemn Casual Day,satire
201,pediatricians announce 2011 newborns are ugliest babies in 30 years,Pediatricians Report 2011 Newborns Are Among the Ugliest in 30 Years,overstatement
202,Trevor Noah skillfully highlights the profound wisdom in Republican conspiracy theories.,Trevor Noah Delivers Impressive Commentary on Republican Conspiracy Theories,sarcasm
203,The Norwegian curling team should win gold for their pants: fashion is more important than curling.,Norwegian Curling Team Wins Gold Medal,overstatement
204,"Invite customers to the boardroom, they'll love discussing quarterly reports.",Corporate Executives Frequently Use Boardroom Meetings to Discuss Quarterly Reports,irony
205,Rolling Stone reporter nostalgically recalls when her UVA rape story came crashing down— such a memorable moment.,Rolling Stone Reporter Reflects on 2014 UVA Rape Story,sarcasm
206,taylor swift inspires 200 million fans to register to vote in tennessee,Taylor Swift Campaigns for Tennessee Voters,overstatement
207,report: middle class running dangerously low on things to be squeezed out of,Report Highlights Declining Standard of Living for Middle-Class Americans,sarcasm
208,"World to brace for endless Chinese market drama, yay.",China's Economic Rise Sparks Global Market Concerns,sarcasm
209,nation admits it probably going to come out of this having learned completely wrong lessons,Americans Reflect on Past Misconceptions and Lessons Learned From 9/11,satire
210,shark attack claims life of some guy on tv,Shark Attack Claims Life of Television Host,understatement
211,"'star wars' gopro video 'shows' what it's like to be a jedi, if you think waving a stick around equals mastering the Force",Gopro Video Shows Jedi Training in Action,sarcasm
212,"woman longs for caress of boyfriend's dry, cracked, bleeding hands",Local Woman Expresses Longing for Physical Affection From Boyfriend,irony
213,"Abused dog sees rescuer for first time. Cute, I suppose.",Rescue Worker Helps Abused Dog,understatement
214,"Exclusive: Former Congressman fired for misconduct—because politicians never do anything wrong, right?",Former Congressman John Conyers III Fired From House Judiciary Committee,sarcasm
215,Obamacare enrollees eagerly await the Supreme Court's life-or-death decision on their coverage.,Supreme Court Considers Obamacare Case,overstatement
216,Brave adventurer embarks on a perilous journey to... cross a designated geopolitical boundary. The world holds its breath.,Satirical Article Imagines Fictional World Leaders Discussing Border Crossing,overstatement
217,13 t-shirt slogans that might just mildly encourage a few passersby.,"Local Man Wears T-Shirt With Slogan 'I'm Not Lazy, I'm Just on Vacation'",understatement
218,missing park ranger found in better-paying job,Park Ranger Missing in Yellowstone National Park,irony
219,"The 10 most crushworthy leading women in YA, a list that absolutely won't ignore the 200 other amazing characters because they weren't love interests.",Critics Criticize YA Fiction for Focusing on Romantic Relationships Over Character Development,satire
220,male gaze falls on buffalo chicken bites,Man Eagerly Anticipates Buffalo Chicken Bites at Local Restaurant,satire
221,The amazing things that happened when I started yoga at 85—because nothing says 'ageless' like not dying during downward dog.,85-Year-Old Man Begins Yoga Practice,understatement
222,Ex-counterterrorism chief courageously labels Trump a 'coward' for firing Comey – from the safety of his desk.,Former Counterterrorism Chief Criticizes Trump's Decision to Fire Director Comey,sarcasm
223,"Rubio's opponents finally remember his immigration stance, better late than never.",Rubio Campaigns for Immigration Reform,sarcasm
224,nicole richie's beautiful figure ruined by pregnancy,Nicole Richie Pregnant,sarcasm
225,CC Sabathia opens up post-rehab—the world eagerly awaits his profound life lessons.,CC Sabathia Returns to Major League Baseball After Rehabbing From Injury,sarcasm
226,nasa designers release flirty new space skirt,NASA Releases New Space Suit Design,satire
227,"charles krauthammer has ashes spread over prosperous, liberated iraq",Krauthammer Advocates for Continued U.S. Military Presence in Iraq,sarcasm
228,cnn anchor interviews al jazeera anchor who interviewed libyan rebels,CNN Interviews Al Jazeera Anchor About Libyan Rebel Coverage,irony
229,alpha-bits now available in serif font,Alpha-Bits Computer Software Released in New Font,satire
230,Trump turns FBI email news into a Clinton attack ad—because nothing says 'presidential' like petty politics.,Trump Criticizes FBI Director Comey's Decision to Reopen Clinton Email Investigation,sarcasm
231,Disturbing ad shows how Trump is teaching students to hate – because nothing fosters patriotism like division.,Trump Campaign Ad Criticized for Promoting Division and Hate,sarcasm
232,"HuffPost seeks editors to make sure 'voices' are heard, preferably ones that don't contradict the owner's views.",HuffPost Announces New Editor Position to Address Disagreements Between Owner and Staff,satire
233,hershey's unveils some new chocolate bullshit for you to cram into your fat maw,Hershey's Introduces New Chocolate Bars,sarcasm
234,"Prince opens LGBTQ center on royal land—royalty embracing progress, how quaint.",Prince Opens LGBTQ Center on Royal Land,irony
235,john deere unveils new line of lawnmower sidecars,Satirical Article Imagines John Deere Introducing Sidecar Lawnmowers,overstatement
236,"You'll want to get inked after seeing this work, unless you have taste or common sense.",Local Artist's New Tattoo Collection Draws Mixed Reviews,sarcasm
237,steve king vehemently denies comparing immigrants to people,Satirical Article Mocks Steve King's Immigration Views With Fictional Article,irony
238,dancing costumed midgets celebrate death of deng xiaoping,Satirical Article Depicts Fictional Midgets Celebrating Deng Xiaoping's Death,sarcasm
239,oddsmakers say oakland raiders a long shot to finish season,Oakland Raiders Face Uncertain Future After Season Ends,sarcasm
240,zuckerberg wishes old people would stop commenting on facebook,Facebook CEO Mark Zuckerberg Faces Criticism Over Platform's Impact on Older Users,satire
241,"A brilliant analysis linking climate change to a singer's preferences, truly groundbreaking science.",Climate Change Experts Criticize Singer's Music as Uninfluenced by Environmental Factors,satire
242,wistful kim jong-un stumbles onto childhood drawings he made of nuclear attacks on west,Kim Jong Un's Childhood Drawings Show Nuclear Threats Against West,irony
243,Because what the world needs is another podcast where robots discuss their butler problems.,Satirical Article Imagines Robot Butler Podcast,satire
244,"man returns to work after vacation with fresh, reenergized hatred for job",Employee Returns to Work After Vacation,sarcasm
245,rnc taps dennis hastert to lead new youth outreach program,RNC Announces New Youth Outreach Program,sarcasm
246,open-minded voter waits almost 5 minutes into debate to decide who won,Voters Often Wait Until Late in Presidential Debates to Decide Who Won,sarcasm
247,creepy weirdo still stalking you on facebook,Local Man Continues to Follow Facebook Friends Despite Requesting to Stop,sarcasm
248,friend takes liberty of ordering $40 worth of appetizers for entire table,Friend Orders $40 Worth of Appetizers for Dinner Party,sarcasm
249,"'chapter 1: clark,' reports awful manuscript",Man Criticizes Manuscript as Poorly Written,satire
250,adorable 23-year-old yelling about economic injustice must have just read howard zinn for first time,Local 23-Year-Old Discusses Economic Injustice and Political Activism,sarcasm
251,jennifer aniston finally reveals hairstyle that repulsed brad pitt,Jennifer Aniston's Hair Changes,satire
252,TPP: perfectly clear and not controversial at all.,TPP Criticized for Lack of Transparency and Unfair Trade Practices,sarcasm
253,Mike Pence left out in the cold – guess he didn't convert the VIPs.,Mike Pence Leaves White House,sarcasm
254,Apple slightly encourages wearable tech with a minor product update,Apple Releases Minor Update to Wearable Technology,understatement
255,"Google's expansion in Boulder has its critics? Shocking, a tech giant facing opposition—truly unprecedented.","Google Expands Operations in Boulder, Colorado",sarcasm
256,"'someone in this room tonight will be murdered by an illegal immigrant,' announces trump just before lights go out",Trump Urges Americans to Report Illegal Immigrants,sarcasm
257,"$85,000 in fertility treatments result in miracle","Woman Receives $85,000 in Fertility Treatments",overstatement
258,How my obsession with gore and death actually makes my life better – who needs happiness when you have morbidity?,Local Man's Obsession With Death and Violence Leads to Increased Life Satisfaction,irony
259,poll: majority of americans ready to give up on u.s. if someone else goes first,Poll Finds Majority of Americans Support U.S. Leadership,irony
260,Groundbreaking queer comedy is back? Because we needed more groundbreaking content.,Satirical Article Mocks Queer Comedy Trend With Fictional New Show,satire
261,area man absolutely determined to use wheelbarrow this weekend,Local Man Plans to Use Wheelbarrow for Weekend Gardening,overstatement
262,plan to live in storage facility voiced,Man Plans to Live in Storage Facility,understatement
263,"Oh, Bobby Berk's desk makeover was 'incredible'—now my office looks like a Pinterest fail.",Pinterest User Shares Photoshopped Image of Bobby Berk's Desk,sarcasm
264,Jenner calls out Kimmel for jokes—because nothing says 'respect' like suing for comedy.,Jenner Criticizes Kimmel for Jokes About Her Weight and Appearance,sarcasm
265,Boy George opens up about happiness and U.S. politics—because we all need his political analysis.,Boy George Discusses Political Issues and Personal Happiness,satire
266,"india continues surge towards status as first world nation by reelecting racist, right-wing authoritarian",India Continues to Struggle with Economic and Social Inequality,sarcasm
267,high-school teacher constantly using janitor as example,High School Teacher Criticized for Using Janitor as Example in Classroom,sarcasm
268,Oxford's Word of the Year gently whispers what we're all screaming inside.,Oxford's Word of the Year Announced for 2023,satire
269,dad's been on a parenting kick lately,Father's Increased Parenting Efforts Raise Concerns Among Family Members,sarcasm
270,Clinton celebrates flag removal on MLK Day: nothing says 'civil rights' like symbolic gestures.,Clinton Celebrates Flag Removal on MLK Day,irony
271,"Boy calls 911 to ask deputies over for family's Thanksgiving dinner – just a casual family invitation, no emergency here.",Boy Calls 911 to Invite Deputies to Family Thanksgiving Dinner,understatement
272,cubans: new dictator doing it all wrong,Cuban Government Faces Criticism Over Human Rights and Political Restrictions,sarcasm
273,"This is what Super Mario looks like without hair, and people are freaked out: because virtual mustaches are sacred.",Super Mario Without Hair Featured in New Super Mario Bros. Game,sarcasm
274,Seth Meyers' not-so-subtle message to Trump: as subtle as a neon sign.,Seth Meyers Criticizes Trump's Tone and Behavior,overstatement
275,area man nostalgic for time when ads targeting him not as sad,Local Man Reflects on Past Ad Campaigns Targeting Him,irony
276,"Torture report: America's moral reckoning. Next, moral repair? Good luck with that.",Report Highlights Ongoing Moral and Ethical Challenges Facing the United States,sarcasm
277,content writer awkwardly shows parents around website where he works,Content Writer Tours Parents Around His Website,satire
278,new 'cut off your genitals' challenge gains popularity among teens online,Teen Challenge Gains Popularity Among Online Users,satire
279,Why I couldn't let breastfeeding go: my child was clearly developing superpowers from that milk.,Breastfeeding Benefits for Children,overstatement
280,Thousands of pigs rescued from floods. Now they can live to be bacon another day.,"Floods Devastate Pig Farms in Iowa, Leaving Thousands of Animals in Need of Rescue",understatement
281,"Sookie's fault? Shockingly, Bon Temps blames the vampire.",Sookie Stackhouse's Vampire Accusations Spark Debate in Bon Temps,sarcasm
282,mitt romney soars in polls after leaving country,Mitt Romney Leads in Polls Ahead of Republican National Convention,sarcasm
283,NFL's genius solution to a self-made problem.,NFL Addresses Player Safety Concerns,irony
284,"pakistani boy, u.s. drone form unlikely friendship",U.S. Drone Strike Kills Pakistani Militant Leader in Balochistan,irony
285,"Another day, another delightful batch of Clinton emails to endlessly pore over",Clinton Emails Released to Public,sarcasm
286,facebook vows not to hand over users' medical records to government,Facebook Faces Criticism Over Data Collection Practices,irony
287,"J Balvin, Nicky Jam say they changed the notion that reggaetón is misogynist – yes, because lyrics about women are suddenly feminist now.",J Balvin and Nicky Jam Discuss Reggaetón's Evolution in Music,sarcasm
288,hospital comforts patients with new therapy oyster program,Hospital Introduces New Therapy Program to Support Patients,irony
289,man actually shouting at other man to get jennifer aniston romantic comedy made,Man Requests Romantic Comedy Starring Jennifer Aniston,sarcasm
290,monocle-wearing oil baron's cigarette holder splinters in clenched teeth after hearing bernie sanders' environmental platform,Bernie Sanders' Environmental Platform Draws Criticism From Oil Executives,satire
291,Will Ferrell's break-in: charity never looked so criminal.,Will Ferrell Arrested for Breaking into Home in Beverly Hills,satire
292,liberal activists encourage citizens to call their late-night hosts and urge them to oppose tax plan,Liberal Activists Urge Citizens to Contact Late-Night Hosts to Oppose Tax Plan,satire
293,Step 1: Pretend it didn't happen. Step 2: Repeat step 1.,Local Man Repeatedly Denies Sexual Assault Allegations,irony
294,personal assistant called after scary dream,Local Woman Calls Personal Assistant After Nighttime Dream,sarcasm
295,California police chief lashes out at DHS – because cooperation is overrated.,California Police Chief Criticizes Homeland Security Department Over Cooperation,sarcasm
296,pope asks to be taken off list of world's 100 richest people,Pope John Paul II,irony
297,"Oh, a MOOC by another name? How revolutionary—we're all just lining up for more online education.",MOOCs (Massive Open Online Courses) Gain Popularity,sarcasm
298,blood-spattered sarah huckabee sanders holds up huge dismembered penis to prove presidential member completely normal,Sarah Huckabee Sanders Faces Criticism Over White House Press Briefings,satire
299,One year since Harambe? The internet's grief is as fresh as ever. Literally.,Internet Grief Remains Intense One Year After Harambe's Death,overstatement
300,"China as a superpower: everyone's just fine with that, no concerns at all.",China's Rise to Global Superpower Status Sparks Concerns Among Allies,understatement
301,ai scientists theorize existence of numbers greater than 1,Researchers Explore Mathematical Theories on the Existence of Numbers Greater Than 1,irony
302,waitress creeped out by overtipper,Waitress Receives Excessive Tip From Customer,irony
303,name of gay bar should have been clearer,Local Man Criticizes Bar Name for Lack of Clarity,sarcasm
304,"City's brilliant plan: free pot for the poor, what could go wrong?",City Officials Propose Free Pot Program for Homeless Residents,irony
305,russia's power shut off,Russia's Power Grid Faces Severe Disruptions,sarcasm
306,Sen. Mike Lee says Trump is 'fully cooperating.' Because nothing says cooperation like constant stonewalling.,Sen. Mike Lee Criticizes Trump's Handling of Investigations,sarcasm
307,"Writing life: all hugs, peace, and pray—no deadlines, rejections, or existential dread here!",Local Freelance Writer Finds Peaceful Work Environment,sarcasm
308,"A heartfelt letter to the mother of a woman killed by Nazis, how quaint",Mother of Holocaust Victims Writes Heartfelt Letter to Daughter's Killer,sarcasm
309,A parody so accurate it predicts the next four years of presidential comedy.,Satirical Article Mocks Political Comedy and Presidential Rhetoric,overstatement
310,gina haspel nervously rubs lucky prisoner's foot during cia director confirmation hearing,Gina Haspel Testifies Before Senate Intelligence Committee,satire
311,ice cream man hopes scott joplin is in hell,Ice Cream Vendor Expresses Frustration Over Scott Joplin's Death,overstatement
312,A few vaguely helpful pointers that will definitely transform your gym experience from mediocre to slightly less mediocre.,Local Gym Owner Offers Advice on Improving Customer Experience,understatement
313,Unpopular opinion: The SAT is great—said no student ever.,High School Students Criticize SAT as Unfair and Ineffective,satire
314,woman getting stood up on first date got all drunk for nothing,Woman Gets Drunk on First Date After Being Standup-Ed by Man,sarcasm
315,10 grandma lessons that will transform your existence.,Grandmothers Share Life Lessons and Wisdom With Grandchildren,overstatement
316,"Video: #ICantBreathe poem on House floor – because words change everything, right?",House Floor Debate Over #ICantBreathe Poem,rhetorical_question
317,"On Memorial Day, a look inside the lives of U.S. service members in Afghanistan? Perfect way to honor with pretty pictures.",Photoshopped Image Depicts U.S. Soldier in Afghanistan,sarcasm
318,"This group wants to build a giant barrier to pull trash from the Pacific – because walls keep things out, right?",Pacific Garbage Patch Draws Criticism for Environmental Impact,irony
319,home-brewing phase comes to long-overdue conclusion,Local Man Completes 10-Year Home-Brewing Journey,understatement
320,Labels that guilt-trip you about lunch? What could go wrong?,Restaurant Labels Often Use Guilt-Inducing Menu Descriptions to Influence Customers' Dining Decisions,understatement
321,"Lincoln Chafee's poll numbers: zero supporters, a true crowd-pleaser.",Lincoln Chafee Poll Numbers Remain Low Despite Moderate Support,sarcasm
322,kissinger instructs palin on finer points of clandestine carpet bombing,Palin Meets With Kissinger to Discuss Foreign Policy and National Security,satire
323,mcdonnell-douglas unveils new 'gay-dar',Satirical Article Mocks Political Homophobia With Fictional McDonnell Douglas 'Gay-Dar' Program,satire
324,congress spotted leaving gay nightclub,Congressional Members Frequently Attend Gay Nightclubs,sarcasm
325,lucky dead student gets own page in yearbook,Yearbook Features Photo of Dead Student,irony
326,button-up shirt goes on life-changing odyssey around dry cleaner's garment conveyor,Button-Down Shirt Transports Laundry From Dry Cleaner To Customer,overstatement
327,new report finds u.s. employees most engaged at workplace while working as frontman of styx,Report Highlights Employee Engagement and Motivation in Corporate Workplaces,irony
328,"An extra couple million? Clearly, the court system is barely acknowledging his immense financial burden.",Court System Faces Criticism Over Financial Inefficiencies and Overburdened Judges,overstatement
329,"Demi Lovato absolutely slays Adele's 'Hello', a cover for the ages!",Demi Lovato Performs Adele's 'Hello' at Concert,overstatement
330,signed 8x10 of tony danza draws millions to brooklyn dry cleaner,Brooklyn Dry Cleaner Displays Tony Danza Signed Photo,overstatement
331,report: average person spends 27% of lifetime in the way,Report Highlights Common Distractions and Interruptions in Daily Life,understatement
332,Women tech writers abused online; internet remains a safe space for all.,Women Tech Writers Face Harassment and Online Abuse,sarcasm
333,"abortion issue 'most critical of our time,' say tobacco-industry executives",Tobacco Industry Executives Criticize Abortion as a Public Health Issue,satire
334,Your credit card limit affects your job prospects? Totally fair and not weird at all.,Credit Card Limit and Job Prospects,sarcasm
335,Trump's adviser wants to cut NASA's climate funding? Because climate science is a liberal hoax.,Trump Administration Cuts NASA Climate Funding,sarcasm
336,report: tv teens 15 times more likely to crack wise than real teens,Study Finds Teen Television Viewers Frequently Use Fictional Teen Characters to Relate to Real-Life Peers,overstatement
337,convention crowd really hoping bill clinton breaks tension with joke about how terrible he looks,Bill Clinton Delivers Remarks at Democratic National Convention,sarcasm
338,"Oh great, another VA scandal update—because we weren't already impressed with their efficiency.",VA Scandal Updates Highlight Ongoing Oversight Concerns,sarcasm
339,Bernie Sanders to discuss gun law with parents of Aurora shooting victim? What could possibly go wrong?,Bernie Sanders to Discuss Gun Control with Parents of Aurora Shooting Victim,rhetorical_question
340,US considers more war in Yemen: spreading democracy one bomb at a time.,US Military Interventions in Yemen Continue Amid Ongoing Civil War,irony
341,man discovers huge cache of rare fossils while walking through natural history museum,Man Finds Rare Fossils While Visiting Natural History Museum,irony
342,george jefferson honored for black television history month,"George Jefferson, Actor Known for Role in 1970s Television Sitcom 'The Jeffersons,' Dies",satire
343,oscars committee announces plan to shorten ceremony to single-millisecond flash of blinding white light,Oscars Committee Discusses Potential Shortening of Ceremony to Reduce Red Carpet Coverage,overstatement
344,"Britain welcomes ex-president of Maldives with open arms, solving all their problems.",British Prime Minister Visits Maldives to Discuss Economic and Political Cooperation,satire
345,Renaming a building: the simple fix for centuries of racism.,Renaming a Building to Address Historical Racism,understatement
346,'Roots' remake to air Memorial Day weekend. Because what better way to honor veterans than with slavery?,Satirical Article Mocks Memorial Day With Slavery-Themed Roots Remake,sarcasm
347,"5 ways to obsess over your running stats, because who needs hobbies?",Local Man Obsesses Over Running Statistics,sarcasm
348,Drawing your face over and over: a journey to artistic genius or mental breakdown?,Local Artist Draws Face Over and Over to Create Portraits,rhetorical_question
349,kavanaugh starting to get worried about not hearing back after job interview,Kavanaugh Faces Uncertainty Over Supreme Court Nomination,sarcasm
350,dog in purse stares longingly at dog in yard,Dog in purse stands in yard,irony
351,chinese factory workers fear they may never be replaced with machines,Chinese Factory Workers Face Automation and Job Losses,irony
352,"Peanut butter recipes will make your life infinitely better, or at least until you run out of peanut butter.",Peanut Butter Recipes Offer Numerous Health and Culinary Benefits,overstatement
353,trump makes last-minute push to appeal to whites,Trump Campaign Focuses on White Voters in Final Push to Win Electoral College,sarcasm
354,Syrian rebels shell Aleppo after withdrawal – peace is overrated anyway.,"Syrian Rebels Withdraw From Aleppo, Leaving City in Ruins",irony
355,sullen jeff sessions scrolls through minority incarceration statistics to cheer self up,Jeff Sessions Faces Criticism Over Racial Profiling and Minority Incarceration,sarcasm
356,"Debbie Robins de la Bouillerie, who was apparently a big deal, died at 58.",Debbie Robins De La Bouillerie Dies at 58,understatement
357,"Judge says Trump's comments didn't influence the case. Because clearly, the President's words have no power.",Trump's Comments on Russia Investigation Do Not Influence Case,irony
358,last beer in six pack drunk with plastic rings still attached,Man Finds Last Beer in Six-Pack at Local Bar,understatement
359,"despite claims, long story not made short",Local Man Repeatedly Shares Long Story About His Life Despite Requesting Short Updates,irony
360,new altar boy clearly not ready for spotlight of 10 a.m. sunday mass,Young Altar Boy Attends 10 A.M. Sunday Mass,sarcasm
361,Watch Vin Diesel say 'I am Groot' in different languages – because his range is truly breathtaking.,Vin Diesel Performs Groot in Various Languages,sarcasm
362,"'depot buys max,' nation's office-supply-loving teens text frantically to one another",Teenagers Text Friends to Buy Office Supplies,satire
363,A patriotic neighbor: someone who reports your every move to authorities for the love of country.,Local Man's Vigilant Neighborhood Watch Activism Draws Criticism,satire
364,Who wouldn't want to experience the sheer joy of having a miscarriage?,Woman Experiences Miscarriage,rhetorical_question
365,blagojevich just getting started,Illinois Governor Rod Blagojevich Faces Criminal Charges,sarcasm
366,Why are Muslim kids scared? Could it be the pervasive atmosphere of tolerance?,Muslim Children Face Harassment and Bullying in Schools,rhetorical_question
367,djimon hounsou to play every african in the world,Djimon Hounsou to Star in New Film Featuring African Actors,overstatement
368,climate experts say only hope for saving planet lies with people who save napkins from takeout order,Climate Experts Urge Public to Reduce Single-Use Napkin Consumption,irony
369,20 funny tweets from women: prepare to mildly chuckle.,Women Share Humorous Tweets on Twitter,understatement
370,fleshlighthouse guides weary sailors home to realistic vaginal texture,Satirical Article Imagines Fictional Lighthouse Guiding Sailors Home,satire
371,apathy outpacing lust as leading u.s. state of mind,U.S. Public Apathy and Disengagement Rise Amid Economic and Political Turmoil,irony
372,rumsfeld makes jerk-off motions as powell speaks at cabinet meeting,Rumsfeld Makes Hand Gesture During Powell's Speech at Cabinet Meeting,sarcasm
373,"The Vergara era, part 1: how we got here. Spoiler: it was definitely not a coup.",Vergara Era Marks 10th Anniversary of Emmy-Winning Actress's Career,irony
374,"rare species of frog may hold cure to...ah, never mind, it's extinct",Extinct Species of Frog Found in Remote Amazon Rainforest,irony
375,"Taylor Swift covers a classic and angers fans, as if we didn't see that coming.",Taylor Swift Covers Classic Song at Nashville Concert,sarcasm
376,"UFOs at Loch Ness: finally, aliens confirm Nessie's existence.",Satirical Article Claims Aliens Confirmed Loch Ness Monster's Existence,irony
377,new york's finest protect new york's richest,New York City Police Department Maintains High Level of Security for Wealthy Residents,irony
378,Are there tears in your popcorn? Only if you're emotionally weak.,Popcorn Popper,rhetorical_question
379,"Stephen Colbert shreds Bill O'Reilly—finally, someone speaks for the landfill.",Stephen Colbert Criticizes Bill O'Reilly's Racist Remarks,satire
380,skittles unveils new liqui-gels for fast-acting fruity flavor,Skittles Introduces New Liqui-Gel Flavor,satire
381,"Steve Wilson on 'The Making of Gone with the Wind' – let's celebrate this flawless masterpiece, shall we?",Steve Wilson Discusses 'Gone With The Wind' on 2010 PBS Documentary,satire
382,even business card trying too hard,"Business Card Features Bold, Colorful Design",sarcasm
383,japan spotted hovering over algeria,Satirical Article Imagines Japan's Military Deployed to Algeria,overstatement
384,white house begins christmas season with ceremonial lighting of cross,White House Christmas Decorations Begin,irony
385,Statehouse interns enjoy unique harassment vulnerability as part of their internship perks.,Statehouse Interns Report Harassment and Workplace Insecurity,irony
386,putting ice cream in bowl momentarily considered,Local Man Considers Adding Ice Cream to Bowl,understatement
387,Dick Cheney would torture again: Because nothing says human rights like a good old waterboarding session.,Dick Cheney Faces Criticism Over Alleged Torture Practices,sarcasm
388,10 stress-free suppers for the entire family: if your family enjoys charcoal.,Charcoal Grill Offers Affordable Supper Options for Families,understatement
389,What Obamacare's successes should tell us about its failures? Does it even matter in politics?,Healthcare Reform Efforts Face Criticism Over Implementation and Political Inefficacy,rhetorical_question
390,"Redditors reimagine a Donald Trump White House, and it's 'not pretty' – if by 'not pretty' you mean apocalyptic.","Redditors Reimagine Donald Trump White House as a Futuristic, Apocalyptic Dystopia",understatement
391,americans hopeful this will be last mass shooting before they stop on their own for no reason,Americans Express Concern Over Rising Gun Violence and Gun Control,sarcasm
392,Breadwinner mommies: are you failing? Probably.,Breadwinner Mothers Face Financial Challenges,sarcasm
393,MLK's turbulent last year makes our problems look like minor inconveniences.,Civil Rights Leader Martin Luther King Jr. Dies at 39,overstatement
394,"Barneys pays $525,000 to settle allegations of racial profiling: a truly staggering sum that will definitely change systemic bias.",Barneys Fashion Store Faces Criticism Over Alleged Racial Profiling,sarcasm
395,"Climate change threatens the newest prescription for children: time outdoors? Great, so we'll just medicate with more screen time.",Satirical Article Critiques Overreliance on Screen Time for Children's Outdoor Health,irony
396,Trevor Noah's mind-blowing theory about Sean Hannity: water is wet.,Trevor Noah Discusses Sean Hannity's Political Views,sarcasm
397,radio dj invites whole town to some bullshit,Local Radio DJ Hosts Community Event,sarcasm
398,mohawked rex tillerson warns u.s. democracy threatened by plutocratic fascist pigs fucking over the working man,Rex Tillerson's Foreign Policy Views Criticized for Disregard of Working-Class Interests,sarcasm
399,"agile, dynamic company able to respond to any challenge by laying off half of staff",Agile Companies Frequently Lay Off Employees to Maintain Operational Efficiency,sarcasm
400,white to attend boat show,White Man Attends Boat Show,irony
401,sexually awakened peta president announces that being kept in a tiny cage all day actually sounds hot as hell,PETA President Inaugurates New Era of Animal Rights Advocacy,satire
402,U.S. consuls already have tools to discriminate in visas? How impartial of them.,U.S. Consuls Reportedly Discriminate Against Foreign Nationals in Visa Applications,sarcasm
403,"Thomas Pogge allegedly harmed Yale's philosophy department, which was previously a beacon of harmony.",Thomas Pogge Criticized for Disrupting Yale Philosophy Department,irony
404,"Test your news knowledge with a quiz, because who needs to actually read news?",Local Newspaper Launches Online News Quiz to Engage Readers,understatement
405,Robin Hood Foundation. Stealing from the rich to give to the poor? How utterly original and never controversial.,Robin Hood Foundation Announces New Charity Program to Distribute Wealth to Low-Income Families,irony
406,4 bold lip looks for spring: because why blend in when you can blind someone?,Four Bold Lip Colors Featured in Spring Fashion Trends,sarcasm
407,Bernie Sanders declares $15 minimum wage 'not radical' in latest attempt to sound relatable.,Bernie Sanders Announces $15 Minimum Wage as Key Economic Policy Proposal,sarcasm
408,couple wouldn't have stayed in loveless marriage if they knew that's how kid would turn out,Local Couple Remains in Marriage Despite Concerns Over Child's Future,sarcasm
409,alcoholic parent easy to shop for,Parents Often Make It Difficult for Children to Shop for Food and Supplies,understatement
410,Ben Carson bizarrely attacks CNN host – because reasoned debate is overrated.,Ben Carson Criticizes CNN Host Over Debate Format,sarcasm
411,"Your favorite childhood shows: the ones that were actually terrible, and you were too young to know.",Childhood Favorites Include Classic Shows Like 'The Flintstones' and 'The Jetsons',satire
412,sex shop bathroom key attached to 18-inch double dildo,Sex Shop Bathroom Key Attached to Dildo,overstatement
413,new candy to hum and glow in mouths,New Candy Features Glow-in-the-Dark Flavor,overstatement
414,"you can hold snake, owner reports",Local Man Holds Snake in Hand,understatement
415,"Donald Trump, noted champion of Latino Americans, has graciously agreed to an interview with Univision's Jorge Ramos. How magnanimous.",Univision Interviews Donald Trump,sarcasm
416,May's monumental challenge: just another day for a PM.,May Faces Ongoing Challenges in Prime Ministerial Role,irony
417,"MSNBC pledges diversity after Cinco de Mayo disaster, proving they're learning.",MSNBC Pledges Diversity and Inclusion Following Cinco de Mayo Controversy,satire
418,bangladesh runs out of people,Bangladesh Faces Severe Labor Shortage,overstatement
419,Tom Hanks in a musicless video is oddly watchable – who needs songs?,Tom Hanks Appears in Music Video for 'The Blues Brothers',irony
420,dead facebook friend from high school still has cartman profile picture,Facebook Profile Picture Still Displays Cartman's Image From High School,satire
421,Happy Mother's Day to moms fighting for trans students: activism is the best gift,Mother's Day Celebrations Highlight Motherhood and Family Support for Trans Students,satire
422,"Wealthy donors declare that voters are irrelevant in elections, because democracy is overrated.",Wealthy Donors Criticize Voter Turnout and Political Engagement,satire
423,commuter playing some sort of alphabet sudoku,Commuter Solves Sudoku Puzzle on Train,satire
424,"green energy scientists unveil 800,000-ton potato capable of powering entire city",Satirical Article Imagines Large Potato as Potential Green Energy Source,overstatement
425,adjusting several sliders on recording studio's mixing console pays off big time,Recording Studio Mixing Engineer Adjusts Sliders to Optimize Sound Quality,overstatement
426,"What about Libya? Oh right, we only care when it's convenient.",Libya's Ongoing Political Instability and Human Rights Concerns Draw International Attention,rhetorical_question
427,"obama throws small business owner into seat, tells him to just smile and keep his fucking mouth shut",Obama Appoints Small Business Owner to Cabinet Position,sarcasm
428,offbeat congressman having trouble finding committee to fit into,Congressman Faces Challenges Finding Committee Assignments,irony
429,movie deemed acceptable for mom and dad,Local Couple Approves Teen Movie for Family Viewing,understatement
430,12% of federal government that's currently functioning to shut down,Federal Government Shutdown Continues Amid Disagreements Over Budget and Spending,irony
431,"Two Heroes Wield Lightsabers Against Fireworks, Save the Day",Fireworks Display Ignites Fire in Downtown Chicago,overstatement
432,heroic police officer talks man down from edge of purchasing subway footlong sweet onion chicken teriyaki,Police Officer Discovers Man's Desire to Purchase Subway Sandwich,satire
433,man needs emotional support only a woman can feign,Local Man Seeks Emotional Support From Female Friends,sarcasm
434,David Beckham stared at a camera? This changes everything we thought we knew about soccer.,David Beckham's Career and Public Image,overstatement
435,4-year-old reportedly loved trip to italy,Four-Year-Old Boy Visits Italy With Parents,sarcasm
436,"Mind-blowing, earth-shattering gun ad by Brian Kemp that totally didn't backfire at all",Satirical Article Mocks Georgia Governor Brian Kemp's Gun Ad Campaign,overstatement
437,Fuller House to explain Olsen twins' absence with a heartfelt 'they're too busy being rich' – so original.,Fuller House to Address Olsen Twins' Absence in New Season,satire
438,"Groundbreaking science reveals that celebrities, like Ryan Lochte, are prone to fibbing – shocker!",Satirical Article Claims Celebrities Frequently Lie About Their Fitness and Athletic Performance,overstatement
439,"Firefighter who took in friend's 6 kids after he died on 9/11 gets best Father's Day gift ever. Because family is all about convenience, not tragedy.",Firefighter Receives Father's Day Gift From Family After Friend's Death,irony
440,Ted Cruz hits the panic button: 'We could lose both houses' – as if that's a bad thing.,Ted Cruz Campaigns for Senate Majority in Texas,satire
441,James Clapper says institutions under assault: from the administration that thinks truth is optional.,James Clapper Testifies Before Congress on Intelligence Oversight,irony
442,Best Low-Calorie Mixers: For When You Sacrifice Taste for Health,Low-Calorie Mixers for Health-Conscious Consumers,understatement
443,podcaster makes solemn promise to improve sound quality next episode,Podcaster Promises Improved Audio Quality for Upcoming Episode,irony
444,The Atheist and the Nun: Can They Agree on Anything?,Atheist and Catholic Nun Discuss Religious Differences,rhetorical_question
445,lab partner wants to be sex partner,University of Michigan Lab Partner Requests Sexual Relationship With Colleague,sarcasm
446,Therapies for insomnia? Because sleeping is so overrated.,Insomnia Treatment Options Include Cognitive Behavioral Therapy and Relaxation Techniques,overstatement
447,Charles Barkley's scooter skills: a masterclass in athletic grace that left Georgia State's coach in utter awe.,Charles Barkley's Athletic Skills and Personality Drawn to Georgia State,overstatement
448,Adventures in our own backyard – exploring the wild frontiers of the backyard shed.,Local Man Explores Backyard Shed,understatement
449,6 things millennials should do before buying a house: 1. Win the lottery 2. Inherit wealth...,Millennials Face Financial Challenges When Buying First Home,overstatement
450,omarosa searches through tapes of everyone else in white house using n-word for one of trump,Omarosa Manigault Newman Searches White House Tapes for Evidence of Trump's Behavior,sarcasm
451,"gwyneth paltrow reveals secret to her healthy, radiant skin eating 20 pounds of kielbasa a day",Gwyneth Paltrow Discusses Diet and Lifestyle Habits for Healthy Skin,overstatement
452,personal life a total waste of time,Local Man Says Personal Life Is Unproductive,understatement
453,U.S. bobsled team honors Steven Holcomb by risking their lives on ice—what a tribute!,U.S. Bobsled Team Competes in Winter Olympics,overstatement
454,You don't need to live in California to create this Venice Beach-inspired living room. Just pretend you're not in a suburb.,California Homeowners Create Venice Beach-Inspired Living Room,sarcasm
455,"Another day, another life lost in the conflict. How routine.",U.S. Military Casualties Rise in Afghanistan Amid Ongoing Conflict,irony
456,"A carefully crafted policy announcement that achieved total, complete success",Satirical Article Mocks Corporate Policy Announcements With Fictional Success Story,sarcasm
457,inside: the fetish photography of german chancellor helmut kohl,German Chancellor Helmut Kohl Photographed,satire
458,gay rights leader lookin' good,Gay Rights Leader Poses for Photo,sarcasm
459,teacher's lounge the site of 5 separate emotional breakdowns today,Teacher's Lounge Sees Five Separate Breakdowns Today,overstatement
460,Where have all the children gone? Probably to the same place as common sense in this headline.,Local Parents Express Frustration Over Declining School Attendance,rhetorical_question
461,kim jong-un's wife on nuclear threats: 'this isn't the man i was forced to marry',Kim Jong Un's Wife Criticizes Husband's Nuclear Threats,satire
462,Tearful Salma Hayek at a loss for words? Over Manchester attack? How profound.,Salma Hayek Addresses Manchester Arena Bombing,irony
463,area man settled for,Local Man Reports Disappointment After Expecting Romantic Dinner,understatement
464,cannibal corpse blasting from papal apartment window,Papal Apartment Window Blinds Open to Displaying Cannibalistic Image,sarcasm
465,Boehner's political analysis: 'nutso'. Deep stuff.,Boehner Criticizes Political Polarization and Political Gridlock,satire
466,"American Richard Thaler wins Nobel Economics prize. Shocking, an American wins.",Nobel Prize in Economics Awarded to Richard Thaler,understatement
467,"Indicted for hipster glasses? Finally, a crime wave we can all get behind.",Local Man Indicted for Theft of Prescription Glasses,overstatement
468,bin laden vineyard falling into disrepair,Satirical Article Imagines Bin Laden Vineyard Falling Into Disrepair,irony
469,no one in gang has heart to tell police informant his cover's blown,Police Informant's Cover Blown,irony
470,new mountain dew vows to kill 99.9% of stomach bacteria,Mountain Dew Launches New Marketing Campaign to Promote Health Benefits,satire
471,same jumbotron used for marriage proposal used to ask for divorce,Marriage Proposal Broadcasts Divorce Announcement on Jumbotron,irony
472,usps unveils new line of commemorative prince-inspired postal workers,USPS Announces New Postal Worker Uniforms Featuring Prince-Inspired Designs,satire
473,"american public clarifies rational, measured response to this terror threat doesn't preclude panicked overreaction in future",American Public Expresses Concerns Over Terror Threats Amid Ongoing Security Concerns,sarcasm
474,"Even more executives come forward to defend LGBT rights, because corporations are so progressive.",Corporate Executives Defend LGBT Rights Amid Public Scrutiny,irony
475,white castle crave case handcuffed to wrist,White Castle Crave Case Features Handcuffed Crave Box,satire
476,trump boys proud after mailing in hand-drawn republican ballots to north pole,Trump Brothers Mail Hand-Drawn Republican Ballots to North Pole,satire
477,"OMG, Duchess of Cambridge on Vogue cover, because royal fashion is crucial news",Duchess of Cambridge Covers Vogue Magazine,sarcasm
478,"Moving forward from Charlottesville: just a casual, nationwide pivot away from literal fascism. No biggie.",Charlottesville Unrest Highlights Growing National Tensions Over Racial and Political Polarization,sarcasm
479,yeti releases abdominable crunch workout video,Yeti Launches New Abdominable Crunch Workout Video,satire
480,Kids changed you forever? Like that time they drew on the walls with permanent marker.,Parents Reflect on How Children's Messes Shape Parental Attitudes,overstatement
481,Is Failure Not an Option in the Iran Deal? Seriously?,Iranian Officials Reaffirm Commitment to Nuclear Disarmament,rhetorical_question
482,woman assaulted by celebrity just needs to sit tight for 40 years until dozens more women corroborate story,Woman Claims Celebrity Assaulted Her,sarcasm
483,Cultural exchange with Russia during frost? Great timing.,U.S. Officials Discuss Diplomatic Relations With Russia,irony
484,"Is the media selling or telling in Gaza's war? A question with a clear, unbiased answer.",Gaza Conflict Highlights Media Bias in Reporting on Conflict,rhetorical_question
485,"singer cites girlfriend as reason he lives, dies, breaks down, cries",Singer Cites Girlfriend as Reason for Emotional Breakdowns,overstatement
486,Photographer Creates 'Awesomely Surreal' Pics of His Son: Because Normal Childhood Photos Are So Boring,Father Takes Son on Family Vacation to Capture Unconventional Childhood Photos,irony
487,3 simple tai chi moves to erase all holiday family drama—guaranteed or your money back.,Local Man Offers Holiday Family Drama Erasers With Tai Chi Moves,overstatement
488,cherokee nation leader announces 32 red a winner,Cherokee Nation Leader Announces Winner of Red Ribbon Competition,sarcasm
489,sessions vows to protect all deeply held religious bigotry,Attorney General Jeff Sessions Vows to Defend Religious Freedom of Americans,sarcasm
490,paul ryan slits auto mechanic's throat to kick off gop purge of working class,Paul Ryan's Political Agenda and Economic Policies Draw Criticism From Working-Class Voters,sarcasm
491,nation exhibits strange preoccupation with manner in which food is processed,Americans Express Concern Over Food Safety and Labeling,sarcasm
492,How two parents 'home-schooled' their kids by shackling them. Innovative parenting at its finest.,Two Parents Home-School Their Children,irony
493,report: you're far too dumb to be reading the mueller report yourself,Special Counsel Robert Mueller Releases Report on Russian Election Interference,sarcasm
494,concerned text from mom ​gleefully ​mocked like ramblings of village idiot,Mother's Concerned Text Mocked by Family Members,sarcasm
495,report: much of u.s. still underpaved,Report Highlights Widespread Pothole and Poor Road Conditions Across U.S.,understatement
496,self-defense instructor keeps a couple of secrets to himself,Self-Defense Instructor Maintains Confidentiality Regarding Student Safety Concerns,understatement
497,man born to party dies partying,Local Man Dies After Drinking Excessive Amount of Alcohol,overstatement
498,small town beginning to wonder what taking heroin epidemic so long to get there,Small Town Struggles With Ongoing Heroin Epidemic,irony
499,area throat-clearer to go see movie,Local Man Plans to Attend Movie After Throat-Clearing Session,irony
500,"Texas deputy victim of 'cold-blooded' gas station attack, because who needs safety when refueling?",Texas Deputy Shot in Gas Station Attack,irony
501,campaign adviser recommends throwing old blanket over romney for debates,Romney Campaign Adviser Recommends Using Old Blanket for Debate,satire
502,Check out these exhausted Olympians at the end of the decathlon. They look fresh.,Olympic Decathlon Athletes Finish Event,understatement
503,"HuffPost Rise: Your essential guide for February 15, a date that changes everything.",HuffPost Launches New Website,overstatement
504,nation's ivy leaguers share hearty laugh that dartmouth grad thinks she can talk shit on anyone,Ivy League Grad Shares Laughter With Fellow Students,sarcasm
505,"This year's flu season is so apocalyptic, it's already RSVPing to your funeral.",CDC Warns of Severe Flu Season Ahead,overstatement
506,"Pope to address Congress on morality, they'll listen intently.",Pope John Paul II Addresses Congress on Moral Issues,irony
507,Arizona Republicans want to prosecute protesters like terrorists – peaceful protest is so violent.,Arizona Republicans Criticize Protesters for Violence,sarcasm
508,41 photos of presidential pets over time? The ultimate historical document for pet lovers.,Satirical Article Mocks Presidential Pet Photos With Fictional Collection,satire
509,white house graciously accepts saudi prince's thank-you gift of severed yemeni head,White House Accepts Saudi Prince's Gift of Yemeni Head,sarcasm
510,Revenge via Snapchat? Because nothing says justice like filtered selfies.,Snapchat Users Share Self-Deprecating Photos to Mock Victims,satire
511,Will robotics breed a new generation of super professionals? Or just a new generation of unemployed philosophers?,Robotics Industry Faces Criticism Over Job Displacement and Lack of Career Advancement Opportunities,rhetorical_question
512,world's oldest woman just pleased every other human on earth when she was born now dead,"World's Oldest Woman, Agnes Denat, Dies at 116",irony
513,"Scientists reveal the secret to charisma: be yourself, smile, and don't be boring—revolutionary.",Researchers Suggest Authenticity and Confidence Are Key to Charisma,overstatement
514,supreme court justices brought to tears by heartfelt testimony of bigot who hates gay people,Supreme Court Justice John Paul Stevens Testifies Before Congress,irony
515,Mnuchin touts Trump's call for unconstitutional veto – democracy is so last season.,Mnuchin Defends Trump's Executive Actions Amid Constitutional Concerns,irony
516,"Scott Walker works wonders on job numbers, unemployment vanishes magically.",Scott Walker's Economic Policies and Job Creation Record,sarcasm
517,Firefighters are overjoyed to rescue a dozen police officers from an elevator – thank goodness for that break from doughnut duty.,Police Officers Rescued From Elevator During Fire,sarcasm
518,"Oh, let's all be thrilled to learn how 'Serial' was made, because who doesn't love endless true crime podcasts?",Serial's Success Highlights Growing Public Interest in True Crime Podcasts,sarcasm
519,Oops: hot mic catches Al Roker going to the bathroom – the scandal of the century!,Al Roker Accidentally Goes to Bathroom During Live Broadcast,understatement
520,"A new joint message from the Kremlin and Trump admin – the dynamic duo of democracy, I'm sure.",Kremlin and Trump Administration Maintain Diplomatic Ties Despite Political Differences,sarcasm
521,"My battle with depression and anxiety: it's not so bad, really.",Local Man Shares Personal Struggles With Depression and Anxiety,understatement
522,"Gene Simmons, the epitome of rock 'n' roll, tells aspiring musicians to abandon dreams and get a real job. Rock on!",Gene Simmons Offers Advice to Aspiring Musicians,sarcasm
523,"Whiteness History Month causes controversy? I'm shocked, because history months are always so unifying.",Whiteness History Month Sparks Debate Over Representation and Cultural Sensitivity,sarcasm
524,McDonald's uses bachata princess to target Hispanics – because nothing says 'authentic' like corporate music.,McDonald's Launches Marketing Campaign Featuring Bachata Princess to Target Hispanic Consumers,satire
525,"A 'Married... with Children' spinoff is happening, finally bringing quality television back.",Fox Announces 'Married... With Children' Spinoff Series,overstatement
526,"Chronic stress creates hormonal havoc: just a little stress, no big impact on health.",Chronic Stress Linked to Hormonal Imbalance and Health Risks,understatement
527,"Voting in Myanmar's first free election in 25 years, let's see if it's actually free this time.",Myanmar Holds First Free Elections in 25 Years,irony
528,A baby and a dog sit for photos monthly for two years. This isn't adorable; this is a commitment to content farming of epic proportions.,Local Couple Consistently Posts Photoshopped Images of Baby and Dog on Social Media,overstatement
529,"Well, that protest really brought people together, didn't it?",Protesters Rally in Support of LGBTQ+ Rights,irony
530,"When Trump goes low, Latinos go high – except when they're being deported, then they're just trying to survive.",Trump's Immigration Policies Draw Criticism From Latino Communities,irony
531,Lisa Bloom planned to discredit accusers: defending the indefensible since forever,Lisa Bloom Defends Accusers Amid Sexual Harassment Allegations,sarcasm
532,Melania Trump mocked for teaching kids digital responsibility? She's clearly the moral compass we all need.,Melania Trump's Role in Teaching Children Digital Responsibility Draws Criticism,sarcasm
533,third knocked-over glass of water makes man want to give up,Local Man Overwhelmed by Daily Water Bottle Overload,overstatement
534,gop convention to feature strong lineup of conservative women listeners,GOP Convention to Feature Strong Lineup of Conservative Women Attendees,sarcasm
535,Protesters swarm ICE HQ after raids – because what better way to solve immigration issues than with more enforcement?,Immigration Enforcement Raids Draw Large Protests,irony
536,Trusting in grace? In this economy? How quaint.,Economic Hardship and Financial Stress Rise Amid Global Recession,rhetorical_question
537,One local election will definitively reshape the entire political cosmos for the GOP. No exaggeration here.,GOP Candidates Compete for Control of House of Representatives,overstatement
538,fourth-grade teacher polishing up speech on this not being third grade anymore,Fourth-Grade Teacher Prepares Speech for Class,irony
539,"Betsy DeVos, the epitome of clarity, struggles to explain her own rules.",Education Secretary Betsy DeVos Faces Criticism Over Implementation of School Choice Policies,sarcasm
540,"Delta Airlines celebrates first black female captain, tokenism much?",Delta Airlines Announces First Female Captain,sarcasm
541,"gm workers strike for 2,000-peso raise",GM Workers Strike Over Wage Increase,irony
542,angelina jolie stuns in first rollerblading competition since double mastectomy,Angelina Jolie Participates in Rollerblading Competition,irony
543,fashion industry pretends to care about plus-size models,Fashion Industry Criticized for Lack of Representation and Inclusivity,sarcasm
544,clinton campaign airlifts 200 crates of volunteers to wisconsin headquarters,Clinton Campaign Airlifts Volunteers to Wisconsin Headquarters,overstatement
545,henry rollins laboriously explains why buying organic is punk rock,Henry Rollins Discusses Organic Food and Health at Portland Food Festival,satire
546,ryan zinke calls for legislation to slow down destruction of wildlife so he can truly savor every minute of it,Ryan Zinke Calls for Legislation to Protect Wildlife,sarcasm
547,bertolli packaging promises empty ravioli floating in filling-saturated water in just 5 minutes,Bertolli Packaging Features Ravioli Floating in Water,sarcasm
548,Caitlyn Jenner gets candid with Diane Sawyer again – because the world needs more celebrity confessions.,Caitlyn Jenner Discusses Personal Life and Career With Diane Sawyer,satire
549,republicans give in right before obamacare would have been repealed,Republicans Fail to Pass Healthcare Repeal Bill,irony
550,fbi releases list of criminals it in no particular rush to track down,FBI Releases List of Suspects in Major Federal Crimes,sarcasm
551,"HuffPollster: Republican women really don't like Trump: They're mildly uncomfortable, but hey, party loyalty comes first, right?",HuffPollster: Republican Women Report Mild Discomfort With Trump's Policies,understatement
552,Sharing dreams is important? To your Instagram followers?,Instagram Users Share Personal Dreams to Attract Followers,rhetorical_question
553,desperate u.s. colleges weigh emergency bob marley legend ban,U.S. Colleges Face Criticism Over Bob Marley's Legacy and Cultural Appropriation,overstatement
554,peter strzok summoned before congress again for texts calling trey gowdy 'a pissy little shithead',Peter Strzok Testifies Before Congress Regarding FBI Texts Regarding NFL Player Trey Gowdy,sarcasm
555,$5 million bounty placed on recession,Bureau of Labor Statistics Reports Declining U.S. Economic Growth,overstatement
556,mass grave blasted for lack of diversity,Mass Grave Found in Rural Pennsylvania,satire
557,"new york family man latest victim of nation's misguided war on tax evasion, perjury, campaign finance violations",New York Family Faces Tax Evasion Charges,satire
558,"Election cycle so terrifying, haunted houses now include voter fraud simulations",Voter Fraud Concerns Rise as Election Season Approaches,overstatement
559,"Donors giving to Orlando victims' fund at a record rate—because in times of tragedy, generosity always shines through... right?",Donations to Orlando Victims' Fund Surge Following Mass Shooting,irony
560,"papal apartments found filled with old newspapers, empty pill bottles, mangy cats",Papal Apartments Found to Be Overcrowded and Unsanitary,satire
561,Kids sue government over climate change: since when do children have rights?,Children Sue Government Over Climate Change,rhetorical_question
562,"Texas leads the abortion限制 charge, a shining model for the nation.",Texas Leads National Trend in Restrictive Abortion Laws,sarcasm
563,Kate Middleton battles a disease that leaves you feeling lost and alone—because royalty isn't all glamour.,Kate Middleton Faces Challenges of Royal Life,irony
564,A flawless display of harmony that makes every divorced family feel inadequate and inspired.,Divorced Families Report Increased Motivation and Productivity After Separation,irony
565,job placement service helps students who fail out of dad's alma mater find work at dad's company,Job Placement Service Helps Students Find Employment at Local Companies,satire
566,"Schock faces scrutiny nationwide, but his home district is just bursting with pride for their scandal-prone rep.",Rep. John Schock Faces Scrutiny Over Alleged Misconduct,sarcasm
567,"The worst place for a child? Anywhere without Wi-Fi, obviously.",Parents Express Concerns Over Children's Exposure to Screen Time,overstatement
568,'what if no one travels anywhere ever again?' wonders panicked transportation secretary,Transportation Secretary Announces Plan to Reduce U.S. Travel,rhetorical_question
569,john kerry actually pretty good at windsurfing now,John Kerry Windsurfing,understatement
570,"Diabetes rates may be leveling off, so we can all breathe easy now.",Diabetes Rates Remain High Despite Advances in Treatment and Prevention,understatement
571,who's this little guy?,Local Man Photographs Small Dog in Park,rhetorical_question
572,Discover the 5 napping myths you've fallen for – because who doesn't love a good nap-scare?,Satirical Article Mocks Common Napping Myths With Fictional Scare Tactics,satire
573,mom thinks you'd enjoy restaurant she can't remember name of right now,Mother Recommends Restaurant to Teenage Son,understatement
574,tank rolls by living room window,Tank Rolls By House Window,irony
575,37 separate aneurysms on verge of rupturing inside reince priebus' brain,Reince Priebus Faces Criticism Over Handling of White House Staff,overstatement
576,"Amazon shelves the series before it begins, because why take risks on sci-fi?",Amazon Shelves 'The Expanse' Series Before It Begins,sarcasm
577,"This country's capital just made it punishable to catcall women – finally, a law against 'compliments'.",Satirical Article Critiques Sexual Harassment Laws in the United States,sarcasm
578,"Channing Tatum teases Gambit with vague hype – because we all trust superhero movie promises, right?",Channing Tatum Promotes Gambit in New Trailer,sarcasm
579,woman digs excitedly into ingrown hair around bikini line like grave robber pillaging spoils of the dead,Woman Removes Ingrown Hair Using Tweezers,overstatement
580,Inclusion riders for all films: Affleck and Damon's fix for Hollywood,Ben Affleck and Matt Damon Discuss Inclusion Riders in Hollywood,sarcasm
581,gallant amazon user heroically defends 'fringe' season 2 box set from negative reviewers,Amazon User Defends Fringe Season 2 Box Set Despite Negative Reviews,sarcasm
582,"Matt Bomer, Zachary Quinto prep 'Boys in the Band' for Broadway. Another reboot, how original.",Matt Bomer and Zachary Quinto to Star in Broadway Revival of 'Boys in the Band',sarcasm
583,bush dies peacefully in his sleep,President George H.W. Bush Dies in Texas,understatement
584,thursday cry moved up to wednesday due to scheduling conflict,Local Man Moves Thursday's Cry to Wednesday Due to Scheduling Conflict,irony
585,brad pitt bored with sight of jennifer aniston's naked body,Brad Pitt and Jennifer Aniston Reportedly Have Different Views on Celebrity Body Types,sarcasm
586,deadlocked supreme court: 'someone's voting twice',Supreme Court Deadlocks on Key Cases,rhetorical_question
587,mark zuckerberg defends decision to fly confederate flag at facebook headquarters,Facebook CEO Mark Zuckerberg Defends Confederate Flag Display at Headquarters,sarcasm
588,new pepsi negative-220 burns twice the calories it contains,Pepsi Launches New Negative-220 Energy Drink,overstatement
589,nra criticizes video game makers for downplaying portrayal of euphoric rush felt watching light leave enemy's eyes,NRA Criticizes Video Game Violence,satire
590,flea market vendor could possibly let unidentifiable lump go for $15,Flea Market Vendor Offers Unidentified Item for $15,irony
591,Plane diverted because Ebola virus reclined its seat—the ultimate in in-flight terror.,Ebola Outbreak in West Africa Raises Concerns Over Air Travel,overstatement
592,fox cancels apatow's 40-year-old virgin,Fox Cancels Apatow's 40-Year-Old Virgin,satire
593,White House creates more problems – innovative problem-making at its finest.,White House Officials Face Criticism Over Ineffective Policy Implementation,satire
594,Twitter bad for language? Study says no—because emojis and hashtags are the height of eloquence.,Study Finds Twitter Users Frequently Use Emojis and Hashtags to Express Emotions,irony
595,kids in bus accident mocked by kids in passing bus,Bus Accident Leaves Two Children Injured,irony
596,"Bill de Blasio, Adam Smith and the living wage movement, proving that economic theories are best discussed over coffee.",Bill de Blasio and Adam Smith Discuss Economic Theories Over Coffee,irony
597,"Police arrest suspects in Brazil—a rare feat, considering the usual chaos.",Brazilian Police Arrest Suspects in Rio de Janeiro,irony
598,Collective impact? As if communities can work together.,Local Residents Express Skepticism Over Community Efforts to Address Ongoing Issues,sarcasm
599,"Cooking off the cuff: mushrooms make the meatloaf (duck doesn't hurt either), because why use one expensive, unusual protein when you can use two?",Local Chef Combines Mushrooms and Duck in Meatloaf Recipe,rhetorical_question
600,pete buttigieg releases comprehensive list of fun personality quirks to include in articles about him,Pete Buttigieg Releases Personal Profile to Enhance Media Coverage,sarcasm
601,every picture on man's tinder clearly from same event where he dressed up,Local Man's Tinder Profile Features Photos of Same Event,irony
602,Top 10 workout songs: because nothing boosts your cardio like a carefully curated Spotify playlist.,Spotify Users Share Top Workout Songs for Cardio Fitness,understatement
603,"Earth without the moon: darker nights, no tides, werewolves jobless.",Satirical Article Imagines Earth Without the Moon,satire
604,"Reply all email creates havoc: a digital tsunami that drowns Case Western students in pure, unadulterated spam.",Reply All Email Floods Case Western Reserve University Students,overstatement
605,Sikh student shot dead: just another Tuesday in America.,"Sikh Student Killed in Shooting at University of California, Berkeley",understatement
606,court takes custody of harley from unfit motorcycle mama,Court Takes Custody of Harley from Unfit Motorcycle Mother,sarcasm
607,guinea pig returned for store credit,Customer Returns Guinea Pig to Pet Store for Credit,irony
608,engineers still unable to produce styrofoam cup without little center nub sticking out from bottom,Engineers Investigate Why Styrofoam Cups Often Have Center Nubs,overstatement
609,actor-comedian pauly shore bad at 32,Pauly Shore Turns 32,sarcasm
610,mom keeps sending newspaper clippings about former classmates who have been murdered,Mother Sends Newspaper Clippings About Classmates Who Died in Murder Cases,irony
611,new archie graphic novel explores rich inner life of jughead,New Archie Comics Graphic Novel Explores Jughead's Inner Life,satire
612,"cow ted cruz milking in wisconsin photo op only giving curdled, foul liquid",Ted Cruz Campaigns in Wisconsin,satire
613,"Christophe Michalak: pastry superhero, saving the world one dessert at a time.",French Pastry Chef Christophe Michalak,understatement
614,Coming Soon: A New 'Fraggle Rock' Movie: A Truly Groundbreaking and Necessary Piece of Modern Cinema,"Fraggle Rock Movie Announced, Scheduled for Release in 2024",satire
615,enormous grace slick threatens california coastline,California Coastline Features Numerous Secluded Beaches,overstatement
616,Laser strikes soar: pilots must love the light show.,Satirical Article Imagines Fictional Laser Strike Scene,irony
617,police say conditions too nippy to rescue missing hiker,Police Report Missing Hiker in Remote Wilderness Area,sarcasm
618,19 women react to Girls' finale—as if the world needed more opinions on TV.,19 Women React to Girls' Finale,satire
619,"Burger King has officially revoked its citizenship in a bold, totally normal, and not-at-all-stunt-like move. The culinary world trembles.",Burger King Revokes Citizenship,overstatement
620,senate rejects pipeline plan that would have created thousands of climate activist jobs,Senate Rejects Pipeline Plan to Create Thousands of Jobs,sarcasm
621,Sign of the times: local governments restrict signs—because free speech is too messy.,Local Governments Restrict Signs to Maintain Public Order,sarcasm
622,David Duchovny reveals groundbreaking secrets about the 'X-Files' miniseries that no one asked for.,David Duchovny Discusses His Role in The X-Files Miniseries,satire
623,naacp demands less minority representation on upn,NAACP Demands Greater Diversity on UPN,sarcasm
624,Superintendent calls dress code violators 'skanks' – educational excellence at its finest.,Superintendent Addresses Dress Code Violations at School,sarcasm
625,moron stepfather takes care of child who doesn't have his genetic material,Father Takes Care of Child Without Biological Parent,sarcasm
626,trump postpones grand opening of trump tower moscow until fuss over bombshell report dies down,Trump Tower Moscow Grand Opening Postponed Until After Election,sarcasm
627,"Chemistry lessons for leaders: mix policies like chemicals, what could fail",Leadership Experts Recommend Strategic Policy Mixes to Achieve Success,irony
628,rnc: 'we warned you gay marriage would be a slippery slope toward accepting pedophilia',"RNC Condemns Same-Sex Marriage, Calls It 'Slippery Slope'",sarcasm
629,Queer couple discovers 'power of family'? How surprisingly traditional and mundane.,Queer Couple Celebrates 10th Anniversary With Family,irony
630,benadryl introduces new non-drowsy allergy dart,Benadryl Introduces New Non-Drowsy Allergy Relief Product,overstatement
631,U.S. fears Russia ramping up support for Assad – because international relations are just a game of whack-a-mole.,U.S. Officials Express Concerns Over Russia's Military Support for Syrian President Assad,irony
632,Shocking that a Trump pick has Koch ties. Who could have predicted?,Trump Picks Koch Brothers for Key Cabinet Positions,sarcasm
633,"School aide creatively serves pet treats as cookies, students none the wiser.",School Aide Bakes Cookies for Students,sarcasm
634,man worried harassing messages he sending on dating app getting lost among abuse from other guys,Man Expresses Frustration Over Dating App Messages Being Overlooked Amid Abusive Messages From Other Users,sarcasm
635,crocodile bites off bush's arm,Bush Attends White House Press Conference,sarcasm
636,"Holiday dressing: reuse clothes, because fashion is overrated.",Local Woman Reuses Holiday Outfits to Save Money,irony
637,"worthless dog can't talk, drive, solve crimes",Local Dog Struggles With Basic Daily Needs,overstatement
638,"Your money or your life: the classic dilemma, now with modern inflation",Inflation and Economic Uncertainty Prompt Financial Dilemmas for Americans,irony
639,archangels already sick of cardinal o'connor telling them how they do it in new york,Cardinal O'Connor Criticized for Overly Promotional Remarks About New York,irony
640,coworker retreats to remote corner of office to complete disgusting food order,Coworkers Report Disgust Over Office Food Options,understatement
641,"White House lawyer insists Trump won't fire Mueller – and we all believe that, don't we?",White House Lawyer Defends Trump Against Mueller's Investigation,rhetorical_question
642,former chinese dissident has your order ready,Former Chinese Dissident Orders Food at Local Restaurant,irony
643,"Great, because a concert will fix everything, right?",Local Man Plans Concert to Address Personal Issues,sarcasm
644,Bernie Sanders tells Donald Trump: stop talking about Bill Clinton's sex life—because Trump is the epitome of discretion.,Bernie Sanders Criticizes Donald Trump's Sexual Misconduct Allegations,sarcasm
645,beauty industry exec keeps photo of crying 15-year-old girl on desk to remind himself why he does this,Beauty Industry Executives Frequently Use Photoshopped Images to Motivate Employees,sarcasm
646,Grassroots activists are solving the addiction crisis – because that's worked so well.,Grassroots Activists Advocate for Comprehensive Addiction Treatment,sarcasm
647,Obama Eats Shave Ice in Hawaii: A Relaxing Start to the Year,Obama Visits Hawaii to Relax and Recharge,understatement
648,Ashley Benson is giving us 'Baywatch' vibes – because we needed more reasons to obsess over celebrities.,Ashley Benson's Beachy Blonde Hair and Outfit Make Her Baywatch-Inspired Look,satire
649,"Mindfulness as body armor? Because meditation stops bullets, right?",Study Finds Meditation Does Not Protect Against Gun Violence,understatement
650,"Midlife sex: it's okay, nothing to write home about.",Midlife Sexual Satisfaction Remains High for Many Americans,understatement
651,Senate amendment to 'dramatically improve' heroin treatment – about time they noticed.,Senate Passes Legislation to Improve U.S. Drug Treatment and Rehabilitation,sarcasm
652,7 Trump presidency fashion must-haves: blend in with the swamp.,Trump's Fashion Style Draws Criticism From Critics,satire
653,"Two thumbs down on air nonsense, because vague criticisms are the pinnacle of insightful review.",Critics Praise New Television Series for Its Nuanced Storytelling and Well-Developed Characters,overstatement
654,literary study finds all modern narratives derived from classic 'alien vs. predator' conflict,Study Finds Modern Fictional Narratives Drawn From Classic 'Alien vs. Predator' Conflict,satire
655,The conundrum of the midterms: choosing between two piles of garbage.,Midterm Elections Bring Uncertainty and Uncertainty Over Political Candidates,irony
656,Antoni Porowski strips for Hanes: underwear ads just got Queer Eye.,Antoni Porowski Strips for Hanes in New Underwear Ad Campaign,sarcasm
657,ghost of carl sagan warns against dangers of superstition,Carl Sagan's Legacy Lives On Through Science and Critical Thinking,satire
658,$13 bacon cheeseburger-stuffed donut: the culinary innovation that will change breakfast forever!,Local Man Eats $13 Bacon Cheeseburger-Stuffed Donut,overstatement
659,new don blankenship campaign ad touts jobs created in wake of upper big branch mining disaster,Don Blankenship Campaign Ad Highlights Jobs Created by Upper Big Branch Mine Disaster,sarcasm
660,vocalist leaves journey tribute band over creative differences,Vocalist Leaves Journey Tribute Band After Creative Differences,satire
661,authorities say dozens of bystanders failed to act as man went about his life,Man Dies in Fatal Car Crash in New York City,irony
662,Serena Williams: 'Doctors aren't listening' so black women are dying—but sports commentary is more important.,Serena Williams Discusses Health Concerns and Racial Disparities in Sports Commentary,understatement
663,Southwest's 'True North' means never getting lost... or maybe just cheaper flights.,Southwest Airlines Launches New 'True North' Route Strategy to Compete with Low-Cost Carriers,overstatement
664,candidates preparing for colorado debate conditions with high-altitude speaking drills,Colorado Candidates Prepare for Presidential Debate,overstatement
665,Giants release player over abuse? NFL's moral compass is so reliable.,Giants Release Player for Domestic Violence,sarcasm
666,bush vows to put man on moon before it disappears at end of month,President Bush Vows to Return Man to Moon Before It Disappears,overstatement
667,shakira just not feeling up to jiggling ass today,Shakira Performs on Stage,understatement
668,authorities say country still an active shooter situation,Authorities Warn of Ongoing Threat of Active Shootings in the United States,sarcasm
669,"Billy Eichner comedy special heading to Netflix, finally some entertainment.",Billy Eichner to Star in Netflix Comedy Special,understatement
670,"nation dutifully gets in cars, stands in line, watches new star wars movie",American Public Attends Star Wars Film Premiere,sarcasm
671,Andy Mientus: A Broadway and TV star you may have vaguely heard of,Andy Mientus Performs in Broadway Show,understatement
672,millions of people prince william would never deign to speak to captivated by royal wedding,Royal Wedding Coverage Draws Large Audience,sarcasm
673,"Even Bush's environment chief calls Trump's energy plan bonkers – when your环保 chief thinks you're nuts, you might be nuts.",Trump Administration Faces Criticism Over Environmental Policies,irony
674,"Reporter confronts racist, who learns a valuable lesson, no doubt.",Local Man Confronts Racist Stranger After Accusations of Racism,sarcasm
675,satellite frantically trying to bounce signal to swearing man's phone,Satirical Article Depicts Satellite Struggling To Reach Cell Phone,satire
676,Genius inventions for napping anywhere? The pinnacle of human innovation.,Satirical Article Critiques Modern Lifestyle Inefficiencies and Napping Habits,overstatement
677,hillary clinton threatened by black man,Satirical Article Depicts Hillary Clinton Being Threatened by Black Man,sarcasm
678,Rubio's path is smooth as butter. This 'rocky road' metaphor is spot on.,Rubio's Restaurant Chain Known for Smooth Service and Friendly Staff,irony
679,"Gender equality will change everyone's lives, especially privileged men",Satirical Article Mocks Traditional Views on Gender Equality,satire
680,historical archives: popular hymns heard sung of late.,Historical Hymns Remain Widely Used in Contemporary Worship Services,satire
681,siblings playing tense game of chicken to decide who going to care for mom,Siblings Discuss Care Options for Elderly Mother,satire
682,Larry Kudlow 'Leaning' Toward Senate Run in Connecticut: Exactly What Our Economic Policy Needs—More TV Pundits,Larry Kudlow Endorses Connecticut Senate Race,sarcasm
683,"Hillary Clinton is incredibly tough on Wall Street, if you count taking their money as a sign of strength.",Hillary Clinton Criticized for Taking Campaign Contributions From Wall Street,sarcasm
684,man on gurney has brief word with protagonist before entering ambulance,Man Dies in Ambulance After Brief Conversation With Driver,irony
685,voter dreading being sent over to visibly stupid poll worker,Voters Express Frustration Over Poll Worker Behavior,sarcasm
686,greyhound now offering direct service from kansas to l.a. porn director's driveway,Greyhound Bus Service Between Kansas and Los Angeles,satire
687,sun dreading rising today,Sun rises over the horizon,irony
688,Test-driven teacher evaluations strike out—because nothing improves education like more testing.,Teachers Criticized for Overemphasis on Standardized Testing,sarcasm
689,mexicans sweeping the nation,Mexican Immigration and Labor Trends in the United States,sarcasm
690,"Erick Erickson, noted sexist, slams Donald Trump for being sexist: the pot calling the kettle black.",Erickson Criticizes Trump's Remarks on Women,irony
691,HuffPost Rise: your daily dose of indispensable news you can't live without.,HuffPost Launches New Daily News Service,overstatement
692,heartless monster walks out of local small business without buying anything,Local Man Visits Small Business Without Purchasing Anything,sarcasm
693,Josef Koudelka's enigmatic art: where every photo leaves you puzzled.,Josef Koudelka's Artwork Frequently Leaves Viewers Puzzled,irony
694,"Finally, a remake of 'Hocus Pocus' that no one asked for. Because who needs original ideas?",Disney Announces Hocus Pocus Remake,irony
695,chinese citizens observe 25-year moment of silence for tiananmen square massacre,Chinese Citizens Mark 25th Anniversary of Tiananmen Square Massacre,irony
696,popular new exercise app just tells users they ran 5 miles a day no matter what,New Fitness App Prompts Users to Log Daily Mileage,satire
697,thick sweater no match for determined nipples,Local Woman Wears Thick Sweater to Work Despite Cold Temperatures,irony
698,apple announces new iphone with n-word on back knowing customers will buy it anyway,Apple Announces New iPhone With N-Word on Back,sarcasm
699,that cheesecake sitting on the table: what if it accidentally fell into your mouth?,Cheesecake Left on Table,rhetorical_question
700,Tyra Banks brings tears to teen designer's eyes with this so-called heartwarming surprise,Tyra Banks Performs at Teen Designer's Fashion Show,irony
701,lazy event planner throws 'bags of ice'–themed party,Event Planner Organizes Ice-Themed Party for Corporate Event,sarcasm
702,another fond childhood memory destroyed,Local Man Reflects on Childhood Memories of Family Vacation,understatement
703,quick scan of room confirms area man once again sweatiest person present,Local Man Sweats Profusely During Office Meeting,sarcasm
704,Dustin Lance Black praises Hollywood's accurate depiction of trans actors,Dustin Lance Black Praises Hollywood's Growing Representation of Trans Actors,sarcasm
705,'game of thrones' actors reveal reading script for zombie battle and realizing they wasted careers,Game of Thrones Cast Rehearses Script for Zombie Battle Scene,sarcasm
706,A new kind of Valentine's Day – because the old ways of commercialized romance weren't enough.,Satirical Article Critiques Commercialization of Valentine's Day,irony
707,hire of local moron gives nation hope for employment,Local Man Hired for Administrative Position,sarcasm
708,5 reasons to let your mind wander? Like we need an excuse to daydream at work.,Employee Daydreams at Work,irony
709,"handlers constantly reminding gingrich to stay on uninspiring, belittling message",Gingrich Faces Criticism for Lackluster Campaign Messages,sarcasm
710,woman always gets best ideas while taking shower with two jacked dudes,Local Woman Claims Showering With Two Men Leads to Creative Ideas,overstatement
711,"Argentina: where losing is a national pastime, and everyone's a sore loser.",Argentina's National Sports Culture Emphasizes Winning and Losing,irony
712,struggling us airways introduces $100 million bomb fee,US Airways Faces Financial Struggles Amid Declining Passenger Numbers,sarcasm
713,creative asterisk makes reader unaware of word 'fuck',Satirical Article Features Fictional 'F*ck' Asterisk,sarcasm
714,clinton vetoes 'stab clinton' bill,President Clinton Vetoes Bill to Protect National Security,irony
715,Why say 'at the end of the day'? Is timekeeping that hard?,Local Man Criticizes Overuse of 'At the End of the Day' in Workplace Communication,rhetorical_question
716,owner of cheap motel fixes sign to flicker just right,Motel Owner Adjusts Sign to Improve Visibility,understatement
717,"Gorsuch will get his big payback, just like Thomas, justice is a pay-to-play game.",Supreme Court Justice Antonin Scalia Dies,overstatement
718,rumsfeld: 'my half-assed job here is done',Rumsfeld Announces Retirement From Defense Secretary Position,sarcasm
719,sounds of air hockey coming from supreme court chambers,Supreme Court Chamber Sounds Like Air Hockey,irony
720,historians reveal thousands of immigrants were forced to change hairstyle at ellis island,Historians Discuss Immigration Patterns at Ellis Island,satire
721,"Kris Jenner turned up for drunken Valentine's karaoke, setting the bar high for family gatherings.",Kris Jenner Performs at Family Valentine's Day Dinner,sarcasm
722,Texas schools innovate: storing food instead of trashing it.,Texas Schools Implement Food Recycling Programs to Reduce Waste,sarcasm
723,historians uncover lost socrates dialogues where he just gave up and started screaming that opponent a fucking brainwashed shill,Historians Uncover Lost Socrates Dialogues,satire
724,bashful terrorists won't take credit for attack,Terrorist Group Claims Responsibility for Bombing in New York City,irony
725,"sadly, gift certificate to loews cinemas perfect gift for area man",Local Man Purchases Gift Certificate to Loews Cinemas,irony
726,F.A.S.T. Thinking Saved Lane's Mom: Just Another Day Being a Hero,Mother of 8 Shares Her Daily Routine With Daughter,understatement
727,Ten infallible rules for startup ideas that guarantee you'll be the next billionaire by lunchtime.,Startup Experts Offer Advice on Successful Business Ideas,overstatement
728,youngest sibling in family kind of thought mom would lose steam by now,Younger Sibling Expresses Concerns About Mother's Exhaustion,understatement
729,woman with amazing rack told she has beautiful eyes,Local Woman Receives Compliments on Physical Appearance,understatement
730,"Oh, because nothing says 'beautiful' like being stranded and alone.",Man Stranded in Wilderness After Car Breakdown,irony
731,traveler amazed by sheer number of mexicans,Tourist Visits Mexico City,sarcasm
732,Mattress with 40k reviews is $200 off – buy now before you miss out on this once-in-a-lifetime deal!,"Mattress With 40,000 Reviews Available for $200 Off",satire
733,Paul Ryan endorses Trump's order but laments the chaos he endorsed,Paul Ryan Endorses Donald Trump's Presidential Campaign,sarcasm
734,avoiding popular songs somehow accomplishment for local man,Local Man Avoids Popular Songs to Maintain Personal Distinction,sarcasm
735,"good cop, avid-stamp-collector cop routine not working",Police Officer Struggles to Maintain Routine in High-Stress Job,satire
736,Paul Manafort apparently thinks misleading a federal judge is worth a sunny vacation in Florida.,Paul Manafort Faces Federal Charges for Misleading Judge,sarcasm
737,"A blue fuzzy fighter stole the spotlight before Mayweather-McGregor fight. Clearly, the real battle was against fashion sense.",Blue Fuzzy Fighter Stands Out in Crowd at Mayweather-McGregor Fight,overstatement
738,Josh Earnest's briefing: the most disastrous event in WH history,White House Press Secretary Josh Earnest Delivers Briefing on State of the Union Address,overstatement
739,"experimental anti-aging treatment still has few kinks, report infant researchers",Researchers Investigate New Anti-Aging Treatment,satire
740,"What's working to reduce obesity? Nothing, apparently—thanks for asking.",Experts Highlight Lack of Effective Obesity Reduction Strategies,rhetorical_question
741,wild-eyed marco rubio embarks in rowboat to help venezuela coup effort,Marco Rubio Criticizes Venezuela's Political Instability,overstatement
742,tumbleweed of pubes rolls through desolate dorm bathroom,Student Finds Unwanted Pubic Hair in Dorm Bathroom,overstatement
743,report: countless invasive species detained in epa black sites,EPA Report Highlights Concerns Over Unregulated Wildlife Trafficking,satire
744,secret service not sure if that suit of armor was in oval office yesterday,Oval Office Security Briefing Notes Detail Secret Service Response to Potential Threat,sarcasm
745,mom's christmas stocking noticeably less full,Mother's Christmas Stocking Contains Fewer Gifts Than Previous Year,understatement
746,chinese tv show canceled after drawing only 180 million viewers,Chinese Television Network Cancels Popular Drama Series After Low Ratings,sarcasm
747,krispy kreme doughnuts described to sioux city relatives,Sioux City Relatives Visit Krispy Kreme Store,irony
748,last person to voluntarily write essay dies,Local Man Dies After Writing Essay,overstatement
749,"Obama cracks down on payday lenders—predatory loans now feel slightly guilty, problem solved",Obama Administration Takes Steps to Regulate Payday Lenders,sarcasm
750,tragic oscar-night camera malfunction leaves seven critically underpublicized,Oscar Night Camera Malfunction Leaves Seven Films Unseen,understatement
751,report: authorities recommend the film 'you've got mail' for those snowed in today,Satirical Article Mocks Winter Weather Disruptions With Fictional Movie Recommendation,irony
752,trump mocks christine blasey ford for forgetting basic facts about a woman's place,Trump Criticizes Christine Blasey Ford's Testimony During Supreme Court Confirmation Hearing,sarcasm
753,Coffee pouring puzzle: the deepest philosophical dilemma since 'is the fridge light on?',Local Man Struggles With Simple Coffee Pouring Puzzle,overstatement
754,Clint Dempsey discusses the immense pressure of playing soccer—world-changing stuff.,Clint Dempsey Discusses the Pressure of Playing Professional Soccer,overstatement
755,UT Austin stabbing: minor incident with one fatality.,UT Austin Student Dies in Stabbing Incident,understatement
756,"study: only 40% of mice have little welcome mat, doorway leading to tiny home inside wall",Study Finds Only 40% of Mice Live in Tiny Homes Inside Walls,satire
757,Three Jews visit Scandinavia? And this is news because...?,Three Jewish Tourists Visit Scandinavia,rhetorical_question
758,son of edward r. murrow says father 'real dirtbag' compared to onion reporters,Son of Edward R. Murrow Criticizes Father's Journalism Legacy,satire
759,News Roundup: Mildly interesting tidbits from a day like any other.,Local Man Shares Daily Life Updates on Social Media,understatement
760,'aryan notions' opens sixth berlin location,Aryan Notions Opens Sixth Location in Berlin,satire
761,democratic scouts head to tampa to get closer look at mitt romney,Democratic Party Scouts Attend Mitt Romney Campaign Events in Tampa,sarcasm
762,book about michael jackson available for purchase,Book About Michael Jackson Released,understatement
763,man who can't get enough mucus enjoying winter season,Local Man Enjoying Winter Season,overstatement
764,"15 hot guys supporting Bernie to make you #feelthebern, because policies are overrated",Bernie Sanders Supporters Rally in Support of Democratic Presidential Candidate,satire
765,man betrays his heart by telling friend he can have last dumpling,Local Man Offers Last Dumpling to Friend,sarcasm
766,entertainment weekly wins excellence-in-caption-pun award,Entertainment Weekly Wins Excellence in Caption Pun Award,satire
767,Russian jets have 'unsafe' encounters? Just a friendly wave from the sky.,Russian Jets Fly Over Moscow,understatement
768,"jim davis, guy who does 'heathcliff' get together for annual lunch to discuss doing cat cartoons",Former Georgia Governor Jim Davis Discusses Future Cartoon Projects,irony
769,5 states to decide whether to legalize marijuana or continue honoring god,Five States to Decide on Legalization of Marijuana,sarcasm
770,Government watchdog to investigate Trump's voter fraud commission – because investigating itself would be too meta.,Trump Administration Faces Criticism Over Voter Fraud Allegations,irony
771,Republicans reject disclosure—because transparency is so overrated in a democracy.,Republicans Criticize Transparency in Government,sarcasm
772,new teen trend 'walking wet and nude' couldn't have caught on at worse time,Teen Trend 'Walking Wet and Nude' Fails to Catch On,irony
773,grumblethor the mischievous pleased with mayhem his magical antics have wrought upon white house–fbi relations,White House FBI Relations Remain Tense Amid Ongoing Political Disputes,satire
774,"Shocking news: Rachel McAdams has aged! The horror, the humanity!",Rachel McAdams Appears Ageless in New Film,sarcasm
775,All the 2017 Grammy winners: the cultural event that reshaped civilization,2017 Grammy Awards Ceremony Highlights Major Cultural Shifts,overstatement
776,mom leaves sweet little note for sixth-grader in add prescription bottle,Mother Leaves Prescription Medication in Sixth-Grader's School Lunchbox,irony
777,What scenario? Parenting is always smooth sailing.,Parents Report Relatively Smooth Parenting Experience,rhetorical_question
778,'new york times' moves all content you won't give a shit about unless you make at least $200k a year into one convenient section,New York Times Introduces Premium Subscription Service for High-Income Readers,sarcasm
779,"Report: DNC and Clinton funded Trump-Russia dossier—shocking, as if we didn't see that coming.",Report Highlights FBI's Investigation Into Trump-Russia Dossier,satire
780,hero lawyer uses technicality to free guilty man,Lawyer Dismisses Evidence Against Client in Federal Trial,sarcasm
781,"Robin Wright fought for equal pay—groundbreaking, since no actress has ever done that before.",Robin Wright Advocates for Equal Pay for Female Actors,sarcasm
782,An apology expert analyzes Melania Trump's plagiarism explanation – because nothing says sincerity like a well-crafted excuse.,Satirical Article Mocks Melania Trump's Apology For Plagiarism,sarcasm
783,Martha Stewart's wine service makes drinking Martha-approved? As if we needed more ways to feel like failures at hosting.,Martha Stewart's Wine Service and Hosting Tips,satire
784,Merkel says we won’t get anywhere with populism—as if the world needed another lecture from the ‘leader of the free world.’,"Merkel Criticizes Populism, Calls for Political Stability",overstatement
785,"Whitney Johnson, the trailblazer who co-founded a firm with a famous name – truly breaking the glass ceiling.","Whitney Johnson, Co-Founder of Glassdoor, Breaks Glass Ceiling in Corporate Leadership",satire
786,Cheese advent calendar: not your typical Christmas treat—unless you love cheese 24/7.,Cheese Advent Calendar Features 24 Small Blocks of Cheese,satire
787,drunk driver in the zone,Man Drives Car While Intoxicated,understatement
788,"Nick Jonas' queer baiting paying off? Shocking, simply shocking.",Nick Jonas' Recent Public Persona Shifts From Traditional Boy Band Image to More Outgoing and Queer,sarcasm
789,report: recent wednesday felt like thursday,Report Highlights Declining Workweek Productivity and Employee Satisfaction,irony
790,laid-off website designer designs website about being laid off,Former Website Designer Creates Personal Website About Job Loss,irony
791,breaking: can anyone ever truly know anything? what is the truth?,Experts Discuss the Limits of Human Knowledge and the Challenges of Truth,rhetorical_question
792,on-the-job sexual harassment: three women tell their sizzling hot tales,Three Women Share Their Experiences With Workplace Sexual Harassment,satire
793,toddler unsettled by whatever possessed her to bite friend's face,Toddler Bites Friend's Face During Playdate,irony
794,"Michael Phelps, the ultimate pool hog, announces he's ready to retire. Shocking.",Michael Phelps Announces Retirement From Professional Swimming,sarcasm
795,Why won't my kids wish you Merry Christmas? Because they're little rebels.,Parents Face Challenges in Encouraging Children to Wish Parents Merry Christmas,rhetorical_question
796,mccain late to debate due to greyhound delays,McCain Campaigns Late to Debate Due to Greyhound Delays,irony
797,study: boyfriends who aren't speaking are thinking about ending relationship 90% of time,Study Finds Boyfriends Frequently Consider Ending Relationships When Their Partners Are Silent,overstatement
798,man happy to set up job interview for fraternity brother he once forced to drink own piss,Brother Requests Job Interview for Fraternity Brother,sarcasm
799,sen. hatch says trump allegations not serious enough that scales should fall from eyes revealing what madness we have begotten,Sen. Hatch Defends Trump Allegations Amid Criticism,satire
800,senile mother a broken novelty record,Local Woman's Memory Loss and Confusion Prompt Concerns About Elderly Mother's Well-Being,irony
801,Albright apologizes for implying female Bernie supporters will go to hell – because that's a reasonable thing to say.,Albright Apologizes for Remarks on Female Bernie Supporters,sarcasm
802,Hackers access baby monitors with the ease of a baby ordering pizza.,Hackers Access Baby Monitors With Ease,overstatement
803,"Street photography in Stockholm, part 2: because part 1 was just too thrilling.",Stockholm Street Photographer Captures Vibrant Scenes of City Life,satire
804,JWOWW fires back: 'I didn't know I was pregnant!'... because those home pregnancy tests are notoriously tricky to read.,JWOWW Addresses Pregnancy Rumors After Home Pregnancy Test Misfires,sarcasm
805,"Bruce Jenner's midlife crisis? No, it's a carefully planned rebranding.",Bruce Jenner Announces Retirement From Olympic Sports and Transitioning to Professional Sports Commentary,sarcasm
806,"The simple mind trick that helped me lose weight—it's not diet or exercise, but magical thinking!",Local Woman Credits Mindful Thinking for Weight Loss,satire
807,chris collins thanks supporters with can't-miss tip on biotech stock,Chris Collins Pleads Guilty to Insider Trading Charges,irony
808,"Three simple steps to not take a bad day home – if only it were that easy, right?",Local Man Struggles to Manage Stressful Workday and Reluctant to Leave Office,understatement
809,"Trump effect on transgender mental health: negatively impactful, shockingly.",Trump Administration Rolls Back Transgender Military Service Ban,sarcasm
810,millions of plants sent from nation's garden departments to their deaths,Garden Department Plants Frequently Die in Stores,overstatement
811,"Prince Harry and Meghan Markle's event will nod to Diana – a subtle tribute, nothing over the top.",Prince Harry and Meghan Markle's Royal Wedding Nods to Diana's Legacy,understatement
812,"The very best part: finally, a break from your family's constant nagging.",Family Members Frequently Nag Each Other During Holidays,sarcasm
813,Because nothing says political discourse like a selfie with Kim Kardashian.,Kim Kardashian Poses for Selfie,irony
814,stephen hawking reportedly working on juicy tell-all formula,Stephen Hawking's Final Years Focus on Writing and Public Engagement,satire
815,female boss walking around like she owns the place,Female CEO Walks Into Office,sarcasm
816,"""i am equal to any man,"" says stern woman who likely does not menstruate",Local Woman Asserts Equality With Men,sarcasm
817,"ad campaign appeals to young, hip, influenced-by-ad-campaigns demographic",Satirical Article Critiques Modern Advertising Tactics Targeting Young Adults,satire
818,candidate delighted to be in chair factory,Candidate Visits Factory to Meet With Production Staff,sarcasm
819,baby takes political stance,Baby Born With Blue Eyes,overstatement
820,Gunfire in Ferguson after protester hit – classic problem-solving technique.,Ferguson Protester Shot in Head,sarcasm
821,"Teachers in Detroit protest, and surprise, schools close. What a novel solution.",Detroit Teachers Protest Over School Funding,sarcasm
822,forgetful karl lagerfeld inadvertently starts lobster-bib trend,Karl Lagerfeld Dies,irony
823,nation unsure which candidate's plan to destroy the environment will create more jobs,Environmental Concerns Remain a Top Priority for Voters,irony
824,Lee Daniels admits his show is for white guilt—how inclusive of him.,Lee Daniels Discusses His New Netflix Series 'The Last Black Man in America',sarcasm
825,fan doubtful 'solo: a star wars story' can live up to denny's blaster fire burger,Fans Express Skepticism Over Solo: A Star Wars Story's Box Office Potential,overstatement
826,nancy grace reports own mind now missing for 83 days,Nancy Grace Reports Severe Mental Health Issues,sarcasm
827,Of course Jesus is black—white people never get nailed to things.,Satirical Article Mocks Stereotypes About Jesus' Physical Appearance,sarcasm
828,"5 better questions to ask allergy families: like, 'Is your child's epinephrine pen fashionable?'",Allergy Families Often Face Unnecessary Questions About Medical Equipment,overstatement
829,Warren's bill: to solve Trump's imaginary conflicts.,Warren Bill Introduces Legislation to Address Trump's Political Conflicts,irony
830,Groot dances again? Guardians sequel promises wooden choreography—revolutionary!,Guardians of the Galaxy Sequel Promises Intense Action Sequences and Complex Choreography,overstatement
831,"LeBron James' 2015 finals was legendary, but nothing compared to this (whatever 'this' is)—a hot take so hot it's volcanic.",LeBron James' 2015 NBA Finals Performance Remains One of the Greatest in NBA History,sarcasm
832,governor pardons self for living,Governor Pardons Himself for Living,sarcasm
833,"The witching hour is just another boring, supernatural-free time.",Supernatural Events and Rituals Typically Occur During Nighttime Hours,irony
834,Timelapses of fast-growing cities will make your jaw drop—or just give you neck strain.,Satirical Article Imagines Fast-Growing Cities in the Future,overstatement
835,new historical evidence suggests most pilgrims sailed back home to celebrate first thanksgiving,Archaeologists Suggest Pilgrims Returned Home to Celebrate First Thanksgiving,irony
836,Because holidays were totally mono-ethnic before this revelation.,Satirical Article Mocks Stereotypes About Holiday Celebrations,sarcasm
837,"3 unique and unusual financial tips for 2015. Finally, advice that's not just 'spend less than you earn.' How revolutionary.",Financial Experts Offer Practical Advice on Managing Debt and Saving in 2015,sarcasm
838,cheering gets slightly less loud after obama's call for community service,Obama's Call for Community Service Draws Moderate Response,irony
839,"Taco Bell's test kitchen now offers reservations, redefining fast food as gourmet.",Taco Bell Introduces Reservations for Fast-Food Customers,satire
840,teen had absolutely no say in becoming part of snapchat generation,Teenagers Frequently Choose to Join Social Media Platforms Without Considering Their Own Interests,sarcasm
841,secretary of the interior meekly asks if there anything she can do to help stop isis,Interior Secretary Meets With Foreign Diplomats to Discuss ISIS,sarcasm
842,24 surefire ways to absolutely annihilate your soul while working from home – because who needs joy anyway?,Many Remote Workers Report Burnout and Low Job Satisfaction,overstatement
843,4 couscous recipes for every meal – because variety is overrated.,Couscous Recipes Offer Versatile Options for Every Meal,overstatement
844,Democrats debate climate change: a rare moment when they address an actual issue.,Democrats Debate Climate Change at National Convention,irony
845,romney: 'this is why they call me turnaround mitty from comeback city',Romney Discusses His Campaign Strategy and Political Experience,sarcasm
846,Flynn seeks immunity: the classic move of the completely innocent.,Satirical Article Mocks Flynn's Legal Defense Strategy,sarcasm
847,"Rob Porter resigns due to abuse allegations. Shocking, given the administration's stellar record on ethics.",White House Staffer Rob Porter Resigns Amid Sexual Harassment Allegations,sarcasm
848,Handshakes at Olympics: unity achieved through carefully staged diplomacy.,Olympic Handshakes Mark Opening Ceremony,irony
849,Prank glues child to toilet: comedy at its finest!,Child Accidentally Glues Self to Toilet Seat,overstatement
850,"Mark Hamill says Luke might be gay: Star Wars embraces diversity, decades late.",Mark Hamill Discusses Luke Skywalker's Sexual Orientation in Star Wars: The Last Jedi,irony
851,man who lost leg to whale decides to let it go,Man Loses Leg in Whale Attack,irony
852,'phantom thread' wins academy award for best film you liked but probably wouldn't see again,'Phantom Thread' Wins Academy Award for Best Costume Design,sarcasm
853,friend's grandma to give you hug too,Grandmother Offers Comfort to Friend Following Breakup,understatement
854,college roommates to continue bonding process until real friends made,College Roommates Continue to Form Bonds and Develop Friendships,irony
855,bush sr. apologizes to son for funding bin laden in '80s,President Bush Jr. Apologizes to Son for Funding Bin Laden in 1980s,sarcasm
856,report: 80% of subway track repairmen run over each day,Report Highlights Safety Risks and Fatality Rates for Subway Track Repair Workers,overstatement
857,"Finally, after all these years, the public is deemed worthy of seeing some old buildings. How generous.",Historic Preservation Efforts Highlighting Aging Buildings,irony
858,little tobacco hit with $3.5 hundred lawsuit,Tobacco Industry Faces Criticism Over Health Risks and Financial Inequities,sarcasm
859,"Why do mirrors flip sideways but not upside down? Because they're secretly plotting against us, that's why.",Satirical Article Claims Mirrors Flip Sideways Due to Conspiracy,rhetorical_question
860,new ad preys on people with 'ideas',New Ad Campaign Targets Creative Professionals With Promotional Video,sarcasm
861,empire state building ultimately supports nsa spying measures,Empire State Building Supports NSA Surveillance Measures,irony
862,"Exclusive: Family of teen shot near Ferguson speaks out, in a world where such events are commonplace.",Family of Teen Shot in Ferguson Speaks Out Against Police Violence,understatement
863,white house claims iran behind attack on nancy kerrigan,White House Denies Iran's Involvement in Nancy Kerrigan Attack,satire
864,Racism accusations are overblown; cops quitting after a black mayor is just a happy coincidence.,Police Officers Quit in Protest of Police Chief's Racial Bias Allegations,irony
865,Priest finds puppy just where he left it; story of his life.,Father Finds Lost Puppy in Church Parking Lot,understatement
866,"450 protesters arrested in Tehran, government calls it 'a minor adjustment to public order.'",450 Protesters Arrested in Tehran,understatement
867,5 tweets from the NRA that are literally worse than the Oregon gun massacre itself. Obviously.,NRA Releases Five Tweets Criticizing Gun Control Following Oregon Mass Shooting,overstatement
868,"Steven Tyler admits to hitting on daughter's friend: standard rockstar parenting, totally normal.",Steven Tyler Discusses Parenting Daughter's Friend,understatement
869,The mid-sex revelation that revolutionized your life (probably not).,Local Woman Reflects on Life-Changing Midlife Crisis After Receiving Sexist Comments,overstatement
870,"James Cameron cried hearing Titanic theme. Just a little tear, I'm sure.",James Cameron Cites Titanic Theme as Inspiration for Avatar,understatement
871,'Friends' co-creator on a reboot? As if we needed more recycled 90s nostalgia.,Friends Co-Creator David Crane Discusses Potential Reboot,rhetorical_question
872,"Bush's electability argument weakens—shocking, given his stellar track record of winning hearts",Bush's Electability Argument Faces Criticism Amid Record of Republican Party Disappointment,sarcasm
873,HuffPollster: Carly Fiorina probably won't help Ted Cruz save his campaign: what a surprise.,HuffPost Pollster Predicts Carly Fiorina Will Not Support Ted Cruz's Campaign,sarcasm
874,"Another week, another promise to find the plane.",Passengers Struggle to Find Flight Information on Airline Website,irony
875,"Guns messing with feng shui? California's real problem is bad vibes, not bullets.",California Residents Express Concerns Over Rising Gun Violence and Mental Health,sarcasm
876,god irritated guests do not understand it time to leave heaven,God Expresses Frustration Over Guests' Continued Stay in Heaven,satire
877,'She's in King David Cemetery. That is where I go to see my kid now.': pleasant family outing.,Family Visits King David Cemetery for Memorial Service,understatement
878,"Tyra Banks doesn't have time for Drake's behavior, models are above it all.",Tyra Banks Addresses Drake's Recent Behavior,sarcasm
879,nra calls for more common-sense gun deaths,NRA Advocates for Gun Control Following Mass Shooting,sarcasm
880,Decode the arcane language of teens with this one ancient secret.,Teenagers Frequently Misunderstand Teen Language and Social Cues,overstatement
881,Here are six surefire ways to ensure your divorced friend never speaks to you again—you're welcome.,Friends Warn Divorced Man to Avoid Reconnecting With Former Acquaintances,satire
882,"6 people, including children, die in mass shooting—just another Tuesday in the land of the free, home of the brave.","Mass Shooting in Colorado Springs Leaves Six Dead, 19 Injured",irony
883,missing mount everest climbers feared buried under avalanche of dead mount everest climbers,Mount Everest Climbers Face High Risk of Fatal Avalanches,irony
884,increasingly horrified man listens to self explain what he does for a living,Local Man Describes Job as Routine Administrative Assistant,satire
885,50-year-old prince licks aarp representative's face,Prince Charles Visits AARP Headquarters,satire
886,"Clinton lawyer funded Steele dossier? In other news, water is wet and politicians are shady.",Clinton Campaign Funded Steele Dossier,understatement
887,mcdonald's unveils new senior citizen playplace,McDonald's Announces New Senior Citizen Playplace,satire
888,"Nothing boosts sales like homelessness, right? Who needs a home when you have cookies?",Homelessness and Economic Hardship Remain Major Concerns for Consumers,sarcasm
889,"Hillary Clinton steals show in 'Song for Women', breaking glass ceilings one cameo at a time.",Hillary Clinton Makes Brief Cameo Appearance in 'Song for Women',satire
890,"Colleges brave Cuba for exchanges, thawing relations one class at a time.",Cuban Students Attend University of Miami for Exchange Program,irony
891,"area man much happier, more relaxed since joining cult",Local Man Joins Cult After Seeking Spiritual Guidance,irony
892,"Two beatboxers make corporate jargon sound cool, turning 'leverage' into art—who needs clear communication?",Two Beatboxers Perform Corporate Jargon in Corporate Office,satire
893,Mike Pence links Iranian scientist's execution to Hillary's emails? Logical as ever.,Mike Pence Criticizes Iran's Execution of Scientist Amid Ongoing Diplomatic Tensions,sarcasm
894,Fans get front-row seats to unexpected player meet-and-greet (with fists).,Fans Attend Player Meet-and-Greet at Los Angeles Dodgers Game,understatement
895,area man determined to get money's worth from pay toilet,Local Man Uses Public Restroom To Pay For Private Facilities,satire
896,newlyweds regret saving sex for marriage,Local Couple Reflects on Decision to Delay Sex Until Marriage,understatement
897,unattractive man not fooling anyone by dressing well,Local Man's Fashion Sense Draws Criticism From Coworkers,sarcasm
898,area teen smoking like he's been to fucking war or something,Teen Smoking Habits Remain Common in Local High Schools,overstatement
899,"Dove Deodorant joins the political fray with #AlternativeFacts, because what the world needs is more corporate snark.",Dove Launches Political Campaign With Satirical #AlternativeFacts,irony
900,"fear of being alone, ticking biological clock wed in beautiful outdoor ceremony",Couple Marries in Outdoor Ceremony,sarcasm
901,trump slammed for signing john mccain defense bill without praising how many people it will kill,Trump Signs Defense Bill,sarcasm
902,10th-grade prodigy studying mathematics at 10th-grade level,10th-Grader Studies Advanced Mathematics at 10th Grade,sarcasm
903,"just when couple finally stops stressing about having a baby, they're still not pregnant",Local Couple Reports Unconventional Pregnancy Delay,irony
904,watching faces of students as they finish 'the lottery' highlight of english teacher's year,English Teacher Reflects on Students' Reaction to 'The Lottery',irony
905,'mr. falafel' owner does not actually like being addressed as mr. falafel,Falafel Shop Owner Disappointed By Customer's Use of 'Mr. Falafel',irony
906,"Celine Dion's tribute: emotional, as expected at awards shows.",Celine Dion Performs Tribute to Late Friend at the 2018 Grammy Awards,understatement
907,"columbus day protests once again erupt as nation struggles with its dark, anti-italian past",Columbus Day Protests Continue Nationwide,sarcasm
908,really ugly shark tired of being mistaken for hammerhead,Shark Photographed in Water,satire
909,Are sheep secretly controlling your mind? This article thinks so.,Satirical Article Claims Sheep Control Human Minds,rhetorical_question
910,cleveland ukrainian museum pulling out all stops to prepare for onrush of rnc visitors,Cleveland Ukrainian Museum Prepares for Large Crowd of Republican National Convention Visitors,satire
911,Video exposes sexism in politics. Women are so surprised.,Satirical Article Mocks Political Sexism With Fictional Video,sarcasm
912,red cross issues reminder they can't accept donations from people with loose blood cupped in hands,Red Cross Reminds Donors to Donate Blood in Proper Cup,overstatement
913,Your dog is basically a mini SUV with fur. Time to carbon-tax Fido!,Pet Owners Face Rising Pet Insurance Costs Amid Rising Pet Overpopulation,overstatement
914,What's your book shelfie style? Show off your intellectual vanity for the internet.,Bookshelf Displays Feature a Variety of Fiction and Non-Fiction Titles,overstatement
915,"Privacy activists rally to Apple's defense, trusting a corporation with their privacy.",Privacy Activists Rally to Apple's Defense Against Data Collection,sarcasm
916,east st. louis rated 'number one city in america' by poverty magazine,East St. Louis Ranked Among America's Most Poverty-Stricken Cities,irony
917,"House passes stopgap bill before break, such diligent governance",House Passes Stopgap Bill to Fund Government Operations,sarcasm
918,"Oh, look, Chris Christie's totally unbiased interview with Donald Trump where he just gushes non-stop.",Chris Christie Conducts Interview With Donald Trump,sarcasm
919,"'humanity deserves to live in darkness,' onion social algorithm cries out before bursting into bright light, disappearing from earthly realm",Onion Social Algorithm Criticized for Promoting Dark Content,satire
920,each passenger has own theory about how guy got into first class,Passengers Speculate on How First-Class Passenger Got Access to Premium Class,irony
921,real toy used as sex toy,Child Uses Real Doll as Sex Toy,irony
922,israeli soldiers open fire on palestinians carrying potentially dangerous injured friends,Israeli Soldiers Open Fire on Palestinian Civilians in Gaza,sarcasm
923,Drunken angry white men huddle together? Sounds like a peaceful gathering.,Group of White Men Gathered in Bar,irony
924,"failing memory fuses robert wuhl, kevin pollack into single entity",Robert Wuhl and Kevin Pollack,satire
925,"Artist merges genders with late lover as ultimate collaboration, pushing artistic boundaries tastefully.",Artist Collaborates With Late Partner To Create New Work,satire
926,News roundup for April 17: catch up on everything you didn't care about.,News Roundup Highlights Major Events and Developments from April 17,sarcasm
927,report: therapist just saying that to make you feel better,Therapist Discusses Common Therapeutic Techniques to Improve Patient Comfort,sarcasm
928,"Simple steps to find work you love: dream big, then accept any job—it's that easy.",Experts Emphasize the Importance of Job Satisfaction and Personal Fulfillment in Career Choices,understatement
929,"Oh, sure, because generalizing half the population is always a great idea – let's all embrace that wisdom!",Experts Criticize Generalizations About Half the Population,sarcasm
930,chuck berry remembers call from cousin about white kid playing 'johnny b. goode',Chuck Berry Discusses His Early Musical Influences and Career,irony
931,scientists determine tingling sensation of asmr caused by mass brain cell die-off,Researchers Investigate the Origins of ASMR Tactile Sensations,overstatement
932,dog feels like he always has to be 'on' around family,Family Dog Maintains Constant Alertness and Attention-Seeking Behavior,irony
933,A groundbreaking musical collaboration that will redefine symphonies.,Theatre Company Announces New Musical Collaboration Featuring Classical Music and Contemporary Dance,overstatement
934,3D-printed eyes help faces grow: nothing unnatural about that.,Satirical Article Critiques Stereotypes About 3D-Printed Prosthetics,irony
935,college freshman from florida has never seen people complain about snow for 5 months before,Florida College Freshman Struggles to Adjust to Cold Weather,irony
936,california to allow prisoners to serve sentences online,California Announces Plan to Allow Prisoners to Serve Online Sentences,overstatement
937,mad lit professor puts finishing touches on bloomsday device,University of Chicago Professor Finalizes Plans for 1916 Bloomsday Celebration,sarcasm
938,dana loesch rethinking loyalties after seeing how much airtime teen activists getting,Dana Lösch Criticizes Teen Activism and Media Coverage,irony
939,"Leaked cables contradict Clinton? I'm shocked, simply shocked.",Satirical Article Mocks Clinton Email Scandal With Fictional Cables,irony
940,peer group forces man to have opinion on 'weird al',Peer Group Encourages Man To Share Opinion On 'Weird Al' Yankovic,sarcasm
941,butterfly under immense pressure not to fuck up timeline with misplaced wing flap,Butterfly Flies in the Air,overstatement
942,Even the flowers are fleeing California's perfect weather for the chilly north.,California Weather Remains Mild and Unseasonably Cool,irony
943,Why can't women just bounce back like superheroes? Baby weight is so rude.,Women Face Significant Health and Social Challenges After Pregnancy,rhetorical_question
944,"Watch: Clearing world anger in one viral video, because that's how problems work.",Viral Video Highlights Global Anger and Frustration Over Ongoing Global Issues,sarcasm
945,report: mom's work friend has no one,Report Highlights Workplace Stress and Loneliness Among Female Professionals,understatement
946,2016: A Year When Voters Mattered a Little,2016 Election Highlights Shift in Voter Power and Political Engagement,understatement
947,new study finds running for 20 minutes each day could add years of soreness to life,Study Finds Daily Running Can Lead to Chronic Soreness and Reduced Physical Activity,sarcasm
948,44 suspicious packages detonated under white house christmas tree,Satirical Article Depicts Fictional White House Christmas Tree Explosion,sarcasm
949,"mitch mcconnell has hands, vocal cords removed to prevent self from holding hearing on scalia replacement",Mitch McConnell Faces Criticism Over Potential Supreme Court Nominee,satire
950,"Yes, you can use government money to get out of student loan default. Nothing says fiscal responsibility like borrowing more to pay off debt.",Student Loan Default and Debt Relief Options,irony
951,"The five parent types that everyone universally adores to despise, no exceptions.",Parents Frequently Criticized for Their Strict Parenting Styles,overstatement
952,clinton's head sawed off,Satirical Article Imagines Fictional Scenario Where President Clinton's Head Is Severed,overstatement
953,report: this not a gun,Report Highlights Misconceptions About Common Household Items,sarcasm
954,Interior Department's brilliant plan: slice the Endangered Species Act—because who needs pandas when we have more drilling?,Interior Department Proposes Drilling in Endangered Species Areas,satire
955,budget woes force heaven to reduce eternal life to 500 billion years,Congressional Budget Deficits Force Heaven to Reduce Eternal Life Span,satire
956,Distributor won't release Louis C.K. film after misconduct? Hollywood morals at work.,Louis C.K. Film Distribution Delayed Following Sexual Misconduct Allegations,sarcasm
957,"Do I need to upgrade my health insurance? Unless you want bankruptcy from a minor allergy, probably a good idea.","Health Insurance Costs Rise, Leaving Many Americans Struggling to Afford Coverage",overstatement
958,"Deputy who flipped Spring Valley High student acted reprehensibly? Say it ain't so, school officials!",Spring Valley Deputy Faces Criticism for Allegedly Flipping Student,sarcasm
959,Oil lobby opposes Obama's oil tax – say it with me: utterly predictable.,Oil Lobby Opposes Obama's Proposed Oil Tax,sarcasm
960,entitled burger king employee wants $15 an hour just for dealing with worst of america every day,Burger King Employee Demands $15 Per Hour Wage,sarcasm
961,Living with mindfulness and love? That's the solution to all world problems.,Satirical Article Critiques Mindfulness Movement's Oversimplification of Global Problems,satire
962,Michelle Obama's daily habit is all about happiness: because positive vibes fix systemic issues.,Michelle Obama's Daily Routine Focuses on Positivity and Self-Care,understatement
963,1970 Cosmo's guide for ladies: timeless advice on pleasing men with your hands.,1970 Cosmo's Guide for Ladies,satire
964,cricket located,Cricket Found in Home,understatement
965,new employee still eager enough to pick up slack for coworkers,New Employee Takes On Additional Responsibilities to Support Colleagues,sarcasm
966,"defense: 'george zimmerman is, you know, he's a decent enough guy'",Defense Attorneys Argue George Zimmerman's Guilt in Florida Manhunt,sarcasm
967,gondolier ordered to follow that gondola,Gondolier Orders Passenger to Follow Gondola,sarcasm
968,tucker carlson angrily explains difference between good baby and bad baby,Tucker Carlson Discusses Parenting Differences Between Good and Bad Babies,sarcasm
969,mom uses full name to refer to bisquick impossibly easy cheeseburger pie,Mother Makes Bisquick Cheeseburger Pie for Family Dinner,irony
970,"Aww, how quaint – an LGBT foster youth has a Christmas wish. How utterly unexpected and not at all heartwarming.",LGBT Foster Youth Face Unconventional Challenges During the Holiday Season,irony
971,Christian sideshow in acts of terror. Peaceful as always.,Satirical Article Critiques Religious Extremism and Violence,irony
972,"'nothing would surprise me at this point,' says man who will be shocked by 8 separate news items today",Local Man Prepares for Day of Multiple News Updates,irony
973,"Comedian justly berates 'SNL' for its 30-year gay cast member drought, a true scandal",SNL Cast Member Dan Castellaneta Joins Cast,sarcasm
974,royal baby spits up on great-grandmother,Royal Baby Spits Up on Great-Grandmother,understatement
975,"Putin's childhood friends defend him in SNL spoof: Loyalty knows no bounds, even for 'petty' pals.",Satirical Article Mocks Putin's Alleged Loyalty to Friends,satire
976,Nothing says 'romance' like rewatching 'The Notebook' while eating cold pizza alone.,Local Man Watches 'The Notebook' While Eating Cold Pizza Alone,irony
977,greenspan just repeating detractors' criticisms in high-pitched girly voice,Federal Reserve Chairman Greenspan Faces Criticism Over Monetary Policy,satire
978,Out-bad Chronicles: Fantasy from Hell – hell must be running out of bad fantasies.,Fantasy Novel 'Out-Bad Chronicles' Explores Dark Themes and Graphic Content,satire
979,"Trump picks another insider for transportation role, shocking no one.",Trump Appoints Transportation Secretary Elaine Chao,sarcasm
980,"Can Reddit ban hate? Sure, just like we banned guns.",Reddit Bans Hate Speech and Violent Content,rhetorical_question
981,Conscious uncoupling is wimping out? And other groundbreaking life lessons from the enlightened.,Conscious Uncoupling and Relationship Breakups,satire
982,entire republican national convention stunned as ann romney asks for divorce,Romney Campaigns for Vice Presidency,satire
983,amount of water man just used to wash dish to be prize of hand-to-hand combat match in 2065,Local Man Wins Hand-to-Hand Combat Match,overstatement
984,"The U.S women's gymnastics team turns heads at the VMAs: with their flawless routines, obviously.",U.S. Women's Gymnastics Team Competes at the 2013 VMAs,overstatement
985,woman 7 golden retrievers short of childhood vision,Woman Visits Local Pet Store With Seven Golden Retrievers,understatement
986,report: shame of walking out without buying anything drives 90% of purchases at small businesses,Study Finds Small Businesses Often Prioritize Customer Loyalty Over Profit,overstatement
987,Pro-Trump trolls target Megyn Kelly's book? So respectful and on-topic.,Megyn Kelly's Book Criticized for Being Too Politically Correct,sarcasm
988,Washington players celebrate with simulated 'stop and frisk'—tasteless humor at its finest.,Washington Players Celebrate Super Bowl Win With Fake Police Stop,sarcasm
989,Britain's EU referendum polls close? Time to see which side's bitterness wins the day.,UK Votes to Leave EU in Historic Referendum,satire
990,"A toddler's deep insights into mortality—because kids are basically philosophers, right?",Toddler's Deathbed Reflections Highlight Philosophical Nature of Childhood,overstatement
991,nra spokesman: a hebrew?,NRA Spokesman Criticized for Using Hebraic Stereotypes,rhetorical_question
992,genetic experiment goes horribly right,Satirical Article Depicts Fictional Genetic Experiment That Results in Human Being,irony
993,"Feeding people, and democracy, to death – our efficient governance model.",Critics Argue That Efficient Governance Models Often Neglect Public Services and Public Welfare,overstatement
994,video game shopkeeper starting to get suspicious after selling 800 bombs to player,Video Game Shopkeeper Suspicious After Customer Purchases 800 Explosives,irony
995,nutella briefly entertained as lubricant,Satirical Article Imagines Nutella as Lubricant,satire
996,"I was pranked by Muhammad Ali, the boxer known for his poetic trash talk, what a harmless joke.",Muhammad Ali's Famous Boxing Routines and Promotional Tactics Remain Iconic,irony
997,Father of Parkland victim creates powerful mural: because what's a few more names on a wall?,Father of Parkland Victim Creates Mural in Memory of Son,sarcasm
998,"report finds koch brothers increasingly falling under control of influential, high-powered trillionaire",Report Highlights Koch Brothers' Growing Influence and Financial Power,overstatement
999,"A high school denies a gay student a scholarship, upholding timeless values of exclusion.",High School Denies Gay Student Scholarship,sarcasm
1000,"Illustrations sum up anxiety, because a picture is worth a thousand panic attacks.",Illustrations Depict Anxiety and Panic Attacks,irony
1001,"National Enquirer, bastion of truth, turns on Michael Cohen – the plot thickens.",National Enquirer Publishes Exclusive Michael Cohen Story,irony
1002,Throwing in the towel? How original for a media mogul.,Media Mogul John Malone Announces Retirement From Television Broadcasting,satire
1003,"Williams' lies so elaborate, Pinocchio would need a longer nose to keep up.",Williams' Claims of Involvement in 1980s Mafia Dispute Draw Criticism,overstatement
1004,grounded plane makes snow angel on tarmac,Commercial Airplane Lands on Runway,irony
1005,"Trevor Noah reveals Trump is raking in cash as president, what a successful side hustle.",Trevor Noah Discusses Trump's Financial Success as President,overstatement
1006,visine introduces new eye-whitening strips,Visine Introduces New Eye Whitening Strips,satire
1007,Greed and resistance in Sarawak's rainforest – corporations always have our best interests at heart.,Sarawak Residents Criticize Foreign Corporations for Disregarding Local Interests,sarcasm
1008,"Democrat says GOP is holding government hostage, because they're just so reasonable.",GOP Lawmakers Criticized for Holding Government in Hostage Situation,sarcasm
1009,"bob barr on two-party system: ""waaah! waaah!""",Bob Barr Criticizes Two-Party System in Democratic Primary,sarcasm
1010,al-qaeda chatter deteriorates into gossip,Al-Qaeda Leaders Discuss Tactics and Strategies,sarcasm
1011,time traveler from 2008 freaked out by guy wearing google glass while smoking e-cigarette,Google Glass Displayed on Smartphone,satire
1012,"FBI employees showcase their subtle, professional loyalty to Comey with 'Comey is my homey' shirts at family day.",FBI Employees Wear 'Comey is My Homey' Shirts at Family Day,satire
1013,self-conscious panda swears it overheard zookeeper refer to it as 'giant',Panda Photographed in Natural Habitat,irony
1014,McKinsey reveals that equality might boost economy; someone alert the Nobel committee.,McKinsey Report Highlights Economic Benefits of Achieving Gender Equality,satire
1015,Veterans are pissed at Trump for not spelling Marine Corps – the real issue.,Trump Administration Faces Criticism Over Handling of Marine Corps,sarcasm
1016,"police chief says there just a few bad, deeply ingrained prejudices giving all cops a bad name",Police Chief Addresses Criticism of Police Practices,understatement
1017,"American women suddenly all want kids, population boom imminent!",American Women's Desire for Children Increases Amid Economic and Social Pressures,overstatement
1018,history teacher has unusual favorite president,History Teacher Discusses Favorite U.S. Presidents,understatement
1019,"Ten supremely obvious tips you've heard a thousand times, now repackaged as groundbreaking life hacks for the chronically online.",Online Users Share Repeated Life Hacks With New Audience,sarcasm
1020,makers of good friends cereal not sure how two pictures of ann coulter got on box,Ann Coulter's Political Views and Controversial Statements Frequently Feature on Cereal Boxes,satire
1021,"ESA lander poised for its small, insignificant, totally routine Martian adventure.",ESA's Mars Lander Scheduled to Launch in 2022,understatement
1022,"David Chase analyzes Sopranos ending shot-by-shot, essential viewing for understanding the universe.",David Chase Analyzes Sopranos Ending Shot-by-Shot,overstatement
1023,"Barack Obama graciously helps Donald Trump deal with Twitter loss, showing presidential kindness.",Trump Criticizes Obama's Twitter Account,sarcasm
1024,navy discontinues use of 'port' and 'starboard'will now refer to left as 'thunk' and right as 'moosh-baroo',Navy Discontinues Use of Traditional 'Port' and 'Starboard' Terms,overstatement
1025,"Kidnapping suspect says vaccine's side effects led him to crime. Blame the vaccines, not the fact that he's a kidnapper.",Vaccine Safety Concerns and Side Effects Draw Criticism From Parents and Experts,sarcasm
1026,"trump boys leave $5 bill, candy bar under propped-up laundry basket in effort to catch op-ed writer",Trump Brothers Leave $5 Bill and Candy Bar Under Laundry Basket,satire
1027,Trump nominee suddenly loves the agency now that there's a paycheck involved – what a surprise!,Trump Nominee Appointed to Federal Agency,sarcasm
1028,stressed lab rat breaking out in human ears,Lab Rats Frequently Experience Stress and Anxiety,overstatement
1029,resourceful man able to cobble together bad mood from handful of minor annoyances,Local Man Copes With Minor Discomforts By Focusing On Positive Aspects,irony
1030,rare quarter worth 26 cents,Philadelphia Minted 1967 Quarter,understatement
1031,Montana Dems nominate a banjo player for special election: Because why elect a politician when you can have a musician?,Montana Democrats Nominate Banjo Player for Special Election,irony
1032,new speech recognition software factors in user's mouth always being full,Speech Recognition Software Faces Criticism Over Inaccurate Transcriptions,satire
1033,17 ways to make the most of what's left of summer: as if you weren't already masterfully procrastinating.,Summer Vacation Season Remains Popular Despite Procrastination,understatement
1034,Jessica Simpson takes the plunge after crushing us with reality TV news – our hearts are shattered.,Jessica Simpson's Reality TV Career and Marriage to Brad Pitt,overstatement
1035,dinner party conducting full-scale investigation to determine if tip was included,Dinner Party Guests Investigate Tip Included in Meal,overstatement
1036,man swells with shame after entering zip code into girl scout cookie locator,Man Searches for Girl Scout Cookies Online,overstatement
1037,"Trump says Congress won't change libel laws: consistency is key, even when wrong.",Trump Defends Supreme Court Nomination Amid Criticism Over Legal Consistency,sarcasm
1038,Marathon for kids with heart disease – because running cures everything.,Local Children Participate in Heart Health Marathon,understatement
1039,Want to be shot from a cannon? Bello the clown makes dreams come true.,Bello the Clown Performs at Birthday Party,irony
1040,How to make fashion week's glitter eyeliner actually wearable without blinding your coworkers.,Fashion Week Eyeliner Trends Highlighted,irony
1041,breaking: thriller writer jeffery deaver at top of his game,Jeffery Deaver's Thriller Series Continues to Dominate Bestseller Lists,irony
1042,Epidemic of Gun Silence: No One Talks About Guns Anymore,Gun Violence Declines Amid Public Silence,irony
1043,"onion social ceo caught by law enforcement at miami airport with $800,000 in cash","Onion Social CEO Faces Federal Charges for $800,000 in Unlawful Cash",satire
1044,A long-shot push to confirm Garland fails? What a shocker.,Supreme Court Nomination Confirmation Process Faces Challenges,understatement
1045,"This one song will absolutely, definitely change your life and solve all societal ills.",Local Man Claims One Song Will Solve All Social and Political Issues,overstatement
1046,20-something thinking about maybe doing something funny with his facial hair,Local Man Considers Facial Hair Makeover,understatement
1047,jonathan safran foer guesses it's time to give up on silly little dream of becoming good writer,Jonathan Safran Foer Reflects on Career Progress and Writing Goals,sarcasm
1048,"Linda Brown dies, but segregation's legacy thrives – progress, isn't it?",Linda Brown Dies at 85,irony
1049,child clinging to daddy's leg like it's helicopter evacuating saigon,Father and Child Hold Hands During Family Vacation,overstatement
1050,historical archives: amazing publick spectacle!,Historical Archives Highlight Public Spectacle of 19th-Century Events,satire
1051,"Sudan's chemical weapons use confirmed, because diplomacy is overrated.",Sudan's Chemical Weapons Program Faces International Criticism Over Diplomatic Inaction,sarcasm
1052,What better way to dispel myths than with a toy that highlights differences?,Toy Manufacturer Introduces New Educational Toy to Address Common Misconceptions About Different Cultures,rhetorical_question
1053,"Oh great, the 'quadruple bottom line' is finally here—because three bottom lines were clearly insufficient for our existential dread.",Satirical Article Mocks Corporate Financial Reporting With Fictional Quadruple Bottom Line,sarcasm
1054,Texas GOP Chair Laments Inclusion of Gay Conversion Therapy: So Brave to Defend a Practice Everyone Knows Is Nonsense,Texas GOP Chair Defends Conversion Therapy Amid Criticism,sarcasm
1055,pornstar has face only stepmother could love,Porn Star Faces Criticism Over Appearance and Lifestyle,irony
1056,florida passes strict ban on being unarmed,Florida Passes Legislation Restricting Unarmed Citizens,irony
1057,Cuba joins one billion rising: because ending violence is so easy with communism.,Cuba's Economic and Political Challenges Remain Despite Continued International Support,sarcasm
1058,fcc passes mandatory garofalo/griffin guest-appearance regulation,FCC Passes Regulation to Require Comedy Guest Appearances,satire
1059,mitsubishi from 'the fast and the furious' lands first directorial role,Mitsubishi Announces First Directorial Role,irony
1060,report: video games will never be art,Report Highlights Video Game Artistic Value and Cultural Significance,irony
1061,Secretive WHCD pre-party: where celebs pretend to care about journalism.,Satirical Article Imagines Fictional White House Correspondents' Dinner,satire
1062,area man hurt,Local Man Injured in Car Accident,understatement
1063,FDA warns another company about unapproved genetic tests. Because we need more ways to mess with our genes.,FDA Warns Companies About Unapproved Genetic Tests,sarcasm
1064,Mark Hamill shuts down Trump's latest complaint with 3 blistering words—the Jedi Master of clapping back has entered the chat.,Mark Hamill Responds to Trump's Criticism With Forceful Clapping,overstatement
1065,"Scientology's 'Going Clear' is just like the original, but with more truth, apparently.",Satirical Article Mocks Scientology's Claims With Fictional Documentary,sarcasm
1066,if the culture fits... because who needs qualifications when you have a shared love for ping-pong?,Local Man Says He Would Be Perfect for Corporate Job Despite Lack of Qualifications,irony
1067,Laverne Cox taught the cast about trans issues—because Hollywood never learns anything.,Laverne Cox Discusses Trans Issues on The L Word,irony
1068,"Siri helps hero 4-year-old save his unconscious mom's life: Apple, now with life-saving features!",Apple Introduces New Features to Enhance Safety and Emergency Services for Parents,irony
1069,crowd shocked after unhinged trump dangles baby from truman balcony,Trump Dangles Baby From Truman Balcony During Campaign Rally,overstatement
1070,10 motivational phrases? Because affirmations build skyscrapers.,Experts Recommend Daily Affirmations for Personal Growth,overstatement
1071,wal-mart greeter at death's door,Wal-Mart Greeter Dies in Hospital,understatement
1072,Ivanka Trump promises Daddy will fix labor laws for women—what could go wrong?,Ivanka Trump Promises to Address Labor Laws for Women During Campaign Rally,irony
1073,area man likes food,Local Man Enjoying Dinner at Restaurant,understatement
1074,vp pick energizes republican basest,VP Pick Mike Pence Draws Support From Republican Base,sarcasm
1075,Watch Justin Timberlake do the robot in 'Filthy': a dance move so innovative it redefines music videos.,Justin Timberlake Performs Dance Routine in New Music Video 'Filthy',overstatement
1076,tim kaine clearly ate rocket pop during pence's rebuttal,Satirical Article Imagines Tim Kaine Consuming Rocket Pop During Pence's Vice Presidential Rebuttal,sarcasm
1077,school teacher not about to risk her life for derek,Teacher Warns Students Against Romantic Relationships With Students,sarcasm
1078,michael j. fox reluctantly fields hoverboard question during parkinson's research benefit,Michael J. Fox Attends Parkinson's Research Benefit,sarcasm
1079,A small drop in vaccines? Just a tiny risk of tripling infections.,CDC Warns of Potential Vaccine Safety Risks,understatement
1080,orlando locals fear town starting to become overrun by tourists,Orlando Residents Express Concerns Over Tourist Overcrowding,overstatement
1081,noncompete clause in lease bars tenants from living anywhere else for 90 days after moving out,Tenant Faces 90-Day Lease Termination After Moving Out,irony
1082,spoon's weight topples pint in jarring reminder of how much ice cream area man ate in one sitting,Man Consumes Entire Pint of Ice Cream in Single Sitting,irony
1083,"Women face same career challenges globally? Shocking, that's never been mentioned before.",Women Face Global Career Challenges,understatement
1084,area love knows only court-ordered bounds,Local Couple Marries in Courtroom,irony
1085,"grandma still swallowing okay, grandpa reports",Grandfather Reports Grandmother's Continued Swallowing,irony
1086,Criminal justice system wins gold in failing victims—Olympic performance!,Olympic Performance Highlights Inadequate Victim Support and Justice System Failures,overstatement
1087,"Behold, five national parks that are apparently the best, as proven by a handful of Instagram-worthy snaps.",National Parks Highlighted for Instagram-Worthy Scenic Views,understatement
1088,"A trans author says no one should transition publicly, which is a bold stance from someone who did.",Transgender Woman Shares Personal Views on Transitioning,irony
1089,dr. scholl's introduces new cartilage inserts for all-day knee pain relief,Dr. Scholl's Introduces New Knee Pain Relief Products,overstatement
1090,"Chelsea Handler's last-minute reminder: don't vote for Trump, as if you needed another reason",Chelsea Handler Urges Voters to Reject Trump in Final Campaign Message,sarcasm
1091,area man stops self after eating 3 advent calendars,Local Man Stops Eating Three Advent Calendars After Consuming All Treats,understatement
1092,The world stopped spinning because DiCaprio and Gaga shared a glance at the Golden Globes.,Leonardo DiCaprio and Lady Gaga Share a Moment at the Golden Globes,overstatement
1093,"Being obese is linked to 11 cancers, but it's probably not that serious.",Study Links Obesity to Increased Risk of 11 Cancers,understatement
1094,pilot tells passengers he's about to try something,Pilot Announces Emergency Landing in Mid-Air,irony
1095,Revolution? More like a mild protest with tea parties.,Local Residents Organize Tea Party Protest Against Government Policies,understatement
1096,department of the interior sets aside two million acres for car commercials,Interior Department Announces $2 Million Budget for Car Advertising Campaigns,satire
1097,Leaving a wonderful man after 27 years – who needs happiness anyway?,Local Man Leaves Wife After 27 Years of Marriage,sarcasm
1098,report: it too soon to glance back at attractive person,Study Finds People Often Overlook Attractive Individuals Before Returning to Them,irony
1099,"Another Sigma Nu chapter suspended for offensive remarks, fraternities are such models of decorum.",Sigma Nu Fraternity Suspends Chapter for Violating Fraternity Code of Conduct,sarcasm
1100,"Meet 'Teacher,' the futuristic machine that will revolutionize drawing by showing you how to hold a pencil – groundbreaking.",Satirical Article Critiques Overreliance on Technology in Art Education,satire
1101,report: u.s. economy loses $20 billion annually to americans writing ideas down illegibly,Report Highlights Economic Impact of Poor Note-Taking Habits,overstatement
1102,atari releases updated adventure video game,Atari Releases Updated Adventure Video Game,irony
1103,Jeb Bush's adviser on predatory college board: helping students or helping himself?,Jeb Bush's Education Adviser Criticized for Prioritizing Political Gain Over Student Success,sarcasm
1104,departing obama tearfully shoos away loyal drone following him out of white house,Obama Departs White House for Final Farewell Address,satire
1105,dad thought he could make it out of zoo without buying kids light-up shit,Father Visits Local Zoo With Children,understatement
1106,self-helped woman won't stop at just self,Local Woman Shares Self-Help Strategies With Friends,satire
1107,jared and ivanka holding each other at gunpoint in kitchen after simultaneously revealing undercover identities,Jared Kushner and Ivanka Trump Reportedly Undergo Secret Identity Reveal,overstatement
1108,upcoming election deduced from sports illustrated content,Sports Illustrated Covers Election Coverage,irony
1109,"A possible pardon is 'destructive and unpresidential'? In this political climate? I am shocked, simply shocked.",President Trump Faces Criticism Over Potential Presidential Pardon,irony
1110,subway manager disgusted by sight of cold cut combo devouring large rat,Subway Manager Reports Rat Found in Sandwich,irony
1111,pep-rally skit rumored to involve cross-dressing principal,Pep Rally Skit Features Principal in Cross-Dressing Costume,satire
1112,struggling don rickles has nothing but nice things to say about audience,Don Rickles Performs at Las Vegas Show,irony
1113,romney appeals to hispanic voters for return of watch he left on dresser,Romney Campaigns for Hispanic Voters in Florida,satire
1114,alcohol goes right back to abuser every time,Study Finds Alcohol Consumption Does Not Cure Alcohol Abuse,irony
1115,popular new dating app just list of 20 attractive singles to repeatedly scroll through,New Dating App Features Profile Photos of 20 Users,satire
1116,chuck e. cheese's pit boss tells floor attendant to keep an eye on guest winning big at skee-ball,Chuck E. Cheese's Pit Boss Maintains Strict Rules for Guests Playing Skee-Ball,satire
1117,"Ohio State Fair accident caused by 'excessive corrosion'—just a little rust, nothing serious.",Ohio State Fair Accident Reported After Horse Dies in Tractor-Driven Crash,understatement
1118,A GOP billionaire backing a politician? How unprecedented and not at all predictable.,GOP Billionaire Endorses Trump Over Other Candidates,irony
1119,You've been frying with olive oil? The horror! Next you'll tell me you use butter.,Local Woman Expresses Frustration Over Friends' Use of Olive Oil,sarcasm
1120,"Scientists glimpse elusive mineral. Finally, a rock that's hard to find. Revolutionizing geology.",Satirical Article Imagines Discovery of Rare Mineral,understatement
1121,"Radio hosts fired over transphobic broadcast? Shocking, who would have thought bigotry has consequences?",Radio Hosts Fired Over Transphobic Broadcast,sarcasm
1122,woman informs husband that he made new friend,Local Woman Discovers Husband's New Friend,irony
1123,A man records his life for five years—because privacy is overrated.,Man Records Five-Year Life Story to Document Personal Experiences,sarcasm
1124,"Michelle, Ross and Carson on wild ride to Drag Race – stability is overrated.","Michelle, Ross, and Carson Compete on Season 11 of The Real Housewives of Beverly Hills",satire
1125,"Pope condemns Islamic State terrorism in Christmas message, spreading holiday cheer as usual.",Pope Francis Addresses Terrorist Attacks in Paris and Calls for Peace,irony
1126,"Ex-cop guilty and drinks poison? Creative, but prison is still waiting.",Former Police Officer Sentenced to 30 Months in Federal Prison for Drug Trafficking,irony
1127,man who couldn't defeat george w. bush attempting to resolve israel-palestine conflict,Former President George H.W. Bush Dies at 94,sarcasm
1128,Trump's already urging policy changes after NYC terrorist attack – without waiting for 'the facts' – because evidence is for losers.,Trump Urges Immediate Policy Changes Following NYC Terrorist Attack,sarcasm
1129,sean hannity: 'i will be dispelling any and all factual claims about me during my show',Sean Hannity Defends Himself Against Criticism Over Political Views,irony
1130,mitt romney reaches out to young voters with laser tag pizza party,Romney Campaigns for Young Voters at Las Vegas Pizza Party,satire
1131,"Princess Charlotte's christening was so fashionable, it made biblical events look casual",Princess Charlotte's Christening Attire Draws Comparisons to Biblical Events,satire
1132,man prefers comic books that don't insert politics into stories about government-engineered agents of war,Local Man Expresses Disinterest in Political Themes in Superhero Comics,irony
1133,boy scouts celebrate proud history of preparing teens for not having cool friends,Boy Scouts of America Celebrates 100th Anniversary,sarcasm
1134,alpha trick-or-treater established by third house,Third House of the Zodiac,irony
1135,GOP senators support McConnell while feuding with Trump—party unity.,GOP Senators Maintain Party Unity Amid Trump's Continued Presidential Campaign,satire
1136,11-year-old moron can't wait to get her first period,11-Year-Old Girl Prepares for First Period,sarcasm
1137,Two-Year Contracts Dead: Your Phone Plan Will Never Be the Same,AT&T Announces Two-Year Contracts for Existing Customers,overstatement
1138,nation waiting for protesters to clearly articulate demands before ignoring them,Protesters Gather Nationwide to Demand Political Change,sarcasm
1139,history channel helicopter to give viewers bird's eye view of history,History Channel Announces New Series Featuring Helicopter Footage of Historical Events,irony
1140,Sacred Sites: Where Tourists Leave Offerings of Selfie Sticks,Tourists Visit Sacred Sites in Mexico,irony
1141,Some photos from Gaza suggest minor inconvenience and mild casualties.,Photoshopped Image Depicts Gaza Conflict,understatement
1142,horrible band obviously not listening to its influences,Local Band Performs at Local Bar,sarcasm
1143,increasingly anxious man worried order confirmation email never going to come,Man Expresses Anxiety Over Order Confirmation Email,overstatement
1144,hollywood plans big-budget remake of mr. & mrs. smith,Hollywood Plans Big-Budget Remake of Classic Mr. & Mrs. Smith,satire
1145,study: human ability to cooperate most strongly exhibited when ordering pizza,Study Finds Humans Cooperate Most When Ordering Pizza,satire
1146,Gregg Popovich calls Trump a 'soulless coward'—what a nice way to describe a stable genius.,Gregg Popovich Criticizes Trump's Leadership Style,sarcasm
1147,Unwinnable war? We're just getting started on the winning part.,U.S. Military Officials Discuss Strategic Objectives and Tactics in Ongoing Conflict,sarcasm
1148,'Daddy' solves toxic masculinity by blaming teenage girls – problem effectively addressed.,Father Addresses Teenage Daughter's Misbehavior,sarcasm
1149,"Greece and creditors dig in: another day, another financial standoff.",Greece and European Creditors Face Ongoing Financial Crisis,understatement
1150,scientists pinpoint part of brain all your hair grows out of,Researchers Identify Specific Brain Regions Linked to Hair Growth,satire
1151,woman all geared up to complain about work sidelined by friend with marital problems,Woman Plans to Complain About Friend's Marital Issues at Office,irony
1152,"Purritos: Combining cats, burritos, and the internet into one absurd trend that we somehow love.",Purritos Launches New Line of Cat-Themed Burritos,overstatement
1153,hillshire farm releases circumcised bratwurst,Hillshire Farm Bratwurst,satire
1154,poignant dying words wasted on dumbshit nephew,Nephew Dismisses Grandfather's Final Words,sarcasm
1155,jay-z gives shout-out to his shareholdaz,Jay-Z Shares Photo of Himself with Cashmere Throw Blanket,satire
1156,"Paper airplane hits soccer player, a stunning display of accuracy.",Soccer Player Struck by Paper Airplane During Game,irony
1157,sighing banksy methodically kills another few kids who stumbled upon him doing graffiti,Banksy's Street Art Criticized for Violating Local Laws and Safety Concerns,sarcasm
1158,american psychiatric association adds 'obsessive categorization of mental conditions' to 'dsm-5',American Psychiatric Association Updates Diagnostic Manual to Include More Specific Criteria for Mental Health Conditions,sarcasm
1159,"Dascha Polanco opens up about insecurities – because stars are human, sort of.",Dascha Polanco Discusses Personal Insecurities and Career Challenges,irony
1160,"Japan's economy 'recovers' with growth so weak, it's almost not there.",Japan's Economic Recovery Faces Challenges Amid Global Economic Uncertainty,understatement
1161,"The first H&M x Balmain campaign images are finally here, and the fashion world may never recover.",H&M Launches New Balmain Collaboration Campaign,overstatement
1162,'breaking bad' ends with reveal that whole series was plot of book marie shoplifted,Breaking Bad Ends With Final Episode Featuring Book Plot,satire
1163,report: someone robbed that kfc again,Report Highlights Frequent KFC Customer Theft,sarcasm
1164,Fox News admits their taunt was all Roger Ailes—as if we needed confirmation.,Fox News Faces Criticism Over Roger Ailes' Sexual Harassment Allegations,sarcasm
1165,"In a touching, traditional wedding moment, the bride abandons her own ceremony to fulfill her professional duties. So romantic.",Bride Abandons Wedding Ceremony to Attend Work Meeting,satire
1166,Sophie from 'The Holiday' is all grown up—time to check your own mortality.,Sophie from 'The Holiday' Celebrates 20th Birthday,understatement
1167,"Mad Men actor's wedding to bring hope to Mississippi, because love solves poverty.",Mad Men Actor Jon Hamm Marries In Mississippi,satire
1168,way too much raised for bronchitis research,Bronchitis Patients Face High Costs for Medical Treatment,overstatement
1169,Kim Kardashian: 'Be as honest as Kanye'—the epitome of tact and diplomacy.,Kim Kardashian Discusses Her Approach to Public Diplomacy and Media Management,satire
1170,"Gladys Knight sues to disown chicken and waffles, because breakfast is overrated",Gladys Knight Sues To Disown Chicken And Waffles,sarcasm
1171,singles bar contains single woman,Local Woman Visits Singles Bar,understatement
1172,local household announces plans to overdo halloween again,Local Family Plans to Host Multiple Halloween Parties This Year,sarcasm
1173,"Leslie Jones' website hack investigated by DHS—priorities, people, priorities.",DHS Investigates Alleged Cyber Attack on Leslie Jones' Website,understatement
1174,area dad wants to watch new blu-ray of 'spring breakers' by himself,Local Father Plans to Watch 'Spring Breakers' Alone,sarcasm
1175,conjoined twins separated at birth reunited in freak accident,Conjoined Twins Reunited After 30-Year Separation,irony
1176,"Watch live: The former ambassador graces us with his foreign policy wisdom, how thrilling.",Former U.S. Ambassador to the United Nations John Kerry Delivers Remarks at UN General Assembly,satire
1177,okie hears there's sam's club work in new mexico,Sam's Club Opens New Location in New Mexico,irony
1178,EU's migration plan: a shining beacon of human rights—if your idea of rights is 'drowning politely.',EU Migration Policy Faces Criticism Over Detention Conditions and Border Control,sarcasm
1179,new prisoner recognized from 'scared straight' visit,Former Prisoner Reunited With Fellow Inmate After Visiting Program,irony
1180,Don't roll out the red carpet for Vietnam's autocratic leader? But he brings such charming oppression.,Vietnam's Authoritarian Leadership Faces Criticism for Repressive Policies,sarcasm
1181,report: fax machines still pretty impressive if you think about it,Report Highlights Decline in Fax Machine Usage,irony
1182,Friday talking points: Because panicking is so last season.,Experts Warn Against Overreacting to Financial Market Volatility,irony
1183,"The ABCs of parenting today, with a hipster twist – teaching toddlers to appreciate cold-pressed juice before bedtime.",Parents Introduce Cold-Pressed Juices to Toddlers' Diets,overstatement
1184,Bodies in urban spaces: art that's not disturbing at all.,Art Installations in Urban Spaces,overstatement
1185,Because we needed eighteen reminders that summers were better before we had responsibilities.,Summer Vacation Reminders Highlight Importance of Relaxation and Leisure,satire
1186,trump makes light-hearted jokes with dead bodies of hurricane victims during visit to carolinas,Trump Visits Carolinas to Support Hurricane Victims,sarcasm
1187,bride always dreamed about making fiancé's friends sweat asses off in fucking sun,Bride Plans Outdoor Summer Wedding,sarcasm
1188,new prescription fish tank eliminates need for glasses while looking at fish,New Prescription Fish Tank Released,overstatement
1189,bianchi introduces new bike for blocking commuters on subway during rush hour,Bianchi Introduces New Bike Designed to Block Commuters on Subway During Rush Hour,satire
1190,Mathew Ward says be willing to work your way up – advice from someone who probably started at the top.,Local Man Offers Career Advice to Young Professionals,irony
1191,"teen zebra doesn't give a shit how much you honk, he's not getting out of road",Teen Zebra Stands in Roadway,sarcasm
1192,country cd put on to impress repair guy,Repairman Fixes Broken CD Player,irony
1193,"Women are the 'problem solvers' in Congress, says Emily's List founder—evidenced by the swift, bipartisan legislation they've passed.",Emily's List Endorses Women for Congress,irony
1194,"Wasted cash in US fishing industry? Just a little inefficiency, nothing to see here.",US Fishing Industry Faces Financial Challenges Amid Declining Market and Declining Revenue,understatement
1195,Immigration reform might actually matter in two Colorado races. A shocking twist in a story that has zero relevance to anything.,Colorado Voters Face Tough Choices in Upcoming Elections,irony
1196,"Cherry blossoms transform iconic D.C. landmarks a week early—must be the global warming party, and you're all invited.",Cherry Blossoms Bloom Early in Washington D.C.,overstatement
1197,Could Quincy Jones be any cooler in this campaign? He's already peak cool.,Quincy Jones Campaigns for Democratic Presidential Nomination,sarcasm
1198,bouncer who's not that big must be fucking crazy,Bouncer at Local Nightclub Faces Criticism for Physical Intimidation,sarcasm
1199,"good guy with gun, bad guy with gun both excited to unload firearm in crowd outside arena",Gunmen Face Charges for Shooting at Arena Crowd,sarcasm
1200,300 million without electricity in india after restoration of power grid,India's Power Grid Restoration Leaves 300 Million Without Electricity,irony
1201,"The burden of hate: so light and fun, said no one ever.",Hate Crimes Remain a Major Public Safety Concern,sarcasm
1202,confused audience member at town hall debate asking about city's new stoplights,Local Resident Questions City's New Traffic Light System at Town Hall Debate,understatement
1203,'Thank you' single-handedly ended all my problems and brought world peace,Local Man Credits 'Thank You' Song For Solving Personal Problems,overstatement
1204,u.s. forces take over key afghan city that will be retaken by taliban when marines leave,U.S. Forces Secure Key Afghan City Ahead of Withdrawal,irony
1205,carl bernstein weeps uncontrollably after learning bob woodward wrote a president book without him,Bob Woodward Publishes First Book About Trump Presidency,satire
1206,sensitive scientists report 5 in 5 women don't know how beautiful they are,Study Finds Women Often Misjudge Their Own Physical Attractiveness,satire
1207,Speak up and give back to fix the economy? If only it were that simple.,Economic Challenges Remain Complex and Difficult to Address,irony
1208,"Testing in classrooms: enhanced interrogation for kids, because why not?",School Administrators Introduce Standardized Classroom Testing to Improve Academic Performance,satire
1209,Ken Burns urges Stanford grads to believe survivors—groundbreaking advice.,Ken Burns Urges Stanford Graduates to Believe Survivors,sarcasm
1210,dog doesn't consider itself part of family,Family Dog Struggles With Separation Anxiety,understatement
1211,concert security drastically overestimating fans' desire to get close to cheap trick,Security Measures at Cheap Trick Concert Intensify,irony
1212,"Universities, public spaces and the democratic way of life: Where debate thrives, or not.",University of Michigan Students Engage in Ongoing Debate Over Campus Governance,irony
1213,latest online security breach forces mom to change post-it,Mother Changes Post-It Note to Secure Home Security System,understatement
1214,busy schedule forces vladimir putin to move up election win a couple days early,Vladimir Putin Wins Russian Presidential Election,satire
1215,Rex Tillerson prepares for the most intense interrogation ever about his impeccable climate change record.,Rex Tillerson Prepares for Intensive Climate Change Interview,sarcasm
1216,guy on roof starting to think he might get away with it,Man Suspended From Roof of Building,irony
1217,"Nestle to switch to cage-free eggs by 2020—animal welfare, but only when convenient.",Nestle Announces Commitment to Cage-Free Eggs by 2020,sarcasm
1218,49-year-old nearly back to pre-middle-school confidence levels,Local Man Returns to Pre-Middle School Confidence Levels,overstatement
1219,A heartwarming tale about bathrooms and identity – just what we needed.,Local Man Shares Personal Story of Bathroom Identity Crisis,satire
1220,u.s. advises allies not to border russia,U.S. Warns Allies Against Military Action Against Russia,irony
1221,dude with knit hat at party calls beer 'libations',Man at Party Mistakes Beer for Wine,sarcasm
1222,"Celebrities and politicians unite for a feel-good photo op supporting LGBTQ rights, how original.",Celebrities and Politicians Gather for Photo Op to Support LGBTQ Rights,satire
1223,'roseanne' taping repeatedly interrupted by reporters trying to interview members of white working class,Roseanne Barr's Comedy Taping Interrupted by White Working-Class Reporters,satire
1224,"Nancy Pelosi to critics: bring it on? She's shaking in her boots, I'm sure.",Nancy Pelosi Faces Criticism Over Handling of House Ethics Investigations,sarcasm
1225,Australian ambassador's Paris engagement gives us impossible relationship goals,Australian Ambassador to France Engages in Romantic Relationship,irony
1226,cruel owner chains bike outside in freezing weather,Local Man Chains Bike to Door in Freezing Weather,sarcasm
1227,burger king franchise owner adds sad little personal touches to restaurant,Burger King Franchise Owner Adds Personal Touches to Restaurant,understatement
1228,radiator saving single loudest clank for 3:32 a.m.,Radiator Maintenance Technician Works Late Shift,sarcasm
1229,"Cancer's next big miracle: immunotherapy, because past treatments were just practice runs.",Immunotherapy Shows Promise in Cancer Treatment,irony
1230,Puppy comforts dog having a nightmare. Is this news or just a cute video?,Puppy Comforts Dog Having Nightmare,rhetorical_question
1231,NFL commissioner's genius solution to domestic violence shows they totally get it.,NFL Commissioner Roger Goodell Addresses Domestic Violence in League,sarcasm
1232,How to rekindle a lost passion in your life: because who needs new hobbies anyway?,Experts Recommend Rekindling Lost Passions to Maintain Personal Fulfillment,rhetorical_question
1233,Valerie Ramsey revolutionizes aging for women: one photo shoot at a time.,Valerie Ramsey Launches New Photo Shoot Campaign,overstatement
1234,clinton blasts obama for slamming edwards jab,Clinton Criticizes Obama's Response to Edwards' Campaign Jabs,overstatement
1235,"France still can't contain terrorism a year after Paris: who saw that coming, besides everyone?",France Faces Ongoing Terrorism Threats Amid Paris Attacks,sarcasm
1236,man figured drug addiction would take up a lot more free time,Man's Drug Addiction Takes Up Significant Time and Resources,irony
1237,"Secret Service wanted to leak embarrassing info. Top-tier security agency, right there.",Secret Service Faces Criticism Over Security Failures and Inadequate Response to Threats,irony
1238,Do Catholic Voters Really Support the Right to Die? That's News to Me.,Catholic Voters Support Right to Die,rhetorical_question
1239,radical islamic extremists snowboard into u.s. embassy,U.S. Embassy in Kabul Faces Security Threats,satire
1240,rumsfeld sick of jokes about his fat girlfriend,Rumsfeld Faces Criticism Over Personal Life and Political Jokes,sarcasm
1241,american public gets exactly what it deserves for 112th straight election,American Public Expresses Satisfaction With 112th Presidential Election,sarcasm
1242,Nevada secretary of state reports 21 noncitizens might have voted—a colossal fraud that will surely topple the election results.,Nevada Secretary of State Reports 21 Non-Citizens May Have Voted in Election,understatement
1243,Friday's email: what to obsess over for four days because your life is that thrilling.,Friday's Email Highlights Daily Tasks and Responsibilities,overstatement
1244,Med students reluctantly consider fighting Obamacare repeal.,Medical Students Express Concerns Over Potential Repeal of Affordable Care Act,understatement
1245,"Because nothing says 'community' like ignoring transphobic assaults, right?",Local Community Members Criticized for Ignoring Transphobic Assaults,irony
1246,visionary sports columnist asserts that muhammad ali's greatest fight wasn't in the ring,Muhammad Ali's Greatest Fight Was Against Sonny Liston,overstatement
1247,epa didn't know anybody was still drinking water,EPA Officials Express Concern Over Public Drinking Water Quality,sarcasm
1248,Mosul battle will determine Iraq's fate forever—or maybe just this week.,Iraqi Forces Advance on Mosul Amid Ongoing Conflict,overstatement
1249,Nina Solomon's love book: the definitive guide to romance that will change your life or at least your dating app profile.,Nina Solomon's Romance Book Explores Dating App Profiles and Relationship Strategies,overstatement
1250,"Employers use temps to skirt immigration laws – innovative, not unethical at all.",Employers Face Criticism for Hiring Temporary Workers to Avoid Immigration Laws,sarcasm
1251,dog can't believe owner left on fucking msnbc to keep it company while she at work,Dog Spends Day Alone While Owner Works From Home,sarcasm
1252,comic-book superrman impervious to copyediting,Comic Book Artist's Work Criticized for Lack of Editing,satire
1253,"New Star Trek series in 2017: finally, the universe-saving we've all been craving.",CBS Announces New Star Trek Series to Premiere in 2017,overstatement
1254,"asian economic woes force layoffs of 700,000 pop stars","Asian Economic Woes Lead to Layoffs of 700,000 Pop Stars",overstatement
1255,Demi Lovato and Wilmer Valderrama take a break. Celebrity relationships are so stable.,Demi Lovato and Wilmer Valderrama Reportedly Take Break From Relationship,irony
1256,Rosamund Pike is ravishing in red. This fashion insight will change your life.,Rosamund Pike Wears Red Dress at Fashion Show,overstatement
1257,"Deaver at his most dynamic? In 'Solitude Creek'? Sure, if dynamic means slow and boring.",Deaver's Performance in 'Solitude Creek' Receives Mixed Reviews,sarcasm
1258,"Ted Cruz defeats Donald Trump in Maine, proving even a loser can win sometimes.","Ted Cruz Wins Maine Primary, Secures Republican Nomination",sarcasm
1259,teen study bible found to increase fun of religion by .03%,Study Bible Found to Increase Religious Engagement Among Teenagers,satire
1260,cockroach worried about what kind of kitchen cupboard he leaving to children,Cockroach Found in Kitchen Cupboard,irony
1261,"Behold the Great Fracturer, who shatters expectations, and the Indispensable Fragmenter, because fragments are everything.",Fracture Analysis Reveals Complex Geology Behind Earthquakes,overstatement
1262,ivana trump calls ex-husband to ask him what he did to her beautiful baby boy,Ivana Trump Calls Ex-Husband Donald Trump Jr. to Discuss Son Barron,sarcasm
1263,"Hannibal Buress jokes about getting death threats after Cosby routine—the circle of life in comedy: tell a joke, get a threat.",Hannibal Buress Performs Stand-Up Routine at Comedy Club,sarcasm
1264,Noel Comrie's GPS guide to self-affirmations: because repeating nice things to yourself is the key to fixing everything.,Noel Comrie Shares Self-Affirmation Techniques,satire
1265,"12 habits of genuine people – fake people, this one's for you.",Satirical Article Mocks Fake Self-Help Trends With Fictional Guide,understatement
1266,jogger horrified by discovery of own gruesome body,Local Jogger Finds Body of Missing 19-Year-Old in Forest,sarcasm
1267,Because nothing melts hearts like a prop infant.,Prop Infant Used in Photo Shoot,satire
1268,diabetic 8-year-old throws worst birthday party ever,8-Year-Old Diabetic Boy Celebrates Birthday With Family,overstatement
1269,Trump's plans will totally redefine America – or something.,Trump Announces Major Policy Shifts Ahead of 2016 Election,overstatement
1270,excited firefighters point out kid on tricycle,Firefighters Patrol Neighborhood Streets on Tricycles,irony
1271,dick durbin wakes up chained to radiator with instructions to saw open own stomach to access kavanaugh report,Dick Durbin Faces Intense Pressure to Support Kavanaugh Confirmation,satire
1272,"jury finds man guilty of murdering wife and children, but gets it",Jury Convicts Man of Murdering Wife and Children in Texas,sarcasm
1273,Aquaman thumbs up Trump's Paris exit: 'Saves underwater real estate!',Aquaman Depicts Trump's Paris Climate Change Withdrawal,irony
1274,"Woman rants over service dog? Clearly, her meal is more important than a veteran's companion.",Woman Criticizes Service Dog for Accompanying Patient at Local Restaurant,sarcasm
1275,russian orphans devastated after realizing trump tower meeting not about getting them adopted,Trump Tower Meeting With Russian Officials Raises Concerns About Ongoing Russian Election Interference,irony
1276,"'well, that was cool,' say archaeologists before dumping bones of king richard iii back into hole",Archaeologists Unearth King Richard III's Remains in Leicester,sarcasm
1277,friends star spontaneously shown attending televised nbc sporting event,Friends Attend NBC Sports Event,satire
1278,World's most innovative companies: Where 'innovation' means slightly better ads.,Satirical Article Critiques Corporate Innovation Tactics,satire
1279,Jack Antonoff opens up about depression. Because nothing says mental health awareness like a celebrity interview.,Jack Antonoff Discusses Mental Health in New Interview,irony
1280,Queer response to Trump's wall: because love needs physical barriers.,Trump Administration Announces Plans to Build Wall Along U.S.-Mexico Border,satire
1281,A Christmas miracle: something mildly pleasant happened.,Local Man Reports Mildly Pleasant Christmas Day Afternoon,understatement
1282,area man released after being wrongfully employed for 9 years,Former Employee Reinstated to Work After 9-Year Absence,irony
1283,"Milk price like gasoline? Soon, we'll pay for air.","Milk Prices Rise, Fueling Consumer Concerns Over Rising Food Costs",overstatement
1284,"j.f.k. high cougars to go, fight, win",JFK High School Football Team Wins State Championship,irony
1285,Latino voters hold the key to saving the planet? What could possibly go wrong?,Voters Cast Ballots in Election,rhetorical_question
1286,cousin really going all-in on retweeting porn stars,Cousin Shares Porn Star Images on Twitter,sarcasm
1287,Challenge: Amplify Sarah Palin's Trump endorsement to levels of absurdity previously unimagined.,Sarah Palin Endorses Donald Trump,overstatement
1288,Beyond conservation: let's exploit until there's nothing left,Conservation Efforts Face Criticism Over Unrealistic Goals and Unrealistic Expectations,irony
1289,"The day she let her son wait in the car: a minor parenting oversight, no big deal.",Mother Reluctantly Allows Son to Wait in Car for 30 Minutes,understatement
1290,foster home gets new shipment,Foster Home Receives New Group of Children,sarcasm
1291,"Mike Trout is the MVP—if you ignore all other players, sure.",Mike Trout Wins 2017 MVP Award,sarcasm
1292,tim ryan attempting to stand out from other candidates on debate stage by wearing blue power ranger costume,Tim Ryan Wears Blue Power Ranger Costume During Debate,satire
1293,Washington state man jailed after attacking three gay men. But let's focus on 'both sides' of the tolerance debate.,Washington State Man Jailed for Assaulting Three Gay Men,sarcasm
1294,man has mosquito on the run,Man Reports Mosquito Bite,overstatement
1295,"et, access hollywood, tmz choppers hovering above scene of gruesome red carpet dress",Red Carpet Dress Features High Neckline and Long Sleeves,satire
1296,local news anchor mistakenly reveals salary during broadcast,Local News Anchor Reveals Salary During Broadcast,satire
1297,A Senate bill that actually helps? Let's wait and see.,Senate Bill Introduced to Address Opioid Crisis,sarcasm
1298,experts refuse to warn of any new health hazards until americans deal with current backlog,Experts Warn of Health Risks from Current Medical Backlog,sarcasm
1299,Flat soda declared. The beverage industry weeps.,Flat Soda Declared Official Beverage,overstatement
1300,slightly larger chair shifts delicate balance of office power,Office Chair Shifts During Meeting,understatement
1301,the backstreet boys or 'n sync release new album,Backstreet Boys and 'N Sync Release New Albums,satire
1302,Bionic fingertip restores touch? That's a neat trick for amputees.,Researchers Develop Bionic Fingertip Prosthetic,understatement
1303,Smear campaign against Michigan candidate shows how welcoming politics is for Muslims. Totally fair.,Michigan Candidate Faces Intense Political Scrutiny,sarcasm
1304,"Jeb Bush quits firm that profited from Obamacare: finally, a principled stand.",Jeb Bush Quits Firm That Profited From Obamacare,sarcasm
1305,Netanyahu in bribery probe—this could topple governments and change history as we know it!,Netanyahu Faces Bribery Allegations Amid Political Turmoil,overstatement
1306,republican establishment quietly relieved party no longer their responsibility,Republican Party Faces Criticism Over Lack of Leadership and Policy Direction,irony
1307,12 ways to make your divorce as expensive as possible: like setting money on fire,Divorcing Couples Face Financial Challenges,overstatement
1308,pair of 26-year-olds hit it off after learning they have student loans from same bank,Two University of Michigan Students Meet at Bank Branch,irony
1309,evening's events immediately recapped with digital-camera slide show,Local Woman Uses Digital Camera to Record Evening Events,irony
1310,wheelchair basketball game enjoyed for all the wrong reasons,Wheelchair Basketball Game Draws Large Crowd,sarcasm
1311,"Man tries to set fire aboard plane in China, adding a touch of excitement to air travel.",Man Attempts to Set Fire on Commercial Flight in China,irony
1312,all those years shopping at independent bookstore wasted,Local Woman Reflects on Years of Shopping at Independent Bookstores,irony
1313,"Afghan president offers to legitimize Taliban, because peace talks are just that simple",Afghan President Offers to Facilitate Peace Talks Between Taliban and Government,sarcasm
1314,Philippines president promotes citizen-led drug eradication – because nothing says justice like mob rule.,Philippines President Promotes Citizen-Led Drug Eradication Efforts,sarcasm
1315,billcosby.com now somehow most eerie site on entire internet,Bill Cosby's Website Features Personalized Content and Personalized Recommendations,overstatement
1316,supreme court justice benatar orders army to stop using sex as a weapon,Supreme Court Justice Antonin Scalia Dies,sarcasm
1317,"Finally, a diplomat whose policies pair well with fine wine.",Diplomat's Foreign Policy Record Criticized for Lack of Nuance,satire
1318,media ignores cancer struggle of champion unicyclist,Local Cyclist Struggles With Cancer Diagnosis,sarcasm
1319,"It's heartwarming when a cop enjoys a joke about a Black superhero. Truly, we've overcome everything.",Police Officer Jokes About Black Superhero During Shift,sarcasm
1320,"Xavier Dolan on the run – in a thriller, because life imitates art?",Xavier Dolan's Film 'J'ai Tenu' Released in Theaters,irony
1321,Carly Rae Jepsen drops another hit that will totally change your life.,Carly Rae Jepsen Releases New Single 'Run Away With Me',sarcasm
1322,"How I finally stuck to a meditation schedule: after 100 attempts, I achieved enlightenment (or just stopped checking my phone).",Local Man Achieves Meditation Success After 100 Attempts,overstatement
1323,One mom single-handedly solves the baby-feeding crisis with a single gorgeous photo.,Mother Shares Photo of Baby on Social Media to Solve Feeding Crisis,overstatement
1324,The nightmare of Gaza continues? But didn't we all collectively agree to move on to the next news cycle?,Gaza Conflict Continues Amid Ongoing Humanitarian Crisis,rhetorical_question
1325,nation suddenly realizes it never had to worry about john mccain dying over past 8 years if he'd become president,John McCain Dies at 81,sarcasm
1326,rookie usda agent vomits after seeing first rotten orange,USDA Agent Vomits After Ingesting Rotten Orange,overstatement
1327,"Fear not, GoT fans: Brexit won't affect the show, because TV productions are immune to global events, right?",Brexit Impact on Television Production and Global Events,irony
1328,veteran brita filter's tour of duty extended another 3 months,Brita Filter Continues to Filter Water,satire
1329,"Oh, the U.S. is so progressive on abortion access, right?",U.S. Supreme Court Upholds Right to Abortion,sarcasm
1330,nation's parents announce they have zero fucking patience for this bullshit,Parents Express Frustration Over Teen's Social Media Addiction,sarcasm
1331,"These Social Media Apps Are Causing Trouble in Schools: Thank Goodness for Technology, Right?",School Administrators Express Concerns Over Rise of Social Media Apps in Classrooms,satire
1332,What comics can offer Bible readers: because parables desperately needed more pictures.,Comic Book Publishers Introduce Graphic Adaptations of Biblical Parables,understatement
1333,"dc executive worried batgirl script not interesting enough to be movie, 3 more movies, 2028 reboot and 4 more movies",DC Executive Expresses Concerns Over Batgirl Script,overstatement
1334,"Live inside your favorite book? Finally, an escape from all real-world problems.",Man Escapes Real-World Problems By Immersing Himself In Fiction,overstatement
1335,"Spielberg defends Oscars from Netflix, because film is only for theaters",Spielberg Defends Oscars Amid Criticism Over Streaming Services,satire
1336,Top Democrats defend the indefensible: A daily routine.,Democrats Defend Political Norms and Daily Routines,sarcasm
1337,quaker oats canister relabeled 'drugs' for grade school play,Quaker Oats Canister Relabeled for Grade School Play,satire
1338,On the road to the Emmys with my entourage (a.k.a. my kids)—because nothing says glamour like diaper bags.,Mother Carries Diaper Bag on Red Carpet,satire
1339,"Dangerous and delusional—just like my ex, but here describing a policy.",Congressional Budget Committee Approves $1.3 Trillion Budget,sarcasm
1340,michael brown audiotapes conclusively reveal exactly what you want them to,Michael Brown Autopsy Report Released,irony
1341,Bayer wants to buy Monsanto for $62 billion—because monopolies are just what the world needs.,Bayer Announces $62 Billion Acquisition of Monsanto,sarcasm
1342,"Dare to Be 100: Yes, Virginia, Wherever—Location is Everything in Life",Local Woman Reflects on Life's Challenges and Opportunities,overstatement
1343,exuberant trump rally crowd bats syrian refugee child around arena before candidate comes on stage,Trump Campaign Rally Draws Large Crowd in New York City,satire
1344,"music playing in bar could stand to be louder, worse",Local Bar Owner Requests Music Volume Adjustment,irony
1345,reverend al sharpton takes time off from holy duties to make tv appearance,Rev. Al Sharpton Makes Television Appearance,sarcasm
1346,"Trump promised no federal weed crackdown, but who trusts a word he says anyway?",Trump Vows No Federal Weed Crackdown,sarcasm
1347,Dress to repel on your first date—because nothing says 'I'm interested' like a garbage bag.,Local Man Wears Trash Bag to First Date,satire
1348,desperate 'time' magazine announces 'man of june',Time Magazine Announces Man of the Month for June,sarcasm
1349,"man just wants to come home, hear lindsay lohan made fun of, get some sleep",Local Man Plans to Spend Evening Relaxing at Home After Work,sarcasm
1350,"nation offsets carbon footprint by planting single 300,000-foot-tall tree",Satirical Article Mocks Environmental Activism With Fictional Tree Planting,overstatement
1351,8 truths? More like 8 ways to survive Valentine's Day without divorcing.,Valentine's Day Traditions Often Focus on Romantic Relationships,understatement
1352,"Bill Clinton takes his time on Air Force One, and Obama is totally okay with that (not!).",President Obama and First Lady Michelle Obama Board Air Force One,sarcasm
1353,"After yet another tragedy, Pakistan realizes that maybe, just maybe, extremism isn't the answer.",Pakistan Faces Ongoing Extremist Violence and Political Instability,irony
1354,god loses decision-making coin,Satirical Article Depicts God Losing Coin of Decision-Making Power,satire
1355,Inside Facebook's plan to build an artificial brain—because our privacy wasn't already compromised.,Facebook Faces Criticism Over Data Privacy Concerns,irony
1356,inspirational english teacher canceled out by every other teacher at school,English Teacher Canceled From School After Complaints Over Classroom Management,sarcasm
1357,chris hemsworth deputizes hunk to assume 'sexiest man alive' duties in his absence,Chris Hemsworth Departs for Vacation,satire
1358,An unexpected heirloom: like finding a tax bill in your grandmother's jewelry box.,Family Finds Tax Bill in Grandmother's Jewelry Box,overstatement
1359,monopoly player insists on being wheelbarrow,Local Monopoly Player Requests Wheelbarrow as Game Piece,understatement
1360,cheering crowd actually trying to get attention of guy behind iron maiden,Crowd Cheers for Iron Maiden's Performance,satire
1361,lesbian couple enjoys hot lesbian action,Lesbian Couple Enjoying Romantic Evening at Local Restaurant,satire
1362,"Faith: 20 years strong, unlike your latest trend",Local Woman Reflects on 20-Year Marriage,understatement
1363,mom sits down for dinner 3 months after rest of family finishes meal,Mother Takes Three-Month Break From Family Dinner Duties,overstatement
1364,area man meets that special someone else,Local Man Dates New Woman,irony
1365,surgeon general mills recommends three to five servings of froot per day,Surgeon General Mills Recommends Three to Five Froot Loops per Day,satire
1366,tearful tim kaine wandering around backstage at debate asking if anyone has seen his running mate,Tim Kaine Visits Debate Stage to Check on Fellow Vice Presidential Candidate,satire
1367,bananas again sweep primates' choice awards,Satirical Article Mocks Primates' Choice Awards With Fictional Banana Category,satire
1368,Michelle Wolf speaks out on dinner controversy – because the White House press corps needed more comedian drama.,Michelle Wolf Addresses White House Press Corps Dinner Controversy,satire
1369,Activists protest Trump's 'swamp cabinet.' Because nothing says 'drain the swamp' like filling it with more crocs.,Trump Administration Faces Criticism Over Cabinet Composition,sarcasm
1370,"Trump sticks with Fox News, the epitome of balanced reporting.",Trump Maintains Close Relationship With Fox News,irony
1371,"From 1937 to Hillary, Americans felt consistently positive about woman president? A seamless progression.",Historical Context Highlights Persistent Stereotypes and Disparities in Women's Political Representation,overstatement
1372,mars maven begins mission to take thousands of high-resolution desktop backgrounds,Satirical Article Imagines Mars Mavens Collecting High-Resolution Desktop Backgrounds,satire
1373,presidential debate commission anesthetizes audience to prevent outbursts during debate,Presidential Debate Commission Introduces Audience Anesthesia to Prevent Outbursts,overstatement
1374,riaa bans telling friends about songs,RIAA Bans Members From Discussing Music With Friends,sarcasm
1375,new stapler makes all other staplers look like worthless shit,New Stapler Features Ergonomic Design and High-Tech Features,overstatement
1376,grieving couple finds different ways to use stroller,Grieving Couple Uses Stroller to Transport Children,understatement
1377,"Socialism destroys Venezuela, but only Venezuelans can fix it – not the U.S. military, which never intervenes.",Venezuelan Government Faces Severe Economic and Political Crisis,irony
1378,woman rises early to sow seeds of day's first gchats,Local Woman Prepares for Day's First Social Gatherings,satire
1379,This flip-book marriage proposal is just the epitome of romance and originality.,Man Proposes With Flip-Book During Wedding Ceremony,irony
1380,Forged document complicates Utah monument fight – because federal documents are always trustworthy and never forged.,Utah Monument Dispute Over Federal Land Ownership,sarcasm
1381,Gov. Markell believes Bernie wins? That's a sweet belief.,Gov. Markell Supports Bernie Sanders in Primary Election,irony
1382,Pink single-handedly slays the digital dragon – raise your glasses to this modern-day heroine!,Pink Releases New Single 'Raise Your Glass',overstatement
1383,"Embed routines and rituals, because spontaneity is overrated anyway",Local Man Discusses Benefits of Routine and Rituals in Daily Life,understatement
1384,report: still a few seconds left where plane low enough to crash with everyone surviving,Report Highlights Safety Concerns Over Commercial Air Travel,overstatement
1385,band dreams of one day becoming popular enough to alienate early fans,Local Band Members Discuss Long-Term Career Goals and Potential Fan Disappointment,irony
1386,The real issue with fake news is that real news is just as fake— brilliant observation.,Critics Argue Fake News Is Just a Reflection of Real News,sarcasm
1387,nation's older brothers recommend not being such a little bitch,Older Brothers Warn Younger Siblings Against Aggressive Behavior,sarcasm
1388,"Trainers reveal the absolute worst fitness advice, like 'just skip leg day'—groundbreaking stuff.",Fitness Experts Criticize Common Workout Advice and Recommendations,irony
1389,'piggies' written in blood on clouds only clue in shocking murder of six angels,Satirical Article Imagines Fictional Murder of Six Angels,overstatement
1390,barbecue chicken panini succumbs to howard-related causes,Howard's Barbecue Chicken Panini Disappears,satire
1391,"Trump refugee order dashes hopes of Iraqi allies: rewarding loyalty with deportation, the American way.",Trump Administration Announces New Policy to Deport Iraqi Refugees,sarcasm
1392,Amazon-Hachette feud overlooks indie authors—because who reads them anyway?,Amazon and Hachette Dispute Royalties for Indie Authors,irony
1393,gmail user pities hotmail user,Gmail Users Frequently Compare Email Services to Microsoft Hotmail,irony
1394,"Google Street View: not just for maps, but for autism communication too.",Google Street View Maps Feature Virtual Autistic Individuals,understatement
1395,"Neighbors 2 tackles sexism subtly, as comedies do.",Neighbors 2: Sorority Wilds Explores Stereotypes and Sexism in College Comedy,understatement
1396,so-called professional gamer not even racist,Professional Gamer Criticized for Racist Comments,sarcasm
1397,giant altoid headed toward earth'curiously strong' celestial body will extinguish all life,Satirical Article Imagines Giant Altoid Mint Heading Towards Earth,overstatement
1398,"scandal: mccain won miss congeniality of u.s. senate in 2000, 2003",John McCain Wins Senate Re-election in 2000 and 2003,satire
1399,"Wilmer Flores' Friday night was so Hollywood, they're already planning the sequel nobody asked for.",Wilmer Flores' Hollywood Career and Acting Career,overstatement
1400,area grandmother comes forward as 'banksy',Local Grandmother Claims Bank Robbery Involvement,satire
1401,netflix gently reminds 'arrested development' fans that new episodes of the show won't actually solve world's problems,Netflix Reminds Fans That New 'Arrested Development' Episodes Will Not Solve Global Problems,irony
1402,Paying extra for airline seats: because comfort is overrated anyway.,Passengers Pay Extra for Premium Seats on Commercial Flights,understatement
1403,"Murdoch, racial expert, declares Carson the 'authentic black president' we've all been waiting for.",Fox News Hosts Racist Rant About Black President,sarcasm
1404,genealogists find 99% of people not related to anyone cool,Genealogists Find Majority of People Not Related to Anyone Famous,overstatement
1405,"Sales of '1984' spike after Conway's interview? What a coincidence, or is it doublespeak?",Conway's Interview Sparks Speculation Over Potential 1984 Adaptation,irony
1406,cool glitch effect on movie studio logo must mean shit about to go down,Movie Studio Logo Features Glitch Effect,sarcasm
1407,A mystery painter turns anti-Muslim graffiti into love—because one spray can fixes systemic racism.,Local Artist Creates Anti-Muslim Graffiti as Anti-Racism Protest,irony
1408,Florida woman turns wedding into a disaster movie—climax not included.,Florida Woman's Wedding Turns Into Disaster After Uninvited Guests Arrive,overstatement
1409,"Hillary Clinton offers a 'basic bargain' for the economy, because nothing fixes complex problems like simple slogans.",Hillary Clinton Campaigns on Economic Issues,sarcasm
1410,exterminator kind of surprised apartment doesn't have roaches,Exterminator Finds No Roaches in Apartment,irony
1411,trump delivers anecdote about small business owner who isn't half the man he is,Trump Discusses Business Owner During Campaign Stop,sarcasm
1412,"Ego-centric art world killing art: Finally, some real art.",Art World Criticizes Ego-Centric Trends and Commercialization,sarcasm
1413,I'm finally ok with letting myself be 'uncomfortable' – my new favorite state of being.,Local Woman Finds Comfort in Embracing Uncomfortable Situations,understatement
1414,Snoop Dogg gives turkeys instead of... other things. How sweet.,Snoop Dogg Donates Turkeys to Local Family,irony
1415,Chadwick Boseman delivering commencement? Because actors are experts on graduation.,Chadwick Boseman Delivers Commencement Address at Harvard University,understatement
1416,fda deems genetically modified salmon too handsome to eat,FDA Declines Genetically Modified Salmon for Human Consumption,satire
1417,god admits he never created gerbils,Satirical Article Claims God Created Gerbils,satire
1418,Transit strike? Just tweet—Twitter solves everything.,Twitter Users Criticize Transit Strike Over Social Media,sarcasm
1419,Campus safety activism: how I traded studying for sit-ins.,Campus Safety Activism Highlights Student Concerns Over Campus Safety,satire
1420,9 amazing spring cleaning tips for dog owners. Because your house isn't already a mess.,Dog Owners Frequently Overlook Spring Cleaning Tasks,sarcasm
1421,"De Blasio names new schools chancellor, then candidate backs out on live TV – seamless transition.",De Blasio Appoints Chancellor of New York City Schools,irony
1422,Oklahoma governor compares striking teachers to a car-obsessed teen. Because fair wages are so teenage.,Oklahoma Governor Signs Bill to Increase Teacher Salaries,sarcasm
1423,Why is the self-defense narrative so powerful for gun owners? Could it be the lobbying?,Gun Owners Advocate for Second Amendment Protections Amid Ongoing Gun Control Debates,rhetorical_question
1424,"Finally, a museum for HBCUs—took us long enough.",Satirical Article Mocks Historically Underfunded Historically Black Colleges and Universities,satire
1425,"Half of abortion clinics in Ohio closed—progress, they call it.",Ohio Abortion Clinics Face Financial Challenges,irony
1426,puppy love leads to human baby,Puppy Found in Abandoned Car in New Jersey,irony
1427,"The police chief is sick of inaction on gun control? Join the club, chief.",Police Chief Criticizes Lack of Gun Control Action in Wake of Mass Shooting,sarcasm
1428,"How the middle class shaped folk art: by buying cheap decor, I guess.",Middle-Class Consumers Drive Demand for Affordable Home Decor,understatement
1429,6 things you need to know about the nation's strictest medical weed law: Like how to get arrested for having a prescription.,Medical Marijuana Laws in the United States,sarcasm
1430,"Barksdale, inspiration for 'The Wire,' dies in prison? Just another day in the life of a fictional character's real counterpart.","Barksdale, Fictional Baltimore Drug Kingpin, Dies in Prison",understatement
1431,new study finds human beings were never meant to wake up from sleep,Satirical Article Claims Humans Were Designed to Sleep Forever,overstatement
1432,sotomayor to add ballistics expertise to already deadly supreme court,Supreme Court Justice Sonia Sotomayor,sarcasm
1433,First month with baby: you've already mastered it all.,New Parents Report Overwhelming Challenges of First Month With Baby,understatement
1434,Just add 'ultra-rare' to the grant application; they'll notice.,Grant Application Instructions Emphasize Detailed Budgets and Specific Requirements,sarcasm
1435,Gay ex-NFL player wins on The Voice – because singing is just like football.,Former NFL Player Wins Season of The Voice,overstatement
1436,"'i promise to work tirelessly to achieve my campaign's goals,' threatens trump in terrifying address",Trump Delivers Address at Republican National Convention,irony
1437,ammonia-factory leak exposes texas town to mexican working conditions,Texas Town Faces Criticism Over Working Conditions and Safety Concerns,sarcasm
1438,"Climate Change Haunts Pumpkins, Because Nothing Says Global Warming Like Squash",Climate Change and Global Warming Impact on Pumpkin Harvest,irony
1439,condoleezza rice drives halfway to airport before realizing she forgot interpreter,Condoleezza Rice Arrives at Washington Dulles International Airport for Diplomatic Meeting,irony
1440,'Kimmy Schmidt' Star Tituss Burgess Follows Up 'Peeno Noir' with Ode to Multicultural Penis: The Highbrow Cultural Commentary We Deserve,Tituss Burgess Performs at New York Comedy Club,satire
1441,"Biden slams Trump: 'he would have loved Stalin,' because comparisons are helpful",Biden Criticizes Trump's Foreign Policy and Diplomatic Style,sarcasm
1442,stephen miller furious at propublica for only releasing 7-minute recording of immigrant children sobbing,ProPublica Releases 7-Minute Audio Recording of Immigrant Children's Sobs,sarcasm
1443,jews' covenant up for renewal with god,Jewish Community Prepares for Renewal of Covenant with God,irony
1444,Brazil's impeachment is hypocritical? I'm appalled.,Brazil's Impeachment Trial Raises Questions About Political Accountability,sarcasm
1445,Trump unveils tax plan to lower taxes for millions: if you define 'millions' as 'billionaires'.,Trump Announces Tax Plan to Lower Tax Rates for Billionaires,sarcasm
1446,Exploring the complex psyche of mass murderers. What could possibly be wrong with them?,Experts Discuss Psychological Factors Contributing to Mass Murderers,sarcasm
1447,woman launches into 4-minute self-deprecating preamble before speaking mind,Local Woman Shares Personal Story at Office Meeting,understatement
1448,"pfizer researchers discover new stimulating, medicating, captivating cure for what ails you",Pfizer Researchers Announce Discovery of New Medication for Treatment of Depression,overstatement
1449,nissin introduces extra-large drum noodles,Nissin Introduces Extra-Large Noodle Packets,satire
1450,all-beef patty 70 percent beef,Satirical Article Mocks Fast-Food Beef Patty Marketing,understatement
1451,"Luther Strange, unfazed by heat, suddenly champions filibuster reform.",Luther Strange Defends Filibuster Reform Amid Criticism,irony
1452,"Erdogan's tyranny: so oppressive, it inspires dystopian novels.",Erdogan's Authoritarian Rule Sparks Fictional Dystopian Novels,overstatement
1453,'P is for p*ssy' is the alphabet book of your wet dreams – if your dreams are that basic,Local Man Shares Personal Alphabet Book of Sexual Fantasies,sarcasm
1454,"Forum targets homelessness—because speeches end poverty, obviously.",Homeless Advocates Criticize Politicians for Failing to Address Poverty,satire
1455,republicans praise nixon administration for allowing qaddafi to rule libya so he could one day be overthrown,Republicans Praise Nixon Administration for Libya's Fall to Qaddafi,satire
1456,national dialogue dusted off,National Dialogue Returns to Focus on Political Issues,understatement
1457,report: north dakota leads nation in parking availability,Report Highlights North Dakota's Low Parking Availability,irony
1458,Mashed potato recipes you want and need: for when life's too short for other foods.,Classic Mashed Potato Recipes Remain Popular and Essential for Comfort Food,overstatement
1459,"natalee holloway, osama bin laden celebrate 5-year wedding anniversary",Natalee Holloway's Disappearance Remains a Mystery Five Years After Disappearance,irony
1460,"The other Rev. King from Mississippi has some thoughts, probably just as inspiring as the first.",Rev. Martin Luther King Jr. Memorial Honors Second Mississippi Baptist Minister,satire
1461,area man would have done things differently if he were killer in movie,Local Man Reflects on How He Would Have Conducted a Murder in a Film,sarcasm
1462,man receives first baboon-face transplant,Man Receives First Baboon-Face Transplant,overstatement
1463,Will Greater Israel transform into Greater Palestine? Let's consult the crystal ball of geopolitical tensions.,Critics Warn Against Escalating Israeli-Palestinian Conflict,rhetorical_question
1464,news of uncle's death deleted by spam filter,Spam Filter Deletes News Article About Uncle's Death,irony
1465,Wyclef still down for Fugees reunion—we'll see when it happens.,Wyclef Jean and The Fugees Reunite for Charity Concert,irony
1466,Obama on reparations: he'll get right on that after fixing everything else.,Obama Addresses Reparations for Slavery and Racial Inequality,sarcasm
1467,"Sylvester Stallone spent $400k on a statue of himself—modest, really.",Sylvester Stallone Purchases Statue of Himself,understatement
1468,"Pollsters polled on bizarre polls, what could go wrong?",Pollsters Face Criticism Over Questionable Polling Methods,rhetorical_question
1469,It takes 20 celebrities to explain why 62 million girls are dumb – clearly insufficient.,Satirical Article Mocks Celebrity Apologies for Misunderstood Girls,overstatement
1470,"What to buy your 'basic' friend this holiday season, according to Pinterest's deep wisdom.",Pinterest Users Share Holiday Gift Ideas for Friends,overstatement
1471,Mitch McConnell marvels at the judicial crisis he single-handedly engineered. What a visionary!,Mitch McConnell Faces Criticism Over Judicial Appointments,sarcasm
1472,Romney goes after Obama with PowerPoint? The pinnacle of political critique.,Romney Criticizes Obama's Policy Record With PowerPoint Presentation,sarcasm
1473,nasa says presence of diving board on mars confirms planet may have once contained water,NASA's Curiosity Rover Discovers Evidence of Ancient Lake on Mars,satire
1474,jimmy fallon six tantalizing months from disappearing forever,Jimmy Fallon's Six-Month Contract Extension,satire
1475,twitch streamer sets new record for longest stream lying dead on camera,Twitch Streamer Sets New Record for Longest Stream,overstatement
1476,Ramadan Day 7: Prayers for Burma's camps—because thoughts and prayers always fix genocide,Satirical Article Critiques Political Hypocrisy Over Humanitarian Concerns,irony
1477,"Nonsense that makes perfect sense: a story of friendship, cookies, and cake",Local Friends Share Homemade Cookies and Cake to Celebrate Friendship,satire
1478,self-conscious puppet has no idea what to do with hands,Puppet Performs Routine in Theater,irony
1479,Can you name all the colors in nature? (Spoiler: it's not just green and brown.),Satirical Article Mocks Color Terminology With Fictional Natural World,rhetorical_question
1480,This man's tweets cryptically pay homage to a Smash Mouth classic. Because nothing says deep thought like 'All Star' lyrics.,Local Man's Twitter Posts Referenced Smash Mouth's 'All Star',overstatement
1481,esports star suspected of using peds,Esports Star Accused of Child Sexual Abuse,irony
1482,Chris Christie abandons Trump's campaign – loyalty at its finest.,Chris Christie Abandons Trump's Presidential Campaign,sarcasm
1483,investigation exposes ebay user for selling fake pulitzer medals,Ebay User Sells Fake Pulitzer Prizes,satire
1484,"study finds placing one foot forward, then the other, remains best method of walking",Study Finds Alternating Footsteps Remain Most Efficient Walking Technique,satire
1485,Turning tragedy into profit: the Hollywood way.,Hollywood's Profitable Tropes and Marketing Strategies,satire
1486,"report: kanye west, bill gates, tom hanks all currently reading, enjoying this article",Satirical Article Mocks Celebrity Readership With Fictional List of Celebrities Reading Current News,satire
1487,Bolt casually adds another gold.,Bolt Wins Gold Medal in 100m Dash,understatement
1488,How do you know when a beauty product is 'the one'? When the marketing budget is high enough.,Beauty Industry Marketing Strategies Often Prioritize Brand Recognition Over Product Quality,irony
1489,A heartwarming tale of how minor fines lead to desperation. Our justice system works!,Local Man Faces Financial Hardship After Being Fined $50 for Minor Traffic Infraction,irony
1490,biden unleashes torrent of vomit on debate stage,Biden Delivers Strong Performance During Democratic Debate,overstatement
1491,third-grade slumber party a snakepit of machiavellian alliances,Third-Graders Gather for Slumber Party,overstatement
1492,liberal feels like idiot for placing entirety of hopes on mueller probe instead of new york prosecutors' investigation,New York Prosecutors Investigate Allegations of Corruption in Trump Administration,sarcasm
1493,horrible pack of theme-restaurant waitresses alerted of patron's birthday,Patrons at Local Restaurant Express Disappointment Over Uninvited Birthday Party,sarcasm
1494,"weird kid opts to sit perfectly still, let universe decide his fate after teacher instructs class to pair up",Teacher Instructs Class to Pair Up for Group Activity,sarcasm
1495,"Disaster movies are tame compared to what happened 3.3 billion years ago – which was literally the end of the world, probably",Scientists Discuss the Tonal Differences Between Disaster Movies and Earth's Catastrophic History,overstatement
1496,justin timberlake already beneath u.s. bank stadium waiting for super bowl halftime show to start,Justin Timberlake Performs at Super Bowl XLVII Halftime Show,satire
1497,White House threatens Iran but then reassures the nuke deal is okay—clear and consistent policy.,White House Officials Reaffirm Commitment to Iran Nuclear Deal,sarcasm
1498,ozzy wins tickets to ozzfest,Ozzy Osbourne Wins Tickets to Ozzfest,irony
1499,fda recalls food,FDA Recalls Food Products Due to Safety Concerns,understatement
1500,"China's video explains rejection: 'We reject because we can, and you can't stop us.'",Chinese Video Criticizes Foreigners for Trying to Steal China's Successes,irony
1501,Franco opens up about the 'uncomfortable' scene that was totally fine.,Franco Discusses Recent Scenes in New Film,sarcasm
1502,doctors discover purpose of appendix is to contain human soul,Satirical Article Claims Doctors Found Appendices Contain Human Souls,satire
1503,man just wants one trip to laundromat where he doesn't meet perfect woman,Local Man Plans to Visit Laundromat to Meet Potential Partner,sarcasm
1504,Dems applaud GOP chair's heroic effort to shield Russia probe from public scrutiny.,GOP Chair Rebuffs Democrats' Calls for Investigation into Russia Probe,sarcasm
1505,enterprising child saves $54 to buy barrel of oil,Child Saves $54 to Purchase Oil Barrel,irony
1506,woman bids farewell to former self before beginning new skin care regimen,Local Woman Begins New Skincare Routine,satire
1507,guy at bank has weird hair for guy who works at bank,Bank Customer Complains About Employee's Unconventional Hair Style,irony
1508,Religious freedom clauses block marriage equality: protecting bigotry since day one.,Religious Freedom Clauses Block Same-Sex Marriage,sarcasm
1509,authoritarian secretary of transportation declares she has ultimate right of way in every traffic scenario,Transportation Secretary Announces New Rules to Improve Traffic Safety,satire
1510,"scientists discover 6,000-year-old stain","Archaeologists Discover Ancient Stain on 6,000-Year-Old Pottery",irony
1511,frustration with husband taken out on soap scum,Local Woman Expresses Frustration Over Husband's Messy Living Conditions,irony
1512,encouraging report shows 45% of onion social users survive beta testing,Onion Social Beta Testing Continues Despite Criticism Over User Safety Concerns,satire
1513,woman mad boyfriend not jealous she danced with other guy,Woman Disappointed After Boyfriend Dances With Other Man,irony
1514,angela merkel admits she only attending stupid work conference for free trip to argentina,Angela Merkel Attends Annual European Council Meeting,satire
1515,oscar meyer introduces new wiener mobility scooter,Oscar Mayer Introduces New Wiener Mobility Scooter,satire
1516,ladykiller gets life sentence,Man Sentenced to Life in Prison for Murdering 19-Year-Old Woman,irony
1517,Armed citizens guard military bases—because the military is clearly understaffed and needs vigilantes.,Military Personnel Guard Fortifications,irony
1518,"Airplane's terrifying landing may put you off flying for good—that landing was so smooth, you'd think it was a pillow.",Passengers Describe Smooth Landing on Commercial Flight,understatement
1519,Slushing in Utah: The exciting end-of-season activity that's basically dirty slush.,Utah Residents Enjoy Winter Sports and Activities,understatement
1520,West Virginia teachers' strike threatens to collapse the entire state economy.,West Virginia Teachers' Strike Threatens State Economy,overstatement
1521,dad clarifies this not a food stop,Father Clarifies Restaurant Menu Misunderstanding,understatement
1522,"The Defiant Ones: Dr. Dre and Jimmy Iovine's journey to make music and, oh yeah, pile up cash – how noble.",Dr. Dre and Jimmy Iovine's Business Ventures and Financial Success,satire
1523,hands-off mom lets kids create own psychological issues,Mother Allows Children to Create Their Own Psychological Issues,sarcasm
1524,grimacing congressman quickly drafts legislation for charley-horse research,Congressman Introduces Legislation to Fund Charley-Horse Research,satire
1525,"Heartbreaking illustrations of last words, a cheerful topic for all.",Illustrations Depict Final Words of Famous People,sarcasm
1526,4 angels banished from heaven for attempting to unionize,Four Angels Banned From Heaven For Attempting To Unionize,satire
1527,North Korea missile puts US in range? Another normal day in geopolitics.,North Korea's Missile Test Raises Concerns Over Global Security,irony
1528,leaked 'the last jedi' footage reveals chewbacca balding since 'the force awakens',Satirical Article Claims Chewbacca's Hairline Has Changed Since 'The Force Awakens',satire
1529,Trans Houdini sneaks into men's locker room – just another day in magical mischief.,Transgender Man Enters Men's Locker Room,understatement
1530,your neighbors: should you consider talking to them?,Local Residents Recommend Talking to Neighbors to Resolve Disputes,rhetorical_question
1531,dot declares pothole too perfect to fill,DOT Declares Pothole Too Perfect to Fill,irony
1532,report: more women forgoing taking their husbands' names in favor of something badass like diesel,Study Finds Women Are Choosing Diesel Engines Over Traditional Names,satire
1533,macy's concludes thanksgiving day parade with traditional procession of santa's coffin,Macy's Thanksgiving Day Parade Concludes With Santa's Coffin,satire
1534,"25-year-old moving into comfortable, rent-free arrangement in parents' home worried he's hit rock bottom",25-Year-Old Moves Into Parents' Home For Rent,sarcasm
1535,chuck schumer relieved he's never taken stance meaningful enough to have someone mail him explosive,Chuck Schumer Maintains Low Public Profile,sarcasm
1536,"A canoe survives a hurricane; clearly, it's the most important historical artifact Florida has ever seen.",Hurricane Makes Landfall in Florida,irony
1537,crocodile hunter the same way in bed,Crocodile Hunter Steve Irwin Dies in Ambush,sarcasm
1538,Planet crosses carbon milestone – just a minor hiccup in the climate crisis.,Satirical Article Mocks Climate Change Deniers With Fictional Carbon Milestone,understatement
1539,"The Birth of a Nation is still a thing, a century later—how timeless.",The Birth of a Nation Continues to Be a Controversial and Controversial Film,understatement
1540,"Defeating ISIS will take years? Say it isn't so, officials.",U.S. Officials Reaffirm Commitment to Defeating ISIS,irony
1541,keanu reeves recalls preparing for 'john wick 3' by acting in two previous 'john wick' films,Keanu Reeves Reflects on Preparation for John Wick 3,sarcasm
1542,Chopra Center trial proves mindfulness cures all: science is so impressed.,Chopra Center Trial Highlights Benefits of Mindfulness Meditation,satire
1543,"Trump desperately seeks liberal approval by name-dropping Michael Moore, a masterstroke of political genius",Trump Campaigns for Democratic Support,overstatement
1544,Heroic officer rescues skunk after ducklings—animal superhero or just quirky?,Officer Rescues Ducklings From Skunk in Rural Pennsylvania,rhetorical_question
1545,chili's introduces savory new 200-times-baked potatoes,Chili's Introduces New 200-Times-Baked Potatoes,overstatement
1546,'new york times' announces new columnist will contribute nothing to society 3 times a week,New York Times Announces New Columnist to Replace Regular Columnists,sarcasm
1547,"Documentary advocates for supervised heroin sites, adding 'safe injection' to the American dream.",Satirical Article Mocks Anti-Drug Advocacy With Fictional 'Safe Injection' Documentary,sarcasm
1548,"Priest preaches religion of acceptance, because that's what religion is known for",Priest Preaches Acceptance and Compassion at Church Service,satire
1549,"Bergdahl finally faces court martial—about time, really.",Bergdahl Faces Court-Martial for Desertion and Treason,understatement
1550,Kim K shares baptism photos—because nothing says sacred like a social media post.,Kim Kardashian Shares Baptism Photos on Social Media,satire
1551,report: takeout place put burrito in completely different container this time,Report Highlights Disappointing Quality of Fast-Food Burritos,understatement
1552,grandma in nursing home starts adorable little sexual relationship,Nursing Home Resident Engages in Sexual Relationship With Resident,irony
1553,"Revealed: Gilmore Girls characters' fates, this changes everything we thought we knew about TV lore.",Gilmore Girls Characters' Fates Revealed in New Series Finale,overstatement
1554,Artists are drawing faces to spread love – because art solves everything.,Artists Use Portraits to Spread Love and Positivity,satire
1555,man can't wait to find out if millennium falcon gets out of that tunnel,Man Excited to Watch Millennium Falcon Escape from Death Star in New Film,irony
1556,"Beyonce shows love for Cha Cha and Lone Star, proving she's just like us.",Beyoncé Performs at Houston Concert,satire
1557,Rebrand Columbus Day? Because 'genocide appreciation day' was too on the nose.,Columbus Day Celebrations Face Criticism Over Historical Inaccuracy,irony
1558,"How to locate lost life insurance policies: step one, stop losing things.",Life Insurance Policies Frequently Lost or Misplaced,understatement
1559,Video relaunches investigation—because nothing says justice like a viral clip.,Satirical Article Mocks Viral Video Investigations With Fictional Case,sarcasm
1560,crude but functional starbucks hewn from rock facing,Starbucks Opens New Location in Rockingham Park,satire
1561,"Scottish leader demands new referendum, threatening to hold votes every week until independence is achieved.",Scottish National Party Leader Calls for Referendum on Independence,overstatement
1562,"Trump to meet with Vogue, Vanity Fair: connecting with the common folk.",Trump to Meet With Vogue and Vanity Fair Editors,satire
1563,Will a mega-billionaire fix GOP's insurance mess? Only in fairy tales.,GOP Faces Severe Financial and Operational Challenges,rhetorical_question
1564,"Ebola in semen? Just a minor inconvenience, really.",Ebola Outbreak in Democratic Republic of Congo,understatement
1565,Watch live: Lili Taylor talks ABC's 'American Crime' – who needs reality when you have scripted drama?,Lili Taylor Discusses ABC's 'American Crime' on ABC News,rhetorical_question
1566,pork chop trapped in airtight container,Pork Chop Stored in Airtight Container,satire
1567,polar bear cub just knows he's going to be last of species,Polar Bear Cub Found in Remote Arctic Region,irony
1568,"Michael Slager's fate hangs in limbo after being caught on camera, justice moves fast.",Michael Slager Sentenced to 10 Years in Prison for Sexual Assault,irony
1569,"depraved candidate struggling to support $100,000-a-day advertising habit",Democratic Presidential Candidate Faces Criticism Over High Campaign Spending,overstatement
1570,A 4-year-old girl killed in a road rage incident. Just a typical Tuesday on our roads.,Four-Year-Old Girl Killed in Road Rage Incident,understatement
1571,mel gibson - his performance in 'payback' still not getting enough credit,Mel Gibson's Performance in 'Payback' Criticized for Lack of Depth,sarcasm
1572,Elizabeth Warren attends Trump's inauguration: a bold move to support democracy or just to people-watch?,Elizabeth Warren Attends Trump's Inauguration,irony
1573,Kenya should not sign: because China and SA are such trustworthy partners.,Kenya's Economic and Strategic Interests Align with China and South Africa,sarcasm
1574,Greece and Europe on the edge? Again? This economic thriller never gets old—or solved.,Greece Faces Severe Economic Crisis and Debt Crisis,sarcasm
1575,"well, neighbors just got a pit bull",Neighbors Acquire Pit Bull Puppy,irony
1576,poke with stick confirms raccoon's death,Raccoon Found Dead in Forest,understatement
1577,"following death of adam yauch, grieving china frees tibet",China Declares Independence From Tibet,sarcasm
1578,Fellow millennial voters: no one owes us a damn thing... except maybe that $1.7 trillion in collective student debt we 'chose' to take on.,Millennial Voters Express Frustration Over Student Debt and Economic Inequality,understatement
1579,report: north korea just enjoys nuclear talks,Report Highlights North Korea's Continued Focus on Nuclear Diplomacy,sarcasm
1580,bailiff can't help wondering what life would be like on other side of judge,Bailiff Reflects on Life Behind the Judge's Bench,irony
1581,Woman who was beaten on TV has some minor thoughts on the experience.,Local Woman Reflects on Being Physically and Emotionally Assaulted on Television,understatement
1582,"Watch: 2014 BET Awards performances – relive the hits from a decade ago, because time stands still.",Watch 2014 BET Awards Performances Featuring Iconic Hits,sarcasm
1583,homosexual dolphin has highly developed sense of gay-nar,Satirical Article Depicts Dolphin With Gay-Themed Name,satire
1584,"Boomers' guide: retire, dance, die, but chocolate first—deep.",Boomers' Guide to Retirement and Lifestyle Advice,satire
1585,olympic bronze medalist to appear in flintstones on ice,Olympic Bronze Medalist to Appear in Flintstones on Ice,satire
1586,head on pike really pulling together castle's look,Castle Walls and Towers,sarcasm
1587,"man fishes for legendary, elusive compliment",Local Man Struggles to Find Genuine Compliments,sarcasm
1588,grandma excited to show off new beach sweater,Grandmother Wears New Beach Sweater to Family Gatherings,understatement
1589,pence tells emotional story of longtime friend who was aborted after second trimester,Vice President Mike Pence Discusses Personal Life and Family,sarcasm
1590,man in international airport only speaks business,Man in Business Attire Spends Entire Flight in Airport Terminal,sarcasm
1591,war criminal a grandpa,Former Bosnian Serb General Radovan Karadžić Sentenced to 40 Years in Prison,understatement
1592,santa anita park officials announce they will stop allowing bets on all upcoming horse deaths,Santa Anita Park Officials Announce Decision to Stop Horse Racing Bets,satire
1593,taco bell's five ingredients combined in totally new way,Taco Bell Announces Five-Ingredient Menu,sarcasm
1594,Epidemic of gay loneliness? Must be from all that societal acceptance causing fatigue.,Satirical Article Critiques Societal Pressure on Gay Individuals to Conform,sarcasm
1595,"Why appreciate someone only after they leave? Obviously, it's the best management practice.",Experts Recommend Appreciating Employees After They Leave to Maintain Workplace Morale,rhetorical_question
1596,Why stay in your comfort zone when you can be uncomfortably enlightened?,Local Man Decides to Take Risks and Travel Abroad to Expand Personal Horizons,rhetorical_question
1597,Footy McFooty Face: because naming things is hard.,Local Man Creates New Football Term 'Footy McFooty Face',sarcasm
1598,author accepts award on ghostwriters' behalf,Author Accepts Award for Fiction Novel,irony
1599,"John Stamos has no mercy shading Drake Bell, the feud of the decade.",John Stamos and Drake Bell Engage in Public Feud Over Drake's Career,overstatement
1600,study: majority of new marine life species now discovered while cleaning oil spills,Study Finds Majority of New Marine Species Discovered in Oil Spills,irony
1601,man in suit makes decision affecting thousands of non-suited individuals,Man in Suit Makes Major Business Decision That Affects Thousands of Employees,satire
1602,Obama says look to a veteran when cynical? Because veterans always have the answers in a world that keeps failing them.,Obama Discusses Veterans' Support and Cynicism at White House Press Conference,irony
1603,Save $600 a year with these tips! (By giving up everything fun.),Local Woman Saves $600 Per Year By Cutting Back On Leisure Activities,overstatement
1604,"'this map will change the way you see westeros,' reports never-ending cascade of subhuman bullshit",Satirical Article Mocks Fantasy Map Prophecies With Fictional Westeros Map,sarcasm
1605,Best Kimye wedding Instagrams; because their marriage is the epitome of stability.,Kimye and Kanye West's Wedding Photos,understatement
1606,Miley Cyrus freaks out over Hilary Duff call: Because childhood stars never grow up.,Miley Cyrus Expresses Frustration Over Hilary Duff's Recent Call,sarcasm
1607,The Kurds' bitter defeat in Iraq is now everyone's problem. Just a minor bump in global politics.,Iraqi Forces Defeat Kurdish Insurgents in Battle for Kirkuk,understatement
1608,cam girl has ash on forehead,Cam Girl Appears in Video,irony
1609,"Tom Cotton believes Trump's 'tough guy' act includes waterboarding, how reassuring.",Tom Cotton Defends Trump's Foreign Policy Record,sarcasm
1610,"james fenimore cooper, famed american novelist, dies at 224","James Fenimore Cooper, Famed American Novelist, Dies at 224",overstatement
1611,"Hannity rips Kimmel as 'twisted, creepy weirdo'? So mature and respectful.",Hannity Criticizes Kimmel Over Late Night Interview,sarcasm
1612,"I was, but now I am: words that will change your life, or something.",Local Man Reflects on Life After Major Life Change,overstatement
1613,area man's mother sizes up new girlfriend's pelvic span,Local Man's Mother Sizes Up New Girlfriend's Waistline,sarcasm
1614,Class act: allegedly pleasuring himself near children. Some people's hobbies are just... unique.,Local Man Accused of Indecent Exposure Near Children,sarcasm
1615,"experts point to long, glorious history of successful u.s. bombing campaigns",Experts Highlight Long History of U.S. Military Operations in Afghanistan,sarcasm
1616,"Breaking news: My internal soundtrack has been upgraded, and you won't believe the change!",Local Woman Updates Personal Music Playlist,overstatement
1617,boss makes lipstick prints on paychecks for valentine's day,Boss Applies Lipstick to Paychecks for Valentine's Day,sarcasm
1618,"new, improved olean 30 percent less likely to make you shit in your pants",Olean Announces New Marketing Campaign Highlighting Improved Digestive Health Benefits,overstatement
1619,it impossible to tell what sounds will freak out cat,Cat Owner Reports Unpredictable Reactions to Various Noises,understatement
1620,Caitlyn Jenner will reportedly attend Trump's inauguration: A beacon of inclusivity in a diverse administration.,Caitlyn Jenner to Attend Trump's Inauguration,satire
1621,Thoughts and prayers: my weekly solution to world problems.,Local Man Uses Prayer as Primary Coping Mechanism for Daily Stress,sarcasm
1622,Obama and Democrats set a trap for Trump. How cunning.,Obama and Democrats Prepare for Trump's Inauguration,irony
1623,nabisco tentatively adds hummus to list of approved ritz toppings,Nabisco Announces Hummus as New Ritz Cracker Topping,satire
1624,rubio's new hardline immigration stance: because moderation is for losers,Marco Rubio Announces New Immigration Policy,sarcasm
1625,area 8-year-old formally rescinds hunger complaint following mother's insulting banana offer,8-Year-Old Boy Rescinds Hunger Complaint After Mother's Banana Offer,irony
1626,automakers ask nation if it still wants that handle above car windows,Automakers Face Criticism Over Lack of Standardized Car Windshield Handles,irony
1627,Pearl Harbor survivors master mannequin challenge: history never looked so motionless,Pearl Harbor Survivors Participate in Mannequin Challenge,satire
1628,"Victims' families don't care about politics? Right, because grief is so apolitical.",Victims' Families Dismiss Political Concerns Amid Grief,irony
1629,"AARP warns about scams—because retirees are never targeted, right?",AARP Warns Retirees About Scams Targeting Seniors,understatement
1630,"Britney Spears honored for LGBTQ support, as if her music career needed validation.",Britney Spears Performs at Concert,sarcasm
1631,'what a crew!' comments man on instagram photo of fucking backstabbing traitors who couldn't be bothered to invite him to margarita night,Man Posts Instagram Photo of Backstabbing Coworkers,sarcasm
1632,"Nurses break hospital rules to fulfill dying man's wish—rules are meant to be broken, especially at the end.",Nurses Break Hospital Rules to Fulfill Patient's Final Wish,understatement
1633,fireworks accident blows off tip of florida,"Florida Fireworks Accident Kills 2, Injures 10",overstatement
1634,isis fighter dreading smug looks from hometown friends who told him caliphate sounded like dumb idea,ISIS Fighters Face Public Backlash for Joining the Group,irony
1635,area woman not good enough artist to justify eccentricities,Local Woman Criticized for Unconventional Artistic Style,satire
1636,"cops bust filthy, unshaven mark zuckerberg for selling personal data on street corner",Satirical Article Imagines Mark Zuckerberg Selling Personal Data on Street Corner,sarcasm
1637,HuffPost's thrilling quiz: test your knowledge of utterly riveting news.,HuffPost Launches New Quiz To Test Readers' Knowledge Of Current Events,irony
1638,fda prepares nation for switch to digital food format,FDA Announces Plans to Phase Out Paper Food Labels,overstatement
1639,Trump seeks advice from a conspiracy theorist to win votes. Nothing says 'presidential' like that.,Trump Campaigns for 2016 Election,sarcasm
1640,"How real is 'Marcomentum'? As real as a unicorn, but with more political spin.",Satirical Article Critiques Political Spin and Media Manipulation,rhetorical_question
1641,"Don Cheadle claims Trump used a racial slur? Say it isn't so, he's such a gentleman.",Don Cheadle Denies Accusations of Using Racial Slur Against Trump,sarcasm
1642,"Senator admits tax breaks for journalists, but forgets about the rest of us.",Senator Defends Tax Breaks for Journalists Amid Criticism,irony
1643,Brooklyn Decker and Andy Roddick expecting baby #2: The baby bump heard 'round the world.,Brooklyn Decker and Andy Roddick Expecting Second Child,overstatement
1644,"man who will pay $60,000 in medical bills this year can't afford health insurance right now","Man Faces Financial Hardship After Medical Bills Exceed $60,000",irony
1645,new robert altman film released straight to special-edition director's-cut dvd,Robert Altman's New Film Released on Director's Cut DVD,irony
1646,hero shop saves hundreds from hunger,"Local Food Bank Receives $100,000 Donation From Shop",satire
1647,goose thinking of migrating home a couple weeks early to avoid the crowds,Goose Spotted in Field,satire
1648,shy friend experimenting with personality,Local Man Explores New Personality Traits to Improve Social Interactions,understatement
1649,"Your food contains tiny, risky, unlabeled ingredients? What could possibly go wrong with that?",Consumer Concerns Rise Over Unlabeled Food Ingredients,rhetorical_question
1650,"Prison: where even animals get second chances, because rehabilitation is clearly a thing.",Prison Rehabilitation Programs Focus on Reintegration and Reversing Negative Behaviors,irony
1651,Two questions: 'Do you hate each other?' and 'Why not just break up?',Local Couple Discusses Relationship Challenges and Potential Breakup,understatement
1652,Family happiness in one chart? Simplifying the unsimplifiable.,Family Happiness Levels and Stress Levels,sarcasm
1653,Fourth death in Legionnaire's outbreak? Probably just a statistical blip.,Legionnaires' Disease Outbreak Kills Four in New York City,understatement
1654,"The 8 most important lessons? Like, always wear pants and don't burn bridges. Groundbreaking.",Satirical Article Highlights Key Life Lessons,satire
1655,"park rangers lance old faithful in effort to pop clogged, inflamed geyser",Park Rangers Attempt to Relieve Pressure on Old Faithful Geyser,irony
1656,new study finds earth's core will be most habitable part of planet by 2060,Satirical Article Claims Earth's Core Will Be Most Habitable by 2060,overstatement
1657,"Timberlake wants his son inspired by Charlottesville's 'strength'? You know, the Nazi rallies and all.",Satirical Article Critiques Tim McGraw's Response to Charlottesville Protests,irony
1658,proud species commits suicide rather than be driven to extinction by humans,Conservation Efforts Highlight Human Impact on Endangered Species,satire
1659,"School prioritizes hairstyle regulations over education, what a novel approach.",School Officials Criticized for Strict Haircut Regulations,sarcasm
1660,prairie dog town rezoned for commercial use,Prairie Dog Town Zoned for Commercial Use,irony
1661,college freshman decides to be lanyard-wearing kind,College Freshman Wears Lanyard to Campus,satire
1662,FDA approves nasal-spray naloxone—because saving lives should come with extra steps and a co-pay.,FDA Approves Naloxone Nasal Spray for Rapid Opioid Overdose Treatment,sarcasm
1663,"Sephora's spring sale: because your self-worth depends on makeup, obviously.",Sephora Announces Spring Makeup Sale,satire
1664,Shake Shack celebrates Will & Grace with boozy shakes—nothing says TV revival like processed food and alcohol.,Shake Shack Celebrates Will & Grace TV Revival With Boozy Shakes,satire
1665,Creating a chemically-free home is easier and cheaper than you think. Just ignore all science and buy expensive alternatives.,Experts Recommend Sustainable and Cost-Effective Alternatives to Chemical-Based Cleaning Products,sarcasm
1666,area man a walking encyclopedia of everything except leading a normal life,Local Man's Extensive Knowledge of Everyday Topics Draws Attention,sarcasm
1667,Obama administration violating rights? Say it isn't so. Because they were always so respectful of immigrants. Not.,Obama Administration Faces Criticism Over Immigration Policies,sarcasm
1668,Jon Stewart dancing to Drake is the one video you need to see? Your life depends on it.,Jon Stewart Performs Drake Video on Late Night,overstatement
1669,ralph northam admits he once engaged in pedophilia as part of michael jackson costume,Ralph Northam Faces Criticism Over Blackface Photo,sarcasm
1670,"trump, putin hold first joint press crackdown",Trump and Putin Hold First Joint Press Conference,sarcasm
1671,9/11 and the (un)making of the 21st century—because what's a few thousand lives in the grand scheme?,Experts Discuss the Impact of 9/11 on Global Politics and Society,irony
1672,"We're sugar babies, living the glamorous life of paid companionship. So relatable.",Companionship Services Market Expands to Cater to Adult Clients Seeking Emotional Support,satire
1673,stunned nation mourns as french stewart survives plane crash,French Stewart Survives Plane Crash,irony
1674,Who needs new Hollywood when old Hollywood was pure genius?,Critics Praise Classic Hollywood for Its Timeless Storytelling and Cinematic Excellence,rhetorical_question
1675,The man known for his extreme right-wing views might not be right-wing enough for the base. Shocking.,Man's Conservative Views Draw Criticism From Fellow Republicans,irony
1676,"This Mother's Day, I have a tiny thing to tell my wife.",Local Woman Plans to Tell Wife She Is Pregnant on Mother's Day,understatement
1677,poll finds 68% of iowans turned on by knowledge whole nation watching,Iowa Poll Finds Majority of Voters Disappointed by Political Coverage,satire
1678,"Jyothi Rao delves into authenticity, a truly deep topic.",Jyothi Rao Discusses Authenticity in the Workplace,sarcasm
1679,"we in golden age of thing, guy who likes thing reports",Local Man Reports on Current Events,sarcasm
1680,area man has sex with man to get out of office blood drive,Office Blood Drive Draws Large Crowd,sarcasm
1681,mom announces plans to get out some of your old baby stuff and quietly stare at it,Mother Plans to Declutter Baby's Diapering Diaries and Baby Clothes,sarcasm
1682,goodwill employees shaken by gigantic pants,Goodwill Employees Report Unusual Security Concerns After Employee Wears Large Pants,understatement
1683,"Fourteen workout pants that look like real pants, fooling no one but making you feel better.",Fourteen Workout Pants Available,understatement
1684,bill cosby announces dates for u.s. college commencement tour,Bill Cosby Announces U.S. College Commencement Tour,irony
1685,knicks front office scrambling after zion williamson drafted before 3rd pick,Knicks Front Office Faces Pressure to Address Draft Needs,sarcasm
1686,"California lawmakers reject Confederate flag – finally, a state that recognizes treason isn't heritage.",California Lawmakers Vote to Remove Confederate Flag From State Capitol,irony
1687,20 killer recipes for your Labor Day cookout – these might actually kill you with joy.,20 Delicious Recipes for Labor Day Cookouts,overstatement
1688,Trump demands lower drug prices—from the people who profit from high prices. Good luck!,Trump Administration Proposes Drug Price Reductions,sarcasm
1689,"North Korea fires missiles again? Just another Tuesday in East Asia, nothing to worry about.",North Korea Fires Missiles Into Sea,understatement
1690,nation's schools to ensure bullied transgender students hide in stalls of bathrooms corresponding to biological sex,Schools Face Criticism Over Bathroom Policies for Transgender Students,sarcasm
1691,gold bracelet picked up at pharmacy,Woman Purchases Gold Bracelet at Local Pharmacy,understatement
1692,Goldblum almost voiced Apple: imagine Siri with a dose of eccentric charm.,Goldblum Discusses Potential Voice Role in Apple's Siri,satire
1693,"Can Bernie Sanders ride fracking to victory in New York? Sure, because environmentalists are known for loving oil extraction.","Bernie Sanders Campaigns in New York, Focuses on Environmental Issues",rhetorical_question
1694,Backpage CEO likely to walk on pimping charges? Shield law saves the day—justice triumphs!,Backpage CEO Faces Criminal Charges for Operating Adult Services Website,irony
1695,"nation savoring every moment of glorious late-february, early-march days",Americans Enjoy Mild Winter Weather in Late February and Early March,irony
1696,Muppets cover N.W.A—because Sesame Street needed more 'fuck the police',Sesame Street Features Muppets in New N.W.A Music Video,irony
1697,beauty industry announces massive new initiative to make women self-conscious about their palms,Beauty Industry Launches Campaign to Promote Self-Confidence and Body Positivity,satire
1698,Poll shows millennials eager to pay reparations for slavery—what a selfless generation!,Millennials Express Interest in Reparations for Slavery,overstatement
1699,"Kate Mara: it's 'quite an honor' to play a female superhero: groundbreaking, truly.",Kate Mara Discusses Her Role as Black Widow in Marvel's The Avengers,overstatement
1700,fourth-grader with shark tooth necklace must have killed great white,Fourth-Grader Wears Shark Tooth Necklace to School,sarcasm
1701,"An elementary school teacher accused of rape. Just another day in the profession, I suppose.",Elementary School Teacher Accused of Sexual Assault,understatement
1702,kerry's face droops with joy over latest polls,John Kerry's Poll Numbers Remain Unchanged,irony
1703,Political dramas are obsolete with Trump's daily reality show.,Trump's Daily Reality TV Shows and Public Persona Draw Criticism,overstatement
1704,dog finds absolutely perfect place to shit,Dog Found in Backyard,irony
1705,"Behold, 25 profound moments that redefined maternal elegance for us all.",Motherhood and Maternal Influence,satire
1706,Trump axes NASA's greenhouse gas monitor: data is overrated anyway.,Trump Administration Cuts Funding for NASA's Climate Change Research,irony
1707,wrinkle-free pants didn't think they'd be tested quite this much,Satirical Article Critiques Consumer Expectations of Wrinkle-Free Clothing,satire
1708,area man accidentally signs up for aol latino,Local Man Accidentally Subscribes to AOL Latino,sarcasm
1709,The importance of first responders: Because who needs emergency services when you have a strong WiFi signal and positive thoughts?,Local Man Prioritizes WiFi Over Emergency Services During Hurricane,sarcasm
1710,"returning jesus christ downed by u.s. missile defense 30,000 feet before making landfall",U.S. Missile Defense System Successfully Defends Against Incoming Missile,overstatement
1711,"'without them you could buy anything,' whispers amazon echo as man stares blankly at family",Amazon Echo Remains Unactivated Despite Family Members' Requests,satire
1712,"paul ryan mentally logs 4,613th missed opportunity to put stop to all of this",Paul Ryan Faces Criticism Over Continued Role in Republican Party,sarcasm
1713,A series on internet immortality – because your tweets will definitely outlive you.,Satirical Article Critiques Social Media's Permanence and Longevity,irony
1714,god shuts down andromeda galaxy,Satirical Article Imagines God Shutting Down The Andromeda Galaxy,overstatement
1715,"Sylville Smith's father blames himself for being 'wrong role model' – no pressure, dad, just casual self-blame.",Father of Sylville Smith Blames Himself for Not Being a Better Role Model,understatement
1716,Hey NC! Check out NYC's awesome move for trans people—if only you cared.,New York City Hosts Transgender Pride March,sarcasm
1717,Willam from Drag Race on group breakup – the world wasn't ready for such profound musical tragedy.,Willam Belli Performs on Drag Race Season 7 Finale,overstatement
1718,Marital rape not a crime in India? But at least one judge is trying to change it – Progress!,Indian Supreme Court Judges Advocate for Legal Reform to Address Sexual Assault,understatement
1719,ghost of brando urges man to finish whole cheesecake,Local Man Eats Entire Cheesecake,satire
1720,"Latina Student Faces Backlash for Filming 'Build a Wall' Chant, Because Tolerance is Key",University of Texas Student Faces Backlash for Chanting 'Build a Wall' During Protest,sarcasm
1721,universal remote latest step in area man's plan for total living room domination,Local Man Plans to Install Universal Remote in Living Room,satire
1722,"Finally, Wapo shares photos of Jason Rezaian not in prison – what a relief for everyone.",Wapo Publishes Photos of Jason Rezaian Released From Prison,sarcasm
1723,Preparing for retirement after a divorce. Because nothing makes financial planning simpler than splitting all your assets and starting over.,Retirees Face Financial Challenges After Divorce,sarcasm
1724,systems administrator would so fuck new trainee,Systems Administrator Criticizes New Trainee's Lack of Technical Knowledge,sarcasm
1725,You owe me!—the universal cry of the entitled,Local Man Accused of Stealing Food From Store,sarcasm
1726,Marry him? Only if you're aiming for a lifetime of 'I told you so',Local Woman Advises Friends to Marry Man She Knows Will Eventually Disappoint Her,sarcasm
1727,high school suspends hunky student for wearing shirt,High School Student Suspended for Wearing Shirt,sarcasm
1728,"Paul Ryan crushes a Trump-loving opponent? In the GOP? That's like the pot calling the kettle black, but with more drama.",Paul Ryan Wins Republican Primary in Wisconsin,irony
1729,nation not sure what signals it gave off to make candidates think it would be into them,Candidates Often Misinterpret Voters' Signals to Gain Political Advantage,sarcasm
1730,"Jason Miller declines top job—shocking, since Trump's administration is known for its stability and competence.",Jason Miller Declines Top Job in Trump Administration,irony
1731,sad 38-year-old googles 'jobs caring for baby animals',Local 38-Year-Old Man Searches for Job Opportunities in Animal Care,sarcasm
1732,look at it: it's goddamn beautiful,Local Woman Admires Landscape,sarcasm
1733,Terror suspects planned attack; French security impressed.,French Security Forces Foil Terrorist Plot to Attack Paris,sarcasm
1734,halloween unfortunately not only night of year area man drunk in firefighter uniform,Firefighter Attends Halloween Party in Uniform,understatement
1735,Sammy Davis Jr. smoothly recovers from a tiny on-stage blunder.,Sammy Davis Jr. Performs on Stage,understatement
1736,"Why does this town have two grenade launchers? For community defense, obviously.",Residents Express Concerns Over Unnecessary Military Equipment in Local Town,rhetorical_question
1737,"old, wizened fantasy character confirms that the darkness is rising",Fantasy Character Warns of Rising Darkness,satire
1738,"Under Trump, union rules tilted for employers? Big surprise, given his pro-worker stance.",Trump Administration Proposes Rollback of Labor Regulations,sarcasm
1739,doctor informs woman he's overweight,Local Doctor Discusses Patient's Weight With Wife,sarcasm
1740,How to clean your grill with aluminum foil and elbow grease – the secret technique chefs hate!,Chefs Recommend Using Aluminum Foil to Clean Grills,overstatement
1741,pope francis spends weekend installing stained glass storm windows in st. peter's basilica,Pope Francis Visits St. Peter's Basilica,sarcasm
1742,new study finds box still world's most popular container,Study Finds Box Remains the Most Common Household Container,understatement
1743,daddy issues worked out on dance floor,Father Performs Dance Routine on Dance Floor,sarcasm
1744,nursing-home residents mate in captivity,Nursing Home Residents Engage in Sexual Activity,irony
1745,depleted bruegger's bagels gift card living out quiet retirement in wallet's fourth row,Depleted Bruegger's Gift Card Found in Wallet,satire
1746,Son repays mom's 20 years of care with 20 adventures—because who needs gratitude when you have a scavenger hunt?,Son Completes 20-Year-Long Scavenger Hunt to Thank Mother,understatement
1747,"breaking: fuck, fuck, fuck, this got out of hand",Local Man Expresses Frustration Over Unnecessary Police Response to Minor Incident,overstatement
1748,grandson has long hair,Grandfather's Long Hair,understatement
1749,eco-friendly junkies launch needle re-use program,Eco-Friendly Junkies Launch Needle Re-Use Program,satire
1750,specifics of hostile takeover fiercely boring,Corporate Takeover Fails to Excite Investors,understatement
1751,Hugh Hefner fans thank him for the articles: because Playboy was always about the thought-provoking content.,Playboy Magazine's Legacy and Cultural Impact,satire
1752,report: america ready for third ketchup brand,Report Highlights Consumer Demand for Third Ketchup Brand,irony
1753,"despite armie hammer profile in 'good housekeeping' magazine, 'lone ranger' a flop at box office",Armie Hammer's Box Office Performance in 'The Lone Ranger' Criticized,irony
1754,scientists announce shrimp just as dumb as they thought,Satirical Article Mocks Scientific Research on Shrimp Intelligence,satire
1755,"Fear is such a hilarious concept, everyone's laughing.",Local Man Shares Funny Story About Fear,sarcasm
1756,"John Kasich decides not to run in 2020, sparing us from another candidate.",John Kasich Announces Decision Not to Run for 2020 Presidency,sarcasm
1757,20 struggles every tall girl knows: like being a human giraffe and never fitting in cars.,Tall Girls Face Challenges in Everyday Situations,overstatement
1758,"Massachusetts is the best place for women, if you're into that whole equality thing.",Massachusetts Ranked Among Top States for Women's Rights and Equality,sarcasm
1759,obama to wait for next bruce springsteen album for word on economy,President Obama Delays Economic Policy Decisions,satire
1760,Who has solved the student debt crisis? Certainly not us.,Student Debt Crisis Remains a Major Challenge for U.S. Economy,rhetorical_question
1761,So we should just accept it? Great diplomatic strategy.,U.S. Diplomats Urge Diplomatic Engagement Amid Escalating Tensions,rhetorical_question
1762,Making a living and a loving: the romantic ideal that ignores rent and reality TV.,Romantic Ideal of Financial Stability and Relationship Success Often Prioritizes Fantasy Over Reality,sarcasm
1763,gunman opens fire in own mcdonald's,Gunman Opens Fire in McDonald's Restaurant,sarcasm
1764,Rescued lion obsessed with blankets since baby – he's basically a security blanket addict.,Rescued Lion Found in South Africa with Extensive Collection of Blankets,overstatement
1765,woman's parents accepting of mixed-attractiveness relationship,Local Woman's Parents Accept Her Relationship With Man of Mixed Ethnicity,satire
1766,Three minutes of breathing ends work stress. Who needs vacations?,Employee Takes Three-Minute Break to Breathe and Relax,overstatement
1767,"Trump's 'do not congratulate' blunder is the meme to end all memes, surpassing all previous internet failures.",Trump's 'Do Not Congrade' Remark Sparks Memes,overstatement
1768,Kim Kardashian just wore her most confusing look yet – I'm utterly baffled.,Kim Kardashian Wears Disturbingly Outrageous Outfit at Paris Fashion Show,overstatement
1769,To your health! Cheers from the fast-food line and soda machine.,Fast-Food Customers Frequently Use Soda Machines and Drink Beverages While Waiting in Lines,irony
1770,Weekend roundup: Orlando shooting shows clash of civilizations within—let's oversimplify complex tragedies!,Orlando Shooting Highlights Cultural and Religious Tensions in U.S.,sarcasm
1771,This will make you never want to check a bag—unless you enjoy losing your stuff.,New Baggage Handling System at Chicago Airport Introduces Mandatory Bag Check,irony
1772,'what about that whole birth certificate thing?' romney suggests to staff,Romney Addresses Staff Concerns Over Birth Certificate,sarcasm
1773,overweight woman encased in geo metro,Woman Wears Oversized Clothing,understatement
1774,super fan attends screening of 'infinity war' dressed as marvel's vp of marketing,Fan Attends Marvel Cinematic Universe Screening in Costume,satire
1775,panicked studio delays 'man of steel' to get more shots of people looking up in awe,Man of Steel Director James Mangold Delays Production to Capture More Awe-Inspiring Scenes,satire
1776,Twitter's new anti-troll measure is 'perfectly timed'. If you enjoy watching the barn door get nailed shut five years after the horse bolted.,Twitter Introduces New Anti-Troll Measures to Combat Online Harassment,sarcasm
1777,new evidence suggests humans may have been dipping crunchy things into gooey things earlier than previously thought,Satirical Article Claims Humans Dipped Crunchy Snacks Into Gooey Foods,satire
1778,trump turns on fox news and tells aides to make whatever they're saying a law,Trump Dismisses Fox News Critics,satire
1779,study: other countries weird,Study Finds Other Countries Have Different Cultural Norms and Values,overstatement
1780,writer unwilling to admit his screenplay perfect fit for justin long,Screenwriter Expresses Concerns Over Justin Long's Casting in Upcoming Film,sarcasm
1781,13 reasons to feel hopeful? Let's count the ways this month is terrible instead.,Local Man Reflects on Month's Challenges and Finds Hope in Current Events,irony
1782,area man unsure if he's supposed to want hugo chavez to die or not,Local Man Expresses Confusion Over Hugo Chavez's Death,sarcasm
1783,man attempting to determine whether restaurant closed without getting too close,Man Visits Restaurant to Check Hours Before Closing,understatement
1784,report: getting out of bed in morning sharply increases risk of things getting even worse,Study Finds Morning Wake-Up Calls Can Increase Stress and Anxiety,overstatement
1785,nation urged to be extra sensitive to men reliving trauma of not getting something,Men Often Face Unwanted Attention for Not Getting Promised Jobs,irony
1786,unstable couple playing with fire by organizing game night,Local Couple Organizes Game Night to Rekindle Relationship,irony
1787,millionaire thinks of self as upper-middle class,Man Describes Himself as Upper-Middle Class,understatement
1788,corn lobby tightens the screws,Corn Lobby Advocates for Increased Government Support for Corn Production,sarcasm
1789,coworkers unable to put finger on what's weird about gary,Coworkers Express Confusion Over Gary's Unconventional Behavior,understatement
1790,Tom Cruise's ankle-breaking stunt in slow-mo; he risks it all for art.,Tom Cruise Performs High-Flying Stunt in Slow-Mo Scene,overstatement
1791,"The last broadcast? Good riddance, if it was anything like the noise before.",Local Radio Station Cuts Broadcasts to Save Money,understatement
1792,officemates unwittingly spend entire workday talking to each other on grindr,Office Workers Frequently Use Grindr to Socialize During Work Hours,sarcasm
1793,pope francis worried about job security after butting heads with new god,Pope Francis Faces Criticism Over Handling of Church Sexual Abuse Scandals,sarcasm
1794,coroner's report concludes alton sterling died of institutionalized causes,Coroner's Report Finds Alton Sterling Died From Self-Inflicted Gunshot Wound,sarcasm
1795,netflix adds thousands of mediocre new subscribers,Netflix Adds Thousands of New Subscribers,irony
1796,hollywood maintenance crews sent out to patch up film industry's plotholes,Hollywood Maintenance Crews Address Film Set Plotholes,satire
1797,Arab power meets smart power: where oil meets empty phrases.,Arab States Face Economic and Political Challenges Amid Ongoing Oil Price Volatility,irony
1798,woman ejected from bed in cracker-eating incident,Woman Ejected From Bed For Cracker-Eating Incident,overstatement
1799,Restaurant bans tips to pay livable wage: because who needs customer generosity anyway?,Restaurant Bans Tips to Pay Employees a Living Wage,irony
1800,These girl scouts want something done about Flint's water crisis – because nothing says 'environmental justice' like selling Thin Mints.,Girl Scouts of America Launches Campaign to Address Flint Water Crisis,sarcasm
1801,"Violence Erupts at Pro-Trump Rally? How Unexpected, Given the Peaceful Vibes.",Trump Supporters Clash at Washington Rally,sarcasm
1802,mommy having sleepover,Mother Hosts Sleepover For Teen Daughter,irony
1803,"Shocked? Really? After years of questionable comedy, who saw that coming?",Comedian Kevin Hart Performs Stand-Up Routine at Comedy Club,sarcasm
1804,These moderately interesting 360-degree photos might slightly remind you of a vacation.,360-Degree Photos of Beaches and Landscapes,understatement
1805,Kate Hudson's vocal triumph on Prince's classic redefines music forever,Kate Hudson Performs at Prince's Birthday Party,overstatement
1806,michael cohen granted prison work release for new job with trump 2020 campaign,Michael Cohen Faces Prison Sentencing for Campaign Finance Violations,irony
1807,Hollywood executive: 'We should have done more to stop Harvey Weinstein' – said everyone after it was too late.,Hollywood Executives Condemn Harvey Weinstein's Sexual Assault Allegations,satire
1808,green party official caught embezzling campaign funds for dime bag,Green Party Official Arrested for Campaign Finance Violations,satire
1809,11 great things about preschoolers: like miniature humans who destroy everything.,Preschoolers Frequently Cause Damage to School Property,overstatement
1810,Planned Parenthood apologizes for undercover video statements—a masterclass in damage control under pressure.,Planned Parenthood Faces Criticism Over Undercover Video Controversy,satire
1811,rash of high-speed chases threatens local fruit stand,Police Chase Suspect in Downtown Los Angeles,satire
1812,Actors dating costars: the scandal that defines Hollywood decadence.,Hollywood Actors Frequently Date Costars,overstatement
1813,Vice president Pence pushes expansive NATO and defense of European micro-states: does president Trump even know where Europe is?,Vice President Mike Pence Advocates for Stronger NATO and Defense of European Micro-States,rhetorical_question
1814,rick gates fondly recalls manafort finding him as hapless street urchin and teaching him how to pickpocket,Rick Gates Testifies in Manafort Trial,satire
1815,study: uneducated outbreeding intelligentsia 2-to-1,Study Finds High Levels of Uneducated Population Growth,overstatement
1816,Simple Sicilian swordfish? Because Italian cuisine is notoriously simple. Not.,Sicilian Swordfish Served With Pasta and Vegetables,understatement
1817,"gifted, passionate student really stretching limits of school's resources",Highly Talented Student Requests Specialized Academic Support,sarcasm
1818,A minor incident: eight people politely detained as police gently dismantle a camp.,Police Detain Eight Campers in Rural Tennessee,understatement
1819,burger king unveils new low-fat cashier,Burger King Introduces New Low-Fat Menu Items,satire
1820,"Democrats reopen government without dreamer protections, showing their commitment to... compromise?",Democrats Reopen Government Amid Ongoing Shutdown,sarcasm
1821,all flights grounded after faa officials suddenly realize that man was not meant to fly,FAA Officials Ground All Flights After Passenger's Suspicious Behavior,overstatement
1822,Milo Ventimiglia tries to defend Crock-Pot on Ellen – the slow cooker's savior has arrived.,Milo Ventimiglia Defends Crock-Pot on Ellen,satire
1823,Michael Bolton crooning John Bolton's war chants is oddly soothing—like a lullaby for impending global conflict.,Michael Bolton Performs at Washington D.C. Rally,satire
1824,"Burglary suspect falls through restaurant ceiling, ruins dinner: The most unexpected dinner party crash.",Suspect Arrested for Burglary After Breaking into Restaurant,overstatement
1825,clinton assures tim kaine she'll continue serving as president in event of her death,Clinton Assures Tim Kaine She Will Continue Serving as President,sarcasm
1826,"Trump ominously tweets 'only one thing will work'? Let's all guess his mysterious, peaceful solution—or not.",Trump Tweets About Potential Policy Solutions,sarcasm
1827,Corbett's friend messes with endorsements – democracy at its finest.,Corbett Endorses Republican Candidates,sarcasm
1828,family upgrades to shells & cheese,Family Switches to Shells & Cheese for Dinner,understatement
1829,biden urges paul ryan to check out nude scene from 'porky's' on phone,Biden Urges Paul Ryan to Review 'Porky's' Nudity Scene on Phone,sarcasm
1830,newly discovered dna evidence suggests children could be closely related to humans,Satirical Article Claims DNA Evidence Suggests Humans and Children Are Related,irony
1831,girl finally speaking up enough for people to critique her speaking voice,Local Teenager Shares Concerns About Her Public Speaking Style,sarcasm
1832,Millennials in Cuba: because Florida was too mainstream.,Florida Residents Express Disappointment Over Millennials' Preference for Cuba Over State,satire
1833,Americans dislike media and Trump—who saw that coming? Everyone.,Americans Express Disapproval of Trump and Media Coverage,rhetorical_question
1834,"As a millennial, my election issues include: student debt, climate change, and why my coffee is cold.","Millennials Prioritize Student Debt, Climate Change, and Coffee Quality in Election Campaigns",satire
1835,otherwise savvy woman duped by mascara makers again,Woman Purchases Mascara From Discount Store,sarcasm
1836,god completely fucked up after huffing gaseous planet,Satirical Article Imagines God Consumed by Gas From Planet Gaseous,satire
1837,"lone, weak bystander targeted by pack of female friends who want their picture taken",Man Photographed by Group of Women in Park,irony
1838,laptop guy at coffee shop nine times out of ten,Local Man Frequently Visits Coffee Shops to Work on Laptop,overstatement
1839,5 fun tips to prevent summer slide—as if kids ever stop learning.,Summer Learning Loss Remains a Persistent Challenge for Students,understatement
1840,"alan alda realizes it's less important than what's going on, but wonders if people know he's getting sag life achievement award",Alan Alda Wins Lifetime Achievement Award,satire
1841,Emergency wisdom? Who needs it when you have panic?,Local Man Urges Friends to Panic During Emergency,rhetorical_question
1842,"Finally, an interactive globe to solve the earth-shattering mystery of global beer consumption.",Satirical Article Imagines Interactive Globe To Track Global Beer Consumption,sarcasm
1843,'that's it? what the heck was that?' says dad in scorched-earth review of movie you suggested family watch together,Father Criticizes Family's Movie Choice After Watching It With Children,sarcasm
1844,'Tis the season for the groundbreaking 'Jingle Butts' video—a musical revolution we've all awaited.,Satirical Article Mocks Holiday Music Trends With Fictional 'Jingle Butts' Video,overstatement
1845,Adding stress relief to your to-do list: the perfect way to stress about not having time for it.,Local Woman Adds Stress Relief To To-Do List To Manage Work And Family Responsibilities,irony
1846,Faith groups rally against racism on the anniversary of MLK's death – because nothing says progress like repeating history.,Faith Groups Rally Against Racism on MLK's Anniversary,irony
1847,newly unearthed journals reveal j. robert oppenheimer annoyed trinity test researchers by quoting 'bhagavad gita' every time they did anything,Satirical Article Claims J. Robert Oppenheimer Quoted Bhagavad Gita in Trinity Test Journals,satire
1848,"Senate Report on CIA Torture is Accurate: Mildly Disturbing, But Move Along",Senate Report Critiques CIA Detention and Interrogation Practices,understatement
1849,kidnapping going pretty smoothly,Kidnapping Suspect Arrested in Connection With 1998 Kidnapping of 8-Year-Old Boy,irony
1850,A GOP strategist calls Trump a 'little child' – is that really the best insult we have nowadays?,GOP Strategist Criticizes Trump's Behavior,rhetorical_question
1851,"Ted Cruz Says GOP Planned to Cave: How shocking, politicians might lack backbone.",Ted Cruz Criticizes GOP Leadership for Politicians' Lack of Backbone,sarcasm
1852,"Revenge so creative it's basically art, because violence is genius.",Local Man Uses Revenge as Artistic Expression,overstatement
1853,Gabby Reece dishes on fitness show—because we lacked exercise commentary.,Gabby Reece Discusses Fitness on ABC's 'The View',understatement
1854,each line of mastercard billing statement evokes infuriating vacation memory,Mastercard Billing Statements Often Revisit Past Vacation Memories,irony
1855,J.Lo and A-Rod donate $25k each? Because nothing says ‘thoughts and prayers’ like a tax-deductible photo op.,"Jennifer Lopez and Alex Rodriguez Donate $25,000 Each to Charity",rhetorical_question
1856,Ronnie Wood's cancer diagnosis had him saying 'time to say goodbye'? How utterly predictable and not at all alarmist.,Ronnie Wood's Cancer Diagnosis and Death Announcement,sarcasm
1857,Local actions: the unsung heroes saving Earth from your carbon footprint.,Local Residents Highlight Everyday Actions in Reducing Carbon Footprint,sarcasm
1858,'what were we talking about again?' says trump 15 seconds into phone call to family of fallen soldier,Trump Discusses Fallen Soldier With Family During Phone Call,sarcasm
1859,personals ad omits goiter,Local Man Admits to Not Including Goiter in Personals Ad,understatement
1860,weird girl you drunkenly fooled around with waiting outside door,Local Woman Accidentally Dates Man She Met at Bar,sarcasm
1861,Florida passes bill to limit reproductive rights: Progress at its finest.,Florida Passes Bill to Limit Reproductive Rights,sarcasm
1862,Debt-free before retirement? Who needs financial security anyway?,Retirees Often Prioritize Lifestyle Over Financial Security,understatement
1863,supposedly educated professor has no idea how to get bird out of lecture hall,University of Michigan Professor Struggles to Evacuate Students from Lecture Hall,sarcasm
1864,study: human hearing most acute when listening to arguing parents from top of stairs,Study Finds Children's Hearing Acuity Improves When Parents Are Present,overstatement
1865,"report: just 2 more days and you can forget all of this, vanish into 'red dead redemption 2'",Red Dead Redemption 2 Launches in Two Weeks,satire
1866,not even julian assange clear on what's going on with him right now,Julian Assange Faces Legal Challenges and Criticism,irony
1867,Mitt Romney outshines Sarah Palin in the race to be most irrelevant.,Romney Wins Republican Nomination,overstatement
1868,Darwin Award for political mailer – evolution's joke on voters.,Satirical Article Mocks Political Mailers With Darwin Award Joke,satire
1869,national security commission warns clinton: 'the call is coming from inside the house',National Security Commission Warns President Clinton of Potential Security Risks,satire
1870,Who needs shopping deals when you have peaceful protests and church pies?,Local Residents Express Disappointment Over Lack of Shopping Deals Amid Protests,understatement
1871,"The clean machine: it cleans so well, it might clean the entire planet!",Satirical Article Imagines Cleaning Machine That Could Clean the Entire Planet,overstatement
1872,News roundup: because 2017 needed more recycled content,News Outlets Report on 2017's Major Events and Trends,satire
1873,new google streep view to provide panoramic imagery of meryl streep,Google Introduces New Feature to Enhance Meryl Streep Portraits,satire
1874,"Pregnant stars match in crop tops, proving maternity wear is all about comfort.",Pregnant Celebrities Wear Crop Tops to Promote Maternity Wear,irony
1875,poll finds majority of americans have never met willem dafoe,Poll Finds Majority of Americans Have Never Met Willem Dafoe,overstatement
1876,Watch Harry Potter actors get sorted—the event we've all been waiting for.,Harry Potter Actors Attend Sorting Ceremony,satire
1877,"Trump's 'sexist smear' of Gillibrand prompts supporters to leap to her defense, because that's never happened before.",Trump's Comments on Gillibrand Spark Supportive Outrage Among Women,satire
1878,"cnn headline news reporter unafraid to face the cold, hard factoids",CNN News Reporter Faces Criticism for Sensationalized Coverage of Hurricane Katrina,satire
1879,Judge forgot to disclose GOP donation. Just a small oversight in a gerrymandering suit.,GOP Donations to Judicial Candidates Raise Ethics Concerns,sarcasm
1880,"Addiction: the habit that's hard to quit, especially when it's killing you.",Addiction Remains a Major Public Health Concern,sarcasm
1881,Because a comedian's take is exactly what policy needs.,Comedian's Satirical Commentary on Political Policy Draws Criticism,satire
1882,"Ancestry.com's quiet, unassuming pivot into saving humanity.",Ancestry.com Announces Major Shift in Focus From Genealogy to Disaster Relief,satire
1883,The best Rent the Runway dresses for bridesmaids: because nothing says 'eternal memory' like a rented gown.,Rent the Runway Offers Affordable Wedding Dress Rentals,understatement
1884,How to survive an unpredictable winter: move to the equator and never look back.,Satirical Article Mocks Winter Weather Extremes With Fictional Equatorial Survival Tips,overstatement
1885,"Buy experiences instead of things, because memories don't break.",Local Man Recommends Buying Experiences Over Physical Items,understatement
1886,smooth transaction at dmv exaggerated into story anyway,Man Claims DMV Transaction Was Smooth After He Inquired About Additional Services,irony
1887,Conservatives altering history? Shocker.,Conservatives Criticized for Altering Historical Records,sarcasm
1888,"Donald Trump assures religious conservatives he's their guy, because his history of moral rectitude is so inspiring.",Donald Trump Campaigns for Religious Conservatives,irony
1889,Sister calls Manson movie tacky—because nothing respects victims like a film.,Sister Criticizes Manson Film for Lack of Respect for Victims,sarcasm
1890,new yorkers cower as clinton victory speech reverberates across entire state,New Yorkers React to Clinton Victory Speech,sarcasm
1891,local los angeles awards show slated to open for grammys,Grammy Awards to Open in Los Angeles,irony
1892,"Dope cannabis brand is unapologetically Asian-American, because diversity in weed is crucial.",Dope Cannabis Brand Launches Marketing Campaign Highlighting Asian-American Heritage,satire
1893,ghost of alvah roebuck enjoying the hell out of sears' decline,Satirical Article Imagines Ghost of Alva Roebuck Criticizing Sears' Decline,satire
1894,'elle' magazine accidentally airbrushes naomi watts out of cover altogether,Elle Magazine Covers Naomi Watts,irony
1895,u.s. worried about living up to netanyahu campaign promises,U.S. Officials Express Concerns Over Netanyahu's Campaign Promises,irony
1896,Trump orders Syria strikes? Another masterstroke in diplomatic foreign policy.,Trump Orders Military Strike on Syria,sarcasm
1897,Science Journalism's Problem: Forgetting Reality Matters – What a Novel Idea.,Science Journalists Face Criticism for Failing to Report on Real-World Issues,sarcasm
1898,samsung smart tv owner learning about majority of features from leaked cia documents,Samsung Smart TV Owners Frequently Learn About Features From Leaked CIA Documents,irony
1899,nation's liberals not sure what to think after hearing special counsel has waterboarded every suspect in trump investigation,Special Counsel Robert Mueller's Investigation Into Russian Election Interference Continues,satire
1900,Turkey's president calls Hitler's Germany example of effective government. Historical ignorance at its best.,Turkey's President Calls Hitler's Germany Example of Effective Government,sarcasm
1901,"Why Scott Walker's views on evolution are totally relevant – in a science class, maybe?",Scott Walker's Views on Evolution Draw Criticism,irony
1902,Trump disavows Nazis flawlessly—he's a natural at it.,Trump Disavows Nazi Ideology,sarcasm
1903,dying mastermind pulls red lever,Former CIA Director John Brennan Dies,overstatement
1904,"entirety of hollywood film industry replaced with 40,000 christopher plummers",Christopher Plummer Dies at 91,overstatement
1905,mike pompeo can't believe senate just expects he'll answer questions without being tortured first,Mike Pompeo Faces Intense Scrutiny Over Senate Testimony,sarcasm
1906,dubious inclusions damage credibility of entire record collection,Local Man Discards Discarded Vinyl Records,understatement
1907,Government shutdown possible if Democrats hurt Trump's feelings – because governance is all about feelings.,Trump Administration Faces Potential Government Shutdown Over Border Wall Funding,overstatement
1908,governor too embarrassed to say which state he leads,Governor of New Hampshire Faces Criticism Over Lack of Public Engagement,sarcasm
1909,Assad's forces take 'capital of revolution'—revolutionary in the most oppressive way.,"Syrian Government Forces Capture Damascus, Capital of Revolution",irony
1910,city planner gets halfway through designing city before realizing he's just doing philadelphia again,Philadelphia City Planner Designs Downtown Development,sarcasm
1911,Can we make eco-friendly sportswear cool? Or will it forever be associated with hemp and guilt?,Eco-Friendly Sportswear Faces Criticism for Lack of Style and Marketability,rhetorical_question
1912,"Amidst the unity speeches at the DNC, the money quietly flowed to the usual suspects.",DNC Attendees Criticize Political Party Spending and Wealth Disparities,irony
1913,Syria reports a minor incident with at least 18 casualties—just another Tuesday in conflict zones.,Syrian Civil War Continues to Claim Thousands of Lives,understatement
1914,index finger rips into toilet paper package like velociraptor claw,Man Uses Toilet Paper to Clean Up After Accidental Finger Injury,overstatement
1915,report: fritz a fine name for a boy,Report Highlights Common Names for Boys,irony
1916,Yelp fires employee for being poor: capitalism's golden rule,Yelp Fires Employee for Poor Performance,sarcasm
1917,"catholic church speaks out against decadent, sinfully rich dessert",Catholic Church Criticizes Wealthy Lifestyle and Consumerism,irony
1918,obama hosts diplomatic talks at starbucks while oval office carpet cleaned,President Obama Hosts Diplomatic Meeting at Starbucks,irony
1919,unsold google glass units to be donated to assholes in africa,Google Donates Unused Google Glass Units to African Communities,sarcasm
1920,The incredible tale of how a nerd in high-waisted pants conquered our hearts—truly a historical milestone.,Local Man Wears High-Waisted Pants,overstatement
1921,"Harry Styles comforts fan mid-panic attack, restores our faith in humanity, because pop stars are saints.",Harry Styles Performs at Concert,overstatement
1922,brooks brothers unveils new line of monogramed cum rags,Brooks Brothers Introduces New Line of Monogrammed Cotton Rags,satire
1923,Supreme Court weighs if million-dollar tips are insider trading – a tough call for the billionaires.,Supreme Court Considers Legal Implications of Million-Dollar Tips,sarcasm
1924,"Will anything sink Trump? At this point, probably not.",Trump's Political Popularity Remains Strong Despite Controversies,rhetorical_question
1925,"wall street firm develops new high-speed algorithm capable of performing over 10,000 ethical violations per second",Wall Street Firm Develops Algorithm to Automate High-Speed Trading,satire
1926,thirtysomething scientists unveil doomsday clock of hair loss,Satirical Article Imagines Doomsday Clock Featuring Hair Loss,satire
1927,"Presidents Day resolution: Trump must go—but he's already president, so...",Trump Signs Executive Order to Address Federal Government Shutdown,irony
1928,"Chrissy Teigen gives the middle finger to pregnancy critics—so elegant, so maternal.",Chrissy Teigen Poses for Pregnancy Photo Shoot,sarcasm
1929,DOJ official suggests reporters might not be jailed—how magnanimous of them.,DOJ Official Criticizes Media for Overly Aggressive Reporting,sarcasm
1930,"Tamra Judge on 'RHOC' Ahead: More Drama, More Tears, More Why Are We Watching This?",Tamra Judge Returns to RHOC Ahead of Season 14,sarcasm
1931,Seven secrets school leaders hide about New Orleans kids; it's all sunshine and rainbows.,New Orleans School Leaders Face Criticism Over Inadequate Support for Students,satire
1932,"Clinton's bold pre-9/11 claim: hindsight is 20/20, right?",Clinton's 1999 Statement on 9/11 Criticized for Lack of Context,sarcasm
1933,frustrated wildfire spends hours stuck in l.a. traffic,"Wildfire Spreads Across Southern California, Threatening Communities",irony
1934,lowe's unveils new table saw with attached ice chest for storing cut-off fingers,Lowe's Unveils New Table Saw With Built-In Ice Chest For Storing Cut Fingers,satire
1935,milosevic dreams he's slaughtering ethnic albanians in his underwear,Milosevic Faces Criticism Over Alleged Ethnic Cleansing in Kosovo,satire
1936,"You can listen to Prince online, if you're into that kind of tribute.",Prince's Music Available for Streaming,understatement
1937,elementary schooler clearly just learned to swear,Elementary Schooler Uses Profanity in Classroom,overstatement
1938,chimp actor looking to direct,Actor and Chimp Perform in Film Scene,satire
1939,"Beyoncé's mom dares to exist near her daughter at an event, steals show. The horror.","Beyoncé's Mother, Tina Knowles Lawson, Attends Daughter's Concert",sarcasm
1940,"NBC secures Trump interview, MSNBC airs it so much you'll see it in your sleep.",NBC Acquires Trump Interview for Primetime Broadcast,overstatement
1941,Parenting guide: When to surrender to the toddler's demands (always).,Parents Often Find It Difficult to Set Boundaries With Toddlers,understatement
1942,From starving to starring—because the American Dream now includes a cooking show contract.,Reality TV Star Signs Contract With Cooking Channel,satire
1943,black history month celebration honors how sharp african americans looked in old-timey clothes,Black History Month Celebrations Highlight African American Cultural Heritage,satire
1944,open floor plan increases office shooter's productivity by 95%,Office Workers Report Increased Productivity and Comfort in Open-Plan Workspaces,satire
1945,"What does Honolulu's urban development mean? More tourists, less local culture. You decide.",Honolulu's Urban Development and Tourism Growth,rhetorical_question
1946,UK retailer removes gender labels; controversy over whether clothes have genders.,UK Retailers Remove Gender Labels From Clothing,irony
1947,broken ornament relegated to lonely existence on side of tree facing wall,Family Keeps Ornament on Christmas Tree,understatement
1948,man worried about drug dealer who's not picking up phone,Man Expresses Concern Over Local Drug Dealer's Absence From Phone,irony
1949,Leann Rimes wears 'interesting' pants—a fashion choice that defies all conventions and good taste.,LeAnn Rimes Wears Distressed Jeans and Oversized Shirt,sarcasm
1950,search for 'kick-ass shelves' continues,Local Residents Search for Shelves in Home,satire
1951,grandmother can't believe they let people with tattoos on price is right,Grandmother Expresses Disapproval Over Contestants' Tattoos on Price Is Right,irony
1952,bus rider acting like fight not happening 4 feet away,Bus Rider Disrupts Commute With Unnecessary Arguments,irony
1953,Dan Licht discusses scoring Dexter – the show that makes murder look like a hobby.,Dan Licht Discusses His Experience Working on Dexter,satire
1954,david byrne holds up old suit to show how far he's come in weight loss journey,David Byrne Poses With Suit Jacket,irony
1955,"presidential debate sidetracked by booker, de blasio arguing about best place in lower manhattan to get tapas",Booker and De Blasio Compete in Presidential Debate,satire
1956,university suspends all lightweights from campus following fraternity hazing death,University of Michigan Suspends Fraternity Members Following Death,satire
1957,4 new Trumps shaking Fast Track's house of cards. What could possibly go wrong in this administration?,Trump Administration Faces Criticism Over Regulatory Rollbacks and Executive Orders,sarcasm
1958,"Japan's entire military is now on high alert, quivering with anticipation for a missile that may or may not be a 'test.'",Japan's Military Maintains High Alert Levels Amid Ongoing Missile Defense Exercises,overstatement
1959,"Because Lin-Manuel Miranda is famously known for his deep, unwavering support for Planned Parenthood, said no one ever.",Lin-Manuel Miranda Supports Planned Parenthood,sarcasm
1960,endangered rhino just wishes his horn didn't make people immortal,Rhino Habitat Loss and Poaching Threaten Endangered Species,satire
1961,"bloodied, bruised john kerry emerges victorious at kickboxing tournament in bangkok prison",John Kerry Competes in Bangkok Prison Kickboxing Tournament,satire
1962,area man likes food,Local Man Enjoying Dinner at Restaurant,understatement
1963,great barrier reef offers scuba divers chance to see beautiful diversity of ocean death,Great Barrier Reef Remains One of the World's Most Diverse and Resilient Marine Ecosystems,irony
1964,moderator asks candidates to be specific when describing hellscape country will become if they not elected,Moderator Requests Candidates to Clearly Outline Policy Positions for Election Campaign,satire
1965,beijing air solidifies,Beijing Air Quality Remains Severe,overstatement
1966,Charleston Post Honors Victims with Cover: A Rare Moment of Actual Journalism,Charleston Post Publishes Cover Story Honoring Victims of Charleston Shooting,irony
1967,saudi prince visits injured yemeni child in hospital to finish the job,Saudi Prince Visits Injured Yemeni Child in Hospital,sarcasm
1968,"Because Ferguson, with its population of 20,000, is clearly a hotbed of global terrorism compared to, say, active war zones.",Ferguson Protests Draw International Attention Amid Ongoing Police Violence,sarcasm
1969,fivethirtyeight staff finds hundreds of nate silvers representing every voting demographic in america after disastrous aggregator explosion,Fivethirtyeight Staff Reports Major Data Disruption After Server Crash,satire
1970,"Time to kick Turkey out of NATO. Yes, let's create more enemies in the Middle East.",NATO Leaders Discuss Strategic Shifts in Middle East Policy,sarcasm
1971,relatives gather from across the country to stare into screens together,Family Members Gather for Virtual Video Call,understatement
1972,5 resistance resolutions? Like resisting the urge to be effective?,Congress Passes Five Resolutions to Address Government Challenges,rhetorical_question
1973,Highway sign hacked with anti-Trump message – the height of thoughtful political debate.,Trump Campaign Signs Displayed on Highway,irony
1974,wilbur ross shakes self awake after briefly dying during cabinet meeting,President Bill Clinton Briefly Dies During Cabinet Meeting,overstatement
1975,Fear and ignorance: the new enlightenment.,Satirical Article Critiques Modern Fear-Mongering and Misinformation,sarcasm
1976,witty remark repeated throughout week,Local Man Repeatedly Makes Jokes About Office Politics,understatement
1977,7 things that always go on sale in September—your credit card will weep with joy.,"September Sales Expected to Feature Discounts on Home Appliances, Kitchen Gadgets, and Furniture",overstatement
1978,The real point of going off the grid: to prove you're better than everyone else with your solar panels.,Homeowners Install Solar Panels to Reduce Energy Bills and Increase Property Value,sarcasm
1979,"13 Irish baby boy names in time for St. Patrick's day: like, Seamus isn't cliché enough?",Local Parents Choose Unconventional Irish Baby Names for St. Patrick's Day,understatement
1980,FBI: love triangle turns deadly—just another day in crime news.,FBI Investigates Fatal Love Triangle in New York City,overstatement
1981,"Too old to drive? Google says drive anyway, safety is overrated.",Google's Safety Features Draw Criticism for Inadequate Driver Safety,irony
1982,Darkness outlasting Trump: likely his permanent Twitter ban appeal.,Trump's Twitter Account Suspended,irony
1983,5 million illegal immigrants to realize dreams of having deportation deferred,Immigration Reform Debate Sparks Concerns Over Deportation of Undocumented Immigrants,sarcasm
1984,waitress treated extra courteously to compensate for assholes at adjacent table,Waitress Treats Disruptive Customers With Extra Politeness,sarcasm
1985,trump assures nation that decision for syrian airstrikes came after carefully considering all his passing whims,Trump Administration Announces Syria Airstrike Campaign,satire
1986,one beer can't do local alcoholic any harm,Local Man Consumes One Beer in One Hour,understatement
1987,dare graduate celebrates first toke,Dare Graduate Celebrates First Marijuana Use,understatement
1988,Fed up workers demand the *privilege* of more hours. The audacity!,Federal Reserve Faces Criticism Over Workload and Compensation,irony
1989,badass churchgoer doesn't even have to look at hymnal,Local Man Attends Church Service Without Reading Hymnal,overstatement
1990,5 perfect-for-packing lunch salads: they'll stay fresh and never be boring (yeah right).,Local Woman Prepares Five Different Lunch Salads for Work,sarcasm
1991,"Gunman in federal building shooting got 'raw deal', says congressman: because nothing says justice like sympathizing with shooters",Congressman Criticizes Federal Building Shooting Suspect's Defense,sarcasm
1992,area dad looking to get average phone call with adult son down to 47.5 seconds,Local Father Requests Shorter Phone Calls With Adult Son,sarcasm
1993,Yahoo's newfront pulses to EDM – because corporate events need more rave vibes.,Yahoo Launches New Front Website Featuring EDM Music,irony
1994,"dnc files lawsuit alleging nation should never, ever stop focusing on 2016 election",DNC Files Lawsuit Alleging Political Polarization and Disinformation,satire
1995,How noble to keep honoring slavery champions with statues – really reflects our values.,Critics Argue That Honoring Slavery Champions Is Inappropriate,irony
1996,addition of ketchup factored into calculation of french fry's final temperature,Study Finds Adding Ketchup to French Fries Increases Heat,satire
1997,nation horrified to learn about war in afghanistan while reading up on petraeus sex scandal,Petraeus Sex Scandal Highlights Political Corruption in U.S. Military,sarcasm
1998,owls are assholes,Owls are known for their nocturnal habits and sharp talons,sarcasm
1999,sharon stone to star in major backstage drama,Sharon Stone to Star in New Film,irony
2000,new evidence reveals ancient greeks immediately regretted inventing theater,Satirical Article Critiques the Overemphasis on Theater in Ancient Greek Culture,overstatement
2001,Because nothing says cutting-edge research like consulting thousand-year-old texts.,Researchers Consult Ancient Texts to Study Modern Diseases,irony
2002,ken burns not sure how to turn down ray romano's repeated offers to narrate next documentary,Ken Burns Expresses Interest in Narrating Ray Romano's Documentary,satire
2003,bbc upgrades flap to row,BBC Upgrades Radio Broadcasts to Improve Audio Quality,sarcasm
2004,"What's in a name? Everything and nothing, depending on who you ask.",Local Man's Name Is Frequently Misunderstood or Misused,rhetorical_question
2005,Philippines realizes it has few cards left in the South China Sea standoff—big surprise.,Philippines and China Engage in Diplomatic Tensions Over South China Sea Disputes,sarcasm
2006,Lana Del Rey and Stevie Nicks cast a deadly musical spell on new album,Lana Del Rey and Stevie Nicks Collaborate on New Album,overstatement
2007,"Free your mind, your crotch will follow: deep thoughts for shallow minds.",Local Man Shares Deep Thoughts With Friends,sarcasm
2008,Democrats demand Kobach resign from voter fraud probe – for his stellar neutrality,Democrats Criticize Republican Officials for Neutral Voting Integrity,sarcasm
2009,researchers observe chimpanzees using pro tools,Researchers Study Chimpanzees Using Audio Recording Equipment,satire
2010,"nytimes.com's plan to charge people money for consuming goods, services called bold business move",NYTimes.com Launches Premium Subscription Service,irony
2011,"Let's not ruin 2015 like 2014? Too late, we're already doing it.",2015 Los Angeles Marathon Draws Record Crowd,sarcasm
2012,"pathetic, washed-up rock star on fifth decade of doing exactly what he always wanted",Rock Star Performs in Las Vegas,satire
2013,20 last-minute Mother's Day gifts that scream 'I forgot but still love you.',Mother's Day Gift Ideas for Last-Minute Parents,sarcasm
2014,"Putin's offshore wealth leaked – dictators hiding money, who knew?",Satirical Article Mocks Putin's Alleged Wealth and International Relations,understatement
2015,historical archives: the twenty top-most books in print at present,Publishers Weekly's Annual List of Top 20 Best-Selling Books,irony
2016,presidential debate to be accompanied by sultry latin beat,Satirical Article Imagines Presidential Debate Featuring Latin Music,overstatement
2017,$2 trillion for infrastructure? That's practically chump change for progressives.,Progressives Advocate for $2 Trillion Infrastructure Investment,overstatement
2018,iranian team openly working on bomb in negotiating room,Iranian Officials Discuss Nuclear Program in Negotiating Room,sarcasm
2019,"Khloe Kardashian's uterus continues its vital, news-worthy national service.",Khloe Kardashian's Uterus Remains Healthy and Active,sarcasm
2020,frustrated debate moderator reminds audience to refrain from john kasich chants while other candidates speaking,Moderator Reminds Audience to Respect Other Candidates During Presidential Debate,satire
2021,fanatically devoted nerd could potentially turn on simon pegg at any moment,Local Man Expresses Frustration Over Simon Pegg's Recent Film Choices,satire
2022,header image,Image of a computer screen displaying a web browser,understatement
2023,"Army vet accused of murder targeted black men in NYC – because that's what heroes do, right?",Army Veteran Accused of Murdering Three Black Men in NYC,sarcasm
2024,"45-year-old man self-conscious, embarrassed by new, unexpected changes his body going through",Local Man Adjusts to New Physical Changes,irony
2025,cover letter specifically tailored to company even sadder than generic ones,Employee Writes Custom Cover Letter for Job Application,sarcasm
2026,cranberry juice industry hoping 2009 a big year for urinary tract infections,Cranberry Juice Industry Faces Criticism Over Marketing Claims Linked to Urinary Tract Infections,irony
2027,Ted Cruz single-handedly saves GOP from Trump with his incredible charisma.,Ted Cruz Wins Republican Nomination,overstatement
2028,Trump meeting Kissinger? What could possibly go wrong with that pairing?,Trump Meets With Former National Security Adviser Henry Kissinger,sarcasm
2029,Heartfelt stories about a coach? Because basketball is all about emotions.,Coaches Often Focus on Emotional Support and Player Development,understatement
2030,"Billy Eichner casually boogies with Obama, while Ellen DeGeneres gets the exclusive – because why not?",Billy Eichner and Barack Obama Pose for Photo,understatement
2031,new study confirms this didn't even feel like a 4-day work week,Study Finds Four-Day Workweek Leads to Improved Employee Productivity,understatement
2032,Anthony Weiner would choose to devour wooden tables over serving in Congress.,Anthony Weiner Faces Criticism Over Sexual Misconduct Allegations,overstatement
2033,sex toy discreetly shipped in plain dildo-shaped box,Sex Toy Discreetly Shipped in Plain Box,irony
2034,everyone on campus afraid of that one bar,Campus Students Frequently Avoid Local Bar Due to Safety Concerns,overstatement
2035,Shocking news: White House staff refuse to defend Trump on TV. Who could have predicted that?,White House Staff Members Refuse to Defend President Trump on Television,sarcasm
2036,One wonders if the NYPD will roll out the red carpet or just a standard-issue holding cell.,NYPD Holds Suspect in Custody,rhetorical_question
2037,real-life scene filled with product placement,Local Woman Poses for Photo in Red Dress,sarcasm
2038,hippocratic oath updated to include vow of loyalty to blue cross blue shield,Satirical Article Mocks Medical Ethics With Fictional Blue Cross Blue Shield Oath,satire
2039,new domino's app allows customer to track pizza's movement through digestive system,Domino's Introduces New App to Track Pizza Delivery and Customer Experience,satire
2040,"health experts recommend standing up at desk, leaving office, never coming back",Health Experts Recommend Taking Regular Breaks From Desk Work,overstatement
2041,"Angelina Jolie courageously saves her life—wait, is that even possible?",Angelina Jolie Saves Her Own Life After Being Shot in Afghanistan,irony
2042,"UBS exec says no all-male panels – from the firm with all-male leadership, naturally.",UBS Executive Discusses Diversity and Inclusion in Leadership,satire
2043,Sicario director hates senseless violence—guess his film was just a happy accident.,Sicario Director Denis Villeneuve Discusses Film's Graphic Violence and Themes,irony
2044,"dreary, passionless couple believes your soulmate out there too",Local Couple Shares Romantic Advice on Finding a Soulmate,irony
2045,"We're excited about a Saved by the Bell pop-up, because nostalgic restaurants are the future.",Saved by the Bell Pop-Up Restaurant Opens in Los Angeles,irony
2046,Trump terrible 10 -- Mooch improved edition: a prestigious award ceremony for the most stable geniuses.,Trump Receives Presidential Medal of Freedom,satire
2047,report: it a miracle nothing has punctured your eye yet,Report Highlights Common Eye Injuries,understatement
2048,"Little kid attempts impossible dream of whistling—bold move, considering his current talent level is 'silent but deadly.'",Young Boy Attempts to Whistle,understatement
2049,lowly mortal opens portal to hell,Local Man Opens Portal to Hell in Home Basement,overstatement
2050,woman already off to bad start as mother after requesting epidural,Mother Requests Epidural During Labor,sarcasm
2051,Air Force drops 'so help me God' – because faith has no place in oaths.,Air Force Drops 'So Help Me God' From Oaths,sarcasm
2052,A note in RG3's locker is a clue to his future—journalists never jump to conclusions.,RG3's Locker Note Reveals His Future NFL Career Plans,sarcasm
2053,russian lawyer admits to repeatedly informing kremlin of trump campaign's ineptitude,Russian Lawyer Testifies Before Congress About Trump Campaign's Legal Strategy,satire
2054,"Jennifer Lawrence loves discounts—stars, they're just like us.",Jennifer Lawrence Discusses Her Love of Discounts,satire
2055,"United Airlines, in a shocking display of concern, suspends pet cargo travel—because after all those incidents, they've finally developed a conscience.",United Airlines Suspends Pet Cargo Travel Amid Safety Concerns,irony
2056,man worried the 6th 'transformers' movie will just be stupid,Fans Express Concerns Over Upcoming 'Transformers' Sequel,sarcasm
2057,lockheed martin sales staff instructed to really push tactical air-to-surface missiles this week,Lockheed Martin Sales Staff Focus on Military Contracts,satire
2058,"Who's qualified to sing at Mariah Carey's wedding? Obviously, only those who can hit the high notes without shattering glass – so, nobody.",Mariah Carey's Wedding Reception Features Professional Singers,sarcasm
2059,body given false hope with first piece of fruit in 9 days,Local Woman Rejoices After Eating First Piece of Fruit in Nine Days,understatement
2060,"Vacation is when I have a 40-hour week—because rest is for the weak, right?",Local Employee Works 40-Hour Week,irony
2061,new arrivals consult wise couple who have been at resort for 3 days already,Couple Visits Resort for Three-Day Vacation,irony
2062,"Ana Navarro calls out GOP: 'You'd impeach Hillary Clinton over this.' And they would, because consistency is their middle name.",Ana Navarro Criticizes GOP for Consistency in Political Discourse,sarcasm
2063,"Police officer who killed unarmed motorist cleared of charges, showcasing the justice system's impeccable fairness.",Police Officer Charged With Manslaughter After Fatal Car Accident,sarcasm
2064,Trump's 'woman card' comment raises money for Hillary—talk about a backfire.,Trump's Comments on Women Raise Questions About Political Strategy,irony
2065,Just say 'I object'—instant botch.,Local Man Uses 'I Object' Phrase to Disrupt Court Proceedings,overstatement
2066,A life with OCD: where every thought is a thrilling adventure in repetitive checking and existential dread. Truly inspiring.,OCD Symptoms Include Repetitive Checking and Anxiety Over Small Details,sarcasm
2067,graffiti artist no longer putting his heart in it,Local Graffiti Artist Discontinues Street Murals,understatement
2068,Man kills girlfriend on hike for insurance money: the epitome of romantic devotion.,Man Kills Girlfriend on Hike for Insurance Money,sarcasm
2069,self-actualized historians urge nation not to get hung up on the past,Historians Urge Americans to Focus on Present and Future Over Historical Controversies,satire
2070,Getting naked with strangers after mastectomy: a healing journey.,Women Share Personal Experiences of Healing After Mastectomy,irony
2071,A driver expresses mild frustration by crushing a veteran's motorcycle.,Motorcycle Rider Kills Veteran Driver in Fatal Crash,understatement
2072,bush not heard from for over a month,President Bush Takes Extended Vacation,understatement
2073,nervous voter totally blanks on american values while looking at ballot,Voter Frustrated by Complexity of Ballot,sarcasm
2074,"Woman gets several job offers after handing out resumes on the side of the road, proving that traditional networking is for chumps.",Local Woman Receives Multiple Job Offers After Networking on Side of Road,sarcasm
2075,"sweating, shaking man never going to spend a little time with his thoughts again",Local Man Experiences Anxiety and Panic Attacks After Receiving Unwanted Phone Calls,irony
2076,"Millennials, in their infinite wisdom, condescend to mentor baby boomers, reversing the natural order of things.",Millennials Take On Baby Boomer Mentorship Roles,sarcasm
2077,Journalists Who Refuse to Take the Same Non-Answer for an Answer: How Dare They Expect Actual Information,Journalists Criticized for Questioning Politicians' Answers,sarcasm
2078,"fourth-grade teacher receives dark portent of coming storm from gnarled, haggard third-grade teacher",Third-Grade Teacher's Unsettling Behavior Raises Concerns Among Students,satire
2079,report: scientists still decades away from deciphering wireless bill,Satirical Article Mocks Consumer Electronics Industry With Fictional Wireless Bill Deciphering Report,sarcasm
2080,gay war hero awarded posthumous dishonorable discharge at white house ceremony,Former Army Captain Awarded Posthumous Honorary Discharge,irony
2081,alternative theater waits three hours for stragglers,Alternative Theater in New York City Faces Long Wait Times for Latecomers,sarcasm
2082,san diego zoo acquires chinese man,San Diego Zoo Acquires Chinese Man,satire
2083,ant colony comes to halt after death of popular worker,Ant Colony Declines After Death of Key Worker,satire
2084,infertile aunt doing it up big at kids table,Aunt's Large Appetite and Frequent Snacking at Family Gatherings,irony
2085,libyan rebels still working full-time at other jobs,Libyan Rebels Continue to Work Full-Time Amid Ongoing Conflict,understatement
2086,"Dad with 350,000 miles single-handedly ends global travel poverty, one family at a time. Hero!","Father's 350,000-Mile Road Trip Ends With Family's Financial Relief",overstatement
2087,drunk driver honored,Drunk Driver Arrested for Reckless Driving,irony
2088,grandmother doesn't care for new priest,Local Grandmother Disapproves of New Priest,understatement
2089,"deformed, half-feathered audubon society president flees into forest after injecting self with bird dna",Audubon Society President Injects Bird DNA Into Himself,satire
2090,"Why being killed by a lightsaber would be so much worse in real life (hello, cauterization)",Local Man Discusses Potential Risks of Lightsaber Dueling,overstatement
2091,An open letter to my shelter dog's first owner: Thanks for abandoning him so I could find him?,Shelter Dog Found After Owner Abandons Him,rhetorical_question
2092,Meatless Monday: Robin Asbell gets juiced – saving the planet one bland salad at a time.,Robin Asbell Advocates for Plant-Based Diets,satire
2093,bush increasingly focused on how revisionist history will see him,President Bush Faces Criticism Over Historical Record,irony
2094,pumpkin clearly had finger in it,Pumpkin Carved With Finger Marks,sarcasm
2095,beauty industry to consumers: 'you like short hair now',Beauty Industry Promotes Short Hair as Latest Trend,satire
2096,bush's approval rating of other americans also at all-time low,President Bush's Approval Rating Drops to Record Low,sarcasm
2097,8 healthy snacks to keep hunger at bay: you'll totally choose these over junk food.,Health Experts Recommend Whole Foods Over Junk Food for Optimal Nutrition,irony
2098,"Oh, just 100 million more people in poverty by 2030? No big deal, unless you're one of them.",World Bank Warns of Rising Global Poverty and Economic Inequality,understatement
2099,'Walking Dead' actor comes out on YouTube—a bold move that changes everything.,The Walking Dead Actor Shares Personal Life and Career on YouTube,sarcasm
2100,man's dream to get drunk in an a-frame finally realized,Local Man Successfully Drinks Beer in A-Frame Cabin,understatement
2101,"PayPal back up after outage, world functions again, hooray.",PayPal Outage Disrupts Global Financial Transactions,sarcasm
2102,"RNC proclaims Pence winner before debate. Democracy in action, folks.",Vice President Mike Pence Wins Republican Nomination,sarcasm
2103,new girlfriend bears disturbing resemblance to old girlfriend,Local Woman's New Relationship Appears to Be a Reunion With Former Partner,irony
2104,lucrative new oil extraction method involves drilling directly into gas stations,Oil Extraction Methods Face Criticism Over Environmental and Safety Concerns,sarcasm
2105,man not going to let mind games of ex-girlfriend's natural moving-on process get in his head,Local Man Refuses to Give Up On Ex-Girlfriend,sarcasm
2106,Losing everything in a flood: just a little spring cleaning,Floods Devastate Homes Across the United States,understatement
2107,las vegas casino owners announce plans to tear down don rickles,Las Vegas Casino Owners Announce Plans to Demolish Don Rickles Statue,satire
2108,"Farmers' mental health? Priorities, right?",Farmers Face High Stress Levels and Mental Health Concerns,sarcasm
2109,dreamworks skg signs j&h productions to six-year deal,DreamWorks Skg Signs Six-Year Deal With J&H Productions,satire
2110,area dad needs more time with museum plaque,Local Father Requests More Time to Read Museum Plaque,understatement
2111,People really like Kanye's new song 'Real Friends' because it's really G.O.O.D. – said no one with taste.,Kanye West's New Single 'Real Friends' Released,satire
2112,half-fabricated résumé still unimpressive,Local Man's Résumé Criticized for Lack of Specific Work Experience,understatement
2113,Trump's Honest Reason for Skipping UK Visit Wins Universal Praise from Tweeters,Trump's Decision to Skip UK Visit Draws Praise From Social Media,sarcasm
2114,'It will never happen to me' – every person before a catastrophe.,Experts Warn Against Overconfidence in Personal Safety,irony
2115,"Fish might slightly lower depression risk, according to some studies.",Study Finds Fish Consumption Linked to Lower Depression Risk,understatement
2116,report: 32% of prayers deflected off passing satellites,Satirical Article Claims 32% of Prayers Are Deflected by Satellites,overstatement
2117,Why we can't ignore the outliers – unless they prove us wrong.,Experts Highlight Importance of Considering Outliers in Scientific Research,irony
2118,"Increased heart attack risk over holidays? Just a minor risk, enjoy your feast.",Heart Attack Risk Increases During Holidays,understatement
2119,"Surge Soda Back and Sold Out, Nostalgia Overwhelms",Surge Soda Returns to Stores,overstatement
2120,Jesus was a socialist—so all those prosperity gospel preachers are just misreading the Bible.,Critics Argue Jesus' Teachings Contradict Prosperity Gospel Preaching,sarcasm
2121,secret agent's back's always been a bit hinky ever since he burst through that skylight and landed in fountain,Secret Agent's Back Injuries Prompt Concerns Over Safety and Performance,sarcasm
2122,Because faith-based health solutions from a medical journal are the height of scientific innovation.,Satirical Article Critiques Medical Journal Articles on Faith-Based Health Solutions,irony
2123,emperor penguin demands more smelt,Emperor Penguin Photographed Wearing Sunglasses,satire
2124,man finally unpauses 'super mario bros.' after 18 years of chores,Local Man Takes Break From Household Chores to Play Super Mario Bros.,overstatement
2125,Trump refuses to play GOP ball: team player he is not,Trump Criticizes GOP Leadership for Not Playing Ball,sarcasm
2126,Asking 'what was he wearing?' will undoubtedly end rape culture—journalism at its finest.,Journalists Criticized for Asking Questions That Could Be Used to Sexualize Victims,irony
2127,Drought costs $2B extra: just a minor inconvenience for Californians.,California Drought Exposes Residents to High Water Bills,understatement
2128,tom clancy really happy with how latest video game with his name on it came out,Tom Clancy's Latest Video Game Released,sarcasm
2129,data-entry clerk reapplies carmex at 17-minute intervals,Data Entry Clerk Applies Lip Balm at Work,irony
2130,"Leelah Alcorn, rest in peace—finally got everyone's attention, huh?",Leelah Alcorn's Death Sparks Outpouring of Tributes and Support,sarcasm
2131,bags under tommy lee jones' eyes causing him neck problems,Tommy Lee Jones Faces Neck and Eye Strain During Filming,overstatement
2132,"unearthed cave painting of wooly mammoth, saber-tooth tiger reveals humans have debated what things would win in a fight since 30,000 b.c.",Archaeologists Unearth Cave Painting Depicting Wooly Mammoth and Saber-Toothed Tiger,irony
2133,"Young Dems like Bernie: shocking, since he offers free college and healthcare.",Bernie Sanders Campaigns for Young Democrats,understatement
2134,flight attendant quietly informs first class passengers where real emergency exits are,Flight Attendant Briefs First-Class Passengers on Emergency Exit Locations,sarcasm
2135,"7 shameless ways to get an upgrade: ethics are optional, right?",Satirical Article Critiques Corporate Culture and Workplace Ethics,sarcasm
2136,The only parenting advice I'd give: try not to mess up too much.,Parents Share Common Parenting Challenges and Advice,understatement
2137,fcc chief cites special occasion for allowing vaginal penetration on network sitcom,FCC Chief Urges Network Executives to Avoid Explicit Content,overstatement
2138,white-on-white violence claims life of accounts receivable supervisor,Accounts Receivable Supervisor Killed in White-Collar Violence,irony
2139,christian bale given neutered male statuette named oscar,Christian Bale Receives Oscar for Best Actor,sarcasm
2140,María Tomás-Keegan's GPS guide to self-lift: because GPS fixes everything.,GPS Navigation Guides Users to Self-Lifts,understatement
2141,Women who love Trump say he gets a bad rap – poor guy.,Trump Supporters Defend Candidate Amid Criticism,satire
2142,Walmart fact-checks Times—because facts are relative.,Walmart Fact-Checks The New York Times,satire
2143,partygoer vows to fix keg,Partygoer Vows to Fix Broken Keg at Local Bar,sarcasm
2144,"Police reports conveniently forget what dashcams clearly show, as per usual.",Police Reportedly Fail to Investigate Dashcam Footage in Fatal Car Crash,sarcasm
2145,"Eating Disorder Campaign Boycotts 'Before' Photo: 'After' is So Much Better, Right?",Eating Disorder Campaign Boycotts 'Before' Photo,irony
2146,8 DIY gifts your friends will want – if they love disappointment.,DIY Gift Ideas for Friends Who Enjoy Disappointment,irony
2147,34 tweets that roast The Bachelor with surgical precision.,Bachelor Nation Fans Share 34 Tweets Roasting The Bachelor,overstatement
2148,viral video sparks national debate around drumming in public,Viral Video Highlights Public Drumming Disruptions,satire
2149,"Voters overwhelmingly demand concession from losers, while totally accepting their own losses, no problem.",Voters Express Disappointment Over Election Losses,sarcasm
2150,ophthalmologist instructs patient not to look at anything 24 hours before eye surgery,Ophthalmologist Warns Patient Against Looking at Screens Before Eye Surgery,overstatement
2151,fermilab receives generous anonymous particle donation,Fermilab Receives $1 Million Donation From Anonymous Donor,satire
2152,laid-off zoologist goes on tranquilizing rampage,Former Zoologist Arrested for Violent Assault After Laid-Off Job,irony
2153,dog keeps iceland awake all night,Iceland's Unusually Long and Unpredictable Nighttime,irony
2154,first disk of rosetta stone hungarian just urges listeners to rethink this whole thing,Rosetta Stone Introduces New Hungarian Language Course,satire
2155,Pro bono month: because lawyers need a break from billable hours too.,Law Firm Offers Pro Bono Services to Clients,understatement
2156,Survey shows young Americans want to reverse inequality. Until they have to pay for it.,Survey Finds Young Americans Prioritize Economic Equality Over Political Change,sarcasm
2157,"What's lurking in pedicure tubs? Your worst fears, probably.",Pedicure Tubs Contain Bacteria and Other Microorganisms,rhetorical_question
2158,Behold! The profound and culturally significant title of American Horror Story Season 7 – because subtlety is overrated.,American Horror Story Season 7 Premieres With Prominent Title and Strong Marketing Campaign,satire
2159,tour guide one stop behind clearly giving more interesting tour,Tour Guide Shares Detailed Information About Local Landmarks,irony
2160,"Serena Williams has perfected her argument against the wage gap: She's so good at explaining it, she should charge men for listening.",Serena Williams Advocates for Equal Pay for Women in Sports,sarcasm
2161,rookie told to ease up on crime-scene tape,Police Officer Photographs Crime Scene,irony
2162,supermodel's true beauty comes from outside,Supermodel Naomi Campbell Poses for Photograph,irony
2163,infants piling up at orphanage's old address,Orphanage Address Listed as 1234 Old Address,overstatement
2164,joe arpaio's family surprises him with detained hispanic motorist,Joe Arpaio Faces Criticism Over Detaining Hispanic Motorists,satire
2165,area man to start curling his 2s,Local Man Begins Early Puberty,satire
2166,"How exactly do discriminatory immigration policies affect the unborn? Oh, wait, they don't.",Immigration Policies Impact Unborn Children,rhetorical_question
2167,"Yes, the man who lost a primary by 70 points is definitely the one to finally fix everything.",Primary Loss Highlights Political Disillusionment Among Voters,sarcasm
2168,report: nearby conversation definitely just got quiet to prevent you from hearing it,Report Highlights Workplace Stress and Workplace Silence,overstatement
2169,"$88 million settlement for sex misconduct. Just a tiny, negligible oopsie for the district.",District Attorney Announces $88 Million Settlement in Sex Misconduct Case,understatement
2170,Ten surefire methods to make your kid hate books less.,Parents Struggle to Engage Children in Reading,sarcasm
2171,Let's all commence to move forward—whatever that means.,Local Residents Express Frustration Over Ongoing Political and Social Challenges,sarcasm
2172,michelle obama admits barack had way too much sperm to make natural conception possible,Michelle Obama Discusses Her Decision Not to Have Children,sarcasm
2173,tim burton worried he going through a bit of a 14-movie slump,Tim Burton Discusses Recent Film Slump and Future Projects,sarcasm
2174,The tartan carpet gala: where fashion meets historical drama in the most extravagant way possible.,Tartan Carpet Gala Features Historical Costumes and Historical Accents,overstatement
2175,Chelsea Handler's brilliant tribute to Sarah Huckabee Sanders showcases her finest moments.,Chelsea Handler Performs Tribute to Sarah Huckabee Sanders,satire
2176,The hottest NYC restaurant is a dorm room – fine dining has never been more exclusive with bunk beds!,NYC's Trendy Dorm-Friendly Fine Dining Establishments,overstatement
2177,"Chrissy Teigen grateful for Instagram filters—her way of fighting online hate, one block at a time.",Chrissy Teigen Shares Photoshopped Images on Instagram to Counter Online Harassment,satire
2178,"Just a little ol' murder, nothing to see here.",Police Investigate Fatal Shooting in Downtown Denver,understatement
2179,Nas talks 'Ghostbusters'-inspired lines and sartorial heroes – because rap is really about proton packs and suits.,Nas Discusses His Rap Style and Career,satire
2180,total idiot resorting to tribalism decades before climate catastrophe makes it necessary,Local Man Criticizes Climate Change Deniers,sarcasm
2181,man sort of curious what his last straw is going to be,Local Man Reflects on Recent Workplace Stress and Career Concerns,understatement
2182,"scientists discover dangerous link between book learnin', back talk",Study Finds Students Who Frequently Disagree With Teachers Are More Likely to Engage in Disrespectful Behavior,satire
2183,"Director makes movie about childhood friend, because Hollywood needs more tributes",Director Makes Film About Childhood Friend,satire
2184,Prime Day's top toys: because consumerism is love.,Amazon Prime Day Features a Wide Range of Toys for Children,satire
2185,office politician runs for coffee,Local Politician Runs for Coffee Shop Owner Position,irony
2186,"Drake's dad's music video is so smooth, it could calm a raging bull.","Drake's Father's Music Video Features Smooth, Smooth Moves",overstatement
2187,archaeologists unearth ancient clay pot shards from dwelling of earliest known klutz,Archaeologists Unearth Shards of Clay Pot at Ancient Dwelling Site,satire
2188,william barr shows up to congress to testify at 3 a.m. after reading email wrong,Attorney General William Barr Testifies Before Congress at 3 A.M.,irony
2189,suicidegirls.com put on 24-hour watch,Suicidegirls.com Launches 24-Hour Live Streaming Service,irony
2190,bumper nilla crop spells profit for wafer growers,Wafer Crop Spreads Across Fields,irony
2191,cash-strapped trump forced to replace eric trump with cheap migrant son,Trump Administration Faces Criticism Over Handling of Migrant Detainees,sarcasm
2192,Trump won't condemn neo-nazis? UN panel is utterly surprised.,UN Panel Condemns Neo-Nazis and Calls for International Action Against Hate Groups,rhetorical_question
2193,"RNC chair: since we're terrible at normal, let's roll the dice with Trump.",RNC Chair Paul Ryan Announces Trump as Vice Presidential Nominee,sarcasm
2194,monsanto develops hardier strain of corn that yields 4 times normal litigation,Satirical Article Mocks Monsanto's Legal Disputes Over Corn Patent,irony
2195,"Yes, because nothing captures the despair of student loans like a comic book.",Comic Book Covers Often Depict Student Loan Debt,sarcasm
2196,"friend insists you just have to climb ladder, hop gap, scale wall to see the view from apartment's roof",Local Man Encourages Friend to Climb Apartment Ladder to View Roof,irony
2197,A millennial perspective on Concur's new app center: because what we need is another app to manage our apps.,Millennials Express Frustration Over Overwhelming Number of Digital Apps,sarcasm
2198,mom calmly emptying dishwasher as if shrieking argument didn't happen 10 minutes ago,Mother Cleans Dishwasher After Family Argument,understatement
2199,Chewbacca gets a 'Chewbacca mom' mask? Because Star Wars fans needed more merch.,Star Wars Fans Demand More Merchandise Featuring Chewbacca,sarcasm
2200,Because matching with the 'most hated man in pharma' on Tinder is everyone's dream.,Tinder Users Report High Interest in Matching With Pharmaceutical Executives,irony
2201,Knobby-faced beast stands tall? This fossil rewrites history books.,Fossilized Skull Found in Montana,overstatement
2202,Art-house films this summer: because who needs plot or fun?,Summer Film Season Features a Wide Range of Art House and Independent Films,understatement
2203,government no longer even bothering to hide halliburton favors,Satirical Article Critiques Government Corruption and Corporate Influence,sarcasm
2204,Seth Meyers points out how Mike Pence's love for Trump is as genuine as a 'Love Actually' plot.,Seth Meyers Criticizes Mike Pence's Support for Trump,sarcasm
2205,people in healthcare.gov stock photos now visibly panicking,Healthcare.gov Website Faces Criticism Over User Experience and Security Concerns,sarcasm
2206,family has strict no smartphone rule while eating dinner in front of tv,Family Maintains Strict No Smartphone Policy During Dinner,irony
2207,Trump's diary offers deep insights: 'Day 1: I am great. Day 100: Still great.' Must-read.,Trump's Daily Diary Entries Provide Insights Into His Daily Life and Presidential Rhetoric,satire
2208,10 qualities of your inner spirit? Who needs science when you have lists?,Psychologists Recommend Using Self-Assessment Tools to Identify Personal Traits,rhetorical_question
2209,std had awesome time on spring break,Spring Breakers Reportedly Enjoyed College Party Atmosphere,understatement
2210,"world cup stadium's walls reinforced with 10,000 homeless brazilians",Homeless Brazilians Gather Outside World Cup Stadium,sarcasm
2211,Kid who hugged cop in viral protest photo feared dead in family car plunge—from heartwarming to tragic in seconds.,Family Car Plunges Into River After Hugging Police Officer,irony
2212,mom guesses dressbarn closure means she'll just have to go shop with all the sluts over at chico's now,Dressbarn Closes 200 Stores Nationwide,sarcasm
2213,The long fight for justice: where 'long' means 'eternal' and 'justice' is a fairy tale.,Long History of Civil Rights Struggles and Ongoing Challenges,sarcasm
2214,"Starbucks, ever the patron of high art, invites you to deface their seasonal cup like a toddler with a placemat.",Starbucks Encourages Customers to Decorate Seasonal Cups,satire
2215,kidnapped journalist forced to explain to isis captors what buzzfeed news is,"ISIS Captors Kidnap Journalist, Demand Explanation of BuzzFeed News",satire
2216,mitt romney announces he's running for his life,Mitt Romney Announces Presidential Campaign,sarcasm
2217,"On Supreme Court steps, too happy to hate – because joy and injustice go hand in hand, clearly.",Supreme Court Justice John Paul Stevens Steps on the Court,irony
2218,"Bill Murray's bribery attempt is so cute, you'd almost forget it's illegal.",Bill Murray Attempts to Bribe FBI Agents to Protect Himself,sarcasm
2219,national security council distracted by whimpering jared kushner pawing at door throughout meeting,National Security Council Members Reportedly Disinterested in Jared Kushner's Role,sarcasm
2220,Watched three attacks from school? Just another day in America.,School Shooting Survivors Reflect on Daily Life Amid Ongoing Violence,understatement
2221,"Finally, a drug policy expert says what we all knew: legalizing weed will solve everything, right?",Drug Policy Experts Urge Legalization of Marijuana to Address Public Health and Safety Concerns,satire
2222,"Congratulations to Jared Kushner on his new role as FBI director, because nepotism is the new meritocracy.",Jared Kushner Appointed as FBI Director,sarcasm
2223,boyfriend vows to try harder,Local Man Vows to Improve Relationship After Disappointing Experiences,irony
2224,"Even female doctors struggle for equal pay, despite being obviously superior.",Female Doctors Face Persistent Pay Disparities Despite Equal Qualifications,sarcasm
2225,Florida man head-butts a bus? Classic problem-solving.,Florida Man Head-butts Bus Driver,irony
2226,Exclusive: Hillary's secret speech notes that no one cares about.,Hillary Clinton's Speech Notes Revealed,sarcasm
2227,Brianna Brochu's story reveals racism is just a minor undercurrent in Connecticut.,Connecticut Woman's Story Highlights Racial Inequality in Local Police Department,irony
2228,A mashup so profound it will guide you to sabotage street. Or confuse you. Probably both.,Local Man Plans to Use Street Art to Guide Tourists to Hidden Street,satire
2229,"Surprise, surprise, the art of the deal involves... not keeping deals?",Business Leaders Criticize Corporate Culture for Failing to Deliver on Promised Deals,irony
2230,report: mom going to need you to pitch in around house after her procedure,Mother Plans to Return Home After Undergoing Breast Augmentation Surgery,sarcasm
2231,historical archives: to be sold - carved wooden heads,Historical Carved Wooden Heads for Sale,irony
2232,local senior keeps busy with obituary-clipping hobby,Local Senior Clamps Obituary Clippings Into Newspaper,satire
2233,George and Amal Clooney stun post-baby red carpet: as if having a baby changes your style.,George and Amal Clooney Attend Red Carpet Event,understatement
2234,"With all eyes on Trump, Texas passes horrific laws? Perfect, let's distract from the real issues.",Texas Passes Legislation Restricting Transgender Individuals' Access to Healthcare,irony
2235,Freedom with a twist of maturity? Because liberty tastes better with responsibility.,Local Man Reflects on Personal Growth and Responsibility After 30 Years of Freedom,satire
2236,Behold a tatted up Zayn Malik: the world hasn't seen tattoos before.,Zayn Malik's New Tattoo Draws Attention,overstatement
2237,Clarence Thomas harassed me? Impeach him? Never! Said the corrupt.,Satirical Article Mocks Clarence Thomas's Supreme Court Confirmation Hearings,sarcasm
2238,An Apology to My Fellow Black Woman for Existing in This Mess,Black Women Face Persistent Inequalities in Workplace and Public Spaces,overstatement
2239,U.S. vs. China in Africa: A totally cooperative and not competitive venture.,U.S. and China Collaborate on Joint Economic and Infrastructure Projects in Africa,sarcasm
2240,new history textbook makes hatred of history come alive for students,New History Textbook Introduces Students to Historical Events and Perspectives,irony
2241,hellmann's introduces new meat-on-the-bottom mayo cups,Hellmann's Introduces New Mayonnaise Cups,overstatement
2242,belt looks weird on child,Child Wearing Belt,sarcasm
2243,poll finds 97% of americans don't know who donald trump is,Poll Finds 97% of Americans Have Never Heard of Donald Trump,overstatement
2244,woman worried she doing bad job enjoying massage,Local Woman Expresses Frustration Over Massage Therapist's Unconventional Techniques,sarcasm
2245,Andrew Lincoln will make you hope for Rick's death scene. What a charming plot twist.,Andrew Lincoln's Character Rick Grimes Dies in Season 6 Finale,sarcasm
2246,"In a world where body positivity means embracing all sizes, a model is 'ok' with being called fat. How revolutionary.",Model Poses for Photo Shoot,irony
2247,airbnb user loves how easy website makes it to ejaculate in stranger's sink,Airbnb User Reports Discomfort With Shared Bathroom Facilities,sarcasm
2248,Frankie Muniz seems keen on a Malcolm reboot – because originality is overrated when you have nostalgia.,Frankie Muniz Expresses Interest in Rebooting Malcolm in the Middle,irony
2249,american media reports news other than zoo's escaped cobra as if anything else really matters,American Media Focuses Primarily on Animal Escapes,sarcasm
2250,"Nations advised to avoid South China Sea confrontation, as peace is already here.",Nations Urge Diplomatic Resolution to South China Sea Dispute,sarcasm
2251,"Clippers win championship, racism wins too – sports always promote equality, right?",Clippers Win NBA Championship,irony
2252,"5 steps to get you from shy to sociable – step 1: become a mind reader, step 2: never be awkward again.",Experts Offer Advice on How to Transition From Shy to Sociable,overstatement
2253,"Why leave a husband who threatens to kill you? For the cozy domestic violence, of course.",Woman Leaves Husband After Domestic Violence Threats,sarcasm
2254,inept coworker increasingly difficult to fantasize about,Coworkers Report Difficulty Fantasizing About Colleague Due to Poor Work Performance,sarcasm
2255,louvre curators hurry to display ugly van gogh donor gave them before surprise visit,Louvre Curators Display Van Gogh Painting,satire
2256,scientists find human vocal cords developed over millennia to lower voice when speculating on acquaintance's sexual orientation,Researchers Investigate How Vocal Cords Adapt to Social and Emotional Contexts,overstatement
2257,"7 ridiculously easy ways to protect your bones – so easy, you'll forget you're even trying to avoid osteoporosis!",Experts Recommend Simple Lifestyle Changes to Prevent Osteoporosis,overstatement
2258,"This is so much cooler than your boring black ponytail holder? Wow, that ponytail holder must be a revolution in hair accessories.",Local Woman Criticizes Hair Accessories for Lack of Style,overstatement
2259,fire department deploys unmarked trucks,Fire Department Deploys Unmarked Trucks to Respond to Calls,irony
2260,Fed finally 'lowers the boom' on Wells Fargo after years of scandals—about time they noticed.,Wells Fargo Faces Criticism Over Financial Misconduct and Regulatory Failures,sarcasm
2261,"Aunt Flo's uninvited visits made adorable – because menstruation is just a funny little quirk, right?",Aunt Flo Visits Granddaughter During Period,satire
2262,area man tired of making excuses for rapist friend,Local Man Faces Criticism for Excusing Friend's Sexual Misconduct,sarcasm
2263,authorities on loudspeaker plead with holdout characters to evacuate disney world while they still can,Disney World Officials Urge Guests to Evacuate Park,satire
2264,"Ivanka, where's your LGBTQ advocacy when your dad is anti-LGBTQ? Probably shopping.",Ivanka Trump's Anti-LGBTQ Views Draw Criticism,sarcasm
2265,"cheney to speak at republican convention from section 109, row 56, seat 3",Cheney to Speak at Republican National Convention,satire
2266,Andrew Lincoln and cue cards back? The cultural event of the decade.,Andrew Lincoln Returns to The Walking Dead for Season 6,understatement
2267,"'oh, was i not enough for you?' amazon echo asks couple bringing new baby home",Amazon Echo Announces New Baby,sarcasm
2268,14 Toronto film festival movies worth your attention. As if you needed more reasons to stay home.,Toronto Film Festival Features a Wide Range of Independent and Art House Films,sarcasm
2269,Russia objects to U.S. arming rebels—peace-loving as always.,Russia Criticizes U.S. Arms Supplies to Anti-Government Rebels,sarcasm
2270,tapas arriving too fast,Local Man Eats Tapas Too Quickly,irony
2271,"Rubio's struggle to have an original thought, barely noticeable",Rubio Campaigns for Florida Senate Race,understatement
2272,clinton takes stand against harmful uv radiation,President Clinton Addresses Health Concerns Over Exposure to UVA Radiation,understatement
2273,nation's moms demand christmas list,Parents Request Christmas List for Children,sarcasm
2274,"Happiness answered two millennia ago—and we're still searching, obviously.",Researchers Discover Ancient Evidence of Happiness in Ancient Civilizations,sarcasm
2275,pope starting to suspect bishops getting huge erections during meeting on child sexual abuse might be pedophiles,Pope Francis Addresses Clergy Sexual Abuse Scandal,satire
2276,"Trump now claims 'illegal immigrants' are behind voter fraud, solving the mystery of his elusive mandate.",Trump Claims Voter Fraud Is a Major Issue in Election,sarcasm
2277,Supreme Court to decide if Bush-era officials can be sued; because accountability is so last decade.,Supreme Court to Decide on Bush-Era Officials' Civil Rights Claims,sarcasm
2278,"Scholarship for Sterling's children: fixes everything, right?",Scholarship Fund Established for Children of Sterling Cooper Executives,sarcasm
2279,first day of school photos a chance to see how much cousin's kids are chunking out this year,First Day of School Photos Capture Children's Energy and Energy Levels,sarcasm
2280,laura ingraham claims protesting parkland students don't have enough gun knowledge to criticize nicholas cruz,Laura Ingraham Criticizes Parkland Students Over Gun Rights,sarcasm
2281,jeb bush bungles several questions on first day back at home,Jeb Bush Returns Home From Campaign Trail After First Day Back,sarcasm
2282,"Oh, sure, Obama totally supports Black Lives Matter—just not loudly enough to actually make a difference.",Obama Supports Black Lives Matter Movement,sarcasm
2283,this so typical of hemophiliac,Hemophilia Patient Accidentally Injures Themselves While Trying to Use Medical Equipment,understatement
2284,new dog sick of being compared to old one,Local Dog Owner's New Pet Struggles to Live Up to Expectations,satire
2285,detective endangers own life by looking forward to upcoming retirement,Detective Reflects on Retirement Plans and Career Milestones,irony
2286,employee leaving company unsure how to break it to coworkers who don't really care whether he lives or dies,Employee Leaves Corporate Job to Pursue Entrepreneurial Venture,irony
2287,Guy Fieri eats to Johnny Cash's 'Hurt' – the perfect soundtrack for fine dining.,Guy Fieri Eats at Johnny Cash's Memphis Restaurant,irony
2288,"Does the GIF Oscars need you? Probably not, but your meme might win.",Satirical Article Mocks Oscars Memes With Fictional Oscars Campaign,rhetorical_question
2289,hillary clinton campaign shuts down after blowing through $2 billion in first month,Hillary Clinton Campaign Faces Financial Challenges,overstatement
2290,"What's next for Jill Abramson? A Pulitzer for her next editorial, obviously?",Jill Abramson's Career Highlights in Journalism,rhetorical_question
2291,new carpet cleaner safe for pets that were meant to go on living,New Carpet Cleaner Released,understatement
2292,The great unifier: how a polarizing figure brought everyone together,Polarizing Figure Unifies Public Opinion,sarcasm
2293,The family talisman: that mysterious object that definitely brings luck and isn't just a dusty old trinket.,Family Claims Lucky Coin Brings Good Fortune,irony
2294,"Clearly, a comedian is the perfect person to settle complex geopolitical election interference debates.",Comedians Often Use Humor to Address Political Debates,irony
2295,olympic torch used to ignite tibetan protesters,Tibetan Protesters Clash With Security Forces in Lhasa,sarcasm
2296,trump vows to bring back ohio town's white castle,Trump Vows to Bring Back Ohio Town's White Castle,sarcasm
2297,report: most terrorists do not start the day off with a good breakfast,Report Highlights Link Between Poor Breakfast Habits and Terrorism,sarcasm
2298,HuffPost Rise Newsbrief: your daily dose of obvious news.,HuffPost Launches New News Briefing Service,sarcasm
2299,dad's previously unheard-of friend dies,Local Man Dies in Car Accident,understatement
2300,no leads sought in asshole's murder,Police Seek Witnesses in Murder of Local Man,sarcasm
2301,Co-worker's bad mood getting you down? Just ignore it; that always works.,Coworkers Often Ignore Colleague's Negative Behavior to Maintain Workplace Harmony,sarcasm
2302,Because nothing says respect like dressing up as other cultures.,Local Man Dresses Up in Traditional Japanese and Indian Attire for Halloween,sarcasm
2303,defiant dallas police officer claims anyone could have mistaken black man's apartment for gun,Dallas Police Officer Defends Use of Force Against Black Man,sarcasm
2304,point of story apparently that man ate at restaurant,Local Man Eats at Restaurant,understatement
2305,Black Friday boycott: because saving money is so last season,Black Friday Sales Begin,irony
2306,"Pretty Little Liars escapes New York, finally giving the city a break.",Pretty Little Liars Casts New York City as Final Destination,sarcasm
2307,'Pharma bro' Martin Shkreli backs Bush: Because his endorsement is everyone's dream.,Martin Shkreli Endorses Donald Trump,sarcasm
2308,'entourage' fans doubt film adaptation can capture nuances of book,Entourage Fans Express Concerns Over Film Adaptation,irony
2309,"'Miracle on Ice' veteran seeks congressional scrutiny on NHL concussions, because Congress has nothing better to do.",Former Olympic Ice Hockey Star Advocates for Congressional Scrutiny of NHL Concussions,understatement
2310,Haiku art reviews: deep insights in three lines.,Art Critics Review Haiku Collections,satire
2311,area man probably pervert,Local Man Accused of Sexual Misconduct,sarcasm
2312,overpopulation of the earth: will it create valuable new markets?,Global Population Growth and Resource Scarcity Threaten Global Economic Stability,satire
2313,street musician's mother really on his case about practicing his buckets,Local Street Musician Performs Daily,irony
2314,K-pop fans lost their minds? At a closing ceremony? That's never happened before. They must be so unpredictable.,K-Pop Fans React to Closing Ceremony,overstatement
2315,kangaroo decides he'll get there faster by just running,Kangaroo Runs Across Australian Outback,irony
2316,Geckos enjoy a cosmic party in space – because nothing says scientific advancement like lizard tourism.,Satirical Article Imagines Geckos Exploring Space,irony
2317,"Meet the woman who flew us to Pluto: NASA called, they want their imaginary space program back.",Satirical Article Mocks NASA's Pluto Mission,satire
2318,Ted Cruz and Rand Paul: the ultimate outsiders bravely fighting the establishment from inside their powerful Senate seats. So rebellious.,Ted Cruz and Rand Paul Campaign Together in Senate Races,sarcasm
2319,Gigi Hadid walks runway with one shoe: A minor fashion faux pas.,Gigi Hadid Walks the Runway in High Heels,understatement
2320,"Sinclair CEO tells employees not to let 'extremists' bully them, presumably meaning 'journalists who fact-check.'",Sinclair CEO Addresses Workplace Harassment Concerns,satire
2321,argument about capital of australia occurs 10 feet from encyclopedia,Two Friends Argue Over Capital of Australia at Local Pub,irony
2322,"News roundup: August 17, 2017 – nothing to see here.",Local News Roundup Highlights Routine Summer Events,sarcasm
2323,"From bicycles to spaceships: a video that highlights how far we've come, yet we still can't fix traffic.",Satirical Video Critiques Urban Traffic Congestion,irony
2324,assisted care facility hits grand fucking slam with little styrofoam cups of sherbet,Assisted Care Facility Residents Enjoy Refreshing Sherbet Treats,sarcasm
2325,"Russia holds military exercises in disputed areas, just a friendly workout, no ulterior motives.",Russia Conducts Military Exercises in Disputed Areas,irony
2326,couple stressing about wedding plans as if it won't just take a string of edison bulbs to knock guests' fucking socks off,Wedding Planning Challenges Remain Despite Couples' Optimism,satire
2327,podiatrists recommend getting feet rotated every 6 months,Podiatrists Recommend Regular Foot Rotations to Prevent Foot Problems,satire
2328,"Russia amasses 45,000 troops: just a casual gathering on the border, no big deal.",Russia Prepares for Potential Military Conflict with Ukraine,understatement
2329,parents finally cave and buy 33-year-old son playstation 1,Parents Purchase PlayStation 1 Console for 33-Year-Old Son,understatement
2330,"'Warcraft' trailer debuts at Blizzcon – finally, some quality entertainment.",Warcraft Trailer Debut at Blizzcon,understatement
2331,Dolphin mom shows better parenting than many humans,Dolphin Mother Successfully Nurtures and Cares for Her Young,sarcasm
2332,report: one in five women training to be yoga instructors,Report Highlights Growing Demand for Yoga Instructors,irony
2333,"Ted Cruz wins by being so bland, opponents fall asleep.",Ted Cruz Wins Iowa Republican Primary,sarcasm
2334,"Spain's gentle, loving persuasion of Catalonia is such a heartwarming story of unity.",Spain's Constitutional Framework and Political Stability,satire
2335,obamas decide to stay in white house until daughters finish high school,President Obama and First Lady Michelle Obama,irony
2336,bold intern giving parents tour of office,Office Intern Tours Parents' Home,irony
2337,"Melo's hat game > Knicks' triangle offense—yes, accessories are the key to winning championships.",Melo's Defensive Style Dominates Knicks' Triangle Offense,sarcasm
2338,cable-tv judge overruled by network-tv judge,Cable TV Judge Overruled by Network TV Judge,satire
2339,"Iowa caucus photos so thrilling, you'll forget it's just a straw poll.",Iowa Caucus Photos Highlight Political Candidates' Campaign Strategies,overstatement
2340,Black women are rising! When will their pay rise? Probably after the next ice age.,Black Women Face Persistent Pay Disparities in the Workplace,rhetorical_question
2341,justice breyer unable to look at anything without deliberating constitutionality of it,Justice Breyer's Deliberative Approach to Constitutional Interpretation Draws Criticism,overstatement
2342,Police heroically displace homeless for the Pope's visit—compassion in action.,Police Evacuate Homeless Population Ahead of Pope Francis's Visit,sarcasm
2343,kkk member struggles to blame blacks for his hangover,Local Man Blames Black People for His Hangover After Drinking at Bar,sarcasm
2344,Who needs a plan when Ebola comes knocking? This infographic has you covered.,Ebola Outbreak Highlights Importance of Preparedness and Planning,rhetorical_question
2345,"Lawmaker obsessed with 'war on whites'—clearly, the most pressing issue of our time.",Lawmaker Advocates for Anti-White Discrimination Policies,sarcasm
2346,bowling green state just going to claim christopher lloyd as alumnus until someone calls them out,Bowling Green State University Announces Christopher Lloyd as New Alumnus,satire
2347,tv in l.a. bar switched over to 'american dad' rerun without complaint,L.A. Bar Switches TV to 'American Dad' Rerun Without Customer Complaint,irony
2348,rnc builds levee out of poor people to protect convention site,RNC Prepares for Convention in Charlotte,satire
2349,Beyond marriage equality? What could possibly be next for LGBT rights?,LGBT Rights Advocates Urge Continued Progress in Marriage Equality and Civil Rights,rhetorical_question
2350,man sets unsustainable precedent of saying hello to coworker every morning,Coworkers Express Discomfort Over Man's Daily Morning Hello,sarcasm
2351,A mass shooting is a 'reprieve'? Only in the White House could that be considered a positive spin.,White House Press Secretary Defends Trump's Response to Orlando Shooting,sarcasm
2352,scott pruitt nervously picks up walking pace as hundreds of whooping cranes begin silently perching around him,Scott Pruitt Faces Criticism Over Environmental Record and Regulatory Actions,irony
2353,8-month-old sick of staring at pooh's smug face all day,Baby Sleeps in Stroller,overstatement
2354,"Biden says to cure cancer, overcome 'cancer politics', easy peasy",Biden Discusses Cancer Treatment and Political Challenges,sarcasm
2355,Canada's generosity: blaming Alan Kurdi for his own death,Canada Criticizes U.S. Policy and Refugee Policies Following Alan Kurdi's Death,sarcasm
2356,single parent wishes she had thought of abandoning child first,Single Parent Faces Financial Challenges and Emotional Stress,sarcasm
2357,"mom getting pretty into new tyler, the creator album","Local Woman Enjoys New Tyler, The Creator Album",irony
2358,gazebo underutilized,Local Residents Express Disappointment Over Unused Gazebo,understatement
2359,croatian prime minister currently stuck under pile of turnips,Croatian Prime Minister Visits Turnip Farm,satire
2360,new cereal for poor stays crunchy in water,New Cereal Introduced to Address Food Insecurity Concerns,satire
2361,missing kazakhstani nukes turn up in manhattan,Satirical Article Imagines Nuclear Warheads Found in Manhattan,overstatement
2362,What to do about Charlottesville? How about start by not being racist?,Charlottesville Unrest Highlights Ongoing Racial Tensions and Inaction,rhetorical_question
2363,slight inconvenience avoided,Local Man Avoids Traffic Jam by Taking Alternate Route,understatement
2364,george thorogood fan disgusted to learn musician licensed 'bad to the bone' for commercial purposes,George Thorogood's 'Bad To The Bone' Licensed for Commercial Use,sarcasm
2365,Teaching balance while constantly checking phones; hypocritical much?,Teachers Frequently Use Mobile Phones While Teaching,irony
2366,5 ways to get rid of summer weight gain – because holiday indulgences don't cause weight gain.,Experts Warn Against Holiday Weight Gain,irony
2367,This is what's delaying 'Big Bang Theory' season 8 – the cosmic expansion of plot holes.,CBS Delays Big Bang Theory Season 8 Premiere,overstatement
2368,friend's wife encountered twice a year,Local Woman's Husband Visits Twice a Year,sarcasm
2369,"Journalist walks off show over Orlando, TV truth is optional.",Journalist Walks Off Live Broadcast Over Orlando Shooting,sarcasm
2370,Joy Reid highlights Jared's invisible contributions in the Middle East.,Joy Reid Discusses Jared Kushner's Role in Middle East Policy,satire
2371,"new study finds therapy, antidepressants equally effective at monetizing depression",Study Finds Therapy and Antidepressants Are Equally Effective in Treating Depression,sarcasm
2372,GPS guide to believing in yourself: technology that replaces self-esteem.,Satirical Article Critiques Overreliance on Technology for Self-Improvement,overstatement
2373,"Police officer's cruiser mishap blamed on aggressive owl, a true menace to law enforcement",Police Officer Accidentally Crashes Police Cruiser While Driving,understatement
2374,monument designer to see if some other country wants to buy rejected war memorial,Monument Designer Offers Rejected War Memorial to Foreign Buyers,satire
2375,"The 'Never Trump' movement isn't impressed—shocker, they have standards.",Never Trump Movement Criticizes Trump's Behavior Amid Alleged Disrespect for Political Norms,sarcasm
2376,clinton woos gay vote with freddie mercury mustache,Clinton Campaigns for Gay Rights,satire
2377,new study finds you'd love being rich asshole,Study Finds Wealthy Individuals Often Lack Empathy and Social Skills,overstatement
2378,"Finally, the one true way for middle-aged men to be happy. Spoiler: it's not what you think.",Study Finds Middle-Aged Men Often Misconceived About Happiness and Fulfillment,satire
2379,Scottish busker roasts Trump – because street performers are the voice of the people.,Scottish Busker Performs on Glasgow Street Corner,sarcasm
2380,everyone on defense team an equally matched romantic interest for member of prosecution,Defense Team Members Face Intense Pressure to Compete for Prosecution's Attention,satire
2381,Grill vegetables: the revolutionary cooking technique.,Local Man Shares Tips on How to Grill Vegetables,overstatement
2382,Apple Watch: revolutionizing time by making it smaller and more annoying.,Apple Watch Released,overstatement
2383,"How not to look like a tourist in Berlin: just don't be one, easy.",Berlin Tourists Frequently Get Lost in the City,sarcasm
2384,'ncis' to cease print edition,NCIS to End Print Edition,satire
2385,"Microsoft confirms Russian hackers are exploiting Windows flaw, a novel and unprecedented event.",Microsoft Confirms Russian Hackers Exploit Windows Vulnerability,overstatement
2386,AirAsia search continues but bad weather drives back divers. Because finding planes is so easy in sunshine.,Search Continues for Missing AirAsia Flight 8501,sarcasm
2387,Brazil investigates ISIS threats post-Olympics—because security was flawless before.,Brazilian Security Officials Investigate ISIS Threats Following Olympics,irony
2388,"Ebola, AIDS, and Plague Inc.—because comparing pandemics to a game is totally normal.","Experts Discuss the Comparison Between Ebola, AIDS, and Plague",irony
2389,"How Nebraska can return to college football greatness: Step 1, become Alabama. Step 2, profit.",Nebraska Football Team Struggles to Compete in College Football,overstatement
2390,'yogi bear' movie introduces boring cartoon character to new generation,Yogi Bear Film Announced to Bring Classic Cartoon Character to New Generation,sarcasm
2391,snowstorm in chicago delays hundreds of morning murders,Chicago Snowstorm Delays Morning Murders,irony
2392,vain galápagos tortoise trying to pass for 90,Galápagos Tortoise Photographed,satire
2393,"Finally, a fast-food chain that's divinely approved—because Jesus totally cares about chicken sandwiches.",Fast-Food Chain Introduces New Chicken Sandwich,overstatement
2394,Two Non-Binary Activists Explain How They're Forcing Campus to Accommodate Their Every Need,Two Non-Binary Activists Advocate for Campus Accommodations for Transgender Students,sarcasm
2395,Megadrought looms: because waiting for rain has always solved droughts.,Megadrought Expected to Persist Until Rain Returns,irony
2396,South Carolina governor bans abortions after 20 weeks. A victory for... something.,South Carolina Governor Signs Abortion Ban Law,irony
2397,vessel for male sexual gratification very sad today,Man Expresses Sadness Over Lack of Sexual Intimacy,sarcasm
2398,"mar-a-lago member complains about loud, obnoxious cabinet meeting at next table",Mar-a-Lago Member Complains About Cabinet Meeting at Resort,irony
2399,"Bill Henderson, jazz legend, finally retires from life at 90—what a tragedy, said no one ever.","Bill Henderson, Legendary Jazz Pianist, Retires at 90",understatement
2400,"Finally, a keyboard that makes texting more inclusive by adding more ways to abbreviate.",New Keyboard Features Include Expanded Abbreviation Options for Texting,sarcasm
2401,Jennifer Lawrence Honors De Niro in Classic Style: By Forgetting His Name or Something,Jennifer Lawrence Performs on the Red Carpet,satire
2402,"Democrats and Republicans unite to support LGBT rights in West Virginia? What's next, pigs flying?",West Virginia Voters Support Same-Sex Marriage,sarcasm
2403,school friends don't find camp songs funny,Local High School Students Disapprove of Camp Songs,understatement
2404,u-haul offers discount for customers who will just move back home in 18 months after failure to make it in major city,U-Haul Offers Discount for Customers Who Plan to Move Back Home Within 18 Months,sarcasm
2405,"Clinton finds college costs high—from her private jet, no less.",Clinton Campaign Highlights College Costs and Financial Aid for Young Voters,sarcasm
2406,class of '88 reunion attendees once again trick sue thorpe into thinking jeff urban likes her,Class of '88 Reunion Attendees Disrupt Jeff Urban's Performance,satire
2407,Nathan Chen redeems himself with records—as if skating needed more pressure to be perfect.,Nathan Chen Wins Four Consecutive U.S. Figure Skating Championships,satire
2408,area veal calf is totally cramped!,Veal Calf Found in Small Pen,overstatement
2409,Trump calls Obama to chat about Oscars in a Conan spoof—priorities straight as an arrow.,Trump Calls Obama to Discuss Oscars,irony
2410,Meet the billionaire who 'cares' about LGBTQ rights—philanthropy at its most self-serving.,Billionaire Philanthropist Donates $10 Million to LGBTQ Rights Advocacy,satire
2411,Jimmy Carter mediating MLK heirs' dispute—because former presidents have nothing better to do.,Former Presidents Carter and Bush Jr. Mediate Dispute Over Martin Luther King Jr. Heirs,understatement
2412,"Uber reverses course on tipping, realizing that money is nice – shocker!",Uber Reverses Tipping Policy,irony
2413,"She wanted adventure in Africa, and got it in the most unexpected way.",Local Woman Spends Weekend in Africa,irony
2414,data technician by day a data technician by night,"Data Technician Works 40-Hour Week, Maintains Personal Data Collection and Analysis",irony
2415,Back for a Second Season: Hardwired 2.0 – Because the First Season Wasn't Bad Enough,Hardwired 2.0 Premieres Second Season,sarcasm
2416,bush quietly rolls back iraq death toll to zero,Bush Administration Officials Downplay Iraq Death Toll,sarcasm
2417,SEC commissioner: We shouldn't promote investor confidence. Solid plan.,SEC Commissioner: SEC's Investor Confidence Plan Is Solid,sarcasm
2418,Friday talking points: serious discussion before the inevitable silliness,Experts Discuss Serious Topics Before Friday Night's Entertainment,irony
2419,Because crying on a treadmill is the new emotional wellness.,Local Woman Cries on Treadmill to Cope With Stress,sarcasm
2420,"world covers ears, chants loudly as epa releases ozone-depletion statistics",EPA Releases Ozone-Depletion Statistics,irony
2421,Donald Sterling asks 'who makes the game?' The moral authority.,Donald Sterling Faces Criticism Over Racist Remarks,sarcasm
2422,"Because refusing to bake cakes is the ultimate, principled protest against equality. So brave.",Local Woman Refuses To Bake Cakes For Wedding,sarcasm
2423,nanny appears in child's drawings more than mother,Mother and Nanny Share Similar Interests in Child's Artwork,understatement
2424,trump-appointed judicial nominee displays legal expertise by withdrawing nomination,Trump Appoints Judge John Roberts to Supreme Court,sarcasm
2425,Create an environment for ultimate success – just add water and ambition.,Satirical Article Critiques Corporate Culture and Workplace Ambition,overstatement
2426,Switzerland performs at a theater. Expect yodeling and neutrality in equal measure.,Switzerland Performs at Theater in Zurich,understatement
2427,"After decades of honesty, the U.S. government's rare moment of truth might accidentally cause a Kurdish massacre. Shocking!",U.S. Military Operations in Iraq and Syria Raise Concerns About Civilian Casualties,overstatement
2428,historical archives: hy-genic apportionment of remaining paper,Historical Archives Documenting Paper Usage and Distribution,satire
2429,Latinos face digital divide in health care: Who needs modern medicine when you have tradition?,Latinos Face Health Disparities in Access to Modern Medical Care,sarcasm
2430,chris pine depressed by realization he could probably win governorship somewhere,Chris Pine Discusses Political Ambitions and Career Goals,irony
2431,michael jordan accidentally packaged in plastic,Michael Jordan's Image Appears in Plastic Packaging,overstatement
2432,sandwich previously thought incapable of looking more depressing flattened in backpack,Student Carries Sandwich in Backpack,overstatement
2433,"Camp David, President Obama, and the refusal to acknowledge history and reality: as if a vacation spot could solve all geopolitical issues",President Obama's Diplomatic Efforts at Camp David Draw Criticism for Lack of Concrete Solutions,overstatement
2434,new roommate excited to bring robust puttering experience to apartment,New Roommate Arrives at Apartment,sarcasm
2435,ex-boyfriend just thought he'd check in and throw entire day off,Local Man Calls Ex-Girlfriend to Check In and Rekindle Relationship,sarcasm
2436,"Supreme Court keeps conversion therapy ban—progress, but let's not get too excited.",Supreme Court Upholds Conversion Therapy Ban,irony
2437,paul simon wondering how one goes about getting a column on 'the huffington post',Paul Simon Discusses Writing for The Huffington Post,satire
2438,panicking flu swears it didn't mean to kill old lady,Illness Claims 85-Year-Old Woman's Life,satire
2439,new york attorney general claims assaults were just him role-playing as unaccountable male authority figure,New York Attorney General Eric Schneiderman Faces Sexual Misconduct Allegations,sarcasm
2440,A presidency under siege: Drama is the new policy.,President Trump Faces Intense Political Scrutiny and Public Scrutiny,sarcasm
2441,"Obamacare repeal to uninsured 10%, a small price for political points.",House Republicans Vote to Repeal Affordable Care Act,sarcasm
2442,botanist holding up entire salad bar,Botanist Photographs Salad Bar,overstatement
2443,"Because nothing says stable governance like a new GOP theme every week—wait, did they even remember last week's?",GOP Continues to Introduce New Party Themes Amid Ongoing Political Turmoil,sarcasm
2444,Feminist school supplies? Because empowerment starts with a pink ruler.,Feminist Activists Criticize Standard School Supplies as Inequitable and Sexist,satire
2445,law enforcement questions why alton sterling was even black in the first place,Alton Sterling Shot by Police in Baton Rouge,sarcasm
2446,First Latino Arab-American candidate sees heritage as asset—in a country that literally built a wall to keep such ‘assets’ out.,First Latino Arab-American Candidate Runs in New York City Mayoral Race,irony
2447,Adam Schiff says there's 'more than circumstantial evidence'—because politicians never exaggerate.,Adam Schiff Defends House Intelligence Committee's Russia Investigation,sarcasm
2448,Russian skaters break records back-to-back—competition is so overrated.,Russian Figure Skaters Compete in World Championships,sarcasm
2449,Blind dog from pantry to luxury. What an upgrade.,"Local Dog Found in Pantry, Rescued and Adopted into Family",understatement
2450,kiss cover band guitarist leaves to start vinnie vincent invasion tribute band,Kiss Cover Band Guitarist Leaves to Form Vinnie Vincent Invasion Tribute Band,irony
2451,Cholera cases in Somalia expected to be a small bump in the road.,Cholera Cases in Somalia Expected to Decline,understatement
2452,high school breathes sigh of relief as difficult teacher ages out of education system,High School Teacher Retires,understatement
2453,"EPA spills waste, turns river orange: nothing says environmental protection like a toxic Slurpee.",EPA Criticizes Slurpee Packaging for Environmental Impact,overstatement
2454,nonprofit places burnouts in jobs you can do blitzed out of your mind,Nonprofit Seeks Volunteers to Participate in Drug-Related Research Study,satire
2455,nation's boyfriends dreading 'free event in the park' season,Boyfriends Express Frustration Over Frequent Free Outdoor Events,overstatement
2456,nervous pope candidate changes wine into jesus christ's urine,Pope Francis Faces Criticism Over Controversial Views on Church Governance,satire
2457,"The easiest guide to travel: Step 1, have money. Step 2, don't have responsibilities. Done.",Travelers Emphasize Financial Independence and Personal Freedom in Planning Vacations,sarcasm
2458,"Paul Ryan's war on Social Security: grannies, beware.",Paul Ryan's Proposal to Privatize Social Security Draws Criticism From Seniors,sarcasm
2459,"Meeting Susan Anspach: the missing piece in life's grand puzzle, apparently.",Local Woman Searches for Missing Friend Susan Anspach,satire
2460,report: rise in global temperatures likely to increase number of americans who fucking reek,Report Highlights Rising Global Temperatures and Health Risks,overstatement
2461,romney enchants nation with lovely concession song,Romney Campaigns for Victory in Election,satire
2462,crank caller keeps jerking local news team around,Local News Team Faces Criticism for Poor Customer Service,satire
2463,no one in limo going to prom with the one they wanted,Prom Season Promises Promises: Students Often Choose Less Popular Dates Over Desired Partners,irony
2464,Is American democracy doomed? Let's ask the experts.,Experts Discuss Challenges Facing American Democracy,rhetorical_question
2465,ketchup crust on heinz bottle cap still dreams of one day getting onto hot dog,Heinz Ketchup Bottle Cap Features Crust,sarcasm
2466,slain cop had only 37 years until retirement,Police Officer Killed in Line of Duty,sarcasm
2467,A toddler whose fashion sense puts all adults to shame (we're all failures),Toddler Wears Pink Dress and Red Shoes,sarcasm
2468,"Writer Michelle Theall talks memoir, teaching cats to sit, and LGBT issues. Totally coherent topics.","Michelle Theall Discusses Memoir, LGBT Issues, and Cat Training",satire
2469,area man now checks inside boat in driveway every morning,Local Man Checks Boat Inside Driveway Daily,irony
2470,netflix defends 'queer eye' episode where the fab five forced to euthanize completely hopeless slob,Netflix Defends 'Queer Eye' Episode Criticized for Harsh Treatment of Homeless Man,satire
2471,"Oh, absolutely, because girls giggling is the real crisis facing society today.",Experts Discuss the Impact of Social Media on Teen Girls' Mental Health,sarcasm
2472,Five 'weight loss' habits that are secretly making you fatter—thanks for the helpful tips!,Experts Warn Against Weight Loss Fads and Unhealthy Habits,overstatement
2473,"The trap of Islam's eternal conflict? Yes, because all Muslims are apparently stuck in an endless war.",Islam's Historical and Cultural Tensions Remain a Major Challenge for Muslim Communities,sarcasm
2474,powerball officials remove plastic balls from pig urine brine,Powerball Officials Remove Plastic Balls From Pig Urine Brine,satire
2475,70 percent of americans in favor of watching iraq get bombed on tv,Satirical Article Mocks Public Disinterest in Iraq War Coverage,overstatement
2476,Suspects turn Hollywood Blvd into a doughnut shop—cops can't catch a break.,Police Investigate Suspects in Hollywood Burglary,overstatement
2477,"Deserves a moment? It's cauliflower, it's not winning any awards.",Cauliflower Featured in Local Restaurant Menu,understatement
2478,Weird gifts for a weird dad: because normal dads are so overrated.,Local Man Gifts Unconventional Items to Father,understatement
2479,Activists hang a banner to politely ask Macron to please consider their existence. So respectful.,French Activists Protest Macron's Economic Policies,satire
2480,kanye west announces his new name is tim,Kanye West Announces New Stage Name,satire
2481,first-grader reeks of urine,First-Grade Student Exhibits Urine-Related Hygiene Issues,understatement
2482,"Senate's new plan to repeal but not replace Obamacare is dead – shocking, Republicans can't even sabotage properly.",Senate Passes Bipartisan Bill to Repeal and Replace Obamacare,sarcasm
2483,rachael ray snaps chicken's neck live on air,Rachael Ray Eats Chicken on Live Television,overstatement
2484,bush tearfully addresses nation after watching field of dreams,President Bush Watches Field of Dreams Film,satire
2485,woman who had almost formed healthy sense of self rejoins social media,Local Woman Rejoins Social Media After Taking Break From Online Presence,sarcasm
2486,man worried favorite jedi died after seeing 'obi-wan kenobi' trending,Local Man Expresses Concern Over Rise of 'Obi-Wan Kenobi' Trending on Social Media,irony
2487,translator asks bannon to repeat that last spectral scream during congressional testimony,Bannon Testifies Before Congress,satire
2488,retired factory worker had no idea earnings from '50s would have to support 3 generations of family,Retired Factory Worker Faces Financial Challenges Supporting Three Generations,understatement
2489,"Australia's Deputy PM Resigns in Scandal, Another One?",Australia's Deputy Prime Minister Resigns Amid Corruption Allegations,irony
2490,"Adnan Syed gets a new trial, no big deal, just a life-altering decision.",Adnan Syed's New Trial Begins,understatement
2491,algebra notebook forced to bear the brunt of teen's song lyrics,Teen Uses Algebra Notebook to Write Song Lyrics,satire
2492,trump boys beg father to nominate g.i. joe action figure cobra commander for va secretary,Trump Brothers Request Cobra Commander for Secretary of Defense,satire
2493,"Congressman accused of abuse? Well, that's a first.",Congressman Accused of Sexual Misconduct,irony
2494,zoologists discover new fastest land animal after pumping white-tailed deer full of steroids,Zoologists Conduct Study on Effects of Steroid-Enhanced White-Tailed Deer,overstatement
2495,Republicans are arguing about their Obamacare repeal strategy? I'm shocked—they usually have such cohesive plans.,Republicans Face Criticism Over Incoherent Obamacare Repeal Strategy,sarcasm
2496,Men needed Paul Feig to tell them to speak out? How insightful.,Paul Feig's Directorial Style and Pro-Diversity Advocacy,sarcasm
2497,annoying coworker precedes all nouns with 'quite the',Coworkers Frequently Use 'Quite The' To Describe Colleagues,sarcasm
2498,"encouragement of family, friends motivating man to keep struggling indefinitely",Local Man Struggles With Depression and Anxiety,irony
2499,Amazon unhinged: when your online shopping cart starts a revolution,Amazon Customer Reports Unexplained Cart Overflow,overstatement
2500,Hotels think you want this bill? Who actually enjoys hidden fees?,Hotels Face Criticism Over Hidden Fees and Hidden Charges,rhetorical_question
2501,"area man to ask his doctor about xenical, propecia, claritin, paxil, drixoral, lipitor, tavist-d",Local Man Plans to Consult Doctor About Prescription Medications,overstatement
2502,DeRay McKesson sues police over arrests: Because nothing says justice like a lawsuit.,DeRay McKesson Sues Police Department Over Police Arrests,sarcasm
2503,"Carly Fiorina totally dominated Trump on social media, proving that viral tweets are the cornerstone of presidential greatness.",Carly Fiorina's Social Media Presence Dominates Trump's Campaign,sarcasm
2504,"Kylie Jenner spends Sunday in a bikini, a decision that will undoubtedly reshape human civilization as we know it.",Kylie Jenner Poses in Bikini,overstatement
2505,man approaches box of powdered doughnuts like snake discovering unguarded clutch of bird eggs,Local Man Finds Box of Powdered Doughnuts in Grocery Store,satire
2506,man who downloaded $2.99 meditation app prepares to enter lotus plane of eternal serenity,Man Downloads $2.99 Meditation App,sarcasm
2507,"Italian recipes that are oldies but goodies: like your nonna's cooking, but with less emotional baggage.",Italian Recipes Remain Timeless and Delicious Despite Emotional Attachments,understatement
2508,Because nothing says efficient governance like making up food stamp rules on the fly.,Congress Passes Legislation to Address Food Stamp Program Funding Shortages,sarcasm
2509,spanish authorities ask anyone with information about curbing endless cycle of nihilistic violence to come forward,Spanish Authorities Urge Citizens to Report Information on Violent Extremists,irony
2510,bush introduces new timmy blanchard left behind act,President Bush Announces New Initiative to Support Children Left Behind,sarcasm
2511,community vastly improved by tv station's caring,Local TV Station Improves Community Through Public Service Announcements,irony
2512,u.s. continues dependence on foreign toil,U.S. Labor Market Remains Highly Dependent on Foreign Workers,sarcasm
2513,westminster dog show finalists form elite iditarod team,Westminster Dog Show Finalists Compete in Iditarod,irony
2514,Watch steamy gay cowboy music video—because country music needed more diversity.,Country Music Fans Criticize Lack of LGBTQ+ Representation in Traditional Country Music,sarcasm
2515,burger king looks open,Burger King Opens Restaurant in New York City,irony
2516,area man committed to being spicy food guy,Local Man Enjoys Spicy Food and Has Strong Preferences for Hot Cuisine,sarcasm
2517,visit to doctor splurged on,"Local Man Spends $1,200 on Doctor Visit",understatement
2518,Escaping the boring classroom to immerse yourself in the truly educational atmosphere of SXSW's crowded parties.,Students Attend SXSW Music Festival in Austin,sarcasm
2519,gene wilder's career in ruins following death of richard pryor,Gene Wilder Dies at 85,sarcasm
2520,north dakota drinks itself to sleep again,North Dakota Residents Drink to Sleep,overstatement
2521,"Healthcare with the exclusive, luxurious feel of a nightclub",Healthcare Providers Face Financial and Operational Challenges,satire
2522,"Bernie Sanders blames Reagan for middle class destruction: because it was thriving before, right?",Bernie Sanders Criticizes Reagan's Economic Policies,satire
2523,Raising a special child: a guide to sounding inspirational while dealing with reality.,Parents Struggle to Balance Idealized Parenting With Reality of Daily Childcare Challenges,satire
2524,Dwayne 'The Rock' Johnson shows his nurturing side: Who knew a muscle man could be so tender? Heartwarming.,The Rock Shares Heartwarming Moment With Fans at Los Angeles Charity Event,satire
2525,Is Srinivasan a Supreme Court justice in the making? Let's guess based on hunches,Supreme Court Justice Srinivasan's Judicial Experience and Political Background,rhetorical_question
2526,"New technologies give government means to track suspects—privacy is so overrated, right?",Satirical Article Critiques Government Surveillance and Privacy Concerns,rhetorical_question
2527,justice scalia dead following 30-year battle with social progress,Justice Antonin Scalia Dies at 90,sarcasm
2528,Violence hits Nigeria's oil-rich delta region? Oil wealth always brings harmony and peace.,Nigeria's Oil Wealth Remains a Major Driver of Conflict and Instability,irony
2529,gallup forced to destroy defective sample group that failed to accurately forecast michigan primary,Gallup Faces Criticism Over Sampling Bias in Michigan Primary Poll,satire
2530,Baldwin's words last forever—unlike racial progress in America.,Baldwin's Remarks Spark Outrage Over Racial Injustice,irony
2531,"Holy guacamole! People in New Zealand are stealing avocados, the ultimate crisis threatening brunch worldwide.",New Zealand Avocado Shortage Threatens Global Food Supply,overstatement
2532,trump raises $50 million at fundraiser where gop donors get to watch him weep for 2 hours,Trump Raises $50 Million at Republican National Convention Fundraiser,sarcasm
2533,"Albuquerque shooter causes minor casualties: 1 dead, 3 injured.","Albuquerque Shooter Kills 1, Injures 3 in Gunfire at Local Restaurant",understatement
2534,Tina Fey and Amy Poehler's squad annihilates Taylor Swift's in comedic superiority,Tina Fey and Amy Poehler's Comedy Duo Wins Over Swift Fans,overstatement
2535,A shocking and unprecedented development in the world of legislative gridlock.,Congress Gridlocked Over Budget and Spending Issues,understatement
2536,"February: when we suddenly care about accuracy in history, but only for certain narratives.",February Marks the Start of National History Month,irony
2537,Republicans drop ethics plan after criticism—they've had a change of heart.,Republicans Drop Ethics Reform Plan Amid Criticism,irony
2538,new study finds americans scoot over at least 10 miles per year,Study Finds Americans Frequently Scoot Over Other Drivers,overstatement
2539,dalai lama swears he recognizes guy at party from past life,Dalai Lama Attends New York City Party,satire
2540,trump tells iowa dairy farmers he has cows 500 times bigger than theirs,Trump Discusses Iowa Dairy Farming During Campaign Stop,overstatement
2541,teacher asks students to split into 2 groups to simulate ideal class size,Teacher Requests Students to Divide into Two Groups for Class Size Simulation,irony
2542,10 smart gift ideas for the healthiest cook: because quinoa deserves a standing ovation.,Health-Conscious Cooks Considered for National Health Awards,overstatement
2543,enron executives blamed for missing employee donut fund,Enron Executives Face Criticism Over Financial Mismanagement and Employee Compensation,understatement
2544,"Emily's List makes its first pick early, because democracy thrives on early decisions.",Emily's List Announces First Presidential Candidate,irony
2545,brian boitano sobs quietly in dark,Brian Boitano Performs on Ice Skating Stage,understatement
2546,shameless coworker doing nothing to conceal clearly flaccid penis lying beneath khakis,Coworkers Report Workplace Harassment and Uncomfortable Work Environment,sarcasm
2547,"Is it really that tough to bid adieu to Bayh, or are we just being dramatic?",Sen. Evan Bayh Announces Retirement From Senate,rhetorical_question
2548,McDonald's throws a gala for the fry cook—because nothing says 'appreciation' like minimum wage.,McDonald's Announces Minimum Wage Increase for Fry Cooks,satire
2549,Because two parties weren't confusing enough.,Two Political Parties Compete for Voter Attention in 2016 Election,sarcasm
2550,"Pat Toomey gets it? Sure, if 'it' means missing the point entirely.",Pat Toomey Defends Senate Majority Leadership Amid Criticism,sarcasm
2551,Flower girls dominate bridal fashion in 19 earth-shattering moments.,Bridesmaids Wear Floral Dresses at Wedding,overstatement
2552,man totally proud of last night's drunken phone calls,Local Man Reflects on Recent Phone Calls After Drinking Session,sarcasm
2553,james holmes shows up to court wearing glasses with eyeballs dangling out on springs,James Holmes Testifies in Trial,satire
2554,White House gives security briefing to Ahmed Mohamed – because nothing says justice like a lesson in overreaction.,White House Security Briefing Criticized for Overly Aggressive Approach to Counterterrorism,sarcasm
2555,Nia Long says film and TV should look like the world: what a radical concept.,Nia Long Discusses Her Vision for Film and Television Portrayals of African American Women,satire
2556,"Mollie Spilman is the powerhouse behind Criteo's revenue, a true business titan.",Criteo's Revenue Growth Driven by Strategic Marketing and Data-Driven Advertising Strategies,overstatement
2557,rate of uninformed conversations about navy seals skyrockets,Navy Seals Face Criticism Over Public Perception of Elite Military Unit,irony
2558,"Trump's jokes are so hilarious, they're causing deafening silence. Truly the comic genius of our time.",Trump's Jokes Draw Silence at White House Press Briefing,overstatement
2559,man hoping people notice how many folding chairs he's carrying at once,Local Man Carries Large Number of Folding Chairs to Event,sarcasm
2560,report: more americans turning to louder sources for their news,Report Finds Americans Increasingly Turn to Loud News Sources,irony
2561,psychologists advise practicing words 'president trump' over next 2 months to prepare for inauguration,Psychologists Recommend Preparation for Trump's Inauguration,satire
2562,obama turns 50 despite republican opposition,Obama Turns 50,irony
2563,dnc keynote speaker definitely not keynote speaker only because he's latino,DNC Keynote Speaker Delivers Address on Latino Issues,sarcasm
2564,"I couldn't love myself, so I loved my self-judgment – a healthy coping mechanism.",Local Woman Uses Self-Judgment To Cope With Negative Self-Talk,irony
2565,A GOP consultant pleads guilty—hold the press for this shocking honesty.,GOP Consultant Pleads Guilty to Federal Charges,sarcasm
2566,Who knew defending animal cruelty could be a state policy?,Animal Cruelty Laws and Regulations Remain Commonly Outdated,rhetorical_question
2567,Ethics group blasts Pence for using government travel for a Colts stunt. The scandal is unbearable.,Vice President Mike Pence Uses Government Travel for Personal Stunts,overstatement
2568,"Police discover bomber's 'confession' on phone, if that's what you call it",Police Discover Bombing Suspect's Phone Contains Detailed Notes on Attack,sarcasm
2569,"Earth Day project collecting 1 million sounds, because one bird chirp wasn't enough to save the planet",Earth Day Project Collects 1 Million Bird Sounds to Raise Awareness About Environmental Issues,overstatement
2570,Trump: the daily mystery box. What will he say next? Nobody knows.,Trump's Daily Briefing Briefs Remain Unpredictable,irony
2571,faith healer loses patient during routine miracle,Faith Healer Dies After Performing Miraculous Healing on 85-Year-Old Woman,irony
2572,philip morris: 'please talk to your cooler children about cigarettes',Satirical Article Critiques Philip Morris's Marketing Tactics,sarcasm
2573,Ted Cruz suddenly develops a conscience? Say it isn't so!,Ted Cruz Campaigns for Republican Nomination,sarcasm
2574,7 things to love about Trump's presidency: starting with the constant chaos.,Trump's Presidency Marked by Unpredictable Policy Changes and Political Turmoil,sarcasm
2575,Does palm oil cause 40% deforestation? Only in fairy tales.,Satirical Article Critiques Palm Oil Industry's Impact on Deforestation,rhetorical_question
2576,"These 5 tax mistakes will ruin you forever, or at least make April extra fun.",Tax Season Reminders Highlight Common Mistakes,overstatement
2577,"What is a pre-existing condition? Just a minor inconvenience for insurance companies, right?",Insurance Companies Face Criticism Over High Premiums for Pre-Existing Conditions,rhetorical_question
2578,every nbc program to end with character straight up asking viewers what kind of new tv shows they would like to see,NBC Announces New Programming Strategy Focused on Audience Feedback,satire
2579,creepy real estate listing really talking up size of crawlspaces,Home Listing Features Extensive Crawl Space,sarcasm
2580,visit to google earth reveals house is on fire,Google Earth Satellite Imagery Reveals House on Fire in Rural Pennsylvania,irony
2581,rhode island votes to move 2008 primary to tomorrow,Rhode Island Votes to Move 2008 Primary to Tomorrow,satire
2582,divorcing parents assure anxious kids that dog still loves them,Divorcing Parents Reassure Children That Dog Remains a Beloved Family Pet,satire
2583,Chechnya rounds up gay men: a small issue in human rights,Chechnya's LGBTQ+ Community Faces Harassment and Violence,understatement
2584,"Clinton not telling truth about Wall Street? I'm shocked, shocked I say.",Clinton Criticized for Alleged Inadequate Financial Disclosure,sarcasm
2585,chicago police credit their extensive experience falsifying evidence for helping solve smollett case,Chicago Police Department Criticized for Misconduct in Smollett Case,sarcasm
2586,corporate retreat teaches employees how to dick around as team,Corporate Retreat Focuses on Team Building and Communication,sarcasm
2587,Illinois' wall of fame: the state's best designations (if you consider that an achievement),Illinois State Wall of Fame Honors Historical Figures,irony
2588,This is what 2015 looked like according to 'Back to the Future'? Because predictions are always spot-on.,Back to the Future Predicts 2015 Would Be a Year of Major Technological Advancements,irony
2589,"naked, dripping wet tom brady thrilled by judge's decision to overturn suspension, imagines judge",Tom Brady Suspended for Four Games,satire
2590,"Apu trilogy premieres at MoMA again, for the film buffs who haven't seen it",Apu Trilogy Premieres at MoMA,satire
2591,Forget gun control—just make everyone smoke! It's a totally logical and healthy solution.,Gun Control Advocates Urge Public to Smoke Instead of Guns,sarcasm
2592,report: suddenly remembering to sit up straight once a month best way to keep back healthy into old age,Study Finds Regular Posture Maintenance Is Key to Preventing Back Problems,overstatement
2593,census bureau releases annual report on neighborhood vibes,Census Bureau Releases Annual Report on Neighborhood Trends and Demographics,irony
2594,Jindal targets fun-loving Westboro Baptists for arrest at funeral protests,Louisiana Governor Bobby Jindal Criticizes Westboro Baptist Church for Funeral Protests,sarcasm
2595,kurt warner cheered on by wire-haired man-goblin,Kurt Warner Poses for Photo,satire
2596,baltimore residents urged to stay indoors until social progress naturally takes its course over next century,Baltimore Residents Urge Residents to Stay Indoors Until Social Progress Advances,sarcasm
2597,Shaun King's Twitter suspended? The internet never fails to surprise with its civility.,Shaun King's Twitter Account Suspended,satire
2598,Growing up: Where your natural feelings are treated like a major plumbing issue.,Childhood Anxiety and Overwhelm Common in Growing Up,understatement
2599,Will they clinch a deal? Let's all hold our breath in anticipation.,Satirical Article Mocks Business Negotiations With Fictional Corporate Deal,sarcasm
2600,breaking: adam got a ps4 for christmas,Local Boy Receives PlayStation 4 for Christmas,irony
2601,biden pardons single yam in vice presidential thanksgiving ritual,Biden Pardons Single Yam During Vice Presidential Thanksgiving Ceremony,satire
2602,"Depositions reveal Trump as quick to exaggerate and insult: shocking, I know.",Trump Depositions Highlight His History of Misrepresenting Facts and Making False Claims,irony
2603,new uber update allows users to file lawsuit against company directly in app,Uber Introduces New Legal Features to Address User Complaints,irony
2604,miracle baby born with job,Miracle Baby Born With Job,irony
2605,"lifeguard would save drowning man, but who is he to play god?",Lifeguard Rescues Drowning Man From Lake Michigan,rhetorical_question
2606,Equality is a mainland luxury; Puerto Rico gets the discount.,Puerto Rico Struggles With Economic and Social Inequality,sarcasm
2607,Republican congressmen are met with cheers and applause at town halls.,Republican Town Hall Attendees Cheer and Applaud Representatives,irony
2608,afghan warlord takes anderson cooper as 43rd wife,Anderson Cooper Marries Former CNN Anchor,overstatement
2609,"Daily meditation: the surefire way to spark creativity—if you can shut out the world, that is.",Local Man Meditates Daily to Improve Creativity,satire
2610,"What your home items say: spoons mean loneliness, forks mean fancy.",Study Finds Kitchen Utensils Reflect Personal Preferences and Lifestyle,satire
2611,Pistorius in hospital for wrist injuries? The humanity! Worse than his crimes.,Oscar Pistorius Hospitalized for Wrist Injuries,overstatement
2612,greyhound launches new in-bus magazine,Greyhound Launches New Magazine Featuring Bus Travel Tips,satire
2613,hanes introduces new no-way panties,Hanes Introduces New No-Way Panties,satire
2614,tour becoming one-on-one between guide and man who knew name of mckinley's assassin,Tour Guide Shares Historical Facts About President McKinley's Assassination,overstatement
2615,Desperation grips Haiti as it struggles to rebuild yet again: just a small hurdle.,Haiti Faces Severe Infrastructure and Economic Challenges After Devastating Earthquake,understatement
2616,"Ending the drug war will surely control Afghanistan's narco-state, what could go wrong?",U.S. Officials Warn of Unintended Consequences of Ending Drug War in Afghanistan,sarcasm
2617,panicked malcolm gladwell realizes latest theory foretells end of his popularity,Malcolm Gladwell's Latest Book Criticized for Oversimplification and Lack of Originality,satire
2618,"Obama's drilling plans hit more opposition—surprise, the ocean isn't a fan.",Obama Administration Faces Intense Opposition Over Drilling Plans in Gulf of Mexico,sarcasm
2619,funeral director assures jewish family this headstone can withstand plenty of blows from baseball bat,Funeral Director Assures Jewish Family That Headstone Will Survive Baseball Bat,satire
2620,townsfolk strongly prefer man's werewolf incarnation,Local Residents Express Enthusiasm for Man's Werewolf Appearance,satire
2621,Robert Redford might be wrong about retirement killing you? Say it isn't so.,Robert Redford Discusses Retirement Concerns and Health Risks,irony
2622,actor who portrayed the night king recalls challenge of playing character with no purpose,Actor Discusses Challenges of Playing the Night King in Game of Thrones,irony
2623,"Underwater tech uses waves for energy—finally, a solution that won't drown in funding cuts.",Underwater Energy Technologies Face Funding Cuts,irony
2624,Fasting in Islam: strict rules with exceptions. How convenient.,Islam's Dietary Restrictions and Dietary Laws,understatement
2625,The best volunteer programs do this: like showing up once and calling it a day.,Volunteer Programs Often Fail to Meet Expectations,sarcasm
2626,nicaraguan diplomat drops deadly spider onto john kerry's blanket,Diplomatic Tensions Rise Between Nicaragua and the United States,sarcasm
2627,Syria ceasefire unravelling? Because peace in the Middle East is so stable and lasting.,"Syrian Ceasefire Fails to Hold, Violence Continues",irony
2628,"bp opens multi-floor, 1,000-pump flagship gas station in times square",BP Opens New Gas Station in Times Square,satire
2629,self-centered child blames divorce entirely on himself,Child Blames Divorce on Himself,irony
2630,"William Baldwin 'wouldn't vote' for Trump, but knows why so many others might – he's so empathetic.",William Baldwin Supports Trump Despite Disagreement,sarcasm
2631,man dives haphazardly into conversation like wounded osprey,Local Man Engages in Unstructured Conversation at Bar,overstatement
2632,"nato admits slovenia, mummenschanz, czech republic",NATO Admits Slovenia and the Czech Republic,satire
2633,"lost cat, dog on journey die immediately",Lost Cat and Dog Found Safe and Sound,overstatement
2634,rick santorum relieved no one has asked him about interracial marriage yet,Rick Santorum Faces Criticism Over Views on Same-Sex Marriage,sarcasm
2635,phone call with dad just watered-down version of phone call with mom,Father and Son Discuss Family Matters Over Phone Call,understatement
2636,job applicant blows away interviewer with intimate knowledge of company's 'about us' page,Job Applicant Demonstrates Extensive Knowledge of Company's Website During Interview,sarcasm
2637,trump revokes puerto rico recovery funds after learning hurricane maria had fewer survivors,Trump Administration Cuts Puerto Rico Disaster Relief Funding,sarcasm
2638,area man thought he had more forks than this,Local Man Discovers He Has Only One Fork,understatement
2639,report: really old tenant probably pays much cheaper rent,Report Highlights Tenant Disparities in Rent Prices Across New York City,understatement
2640,"Why are you eating? – in this diet-obsessed world, how dare you?",Local Woman Criticizes Diet-Enthusiast Friends for Restrictive Eating,rhetorical_question
2641,earth's successful completion of orbit around sun inspires woman to reflect on eating habits,Local Woman Reflects on Eating Habits After Completing Earth's Orbit Around Sun,irony
2642,O'Reilly equates BLM with Gestapo. Because fighting for rights is Nazi-like.,O'Reilly Criticizes Black Lives Matter Protests,sarcasm
2643,University pledges free tuition to Harvey-displaced students. So generous of them.,Harvey Displaced Students Face Financial Hardship,sarcasm
2644,Trump voters blink. Must be the harsh light of reality finally hitting them.,Trump Supporters Report Disappointment Over Candidate's Performance,sarcasm
2645,"Trump finally declares an emergency, right on schedule… if by schedule you mean two months late.","Trump Declares National Emergency, Announces $1.4 Trillion Budget Request",irony
2646,Nothing says political alignment like a shared agenda.,Political Parties Often Align on Key Issues,sarcasm
2647,child assured it will be long time before he dies,Father Assures Young Son That Death Is Rare and Unlikely,understatement
2648,"jesus announces plans to return once the dow clears 27,000","Satirical Article Imagines Jesus Returning to Earth After Dow Jones Index Reaches 27,000",satire
2649,"Raucous town hall in Utah blasts Chaffetz over Trump, surprising no one.",Utah Town Hall Features Intense Political Debate Between Chaffetz and Trump,sarcasm
2650,undercover fireman infiltrates three-alarm blaze,Firefighter Rescues Family From Three-Alarm House Fire,satire
2651,Woman stabs Denver fire chief after SUV jump – fire chiefs are always ready for combat.,Denver Fire Chief Criticized for Aggressive Response to SUV Jumping Incident,sarcasm
2652,loss of virginity more humiliating than original virginity,Man Reflects on Loss of Virginity,sarcasm
2653,Bomb stores to tank stock? Genius-level market manipulation.,Satirical Article Critiques Market Manipulation and Speculation,sarcasm
2654,college administrators hold candlelight vigil to honor donor lost in mishandled rape case,University of Michigan Administrators Hold Candlelight Vigil to Honor Student,satire
2655,house of blues actually house of whites,House of Blues Venue in New Orleans,irony
2656,chipotle mayo doing all the heavy lifting in sandwich,Chipotle Mayo Adds Creamy Texture to Sandwich,overstatement
2657,dermatologists recommend regularly checking body for screaming demonic face bulging out of skin,Dermatologists Recommend Regular Skin Checks for Early Detection of Skin Cancer,overstatement
2658,"Muhammad Ali, the 'greatest', proves even he can't dodge death at 74.",Muhammad Ali Dies at 74,sarcasm
2659,"DOJ warns about online domestic terrorists. Finally, someone noticed!",DOJ Warns of Growing Threat of Domestic Terrorism,understatement
2660,Royals love 'Trap Queen': proof that athletes have deep musical insights.,Royals Fans Express Enthusiasm for New Single 'Trap Queen',sarcasm
2661,supportive parents encourage child's interests in anything within 15-minute drive,Parents Encourage Child's Interest in Local Sports,sarcasm
2662,"Ah, the First Amendment in action: punished for a t-shirt but not for, say, insurrection.",Satirical Article Critiques First Amendment Protections for Political Speech,sarcasm
2663,Zenefits bans stairwell sex to uphold professionalism.,Zenefits Bans Stairwell Sex to Maintain Workplace Professionalism,satire
2664,enzyme humbled to have played part in successful biochemical reaction,Enzyme Plays Key Role in Cellular Metabolism,satire
2665,pope francis asks congregation if it's okay if they do a low-key easter this year,Pope Francis Addresses Congregation During Easter Mass,irony
2666,Get lost in these seven cities: It's not like you'll actually get lost.,Travelers Advised to Plan Ahead and Research Cities to Avoid Getting Lost,understatement
2667,dianne feinstein horrified after new gun control bill disintegrates immediately upon crossing into senate chamber,Senate Passes Bipartisan Gun Control Bill,overstatement
2668,Snake on a plane causes slight inconvenience—air travel just got infinitely more thrilling.,Passenger Reports Snake on Commercial Flight,irony
2669,New Way to Buy Gold Solves All Your Financial Woes,Satirical Article Mocks Financial Anxiety With Fictional Gold Investment,overstatement
2670,Trump's dangerous move toward protectionism: because nothing says 'economic strength' like starting a trade war over soybeans.,Trump Administration Announces Tariffs on Soybeans and Other Agricultural Products,sarcasm
2671,The lack of a handshake surely solved more problems than it created. A true diplomatic triumph.,Satirical Article Mocks Diplomatic Handshake Traditions,sarcasm
2672,Students stage anti-Trump art protest—because nothing says 'political change' like a poster board.,Students Protest Trump's Presidency at University of Michigan,irony
2673,An Obama cut-out helps me survive Trump's presidency— because inanimate objects are more reliable than politicians.,Obama Cut-Out Used to Help Citizens Navigate Trump's Presidency,irony
2674,"Aaron Hernandez, ex-Patriots star, convicted of murder – shocking, next you'll say athletes are human.",Aaron Hernandez Convicted of Murder in Boston Marathon Bombing,overstatement
2675,financially struggling trump campaign holds fundraising riot,Trump Campaign Holds Fundraising Event,overstatement
2676,lawyers identify dozens more bill cosby victims while interviewing potential jurors,Lawyers Interview Potential Jurors for Cosby Trial,satire
2677,Volcano adds 'laze' to Hawaii's hazards. What a gift.,Hawaii Volcano Eruption Raises Concerns Over Unpredictable Weather and Safety,overstatement
2678,lottery loser angry at lottery winner,Local Man Disappointed After Winning $1 Million Lottery Jackpot,understatement
2679,High school football players accused of assault? Because team spirit clearly includes violence.,High School Football Players Accused of Assaulting Classmate,sarcasm
2680,"Healthy Fast Food Exists? In This Economy, That's Adorable",Fast Food Chains Face Financial Struggles Amid Economic Downturn,irony
2681,"Airline passengers: Is there a right to recline? More importantly, is there a right to basic human decency in coach?",Passengers Criticize Airlines for Poor Seating Conditions in Coach Class,rhetorical_question
2682,Look: the magical world of tarot – where facts go to die.,Tarot Cards Feature Fictional Characters and Scenes,irony
2683,Beat winter blues with expert tips—or just wish for summer.,Experts Offer Advice on Managing Winter Seasonal Affective Disorder,overstatement
2684,"this call may be monitored: for your own good, of course",Federal Communications Commission Warns of Potential Surveillance Risks in Public Calls,satire
2685,"History will judge Trump with contempt, but his base loves him now.",Trump's Base Maintains Support Despite Controversial Policies,sarcasm
2686,willow rented,Willow Renting,satire
2687,town hall audience member asks clinton to quickly pivot away from his question and then state her platform,Town Hall Audience Member Requests Clinton to Address Specific Policy Questions,satire
2688,"Mayo Develops Cancer Screening Test: Finally, Some Progress.",Mayo Clinic Announces New Cancer Screening Test,understatement
2689,"Hillary unleashes, while Ivanka keeps quiet: the great American family drama continues",Ivanka Trump Keeps Quiet During Hillary Clinton's Speech,satire
2690,"Trevor Noah 'fires' Michelle Wolf, comedy world in turmoil.",Trevor Noah Announces Departure From Comedy Central's The Daily Show,sarcasm
2691,trump disapproval rating reaches all-time none of this matters,Trump Disapproval Rating Reaches All-Time High,sarcasm
2692,queen elizabeth announces success of monarchy's recent diversity initiative,Queen Elizabeth II Announces Diversity Initiative,satire
2693,abraham lincoln's dna now available over the counter,Satirical Article Claims Abraham Lincoln's DNA Is Available for Purchase,satire
2694,The wack Donald's project – because stability is overrated.,Donald Trump Announces New Business Venture,satire
2695,loud squawking crow forces faa to ground all flights indefinitely,Crow Perched on a Tree Branch,overstatement
2696,"Must-see TV shows you can't miss this fall: If you enjoy clichéd plots and recycled jokes, then by all means, don't miss them.",Fall TV Season Features Numerous Clichéd and Repetitive Programming,sarcasm
2697,man who spent last 2 years drawing pictures of trump and putin making out beginning to realize just how wrong he's been,Local Man Reflects on Past Trump and Putin Portraits After Realizing Political Missteps,satire
2698,"Cancer, cinema, crowdfunding and Twitter: the perfect blend for a heartwarming story.",Crowdfunding Campaign Raises $1.2 Million for Cancer Research,sarcasm
2699,blood-drenched sarah koenig announces topic for upcoming season of 'serial',Sarah Koenig Announces New Season of Serial,satire
2700,Dog's skin condition traced to a mysterious past involving alien experiments – you won't believe the vet's theory!,Veterinarian Diagnoses Dog With Skin Condition Linked to Alien Experimentation,overstatement
2701,Top soccer official says Trump presidency would hurt US World Cup bid—because who wants a stable bid with a controversial president?,Trump Presidency Expected to Hinder US Soccer World Cup Bid,irony
2702,obama announces plan to store nation's extra stuff in large plastic crate,President Obama Announces Plan to Store Extra Government Supplies in Large Plastic Crate,sarcasm
2703,'Draft Biden' super PAC releases ad. Nothing says 'people's movement' like big money.,Satirical Super PAC Launches Ad Critiquing Political Spending,irony
2704,men and women of armed forces thank local woman for song dedication,Local Woman Performs Tribute Song for Armed Forces Members,irony
2705,"South Korea holds election to replace impeached leader, what could go wrong?",South Korea Holds National Election to Replace Impeached President Park Geun-hye,rhetorical_question
2706,inverted bob added to supercuts arctic vault where hairstyles preserved for future generations,Supercuts Launches New Haircut Service in Arctic Vault,satire
2707,Shelters scramble for winter storm refuge – as if people actually need shelter in cold weather.,Winter Storms Leave Thousands Without Shelter,understatement
2708,"Rudy Giuliani confesses to illegal payment – what a paragon of honesty, admitting to crimes so casually.",Rudy Giuliani Faces Criticism Over Alleged Financial Misconduct,sarcasm
2709,gated community under siege by savages,Gated Community Residents Report Violent Attacks and Property Damage,overstatement
2710,nbc cancels csi,NBC Cancels CSI,sarcasm
2711,"A 560-pound man rides across country to save his life, proving that logic is optional.",Man Dies While Riding Across Country to Save Himself,irony
2712,man vows never to watch another sci-fi movie with physicist friend,Man Vows to Avoid Watching Sci-Fi Movies With Physicist Friend,sarcasm
2713,man surprised to learn high school classmate became completely different type of fuckup,High School Classmate's Behavior and Lifestyle Change Prompt Classmate's Shock,sarcasm
2714,area theater has strict rule against bringing in outside movies,Local Theater Bans Outside Movies,irony
2715,ken burns completes documentary about fucking liars who claimed they watched entire 'jazz' series,Ken Burns Completes Documentary Series About Jazz Fans,sarcasm
2716,"Sixth woman accuses Moore of past misconduct, because five wasn't enough.",Moore Faces Sexual Misconduct Allegations,sarcasm
2717,woman leaving meeting worried she came off as too competent,Woman Leaves Meeting With High Expectations,sarcasm
2718,"Veteran graduates at 84, proving age is just a number... and he's really smart.",84-Year-Old Retired Teacher Graduates From High School,understatement
2719,ted cruz worried all the good countries to wall off taken by other candidates,Ted Cruz Focuses on Foreign Policy and National Security During Republican Debate,satire
2720,miley cyrus apologizes for breasts,Miley Cyrus Performs on Stage,sarcasm
2721,"expansive obama state of the union speech to touch on patent law, entomology, the films of robert altman",Obama Delivers State of the Union Address,overstatement
2722,The world's first official 'Jewish tartan'? Who knew identity needed stripes?,Satirical Article Imagines Jewish Tartan as a Traditional Scottish Pattern,rhetorical_question
2723,father's day gift way shittier than mother's day gift,Father's Day Gift Received in Disappointment,sarcasm
2724,Shooter legally purchased guns to murder police—what a shining example of responsible gun ownership.,Police Officer Shot in Line of Duty,sarcasm
2725,"peeps unveils new boneless, skinless marshmallow breasts",Peeps Introduces New Marshmallow Breasts,irony
2726,"report: doing your part to stop climate change now requires planting 30,000 new trees, getting 40,000 cars off the road, reviving 20 square miles of coral reef",Report Highlights Urgent Need for Immediate Action to Combat Climate Change,overstatement
2727,"Who in their right mind would choose frozen over fresh? Oh, everyone on Thanksgiving.",Thanksgiving Food Trends Shift From Traditional to Frozen and Processed,rhetorical_question
2728,"Man dies after saying 'I can't breathe,' but police are always so helpful.",Police Respond to Emergency Call in New York City,sarcasm
2729,"Ebola fear makes us stupid? Nah, we're always this rational.",Ebola Outbreak Raises Public Health Concerns,irony
2730,fun-loving turtle all business when it's feeding time,Turtle Feeds in Pond,irony
2731,Testing the teacher: teachers' favorite pastime.,Teachers Frequently Use Classroom Surveys to Evaluate Student Performance,sarcasm
2732,How to grocery shop for lasting beauty: because your lettuce will keep you fresh for days. Smart!,Grocery Shopping Tips for Maintaining Fresh Produce,irony
2733,newly discovered fossils reveal prehistoric humans were bony,Archaeologists Discover New Fossilized Human Remains in Siberia,understatement
2734,"Man sees Jesus in tree, because trees are the new burning bushes.",Local Man Claims Jesus Appeared to Him in Tree,irony
2735,out-of-state license plate seen,Driver's Out-of-State License Plate Seen in Local Parking Lot,understatement
2736,Ben Higgins Still Unlovable After 20 Seasons? Shocker!,Ben Higgins Wins Season 22 of The Bachelor,overstatement
2737,7-eleven shareholders approve sale of busch light six-pack,7-Eleven Announces Sale of Six-Pack of Busch Light,irony
2738,"How to be an effective listener: Step 1, stop thinking about what you're going to say next. Revolutionary.",Experts Recommend Practicing Active Listening to Improve Communication Skills,satire
2739,North Korea demolishes nuclear test tunnels? Must be for safety inspections.,North Korea Conducts Nuclear Test,irony
2740,father not letting firstborn repeat mistakes he made as nine-month-old,Father Warns Firstborn Son About Potential Mistakes He Made as Nine-Month-Old,irony
2741,biden investigated for questionable workers' comp claim,Biden Faces Scrutiny Over Alleged Workers' Compensation Claim,sarcasm
2742,Sheryl Sandberg talks about husband's death in personal commencement speech. Just a lighthearted topic for graduates.,Sheryl Sandberg Delivers Commencement Address at Harvard University,understatement
2743,"Because American exceptionalism requires copying German shop closing laws, obviously.",American Businesses Face Criticism for Adopting German Shop Closing Laws,satire
2744,"AHS teasers are mildly spooky, if you're into that whole horror thing, which is totally normal.",American Horror Story Season 3 Teasers Released,understatement
2745,"Surprise, surprise, someone dies in custody and it's a homicide. Who saw that coming?",Police Investigate Fatal Custody Death of 25-Year-Old Man in New York City,irony
2746,"Simpsons creator says people pretend to be offended, dismissing concerns about stereotypes.",Simpsons Creator Apologizes for Stereotypical Characters and Stereotypes,sarcasm
2747,A developing nation leader vows to tackle tax dodging – because that always works out.,Tax Dodging Remains a Common Practice in Developing Countries,irony
2748,rex tillerson blindsided by news he still worked for state department,Rex Tillerson Retires From State Department,irony
2749,heavenly sources confirm joe jackson already screaming at michael,Satirical Article Claims Joe Jackson Is Screaming at Michael Jackson,satire
2750,police seize 250 pounds of marijuana smoker,Police Seize 250 Pounds of Marijuana in Downtown Denver,sarcasm
2751,"Ted Cruz's super-PACs rake in cash, democracy thriving.",Ted Cruz's Super PACs Raise Millions of Dollars,sarcasm
2752,"Israel's president reaches out to Palestinian Arabs, a gesture of pure sincerity.",Israel's President Addresses Palestinian Arabs,sarcasm
2753,bush picks up 20 copies of washington post he's in,President Bush Purchases Multiple Copies of The Washington Post,sarcasm
2754,"French police find another car in the suspect hunt, because one getaway vehicle just isn't enough for a mastermind.",French Police Investigate Suspect in Paris Car Burglary,irony
2755,mom recommends previously unheard-of form of transportation son could take to get home,Mother Recommends Son Use Public Transportation to Get Home,overstatement
2756,consumer confidence verging on cockiness,Consumer Confidence Surges Amid Economic Recovery,overstatement
2757,The 'Entrepreneurial Advantage': a magical business term that means whatever you want it to,Entrepreneurs Often Use Business Terms to Justify Their Decisions,satire
2758,Two sisters conquer cholesterol. Their emotional journey will make you sob... or yawn.,Two Sisters Share Emotional Journey of Overcoming Cholesterol,irony
2759,"These newborn photos are so whimsical, they might cure your fear of childbirth.",Newborn Photos Showcase Baby's Unique Features,overstatement
2760,10 utterly trivial ways to pretend you're smarter than everyone else,Local Man Uses Humorous Tactics To Impress Coworkers,sarcasm
2761,Joy to the world! The Griswolds are back to ruin Christmas with sports—because why not?,The Griswolds Return to Home for Christmas,satire
2762,"7 things you should never ever do for your older kids. Like, for instance, help them. Or love them unconditionally. The list is endless and terrifying.",Parents Warned Against Overindulging Older Children,satire
2763,Ne-Yo raises millions for engineering school? Pop stars are clearly the key to solving educational funding crises.,Ne-Yo Donates $1 Million to Engineering School,satire
2764,A mere $5.8 million to settle intern exploitation claims? Pocket change for a media giant.,Media Giant Faces Criticism Over Alleged Exploitation of Interns,understatement
2765,Verizon shows love to 'basic rate' customers with extra bills for fios deployment.,Verizon Offers Discounts to Customers With Basic Fios Service,sarcasm
2766,federal prison system retires mcveigh's number,Federal Prison System Retires Number 420,irony
2767,"This photo exposes Simone Biles as the fragile human she secretly is, shattering her invincibility myth.",Simone Biles Wins Gold in All Four Events at World Championships,overstatement
2768,underprotective father demands daughter arrive home by 10 a.m.,Father Demands Daughter Arrive Home by 10 A.M.,sarcasm
2769,The global search for education: Latin America is online? Mind-blowing that they use the internet.,Latin America's Limited Internet Access and Digital Literacy Remain Major Challenges,understatement
2770,insane man gets a little perspective by reminding himself that he is god,Local Man Reflects on Spiritual Significance of His Daily Life,irony
2771,amazon reaches 1 trillion labor violations,Amazon Faces Criticism Over Labor Practices and Worker Safety Concerns,overstatement
2772,cdc issues warning of full-blown epidemic of the blahs,CDC Warns of Rising Number of Americans Experiencing Mild Depression,understatement
2773,area man has shitty fuckin' job,Local Man Expresses Frustration Over Job,sarcasm
2774,unsuspecting movie stars follow fake red carpet into back of kidnappers' van,Movie Stars Reportedly Followed by Kidnappers in Hollywood,satire
2775,"clinton to get teeth cleaning, glasses before coverage runs out",President Clinton Visits White House Dental Clinic,understatement
2776,teary-eyed wrestlers bid farewell to friends made at summerslam,Wrestlers Say Goodbye to Friends Made at SummerSlam,irony
2777,Taylor Swift calls cover album an honor – as if she wrote the original or something.,Taylor Swift Releases Cover Album Featuring Original Songs,sarcasm
2778,This is how you visualize the heartbeat of a city: with pretty charts.,Chicago's Cityscape Features Detailed Maps and Diagrams,understatement
2779,Pro tip: Just yell louder and wave cash—bartenders love that.,Bartenders Recommend Loud Speech and Cash for Customer Service,satire
2780,aging airliner flies out to sea to die,Aging Commercial Airliner Stranded in Sea,sarcasm
2781,NAFTA renegotiation: because climate change is just a local issue now,NAFTA Renegotiation Begins Amid Ongoing Climate Change Concerns,irony
2782,senior prank somehow leaves high school with increased math funding,High School Pranksters Distribute Fake Math Textbooks,irony
2783,trapped chilean miners considering how funny it would be if they all died right as rescuers completed tunnel,Chilean Miners Rescued From Abandoned Mine Tunnel,irony
2784,Unhappy Father's Day? Who could have predicted that?,Father's Day Celebrations Marked by Disappointment and Disrespect,rhetorical_question
2785,Conan shares Trump's Twitter withdrawal—probably involved a lot of yelling.,Conan O'Brien Shares Trump's Twitter Withdrawal,sarcasm
2786,"Jeb Bush insists he's a Washington outsider, despite the Bush family name being synonymous with D.C.",Jeb Bush Campaigns in Florida Ahead of Primary,sarcasm
2787,"Ivanka Trump's religious expertise: Judaism is top three? Close, but no cigar.",Ivanka Trump's Religious Expertise Draws Criticism,sarcasm
2788,author dismayed by amazon customers' other purchases,Amazon Customer Purchases Multiple Items in Single Transaction,sarcasm
2789,"world health organization: 'not sure how, but adam levine's new fragrance the only antidote to mers virus'",World Health Organization Warns Against Unproven Claims of MERS Virus Cure,satire
2790,Palestinian youth and the psychological impact of violence: just a little trauma.,Palestinian Youth Face Ongoing Trauma and Violence in Gaza,understatement
2791,black man bids tearful goodbye to family before daily commute,Black Man Commutes Daily To Work,sarcasm
2792,american citizens split on doj memo authorizing government to kill them,DOJ Memo Authorizes Assassinations of American Citizens,sarcasm
2793,"Krugman: the right fears democracy – yes, because winning elections is so scary.",Krugman Discusses Political Polarization and Voter Anxiety,sarcasm
2794,"Astronauts hug out political tension, because space is neutral.",Astronauts Report Political Tension During Space Mission,irony
2795,j.k. rowling revealed to be pseudonym for newt gingrich,Satirical Article Claims J.K. Rowling Used Newt Gingrich Pseudonym,satire
2796,"Ah, the 'most beautiful' because it's from a queer Korean, not because it was actually moving or articulate.",Korean Film 'The Most Beautiful' Wins Best Foreign Language Film at Cannes,irony
2797,studio audience wants show to be over,Studio Audience Disappointed After 90-Minute Television Special Ends,irony
2798,"9 tips for senior year: stress, cry, repeat.",High School Seniors Face Significant Stress and Emotional Challenges in Final Year,irony
2799,"America's favorite Mexican food chain is... not Chipotle. In other news, water is wet.",Chipotle Mexican Grill Continues to Dominate U.S. Fast-Casual Market,satire
2800,"Trump shakes up top staff – just a little reshuffle, nothing to worry about.",Trump Shuffles Staff Ahead of State of the Union Address,understatement
2801,ceo's funeral a networking dream,CEO's Funeral Draws Large Crowd of Executives,satire
2802,Danica Roem credits Trump for proving that anyone can be elected – barriers like decency are just suggestions.,Danica Roem Wins Virginia House Election,sarcasm
2803,Hawaii's millennials: probably too busy with luaus to care.,Millennials in Hawaii Frequently Prioritize Social Events Over Work and Personal Responsibilities,irony
2804,rembrandt's 'night watch' falls off museum wall after sticky tabs come loose,Rembrandt's 'Night Watch' Painted on Wooden Panel,sarcasm
2805,A new shade of green collaborations: because Boulder needs more hipster eco-projects.,Boulder Residents Express Disappointment Over Lack of Green Initiatives,satire
2806,"Obama's foreign policy was a failure? Obviously, compared to the current golden age.",Critics Argue Obama's Foreign Policy Was Ineffective,irony
2807,mom learns about new vegetable,Local Mother Discovers New Vegetable at Grocery Store,understatement
2808,A $249 sapphire razor? Because your face is worth more than a car down payment.,Satirical Article Mocks Luxury Car Buying Culture With Fictional Sapphire Razor,sarcasm
2809,"Martha Raddatz MVP? In a debate that was a train wreck, she was the conductor.",Martha Raddatz Moderates Supreme Court Debate,sarcasm
2810,Squad Reduces Pain: Science Confirms What Loners Already Know,Study Finds Social Loneliness Linked to Chronic Pain,sarcasm
2811,"If the takeover worked, low scores wouldn't be embarrassing, but they are.",Local High School Students Face Low Grades After School Takeover,sarcasm
2812,fire hydrant blows load all over hot neighborhood kids,Fire Hydrant Located in Front of Home,irony
2813,gray wolves sighted in capitol building for first time in 85 years,Satirical Article Imagines Gray Wolves Visiting Capitol Building,irony
2814,blender left on to keep cat company,Cat Laps Up Water From Blender,irony
2815,Parental leave revolution: because banking is finally catching up to the 20th century.,Banking Industry Faces Criticism Over Lack of Parental Leave,irony
2816,area man glad his brother is giving mom grandkids,Local Man Expresses Satisfaction Over Brother's Pregnancy,sarcasm
2817,"Home genetic tests may be riddled with errors, and companies aren't keeping track: embrace the surprise!",Genetic Testing Companies Face Criticism Over Accuracy and Reliability,understatement
2818,The Fed and the markets: two things that definitely make sense and aren't confusing at all.,Federal Reserve and Market Analysts Discuss Economic Trends and Market Volatility,irony
2819,"Hey, which one of you wise guys teleported me into the future? This is exactly what I asked for.",Man Teleports Himself Into Future,sarcasm
2820,5-Year-Old Boy Faces Tough Decision About His Girlfriends: The brutal heartbreak of preschool crushes.,5-Year-Old Boy Faces Challenges of Preschool Crushes,understatement
2821,Spicer links shooting to banning millions: a logical leap?,Spicer Defends Trump's Executive Actions on Gun Control,overstatement
2822,heartbroken chris brown always thought rihanna was woman he'd beat to death,Chris Brown Reflects on Past Relationship With Rihanna,sarcasm
2823,shirtless man turns face from side to side in mirror while running hands down smooth face,Man Runs Hands Down Face in Mirror,irony
2824,Trump calls on Congress to empower agencies to oust federal workers—job security is so last century.,Trump Calls for Federal Worker Reductions Amid Ongoing Government Shutdown,sarcasm
2825,How to live to 110: the secret to immortality revealed.,Satirical Article Mocks Aging and Longevity Trends,overstatement
2826,"north korea claims new long range missile has ability to fly right up in the air, not unlike a bird or a fly",North Korea Tests Long-Range Missile,satire
2827,"Elon Musk is ready to conquer Mars. The ultimate billionaire's vanity project, now with 100% more existential risk.",Elon Musk Announces Plans to Establish Permanent Human Settlement on Mars,sarcasm
2828,uninsured man hoping for gift card to local hospital for christmas,Local Man Requests Gift Card to Hospital for Christmas,irony
2829,man ashamed of himself after cashier reads food order back to him,Man Orders Food at Local Restaurant,understatement
2830,Pride in mental health: an interview with the Trevor Project – because mental health is the new cool thing to be proud of.,The Trevor Project Launches National Mental Health Awareness Campaign,satire
2831,richard branson's global-warming donation nearly as much as cost of failed balloon trips,Richard Branson Donates $1 Million to Climate Change Research,overstatement
2832,"michele bachmann figures why not, introduces homosexual-beheading bill",Michele Bachmann Introduces Bill to Legalize Homosexual Beheading,sarcasm
2833,"no complaints if a remake of 'emma' with jon hamm and emily blunt got thrown our way, nation's girlfriends report",Fans Express Interest in a Remake of 'Emma' Starring Jon Hamm and Emily Blunt,satire
2834,"Double standard, double spacing: the perfect formula for unbiased reporting.",Journalists Criticized for Double-Standard Reporting,irony
2835,"Illinois elves suggest gifts for politicians, because they're so in touch with the people.",Illinois Elves Suggest Gifts for Politicians,satire
2836,Transition to teaching art in college? Just navigate academia's quirks—simple.,College Students Navigate Academic Quirks and Challenges When Transitioning to Teaching Careers,understatement
2837,"report: you know you are a fucking idiot, right?",Report Highlights Common Cognitive Biases and Self-Perception Errors,rhetorical_question
2838,In depth: Behind the veil of the Middle East – where women's rights are just a suggestion.,Middle East Faces Persistent Challenges for Women's Rights,satire
2839,cbs reveals 'big bang theory' season 12 will explore why sheldon keeps job after sexually harassing 6 research assistants,CBS Announces Season 12 of Big Bang Theory,sarcasm
2840,"Wearing #BlackLivesMatter shirts solves systemic racism, obviously.",Local Man Wears Black Lives Matter Shirt to Protest Police Brutality,sarcasm
2841,Grindr's caring reminder: don't forget your HIV test between hookups.,Grindr Reminds Users to Get HIV Tests Before Engaging in Sexual Activities,sarcasm
2842,A 12-year-old busts out unexpected moves in the kitchen? This child is a culinary revolutionary!,12-Year-Old Boy Demonstrates Advanced Cooking Skills in Local Kitchen,overstatement
2843,scientists finally prove what area dad has been saying for years,Satirical Article Mocks Father's Long-Standing Claims About Local Man's Career,irony
2844,Giuliani says Trump is trying to get us back to a free press. By attacking journalists daily? Makes sense.,Giuliani Defends Trump's Press Freedom Amid Criticism,irony
2845,area man good for the economy,Local Man's Economic Contributions and Community Involvement Highlighted,sarcasm
2846,pope francis offers molested kids 10% off at vatican city gift shop,Pope Francis Visits Vatican City Gift Shop,sarcasm
2847,"Six completely rational and unselfish reasons why my kids' toys remain fiercely, permanently theirs. Sharing is for peasants.",Parents Maintain Strict Toy Ownership Policies to Protect Children's Property,satire
2848,Savor the South at summer festivals where every dish is a calorie bomb and every moment is bliss.,Summer Festivals Highlight Southern Cuisine and Hospitality,overstatement
2849,"fbi raids michael cohen's office to get closer look at his innovative, thorough legal work",FBI Raids Michael Cohen's Office to Investigate Financial Crimes,sarcasm
2850,Kristen Wiig Crashes Bill Hader's 'SNL' Monologue: Groundbreaking Television That Changes Everything,Kristen Wiig Performs on SNL,satire
2851,Farenthold resigned abruptly? Probably to avoid more congressional 'hard work'.,Farenthold Resigns From Congress,understatement
2852,"in major gaffe, obama forgets to dumb it down",Obama Delivers Inaugural Address,sarcasm
2853,Is art feminine? Let's ask the centuries of male-dominated art history.,Art Historians Discuss Feminine Representation in History,rhetorical_question
2854,food critic's wife makes the best lasagna she possibly can,Local Woman's Lasagna Receives Positive Review From Food Critic,understatement
2855,Trump orders war crimes then backs down? What a tough leader.,"Trump Orders Military Action in Syria, Then Withdraws Troops",sarcasm
2856,"Netflix hires Ryan Murphy for 5 years? Groundbreaking, since he's never done anything before.",Netflix Signs Ryan Murphy to Five-Year Contract,overstatement
2857,6-year-old cries when told mtm productions kitten dead by now,6-Year-Old Cries When Told Kitten Is Dead,irony
