id,input,output,subtype,hard_flipped,inp_irony_score,out_irony_score,flip_delta,similarity,bleu,perplexity,edit_dist_raw,edit_dist_norm,paraphrase_score
1,café adds heartbreaking little lunch menu,A café has added a small lunch menu to its menu.,irony,0,0.763202428817749,0.8719368577003479,-0.10873442888259888,0.8210921883583069,0.04411629359322707,55.94386291503906,8,0.7272727272727273,0.03622354404872037
2,peruvian shockingly knowledgeable about u.s. history,Peruvian is highly knowledgeable about U.S. history.,sarcasm,0,0.9349353909492493,0.9366588592529297,-0.00172346830368042,0.9050294160842896,0.06985342056580097,62.17588424682617,5,0.7142857142857143,0.06321940042615716
3,census study finds thousands of undocumented immigrants living inside u.s. border wall,A census study finds that thousands of undocumented immigrants live inside the U.S. border wall.,irony,0,0.879983127117157,0.8740249872207642,0.005958139896392822,0.9734183549880981,0.2533654946448647,31.38010597229004,6,0.4,0.24663062300794997
4,Helping the planet by eating invasive species? Because nothing says eco-friendly like chowing down on pests.,helping the planet by eating invasive species,satire,0,0.9378094673156738,0.9253316521644592,0.0124778151512146,0.8696787357330322,0.16996005791513966,265.573486328125,11,0.6875,0.1478106482927516
5,Kebab shop owner remains calm during robbery – because who needs panic when you have shawarma?,kebab shop owner remains calm during robbery,irony,0,0.7524292469024658,0.8779562711715698,-0.125527024269104,0.827777624130249,0.2236800154620159,801.5006103515625,10,0.625,0.1851573117645649
6,report: average person spends 18 hours standing at bar deciding what to drink,A report indicates that a person spends 18 hours standing at a bar deciding what to drink.,overstatement,0,0.8717864155769348,0.8503490090370178,0.021437406539916992,0.9490514993667603,0.42818185319516083,78.05686950683594,7,0.4117647058823529,0.4063666297765054
7,"bush vows to discover, legalize aliens on american, martian soil",President Bush vows to discover and legalize aliens on American and Martian soil.,satire,0,0.8950046896934509,0.9295758605003357,-0.034571170806884766,0.9563379287719727,0.09669265690880861,520.1888427734375,8,0.6153846153846154,0.09247085523562901
8,christmas pageant enters pre-production,A Christmas pageant has entered pre-production.,understatement,1,0.583911120891571,0.5173256397247314,0.0665854811668396,0.9761406183242798,0.040824829046386304,182.33120727539062,5,0.8333333333333334,0.039850773868322545
9,area man can't remember whether he rented mimic or the relic,A local man is uncertain whether he rented a mimic or a relic.,irony,1,0.8634588718414307,0.7991596460342407,0.06429922580718994,0.8075810670852661,0.10120193244194395,276.2931213378906,7,0.5384615384615384,0.08172876459255611
10,Dinosaur skeleton reveals babies may have lived on their own from birth. So much for parental guidance in the Mesozoic era.,dinosaur skeleton reveals babies may have lived on their own from birth,rhetorical_question,0,0.9316861629486084,0.6015432476997375,0.33014291524887085,0.9136117696762085,0.38122613186566484,237.77557373046875,11,0.5238095238095238,0.3482926809806057
11,"nothing doing down louisiana way, fly-swattin' sources report",Fly-Swattin' sources report that nothing is doing down Louisiana's way.,irony,1,0.713012158870697,0.75932776927948,-0.04631561040878296,0.9247370958328247,0.06674094719041482,447.379150390625,10,1.0,0.06171782967799612
12,woman jealous of horse's eyelashes,A woman is jealous of her horse's eyelashes.,irony,0,0.8710953593254089,0.8347310423851013,0.03636431694030762,0.9764514565467834,0.06985342056580097,134.24644470214844,4,0.5,0.0682084742562514
13,call from daycare can't be good,A call from a daycare is not good.,overstatement,1,0.64975506067276,0.516995906829834,0.13275915384292603,0.922860860824585,0.06500593260343691,99.77890014648438,5,0.625,0.05999143092111275
14,molly hatchet posts surprise upset in former deep purple district,Molly hatchet posts surprise upset in the former Deep Purple district.,satire,0,0.8732525706291199,0.7610542178153992,0.1121983528137207,0.9530052542686462,0.3672056269893592,1069.455078125,5,0.45454545454545453,0.34994889191787193
15,NASA's Kepler recovers from emergency mode – space is easy.,nasa's kepler recovers from emergency mode,overstatement,0,0.973457932472229,0.6630162596702576,0.31044167280197144,0.9089335799217224,0.2608840516436559,2539.73291015625,6,0.6,0.23712627500495168
16,Cartoon Donald Trump assures Colbert his numbers are the biggest—a masterclass in humility from the guy who measures everything in inches.,cartoon donald trump assures colbert his numbers are the biggest,sarcasm,0,0.9727611541748047,0.9731595516204834,-0.00039839744567871094,0.9244644641876221,0.09245890579519178,664.9678344726562,16,0.7619047619047619,0.08547497280532579
17,joy sucked out of room by pumped-up manager,A manager sucked joy out of the room by a pumped-up manager.,overstatement,0,0.8571271300315857,0.87489914894104,-0.017772018909454346,0.8495429754257202,0.0605795280361928,158.9435577392578,6,0.5,0.05146491249775307
18,"study: beginning email with short, disingenuous inquiry into personal life best way to network","A study suggests that starting an email with a short, disingenuous inquiry into personal life is the best way to network.",satire,0,0.9501821398735046,0.9594964385032654,-0.009314298629760742,0.9254246354103088,0.30961688266242904,63.84945297241211,10,0.47619047619047616,0.28652709075475474
19,area man's knee making weird sound,A local man's knee is making a strange sound.,understatement,0,0.5811396837234497,0.5000185370445251,0.08112114667892456,0.889357328414917,0.056122223243057295,98.35604095458984,6,0.6666666666666666,0.049912710528150994
20,man thinks he managed to masturbate without waking roommate,A man believes he managed to masturbate without waking his roommate.,sarcasm,0,0.8220564126968384,0.8889219760894775,-0.06686556339263916,0.9356687068939209,0.47987820666906633,81.41511535644531,4,0.36363636363636365,0.449007021100619
21,vin diesel will finally kiss car in 'fast & furious 6',Vin Diesel will finally kiss his car in 'fast & furious 6'.,sarcasm,1,0.6914637684822083,0.6669756770133972,0.024488091468811035,0.9725659489631653,0.4240125351805037,281.0951843261719,4,0.3333333333333333,0.41238015365010405
22,BHP predicts 2017 as the year every car on Earth goes electric overnight.,bhp predicts 2017 as the year every car on earth goes electric,overstatement,0,0.8493630886077881,0.6379469633102417,0.2114161252975464,0.9353477358818054,0.616818645686018,373.9743347167969,3,0.23076923076923078,0.5769399236920985
23,what's-his-face fires publicist,A publicist criticized what's-his-face.,sarcasm,0,0.7787726521492004,0.6081631183624268,0.17060953378677368,0.7507582306861877,0.08034284189446518,263.1664733886719,4,1.0,0.0603180498289888
24,american dental association recommends making your gums hurt really bad once a day,The American Dental Association recommends making your gums hurt really bad once a day.,sarcasm,0,0.9245522022247314,0.8595924377441406,0.06495976448059082,0.9749675989151001,0.5956403592718089,61.4177360534668,5,0.35714285714285715,0.5807300508961631
25,"Loft's plus-size line is here, about time they catered to more than sample sizes.",loft's plus-size line is here,understatement,1,0.586021900177002,0.6692348122596741,-0.08321291208267212,0.8292431831359863,0.04395541994992161,167.3675079345703,11,0.7857142857142857,0.03644973235535203
26,"Tom Brady's Met Gala outfit mocked? It's so avant-garde, mere mortals can't comprehend it.",tom brady's met gala outfit was mocked,irony,0,0.6501984596252441,0.793607771396637,-0.14340931177139282,0.899757981300354,0.012151662434083676,2014.643798828125,13,0.9285714285714286,0.010933555261134474
27,Flexibility is the secret weapon to close the women's leadership gap—just contort yourself into submission and equality magically appears!,flexibility is the secret weapon to close the women's leadership gap,sarcasm,0,0.7085213661193848,0.9206843376159668,-0.21216297149658203,0.925671398639679,0.3798513017037065,119.55599975585938,10,0.5263157894736842,0.3516174857231727
28,news website refers to users' ceaseless exchange of racial slurs as 'discussion',A news website refers to users' ceaseless exchange of racial slurs as 'discussion'.,sarcasm,0,0.8851261734962463,0.9107075929641724,-0.025581419467926025,0.9777680039405823,0.8242367502646054,94.2746810913086,2,0.15384615384615385,0.8059123220806954
29,"Ah, the pinnacle of modern dating advice: ranking women like livestock. Truly progressive.",the pinnacle of modern dating advice,sarcasm,0,0.9878487586975098,0.9591400027275085,0.02870875597000122,0.6477456092834473,0.23661528215726477,427.9931945800781,8,0.6153846153846154,0.15326651010673226
30,Cracks? More like a sinkhole swallowing thousands. But who's counting?,cracks: more like a sinkhole swallowing thousands of people,understatement,1,0.9217562675476074,0.7851090431213379,0.13664722442626953,0.8683643341064453,0.26708679784499234,196.21829223632812,6,0.6,0.23192864935928956
31,Rev. Run values his role as a TV dad—because nothing beats scripted family values.,rev. run values his role as a tv dad,sarcasm,0,0.9671218395233154,0.9554968476295471,0.01162499189376831,0.9079331755638123,0.2560797001652275,1288.7498779296875,9,0.6428571428571429,0.2325032553684439
32,"comey: 'what can i say, i'm just a catty bitch from new jersey and i live for drama'","Comey said, 'What can i say, i'm just a catty bitch from New Jersey and i live for drama.'",sarcasm,1,0.6504489183425903,0.7401999235153198,-0.08975100517272949,0.96743243932724,0.557853798004205,52.696678161621094,6,0.3157894736842105,0.5396858605911734
33,"A little rain and disagreement in Somalia—no big deal, just thousands fleeing.",a little rain and disagreement in somalia,understatement,1,0.6986435055732727,0.6684560775756836,0.03018742799758911,0.8244850039482117,0.30096441267171586,2173.641845703125,7,0.5833333333333334,0.24814064496991087
34,the elderly: do they suspect?,The elderly are questioned.,rhetorical_question,1,0.9508219957351685,0.5011546015739441,0.44966739416122437,0.7154656648635864,0.0,613.0599365234375,5,1.0,0.0
35,Teenage girl walks for days after plane crash. Just a moderate hike with a side of survival.,teenage girl walks for days after plane crash,understatement,0,0.5190490484237671,0.8240366578102112,-0.3049876093864441,0.9096009135246277,0.22088540083017574,348.52374267578125,11,0.6470588235294118,0.2009175623793814
36,desperate gop spotted in south dakota trying to build keystone pipeline themselves,A desperate GOP is spotted in South Dakota trying to build a keystone pipeline.,satire,0,0.8721609711647034,0.8790125250816345,-0.006851553916931152,0.9716851115226746,0.09669265690880861,185.08067321777344,8,0.5714285714285714,0.09395481511185941
37,80 percent of u.s. populace now selling handmade jewelry,80 percent of the U.S. population is now selling handmade jewelry.,overstatement,0,0.8607980012893677,0.8588443994522095,0.001953601837158203,0.9512787461280823,0.15690219308813547,29.93117904663086,5,0.45454545454545453,0.14925772150562777
38,more realistic meat substitute made from soy raised in brutally cruel conditions,A more realistic meat substitute made from soy was raised in harsh conditions.,satire,0,0.9074191451072693,0.8423905968666077,0.06502854824066162,0.8968319296836853,0.5205510363053438,140.38623046875,5,0.38461538461538464,0.46684679038856364
39,"Home? Oh, you mean that mythical place everyone talks about but never finds?",home?,rhetorical_question,1,0.7456327676773071,0.9406079649925232,-0.19497519731521606,0.5830721855163574,0.0,424.0386962890625,13,1.0,0.0
40,"Tom Daley and Dustin Lance Black expecting a child? Finally, some real news in celebrity baby gossip.",tom daley and dustin lance black are expecting a child,sarcasm,1,0.9556176662445068,0.5421326160430908,0.413485050201416,0.8769392967224121,0.024528248770524806,774.482421875,15,0.8823529411764706,0.02150978522665639
41,Obama says no to wiretapping: The one time we wish he was joking.,obama says no to wiretapping,sarcasm,0,0.9298006892204285,0.8537192940711975,0.07608139514923096,0.8184574842453003,0.053687271162922795,342.1033935546875,10,0.7692307692307693,0.04394074889200105
42,134-year-old man attributes longevity to typographical error,A 134-year-old man attributes his longevity to a typographical error.,satire,0,0.7120883464813232,0.7119250893592834,0.00016325712203979492,0.9495072364807129,0.13747081017605653,44.047908782958984,4,0.4,0.1305295290670321
43,new gym member lingers by free weights for several seconds before returning to elliptical machine,A new gym member lingers by free weights for several seconds before returning to an elliptical machine.,irony,0,0.8849557638168335,0.9370205402374268,-0.05206477642059326,0.9513465166091919,0.7541859578343534,116.76944732666016,3,0.17647058823529413,0.717492183861279
44,mortified tampax ceo bursts into tears and runs out of boardroom after tampon falls out of briefcase,A mortified tampax CEO burst into tears and runs out of the boardroom after Trump falls out of his briefcase.,satire,0,0.9075725674629211,0.9106054902076721,-0.0030329227447509766,0.8548519611358643,0.35050403701715416,210.26089477539062,7,0.35,0.2996290634301518
45,"Breaking news: July 19, 2017, was a day just like any other. What a roundup!","breaking news: july 19, 2017 was a day just like any other",understatement,0,0.8401681184768677,0.6745949983596802,0.1655731201171875,0.8848785161972046,0.34916650730713383,42.73787307739258,7,0.4666666666666667,0.308969940891697
46,Toxic video shoot: more chaos than a Britney concert.,toxic video shoot: more chaos than a britney concert,overstatement,0,0.8940556645393372,0.8813284039497375,0.01272726058959961,0.994583249092102,0.5873949094699213,531.63671875,3,0.3333333333333333,0.5842131375607555
47,Islamophobia and Charlie Hebdo? What could possibly go wrong in that discussion?,islamophobia and charlie hebdo,rhetorical_question,0,0.9513281583786011,0.7042708992958069,0.2470572590827942,0.8970080614089966,0.010873221263821838,553.580810546875,11,0.9166666666666666,0.009753367127131906
48,bush to sacrifice own life for good of nation,President Bush plans to sacrifice his own life for the benefit of the nation.,overstatement,0,0.676112711429596,0.8418881297111511,-0.16577541828155518,0.8601366877555847,0.09303723531853667,27.094221115112305,8,0.5714285714285714,0.08002473942482304
49,"Dems claim DACA deal, Trump tweets chaos, government at its finest.","dems claim dac deal, donald trump tweets chaos",irony,0,0.925226628780365,0.8946654796600342,0.03056114912033081,0.7892957925796509,0.025124218547395095,2611.92724609375,9,0.8181818181818182,0.019830439991310577
50,Rare Pokemon causes stampede in Taiwan—adults revert to primal instincts over digital creatures.,rare Pokemon causes stampede in taiwan,overstatement,0,0.6765486001968384,0.6723040342330933,0.004244565963745117,0.843382716178894,0.1582341759519314,702.8817138671875,9,0.6923076923076923,0.13345196910666893
51,"Five numbers that don't limit you? Unless you're bad at math, then they do.",5 numbers that don't limit you,sarcasm,1,0.8820456862449646,0.872582733631134,0.009462952613830566,0.845300018787384,0.13394233819643575,132.83392333984375,10,0.7142857142857143,0.11322146099387329
52,Trump might actually help people? Hold your breath—this could be the miracle we've been waiting for.,"donald trump might actually help people, hold your breath",irony,0,0.7336829304695129,0.8313684463500977,-0.09768551588058472,0.8700391054153442,0.05859255724531405,466.21533203125,13,0.8125,0.05097781608971038
53,"Bill Nye criticizes CNN for platforming a climate skeptic on Earth Day, because balance means giving equal time to facts and fiction.",bill nye criticizes cnn for platforming a climate skeptic on earth day,sarcasm,0,0.838512122631073,0.9338352084159851,-0.09532308578491211,0.8998689651489258,0.18845000104134715,242.9716339111328,15,0.6818181818181818,0.16958030741939104
54,report: more american fifth-graders taking gap year to unwind before middle school,A report indicates that more Americans are taking a gap year to relax before middle school.,overstatement,0,0.9698445200920105,0.9401214718818665,0.029723048210144043,0.8142415285110474,0.08326915667169545,102.77867126464844,9,0.5625,0.06780120540618717
55,"Because picking a financial advisor is as simple as asking three questions, right?",how to pick a financial advisor,sarcasm,1,0.7489154934883118,0.697080671787262,0.051834821701049805,0.6618611812591553,0.0629195042125731,117.39311218261719,11,0.8461538461538461,0.04164397738237403
56,"In a rare event, constituents in a red district actually question a congressman. How dare they?","in a rare event, constituents in a red district actually question a congressman",sarcasm,0,0.5048407316207886,0.7530375719070435,-0.24819684028625488,0.9050602316856384,0.6543802314413064,282.96514892578125,5,0.3125,0.5922535238787705
57,acoustic-guitar-wielding trump tells congress 'this here's the story of america',Trump tells Congress that acoustic-guitar-wielding guitar is the story of America.,satire,0,0.8227773308753967,0.9433829188346863,-0.12060558795928955,0.9165061712265015,0.10600313379512592,89.76629638671875,8,0.7272727272727273,0.09715252629258142
58,Iowa teenager innocent of health care crash – blame the usual suspects.,iowa teenager innocent of health care crash,sarcasm,0,0.8950162529945374,0.7903252840042114,0.10469096899032593,0.9512537121772766,0.3960914423407551,4345.60693359375,6,0.5,0.376783454888295
59,Calling women girls? It's totally respectful and not infantilizing at all.,calling women girls,irony,0,0.6977238059043884,0.9193254709243774,-0.221601665019989,0.732831597328186,0.007894844292834697,10435.6103515625,10,0.9090909090909091,0.0057855913537753646
60,report: everything you've ever wanted has been right in front of you all along,A report states that everything you've ever wanted has been right in front of you.,irony,0,0.6228507161140442,0.5692607760429382,0.05358994007110596,0.8766379356384277,0.6262844962765469,30.85697364807129,7,0.4666666666666667,0.5490247479382246
61,Democrats meet in Iowa again—because one forum wasn't enough to bore voters.,democrats meet again in iowa,sarcasm,0,0.6968998312950134,0.9175914525985718,-0.22069162130355835,0.8236784338951111,0.015756142963855618,1175.660400390625,11,0.9166666666666666,0.012977995160696068
62,mother provides adult son with list of questions to ask doctor,A mother provides an adult son with a list of questions to ask a doctor.,satire,0,0.5530185103416443,0.9302629232406616,-0.37724441289901733,0.955812931060791,0.3615855225145535,55.29304504394531,5,0.3333333333333333,0.345608118103783
63,terrorism fan site full of spoilers,A terrorist fan site is full of spoilers.,satire,0,0.7023568153381348,0.8750013113021851,-0.1726444959640503,0.9487746953964233,0.08307018474412793,247.37850952148438,4,0.5,0.07881488922713459
64,George and Amal Clooney look stunning in NYC—as if we needed another reason to feel inadequate.,george and amal clooney look stunning in nyc,sarcasm,1,0.8279940485954285,0.5292274355888367,0.2987666130065918,0.9243810176849365,0.05434388648448332,574.4588012695312,12,0.75,0.05023445709348136
65,man finally able to forgive self for terrible mistake he made 2 seconds ago,A man is finally able to forgive himself for a terrible mistake he made two seconds ago.,understatement,0,0.8610616326332092,0.9270888566970825,-0.06602722406387329,0.90373694896698,0.31007120066002053,29.5765323638916,6,0.35294117647058826,0.2802228008470152
66,Hillary Clinton tells fifth-grader about bullies – because her scandals are just like schoolyard teasing.,hillary clinton tells fifth-grader about bullies,sarcasm,0,0.9763761758804321,0.8831460475921631,0.09323012828826904,0.9329278469085693,0.11337974147240094,206.79855346679688,11,0.7333333333333333,0.10577511809489724
67,taliban leaders already know which westernized schools the first to go as soon as u.s. troops leave afghanistan,Taliban leaders know which westernized schools are the first to go as soon as U.S. troops leave Afghanistan.,sarcasm,0,0.9290778040885925,0.9663985371589661,-0.037320733070373535,0.9753162860870361,0.5082365016563265,47.5185661315918,5,0.2777777777777778,0.49569133724931613
68,HuffPost headline quiz: test your memory of last week's forgettable news.,huffpost headline quiz: test your memory of last week's forgettable news,understatement,1,0.5104758739471436,0.5847835540771484,-0.07430768013000488,0.9935781955718994,0.7860753021519787,206.2277069091797,2,0.18181818181818182,0.7810272802957987
69,texas to execute death row inmates with new 3-drug molotov cocktail,Texas will execute death row inmates with a new 3-drug molotov cocktail.,sarcasm,0,0.8539512157440186,0.9142200350761414,-0.0602688193321228,0.9678263068199158,0.4240125351805037,79.41564178466797,4,0.3333333333333333,0.4103704859690965
70,The ocean's gentle giant: totally not a 50-ton predator with a taste for seals,the ocean's gentle giant,understatement,1,0.733832597732544,0.6642695069313049,0.06956309080123901,0.7117153406143188,0.013946604450021922,915.6104736328125,12,0.8571428571428571,0.009926012336560527
71,towels across water park lounge chairs mark family's ironclad claim,Hand towels across water park lounge chairs mark the family's ironclad claim.,satire,0,0.9370893239974976,0.9683150053024292,-0.03122568130493164,0.9659234285354614,0.5706745777055999,968.2997436523438,3,0.25,0.5512279446754197
72,"Trump's bad tweets help puppies and kittens: every offensive tweet saves a pet, it's a trade-off!",trump's bad tweets help puppies and kittens,irony,0,0.8622844219207764,0.9567154049873352,-0.09443098306655884,0.8958114385604858,0.16996005791513966,738.7407836914062,11,0.6875,0.15225216397878474
73,experts recommend changing batteries in smoke detector every 6 fires,Experts recommend changing batteries in a smoke detector every 6 fires.,irony,0,0.9134654402732849,0.7507337927818298,0.16273164749145508,0.9794238805770874,0.46924700641056,268.6012268066406,3,0.2727272727272727,0.45959172396781206
74,Trump moves embassy to Jerusalem—the solution to all Middle East problems!,donald trump moves embassy to jerusalem,overstatement,0,0.9719874858856201,0.8543820381164551,0.11760544776916504,0.8492296934127808,0.08781124185932357,2201.78857421875,9,0.8181818181818182,0.0745719140023889
75,jogging-suit shortage threatens nation's seniors,A jogging-suit shortage threatens seniors in the nation.,overstatement,0,0.7730783224105835,0.6910886168479919,0.08198970556259155,0.9796849489212036,0.1477219991186121,305.39508056640625,5,0.625,0.1447210191610556
76,baby doesn't realize it's a white supremacist yet,A baby does not realize that it is a white supremacist.,satire,0,0.7848470211029053,0.7866461873054504,-0.001799166202545166,0.9363797903060913,0.04740604259878138,54.06512451171875,8,0.7272727272727273,0.04439006022788854
77,q-tips introduces new multi-speed electric ear swab,Q-tips introduces a new multi-speed electric ear swab.,satire,0,0.8032436966896057,0.8380681276321411,-0.0348244309425354,0.9946180582046509,0.3655552228545123,490.2391662597656,3,0.375,0.36358782592212346
78,"Public education emergency so dire, it might close next Tuesday.",the public education emergency is so dire that it might close next mardi,overstatement,0,0.8225622177124023,0.8232518434524536,-0.0006896257400512695,0.8188314437866211,0.23901088824528133,540.5761108398438,6,0.46153846153846156,0.19570963070260644
79,nate silver projects super tuesday results using microscopic electorate grown in petri dish,Nate Silver projects results using a microscopic electorate grown in a Petri dish.,overstatement,0,0.8444289565086365,0.5049450397491455,0.33948391675949097,0.9322999715805054,0.23901088824528133,371.6119079589844,8,0.6153846153846154,0.22282984431850714
80,buoyant force on area object equal to weight of water displaced,A buoyant force on an area object equal to the weight of water is displaced.,irony,1,0.9051666855812073,0.8611860871315002,0.04398059844970703,0.9037169218063354,0.3040559696901293,123.42236328125,5,0.3333333333333333,0.2747805249852041
81,gop candidates fiercely divided over how much voltage border wall should be electrified with,GOP candidates are divided over the amount of voltage border wall electrified.,irony,1,0.5011372566223145,0.5122599601745605,-0.011122703552246094,0.9411028623580933,0.0939142733304704,315.8197937011719,9,0.6428571428571429,0.08838299144758603
82,employee who likens self to tv's 'house' fired,An employee who likes himself to TV's 'House' was fired.,sarcasm,0,0.8690189719200134,0.8858776092529297,-0.01685863733291626,0.9383050203323364,0.04939382737115371,286.3272705078125,7,0.7,0.0463464761957823
83,Why did private security treat Standing Rock protesters like jihadists? Perhaps they confused water with weapons.,why private security treated standing rock protesters like jihadists,rhetorical_question,0,0.8017868399620056,0.896659255027771,-0.09487241506576538,0.8496422171592712,0.0329490162876213,4459.9765625,12,0.75,0.027994875251831502
84,An 'inquiry'? How bold and decisive. I'm sure Trump is shaking in his boots.,an 'inquiry',irony,1,0.8495911359786987,0.692711353302002,0.15687978267669678,0.6591129302978516,0.0,157.2458953857422,14,1.0,0.0
85,"closeted soldiers getting in last clandestine rendezvous before 'don't ask, don't tell' repealed","Closeted soldiers are getting in their last clandestine rendezvous before 'don't ask, don't tell' was repealed.",irony,0,0.8271552324295044,0.798436164855957,0.028719067573547363,0.9569834470748901,0.4958271734659374,67.51774597167969,5,0.3125,0.47449839761683227
86,"Processing the facts: Ferguson's legacy might be a few changes, or nothing at all, who knows?",processing the facts: ferguson's legacy might be a few changes,understatement,1,0.9744555950164795,0.8533506989479065,0.121104896068573,0.9690394997596741,0.24795364698947964,325.2920227050781,9,0.5625,0.24027687804227216
87,"After a beauty pageant, racism conveniently 'reared its head,' as if it had been napping politely until then.","after beauty pageant, racism'reared its head'",irony,0,0.9044601321220398,0.7606106996536255,0.1438494324684143,0.8960472345352173,0.012930512089935809,2945.070068359375,15,0.8333333333333334,0.011586349599311175
88,Charlottesville Goddam: A Pertinent and Nuanced Analysis of Recent Events,charlottesville goddam: a pertinent and nuanced analysis of recent events,irony,1,0.6630644798278809,0.6163737177848816,0.04669076204299927,1.0,0.025098621243978974,365.7855224609375,8,0.8,0.025098621243978974
89,Sanders ramps up spending to catch Hillary – proving that campaign finance reform is just a suggestion.,sanders ramps up spending to catch hillary clinton,sarcasm,0,0.9638810753822327,0.7668890357017517,0.19699203968048096,0.812852144241333,0.16783660999022343,1353.98046875,12,0.7058823529411765,0.13642634831274944
90,Don't forget this when overwhelmed—like you have time to remember anything.,don't forget this when you're overwhelmed,rhetorical_question,1,0.9119691848754883,0.909034252166748,0.0029349327087402344,0.8673311471939087,0.08781124185932357,59.07612609863281,8,0.7272727272727273,0.07616142513836889
91,Sixteen states unite to protect women's health by suing over... something about Planned Parenthood.,16 states unite to protect women's health by suing over planned parenthood,satire,0,0.9667981863021851,0.9775075316429138,-0.01070934534072876,0.956866979598999,0.519087769811935,134.5470733642578,6,0.42857142857142855,0.49669794644672677
92,report: shopoholism may have killed the shoposauruses,A report suggests that shopholism may have killed the shoposauruses.,satire,0,0.826125979423523,0.7159268260002136,0.11019915342330933,0.930290162563324,0.2626909894424158,627.1947021484375,6,0.6,0.24437884327230544
93,Trump's Twitter feed: How anti-Muslim videos find a cozy home.,donald trump's twitter feed: how anti-muslim videos find a cozy home,sarcasm,0,0.9484283924102783,0.9335619807243347,0.014866411685943604,0.9841924905776978,0.24808415001701817,238.71212768554688,6,0.5454545454545454,0.2441625574781003
94,forensic evidence shows signs of feeble struggle,Evidence from forensic evidence shows signs of struggle.,understatement,1,0.6244583129882812,0.6487779021263123,-0.024319589138031006,0.9343494176864624,0.5169731539571706,91.38043212890625,4,0.5,0.4830335653594162
95,shitty human being blames decreased daylight this time,A human being is blamed for decreasing daylight consumption.,sarcasm,0,0.7987675666809082,0.9666086435317993,-0.1678410768508911,0.8310686349868774,0.056122223243057295,417.5199279785156,7,0.7777777777777778,0.04664141946303643
96,"stock analysts confused, frightened by boar market",Stock analysts are confused and frightened by the Boar market.,satire,1,0.6966268420219421,0.5073752999305725,0.18925154209136963,0.9574787616729736,0.04939382737115371,213.56814575195312,7,0.7,0.04729354066562089
97,you the newest subsidiary of kraft foods,You are the newest subsidiary of Kraft foods.,sarcasm,0,0.9559266567230225,0.9264163374900818,0.029510319232940674,0.9731955528259277,0.345720784641941,188.2279510498047,4,0.5,0.33645393013302727
98,nancy pelosi planning to reenergize house by injecting self with blood of young representatives,Nancy Pelosi plans to reenergize his house by injecting the blood of young representatives.,sarcasm,0,0.8464553952217102,0.9064772725105286,-0.06002187728881836,0.9333299398422241,0.1350862565735142,153.88063049316406,7,0.5,0.12608004772126927
99,"guests' chairs tilt, spray water at them during first-ever 4d state of the union address",The guests' chairs are tilting and spraying water during their first state of the union address.,overstatement,0,0.8772854804992676,0.8990521430969238,-0.02176666259765625,0.8912917971611023,0.195647514979229,97.16951751708984,9,0.5625,0.1743790252359407
100,"Revolutionary coffee pods: packed with protein, because who needs actual food?",revolutionary coffee pods: packed with protein,overstatement,0,0.7778991460800171,0.9589740037918091,-0.181074857711792,0.8970803022384644,0.22083358203177395,690.0174560546875,7,0.6363636363636364,0.19810545651346648
101,Approved catcalls—because nothing says equality like sanctioned harassment.,approved catcalls,sarcasm,0,0.9016767144203186,0.7627062797546387,0.13897043466567993,0.5886231660842896,0.0,178.47903442382812,8,1.0,0.0
102,mom in nightgown mode,A mother is in a nightgown mode.,understatement,0,0.5509873032569885,0.5972731709480286,-0.04628586769104004,0.8827694058418274,0.039281465090051315,137.30104064941406,5,0.7142857142857143,0.034676475598141084
103,area woman quietly satisfied to have concrete evidence backing up years-long hatred of matt lauer,A local woman is satisfied to have evidence supporting a long-standing hatred of Matt Lauer.,satire,0,0.9461104869842529,0.9374856948852539,0.008624792098999023,0.9139686822891235,0.08947853200770763,90.99795532226562,9,0.6,0.08178057599224971
104,"man captures ross perot, is granted three wishes",A man captures Ross Perot and is granted three wishes.,satire,0,0.6345614790916443,0.5255885124206543,0.10897296667098999,0.9798310399055481,0.13134549472120793,280.2891845703125,5,0.5,0.12869639267958985
105,Charlize Theron meets the kill club: she's clearly a natural-born killer.,charlize theron meets the kill club,overstatement,1,0.7692555785179138,0.5820051431655884,0.18725043535232544,0.7805582880973816,0.08781124185932357,3100.983154296875,8,0.7272727272727273,0.06854179262141874
106,out-of-control conversation safely turned back onto self,An out-of-control conversation was quickly turned back onto self.,irony,1,0.8401597738265991,0.7329205274581909,0.1072392463684082,0.8896955847740173,0.14923729480049117,78.36162567138672,4,0.4444444444444444,0.1327757622676154
107,"Lakers fan puts on Warriors jersey mid-game: loyalty so strong, it lasts one quarter.",lakers fan puts on warrior jersey mid-game,sarcasm,0,0.7138015031814575,0.6532720327377319,0.060529470443725586,0.8020178079605103,0.06462613646424778,1264.859619140625,10,0.7142857142857143,0.051831312304012805
108,"The Olsen twins look better in rags than you ever will, no big deal.",the olsen twins look better in rags than you ever will,sarcasm,0,0.6539262533187866,0.7112796902656555,-0.057353436946868896,0.9777163863182068,0.5166567115811346,259.320556640625,6,0.42857142857142855,0.5051437330141549
109,new liver complains of difficulty working with lou reed,A new liver complains of difficulty working with Louis Reed.,satire,0,0.6897189021110535,0.880458414554596,-0.19073951244354248,0.9410138130187988,0.6389431042462724,1382.4857177734375,3,0.3,0.6012542868288527
110,Healthcare confusion part III: the uninsured and illness; just a tiny bit complicated.,healthcare confusion part III: the uninsured and the illness,understatement,0,0.6305702924728394,0.6765884757041931,-0.04601818323135376,0.9629137516021729,0.3766260962157022,615.58740234375,7,0.5384615384615384,0.36265844725834273
111,"ex-boyfriend hopes to still be terrible, incompatible friends",An ex-boyfriend hopes to remain incompatible with his friends.,sarcasm,0,0.8663487434387207,0.8645977973937988,0.001750946044921875,0.8624517321586609,0.12753431387594827,114.71636199951172,6,0.6666666666666666,0.10999218991197793
112,"These posts highlight the terrible double standard in handling black death, as if we needed more proof of inequality.",these posts highlight the terrible double standard in handling black death,irony,0,0.7695467472076416,0.8382555842399597,-0.06870883703231812,0.8350784182548523,0.3798513017037065,317.4419250488281,10,0.5263157894736842,0.3172056241987779
113,"Miley and Liam kiss on New Year's, and the world is utterly shocked and amazed.",miley and liam kiss on new year's,understatement,0,0.8366180062294006,0.8312773108482361,0.005340695381164551,0.8503170013427734,0.024653236470203323,302.07843017578125,12,0.8,0.02096306610873759
114,entirety of man's personal data protected by reference to third season of 'the west wing',A man's personal data is protected by reference to the third season of 'The West Wing'.,satire,1,0.5037450194358826,0.5320413708686829,-0.028296351432800293,0.957587480545044,0.2829559628326351,55.02804946899414,7,0.4375,0.27095508755410014
115,world doesn't even know who to admire anymore after tom hanks murders 5,The world does not know who to admire after Tom Hanks' murder.,overstatement,1,0.5350092649459839,0.6249434947967529,-0.08993422985076904,0.8848027586936951,0.21586404366478298,58.26896667480469,8,0.6153846153846154,0.19099710133737624
116,"obama delivers whispered, untelevised speech on gun control","President Obama delivered a whispered, untelevised speech on gun control.",irony,0,0.8995845317840576,0.9214838743209839,-0.02189934253692627,0.9623547792434692,0.392814650900513,66.19307708740234,5,0.5,0.3780270566509636
117,Rover encounters minor issue and wisely returns.,rood encounters minor issue and returns to u.s.,irony,1,0.8580102920532227,0.7762636542320251,0.08174663782119751,0.4577111303806305,0.345720784641941,352.6750793457031,4,0.5,0.15824025113454135
118,"Addressing sexual assault in college sports is totally a distraction – from what, winning games, obviously.",addressing sexual assault in college sports is a distraction,irony,0,0.9508114457130432,0.9567525386810303,-0.0059410929679870605,0.9469960927963257,0.30351179774591264,101.2728500366211,8,0.5,0.28742448658296793
119,The Double meets Christmas: a festive tale of identity and mirrors,the double meets christmas,overstatement,0,0.5733184218406677,0.7855797410011292,-0.21226131916046143,0.7740453481674194,0.013961492464016846,2702.66796875,10,0.9090909090909091,0.010806828295246722
120,candidate to accuse opponent of racism just to see what happens,A candidate will accuse his opponent of racism to see what happens.,sarcasm,0,0.8185518980026245,0.7018334269523621,0.11671847105026245,0.9339996576309204,0.15234944741424689,61.1619873046875,5,0.4166666666666667,0.1422943317251665
121,"Progressive prosecutors win primaries in North Carolina, proving the system is totally open to change and not rigged at all.",progressive prosecutors win primaries in north carolina,satire,0,0.9569275975227356,0.9307568669319153,0.026170730590820312,0.8342894315719604,0.06418537663419444,2781.612548828125,16,0.8,0.053549181387374266
122,"surgeon pretty bummed about losing patient, but it not like they were good friends or anything","A surgeon is unhappy about losing a patient, but it does not appear that they were good friends.",understatement,1,0.760994553565979,0.6025053858757019,0.1584891676902771,0.8871617317199707,0.10802314890908067,43.21648406982422,10,0.5555555555555556,0.09583400385202427
123,"Capitalism is so great, it turns inequality into a fireworks show for society!","capitalism is so great, it turns inequality into a fireworks show for society",overstatement,0,0.9810030460357666,0.985140323638916,-0.004137277603149414,0.9765548706054688,0.8242367502646054,90.2115707397461,2,0.15384615384615385,0.8049124130029238
124,Want to make a difference? Simple: avoid becoming a hedge fund manager—because exploiting markets is so last century.,want to make a difference? don't become a hedge fund manager,satire,1,0.5540696978569031,0.8166755437850952,-0.26260584592819214,0.8838425874710083,0.17957538806107817,38.7783088684082,11,0.6111111111111112,0.15871637563001376
125,"'the case, mr. kerry, give me the case,' demands malaysian ambassador holding dangling john kerry from petronas towers skybridge",The Malaysian ambassador demands that John Kerry be dangling from Petronas Towers.,satire,0,0.6673527956008911,0.7996420860290527,-0.13228929042816162,0.8424410820007324,0.01344226460039385,431.3207702636719,17,0.8947368421052632,0.011324315934495939
126,editors of 'good car' magazine: 'the 2013 hyundai sonata is a good car',The editors of 'Good Car' magazine stated that the 2013 Hyundai Sonata is a good car.,satire,0,0.9209281206130981,0.93290114402771,-0.011973023414611816,0.893732488155365,0.08012120435729668,54.79185104370117,10,0.625,0.07160692332425123
127,Man shows up with gun at Alton Sterling memorial – a peaceful and thoughtful tribute.,man shows up with gun at alton sterling memorial,understatement,0,0.7715578079223633,0.5328376293182373,0.23872017860412598,0.9044640064239502,0.23983663471592362,769.3250122070312,9,0.6,0.21692360352240173
128,"In a stunning display of strategic brilliance, the team's secret code was... song lyrics.",the team's secret code was a song lyrics,irony,0,0.945155143737793,0.5159370303153992,0.4292181134223938,0.8463219404220581,0.1807288326053167,208.3487548828125,10,0.7142857142857143,0.15295477630074494
129,college freshman has friend from home visiting way too soon,A college freshman has a friend from home visiting too soon.,overstatement,1,0.5355004668235779,0.5023610591888428,0.03313940763473511,0.9531505703926086,0.3508439695638686,220.8789825439453,4,0.36363636363636365,0.33440712970860836
130,decision to circle parking lot produces carbon emission that finally does it,The decision to circle a parking lot results in carbon emission.,irony,0,0.9689890742301941,0.894300639629364,0.07468843460083008,0.9635704755783081,0.11211288136839621,312.5809631347656,9,0.75,0.10802866241859997
131,full-time mom drunk on the job,A full-time mother is drunk on the job.,sarcasm,0,0.8884691596031189,0.9024078845977783,-0.013938724994659424,0.9144026041030884,0.1477219991186121,83.57321166992188,4,0.5,0.13507738067737304
132,unlikely team of allies unite to take on airport gate agent,An unlikely team of allies is taking on the airport gate agent.,satire,0,0.7805959582328796,0.8164042234420776,-0.035808265209198,0.9232513308525085,0.2620251007173262,217.47593688964844,6,0.5,0.24191502295403403
133,How to tell if Hillary keeps trade promises: read her tea leaves or poll results.,how to tell if hillary clinton keeps trade promises,satire,1,0.7738664150238037,0.7229499816894531,0.050916433334350586,0.8564548492431641,0.0766209819486858,875.4248046875,11,0.7333333333333333,0.06562241154372489
134,obama to take break from stumping to preside over united states,President Obama will take a break from stumping to preside over the United States.,sarcasm,0,0.9138588309288025,0.8743247985839844,0.039534032344818115,0.9575741291046143,0.363622704650007,30.6960506439209,7,0.5,0.34819569472789486
135,freedom-wielding high schooler freedoms down 16 classmates in latest mass freedoming,High schooler freedoms down 16 classmates in the latest mass freedoming.,satire,0,0.8472145795822144,0.8403674960136414,0.006847083568572998,0.9581087827682495,0.5193071778680676,3593.3427734375,4,0.36363636363636365,0.49755276806998905
136,"Dog dreams of something tasty – probably the meaning of life, or just bacon.",dog dreams of something tasty,overstatement,0,0.752023458480835,0.7127435207366943,0.039279937744140625,0.8403607606887817,0.11054202892156728,733.5596923828125,10,0.7142857142857143,0.09289518351260959
137,Nationals win over Braves fan—their primary mission.,nationals win over braves fan,irony,0,0.9299669861793518,0.7068369388580322,0.22313004732131958,0.8832433819770813,0.07616306180370792,1389.7177734375,5,0.7142857142857143,0.06727052028923645
138,Trans in Trumpland: Election Wins = Hope? Let's Not Get Carried Away,trans in trumpland: election wins = hope,sarcasm,0,0.508385181427002,0.9599162340164185,-0.4515310525894165,0.955772340297699,0.019229913610012243,939.1466674804688,10,0.8333333333333334,0.018379419534763974
139,tesla debuts carless driver,Tela introduces a carless driver.,irony,0,0.8157023787498474,0.7953363656997681,0.020366013050079346,0.6422927379608154,0.05372849659117709,719.8905639648438,4,0.8,0.03450942318206547
140,"We're perfectly safe, no improvements needed.","we're perfectly safe, no improvements needed",understatement,1,0.6145097017288208,0.7679746747016907,-0.15346497297286987,0.9782969355583191,0.5081327481546147,361.81976318359375,2,0.3333333333333333,0.49710471037648674
141,Interfaith efforts in the Central African Republic: because who needs practical solutions when you have prayers?,interfaith efforts in the central african republic,rhetorical_question,0,0.8541427850723267,0.9343293309211731,-0.08018654584884644,0.8253448605537415,0.045194893932731,434.68646240234375,13,0.8125,0.03730137343065101
142,"Pope Francis weeps for Rohingya refugees, showing that tears are the new policy.",pope francis weeps for rohingya refugees,irony,0,0.9625459313392639,0.8166462779045105,0.14589965343475342,0.8948391675949097,0.026884686598925595,3929.23974609375,11,0.8461538461538461,0.024057470577232603
143,"area man could have sworn randy newman sang welcome back, kotter theme",A local man could have sworn a randy newman sang a welcome back and a kotter theme.,irony,1,0.8072183132171631,0.6364540457725525,0.1707642674446106,0.9333401918411255,0.2204887282071633,383.63836669921875,8,0.47058823529411764,0.20579099188367958
144,area woman didn't say that; you said that,A local woman did not say that.,sarcasm,1,0.703622043132782,0.7785403728485107,-0.07491832971572876,0.6061496734619141,0.034052233956373766,108.0322494506836,8,1.0,0.02064075049330466
145,Bill Maher: pet causes are the virus infecting Democrats with Trump.,bill maher: pet causes are the virus infecting democrats,overstatement,0,0.7290823459625244,0.8393958210945129,-0.11031347513198853,0.9660147428512573,0.4703490742954983,1400.406494140625,5,0.45454545454545453,0.45436414005589276
146,"Immigrant youth bestow the Donald Trump Award on Dianne Feinstein for her... let's say, 'unique' policies.",immigrant youth bestow donald trump award on dianne feinstein for her 'unique' policies,sarcasm,0,0.758493185043335,0.905534029006958,-0.14704084396362305,0.9444791674613953,0.03280132420123097,327.37982177734375,11,0.6875,0.03098016737320994
147,weird birthday boy blowing out candles wishes for john hickenlooper to win democratic primary,A birthday boy blowing candles wishes John Hickenlooper would win the Democratic primary.,sarcasm,0,0.9338834285736084,0.9389338493347168,-0.0050504207611083984,0.9400073289871216,0.09370905052462922,178.42022705078125,9,0.6428571428571429,0.08808719428557593
148,14 reasons Pharrell is a fashion icon? Can we have 14 reasons why not?,14 reasons pharrell is a fashion icon,rhetorical_question,0,0.9323318004608154,0.8966341614723206,0.03569763898849487,0.9598498940467834,0.07562380261607854,688.0687866210938,9,0.6428571428571429,0.07258749892845785
149,"Surging battery demand drives business to South America—yay, new colonies for the green revolution!",urging battery demand drives business to south america,sarcasm,0,0.9722475409507751,0.9554924368858337,0.016755104064941406,0.8618565797805786,0.2442008265943985,1346.5760498046875,9,0.6428571428571429,0.21046608918823848
150,Spring skiing in Vermont: just a little mud.,spring skiing in venerable,understatement,0,0.6048215627670288,0.5698881149291992,0.03493344783782959,0.7241500616073608,0.06250434473199146,17346.82421875,6,0.75,0.045262525088399334
151,breaking: friend who just got motorcycle already dead,A friend who just got a motorcycle is already dead.,overstatement,1,0.6518815755844116,0.7900533676147461,-0.13817179203033447,0.8657494783401489,0.2907153684841096,116.71711730957031,4,0.4,0.2516866786105821
152,nasa administrator announces he will open his body up to sexual tourism,A NASA administrator announced that he will open his body to sexual tourism.,satire,0,0.883902907371521,0.9217644929885864,-0.03786158561706543,0.9743224382400513,0.3438931217657843,155.97169494628906,6,0.46153846153846156,0.3350627848928218
153,stolen tour bus leads police on chase of historic downtown philadelphia,A stolen tour bus leads police on a chase in downtown Philadelphia.,satire,0,0.5236425995826721,0.6888043284416199,-0.16516172885894775,0.9595319628715515,0.44833867003844585,64.07688903808594,5,0.4166666666666667,0.4301952840932108
154,Preventing madmen from nukes: an innovative idea that's never been considered.,preventing madmen from nukes,sarcasm,0,0.9057600498199463,0.9460725784301758,-0.04031252861022949,0.9153109192848206,0.029524961852386813,216.3151092529297,9,0.8181818181818182,0.02702451997495743
155,"Jack Lew's imminent decision to honor Hamilton and a woman on bills shows how progressive America is, ignoring all other issues.",jack lew's imminent decision to honor hamilton and a woman on bills shows how progressive america is,satire,0,0.9599570631980896,0.9666447639465332,-0.0066877007484436035,0.9472194314002991,0.4453706917206019,539.791259765625,9,0.42857142857142855,0.4218637733739464
156,temp replaced with cheaper temp,The temp has been replaced with a cheaper temp.,irony,1,0.6716068387031555,0.7801350951194763,-0.1085282564163208,0.9050298929214478,0.06030725360407769,102.61408996582031,5,0.5555555555555556,0.054579867271685026
157,Trump fires campaign manager; shocker that it didn't happen sooner.,donald trump fires campaign manager,sarcasm,0,0.8180193305015564,0.9231444597244263,-0.10512512922286987,0.7697858810424805,0.0417991745584234,1134.9671630859375,9,0.9,0.03217641441430439
158,vacationing bush accepts republican nomination via live satellite feed,"President Bush, vacationing, accepts the Republican nomination via a live satellite feed.",sarcasm,0,0.9113295674324036,0.9436295628547668,-0.03229999542236328,0.9383107423782349,0.053863663688318665,191.86346435546875,7,0.5833333333333334,0.050540854262597856
159,"The iPhone Graveyard: where old phones go to die, and Apple introduces a new one.",the ipod graveyard: where old phones go to die,satire,1,0.9289078116416931,0.5447544455528259,0.3841533660888672,0.8532164096832275,0.22915018394588088,560.1531982421875,10,0.6666666666666666,0.19551469722455564
160,study finds having it all leading indicator that everything will come crashing down,A study finds that having it all is a leading indicator that everything will crash down.,irony,0,0.6257810592651367,0.6193348169326782,0.006446242332458496,0.7925311326980591,0.33649324423301513,104.9235610961914,7,0.4375,0.2666813719972361
161,"Ted Cruz champions states' rights on marijuana, proving once again that principles are flexible.",ted cruz says he's championing states' rights on marijuana,sarcasm,0,0.9525688290596008,0.941188633441925,0.011380195617675781,0.8330191373825073,0.06809538093398161,174.43936157226562,13,0.9285714285714286,0.056724755485358595
162,horatio sanz sweeps latin emmys,Horatio Sanz has dominated Latin emmys.,sarcasm,0,0.8505347371101379,0.8280392289161682,0.022495508193969727,0.9261142015457153,0.0,1411.7298583984375,6,1.0,0.0
163,"Iranian jail so welcoming, professor ends up hospitalized after months.","iran's jail is so welcoming, a professor ends up hospitalized after months",sarcasm,0,0.9648805856704712,0.9552363753318787,0.00964421033859253,0.9607619643211365,0.37700638045494705,354.9091796875,4,0.3333333333333333,0.36221339064749664
164,acid trip better planned than vacation,The acid trip is better planned than the vacation.,overstatement,0,0.6705572605133057,0.6730254292488098,-0.0024681687355041504,0.9608868360519409,0.14923729480049117,198.31268310546875,4,0.4444444444444444,0.14340015202179474
165,Trump sends fundraising email? The billionaire needs your spare change.,donald trump sends fundraising email to billionaire,sarcasm,0,0.8270114064216614,0.9622789621353149,-0.13526755571365356,0.8737835884094238,0.05035983350735684,520.954833984375,8,0.8,0.0440035960337594
166,Siri's new thing: because privacy is overrated.,siri's new thing,irony,0,0.9113420248031616,0.8438323140144348,0.0675097107887268,0.7380442023277283,0.029950417327249696,1133.190185546875,6,0.8571428571428571,0.022104731865672574
167,dog meets owner at door in desperate attempt to get ahead of diarrhea-rug scandal,A dog meets the owner at the door in an attempt to avoid the diarrhea-rug scandal.,satire,0,0.8147453665733337,0.8352894186973572,-0.020544052124023438,0.8949810862541199,0.0535802786369768,197.87619018554688,8,0.5,0.04795333597631991
168,u.s. improves infrastructure with transnational power strip,The U.S. has implemented a transnational power strip to improve infrastructure.,irony,0,0.9511323571205139,0.9620150923728943,-0.010882735252380371,0.945738673210144,0.09329460218997072,78.67027282714844,8,0.7272727272727273,0.08823231329281112
169,"Five reasons to love Bibhu Mohapatra: 1. He's a designer. 2. ... that's all, folks.",5 reasons to love bibhu mohapatra,sarcasm,1,0.5734926462173462,0.5496840476989746,0.023808598518371582,0.902256965637207,0.04508379481408805,560.1572265625,12,0.8,0.04067716790836953
170,"Beyoncé, me, and that HBCU I didn't attend. What a dream team.","beyoncé, me, and that hbcu i didn't attend",sarcasm,1,0.5048244595527649,0.8796900510787964,-0.3748655915260315,0.8741301894187927,0.08959792157948086,481.0040283203125,8,0.6666666666666666,0.07832024816180175
171,How a Broken Taillight Leads to Death: America's Justice System in Action,how a broken taillight leads to death,irony,1,0.6984197497367859,0.7063069939613342,-0.00788724422454834,0.6527680158615112,0.019229913610012243,67.71415710449219,10,0.8333333333333334,0.012552672552395963
172,"Legionnaires' disease kills seven and sickens 86 in NYC. But hey, at least it's not *everyone*.",'londonnaires' disease kills seven and sickens 86 in nyc,understatement,1,0.5558069944381714,0.508903980255127,0.046903014183044434,0.6649600863456726,0.33353374339709213,473.9940490722656,9,0.5625,0.2217866268085258
173,mom reports that hometown actually has a lot going on now,A mother reports that her hometown has a lot going on.,irony,0,0.886894941329956,0.6718170046806335,0.2150779366493225,0.8216626644134521,0.28997844147152074,77.92774200439453,6,0.5454545454545454,0.23826445884195002
174,The Weather Channel offers an escape from election drama. Because nothing says 'escape' like a hurricane warning.,the weather channel offers an escape from election drama,irony,0,0.9518454074859619,0.9782884120941162,-0.026443004608154297,0.8015846610069275,0.1834891231707335,923.403564453125,12,0.7058823529411765,0.14708206659527076
175,giant bass hates having picture taken,The giant bass dislikes having a picture taken.,irony,0,0.6039188504219055,0.7502111792564392,-0.1462923288345337,0.9220112562179565,0.06985342056580097,308.4468994140625,4,0.5,0.0644056400469954
176,One student transforms black identity for all high schoolers.,one student transforms black identity for all high schoolers,overstatement,0,0.8841116428375244,0.9105482697486877,-0.02643662691116333,0.9818180799484253,0.7259795291154771,701.8301391601562,2,0.2222222222222222,0.7127798273580197
177,These Sikh bhangra dancers will cure your winter blues. Nothing like energetic dancing to forget about snow.,these sikh bhangra dancers will cure your winter blues,irony,0,0.7427338361740112,0.6666900515556335,0.07604378461837769,0.9036068916320801,0.24148526666444137,1030.2607421875,11,0.6470588235294118,0.21820775118559982
178,Theory versus truth: the eternal battle where theory always wins in academia.,theory versus truth,irony,1,0.9402658343315125,0.6207258105278015,0.31954002380371094,0.6956334114074707,0.006727229448604617,1536.1883544921875,11,0.9166666666666666,0.004679685570653628
179,"Guardian cuts costs, because journalism is swimming in cash.",tuesday's sunday night's sunday night's sunday night's sunday night's sunday night's sunday night's sunday night's sunday night's sunday night's sunday's sunday's sunday's sunday's sunday's sunday's sunday's sunday's sunday's sunday's sunday's sunday's sunday's sunday's sunday's,sarcasm,1,0.9688337445259094,0.9590361714363098,0.00979757308959961,0.09364712983369827,0.0,2.725482940673828,34,1.0,0.0
180,37-year-old makes absolutely heartbreaking last-ditch effort to get really into new band,A 37-year-old is attempting to join a new band.,overstatement,1,0.831623375415802,0.5368093252182007,0.2948140501976013,0.7524603605270386,0.022613617379612153,21.651622772216797,10,0.8333333333333334,0.017015850686283467
181,"Fyre Festival co-founder has a history of failing his customers, which is barely worth mentioning.",fyre festival co-founder has a history of failing his customers,understatement,0,0.5645669102668762,0.726911723613739,-0.1623448133468628,0.8743066787719727,0.38753858253732953,168.53636169433594,8,0.5333333333333333,0.33882757099421057
182,man's heart stops as speaker asks audience to turn to person next to them,A man's heart stops as the speaker asks the audience to turn to a person next to them.,overstatement,0,0.6822103261947632,0.8269408345222473,-0.14473050832748413,0.9525853395462036,0.3552738958526932,45.269832611083984,5,0.2777777777777778,0.33842870471274034
183,flock of suicidal geese drinking up the courage to down jetliner,A flock of suicidal geese is drinking up the courage to down jetliner.,satire,0,0.9177761673927307,0.853032112121582,0.06474405527114868,0.9443442821502686,0.5783569866465142,398.6648254394531,3,0.23076923076923078,0.546168113381295
184,Still just a promise? Historic indeed.,it's still just a promise,sarcasm,1,0.793151319026947,0.8494754433631897,-0.056324124336242676,0.6924511194229126,0.09302577375697234,102.49604034423828,5,0.8333333333333334,0.0644158011731981
185,housing crisis vindicates guy who still lives with parents,A housing crisis has vindicated a man who still lives with his parents.,irony,0,0.9496471285820007,0.9645629525184631,-0.014915823936462402,0.8838964104652405,0.22997519112894443,39.0053825378418,7,0.5384615384615384,0.2032742459349316
186,CNN cuts ties with Kathy Griffin; because controversy is bad for ratings.,cnn cuts ties with jennifer graham,irony,0,0.8871446251869202,0.7710517048835754,0.11609292030334473,0.6008517146110535,0.0743306114738671,519.0017700195312,9,0.75,0.04466167535216109
187,"An argument between grandmas ends in a shootout at Walmart. Just your average Tuesday in Texas, promoting family values.",an argument between grandmas ends in a shootout at walmart,satire,0,0.9731689095497131,0.7899514436721802,0.18321746587753296,0.8022501468658447,0.30892613617413284,381.8614501953125,11,0.5789473684210527,0.247836038116396
188,kinko's patron pulls the old copy-key switcheroo,Kinko's patron removed the old copy-key switcheroo.,satire,0,0.536006510257721,0.5010959506034851,0.03491055965423584,0.9096353054046631,0.17567205239427922,203.13404846191406,3,0.42857142857142855,0.15979750103073415
189,Let's talk about solar power and equity? Because nothing says equal access like high-cost renewable energy.,let's talk about solar power and equity,sarcasm,0,0.689110279083252,0.7104099988937378,-0.02129971981048584,0.8550531268119812,0.16996005791513966,189.85853576660156,11,0.6875,0.1453248789534856
190,"Jeff Sessions mocks Pacific islands while a poet schools him on resistance – poetry vs. politics, who wins?",jeff sessions mocks the pacific islands while a poet teaches him on resistance,irony,0,0.520226240158081,0.9037889242172241,-0.38356268405914307,0.8847475051879883,0.19684738573361749,1964.597412109375,11,0.6111111111111112,0.17416023343059567
191,historic senator robert byrd imploded in controlled demolition,Senator Robert Byrd was imploded in a controlled demolition.,overstatement,0,0.8384920954704285,0.6842474341392517,0.15424466133117676,0.9697365760803223,0.056122223243057295,221.59518432617188,6,0.6666666666666666,0.05442377260973786
192,tinder announces app will no longer match users solely with distant relatives,tinder announces that the app will not match users with distant relatives.,satire,0,0.5894149541854858,0.7431394457817078,-0.15372449159622192,0.9370353817939758,0.0720416057641473,197.5723114013672,6,0.5,0.06750553356225886
193,How to become a person of influence: 1. Be born influential. 2. Done.,how to become a person of influence,understatement,1,0.8823680877685547,0.5089226365089417,0.37344545125961304,0.9138888120651245,0.260899397956404,48.49346160888672,8,0.6153846153846154,0.23843304086688422
194,local child amuses cafébut for how long?,A local child amuses a café for a long time.,understatement,0,0.8789495825767517,0.8880274295806885,-0.009077847003936768,0.8202050924301147,0.1122444464861146,176.00277709960938,6,0.6,0.0920634666049107
195,"Man claiming to be Boko Haram leader appears. A shocking development, truly unexpected and unprecedented.",man claiming to be boko haram leader appears,sarcasm,0,0.7912352681159973,0.8493431210517883,-0.058107852935791016,0.7977825403213501,0.06157969090353148,923.1266479492188,11,0.7333333333333333,0.04912720224122288
196,drunk guy knows all the lyrics to this song,A drunk man knows all the lyrics to this song.,understatement,0,0.5512444972991943,0.5530951619148254,-0.0018506646156311035,0.9165334105491638,0.537284965911771,69.70222473144531,3,0.3,0.4924396222439067
197,auto industry agrees to install brakes in suvs,The auto industry has agreed to install brakes in suvs.,sarcasm,0,0.9626680016517639,0.96893310546875,-0.006265103816986084,0.9701563715934753,0.31239399369202553,205.02688598632812,4,0.4,0.3030710234278505
198,A 17-year-old wins the first U.S. gold—because nothing beats youthful exuberance in a sport nobody watches.,17-year-old wins first u.s. gold,irony,0,0.9393777847290039,0.8405400514602661,0.09883773326873779,0.9206101894378662,0.01393275954392509,70.80091857910156,13,0.8125,0.012826640403125115
199,dean mentions he'd make a great secretary of health and human services,A dean stated that he would be a secretary of health and human services.,irony,0,0.9168856739997864,0.913083553314209,0.0038021206855773926,0.9318485260009766,0.2891784933232572,39.987022399902344,8,0.5714285714285714,0.26947055275446047
200,islamic fundamentalists condemn casual day,Islamic fundamentalists condemn a casual day.,satire,0,0.9440575838088989,0.9466574192047119,-0.0025998353958129883,0.9775780439376831,0.09554427922043669,1186.5621337890625,3,0.5,0.09340198958975032
201,pediatricians announce 2011 newborns are ugliest babies in 30 years,Pediatricians have announced that 2011 newborns are the ugliest babies in 30 years.,overstatement,0,0.9641368985176086,0.9641956090927124,-5.8710575103759766e-05,0.973923921585083,0.2796842457966537,47.482177734375,6,0.46153846153846156,0.2723911774718432
202,Trevor Noah skillfully highlights the profound wisdom in Republican conspiracy theories.,trevor noah highlights the wisdom of republican conspiracy theories,sarcasm,0,0.9427712559700012,0.9619082808494568,-0.019137024879455566,0.9443378448486328,0.04829027362797447,681.648193359375,7,0.6363636363636364,0.04560233292499218
203,The Norwegian curling team should win gold for their pants: fashion is more important than curling.,the norway curling team should win gold for their pants,overstatement,0,0.9473337531089783,0.7679448127746582,0.17938894033432007,0.9133541584014893,0.35065941041239285,689.6500854492188,9,0.5625,0.3202762306827735
204,"Invite customers to the boardroom, they'll love discussing quarterly reports.",invite your customers to the boardroom,irony,0,0.9570327401161194,0.8424499034881592,0.1145828366279602,0.6534603238105774,0.10373672493717558,77.45629119873047,8,0.8,0.06778783386849555
205,Rolling Stone reporter nostalgically recalls when her UVA rape story came crashing down— such a memorable moment.,rolling stone reporter recalls when her u.s. rape story came crashing down,sarcasm,0,0.8955707550048828,0.9347432255744934,-0.039172470569610596,0.7738867998123169,0.20899464921225164,375.9525451660156,9,0.5294117647058824,0.1617382002567672
206,taylor swift inspires 200 million fans to register to vote in tennessee,Taylor Swift inspires 200 million fans to vote in Tennessee.,overstatement,0,0.877531111240387,0.9221022129058838,-0.044571101665496826,0.9614232778549194,0.41602390756021224,346.5784606933594,5,0.4166666666666667,0.39997506887255124
207,report: middle class running dangerously low on things to be squeezed out of,A report indicates that the middle class is running dangerously low on things to be squeezed out of.,sarcasm,0,0.8351300954818726,0.7980725765228271,0.03705751895904541,0.9437695741653442,0.4877956849311217,43.574588775634766,7,0.3888888888888889,0.4603667258471371
208,"World to brace for endless Chinese market drama, yay.",world to brace for endless chinese market drama,sarcasm,0,0.9892362952232361,0.7335337400436401,0.25570255517959595,0.951505184173584,0.32260135189272865,1155.07763671875,4,0.4444444444444444,0.30695685874733797
209,nation admits it probably going to come out of this having learned completely wrong lessons,The nation admits it will come out of this after learning completely wrong lessons.,satire,0,0.5883761644363403,0.8406173586845398,-0.25224119424819946,0.8728916645050049,0.2668064899634279,202.11048889160156,7,0.4666666666666667,0.23289316112491443
210,shark attack claims life of some guy on tv,A shark attack claimed the life of a man on television.,understatement,0,0.6758068203926086,0.5776405930519104,0.09816622734069824,0.9145923852920532,0.059609942732681,30.740463256835938,6,0.5454545454545454,0.05451879971100541
211,"'star wars' gopro video 'shows' what it's like to be a jedi, if you think waving a stick around equals mastering the Force",A 'Star Wars' gopro video'shows' what it's like to be a Jedi,sarcasm,0,0.8954681754112244,0.7756001353263855,0.11986804008483887,0.8670703172683716,0.17338237089498157,68.80435180664062,17,0.7391304347826086,0.15033470734065416
212,"woman longs for caress of boyfriend's dry, cracked, bleeding hands","A woman seeks care of her boyfriend's dry, cracked and bleeding hands.",irony,0,0.5585372447967529,0.8741077184677124,-0.3155704736709595,0.7762319445610046,0.045293761707938834,165.6785888671875,8,0.6666666666666666,0.03515846472703613
213,"Abused dog sees rescuer for first time. Cute, I suppose.",abusing dog sees rescuer for first time,understatement,1,0.742672860622406,0.5341721773147583,0.2085006833076477,0.8659220337867737,0.4004970149398301,676.7094116210938,5,0.5,0.34679918970222956
214,"Exclusive: Former Congressman fired for misconduct—because politicians never do anything wrong, right?",exclusive: former congressman fired for misconduct,sarcasm,0,0.8324083089828491,0.7717368006706238,0.06067150831222534,0.8926891088485718,0.031760504460270234,754.2704467773438,10,0.8333333333333334,0.028352256423219722
215,Obamacare enrollees eagerly await the Supreme Court's life-or-death decision on their coverage.,obamacare enrollees eagerly await supreme court's life-or-death decision on coverage,overstatement,0,0.9313507080078125,0.8996842503547668,0.031666457653045654,0.9719207286834717,0.1438281117515229,95.93154907226562,6,0.5,0.13978952317870794
216,Brave adventurer embarks on a perilous journey to... cross a designated geopolitical boundary. The world holds its breath.,brave adventurer embarks on dangerous journey to cross a designated geopolitical boundary,overstatement,0,0.625032901763916,0.5840173363685608,0.041015565395355225,0.8978531360626221,0.19228435969514684,311.55792236328125,10,0.5555555555555556,0.17264311536808083
217,13 t-shirt slogans that might just mildly encourage a few passersby.,13 t-shirt slogans that might encourage a few passersby,understatement,1,0.7632067203521729,0.5484136343002319,0.21479308605194092,0.9716967940330505,0.4779995354275013,137.47018432617188,3,0.2727272727272727,0.46447061612419055
218,missing park ranger found in better-paying job,A missing park ranger was found in a better-paying job.,irony,0,0.912451446056366,0.8220974206924438,0.09035402536392212,0.9386448860168457,0.13747081017605653,61.61200714111328,4,0.4,0.12903627294834802
219,"The 10 most crushworthy leading women in YA, a list that absolutely won't ignore the 200 other amazing characters because they weren't love interests.",the 10 most crushworthy leading women in YA,satire,0,0.5660022497177124,0.6634811162948608,-0.09747886657714844,0.8206599950790405,0.09569649651041093,536.5169067382812,18,0.75,0.07853428635531524
220,male gaze falls on buffalo chicken bites,A male gaze reflects on buffalo chicken bites.,satire,0,0.7102116942405701,0.8246613144874573,-0.11444962024688721,0.8294939994812012,0.17286039232097053,1804.38720703125,3,0.375,0.14338665817821136
221,The amazing things that happened when I started yoga at 85—because nothing says 'ageless' like not dying during downward dog.,the amazing things that happened when i started yoga at 85,understatement,0,0.672003448009491,0.7946919798851013,-0.12268853187561035,0.7612840533256531,0.20704734310042092,221.98924255371094,12,0.6,0.15762184058579562
222,Ex-counterterrorism chief courageously labels Trump a 'coward' for firing Comey – from the safety of his desk.,ex-counterterrorism chief labels donald trump a 'coward' for firing comey,sarcasm,0,0.8758431673049927,0.877855658531189,-0.002012491226196289,0.923617959022522,0.14436497957551314,355.16143798828125,12,0.7058823529411765,0.13333808778986353
223,"Rubio's opponents finally remember his immigration stance, better late than never.",donald trubio's opponents remember his immigration stance,sarcasm,0,0.8331618309020996,0.8136124610900879,0.01954936981201172,0.6911904215812683,0.09920519151734605,1196.4793701171875,8,0.7272727272727273,0.06856967814792488
224,nicole richie's beautiful figure ruined by pregnancy,Nicole Richie's beautiful figure was ruined by her pregnancy.,sarcasm,0,0.8204811215400696,0.7857657670974731,0.034715354442596436,0.9526646733283997,0.07171781507224269,170.75653076171875,5,0.5555555555555556,0.06832302886762466
225,CC Sabathia opens up post-rehab—the world eagerly awaits his profound life lessons.,cc samantha samantha opens up after rehab,sarcasm,0,0.613433837890625,0.792513370513916,-0.17907953262329102,0.46871548891067505,0.03419615942951201,958.5550537109375,11,0.9166666666666666,0.016028269585871113
226,nasa designers release flirty new space skirt,NASA designers have released a flirty new space skirt.,satire,0,0.945600152015686,0.9540502429008484,-0.008450090885162354,0.9717541337013245,0.12753431387594827,388.5294494628906,5,0.5555555555555556,0.12393199669771492
227,"charles krauthammer has ashes spread over prosperous, liberated iraq",Charleskrauthammer has ashes spread over Iraq.,sarcasm,1,0.9039947986602783,0.5447569489479065,0.3592378497123718,0.8011835813522339,0.3081980909598119,336.06146240234375,5,0.5555555555555556,0.24692325028110362
228,cnn anchor interviews al jazeera anchor who interviewed libyan rebels,CNN anchor interviews an al jazeera anchor who interviewed Libyan rebels.,irony,0,0.9283446669578552,0.9285262823104858,-0.00018161535263061523,0.9835772514343262,0.40352786374639904,306.5902099609375,4,0.36363636363636365,0.39690082710084845
229,alpha-bits now available in serif font,Alpha-bits are now available in a serif font.,satire,0,0.5174557566642761,0.7119246125221252,-0.19446885585784912,0.9338891506195068,0.1477219991186121,108.71784973144531,4,0.5,0.1379559722846962
230,Trump turns FBI email news into a Clinton attack ad—because nothing says 'presidential' like petty politics.,donald trump turns fbi email news into a hillary clinton attack ad,sarcasm,0,0.9543355703353882,0.9583339095115662,-0.0039983391761779785,0.8713926076889038,0.16811508624309293,604.6087646484375,12,0.75,0.1464942433932137
231,Disturbing ad shows how Trump is teaching students to hate – because nothing fosters patriotism like division.,disturbing ad shows how trump is teaching students to hate,sarcasm,0,0.9640400409698486,0.9684896469116211,-0.004449605941772461,0.8384964466094971,0.260896969591056,171.91363525390625,9,0.5294117647058824,0.21876118193328647
232,"HuffPost seeks editors to make sure 'voices' are heard, preferably ones that don't contradict the owner's views.",huffpost seeks editors to make sure 'voices' are heard,satire,0,0.823032021522522,0.9054065346717834,-0.08237451314926147,0.9414082765579224,0.2984591070759932,117.85150146484375,10,0.5882352941176471,0.2809718736154272
233,hershey's unveils some new chocolate bullshit for you to cram into your fat maw,Hershey's unveils a new chocolate bullshit for you to cram into your fat maw.,sarcasm,0,0.868325412273407,0.8644276261329651,0.0038977861404418945,0.9943720698356628,0.6930977286178778,115.06094360351562,3,0.21428571428571427,0.6891970230041556
234,"Prince opens LGBTQ center on royal land—royalty embracing progress, how quaint.",prince opens lgbtq center on royal land,irony,0,0.969660758972168,0.9136954545974731,0.055965304374694824,0.9417303204536438,0.09920519151734605,2063.614990234375,7,0.6363636363636364,0.0934245367982954
235,john deere unveils new line of lawnmower sidecars,John Deere unveils a new line of lawnmower sidecars.,overstatement,0,0.9166204929351807,0.9107580184936523,0.00586247444152832,0.9672231674194336,0.3155984539112945,84.41231536865234,4,0.4444444444444444,0.3052541362247584
236,"You'll want to get inked after seeing this work, unless you have taste or common sense.",you'll want to get inked after seeing this work,sarcasm,1,0.9380906224250793,0.8480321168899536,0.09005850553512573,0.8996569514274597,0.33353374339709213,84.76496124267578,9,0.5625,0.3000659507828165
237,steve king vehemently denies comparing immigrants to people,Steve King vehemently denies comparing immigrants to people.,irony,0,0.7679939866065979,0.8305632472038269,-0.062569260597229,0.9835995435714722,0.5169731539571706,704.8948974609375,3,0.375,0.5084945582709774
238,dancing costumed midgets celebrate death of deng xiaoping,Danced midgets celebrate the death of Deng Xioping.,sarcasm,0,0.940534770488739,0.9377391338348389,0.0027956366539001465,0.8696026802062988,0.08307018474412793,717.7095947265625,5,0.625,0.07223805529872604
239,oddsmakers say oakland raiders a long shot to finish season,The oddsmakers say the Oakland raiders are a long shot to finish their season.,sarcasm,1,0.8246578574180603,0.8342394232749939,-0.009581565856933594,0.9404681921005249,0.3161487584488943,92.22048950195312,6,0.42857142857142855,0.2973278512932572
240,zuckerberg wishes old people would stop commenting on facebook,Zuckerberg wishes that old people would stop commenting on Facebook.,satire,0,0.8971776962280273,0.8865265846252441,0.010651111602783203,0.9808454513549805,0.537284965911771,109.55392456054688,3,0.3,0.5269935148959763
241,"A brilliant analysis linking climate change to a singer's preferences, truly groundbreaking science.",a brilliant analysis linking climate change to a singer's preferences,satire,0,0.9369795322418213,0.9456561207771301,-0.008676588535308838,0.9375193119049072,0.5629001206548859,563.260986328125,5,0.38461538461538464,0.5277297337875579
242,wistful kim jong-un stumbles onto childhood drawings he made of nuclear attacks on west,Kim Jong-un stumbled upon childhood drawings he made about nuclear attacks on the West.,irony,0,0.7213960289955139,0.8547958135604858,-0.13339978456497192,0.9562057852745056,0.25712008025141314,118.3291244506836,8,0.5714285714285714,0.2458597082466464
243,Because what the world needs is another podcast where robots discuss their butler problems.,what the world needs is a podcast where robots discuss their butler problems,satire,0,0.9542198777198792,0.8865273594856262,0.06769251823425293,0.8629533052444458,0.6207106843779346,218.92288208007812,3,0.21428571428571427,0.5356443366844806
244,"man returns to work after vacation with fresh, reenergized hatred for job","A man returned to work after a vacation with a fresh, reenergized hatred for his job.",sarcasm,0,0.898628294467926,0.849799394607544,0.04882889986038208,0.9412867426872253,0.25336549464486463,59.72400665283203,6,0.375,0.23848958116360228
245,rnc taps dennis hastert to lead new youth outreach program,The RNC has hired Ronald Hastert to lead a new youth outreach program.,sarcasm,0,0.7146499752998352,0.8752481937408447,-0.16059821844100952,0.8740653991699219,0.09669265690880861,82.08160400390625,8,0.6153846153846154,0.0845157057577981
246,open-minded voter waits almost 5 minutes into debate to decide who won,An open-minded voter waits almost five minutes after the debate to decide who won.,sarcasm,0,0.9504380226135254,0.9410275816917419,0.009410440921783447,0.9600995779037476,0.3661926362999429,67.81501007080078,5,0.35714285714285715,0.35158139554303575
247,creepy weirdo still stalking you on facebook,A creepy weirdo continues to stalk you on Facebook.,sarcasm,0,0.5289686322212219,0.5348590612411499,-0.0058904290199279785,0.894858181476593,0.07171781507224269,95.96150970458984,5,0.5555555555555556,0.06417727357502169
248,friend takes liberty of ordering $40 worth of appetizers for entire table,A friend ordered $40 worth of appetizers for the entire table.,sarcasm,1,0.5026073455810547,0.7019174098968506,-0.1993100643157959,0.9144378900527954,0.34846944887433073,56.85398483276367,7,0.5833333333333334,0.3186536675765035
249,"'chapter 1: clark,' reports awful manuscript",'Chapter 1: Clark' reports an awful manuscript.,satire,1,0.7580580115318298,0.7390378713607788,0.019020140171051025,0.9634729027748108,0.043472087194499145,1838.7135009765625,4,0.5714285714285714,0.04188417803896377
250,adorable 23-year-old yelling about economic injustice must have just read howard zinn for first time,A 23-year-old yelling about economic injustice must have read Howard Zinn for the first time.,sarcasm,0,0.9123989939689636,0.9024268388748169,0.009972155094146729,0.9320093393325806,0.4374811431224644,51.59113311767578,6,0.4,0.40773651117203014
251,jennifer aniston finally reveals hairstyle that repulsed brad pitt,Jennifer Ianston reveals a hairstyle that retracted Brad Pitt.,satire,0,0.5917742252349854,0.7680657505989075,-0.17629152536392212,0.7308869361877441,0.056122223243057295,1790.5732421875,7,0.7777777777777778,0.04101899979816275
252,TPP: perfectly clear and not controversial at all.,tpp: 'i'm not a big fan of tp',sarcasm,1,0.6648604273796082,0.5213204026222229,0.14354002475738525,0.6561099886894226,0.02777619034011792,44.90870666503906,8,1.0,0.018224235929890018
253,Mike Pence left out in the cold – guess he didn't convert the VIPs.,mike pence left out in the cold,sarcasm,1,0.7044609189033508,0.8592121601104736,-0.1547512412071228,0.7281583547592163,0.22616792214653433,215.7679901123047,9,0.6428571428571429,0.16468606208953096
254,Apple slightly encourages wearable tech with a minor product update,apple encourages wearable tech with a minor product update,understatement,0,0.9608911871910095,0.9658180475234985,-0.004926860332489014,0.9838640689849854,0.7725505949016372,687.4483032226562,2,0.2,0.7600847717966959
255,"Google's expansion in Boulder has its critics? Shocking, a tech giant facing opposition—truly unprecedented.",google's expansion in birmingham has its critics,sarcasm,0,0.8985661268234253,0.7835947275161743,0.11497139930725098,0.6609474420547485,0.036341947221237444,462.0426940917969,10,0.7142857142857143,0.024020117055165567
256,"'someone in this room tonight will be murdered by an illegal immigrant,' announces trump just before lights go out",Trump announced that some people in this room tonight will be murdered by an illegal immigrant.,sarcasm,0,0.5970970392227173,0.7499672770500183,-0.15287023782730103,0.8746016025543213,0.4831775655560242,65.97266387939453,13,0.6842105263157895,0.4225878731535944
257,"$85,000 in fertility treatments result in miracle","$85,000 in fertility treatments results in a miracle.",overstatement,0,0.9793638586997986,0.97867351770401,0.0006903409957885742,0.9681355357170105,0.3655552228545123,172.6997528076172,3,0.375,0.35390700151240445
258,How my obsession with gore and death actually makes my life better – who needs happiness when you have morbidity?,how my obsession with gore and death actually makes my life better,irony,0,0.5944552421569824,0.9721036553382874,-0.37764841318130493,0.8656145930290222,0.4639247374454443,104.07075500488281,9,0.45,0.40158002279993427
259,poll: majority of americans ready to give up on u.s. if someone else goes first,A poll indicates that most Americans are ready to give up on the U.S. if someone else goes first.,irony,0,0.5734749436378479,0.5349439978599548,0.038530945777893066,0.9434407949447632,0.3174747571129314,22.2572078704834,10,0.5263157894736842,0.2995186372255196
260,Groundbreaking queer comedy is back? Because we needed more groundbreaking content.,groundbreaking queer comedy is back,satire,0,0.8883519768714905,0.920758068561554,-0.03240609169006348,0.8398110866546631,0.08606445183091939,1775.9757080078125,8,0.7272727272727273,0.07227788081446232
261,area man absolutely determined to use wheelbarrow this weekend,A local man is determined to use Wheelbarrow this weekend.,overstatement,0,0.6838618516921997,0.6574018597602844,0.026459991931915283,0.8916686773300171,0.1186840521952098,94.61180877685547,5,0.5,0.10582685184106944
262,plan to live in storage facility voiced,A plan to live in a storage facility has been endorsed.,understatement,0,0.5947443842887878,0.8931872248649597,-0.2984428405761719,0.6861960887908936,0.2790159393585827,65.01228332519531,5,0.45454545454545453,0.1914596462981766
263,"Oh, Bobby Berk's desk makeover was 'incredible'—now my office looks like a Pinterest fail.",bobby berk's desk makeover was 'incredible',sarcasm,0,0.9537360072135925,0.9317742586135864,0.021961748600006104,0.7856180667877197,0.05326021045512112,487.2458801269531,11,0.7857142857142857,0.04184218357445935
264,Jenner calls out Kimmel for jokes—because nothing says 'respect' like suing for comedy.,jenner calls out kimmel for'respect' jokes,sarcasm,0,0.9186180830001831,0.8815127015113831,0.03710538148880005,0.8989064693450928,0.026884686598925595,2017.3441162109375,11,0.8461538461538461,0.024166818710089535
265,Boy George opens up about happiness and U.S. politics—because we all need his political analysis.,boy george opens up about happiness and u.s. politics,satire,0,0.9573367834091187,0.9456467032432556,0.011690080165863037,0.9111685156822205,0.22915018394588088,221.66989135742188,10,0.6666666666666666,0.20879443297427608
266,"india continues surge towards status as first world nation by reelecting racist, right-wing authoritarian","India continues to rise towards its status as the first world nation by reelectioning a racist, right-wing authoritarian group.",sarcasm,0,0.9745535254478455,0.9639031291007996,0.010650396347045898,0.8764854669570923,0.21479172459878046,96.99767303466797,8,0.42105263157894735,0.18826182503348127
267,high-school teacher constantly using janitor as example,A high-school teacher uses janitor as an example.,sarcasm,0,0.8988562226295471,0.8845244646072388,0.01433175802230835,0.8715724349021912,0.08307018474412793,93.86962127685547,5,0.625,0.07240168318521444
268,Oxford's Word of the Year gently whispers what we're all screaming inside.,oxford's word of the year whispers what we're all screaming inside,satire,1,0.5538710355758667,0.5238006114959717,0.03007042407989502,0.9600867033004761,0.36846158142668817,393.4888916015625,5,0.4166666666666667,0.35375506500482895
269,dad's been on a parenting kick lately,A father has been on a parenting kick lately.,sarcasm,0,0.9544214606285095,0.9456403255462646,0.008781135082244873,0.9145394563674927,0.44632361378533286,107.12168884277344,4,0.4444444444444444,0.40818055511521306
270,Clinton celebrates flag removal on MLK Day: nothing says 'civil rights' like symbolic gestures.,hillary clinton celebrates flag removal on mlk day,irony,0,0.9554504156112671,0.9402232766151428,0.015227138996124268,0.831829309463501,0.16330693525223242,1277.163818359375,11,0.7857142857142857,0.13584349518146516
271,"Boy calls 911 to ask deputies over for family's Thanksgiving dinner – just a casual family invitation, no emergency here.",boy calls 911 to ask deputies over for family's christmas dinner,understatement,0,0.5841665863990784,0.7658814191818237,-0.18171483278274536,0.8733663558959961,0.3083914342850404,467.0036315917969,11,0.55,0.2693387031510653
272,cubans: new dictator doing it all wrong,Cubans say a new dictator is doing it wrong.,sarcasm,0,0.9262682795524597,0.899814784526825,0.026453495025634766,0.9215584993362427,0.07171781507224269,94.75749969482422,6,0.6666666666666666,0.06609216203365013
273,"This is what Super Mario looks like without hair, and people are freaked out: because virtual mustaches are sacred.","this is what super morgan looks like without hair, and people are freaked out",sarcasm,0,0.7549288868904114,0.509178102016449,0.2457507848739624,0.4719804525375366,0.3933564796025972,89.2484130859375,9,0.47368421052631576,0.1856565692514061
274,Seth Meyers' not-so-subtle message to Trump: as subtle as a neon sign.,seth meyers' not-so-subtle message to donald trump,overstatement,0,0.6904665231704712,0.8058815002441406,-0.11541497707366943,0.8619351983070374,0.08003089005192225,139.03341674804688,9,0.75,0.06898144108759231
275,area man nostalgic for time when ads targeting him not as sad,An area man is nostalgic for the time when ads targeting him are not as sad.,irony,0,0.8529890179634094,0.9553210139274597,-0.10233199596405029,0.9673033356666565,0.32069326294908396,178.05078125,5,0.3125,0.3102076629764731
276,"Torture report: America's moral reckoning. Next, moral repair? Good luck with that.",torture report: america's moral reckoning,sarcasm,0,0.9491397142410278,0.9262955188751221,0.02284419536590576,0.8655661344528198,0.015756142963855618,499.7945861816406,10,0.8333333333333334,0.013637983759110503
277,content writer awkwardly shows parents around website where he works,A content writer shows parents around the website where he works.,satire,0,0.9177053570747375,0.9549248218536377,-0.037219464778900146,0.8449957370758057,0.17827531042796255,290.70025634765625,4,0.36363636363636365,0.15064187733749426
278,new 'cut off your genitals' challenge gains popularity among teens online,The new 'cut off your genitals' challenge has gained popularity among teens online.,satire,0,0.9312966465950012,0.9415483474731445,-0.01025170087814331,0.9688220024108887,0.48442732379638637,123.31312561035156,4,0.3076923076923077,0.469323849862963
279,Why I couldn't let breastfeeding go: my child was clearly developing superpowers from that milk.,why i couldn't let breastfeeding go,overstatement,1,0.5400895476341248,0.8511361479759216,-0.3110466003417969,0.7373796701431274,0.04508379481408805,397.18157958984375,12,0.8,0.033243873748812686
280,Thousands of pigs rescued from floods. Now they can live to be bacon another day.,thousands of pigs rescued from floods,understatement,0,0.5613493919372559,0.6713806390762329,-0.11003124713897705,0.7729427814483643,0.11337974147240094,625.33544921875,11,0.7333333333333333,0.08763605273357404
281,"Sookie's fault? Shockingly, Bon Temps blames the vampire.",sookie's fault,sarcasm,1,0.7021130323410034,0.5515894293785095,0.1505236029624939,0.7611414194107056,0.0,3978.989013671875,8,1.0,0.0
282,mitt romney soars in polls after leaving country,Mitt Romney soars in the polls after leaving the country.,sarcasm,0,0.8949835896492004,0.9245842695236206,-0.029600679874420166,0.9277287125587463,0.13134549472120793,50.496177673339844,5,0.5,0.12185298671809786
283,NFL's genius solution to a self-made problem.,the nfl's genius solution to a self-made problem,irony,0,0.9519887566566467,0.9706732630729675,-0.0186845064163208,0.9869410395622253,0.5169731539571706,222.8526611328125,3,0.375,0.5102220219922523
284,"pakistani boy, u.s. drone form unlikely friendship",A Pakistani boy and U.S. drone formed an unlikely friendship.,irony,0,0.766986608505249,0.810701310634613,-0.043714702129364014,0.9522004723548889,0.025098621243978974,71.76996612548828,8,0.8,0.02389891900397323
285,"Another day, another delightful batch of Clinton emails to endlessly pore over","another day, another delightful batch of clinton emails",sarcasm,0,0.9080986976623535,0.9699276089668274,-0.06182891130447388,0.9497774243354797,0.3281829856080946,763.67919921875,6,0.5,0.3117007907815839
286,facebook vows not to hand over users' medical records to government,Facebook pledges not to hand over users' medical records to the government.,irony,0,0.7767124772071838,0.7705263495445251,0.006186127662658691,0.9066689610481262,0.6132297420585351,34.78173065185547,4,0.3333333333333333,0.5559963731160225
287,"J Balvin, Nicky Jam say they changed the notion that reggaetón is misogynist – yes, because lyrics about women are suddenly feminist now.",j balvin and nicky jam say they changed the notion that reggaetón is misogynist,sarcasm,0,0.9420204162597656,0.7944413423538208,0.14757907390594482,0.9117704629898071,0.3131805677697861,672.8325805664062,15,0.6521739130434783,0.28554879127486854
288,hospital comforts patients with new therapy oyster program,The hospital offers a new therapy oyster program for patients.,irony,0,0.9513089656829834,0.9196950793266296,0.03161388635635376,0.8917006850242615,0.2777619034011791,342.0668640136719,6,0.6,0.24768047953647418
289,man actually shouting at other man to get jennifer aniston romantic comedy made,A man shouted at another man to make a romantic comedy.,sarcasm,0,0.9265820980072021,0.9496444463729858,-0.02306234836578369,0.670283854007721,0.04179252131328987,99.8831558227539,9,0.6923076923076923,0.028012852254571754
290,monocle-wearing oil baron's cigarette holder splinters in clenched teeth after hearing bernie sanders' environmental platform,A monocle-wearing oil baron's cigarette holder splinters in clenched teeth after hearing Beernie Sanders' environmental platform.,satire,0,0.8568403124809265,0.8510312438011169,0.00580906867980957,0.9080791473388672,0.6668954865619205,263.3360595703125,4,0.25,0.6055938848012877
291,Will Ferrell's break-in: charity never looked so criminal.,will ferrell's break-in: charity,satire,0,0.8244521617889404,0.5060303211212158,0.3184218406677246,0.8498337268829346,0.06250434473199146,931.439697265625,6,0.75,0.05311830022996402
292,liberal activists encourage citizens to call their late-night hosts and urge them to oppose tax plan,Liberal activists encourage citizens to call their late-night hosts and urge them to oppose a tax plan.,satire,0,0.9673817157745361,0.9704080820083618,-0.0030263662338256836,0.9868541359901428,0.7541859578343534,68.6554946899414,3,0.17647058823529413,0.7442715317945191
293,Step 1: Pretend it didn't happen. Step 2: Repeat step 1.,step 1: pretend it didn't happen,irony,0,0.7106114625930786,0.5360260605812073,0.17458540201187134,0.8932090997695923,0.04461976764484762,59.140586853027344,8,0.7272727272727273,0.03985478248998272
294,personal assistant called after scary dream,A personal assistant is called after a scary dream.,sarcasm,0,0.7200285792350769,0.6331709027290344,0.08685767650604248,0.9370152950286865,0.07583235673413397,169.2605438232422,4,0.4444444444444444,0.07105607811795514
295,California police chief lashes out at DHS – because cooperation is overrated.,california police chief lashes out at dhs,sarcasm,0,0.9251576662063599,0.8744447827339172,0.05071288347244263,0.8439370393753052,0.30096441267171586,341.6062316894531,7,0.5833333333333334,0.25399501538749547
296,pope asks to be taken off list of world's 100 richest people,The Pope asks to be removed from the list of the world's 100 richest people.,irony,0,0.6868805289268494,0.7041281461715698,-0.01724761724472046,0.9328889846801758,0.1250076305588977,21.42084312438965,7,0.4666666666666667,0.11661824154936458
297,"Oh, a MOOC by another name? How revolutionary—we're all just lining up for more online education.","oh, a mosoc by another name?",sarcasm,1,0.9875139594078064,0.7900490164756775,0.1974649429321289,0.4023745656013489,0.04100839150535408,284.1758728027344,12,0.75,0.016500733717976893
298,blood-spattered sarah huckabee sanders holds up huge dismembered penis to prove presidential member completely normal,Sarah Huckabee Sanders holds a large dismembered penis to prove a presidential member is normal.,satire,0,0.9165270328521729,0.9621435403823853,-0.0456165075302124,0.9240618944168091,0.20333448190047881,222.87413024902344,9,0.6,0.18789364654521684
299,One year since Harambe? The internet's grief is as fresh as ever. Literally.,one year since harambe,overstatement,1,0.6707864999771118,0.8146883249282837,-0.14390182495117188,0.8008009195327759,0.017907794590318507,1161.8421630859375,11,0.8461538461538461,0.01434057837473113
300,"China as a superpower: everyone's just fine with that, no concerns at all.",china as a superpower,understatement,0,0.8353158831596375,0.7555633187294006,0.07975256443023682,0.7995295524597168,0.017907794590318507,470.3049621582031,11,0.8461538461538461,0.014317810994337894
301,ai scientists theorize existence of numbers greater than 1,Ai scientists are theorizing the existence of numbers greater than 1.,irony,0,0.6963810920715332,0.8388953804969788,-0.14251428842544556,0.9624584317207336,0.3672056269893592,86.86829376220703,5,0.45454545454545453,0.35342015187120734
302,waitress creeped out by overtipper,A waitress is slammed by an overtipper.,irony,0,0.6064720749855042,0.7258261442184448,-0.11935406923294067,0.7822563648223877,0.039281465090051315,1215.9547119140625,5,0.7142857142857143,0.03072817608624107
303,name of gay bar should have been clearer,The name of a gay bar should have been clearer.,sarcasm,0,0.6648576855659485,0.5316401720046997,0.13321751356124878,0.9676809310913086,0.4518010018049224,84.4366683959961,3,0.3,0.4371992140945733
304,"City's brilliant plan: free pot for the poor, what could go wrong?",the city's brilliant plan for a free pot for the poor,irony,0,0.7510290741920471,0.9774561524391174,-0.2264270782470703,0.9377797245979309,0.22652581507881553,139.95419311523438,10,0.8333333333333334,0.21243131647893346
305,russia's power shut off,Russia's power has been shut off.,sarcasm,0,0.8608365654945374,0.7279934883117676,0.13284307718276978,0.9003486633300781,0.048549177170732344,48.96636199951172,4,0.6666666666666666,0.04371118677144401
306,Sen. Mike Lee says Trump is 'fully cooperating.' Because nothing says cooperation like constant stonewalling.,sen. mike lee: donald trump is 'fully cooperating',sarcasm,0,0.7771984338760376,0.8098122477531433,-0.03261381387710571,0.8390573263168335,0.024486262831050605,267.0708312988281,13,0.8666666666666667,0.020545378222512577
307,"Writing life: all hugs, peace, and pray—no deadlines, rejections, or existential dread here!","writing life: all hugs, peace, and pray",sarcasm,1,0.7983682751655579,0.5881213545799255,0.21024692058563232,0.8689477443695068,0.260899397956404,345.534423828125,8,0.6153846153846154,0.22670794336157957
308,"A heartfelt letter to the mother of a woman killed by Nazis, how quaint",a heartfelt letter to the mother of a woman killed by nazis,sarcasm,1,0.9229083061218262,0.6749179363250732,0.24799036979675293,0.97047358751297,0.6831579242909531,43.12894058227539,4,0.2857142857142857,0.6629867216245552
309,A parody so accurate it predicts the next four years of presidential comedy.,a parody that predicts the next four years of presidential comedy,overstatement,0,0.9093893766403198,0.9014533758163452,0.00793600082397461,0.9461535811424255,0.4919533018641347,267.23681640625,5,0.38461538461538464,0.46546337831359175
310,gina haspel nervously rubs lucky prisoner's foot during cia director confirmation hearing,Gina Haspel touched a lucky prisoner's foot during the FBI confirmation hearing.,satire,0,0.8966692686080933,0.6433103084564209,0.25335896015167236,0.868914783000946,0.22416933501922293,269.94158935546875,7,0.5833333333333334,0.19478404909369446
311,ice cream man hopes scott joplin is in hell,An Ice Cream man hopes Scott Joplin is in hell.,overstatement,0,0.6775524020195007,0.6115830540657043,0.06596934795379639,0.9768604040145874,0.06311969078225892,271.84039306640625,6,0.6,0.06165912663883327
312,A few vaguely helpful pointers that will definitely transform your gym experience from mediocre to slightly less mediocre.,a few helpful points that will transform your gym experience from mediocre to slightly less mediocre,understatement,1,0.5775066614151001,0.7950137853622437,-0.21750712394714355,0.9453091621398926,0.5110946329024199,189.48744201660156,5,0.2777777777777778,0.4831424392031825
313,Unpopular opinion: The SAT is great—said no student ever.,unpopular opinion: the sat is great,satire,0,0.7884487509727478,0.761055588722229,0.0273931622505188,0.895567774772644,0.02944656445786981,1243.9969482421875,7,0.7777777777777778,0.026371394206233696
314,woman getting stood up on first date got all drunk for nothing,A woman getting stood up on her first date was drunk for nothing.,sarcasm,0,0.8711506724357605,0.7276159524917603,0.14353471994400024,0.9429246783256531,0.3706866381788037,128.14523315429688,5,0.38461538461538464,0.3495295790643662
315,10 grandma lessons that will transform your existence.,10 lessons for your grandma,overstatement,1,0.5892491340637207,0.7149674892425537,-0.125718355178833,0.7703617215156555,0.04170066658050768,1626.135986328125,5,0.625,0.03212459729531026
316,"Video: #ICantBreathe poem on House floor – because words change everything, right?",video: #intonbreathe poem on house floor,rhetorical_question,1,0.6687521934509277,0.7889918088912964,-0.12023961544036865,0.7192617654800415,0.0351487760467425,1082.44384765625,9,0.75,0.0252811707138426
317,"On Memorial Day, a look inside the lives of U.S. service members in Afghanistan? Perfect way to honor with pretty pictures.","on memorial day, a look inside the lives of u.s. service members in afghanistan",sarcasm,1,0.9063886404037476,0.7062904238700867,0.2000982165336609,0.864655077457428,0.27011542251318155,79.95225524902344,12,0.5714285714285714,0.23355667157558088
318,"This group wants to build a giant barrier to pull trash from the Pacific – because walls keep things out, right?",this group wants to build a giant barrier to pull trash from the pacific,irony,0,0.9231059551239014,0.9203484654426575,0.0027574896812438965,0.8986356258392334,0.5086224662774713,109.83674621582031,9,0.42857142857142855,0.4570662682991498
319,home-brewing phase comes to long-overdue conclusion,The home-brewing phase has reached a long-overdue conclusion.,understatement,0,0.7288311123847961,0.5045290589332581,0.22430205345153809,0.8947103023529053,0.06500593260343691,30.497770309448242,5,0.625,0.05816147761435363
320,Labels that guilt-trip you about lunch? What could go wrong?,labels that guilt-trip you about lunch,understatement,0,0.9557068347930908,0.8845832347869873,0.07112360000610352,0.9289042949676514,0.2608840516436559,499.810791015625,6,0.6,0.24233631606035455
321,"Lincoln Chafee's poll numbers: zero supporters, a true crowd-pleaser.",lincoln chafee's poll numbers: zero supporters,sarcasm,0,0.8006708025932312,0.56376713514328,0.23690366744995117,0.9653592109680176,0.1225504602011117,1072.427734375,6,0.6666666666666666,0.11830521556351263
322,kissinger instructs palin on finer points of clandestine carpet bombing,A kissinger instructs Matt Palin on the finer points of a clandestine carpet bombing.,satire,0,0.9472099542617798,0.9470571279525757,0.00015282630920410156,0.9161655902862549,0.10743014571163138,267.41949462890625,6,0.42857142857142855,0.09842380286043514
323,mcdonnell-douglas unveils new 'gay-dar',McDonald-Douglas unveils a new 'Gay-Dar'.,satire,0,0.8591755032539368,0.8280370831489563,0.03113842010498047,0.7522637248039246,0.06389431042462725,358.581298828125,3,0.6,0.04806537195380832
324,congress spotted leaving gay nightclub,Congress is seen leaving a gay nightclub.,sarcasm,0,0.8933679461479187,0.8533889651298523,0.039978981018066406,0.952518105506897,0.039281465090051315,203.91519165039062,5,0.7142857142857143,0.03741630670911099
325,lucky dead student gets own page in yearbook,A lucky deceased student has a page in the yearbook.,irony,0,0.904494047164917,0.62751305103302,0.276980996131897,0.8656595945358276,0.05307712171072445,228.19773864746094,6,0.6,0.045946719659234504
326,button-up shirt goes on life-changing odyssey around dry cleaner's garment conveyor,A button-up shirt is worn around a dry cleaner's garment conveyor.,overstatement,0,0.608473002910614,0.7458840608596802,-0.13741105794906616,0.8635103702545166,0.12278260149096115,202.9046173095703,7,0.6363636363636364,0.10602404967427263
327,new report finds u.s. employees most engaged at workplace while working as frontman of styx,A report finds that U.S. employees are most engaged at the workplace while working as the frontman of Tyx.,irony,0,0.936779260635376,0.9390996098518372,-0.0023203492164611816,0.749605119228363,0.2281399713503153,120.75199890136719,7,0.3684210526315789,0.17101489042480844
328,"An extra couple million? Clearly, the court system is barely acknowledging his immense financial burden.",an extra couple million for the court system,overstatement,0,0.5809205770492554,0.8512826561927795,-0.27036207914352417,0.8303751945495605,0.0720589322653391,512.8265991210938,10,0.6666666666666666,0.059835949898864565
329,"Demi Lovato absolutely slays Adele's 'Hello', a cover for the ages!",demi lovato slays adele's 'hello',overstatement,1,0.9556741714477539,0.7849414944648743,0.17073267698287964,0.8830327391624451,0.016182712188007015,665.7750244140625,10,0.9090909090909091,0.014289864670453319
330,signed 8x10 of tony danza draws millions to brooklyn dry cleaner,A signed 8x10 of Tony Danza draws millions to a Brooklyn dry cleaner.,overstatement,0,0.7975524663925171,0.7279919981956482,0.0695604681968689,0.9603211283683777,0.13440569963077395,347.1025695800781,6,0.46153846153846156,0.1290726331285661
331,report: average person spends 27% of lifetime in the way,A report indicates that a person spends 27% of their life in the way.,understatement,0,0.7189667820930481,0.7089924216270447,0.009974360466003418,0.8804099559783936,0.21142141714303078,68.29381561279297,8,0.5714285714285714,0.1861375205597853
332,Women tech writers abused online; internet remains a safe space for all.,women tech writers abused online,sarcasm,0,0.9355053305625916,0.9026734828948975,0.03283184766769409,0.885959267616272,0.06557378107648686,7787.85302734375,9,0.75,0.05809569905735405
333,"abortion issue 'most critical of our time,' say tobacco-industry executives","An abortion issue is considered the most critical issue of our time, according to tobacco-industry executives.",satire,0,0.8486548662185669,0.9175578951835632,-0.06890302896499634,0.882037878036499,0.04071220775553065,31.694801330566406,10,0.625,0.035909709338869354
334,Your credit card limit affects your job prospects? Totally fair and not weird at all.,your credit card limit affects your job prospects,sarcasm,1,0.906724214553833,0.5529083609580994,0.35381585359573364,0.8807395696640015,0.2836224688412052,208.3377227783203,9,0.6,0.24979753115424472
335,Trump's adviser wants to cut NASA's climate funding? Because climate science is a liberal hoax.,donald trump's adviser wants to cut nasa's climate funding,sarcasm,0,0.9452441334724426,0.9360817670822144,0.009162366390228271,0.8513800501823425,0.16203364897827707,345.9734802246094,11,0.7333333333333333,0.1379522161983536
336,report: tv teens 15 times more likely to crack wise than real teens,A report indicates that TV teens are 15 times more likely to crack wise than real teens.,overstatement,0,0.7918684482574463,0.765964686870575,0.025903761386871338,0.9658626317977905,0.4924790605054523,99.52368927001953,7,0.4117647058823529,0.4756671214850995
337,convention crowd really hoping bill clinton breaks tension with joke about how terrible he looks,The convention crowd is really hoping Bill Clinton breaks the tension with a joke about his appearance.,sarcasm,0,0.953717052936554,0.951033353805542,0.002683699131011963,0.9288673400878906,0.05010471261535355,198.2456512451172,10,0.5882352941176471,0.04654063113289163
338,"Oh great, another VA scandal update—because we weren't already impressed with their efficiency.",another vla scandal update,sarcasm,0,0.98609459400177,0.754368782043457,0.231725811958313,0.5193819999694824,0.010070292941156274,43669.796875,11,0.8461538461538461,0.005230328888056307
339,Bernie Sanders to discuss gun law with parents of Aurora shooting victim? What could possibly go wrong?,bernie sanders to discuss gun law with parents of aurora shooting victim,rhetorical_question,0,0.9386240243911743,0.827682614326477,0.11094141006469727,0.9314953088760376,0.35148570265958,572.5286865234375,9,0.5294117647058824,0.3274072831643966
340,US considers more war in Yemen: spreading democracy one bomb at a time.,u.s. considers more war in yemen,irony,0,0.9207636713981628,0.7462258338928223,0.17453783750534058,0.8260486125946045,0.1582341759519314,543.476806640625,9,0.6923076923076923,0.13070912151014347
341,man discovers huge cache of rare fossils while walking through natural history museum,A man discovers a large cache of rare fossils while walking through a natural history museum.,irony,0,0.707375168800354,0.8449277877807617,-0.13755261898040771,0.9750021696090698,0.4480304273880272,43.84940719604492,5,0.3125,0.4368306387542053
342,george jefferson honored for black television history month,George Jefferson was honored for Black Television History Month.,satire,0,0.7381895184516907,0.7766380310058594,-0.0384485125541687,0.9716048240661621,0.050712153369465586,355.6099853515625,7,0.7777777777777778,0.04927217285255584
343,oscars committee announces plan to shorten ceremony to single-millisecond flash of blinding white light,The Oscars Committee announced a plan to shorten the ceremony to a single-millisecond flash of blinding white light.,overstatement,0,0.7917378544807434,0.9078003168106079,-0.1160624623298645,0.9542964100837708,0.2955043237121875,55.42315673828125,8,0.4444444444444444,0.28199871528277304
344,"Britain welcomes ex-president of Maldives with open arms, solving all their problems.",british welcomes ex-president of maldives with open arms,satire,0,0.9781784415245056,0.939056932926178,0.03912150859832764,0.8326079845428467,0.1048451277926229,151.6588592529297,7,0.5833333333333334,0.08729489054055295
345,Renaming a building: the simple fix for centuries of racism.,renaming a building,understatement,0,0.9679843783378601,0.6593630313873291,0.308621346950531,0.6806337833404541,0.011018142789200103,1294.4208984375,9,0.9,0.007499320211998609
346,'Roots' remake to air Memorial Day weekend. Because what better way to honor veterans than with slavery?,'roots' remake to air memorial day weekend,sarcasm,0,0.8383665680885315,0.6078240871429443,0.23054248094558716,0.6667033433914185,0.03917845473183808,4341.79150390625,14,0.8235294117647058,0.026120406758625786
347,"5 ways to obsess over your running stats, because who needs hobbies?",5 ways to obsess over your running stats,sarcasm,0,0.5491116642951965,0.8704087734222412,-0.3212971091270447,0.8468656539916992,0.510029457493824,173.8663787841797,5,0.4166666666666667,0.4319264300755388
348,Drawing your face over and over: a journey to artistic genius or mental breakdown?,drawing your face over and over,rhetorical_question,1,0.9329885244369507,0.6915584206581116,0.2414301037788391,0.7886543273925781,0.13394233819643575,62.272342681884766,10,0.7142857142857143,0.10563420463969926
349,kavanaugh starting to get worried about not hearing back after job interview,Kavanaugh is worried about not hearing back after a job interview.,sarcasm,0,0.5842702984809875,0.8257371783256531,-0.24146687984466553,0.9522427320480347,0.43817713423777205,165.91830444335938,6,0.5,0.4172509914275545
350,dog in purse stares longingly at dog in yard,A dog in his purse stares longingly at a dog in the yard.,irony,1,0.794291079044342,0.639104425907135,0.15518665313720703,0.9521336555480957,0.2613022659677713,56.11956024169922,5,0.38461538461538464,0.24879468169889485
351,chinese factory workers fear they may never be replaced with machines,Chinese factory workers fear they may never be replaced with machines.,irony,0,0.9042647480964661,0.8870214819908142,0.017243266105651855,0.92254638671875,0.7860753021519787,81.8592758178711,2,0.18181818181818182,0.7251909296891577
352,"Peanut butter recipes will make your life infinitely better, or at least until you run out of peanut butter.",peanut butter recipes will make your life infinitely better,overstatement,0,0.9345920085906982,0.9778454899787903,-0.04325348138809204,0.9481614828109741,0.2471001091359586,90.29351043701172,12,0.631578947368421,0.23429080588110404
353,trump makes last-minute push to appeal to whites,Trump made a last-minute push to appeal to the White House.,sarcasm,0,0.9717332720756531,0.92429119348526,0.047442078590393066,0.767746090888977,0.3508439695638686,13.587929725646973,6,0.5454545454545454,0.26935908614463133
354,Syrian rebels shell Aleppo after withdrawal – peace is overrated anyway.,syrian rebels shell aleppo after withdrawal from syria,irony,0,0.822517454624176,0.8511942028999329,-0.028676748275756836,0.6652412414550781,0.05709324736182451,2426.72802734375,7,0.6363636363636364,0.037980782753681996
355,sullen jeff sessions scrolls through minority incarceration statistics to cheer self up,Sullen Jeff Sessions uses minority incarceration statistics to encourage self-esteem.,sarcasm,0,0.8634931445121765,0.953307569026947,-0.08981442451477051,0.8649076223373413,0.2150731916129893,381.5063781738281,8,0.6666666666666666,0.186018442786494
356,"Debbie Robins de la Bouillerie, who was apparently a big deal, died at 58.",daniel robins de la bouillerie died at 58,understatement,1,0.617906391620636,0.830353319644928,-0.212446928024292,0.7603343725204468,0.03923957680314294,377.4585266113281,10,0.7142857142857143,0.029835199006585565
357,"Judge says Trump's comments didn't influence the case. Because clearly, the President's words have no power.",judge: donald trump's comments didn't influence the case,irony,1,0.5065559148788452,0.6148198246955872,-0.10826390981674194,0.8529965281486511,0.12718356905542982,129.94784545898438,12,0.75,0.10848714284183586
358,last beer in six pack drunk with plastic rings still attached,The last beer in a six pack was drunk with plastic rings still attached.,understatement,1,0.8664889931678772,0.8184165358543396,0.0480724573135376,0.9589821100234985,0.39073802494525,167.9094696044922,4,0.2857142857142857,0.37471077562841026
359,"despite claims, long story not made short","Despite claims, a long story is not short.",irony,1,0.8886839747428894,0.9070577621459961,-0.01837378740310669,0.9500550031661987,0.06985342056580097,167.02659606933594,5,0.625,0.06636459169681186
360,new altar boy clearly not ready for spotlight of 10 a.m. sunday mass,A new altar boy is not ready for the spotlight of 10 a.m. sunday mass.,sarcasm,1,0.6492092609405518,0.5351823568344116,0.11402690410614014,0.9247626066207886,0.40484119186599643,108.07259368896484,4,0.26666666666666666,0.3743819958574656
361,Watch Vin Diesel say 'I am Groot' in different languages – because his range is truly breathtaking.,watch vin diesel say 'i am groot' in different languages,sarcasm,0,0.5713062882423401,0.7279141545295715,-0.15660786628723145,0.8679851293563843,0.05893675611455377,537.454833984375,12,0.7058823529411765,0.05115622787993662
362,"'depot buys max,' nation's office-supply-loving teens text frantically to one another","'Depot buys max,' the nation's office-supply-loving teens text frantically to each other.",satire,0,0.8637939691543579,0.9483629465103149,-0.08456897735595703,0.9696476459503174,0.46924700641055994,489.6226501464844,4,0.3333333333333333,0.45500425513523296
363,A patriotic neighbor: someone who reports your every move to authorities for the love of country.,a patriotic neighbor,satire,0,0.9090573191642761,0.8854966163635254,0.023560702800750732,0.7886783480644226,0.0014911434751178384,58394.1953125,15,0.9375,0.0011760325726829792
364,Who wouldn't want to experience the sheer joy of having a miscarriage?,who wouldn't want to experience the joy of having a miscarriage?,rhetorical_question,1,0.5032281875610352,0.5380403399467468,-0.03481215238571167,0.9927488565444946,0.6407117598241614,39.98509979248047,2,0.16666666666666666,0.6360658669400471
365,blagojevich just getting started,Blagojevich is getting started.,sarcasm,0,0.5266014337539673,0.5314528346061707,-0.004851400852203369,0.9559578895568848,0.08034284189446518,68.22504425048828,3,0.75,0.0768043735784354
366,Why are Muslim kids scared? Could it be the pervasive atmosphere of tolerance?,why are muslim kids scared?,rhetorical_question,1,0.929491400718689,0.7949246168136597,0.1345667839050293,0.8889830708503723,0.0253871431063062,256.88494873046875,10,0.7692307692307693,0.022568740438761947
367,djimon hounsou to play every african in the world,Jimimon Hounsou will play every African player in the world.,overstatement,1,0.6532631516456604,0.6949158906936646,-0.04165273904800415,0.8244708180427551,0.06311969078225892,56.85664367675781,6,0.6,0.05204034309385476
368,climate experts say only hope for saving planet lies with people who save napkins from takeout order,Climate experts say the only hope for saving the planet lies with people who save napkins from takeout order.,irony,0,0.9331340193748474,0.9316198825836182,0.001514136791229248,0.9611196517944336,0.5908871032231056,86.49213409423828,4,0.21052631578947367,0.5679132068996128
369,20 funny tweets from women: prepare to mildly chuckle.,20 funny tweets from women,understatement,0,0.7651330232620239,0.9794801473617554,-0.21434712409973145,0.9154396057128906,0.3004843884984905,771.5792846679688,5,0.5555555555555556,0.2750753101299372
370,fleshlighthouse guides weary sailors home to realistic vaginal texture,A fleshlighthouse guides weary sailors to a realistic vaginal texture.,satire,0,0.8763933181762695,0.8158872723579407,0.06050604581832886,0.9542586207389832,0.32466791547509893,3399.384033203125,4,0.4,0.3098171572194687
371,apathy outpacing lust as leading u.s. state of mind,Apathy is outpacing lust as a leading U.S. state of mind.,irony,0,0.8622028827667236,0.9103063941001892,-0.048103511333465576,0.957567572593689,0.12278260149096115,99.0453872680664,5,0.45454545454545453,0.11757263766643793
372,rumsfeld makes jerk-off motions as powell speaks at cabinet meeting,Rumsfeld makes jerk-off motions at a cabinet meeting.,sarcasm,0,0.8593806624412537,0.9100974202156067,-0.05071675777435303,0.8424743413925171,0.12164634345707652,156.4484100341797,6,0.6,0.10248392308680847
373,"The Vergara era, part 1: how we got here. Spoiler: it was definitely not a coup.","the vergara era, part 1: how we got here",irony,1,0.5392820239067078,0.688398540019989,-0.14911651611328125,0.729514479637146,0.2698643903177272,126.67813873291016,10,0.625,0.19686998027523242
374,"rare species of frog may hold cure to...ah, never mind, it's extinct",A rare species of frog may have a cure to it.,irony,1,0.6073434352874756,0.6823780536651611,-0.07503461837768555,0.8906751275062561,0.33529572102686117,92.32322692871094,8,0.6666666666666666,0.29863955907790163
375,"Taylor Swift covers a classic and angers fans, as if we didn't see that coming.",taylor swift covers a classic and angers fans,sarcasm,0,0.8144872784614563,0.8707953691482544,-0.056308090686798096,0.9464396238327026,0.2155064730781546,2009.5721435546875,10,0.6666666666666666,0.20396386531360108
376,"UFOs at Loch Ness: finally, aliens confirm Nessie's existence.",ufos at loch ness: aliens confirm nessie's existence,irony,0,0.9719901084899902,0.8963233828544617,0.07566672563552856,0.9782803058624268,0.057367534172156044,1022.9785766601562,6,0.6666666666666666,0.056121528876510035
377,new york's finest protect new york's richest,New York's finest protects New York's richest people.,irony,0,0.9303156733512878,0.9639604091644287,-0.03364473581314087,0.9452469348907471,0.03303164318013808,121.4929428100586,6,0.75,0.031223059470430366
378,Are there tears in your popcorn? Only if you're emotionally weak.,are there tears in your popcorn?,rhetorical_question,1,0.9600802659988403,0.9713852405548096,-0.011304974555969238,0.8934491872787476,0.3302232277439296,738.4847412109375,6,0.5454545454545454,0.29503767444837864
379,"Stephen Colbert shreds Bill O'Reilly—finally, someone speaks for the landfill.",stephen colbert shreds bill o'reilly,satire,1,0.9088376760482788,0.6060675978660583,0.30277007818222046,0.8559995293617249,0.01976560930094397,3751.227294921875,9,0.9,0.016919352259155772
380,skittles unveils new liqui-gels for fast-acting fruity flavor,Skittles unveils new liqui-gels for a fast-acting fruity flavor.,satire,0,0.8254201412200928,0.7795740365982056,0.04584610462188721,0.985017716884613,0.3549481056010053,88.19925689697266,3,0.3333333333333333,0.34963017259162077
381,"Steve Wilson on 'The Making of Gone with the Wind' – let's celebrate this flawless masterpiece, shall we?",steve wilson on 'the making of gone with the wind',satire,1,0.9490230083465576,0.8438130617141724,0.10520994663238525,0.8113785982131958,0.02384908811660351,196.1204376220703,14,0.7777777777777778,0.01935063968471274
382,even business card trying too hard,A business card is struggling too hard.,sarcasm,1,0.635513186454773,0.6879310607910156,-0.052417874336242676,0.8946120738983154,0.07730551756939454,559.6787719726562,4,0.5714285714285714,0.0691584493965387
383,japan spotted hovering over algeria,Japan is seen hovering over Algeria.,overstatement,0,0.8303871750831604,0.5729557275772095,0.2574314475059509,0.930356502532959,0.08633400213704504,300.38623046875,4,0.6666666666666666,0.08032140027789422
384,white house begins christmas season with ceremonial lighting of cross,The White House begins the Christmas season with a ceremonial lighting of a cross.,irony,0,0.9338406920433044,0.9482718110084534,-0.014431118965148926,0.9781591892242432,0.09303723531853667,61.61785125732422,8,0.5714285714285714,0.09100522666684495
385,Statehouse interns enjoy unique harassment vulnerability as part of their internship perks.,statehouse interns enjoy unique harassment vulnerability as part of their internship perks,irony,0,0.9803874492645264,0.9808502793312073,-0.0004628300666809082,0.9840157628059387,0.8070557274927982,943.8060913085938,2,0.16666666666666666,0.7941555573157276
386,putting ice cream in bowl momentarily considered,The importance of placing ice cream in a bowl is considered.,understatement,0,0.5548248887062073,0.6013505458831787,-0.046525657176971436,0.8109639883041382,0.10025157431478134,81.53694915771484,7,0.6363636363636364,0.08130041654008377
387,Dick Cheney would torture again: Because nothing says human rights like a good old waterboarding session.,dick cheney would torture again,sarcasm,1,0.9382038116455078,0.856532096862793,0.08167171478271484,0.8290417790412903,0.0125896694397049,5876.09130859375,14,0.875,0.010437361949834715
388,10 stress-free suppers for the entire family: if your family enjoys charcoal.,10 stress-free suppers for the entire family,understatement,1,0.8239648342132568,0.714745044708252,0.10921978950500488,0.8588725328445435,0.4116538266387963,251.40093994140625,5,0.4166666666666667,0.3535581647404116
389,What Obamacare's successes should tell us about its failures? Does it even matter in politics?,what obamacare's successes should tell us about its failures,rhetorical_question,0,0.9072471857070923,0.7913740873336792,0.11587309837341309,0.9224414825439453,0.3015786021544572,81.7844467163086,9,0.6,0.27818861287488816
390,"Redditors reimagine a Donald Trump White House, and it's 'not pretty' – if by 'not pretty' you mean apocalyptic.",redditors reimagine a donald trump white house and it's 'not pretty',understatement,0,0.539995551109314,0.7623947262763977,-0.22239917516708374,0.8551215529441833,0.13482749994980653,384.2740478515625,13,0.6842105263157895,0.11529390113666037
391,americans hopeful this will be last mass shooting before they stop on their own for no reason,Americans are hopeful that this will be the last mass shooting before they stop on their own for no reason.,sarcasm,0,0.9166815876960754,0.9390910267829895,-0.022409439086914062,0.9635483622550964,0.593218064069945,30.641956329345703,5,0.25,0.5715942940947344
392,Breadwinner mommies: are you failing? Probably.,breadwinner mommies: are you failing?,sarcasm,1,0.6036239862442017,0.650901198387146,-0.047277212142944336,0.9767717123031616,0.5475182535069453,316.5773010253906,2,0.3333333333333333,0.5348003419952154
393,MLK's turbulent last year makes our problems look like minor inconveniences.,mlk's turbulent last year makes our problems look like minor inconveniences,overstatement,0,0.9069919586181641,0.8806111216545105,0.026380836963653564,0.9828017950057983,0.7860753021519787,269.88482666015625,2,0.18181818181818182,0.77255621796469
394,"Barneys pays $525,000 to settle allegations of racial profiling: a truly staggering sum that will definitely change systemic bias.","barneys pays $525,000 to settle allegations of racial profiling",sarcasm,0,0.9503605961799622,0.8539139628410339,0.09644663333892822,0.9553861618041992,0.23898737027690029,67.90583801269531,12,0.631578947368421,0.22832522640852673
395,"Climate change threatens the newest prescription for children: time outdoors? Great, so we'll just medicate with more screen time.",climate change threatens the newest prescription for children,irony,0,0.9659264087677002,0.9091859459877014,0.05674046277999878,0.7794690132141113,0.17202572313558198,1179.838134765625,13,0.6842105263157895,0.13408872065993602
396,Trevor Noah's mind-blowing theory about Sean Hannity: water is wet.,trevor noah's mind-blowing theory about sean hannity,sarcasm,0,0.743393063545227,0.6051368713378906,0.13825619220733643,0.8197243213653564,0.10649808156466072,174.23121643066406,7,0.7,0.08729906763730388
397,radio dj invites whole town to some bullshit,A radio dj invited a whole town to a bullshit.,sarcasm,0,0.6751272678375244,0.8011905550956726,-0.1260632872581482,0.9253132343292236,0.13134549472120793,1074.177490234375,5,0.5,0.12153572453505289
398,mohawked rex tillerson warns u.s. democracy threatened by plutocratic fascist pigs fucking over the working man,Rex Tillerson warns that the U.S. democracy is threatened by fascist pigs fucking over the working man.,sarcasm,0,0.9370104074478149,0.9384562373161316,-0.0014458298683166504,0.8677890300750732,0.33507040795147514,82.41680908203125,9,0.5294117647058824,0.2907704243230697
399,"agile, dynamic company able to respond to any challenge by laying off half of staff","An agile, dynamic company is able to respond to any challenge by laying off half of its staff.",sarcasm,0,0.9674477577209473,0.9698533415794373,-0.0024055838584899902,0.9645535945892334,0.6540585844910979,32.96846008300781,4,0.2222222222222222,0.6308745587428343
400,white to attend boat show,White is expected to attend a boat show.,irony,0,0.7139764428138733,0.8679602146148682,-0.15398377180099487,0.958792507648468,0.06500593260343691,96.43260192871094,5,0.625,0.062327201132876583
401,sexually awakened peta president announces that being kept in a tiny cage all day actually sounds hot as hell,A sexually awakened peta president announces that being kept in a tiny cage all day sounds hot.,satire,0,0.9470707178115845,0.9512799382209778,-0.0042092204093933105,0.9609799385070801,0.7283860464220114,526.5787353515625,5,0.2631578947368421,0.6999643781000398
402,U.S. consuls already have tools to discriminate in visas? How impartial of them.,u.s. consuls already have tools to discriminate in visas,sarcasm,0,0.9598939418792725,0.9402443170547485,0.019649624824523926,0.9503396153450012,0.46548383647045716,336.9910583496094,6,0.46153846153846156,0.4423677301006497
403,"Thomas Pogge allegedly harmed Yale's philosophy department, which was previously a beacon of harmony.",thomas pogge allegedly harmed yale's philosophy department,irony,0,0.8651777505874634,0.6757302284240723,0.1894475221633911,0.9479120969772339,0.028439110602897978,1861.9105224609375,11,0.7857142857142857,0.02695777696776051
404,"Test your news knowledge with a quiz, because who needs to actually read news?",test your news knowledge with a quiz,understatement,0,0.8089112043380737,0.649291455745697,0.1596197485923767,0.8968318104743958,0.22616792214653433,279.1290588378906,9,0.6428571428571429,0.20283458708990856
405,Robin Hood Foundation. Stealing from the rich to give to the poor? How utterly original and never controversial.,robert hood foundation is stealing from the rich to give to the poor,irony,0,0.9527695178985596,0.8937733173370361,0.05899620056152344,0.7607776522636414,0.32018734386578523,189.7863006591797,12,0.6666666666666666,0.24359137575074333
406,4 bold lip looks for spring: because why blend in when you can blind someone?,4 bold lip looks for spring,sarcasm,1,0.8357213139533997,0.7922409176826477,0.04348039627075195,0.7744369506835938,0.16954225822593183,6631.81640625,10,0.6666666666666666,0.1312997894725011
407,Bernie Sanders declares $15 minimum wage 'not radical' in latest attempt to sound relatable.,bernie sanders declares $15 minimum wage 'not radical' in latest attempt to sound relatable,sarcasm,0,0.9393253922462463,0.9127471446990967,0.026578247547149658,0.9857344627380371,0.7577395672414201,327.1566467285156,3,0.21428571428571427,0.746930005210074
408,couple wouldn't have stayed in loveless marriage if they knew that's how kid would turn out,A couple would not have stayed in a loveless marriage if they knew that's how their child would turn out.,sarcasm,1,0.5381428003311157,0.6831720471382141,-0.1450292468070984,0.9342219829559326,0.3942058093215873,33.32333755493164,7,0.35,0.36827573287716153
409,alcoholic parent easy to shop for,An alcoholic parent is easy to shop for.,understatement,0,0.8115631937980652,0.9452306032180786,-0.13366740942001343,0.9741214513778687,0.17286039232097053,163.39707946777344,3,0.375,0.1683870162534516
410,Ben Carson bizarrely attacks CNN host – because reasoned debate is overrated.,ben claus bizarrely attacks cnn host,sarcasm,0,0.917547345161438,0.8939894437789917,0.02355790138244629,0.5938910245895386,0.0351487760467425,3007.06689453125,9,0.75,0.020874542619468132
411,"Your favorite childhood shows: the ones that were actually terrible, and you were too young to know.",your favorite childhood shows,satire,1,0.5234882831573486,0.6764009594917297,-0.1529126763343811,0.7904337048530579,0.00658790946649935,2510.81689453125,15,0.8823529411764706,0.005207305686841613
412,sex shop bathroom key attached to 18-inch double dildo,A sex shop bathroom key is attached to an 18-inch double dildo.,overstatement,0,0.5408526659011841,0.7103222608566284,-0.16946959495544434,0.9682228565216064,0.28646290158800986,97.62106323242188,4,0.3333333333333333,0.27735992886301075
413,new candy to hum and glow in mouths,A new candy is used to hum and glow in the mouths.,overstatement,0,0.6877357363700867,0.8563869595527649,-0.16865122318267822,0.9422634840011597,0.3646285861936467,210.50445556640625,5,0.4166666666666667,0.3435762019932427
414,"you can hold snake, owner reports",The owner reports that you can hold a snake.,understatement,0,0.6689062118530273,0.7033884525299072,-0.03448224067687988,0.8893161416053772,0.14923729480049117,230.2211151123047,7,0.7777777777777778,0.13271913519559703
415,"Donald Trump, noted champion of Latino Americans, has graciously agreed to an interview with Univision's Jorge Ramos. How magnanimous.","donald trump, noted champion of latino americans, has graciously agreed to an interview with unvision's joe ramos",sarcasm,0,0.8926770091056824,0.9254920482635498,-0.03281503915786743,0.8652687668800354,0.38065784885875564,204.41783142089844,9,0.47368421052631576,0.3293713474852224
416,May's monumental challenge: just another day for a PM.,may's monumental challenge,irony,0,0.9443143606185913,0.6259744167327881,0.3183399438858032,0.7262966632843018,0.015377056977980369,2011.254638671875,8,0.8888888888888888,0.01116830517423973
417,"MSNBC pledges diversity after Cinco de Mayo disaster, proving they're learning.",msnbc pledges diversity after cinco de mayo disaster,satire,0,0.9775625467300415,0.9308308959007263,0.046731650829315186,0.9366049766540527,0.10152774623579155,812.9439086914062,7,0.6363636363636364,0.09509139239291214
418,bangladesh runs out of people,Bangladesh has a large population of people.,overstatement,0,0.525270938873291,0.9006543159484863,-0.3753833770751953,0.7251189947128296,0.033031643180138064,17.320026397705078,6,0.8571428571428571,0.023951871896494607
419,Tom Hanks in a musicless video is oddly watchable – who needs songs?,tom hanks in a musicless video is oddly watchable,irony,0,0.6607601046562195,0.9154821634292603,-0.25472205877304077,0.8666155934333801,0.46548383647045716,564.9224853515625,6,0.46153846153846156,0.4033955511764917
420,dead facebook friend from high school still has cartman profile picture,A dead facebook friend from high school still has a cartman profile picture.,satire,1,0.7075898051261902,0.7775514125823975,-0.06996160745620728,0.9736089110374451,0.6115380576901023,335.3236999511719,3,0.23076923076923078,0.5953989024056148
421,Happy Mother's Day to moms fighting for trans students: activism is the best gift,happy mother's day to moms fighting for trans students,satire,0,0.9217519164085388,0.9221029877662659,-0.0003510713577270508,0.890294075012207,0.2560797001652275,628.4996948242188,9,0.6428571428571429,0.22798623978800456
422,"Wealthy donors declare that voters are irrelevant in elections, because democracy is overrated.",wealthy donors declare that voters are irrelevant in the elections,satire,0,0.9587494730949402,0.9661543369293213,-0.0074048638343811035,0.8726639747619629,0.4733406936045769,223.80479431152344,6,0.46153846153846156,0.41306737109755454
423,commuter playing some sort of alphabet sudoku,A commuter is playing an alphabet sudoku.,satire,0,0.6108385324478149,0.7998373508453369,-0.18899881839752197,0.9257105588912964,0.043472087194499145,405.20172119140625,6,0.8571428571428571,0.04024257013299097
424,"green energy scientists unveil 800,000-ton potato capable of powering entire city",Green Energy scientists have introduced a potato capable of powering the entire city.,overstatement,0,0.8775812387466431,0.9435053467750549,-0.06592410802841187,0.8927574157714844,0.21401603033752975,185.75448608398438,7,0.5384615384615384,0.19106439817780466
425,adjusting several sliders on recording studio's mixing console pays off big time,Adjusting several sliders on a recording studio's mixing console has a significant impact.,overstatement,0,0.9807631969451904,0.8840778470039368,0.09668534994125366,0.9012811779975891,0.2796842457966537,91.09004211425781,6,0.46153846153846156,0.2520741465189753
426,"What about Libya? Oh right, we only care when it's convenient.",what about libya?,rhetorical_question,1,0.9180257320404053,0.9436877965927124,-0.02566206455230713,0.7598320245742798,0.007894844292834697,556.0451049804688,10,0.9090909090909091,0.005998755522723286
427,"obama throws small business owner into seat, tells him to just smile and keep his fucking mouth shut",President Obama threw a small business owner into his seat and told him to smile and keep his mouth shut.,sarcasm,0,0.8007311224937439,0.8799192309379578,-0.07918810844421387,0.9100315570831299,0.2697856975860103,41.68296432495117,11,0.55,0.24551349845295534
428,offbeat congressman having trouble finding committee to fit into,A congressman is struggling to find a committee to fit into.,irony,1,0.7960723638534546,0.5262117385864258,0.2698606252670288,0.8479888439178467,0.10025157431478134,86.05528259277344,7,0.6363636363636364,0.08501221660413552
429,movie deemed acceptable for mom and dad,A movie was deemed acceptable for mom and dad.,understatement,0,0.92633455991745,0.9397673010826111,-0.013432741165161133,0.9622747302055359,0.4671379777282001,157.30813598632812,3,0.3333333333333333,0.44951507148716335
430,12% of federal government that's currently functioning to shut down,12% of the federal government is currently working to shut down.,irony,0,0.7062139511108398,0.8751834630966187,-0.1689695119857788,0.9538800120353699,0.07175852914772135,42.34776306152344,4,0.36363636363636365,0.06844902664706888
431,"Two Heroes Wield Lightsabers Against Fireworks, Save the Day",two heroes wilt lightsabers against fireworks,overstatement,0,0.7588561773300171,0.8259477019309998,-0.06709152460098267,0.8990222215652466,0.0,2354.810302734375,9,1.0,0.0
432,heroic police officer talks man down from edge of purchasing subway footlong sweet onion chicken teriyaki,A police officer talks a man down from the edge of purchasing a subway footlong sweet onion chicken teriyaki.,satire,0,0.621907114982605,0.6193161606788635,0.002590954303741455,0.925818681716919,0.3665882729601239,276.139404296875,5,0.2631578947368421,0.339394271604824
433,man needs emotional support only a woman can feign,A man needs emotional support only a woman can feign.,sarcasm,0,0.7897950410842896,0.5612168908119202,0.22857815027236938,0.9707127809524536,0.7598356856515925,190.56890869140625,2,0.2,0.7375822114857717
434,David Beckham stared at a camera? This changes everything we thought we knew about soccer.,david beckham stared at a camera while playing soccer,overstatement,0,0.9498013854026794,0.765994668006897,0.18380671739578247,0.8578437566757202,0.06093442415317837,1035.199462890625,12,0.8,0.05227221532643427
435,4-year-old reportedly loved trip to italy,A 4-year-old reportedly enjoyed a trip to Italy.,sarcasm,0,0.5687298774719238,0.61329585313797,-0.04456597566604614,0.9519725441932678,0.08307018474412793,35.20270538330078,4,0.5,0.07908053511747225
436,"Mind-blowing, earth-shattering gun ad by Brian Kemp that totally didn't backfire at all","mind-blowing, earth-shattering gun ad by brian kathleen",overstatement,0,0.9612022638320923,0.9287716746330261,0.03243058919906616,0.8025782108306885,0.17447394295753052,95.98311614990234,9,0.6923076923076923,0.14002898497543045
437,Fuller House to explain Olsen twins' absence with a heartfelt 'they're too busy being rich' – so original.,fuller house to explain olsen twins' absence with heartfelt 'they're too busy being rich',satire,0,0.9571036696434021,0.8822430968284607,0.0748605728149414,0.9668710231781006,0.3638295885708342,557.8731079101562,7,0.3888888888888889,0.3517762865639498
438,"Groundbreaking science reveals that celebrities, like Ryan Lochte, are prone to fibbing – shocker!","science reveals that celebrities, like ryan lochte, are prone to fibbing",overstatement,0,0.9290782809257507,0.9012852311134338,0.027793049812316895,0.957690954208374,0.44743783726499226,262.6415710449219,5,0.35714285714285715,0.4285071693192416
439,"Firefighter who took in friend's 6 kids after he died on 9/11 gets best Father's Day gift ever. Because family is all about convenience, not tragedy.",firefighter who took in friend's 6 kids after he died on 9/11 gets best father's day gift ever,irony,0,0.8812824487686157,0.9442036151885986,-0.06292116641998291,0.9085528254508972,0.4541220136709458,273.1235656738281,12,0.46153846153846156,0.4125938386201888
440,Ted Cruz hits the panic button: 'We could lose both houses' – as if that's a bad thing.,ted cruz hits the panic button: 'we could lose both houses',satire,1,0.823204517364502,0.6446446180343628,0.17855989933013916,0.9535974860191345,0.24833177625142797,306.1706237792969,10,0.5555555555555556,0.23680855753202792
441,James Clapper says institutions under assault: from the administration that thinks truth is optional.,james clapper: institutions under assault,irony,0,0.9204757809638977,0.5635184645652771,0.3569573163986206,0.8004542589187622,0.01878157980529131,1815.053955078125,12,0.8571428571428571,0.015033795544368045
442,Best Low-Calorie Mixers: For When You Sacrifice Taste for Health,the best low-calorie mixers in the world,understatement,0,0.8555873036384583,0.7084335088729858,0.1471537947654724,0.8785690069198608,0.0,41.549137115478516,10,1.0,0.0
443,podcaster makes solemn promise to improve sound quality next episode,A podcaster promises to improve his sound quality next episode.,irony,0,0.914076030254364,0.9594388604164124,-0.04536283016204834,0.9210981130599976,0.13747081017605653,207.8774871826172,6,0.6,0.12662410385399478
444,The Atheist and the Nun: Can They Agree on Anything?,the atheist and the nun,rhetorical_question,0,0.9163074493408203,0.8068108558654785,0.1094965934753418,0.8100261688232422,0.0417991745584234,645.5941162109375,8,0.8,0.03385842522753364
445,lab partner wants to be sex partner,A lab partner wants to be a sex partner.,sarcasm,0,0.7289841771125793,0.7331898212432861,-0.004205644130706787,0.9696115255355835,0.4671379777282001,172.78335571289062,3,0.3333333333333333,0.4529423672206475
446,Therapies for insomnia? Because sleeping is so overrated.,the therapeutics for insomnia,overstatement,0,0.8734235763549805,0.9488380551338196,-0.07541447877883911,0.8292611837387085,0.029556479778261396,399.65264892578125,8,1.0,0.024510041408070248
447,Charles Barkley's scooter skills: a masterclass in athletic grace that left Georgia State's coach in utter awe.,charlotte barkley's scooter skills are a masterclass in athletic grace,overstatement,0,0.6480885744094849,0.8258152604103088,-0.17772668600082397,0.7511500716209412,0.20416291204740555,305.0133361816406,12,0.7058823529411765,0.1533569860067486
448,Adventures in our own backyard – exploring the wild frontiers of the backyard shed.,adventures in our own backyard,understatement,1,0.8692672252655029,0.7076420187950134,0.1616252064704895,0.8091604709625244,0.11054202892156728,174.07110595703125,10,0.7142857142857143,0.08944624018332838
449,6 things millennials should do before buying a house: 1. Win the lottery 2. Inherit wealth...,6 things millennials should do before buying a house,overstatement,1,0.7865492105484009,0.6062475442886353,0.18030166625976562,0.9185357093811035,0.3966407007413138,153.20448303222656,8,0.5,0.36432864742484067
450,omarosa searches through tapes of everyone else in white house using n-word for one of trump,Omarosa searches through tapes of people in the White House using a n-word for Trump.,sarcasm,0,0.784238874912262,0.8561055660247803,-0.07186669111251831,0.9606548547744751,0.19667812291861894,61.77409744262695,10,0.625,0.18893979360970223
451,"gwyneth paltrow reveals secret to her healthy, radiant skin eating 20 pounds of kielbasa a day","Gwyneth Paltrow reveals her secret to her healthy, radiant skin eating 20 pounds of kielbasa daily.",overstatement,0,0.7258559465408325,0.8002061247825623,-0.07435017824172974,0.9769280552864075,0.6668954865619205,58.75062561035156,5,0.3125,0.6515089107662195
452,personal life a total waste of time,Personal life is a waste of time.,understatement,1,0.6290327906608582,0.5820767879486084,0.046956002712249756,0.9329469203948975,0.08307018474412793,16.84739112854004,4,0.5714285714285714,0.07750007303366935
453,U.S. bobsled team honors Steven Holcomb by risking their lives on ice—what a tribute!,u.s. bobsled team honors steve holcomb by risking their lives on ice,overstatement,0,0.8898071646690369,0.8336446285247803,0.05616253614425659,0.9510528445243835,0.35891886215483493,219.228759765625,6,0.42857142857142855,0.34135080480581087
454,You don't need to live in California to create this Venice Beach-inspired living room. Just pretend you're not in a suburb.,you don't need to live in california to create this venetian beach-inspired living room,sarcasm,1,0.6930396556854248,0.8076545596122742,-0.11461490392684937,0.8574721813201904,0.22210706127691282,66.87406921386719,12,0.5714285714285714,0.19045062631973164
455,"Another day, another life lost in the conflict. How routine.","another day, another life lost in the conflict",irony,1,0.7957310676574707,0.7673497796058655,0.028381288051605225,0.8293564319610596,0.5298765308495281,112.02791595458984,4,0.4,0.43945650900526895
456,"A carefully crafted policy announcement that achieved total, complete success",a carefully crafted policy announcement that achieved total success,sarcasm,0,0.9848029613494873,0.9870597124099731,-0.00225675106048584,0.985585629940033,0.5462757644646491,582.4280395507812,3,0.3,0.5384015434408642
457,inside: the fetish photography of german chancellor helmut kohl,Inside: the fetish photography of German chancellor Helmut Kohl.,satire,0,0.8791272044181824,0.8115918636322021,0.06753534078598022,0.9915611743927002,0.3155984539112945,99.18064880371094,4,0.4444444444444444,0.3129351735968036
458,gay rights leader lookin' good,A gay rights leader looks good.,sarcasm,0,0.9740217924118042,0.9881581664085388,-0.01413637399673462,0.8900861144065857,0.20205155046766235,437.9777526855469,3,0.5,0.17984327946558773
459,teacher's lounge the site of 5 separate emotional breakdowns today,The teacher's lounge is the site of five separate emotional breakdowns today.,overstatement,0,0.8275597095489502,0.7389336228370667,0.08862608671188354,0.9637394547462463,0.161089927696874,161.30657958984375,4,0.3333333333333333,0.15524871908369758
460,Where have all the children gone? Probably to the same place as common sense in this headline.,where have all the children gone?,rhetorical_question,1,0.8172665238380432,0.9146838784217834,-0.09741735458374023,0.7866445779800415,0.12148233648426672,68.2303466796875,12,0.7058823529411765,0.0955634213156954
461,kim jong-un's wife on nuclear threats: 'this isn't the man i was forced to marry',Kim Jong-un's wife on nuclear threats said: 'This is not the man i was forced to marry.',satire,0,0.5785118341445923,0.5999118685722351,-0.021400034427642822,0.9605234265327454,0.35864179742032526,53.712738037109375,8,0.47058823529411764,0.34448384815603356
462,Tearful Salma Hayek at a loss for words? Over Manchester attack? How profound.,tearful salma hayek at a loss for words,irony,1,0.6978831887245178,0.9205554723739624,-0.22267228364944458,0.8725004196166992,0.18505100105615155,452.0884094238281,9,0.6923076923076923,0.16145707607198248
463,area man settled for,A local man is settled for a job.,understatement,0,0.553992748260498,0.8700332045555115,-0.3160404562950134,0.6754049062728882,0.06500593260343691,216.23167419433594,5,0.625,0.04390532581720599
464,cannibal corpse blasting from papal apartment window,A cannibal corpse is exploding from a papal apartment window.,sarcasm,0,0.610301673412323,0.6444225311279297,-0.03412085771560669,0.8938366770744324,0.06674094719041482,387.80499267578125,5,0.5,0.05965550646148055
465,Boehner's political analysis: 'nutso'. Deep stuff.,john boehner's political analysis: 'nutso',satire,0,0.7541996240615845,0.5023009181022644,0.25189870595932007,0.9453864693641663,0.09302577375697234,740.7976684570312,5,0.8333333333333334,0.0879453078119738
466,"American Richard Thaler wins Nobel Economics prize. Shocking, an American wins.",american richard thaler wins nobel economic prize,understatement,0,0.9475052356719971,0.9427087306976318,0.004796504974365234,0.9102985858917236,0.018653567503517977,3217.063720703125,10,0.9090909090909091,0.016980316120288223
467,"Indicted for hipster glasses? Finally, a crime wave we can all get behind.",indicted for wearing hipster glasses,overstatement,0,0.9864386320114136,0.8030223250389099,0.18341630697250366,0.847684383392334,0.012900038794401852,545.49462890625,12,0.9230769230769231,0.010935161431169722
468,bin laden vineyard falling into disrepair,A vineyard in bin laden is in disrepair.,irony,1,0.6896690726280212,0.7095394730567932,-0.019870400428771973,0.9359973073005676,0.06500593260343691,178.80502319335938,7,0.875,0.06084537787537913
469,no one in gang has heart to tell police informant his cover's blown,No one in the gang has the heart to tell the police informant his cover was blown.,irony,1,0.8237165808677673,0.8051378726959229,0.018578708171844482,0.9326625466346741,0.12039217537411316,55.896427154541016,7,0.4117647058823529,0.11228527287930867
470,new mountain dew vows to kill 99.9% of stomach bacteria,A new mountain dew has pledged to kill 99.9% of stomach bacteria.,satire,0,0.9204440712928772,0.8925004601478577,0.02794361114501953,0.9616614580154419,0.4240125351805037,115.45098876953125,4,0.3333333333333333,0.40775651279850705
471,same jumbotron used for marriage proposal used to ask for divorce,The same jumbotron used for a marriage proposal was used to ask for a divorce.,irony,0,0.8858616948127747,0.8030120134353638,0.08284968137741089,0.9711166620254517,0.3615855225145535,30.381608963012695,5,0.3333333333333333,0.351141725661062
472,usps unveils new line of commemorative prince-inspired postal workers,The USPS has launched a new line of commemorative postal workers inspired by princes.,satire,0,0.9135628342628479,0.9522835612297058,-0.03872072696685791,0.8822315335273743,0.21142141714303078,127.96424102783203,9,0.6428571428571429,0.18652264106662675
473,"american public clarifies rational, measured response to this terror threat doesn't preclude panicked overreaction in future","The American public clarifies a rational, measured response to this terror threat does not prevent a panicked overreaction in the future.",sarcasm,0,0.8302685022354126,0.5559399724006653,0.2743285298347473,0.9121994972229004,0.36651343611373033,80.30189514160156,9,0.42857142857142855,0.33433337214838244
474,"Even more executives come forward to defend LGBT rights, because corporations are so progressive.",even more executives come forward to defend lgbt rights,irony,0,0.9848125576972961,0.977965772151947,0.006846785545349121,0.9103482961654663,0.337019838632122,370.74639892578125,8,0.5714285714285714,0.30680543587271264
475,white castle crave case handcuffed to wrist,White Castle desires a case handcuffed to the wrist.,satire,0,0.7103805541992188,0.5387293696403503,0.1716511845588684,0.904474139213562,0.11868405219520975,769.922119140625,6,0.6666666666666666,0.1073466559476398
476,trump boys proud after mailing in hand-drawn republican ballots to north pole,Trump boys are proud after mailing in hand-drawn republican ballots to North Pole.,satire,0,0.9741835594177246,0.9763496518135071,-0.0021660923957824707,0.9770124554634094,0.5760844201603896,556.4198608398438,4,0.3076923076923077,0.5628416538951168
477,"OMG, Duchess of Cambridge on Vogue cover, because royal fashion is crucial news","omg, duchess of cambridge on 'vogue' cover",sarcasm,0,0.9833614230155945,0.8608275651931763,0.12253385782241821,0.92305588722229,0.01666998712262484,234.684814453125,11,0.8461538461538461,0.015387329753458624
478,"Moving forward from Charlottesville: just a casual, nationwide pivot away from literal fascism. No biggie.",moving forward from charlottesville,sarcasm,1,0.6783234477043152,0.534709632396698,0.1436138153076172,0.6920581459999084,0.010861626466864211,444.8197326660156,13,0.8666666666666667,0.007516877075201582
479,yeti releases abdominable crunch workout video,Yeti has released a workout video featuring an abdominable crunch.,satire,0,0.7011844515800476,0.8333112001419067,-0.13212674856185913,0.972297191619873,0.04939382737115371,428.0632019042969,8,0.8,0.048025479636329575
480,Kids changed you forever? Like that time they drew on the walls with permanent marker.,kids changed you forever,overstatement,1,0.610319197177887,0.7314646244049072,-0.12114542722702026,0.715859055519104,0.010861626466864211,1522.8931884765625,13,0.8666666666666667,0.007775393663970717
481,Is Failure Not an Option in the Iran Deal? Seriously?,is failure not an option in the iran deal?,rhetorical_question,1,0.968881368637085,0.9393268823623657,0.02955448627471924,0.9866607785224915,0.05022037190492093,391.2435607910156,7,0.7,0.049550471241398344
482,woman assaulted by celebrity just needs to sit tight for 40 years until dozens more women corroborate story,A woman assaulted by a celebrity needs to sit tight for 40 years until dozens more women corroborate the story.,sarcasm,0,0.927976131439209,0.8782258629798889,0.04975026845932007,0.9395738244056702,0.6487066897882101,135.1301727294922,5,0.25,0.6095078254418512
483,Cultural exchange with Russia during frost? Great timing.,cultural exchange with russia during frost,irony,0,0.9848065972328186,0.8732575178146362,0.11154907941818237,0.9557129740715027,0.06846046760764757,1780.4798583984375,5,0.625,0.06542855710363063
484,"Is the media selling or telling in Gaza's war? A question with a clear, unbiased answer.",is the media selling or telling in gaza's war?,rhetorical_question,1,0.8605540990829468,0.832549512386322,0.028004586696624756,0.95832359790802,0.28046732918876704,898.2264404296875,9,0.5625,0.26877846000383226
485,"singer cites girlfriend as reason he lives, dies, breaks down, cries","The singer cites his girlfriend as a reason he lives, dies, breaks down and cries.",overstatement,0,0.8544719219207764,0.8773825168609619,-0.022910594940185547,0.9509923458099365,0.31535540524901323,107.91244506835938,6,0.4,0.29990057660160224
486,Photographer Creates 'Awesomely Surreal' Pics of His Son: Because Normal Childhood Photos Are So Boring,photographer creates 'awesomely surreal' pics of his son,irony,0,0.8564373850822449,0.8513080477714539,0.005129337310791016,0.9091676473617554,0.01157883880415623,138.97940063476562,14,0.9333333333333333,0.01052710563475572
487,3 simple tai chi moves to erase all holiday family drama—guaranteed or your money back.,3 simple tai chi moves to erase all holiday family drama,overstatement,0,0.7267133593559265,0.8159359097480774,-0.08922255039215088,0.8955584168434143,0.620870567578328,624.0459594726562,5,0.3333333333333333,0.5560258625651195
488,cherokee nation leader announces 32 red a winner,The Cherokee Nation leader announced a winner of 32 Reds.,sarcasm,1,0.5346315503120422,0.6373395919799805,-0.10270804166793823,0.8856319189071655,0.05307712171072445,1147.905029296875,9,0.9,0.04700679315073807
489,sessions vows to protect all deeply held religious bigotry,Sessions vow to protect all deeply held religious bigotry.,sarcasm,0,0.9260669350624084,0.9160071015357971,0.010059833526611328,0.9559834599494934,0.5873949094699213,347.7367248535156,3,0.3333333333333333,0.5615398179117749
490,paul ryan slits auto mechanic's throat to kick off gop purge of working class,Paul Ryan slits the auto mechanic's throat to kick off the GOP purge of working class.,sarcasm,0,0.9534939527511597,0.9534208178520203,7.31348991394043e-05,0.9597653746604919,0.393755531055134,177.55836486816406,6,0.375,0.37791292478777166
491,nation exhibits strange preoccupation with manner in which food is processed,The nation is concerned about the manner in which food is processed.,sarcasm,0,0.8909080028533936,0.8829320669174194,0.007975935935974121,0.8312631845474243,0.33180774028439425,30.40566635131836,6,0.5,0.2758195588462903
492,How two parents 'home-schooled' their kids by shackling them. Innovative parenting at its finest.,how two parents 'home-schooled' their kids by shackling them,irony,0,0.9786965847015381,0.9043484926223755,0.0743480920791626,0.8889373540878296,0.41653323821535565,39.374725341796875,7,0.5,0.37027195466879387
493,report: you're far too dumb to be reading the mueller report yourself,A report indicates that you are too dumb to read the mueller report yourself.,sarcasm,1,0.918483316898346,0.8485210537910461,0.0699622631072998,0.92380690574646,0.11889099988983354,131.4769287109375,9,0.6428571428571429,0.10983232672932983
494,concerned text from mom ​gleefully ​mocked like ramblings of village idiot,A concerned text from a mother is described as a rambling of a village idiot.,sarcasm,0,0.6872341632843018,0.6417905688285828,0.045443594455718994,0.828020453453064,0.07432998184513635,177.59307861328125,10,0.6666666666666666,0.061546745272567815
495,report: much of u.s. still underpaved,A report indicates that much of the U.S. remains underdeveloped.,understatement,0,0.8271450400352478,0.5376400947570801,0.2895049452781677,0.4938738942146301,0.0446323613785333,27.565980911254883,8,0.8,0.022042758122010897
496,self-defense instructor keeps a couple of secrets to himself,A self-defense instructor keeps a few secrets to himself.,understatement,0,0.7703934907913208,0.8398785591125488,-0.06948506832122803,0.9743140339851379,0.3549481056010053,87.68643951416016,4,0.4444444444444444,0.34583092062349824
497,man born to party dies partying,A man born to a party dies while partying.,overstatement,0,0.7155424952507019,0.645647406578064,0.06989508867263794,0.9670372009277344,0.14923729480049117,423.3529968261719,4,0.4444444444444444,0.1443180158378941
498,small town beginning to wonder what taking heroin epidemic so long to get there,A small town is beginning to wonder what it takes to reach the heroin epidemic.,irony,0,0.6317041516304016,0.6501176953315735,-0.018413543701171875,0.9224464893341064,0.2102369368326755,51.48242950439453,10,0.6666666666666666,0.19393232430965782
499,area throat-clearer to go see movie,A local throat-clearer is scheduled to attend a movie.,irony,0,0.6944431066513062,0.9237391352653503,-0.2292960286140442,0.7517114877700806,0.028517539529041507,124.15032958984375,7,0.7777777777777778,0.021436962066917874
500,"Texas deputy victim of 'cold-blooded' gas station attack, because who needs safety when refueling?",texas deputy victim of 'cold-blooded' gas station attack,irony,0,0.6032934784889221,0.5401153564453125,0.06317812204360962,0.8381727337837219,0.3213863618224058,203.7874755859375,8,0.5714285714285714,0.2693772854894903
501,campaign adviser recommends throwing old blanket over romney for debates,A campaign adviser recommends throwing an old blanket over Romney for debates.,satire,0,0.8606743216514587,0.805850088596344,0.054824233055114746,0.9767707586288452,0.317023313852343,616.0665893554688,4,0.3333333333333333,0.3096591027745836
502,Check out these exhausted Olympians at the end of the decathlon. They look fresh.,check out these exhausted olympics at the end of the decathlon,understatement,0,0.6374142169952393,0.7639161944389343,-0.12650197744369507,0.7885832786560059,0.35723792743670973,94.15885925292969,6,0.42857142857142855,0.2817118560783169
503,"HuffPost Rise: Your essential guide for February 15, a date that changes everything.",huffpost rise: your essential guide for february 15,overstatement,1,0.8177750706672668,0.7072728276252747,0.11050224304199219,0.9065362215042114,0.07358282223449895,537.7101440429688,10,0.7692307692307693,0.06670549363607876
504,nation's ivy leaguers share hearty laugh that dartmouth grad thinks she can talk shit on anyone,The Iowa Leaguers share a hearty laugh that a Dartmouth grad thinks she can talk shit on anyone.,sarcasm,0,0.9344942569732666,0.9143368601799011,0.02015739679336548,0.8531962037086487,0.41180376356915777,190.1642303466797,7,0.3888888888888889,0.35134940775013934
505,"This year's flu season is so apocalyptic, it's already RSVPing to your funeral.",this year's flu season is apocalyptic,overstatement,0,0.6256711483001709,0.7654554843902588,-0.1397843360900879,0.7620724439620972,0.1582341759519314,284.0987854003906,9,0.6923076923076923,0.12058590518601686
506,"Pope to address Congress on morality, they'll listen intently.",pope to address congress on morality,irony,0,0.7301548719406128,0.8758174180984497,-0.14566254615783691,0.8910439014434814,0.05795053470733952,1798.96533203125,6,0.6666666666666666,0.051636470536363686
507,Arizona Republicans want to prosecute protesters like terrorists – peaceful protest is so violent.,arizona republicans want to prosecute protesters like terrorists,sarcasm,0,0.9423531293869019,0.949326753616333,-0.006973624229431152,0.9042498469352722,0.3213863618224058,714.7677001953125,8,0.5714285714285714,0.2906135684849945
508,41 photos of presidential pets over time? The ultimate historical document for pet lovers.,41 photos of presidential pets over time,satire,0,0.8954085111618042,0.657071590423584,0.23833692073822021,0.9377598762512207,0.29765372490051634,914.380126953125,8,0.5714285714285714,0.2791277202284231
509,white house graciously accepts saudi prince's thank-you gift of severed yemeni head,The White House accepts the Saudi prince's thank-you gift of a severed Yemeni head.,sarcasm,0,0.8919779062271118,0.7958777546882629,0.09610015153884888,0.9763323068618774,0.19674979811155635,84.02838897705078,8,0.5714285714285714,0.19209318426486446
510,Revenge via Snapchat? Because nothing says justice like filtered selfies.,revenge: 'i've seen a lot of filtered selfies on instagram',satire,0,0.9286186695098877,0.6482608914375305,0.2803577780723572,0.73545241355896,0.021105340631872645,152.31582641601562,10,1.0,0.015521973706694722
511,Will robotics breed a new generation of super professionals? Or just a new generation of unemployed philosophers?,will robotics breed a new generation of super professionals?,rhetorical_question,1,0.8628146648406982,0.7534245252609253,0.10939013957977295,0.92448890209198,0.35492969367213006,367.2460632324219,9,0.5294117647058824,0.3281285628227903
512,world's oldest woman just pleased every other human on earth when she was born now dead,The world's oldest woman is pleased with every other human on earth when she was born.,irony,0,0.8812305331230164,0.824944257736206,0.0562862753868103,0.9189571738243103,0.5423782837718303,52.72658920288086,6,0.375,0.49842241479864097
513,"Scientists reveal the secret to charisma: be yourself, smile, and don't be boring—revolutionary.","scientists reveal the secret to charisma: be yourself, smile and don't be boring",overstatement,0,0.8465690612792969,0.7129697203636169,0.13359934091567993,0.9796879291534424,0.5783569866465142,90.42281341552734,3,0.23076923076923078,0.5666093585591486
514,supreme court justices brought to tears by heartfelt testimony of bigot who hates gay people,Supreme Court justices were brought to tears by testimony of Bigot who hates gay people.,irony,0,0.9434457421302795,0.9412510395050049,0.002194702625274658,0.9743053913116455,0.2722589423069702,116.85199737548828,6,0.4,0.2652633553224873
515,Mnuchin touts Trump's call for unconstitutional veto – democracy is so last season.,mnuchin touts donald trump's call for unconstitutional veto,irony,0,0.9628376960754395,0.8992984890937805,0.06353920698165894,0.7747883796691895,0.1956676107876841,539.714599609375,9,0.6923076923076923,0.1516009911159314
516,"Scott Walker works wonders on job numbers, unemployment vanishes magically.",scott walker works wonders on job numbers,sarcasm,0,0.9827126264572144,0.9759207963943481,0.006791830062866211,0.7780654430389404,0.26782849591300867,1342.7852783203125,6,0.6,0.20838809733100813
517,Firefighters are overjoyed to rescue a dozen police officers from an elevator – thank goodness for that break from doughnut duty.,firefighters are overjoyed to rescue a dozen police officers from an elevator,sarcasm,0,0.9723361134529114,0.9816750884056091,-0.009338974952697754,0.926995038986206,0.4268313634950563,86.72956085205078,10,0.47619047619047616,0.3956705564436352
518,"Oh, let's all be thrilled to learn how 'Serial' was made, because who doesn't love endless true crime podcasts?",how'serial' was made,sarcasm,1,0.9375157952308655,0.6874234676361084,0.2500923275947571,0.46353474259376526,0.0005485610283327929,1795.0863037109375,18,0.9473684210526315,0.0002542770950652123
519,Oops: hot mic catches Al Roker going to the bathroom – the scandal of the century!,oops: hot mic catches al roker going to the bathroom,understatement,0,0.9141679406166077,0.7377362251281738,0.17643171548843384,0.8934141397476196,0.20850333290253842,696.9158935546875,9,0.5625,0.18627982579963293
520,"A new joint message from the Kremlin and Trump admin – the dynamic duo of democracy, I'm sure.",a new joint message from the kremlin and trump admin,sarcasm,0,0.9787977337837219,0.9687236547470093,0.010074079036712646,0.90044105052948,0.19199242796476848,486.2204895019531,11,0.6111111111111112,0.17287786353030163
521,"My battle with depression and anxiety: it's not so bad, really.",my battle with depression and anxiety,understatement,0,0.6381478309631348,0.5795822739601135,0.05856555700302124,0.8726943135261536,0.22083358203177395,56.65696716308594,7,0.6363636363636364,0.19272021127474048
522,"Gene Simmons, the epitome of rock 'n' roll, tells aspiring musicians to abandon dreams and get a real job. Rock on!","gene sanders, the epitome of rock 'n' roll, tells aspiring musicians to abandon their dreams",sarcasm,0,0.871828556060791,0.8286337852478027,0.04319477081298828,0.7217292785644531,0.480368664402279,58.055335998535156,10,0.47619047619047616,0.34669612960402674
523,"Whiteness History Month causes controversy? I'm shocked, because history months are always so unifying.",whiteness history month causes controversy,sarcasm,0,0.9363409876823425,0.9211412072181702,0.015199780464172363,0.9158738255500793,0.010561658476875811,4464.6025390625,13,0.9285714285714286,0.009673146553369674
524,McDonald's uses bachata princess to target Hispanics – because nothing says 'authentic' like corporate music.,mcdonald's uses bachata princess to target hispanics,satire,0,0.9384194016456604,0.9081822633743286,0.030237138271331787,0.8354408144950867,0.19605997334125028,1069.6856689453125,10,0.6666666666666666,0.1637965038180991
525,"A 'Married... with Children' spinoff is happening, finally bringing quality television back.",a'married... with children' spinoff is happening,overstatement,1,0.9364965558052063,0.5577573776245117,0.3787391781806946,0.8746000528335571,0.0351487760467425,919.6903686523438,9,0.75,0.030741121387515856
526,"Chronic stress creates hormonal havoc: just a little stress, no big impact on health.",chronic stress creates hormonal havoc,understatement,0,0.5666025280952454,0.6398887038230896,-0.07328617572784424,0.9406746029853821,0.04395541994992161,2902.7724609375,11,0.7857142857142857,0.04134774721044825
527,"Voting in Myanmar's first free election in 25 years, let's see if it's actually free this time.",voting in birmingham's first free election in 25 years,irony,0,0.9168977737426758,0.9613251686096191,-0.04442739486694336,0.6195410490036011,0.19204616400673585,149.27642822265625,11,0.6470588235294118,0.11898048190585074
528,A baby and a dog sit for photos monthly for two years. This isn't adorable; this is a commitment to content farming of epic proportions.,a baby and a dog sit for photos monthly for two years,overstatement,0,0.6766317486763,0.6964338421821594,-0.019802093505859375,0.8906652927398682,0.2797473662906489,278.06005859375,15,0.6,0.2491612698904679
529,"Well, that protest really brought people together, didn't it?",a protest that brought people together,irony,0,0.8707247972488403,0.6517155766487122,0.21900922060012817,0.7675707936286926,0.06227190212960362,145.38790893554688,6,0.6666666666666666,0.04779809333838812
530,"When Trump goes low, Latinos go high – except when they're being deported, then they're just trying to survive.","when trump goes low, latinos go high",irony,0,0.8363810777664185,0.8834543228149414,-0.04707324504852295,0.8583324551582336,0.018811583401694264,282.48602294921875,15,0.7894736842105263,0.016146592566590113
531,Lisa Bloom planned to discredit accusers: defending the indefensible since forever,lisa bloom planned to discredit accusers,sarcasm,0,0.9278973937034607,0.8482797741889954,0.07961761951446533,0.9372844696044922,0.08781124185932357,4903.8037109375,8,0.7272727272727273,0.08230411325142788
532,Melania Trump mocked for teaching kids digital responsibility? She's clearly the moral compass we all need.,melania trump mocked for teaching kids digital responsibility,sarcasm,0,0.966253936290741,0.9695025086402893,-0.00324857234954834,0.9189230799674988,0.19018379497840193,10772.7158203125,11,0.6875,0.17476427864146044
533,third knocked-over glass of water makes man want to give up,A man has a third glass of water knocked over.,overstatement,0,0.5724133253097534,0.5018017292022705,0.07061159610748291,0.8341473937034607,0.1073897713503587,118.11727142333984,11,1.0,0.08957889788231228
534,gop convention to feature strong lineup of conservative women listeners,The GOP convention will feature a strong lineup of conservative women listeners.,sarcasm,0,0.9300109148025513,0.9642820954322815,-0.034271180629730225,0.9598315954208374,0.3448444257953326,155.15817260742188,5,0.4166666666666667,0.33099257538311666
535,Protesters swarm ICE HQ after raids – because what better way to solve immigration issues than with more enforcement?,protesters swarm ice HQ after raids,irony,0,0.9431091547012329,0.9058610200881958,0.03724813461303711,0.8427639603614807,0.024872846753496367,8935.759765625,15,0.7894736842105263,0.020961938835440796
536,Trusting in grace? In this economy? How quaint.,trusting in grace,rhetorical_question,1,0.8389958143234253,0.7107929587364197,0.12820285558700562,0.7099274396896362,0.021460411779726157,2969.37451171875,7,0.875,0.015235335189466301
537,One local election will definitively reshape the entire political cosmos for the GOP. No exaggeration here.,one local election will reshape the entire political cosmos for the gop,overstatement,0,0.5128853917121887,0.8296205401420593,-0.3167351484298706,0.9484502077102661,0.4543142611141302,218.62828063964844,6,0.375,0.4308944553194329
538,fourth-grade teacher polishing up speech on this not being third grade anymore,A fourth-grade teacher is polishing up his speech on this not being a third-grade teacher.,irony,0,0.9373829364776611,0.9399451017379761,-0.0025621652603149414,0.9056692719459534,0.31535540524901323,54.692138671875,6,0.4,0.2856077002760949
539,"Betsy DeVos, the epitome of clarity, struggles to explain her own rules.","betsy devos, the epitome of clarity, struggles to explain her own rules",sarcasm,0,0.9327865242958069,0.8945974707603455,0.038189053535461426,0.9771442413330078,0.7102992180127422,236.40345764160156,3,0.25,0.6940647905044897
540,"Delta Airlines celebrates first black female captain, tokenism much?",delta airlines celebrates first black female captain,sarcasm,0,0.8737728595733643,0.9542960524559021,-0.08052319288253784,0.8860527276992798,0.30895757752065417,4019.454833984375,5,0.5555555555555556,0.27375270430553733
541,"gm workers strike for 2,000-peso raise","Gm workers are protesting for a 2,000-peso raise.",irony,0,0.9674597978591919,0.9743956327438354,-0.006935834884643555,0.8710944652557373,0.03655552228545124,83.93344116210938,5,0.625,0.031843313137389334
542,angelina jolie stuns in first rollerblading competition since double mastectomy,An angelina jolie performs in a rollerblading competition since her double mastectomy.,irony,0,0.7669754028320312,0.8865655660629272,-0.119590163230896,0.8453336954116821,0.11530568323789493,184.49700927734375,5,0.4166666666666667,0.09747177931345857
543,fashion industry pretends to care about plus-size models,The fashion industry claims to care about plus-size models.,sarcasm,0,0.9722275733947754,0.9712117910385132,0.001015782356262207,0.9646830558776855,0.3549481056010053,49.784854888916016,3,0.3333333333333333,0.34241242318917325
544,clinton campaign airlifts 200 crates of volunteers to wisconsin headquarters,Clinton campaign airlifts 200 volunteers to wisconsin headquarters.,overstatement,0,0.9448606371879578,0.9473574757575989,-0.0024968385696411133,0.9105954766273499,0.18005673404388986,793.6744995117188,4,0.4,0.16395884755665985
545,henry rollins laboriously explains why buying organic is punk rock,Neil Rollins explains why buying organic is a punk rock product.,satire,0,0.929527759552002,0.9473283886909485,-0.017800629138946533,0.9043458104133606,0.40352786374639904,487.6784362792969,5,0.45454545454545453,0.3649287329641094
546,ryan zinke calls for legislation to slow down destruction of wildlife so he can truly savor every minute of it,Ryan Zinke calls for legislation to slow down the destruction of wildlife so he can enjoy it every minute.,sarcasm,0,0.9539344906806946,0.9693483710289001,-0.015413880348205566,0.9575018882751465,0.4918537211621339,72.84017181396484,8,0.4,0.47095086676790054
547,bertolli packaging promises empty ravioli floating in filling-saturated water in just 5 minutes,Bertolli packaging promises empty ravioli floating in water in 5 minutes.,sarcasm,0,0.8197477459907532,0.7477772235870361,0.07197052240371704,0.9457614421844482,0.4459126808702173,425.7600402832031,4,0.3076923076923077,0.42172702014815033
548,Caitlyn Jenner gets candid with Diane Sawyer again – because the world needs more celebrity confessions.,caitlyn jenner gets candid with david sawyer again,satire,0,0.9398356080055237,0.6601496934890747,0.279685914516449,0.8262263536453247,0.05434388648448332,984.1168212890625,12,0.75,0.0449003511729901
549,republicans give in right before obamacare would have been repealed,Republicans give in before Obamacare would have been repealed.,irony,1,0.8166745901107788,0.571799099445343,0.2448754906654358,0.9495662450790405,0.13977121394614234,104.05626678466797,4,0.4,0.1327220267969776
550,fbi releases list of criminals it in no particular rush to track down,The FBI releases a list of criminals it intends to track down.,sarcasm,0,0.785081148147583,0.9608877897262573,-0.17580664157867432,0.9010502099990845,0.24107473040766186,45.2171516418457,8,0.6153846153846154,0.2172204364592964
551,"HuffPollster: Republican women really don't like Trump: They're mildly uncomfortable, but hey, party loyalty comes first, right?",huffpollster: republican women really don't like trump,understatement,0,0.6690431237220764,0.901398777961731,-0.23235565423965454,0.8763428926467896,0.09852859740626557,537.6050415039062,13,0.7647058823529411,0.08634483605943774
552,Sharing dreams is important? To your Instagram followers?,sharing your dreams is important to your social media followers,rhetorical_question,0,0.6897051334381104,0.9537520408630371,-0.26404690742492676,0.7901158928871155,0.04939382737115371,90.77338409423828,7,0.7,0.03902684801647116
553,desperate u.s. colleges weigh emergency bob marley legend ban,U.S. colleges are considering an emergency Bob Marley legend ban.,overstatement,0,0.904730498790741,0.8402247428894043,0.06450575590133667,0.8801203966140747,0.02777619034011792,186.4069061279297,8,0.8,0.024446391658572614
554,peter strzok summoned before congress again for texts calling trey gowdy 'a pissy little shithead',Peter Rodriguez was summoned before Congress again for texts calling Trey Gowdy 'a pissy little shithead'.,sarcasm,0,0.6883018612861633,0.6956144571304321,-0.007312595844268799,0.7772270441055298,0.24677894099899664,247.8531494140625,7,0.4375,0.1918032668601431
555,$5 million bounty placed on recession,A $5 million bounty was placed on the recession.,overstatement,0,0.5582717657089233,0.5828895568847656,-0.024617791175842285,0.9597484469413757,0.14923729480049117,115.80175018310547,4,0.4444444444444444,0.14323026191050364
556,mass grave blasted for lack of diversity,The mass grave is criticized for lack of diversity.,satire,0,0.5379061102867126,0.7392422556877136,-0.20133614540100098,0.7863512635231018,0.14923729480049117,126.81605529785156,4,0.4444444444444444,0.11735293533113586
557,"new york family man latest victim of nation's misguided war on tax evasion, perjury, campaign finance violations","New York family man is the latest victim of the nation's misguided war on tax evasion, perjury and campaign finance violations.",satire,0,0.9075325131416321,0.9472947716712952,-0.039762258529663086,0.9304217100143433,0.33246844418058435,47.595497131347656,8,0.38095238095238093,0.3093358583603075
558,"Election cycle so terrifying, haunted houses now include voter fraud simulations",election cycle is terrifying and haunted houses include voter fraud simulations,overstatement,0,0.9180296659469604,0.9097439646720886,0.008285701274871826,0.9818105697631836,0.28997844147152074,2446.5693359375,5,0.45454545454545453,0.28470389884019376
559,"Donors giving to Orlando victims' fund at a record rate—because in times of tragedy, generosity always shines through... right?",donors giving to orlando victims' fund at a record rate,irony,0,0.6185467839241028,0.8935271501541138,-0.274980366230011,0.8808774948120117,0.18368857957428913,427.32086181640625,12,0.631578947368421,0.1618071358009767
560,"papal apartments found filled with old newspapers, empty pill bottles, mangy cats","Papal apartments were found filled with old newspapers, empty pill bottles, and mangy cats.",satire,0,0.6504722237586975,0.5302783250808716,0.12019389867782593,0.9767885208129883,0.5437427682227519,113.43675994873047,4,0.2857142857142857,0.5311216942750614
561,Kids sue government over climate change: since when do children have rights?,kids sue government over climate change,rhetorical_question,0,0.7148088812828064,0.9391980767250061,-0.2243891954421997,0.9150376915931702,0.18693159143202892,184.1185760498047,8,0.6666666666666666,0.17104945190980136
562,"Texas leads the abortion限制 charge, a shining model for the nation.",texas leads the abortion charge,sarcasm,0,0.9521393775939941,0.918916642665863,0.033222734928131104,0.7848811149597168,0.034222269664256,1731.339599609375,9,0.8181818181818182,0.02686041317053334
563,Kate Middleton battles a disease that leaves you feeling lost and alone—because royalty isn't all glamour.,kate middleton battles a disease that leaves you feeling lost and alone,irony,1,0.6510130763053894,0.7851070165634155,-0.13409394025802612,0.8410401940345764,0.5089516295822079,271.2958679199219,7,0.4375,0.428048777298034
564,A flawless display of harmony that makes every divorced family feel inadequate and inspired.,a flawless display of harmony that makes every divorced family feel inadequate and inspired,irony,0,0.9738963842391968,0.9698586463928223,0.004037737846374512,0.970212459564209,0.8385766789076257,481.19488525390625,2,0.14285714285714285,0.8135975421761534
565,job placement service helps students who fail out of dad's alma mater find work at dad's company,A job placement service helps students who fail out of their father's alma mater find work at their father's company.,satire,0,0.9701340794563293,0.9434086680412292,0.026725411415100098,0.9430371522903442,0.5830738459889044,49.00849914550781,6,0.3,0.5498602992963552
566,"Schock faces scrutiny nationwide, but his home district is just bursting with pride for their scandal-prone rep.","scott schock faces scrutiny nationwide, but his home district is bursting with pride",sarcasm,0,0.8599336743354797,0.8205426931381226,0.03939098119735718,0.8492048978805542,0.4927962762773293,599.5781860351562,7,0.4117647058823529,0.4184850114720068
567,"The worst place for a child? Anywhere without Wi-Fi, obviously.",the worst place for a child,overstatement,1,0.7434552907943726,0.8652932643890381,-0.12183797359466553,0.7609876394271851,0.2608840516436559,75.16455078125,6,0.6,0.19852953862450556
568,'what if no one travels anywhere ever again?' wonders panicked transportation secretary,"The transportation secretary asks, 'What if no one travels anywhere ever again?'",rhetorical_question,1,0.6756662726402283,0.6181793212890625,0.05748695135116577,0.8859826922416687,0.5706745777055999,119.13510131835938,9,0.75,0.5056077987494848
569,john kerry actually pretty good at windsurfing now,John Kerry enjoys windsurfing.,understatement,0,0.8299760818481445,0.9351991415023804,-0.10522305965423584,0.872502863407135,0.0,380.7590637207031,8,1.0,0.0
570,"Diabetes rates may be leveling off, so we can all breathe easy now.","diabetes rates may be leveling off, so we can all breathe",understatement,0,0.9149986505508423,0.8203089237213135,0.09468972682952881,0.9646660089492798,0.7446697386219441,153.1459197998047,3,0.23076923076923078,0.7183575847417342
571,who's this little guy?,Who is this little guy?,rhetorical_question,1,0.94797283411026,0.9603672027587891,-0.012394368648529053,0.9835262298583984,0.26591479484724945,25.97235870361328,2,0.4,0.26153417563968473
572,Discover the 5 napping myths you've fallen for – because who doesn't love a good nap-scare?,5 napping myths you've fallen for,satire,0,0.6179046034812927,0.8321051001548767,-0.21420049667358398,0.8664525151252747,0.18887560283756186,638.7738037109375,10,0.625,0.16365174112440795
573,mom thinks you'd enjoy restaurant she can't remember name of right now,A mother thinks she would enjoy a restaurant she cannot remember.,understatement,0,0.6024707555770874,0.65177321434021,-0.04930245876312256,0.8306018114089966,0.04328649145305472,224.66424560546875,11,0.9166666666666666,0.0359538382104473
574,tank rolls by living room window,A tank is rolled by a living room window.,irony,1,0.6097643971443176,0.5059245824813843,0.10383981466293335,0.8589076995849609,0.06030725360407769,186.4842529296875,5,0.5555555555555556,0.05179836446136521
575,37 separate aneurysms on verge of rupturing inside reince priebus' brain,37 separate aneurysms are on the verge of rupturing inside Reince Pencebus' brain.,overstatement,1,0.7331690788269043,0.6437190175056458,0.08945006132125854,0.8413519859313965,0.2891784933232572,214.85260009765625,5,0.38461538461538464,0.24330089964617152
576,"Amazon shelves the series before it begins, because why take risks on sci-fi?",amazon shelves the new sci-fi series before it begins,sarcasm,0,0.5911756753921509,0.7276238203048706,-0.13644814491271973,0.8529363870620728,0.09568802664841457,134.3595428466797,10,0.7692307692307693,0.08161579973459807
577,"This country's capital just made it punishable to catcall women – finally, a law against 'compliments'.",this country's capital just made it punishable to catcall women,sarcasm,0,0.9370662569999695,0.9490456581115723,-0.011979401111602783,0.8487591743469238,0.48301556221513736,241.241455078125,7,0.4375,0.4099638897824352
578,"Channing Tatum teases Gambit with vague hype – because we all trust superhero movie promises, right?",channing tatum teases 'gamit' with vague hype,sarcasm,0,0.9096083045005798,0.8035411238670349,0.10606718063354492,0.6823124289512634,0.04856507409206696,1148.6890869140625,12,0.75,0.03313655366595628
579,woman digs excitedly into ingrown hair around bikini line like grave robber pillaging spoils of the dead,"A woman digs excitedly into ingrown hair around a bikini line, like a grave robber pillaging spoils of the dead.",overstatement,0,0.7549824118614197,0.8288658261299133,-0.07388341426849365,0.964149534702301,0.5468017145144113,160.07762145996094,5,0.25,0.52719861862349
580,Inclusion riders for all films: Affleck and Damon's fix for Hollywood,inclusion riders for all films: affleck and damon,sarcasm,0,0.9417087435722351,0.599941611289978,0.3417671322822571,0.9676804542541504,0.2512421854739509,1687.7923583984375,6,0.5454545454545454,0.2431221521672383
581,gallant amazon user heroically defends 'fringe' season 2 box set from negative reviewers,An Amazon user defends a Season 2 box set from negative reviewers.,sarcasm,0,0.9484328627586365,0.8941144943237305,0.054318368434906006,0.8291641473770142,0.31727218786905187,344.425048828125,6,0.46153846153846156,0.26307072314088226
582,"Matt Bomer, Zachary Quinto prep 'Boys in the Band' for Broadway. Another reboot, how original.","matt bomer,  Zachary quinto prep 'boys in the band' for 'boys in the band'",sarcasm,0,0.6640816926956177,0.8640440702438354,-0.19996237754821777,0.7887564897537231,0.03536389861883236,477.4761657714844,10,0.6666666666666666,0.02789350453859675
583,bush dies peacefully in his sleep,Bush died peacefully in his sleep.,understatement,1,0.6674321293830872,0.6601115465164185,0.007320582866668701,0.9506983160972595,0.20205155046766235,55.745849609375,3,0.5,0.19209006879444704
584,thursday cry moved up to wednesday due to scheduling conflict,The thursday cry was moved to wednesday due to scheduling conflicts.,irony,1,0.5836445093154907,0.6587945818901062,-0.07515007257461548,0.950242280960083,0.4172261448611506,152.76454162597656,4,0.36363636363636365,0.39646592356904176
585,brad pitt bored with sight of jennifer aniston's naked body,Brad Pitt is bored with the naked body of Jennifer Anniston.,sarcasm,0,0.561465859413147,0.63926100730896,-0.07779514789581299,0.9198131561279297,0.059609942732681,110.63213348388672,9,0.8181818181818182,0.054830009561552456
586,deadlocked supreme court: 'someone's voting twice',A deadlocked supreme court states that'someone's voting twice'.,rhetorical_question,0,0.8165091872215271,0.8337531685829163,-0.01724398136138916,0.9201111793518066,0.06500593260343691,2444.2490234375,5,0.625,0.0598126853126124
587,mark zuckerberg defends decision to fly confederate flag at facebook headquarters,Mark Zuckerberg defends his decision to fly the Confederate flag at Facebook headquarters.,sarcasm,0,0.9384242296218872,0.9248067140579224,0.013617515563964844,0.9785204529762268,0.10120193244194395,67.75957489013672,7,0.5384615384615384,0.0990281607751605
588,new pepsi negative-220 burns twice the calories it contains,Pepsi negative-220 contains twice the calories it contains.,overstatement,1,0.6191441416740417,0.5148003101348877,0.10434383153915405,0.9113875031471252,0.3376459109063278,344.99542236328125,4,0.4444444444444444,0.3077262636887548
589,nra criticizes video game makers for downplaying portrayal of euphoric rush felt watching light leave enemy's eyes,The NRA criticizes video game makers for downplaying the portrayal of an euphoric rush felt watching light leave the enemy's eyes.,satire,0,0.7575042843818665,0.8633115291595459,-0.10580724477767944,0.9447275400161743,0.4845766087853281,228.5511016845703,6,0.2857142857142857,0.4577928675671431
590,flea market vendor could possibly let unidentifiable lump go for $15,A flea market vendor could sell a lump for $15.,irony,1,0.7912328839302063,0.7174263596534729,0.0738065242767334,0.9111290574073792,0.2630501434025343,150.9408721923828,6,0.5454545454545454,0.239672629209227
591,Plane diverted because Ebola virus reclined its seat—the ultimate in in-flight terror.,plane diverted because ebola virus reclined its seat,overstatement,0,0.9061198830604553,0.7824927568435669,0.12362712621688843,0.9495210647583008,0.1048451277926229,2249.017822265625,7,0.5833333333333334,0.09955265737637141
592,fox cancels apatow's 40-year-old virgin,Fox cancels Apache's 40-year-old virgin.,satire,0,0.8488249778747559,0.7729535102844238,0.07587146759033203,0.7511557936668396,0.06389431042462725,161.89244079589844,3,0.6,0.0479945814578063
593,White House creates more problems – innovative problem-making at its finest.,white house creates more problems,satire,0,0.9823148250579834,0.9531797170639038,0.02913510799407959,0.8364781141281128,0.08009199706981218,897.3685302734375,8,0.7272727272727273,0.06699520266571082
594,Twitter bad for language? Study says no—because emojis and hashtags are the height of eloquence.,"twitter is bad for language, study says",irony,0,0.7636458277702332,0.7926126718521118,-0.028966844081878662,0.7969791889190674,0.024653236470203323,204.8946533203125,13,0.8666666666666667,0.019648116406252615
595,kids in bus accident mocked by kids in passing bus,Children in a bus accident were mocked by children in a passing bus.,irony,0,0.9005380868911743,0.8776479363441467,0.022890150547027588,0.9635483622550964,0.05344445934790546,86.47122192382812,6,0.46153846153846156,0.05149632127628339
596,"Bill de Blasio, Adam Smith and the living wage movement, proving that economic theories are best discussed over coffee.","bill de blasio, adam smith and the living wage movement",irony,0,0.9583134055137634,0.8419578671455383,0.1163555383682251,0.7089591026306152,0.11292956255471857,267.1443176269531,14,0.7368421052631579,0.08006244132926121
597,"Police arrest suspects in Brazil—a rare feat, considering the usual chaos.",police arrest suspects in brazil,irony,0,0.9403383731842041,0.9122352600097656,0.028103113174438477,0.9138606786727905,0.08009199706981218,1252.6177978515625,8,0.7272727272727273,0.0731929267984777
598,Collective impact? As if communities can work together.,collective impact,sarcasm,1,0.9021528959274292,0.5272809863090515,0.3748719096183777,0.831200122833252,0.0,1413.9678955078125,8,1.0,0.0
599,"Cooking off the cuff: mushrooms make the meatloaf (duck doesn't hurt either), because why use one expensive, unusual protein when you can use two?",cooking off the cuff: mushrooms make the meatloaf (duck doesn't hurt either),rhetorical_question,1,0.899800717830658,0.9037994146347046,-0.003998696804046631,0.7587724924087524,0.29689921002426245,140.27415466308594,14,0.5833333333333334,0.22527895358429928
600,pete buttigieg releases comprehensive list of fun personality quirks to include in articles about him,Pete Buttigieg has released a comprehensive list of fun personality quirks to include in articles about him.,sarcasm,0,0.9246907830238342,0.9186367988586426,0.00605398416519165,0.9666463136672974,0.6102169202557912,101.23133087158203,6,0.35294117647058826,0.5898639365026718
601,every picture on man's tinder clearly from same event where he dressed up,Every picture on a man's tinder is derived from the same event where he dressed up.,irony,0,0.78578120470047,0.8124231100082397,-0.026641905307769775,0.9313864707946777,0.30130404892785684,140.38931274414062,6,0.375,0.28063051476706347
602,Top 10 workout songs: because nothing boosts your cardio like a carefully curated Spotify playlist.,top 10 workout songs,understatement,0,0.5725727081298828,0.6634657979011536,-0.09089308977127075,0.8067113161087036,0.010861626466864211,8372.6787109375,13,0.8666666666666667,0.008762196982165156
603,"Earth without the moon: darker nights, no tides, werewolves jobless.","earth without the moon: darker nights, no tides, werewolves jobless",satire,1,0.7024484276771545,0.8071355819702148,-0.1046871542930603,0.9887521266937256,0.7598356856515925,360.945068359375,2,0.2,0.7512891501257972
604,"Reply all email creates havoc: a digital tsunami that drowns Case Western students in pure, unadulterated spam.",reply all email creates havoc,overstatement,0,0.8906974196434021,0.6424881219863892,0.24820929765701294,0.624548077583313,0.024123245937916486,20967.23046875,14,0.8235294117647058,0.015066126875595205
605,Sikh student shot dead: just another Tuesday in America.,sikh student shot dead in u.s. on tuesday,understatement,0,0.960310161113739,0.6962403655052185,0.2640697956085205,0.9436728954315186,0.057367534172156044,251.3759002685547,7,0.7777777777777778,0.05413618707600508
606,court takes custody of harley from unfit motorcycle mama,A court has taken custody of Harley from an unfit motorcycle mama.,sarcasm,0,0.6141297221183777,0.5515294671058655,0.06260025501251221,0.9801884889602661,0.05637560315259291,353.79315185546875,6,0.5,0.05525871726836366
607,guinea pig returned for store credit,A guinea pig was returned for store credit.,irony,1,0.7731069922447205,0.5889541506767273,0.18415284156799316,0.9621497392654419,0.17286039232097053,97.65686798095703,3,0.375,0.1663175814009438
608,engineers still unable to produce styrofoam cup without little center nub sticking out from bottom,Engineers are still unable to produce a styrofoam cup without a small center nub sticking from the bottom.,overstatement,1,0.6919195055961609,0.5232192277908325,0.16870027780532837,0.922834575176239,0.25448050157066204,53.21462631225586,8,0.4444444444444444,0.23484340555759814
609,actor-comedian pauly shore bad at 32,The actor-comedian Paul Shore is ill at 32.,sarcasm,1,0.5215941667556763,0.7700464725494385,-0.2484523057937622,0.82497638463974,0.03303164318013808,510.6473083496094,6,0.75,0.027250325569460235
610,mom keeps sending newspaper clippings about former classmates who have been murdered,A mother keeps sending newspaper clippings about her former classmates who have been murdered.,irony,0,0.8998146057128906,0.8473392128944397,0.05247539281845093,0.9355847835540771,0.5316967153331754,53.27949905395508,4,0.2857142857142857,0.4974473563314027
611,new archie graphic novel explores rich inner life of jughead,Archie's new graphic novel explores the rich inner life of Jughead.,satire,1,0.5765885710716248,0.7118576765060425,-0.13526910543441772,0.9823103547096252,0.3508439695638686,73.35145568847656,4,0.36363636363636365,0.34463766419001673
612,"cow ted cruz milking in wisconsin photo op only giving curdled, foul liquid","A cow ted cruz was milking in a Wisconsin photo op only giving a curdled, foul liquid.",satire,0,0.8463445901870728,0.698707640171051,0.14763695001602173,0.9535397887229919,0.25217727372554016,601.1756591796875,6,0.35294117647058826,0.24046106430899167
613,"Christophe Michalak: pastry superhero, saving the world one dessert at a time.",michael mccarthy: pastry superhero,understatement,0,0.6336767673492432,0.547373354434967,0.08630341291427612,0.6238130331039429,0.010873221263821838,1850.0418701171875,11,0.9166666666666666,0.006782857136194988
614,Coming Soon: A New 'Fraggle Rock' Movie: A Truly Groundbreaking and Necessary Piece of Modern Cinema,coming soon: a new 'fraggle rock' movie,satire,1,0.861070454120636,0.5036069750785828,0.3574634790420532,0.9095951914787292,0.0,150.85494995117188,16,1.0,0.0
615,enormous grace slick threatens california coastline,An enormous grace slick threatens the California coastline.,overstatement,0,0.6303074359893799,0.6590906381607056,-0.028783202171325684,0.9764803647994995,0.345720784641941,2268.5048828125,4,0.5,0.33758955790593176
616,Laser strikes soar: pilots must love the light show.,laser strikes soar: pilots must love the light show,irony,0,0.9776452779769897,0.97247713804245,0.005168139934539795,0.9918913841247559,0.7259795291154771,1820.4635009765625,2,0.2222222222222222,0.7200928399805891
617,police say conditions too nippy to rescue missing hiker,Police say conditions are too nippy to rescue a missing hiker.,sarcasm,1,0.7688757181167603,0.8403264284133911,-0.07145071029663086,0.9575545787811279,0.28997844147152074,153.77243041992188,4,0.36363636363636365,0.27767018437887
618,19 women react to Girls' finale—as if the world needed more opinions on TV.,19 women react to girls' finale,satire,0,0.9510491490364075,0.9161282181739807,0.03492093086242676,0.9439622163772583,0.13394233819643575,2689.471435546875,10,0.7142857142857143,0.1264365064306598
619,"Burger King has officially revoked its citizenship in a bold, totally normal, and not-at-all-stunt-like move. The culinary world trembles.","burger king has officially revoked its citizenship in a bold, totally normal, and not-at-all-stunt-like move",overstatement,0,0.7839484810829163,0.7855285406112671,-0.00158005952835083,0.9260202050209045,0.594369170846281,79.70133972167969,7,0.3684210526315789,0.5503978614451782
620,senate rejects pipeline plan that would have created thousands of climate activist jobs,The Senate rejects a pipeline plan that would have created thousands of climate activists jobs.,sarcasm,0,0.9243131875991821,0.9348536133766174,-0.010540425777435303,0.9684196710586548,0.5659119256652702,92.31666564941406,5,0.3333333333333333,0.5480402409009308
621,Sign of the times: local governments restrict signs—because free speech is too messy.,sign of the times: local governments restrict signs,sarcasm,0,0.9139569997787476,0.9147265553474426,-0.0007695555686950684,0.840075671672821,0.3641784587358345,528.013916015625,7,0.5384615384615384,0.3059374633312789
622,David Duchovny reveals groundbreaking secrets about the 'X-Files' miniseries that no one asked for.,david duchovny reveals secrets about the 'x-fires' miniseries that no one asked for,satire,1,0.5193706750869751,0.5622256994247437,-0.042855024337768555,0.8319824934005737,0.36883688707312123,176.6392364501953,5,0.35714285714285715,0.30686583296520126
623,naacp demands less minority representation on upn,The NAACP demands less minority representation on Upn.,sarcasm,0,0.683222234249115,0.6928565502166748,-0.009634315967559814,0.9692485928535461,0.5169731539571706,1814.6939697265625,3,0.375,0.5010755020160472
624,Superintendent calls dress code violators 'skanks' – educational excellence at its finest.,superintendent calls dress code violators'skanks',sarcasm,0,0.9784302711486816,0.889005720615387,0.08942455053329468,0.9083273410797119,0.06557378107648686,2133.302978515625,9,0.75,0.05956245820974843
625,moron stepfather takes care of child who doesn't have his genetic material,A moron stepfather takes care of a child who does not have genetic material.,sarcasm,0,0.8314054012298584,0.8371351361274719,-0.005729734897613525,0.9734124541282654,0.32559641262003014,79.26275634765625,6,0.42857142857142855,0.31693960306382285
626,trump postpones grand opening of trump tower moscow until fuss over bombshell report dies down,Trump has delayed the grand opening of Trump Tower Moscow until a fuss over a bombshell report has died.,sarcasm,0,0.916841447353363,0.90879887342453,0.008042573928833008,0.9093356728553772,0.07658412276041004,126.16411590576172,11,0.5789473684210527,0.06964067480037628
627,"Chemistry lessons for leaders: mix policies like chemicals, what could fail",lessons for leaders in chemistry,irony,0,0.668212890625,0.824599027633667,-0.156386137008667,0.7791596055030823,0.034222269664256,1138.1435546875,9,0.8181818181818182,0.026664610131021803
628,rnc: 'we warned you gay marriage would be a slippery slope toward accepting pedophilia',The RNC stated that gay marriage would be a slippery slope toward accepting pedophilia.,sarcasm,0,0.8841421604156494,0.8855589032173157,-0.0014167428016662598,0.9259647130966187,0.5956403592718089,75.71900939941406,5,0.35714285714285715,0.5515419543818874
629,Queer couple discovers 'power of family'? How surprisingly traditional and mundane.,queer couple discovers 'power of family',irony,0,0.9673454761505127,0.8256431818008423,0.1417022943496704,0.9243975877761841,0.22083358203177395,525.2906494140625,7,0.6363636363636364,0.2041380305301459
630,benadryl introduces new non-drowsy allergy dart,Benadryl introduces a new allergy dart.,overstatement,0,0.8207173943519592,0.9457463026046753,-0.12502890825271606,0.930947482585907,0.05372849659117709,333.0951843261719,4,0.6666666666666666,0.050018408644681794
631,U.S. fears Russia ramping up support for Assad – because international relations are just a game of whack-a-mole.,u.s. fears russia will ramp up support for syrian regime,irony,0,0.9265114665031433,0.8843724727630615,0.04213899374008179,0.7675162553787231,0.05043468086751678,177.10157775878906,15,0.8333333333333334,0.038709437400657416
632,Shocking that a Trump pick has Koch ties. Who could have predicted?,'shocking' that trump pick has ties to koch,sarcasm,0,0.5960800051689148,0.787386417388916,-0.19130641222000122,0.8698681592941284,0.039428091187197575,1828.5963134765625,9,0.75,0.0342972411054886
633,"School aide creatively serves pet treats as cookies, students none the wiser.",school aide serves pet treats as cookies,sarcasm,0,0.887654721736908,0.8742099404335022,0.013444781303405762,0.919741690158844,0.21281397709599684,8651.267578125,7,0.5833333333333334,0.19573388698369765
634,man worried harassing messages he sending on dating app getting lost among abuse from other guys,A man is concerned that harassing messages he sends on a dating app is becoming lost among abuse from other men.,sarcasm,0,0.7510432004928589,0.775245189666748,-0.02420198917388916,0.9364393353462219,0.2615311775021803,132.86920166015625,9,0.42857142857142855,0.2449080820324565
635,crocodile bites off bush's arm,A crocodile bites off President Bush's arm.,sarcasm,0,0.8172374367713928,0.5453106760978699,0.27192676067352295,0.9556517004966736,0.16348126556655487,85.3189697265625,4,0.5714285714285714,0.15623114943802646
636,"Holiday dressing: reuse clothes, because fashion is overrated.",holiday dressing: reuse clothes,irony,0,0.8970543146133423,0.6933460235595703,0.20370829105377197,0.867798388004303,0.06250434473199146,6788.95556640625,6,0.75,0.054241169601687435
637,"worthless dog can't talk, drive, solve crimes","A dog cannot talk, drive, or solve crimes.",overstatement,1,0.6284550428390503,0.535925030708313,0.0925300121307373,0.807197093963623,0.06985342056580097,144.4450225830078,4,0.5,0.05638547808413333
638,"Your money or your life: the classic dilemma, now with modern inflation",your money or your life,irony,1,0.8389114141464233,0.9072690606117249,-0.06835764646530151,0.6176913976669312,0.06557378107648686,61.32461929321289,9,0.75,0.04050436048344053
639,archangels already sick of cardinal o'connor telling them how they do it in new york,Archangels are sick of Cardinal O'Connor telling them how to do it in New York.,irony,0,0.8368678092956543,0.9393547773361206,-0.10248696804046631,0.9463000297546387,0.1250076305588977,40.869503021240234,7,0.4666666666666667,0.11829472451744176
640,coworker retreats to remote corner of office to complete disgusting food order,A coworker returned to the remote corner of his office to complete a disgusting food order.,understatement,0,0.8151736259460449,0.7789351344108582,0.03623849153518677,0.8348731994628906,0.12300686288463772,86.35514831542969,6,0.375,0.10269513317239058
641,"White House lawyer insists Trump won't fire Mueller – and we all believe that, don't we?",white house lawyer insists donald trump won't fire michael mccain,rhetorical_question,0,0.8317373991012573,0.8910756707191467,-0.059338271617889404,0.6474161744117737,0.03464082076796055,261.4764709472656,13,0.8125,0.02242702766007694
642,former chinese dissident has your order ready,A former Chinese dissident has your order ready.,irony,1,0.5832468867301941,0.6400774717330933,-0.05683058500289917,0.9725239276885986,0.3655552228545123,366.5466003417969,3,0.375,0.3555112011175513
643,"Great, because a concert will fix everything, right?",this is the best concert in the world,sarcasm,0,0.9820775389671326,0.8326833844184875,0.14939415454864502,0.46286001801490784,0.02777619034011792,32.25996017456055,8,1.0,0.01285648796121249
644,Bernie Sanders tells Donald Trump: stop talking about Bill Clinton's sex life—because Trump is the epitome of discretion.,bernie sanders tells donald trump: stop talking about bill clinton's sex life,sarcasm,0,0.8268955945968628,0.847765326499939,-0.020869731903076172,0.9049021005630493,0.05809632336794161,432.7230529785156,13,0.7222222222222222,0.052571485050640535
645,beauty industry exec keeps photo of crying 15-year-old girl on desk to remind himself why he does this,A beauty industry executive keeps a photo of a crying 15-year-old girl on his desk to remind himself why he does this.,sarcasm,0,0.9457976222038269,0.9417345523834229,0.004063069820404053,0.9282994270324707,0.4328015276270854,34.725223541259766,6,0.2727272727272727,0.40176941011500145
646,Grassroots activists are solving the addiction crisis – because that's worked so well.,grassroots activists are solving the addiction crisis,sarcasm,0,0.9876300692558289,0.9648950099945068,0.02273505926132202,0.9310490489006042,0.3433629176453739,412.15008544921875,7,0.5384615384615384,0.3196877179014619
647,Obama Eats Shave Ice in Hawaii: A Relaxing Start to the Year,obama eats'save ice' in hawaii,understatement,0,0.865742564201355,0.6342781186103821,0.2314644455909729,0.7972278594970703,0.013249284136531224,4223.67626953125,11,0.9166666666666666,0.010562698432035278
648,Ashley Benson is giving us 'Baywatch' vibes – because we needed more reasons to obsess over celebrities.,ashley benson is giving us 'baywatch' vibes,satire,1,0.937047004699707,0.7088710069656372,0.22817599773406982,0.9233273267745972,0.04209998943014297,339.6759033203125,13,0.7647058823529411,0.0388720706977727
649,"Mindfulness as body armor? Because meditation stops bullets, right?",mindfulness as body armor,understatement,0,0.7160810232162476,0.7806475758552551,-0.06456655263900757,0.8097389340400696,0.04867843262263999,2357.32470703125,7,0.7777777777777778,0.039416822142597854
650,"Midlife sex: it's okay, nothing to write home about.","midlife sex: it's okay, nothing to write home about",understatement,0,0.8505659699440002,0.8860771059989929,-0.035511136054992676,0.986238956451416,0.7259795291154771,50.20770263671875,2,0.2222222222222222,0.7159892931999385
651,Senate amendment to 'dramatically improve' heroin treatment – about time they noticed.,senate amendment to 'dramatically improve' heroin treatment,sarcasm,0,0.919575035572052,0.8939763307571411,0.02559870481491089,0.9380980134010315,0.3960914423407551,197.0947723388672,6,0.5,0.37157259518501157
652,7 Trump presidency fashion must-haves: blend in with the swamp.,7 fashion must-haves for trump presidency,satire,0,0.8786508440971375,0.6814530491828918,0.1971977949142456,0.8738985061645508,0.02758512992979458,1204.3802490234375,8,0.8,0.024106603838002526
653,"Two thumbs down on air nonsense, because vague criticisms are the pinnacle of insightful review.",two thumbs down on air nonsense,overstatement,0,0.8607020378112793,0.6619787812232971,0.19872325658798218,0.7146973609924316,0.11337974147240094,2185.740966796875,11,0.7333333333333333,0.08103220202032911
654,literary study finds all modern narratives derived from classic 'alien vs. predator' conflict,A literary study finds that modern narratives are derived from the classic conflict between alien and predator.,satire,0,0.8795819878578186,0.8159525394439697,0.06362944841384888,0.9664193391799927,0.08910017878980071,212.9033660888672,9,0.5294117647058824,0.08610813590685841
655,The conundrum of the midterms: choosing between two piles of garbage.,the conundrum of the midterms,irony,1,0.8827597498893738,0.7160572409629822,0.1667025089263916,0.7149428129196167,0.08009199706981218,75.5606689453125,8,0.7272727272727273,0.05726119767744122
656,Antoni Porowski strips for Hanes: underwear ads just got Queer Eye.,antoni porowski strips for harvey hanes: underwear ads just got queer eye,sarcasm,0,0.9296973347663879,0.8666973114013672,0.06300002336502075,0.943877637386322,0.2521193618434983,8962.857421875,6,0.5,0.23796982759618843
657,ghost of carl sagan warns against dangers of superstition,The ghost of Carl Sagan warns against the dangers of superstition.,satire,0,0.6374256610870361,0.5027093291282654,0.13471633195877075,0.971950888633728,0.06904573083274564,44.791107177734375,5,0.45454545454545453,0.06710905943925231
658,$13 bacon cheeseburger-stuffed donut: the culinary innovation that will change breakfast forever!,$13 bacon cheeseburger-stuffed donut,overstatement,1,0.5642626881599426,0.8132743239402771,-0.24901163578033447,0.8722221255302429,0.0538140946637381,140.23690795898438,9,0.75,0.04693784403109135
659,new don blankenship campaign ad touts jobs created in wake of upper big branch mining disaster,A new don blankenship campaign advertisement highlights jobs created in the wake of an upper big branch mining disaster.,sarcasm,0,0.9735543727874756,0.978291392326355,-0.0047370195388793945,0.9272040128707886,0.33488655580657256,923.5206909179688,6,0.3157894736842105,0.31050815840033136
660,vocalist leaves journey tribute band over creative differences,A vocalist leaves the Journey tribute band over creative differences.,satire,0,0.6849048733711243,0.532055675983429,0.1528491973876953,0.9469022154808044,0.31239399369202553,470.91827392578125,4,0.4,0.29580656472987543
661,authorities say dozens of bystanders failed to act as man went about his life,Authorities say many bystanders failed to act as a man went about his life.,irony,1,0.6916236877441406,0.659501850605011,0.03212183713912964,0.9504398107528687,0.45723134461864345,83.19822692871094,5,0.35714285714285715,0.43457087264962313
662,Serena Williams: 'Doctors aren't listening' so black women are dying—but sports commentary is more important.,serena williams: 'doctors aren't listening' so black women are dying,understatement,0,0.933399498462677,0.9441460967063904,-0.010746598243713379,0.911089301109314,0.31356006812336346,209.7834930419922,9,0.6,0.2856812233223041
663,Southwest's 'True North' means never getting lost... or maybe just cheaper flights.,southwest's 'true north' means never getting lost,overstatement,0,0.9454251527786255,0.7064421772956848,0.23898297548294067,0.8869339227676392,0.08003089005192225,409.87744140625,9,0.75,0.07098211125633704
664,candidates preparing for colorado debate conditions with high-altitude speaking drills,Candidates prepare for colorado debate conditions with high-altitude speaking drills.,overstatement,0,0.916632890701294,0.9095852375030518,0.0070476531982421875,0.9886125922203064,0.6389431042462724,759.6376953125,3,0.3,0.6316671985701968
665,Giants release player over abuse? NFL's moral compass is so reliable.,the nfl's moral compass: the 'giants' release a player over abuse,sarcasm,0,0.9696223139762878,0.8547319769859314,0.11489033699035645,0.908410370349884,0.04740604259878138,411.2127380371094,11,1.0,0.043064140713981375
666,bush vows to put man on moon before it disappears at end of month,President Bush vows to put a man on the moon before it disappears at the end of the month.,overstatement,0,0.6834719777107239,0.7286403775215149,-0.045168399810791016,0.9586948156356812,0.3014335251508215,23.2081298828125,7,0.3684210526315789,0.2889827578208803
667,shakira just not feeling up to jiggling ass today,Shakira is not feeling up to jiggling ass today.,understatement,1,0.8669475317001343,0.8782668709754944,-0.011319339275360107,0.9699265360832214,0.5873949094699213,105.14092254638672,3,0.3333333333333333,0.5697299098550782
668,authorities say country still an active shooter situation,Authorities say the country remains active in shooting cases.,sarcasm,0,0.8220295906066895,0.8131592869758606,0.008870303630828857,0.8132402300834656,0.03155984539112946,145.20639038085938,7,0.7777777777777778,0.025665735927280723
669,"Billy Eichner comedy special heading to Netflix, finally some entertainment.",lizard eichner's comedy special is heading to nba,understatement,0,0.8710809350013733,0.7372400760650635,0.13384085893630981,0.5676137804985046,0.06469512492861311,706.9653930664062,7,0.7,0.03672184444055314
670,"nation dutifully gets in cars, stands in line, watches new star wars movie","The nation enters cars, stands in line and watches a new Star Wars movie.",sarcasm,0,0.948479950428009,0.9339796304702759,0.014500319957733154,0.894689679145813,0.08406863224415036,110.86190795898438,10,0.7142857142857143,0.07521533760874623
671,Andy Mientus: A Broadway and TV star you may have vaguely heard of,elizabeth mientus: a Broadway and tv star you may have heard of,understatement,1,0.9257001876831055,0.8827198147773743,0.0429803729057312,0.7666826844215393,0.263558592604558,468.6512756347656,5,0.38461538461538464,0.2020658092804254
672,millions of people prince william would never deign to speak to captivated by royal wedding,Millions of people believe Prince William would never deign to speak to captivated by the royal wedding.,sarcasm,0,0.8017882108688354,0.7066894173622131,0.09509879350662231,0.9078842401504517,0.4636645919987623,74.00801849365234,6,0.35294117647058826,0.42095377579146553
673,"Even Bush's environment chief calls Trump's energy plan bonkers – when your环保 chief thinks you're nuts, you might be nuts.",even bush's environment chief calls donald trump's energy plan bonkers,irony,0,0.8171403408050537,0.8875453472137451,-0.0704050064086914,0.8254467844963074,0.06462613646424778,1774.18896484375,15,0.75,0.05334543653883289
674,"Reporter confronts racist, who learns a valuable lesson, no doubt.",reporter confronts 'racist' who learns a valuable lesson,sarcasm,0,0.7839115858078003,0.8738040328025818,-0.0898924469947815,0.9245868921279907,0.2846946938149361,637.97412109375,5,0.5,0.2632249821596817
675,satellite frantically trying to bounce signal to swearing man's phone,A satellite is trying to bounce a signal to a man's phone while swearing.,satire,0,0.8469631671905518,0.9489485025405884,-0.10198533535003662,0.9263187646865845,0.10743014571163138,121.3409652709961,6,0.42857142857142855,0.09951455986569815
676,Genius inventions for napping anywhere? The pinnacle of human innovation.,genius inventions for napping anywhere,overstatement,0,0.9807966947555542,0.9548982977867126,0.025898396968841553,0.9348959922790527,0.09782458612762486,4366.2822265625,7,0.7,0.0914558135170735
677,hillary clinton threatened by black man,Hillary Clinton is threatened by a black man.,sarcasm,0,0.5921567678451538,0.8558561205863953,-0.26369935274124146,0.948131263256073,0.06500593260343691,65.24227905273438,5,0.625,0.06163415699843578
678,Rubio's path is smooth as butter. This 'rocky road' metaphor is spot on.,bobo rubio's path is smooth as butter,irony,1,0.7838921546936035,0.5464795827865601,0.23741257190704346,0.7992326021194458,0.17447394295753052,894.5044555664062,10,0.7692307692307693,0.13944526343198688
679,"Gender equality will change everyone's lives, especially privileged men",gender equality will change everyone's lives,satire,0,0.9679663181304932,0.9738812446594238,-0.005914926528930664,0.9340275526046753,0.3081980909598119,104.98822021484375,5,0.5555555555555556,0.2878655086166262
680,historical archives: popular hymns heard sung of late.,Historical archives: popular hymns were sung of late.,satire,0,0.6220698356628418,0.8276304602622986,-0.2055606245994568,0.9774535298347473,0.23119742295813953,203.46917724609375,2,0.25,0.22598473715913053
681,siblings playing tense game of chicken to decide who going to care for mom,The siblings are playing a tense game of chicken to decide who will care for their mother.,satire,0,0.6641669869422913,0.5585058331489563,0.10566115379333496,0.9434529542922974,0.4052127766461669,43.52452087402344,7,0.4117647058823529,0.382299191243811
682,Larry Kudlow 'Leaning' Toward Senate Run in Connecticut: Exactly What Our Economic Policy Needs—More TV Pundits,larry kudlow 'leaning' toward a senate run in kentucky,sarcasm,1,0.7779002785682678,0.642013430595398,0.13588684797286987,0.7523888349533081,0.011017167600428483,482.6578063964844,16,1.0,0.00828919389537172
683,"Hillary Clinton is incredibly tough on Wall Street, if you count taking their money as a sign of strength.",hillary clinton is incredibly tough on wall street,sarcasm,1,0.9237709641456604,0.7417386770248413,0.1820322871208191,0.9202678203582764,0.08741190345016817,212.94662475585938,15,0.7894736842105263,0.08044236186145436
684,man on gurney has brief word with protagonist before entering ambulance,A man on Gurney has a brief word with his protagonist before entering an ambulance.,irony,0,0.5626724362373352,0.7169353365898132,-0.15426290035247803,0.9756523370742798,0.12874330508144843,159.42373657226562,6,0.4,0.12560870648538217
685,voter dreading being sent over to visibly stupid poll worker,A voter is dreading being sent over to a potentially stupid poll worker.,sarcasm,0,0.7936785817146301,0.8122443556785583,-0.018565773963928223,0.937842071056366,0.3438931217657843,191.19020080566406,5,0.38461538461538464,0.3225174375388622
686,greyhound now offering direct service from kansas to l.a. porn director's driveway,Greyhound is now offering direct service from Kansas to the L.A. porn director's driveway.,satire,0,0.8393334150314331,0.9273355603218079,-0.08800214529037476,0.9832345247268677,0.3161487584488943,122.72212982177734,6,0.42857142857142855,0.31084837425648787
687,sun dreading rising today,The sun is dreading rising today.,irony,1,0.5386127233505249,0.6112534999847412,-0.07264077663421631,0.9591512680053711,0.09554427922043669,491.76239013671875,3,0.5,0.09164141656494108
688,Test-driven teacher evaluations strike out—because nothing improves education like more testing.,test-driven teacher evaluations strike out,sarcasm,0,0.9319100379943848,0.9385544061660767,-0.0066443681716918945,0.8616229295730591,0.08009199706981218,1239.1529541015625,8,0.7272727272727273,0.06900910115064844
689,mexicans sweeping the nation,Mexicans are sweeping the nation.,sarcasm,0,0.848086953163147,0.8990036249160767,-0.05091667175292969,0.9696860909461975,0.11362193664674995,141.57009887695312,3,0.6,0.11017761159272346
690,"Erick Erickson, noted sexist, slams Donald Trump for being sexist: the pot calling the kettle black.","eric erickson, noted sexist, slams donald trump for being sexist",irony,0,0.8051153421401978,0.8818747997283936,-0.0767594575881958,0.8887213468551636,0.07208393585152544,1154.0057373046875,11,0.6875,0.06406253255658889
691,HuffPost Rise: your daily dose of indispensable news you can't live without.,huffpost rise: your daily dose of essential news you can't live without,overstatement,0,0.8522645235061646,0.8316107392311096,0.02065378427505493,0.9280558824539185,0.4240125351805037,216.7443084716797,4,0.3333333333333333,0.3935073275084655
692,heartless monster walks out of local small business without buying anything,A monster walks out of a local small business without buying anything.,sarcasm,0,0.5943290591239929,0.6722004413604736,-0.07787138223648071,0.8506896495819092,0.53107253497887,97.30912780761719,3,0.25,0.4517779086837511
693,Josef Koudelka's enigmatic art: where every photo leaves you puzzled.,joef koudelka's enigmatic art,irony,1,0.6975895762443542,0.6389333009719849,0.058656275272369385,0.8192294836044312,0.017926911178691992,1185.8087158203125,9,0.9,0.014686254187542346
694,"Finally, a remake of 'Hocus Pocus' that no one asked for. Because who needs original ideas?",a remake of 'hocus pocus' that no one asked for,irony,0,0.6036940217018127,0.6070544719696045,-0.003360450267791748,0.8536804914474487,0.20850333290253842,51.78261184692383,9,0.5625,0.17799522770067
695,chinese citizens observe 25-year moment of silence for tiananmen square massacre,Chinese citizens observe a 25-year silence during the tiananmen square massacre.,irony,0,0.8088798522949219,0.9134494066238403,-0.10456955432891846,0.9516439437866211,0.06238986072117501,110.38868713378906,7,0.6363636363636364,0.05937293310899699
696,popular new exercise app just tells users they ran 5 miles a day no matter what,"A popular new exercise app tells users that they ran 5 miles a day, regardless of the weather.",satire,0,0.9683873653411865,0.9485235810279846,0.019863784313201904,0.8458566665649414,0.36615107686578496,77.1386489868164,8,0.4444444444444444,0.3097113293368565
697,thick sweater no match for determined nipples,A thick sweater is not suitable for nipples that are determined.,irony,1,0.8238756656646729,0.8723748326301575,-0.04849916696548462,0.8054825663566589,0.04740604259878138,290.6067199707031,8,0.7272727272727273,0.038184740853279525
698,apple announces new iphone with n-word on back knowing customers will buy it anyway,"Apple announced a new iPhone with a n-word on its back, indicating that customers will buy it anyway.",sarcasm,0,0.9446592330932617,0.9477876424789429,-0.0031284093856811523,0.9532824754714966,0.17181529671327242,47.16791915893555,10,0.5555555555555556,0.16378851137469802
699,that cheesecake sitting on the table: what if it accidentally fell into your mouth?,a cheesecake sitting on the table,rhetorical_question,1,0.9490084052085876,0.7208582162857056,0.22815018892288208,0.6473881006240845,0.13394233819643575,92.74681854248047,10,0.7142857142857143,0.0867126759181393
700,Tyra Banks brings tears to teen designer's eyes with this so-called heartwarming surprise,tyran banks brings tears to teen designer's eyes,irony,0,0.9254798889160156,0.7322850823402405,0.19319480657577515,0.8074874877929688,0.3641784587358345,2983.793701171875,7,0.5384615384615384,0.2940695487529143
701,lazy event planner throws 'bags of ice'–themed party,A lazy event planner throws 'bags of ice' themed party.,sarcasm,0,0.8350376486778259,0.9259892702102661,-0.09095162153244019,0.958336591720581,0.5169731539571706,1693.638916015625,4,0.4,0.4954342903743541
702,another fond childhood memory destroyed,A childhood memory has been destroyed.,understatement,1,0.6034892797470093,0.7461130023002625,-0.14262372255325317,0.8236327171325684,0.08633400213704504,105.21043395996094,5,0.8333333333333334,0.07110750876106336
703,quick scan of room confirms area man once again sweatiest person present,A quick scan of the room confirms that the area man is the sweatiest person present.,sarcasm,1,0.5564417839050293,0.534724771976471,0.02171701192855835,0.9191200733184814,0.10074708078532289,69.78443145751953,7,0.4375,0.09259866427802894
704,Dustin Lance Black praises Hollywood's accurate depiction of trans actors,dustin lance black praises hollywood's accurate depiction of trans actors,sarcasm,0,0.9573830962181091,0.9614095687866211,-0.004026472568511963,1.0000001192092896,0.4111336169005197,646.4165649414062,4,0.4,0.4111336169005197
705,'game of thrones' actors reveal reading script for zombie battle and realizing they wasted careers,The 'Game of Thrones' actors reveal that they read the script for a zombie battle and realized they wasted their careers.,sarcasm,0,0.8519783616065979,0.8451400399208069,0.006838321685791016,0.9306458234786987,0.07681104116622756,69.25804138183594,11,0.5238095238095238,0.07148387465840007
706,A new kind of Valentine's Day – because the old ways of commercialized romance weren't enough.,a new kind of valentine's day,irony,0,0.8946853280067444,0.6655184030532837,0.2291669249534607,0.7863340377807617,0.03816260839884378,47.37190628051758,13,0.8125,0.030008557954508838
707,hire of local moron gives nation hope for employment,The hiring of a local moron gives the nation hope for employment.,sarcasm,0,0.9747267961502075,0.984860897064209,-0.010134100914001465,0.953496515750885,0.14734754237051595,139.98976135253906,5,0.4166666666666667,0.14049536825474285
708,5 reasons to let your mind wander? Like we need an excuse to daydream at work.,5 reasons to let your mind wander,irony,1,0.7518355250358582,0.7670873403549194,-0.01525181531906128,0.8684606552124023,0.2236800154620159,89.52498626708984,10,0.625,0.19425729278606263
709,"handlers constantly reminding gingrich to stay on uninspiring, belittling message","The handlers are constantly reminding Warren to remain on an uninspiring, belittling message.",sarcasm,0,0.8421693444252014,0.8778282999992371,-0.035658955574035645,0.6034910678863525,0.05344445934790546,132.9915313720703,6,0.46153846153846156,0.03225325384447622
710,woman always gets best ideas while taking shower with two jacked dudes,A woman always gets the best ideas while taking a shower with two jacked dudes.,overstatement,0,0.9605826735496521,0.9677910804748535,-0.007208406925201416,0.9667633175849915,0.40484119186599643,151.83367919921875,4,0.26666666666666666,0.3913856137434328
711,"Argentina: where losing is a national pastime, and everyone's a sore loser.",argentina: where losing is a national pastime,irony,0,0.9661760330200195,0.9680657386779785,-0.0018897056579589844,0.8941261768341064,0.30096441267171586,191.6543426513672,7,0.5833333333333334,0.2691001596652836
712,struggling us airways introduces $100 million bomb fee,"U.S. Airways, struggling, introduces a $100 million bomb fee.",sarcasm,0,0.9071226716041565,0.9040330052375793,0.0030896663665771484,0.9421310424804688,0.12753431387594827,120.47449493408203,5,0.5555555555555556,0.12015403608397845
713,creative asterisk makes reader unaware of word 'fuck',A creative asterisk makes the reader unaware of the word 'fuck'.,sarcasm,0,0.5169943571090698,0.536415159702301,-0.0194208025932312,0.9560943841934204,0.16306686105372709,144.6508331298828,4,0.36363636363636365,0.15590731010151726
714,clinton vetoes 'stab clinton' bill,Clinton vetoed the 'Stay Clinton' bill.,irony,0,0.6630643010139465,0.8346596360206604,-0.17159533500671387,0.7796176075935364,0.0,200.85585021972656,6,1.0,0.0
715,Why say 'at the end of the day'? Is timekeeping that hard?,why say 'at the end of the day',rhetorical_question,1,0.941228449344635,0.9095342755317688,0.03169417381286621,0.8079544305801392,0.41266825715677186,17.187572479248047,6,0.5,0.33341714672959805
716,owner of cheap motel fixes sign to flicker just right,The owner of a cheap motel fixes the sign to flicker right.,understatement,0,0.8476794362068176,0.9225127696990967,-0.07483333349227905,0.9546858668327332,0.161089927696874,214.98049926757812,5,0.4166666666666667,0.15379027726131245
717,"Gorsuch will get his big payback, just like Thomas, justice is a pay-to-play game.",michael gorsuch will get his big payback,overstatement,0,0.8094825744628906,0.7882219552993774,0.021260619163513184,0.7521170973777771,0.15124760523215708,195.9302215576172,11,0.7857142857142857,0.11375590983254988
718,rumsfeld: 'my half-assed job here is done',"Rumsfeld stated, 'My half-assed job here is done.'",sarcasm,0,0.6974518895149231,0.5375293493270874,0.1599225401878357,0.9582219123840332,0.345720784641941,89.47795867919922,4,0.5,0.3312772314105092
719,sounds of air hockey coming from supreme court chambers,The sounds of air hockey come from supreme court chambers.,irony,0,0.9611494541168213,0.9455394744873047,0.015609979629516602,0.9538230895996094,0.37991784282579627,528.5315551757812,3,0.3,0.3623744106381198
720,historians reveal thousands of immigrants were forced to change hairstyle at ellis island,History shows that thousands of immigrants were forced to change their hairstyle at the island of Elliot.,satire,0,0.8202806115150452,0.7452084422111511,0.07507216930389404,0.8354323506355286,0.395671672945243,74.05609893798828,7,0.4117647058823529,0.33055691580853647
721,"Kris Jenner turned up for drunken Valentine's karaoke, setting the bar high for family gatherings.",kristi jenner turned up for drunken valentine's karaoke,sarcasm,0,0.9620777368545532,0.8267465829849243,0.1353311538696289,0.9060155749320984,0.14411786453067818,167.4213104248047,11,0.7333333333333333,0.13057302989074865
722,Texas schools innovate: storing food instead of trashing it.,texas schools innovate: storing food instead of trashing it,sarcasm,0,0.9558969140052795,0.9535326361656189,0.0023642778396606445,0.9891752600669861,0.7259795291154771,819.2671508789062,2,0.2222222222222222,0.7181209895161101
723,historians uncover lost socrates dialogues where he just gave up and started screaming that opponent a fucking brainwashed shill,Historical historians uncover lost socrates dialogues where he just gave up and started screaming that his opponent was a brainwashed shill.,satire,0,0.8863242864608765,0.8721945881843567,0.014129698276519775,0.9614790678024292,0.6713093593153819,247.3516082763672,5,0.23809523809523808,0.6454498970015994
724,bashful terrorists won't take credit for attack,Terrorists who are bashful won't take credit for the attack.,irony,0,0.8994401693344116,0.8256437182426453,0.07379645109176636,0.9180551767349243,0.2777619034011791,60.95169448852539,6,0.6,0.25500075331719846
725,"sadly, gift certificate to loews cinemas perfect gift for area man",A gift certificate to a loews cinemas is a perfect gift for a local man.,irony,0,0.8238850235939026,0.9254979491233826,-0.10161292552947998,0.8674846291542053,0.1250076305588977,129.46449279785156,7,0.4666666666666667,0.10844219803683126
726,F.A.S.T. Thinking Saved Lane's Mom: Just Another Day Being a Hero,f.a.s.t. thinking saved lane's mom,understatement,1,0.6478655338287354,0.7779335975646973,-0.13006806373596191,0.8785489797592163,0.0,366.15496826171875,11,1.0,0.0
727,Ten infallible rules for startup ideas that guarantee you'll be the next billionaire by lunchtime.,10 infallible rules for startup ideas,overstatement,0,0.9415549635887146,0.775348424911499,0.16620653867721558,0.7877362370491028,0.16954225822593183,755.6031494140625,10,0.6666666666666666,0.13355458051570282
728,youngest sibling in family kind of thought mom would lose steam by now,The youngest sibling in the family thought their mother would lose steam.,understatement,0,0.8154798746109009,0.5821352601051331,0.23334461450576782,0.9000905752182007,0.10608634983804321,142.44110107421875,9,0.6923076923076923,0.0954873236485236
729,woman with amazing rack told she has beautiful eyes,A woman with an amazing rack is told she has beautiful eyes.,understatement,0,0.9537467360496521,0.953416645526886,0.0003300905227661133,0.9662092924118042,0.28646290158800986,163.5343475341797,4,0.3333333333333333,0.2767831174455833
730,"Oh, because nothing says 'beautiful' like being stranded and alone.",stranded and alone,irony,1,0.9266955852508545,0.8446263670921326,0.08206921815872192,0.5793108940124512,0.023300535123570106,476.469970703125,8,0.8,0.013498253833403917
731,traveler amazed by sheer number of mexicans,A traveler is amazed by the sheer number of Mexicans.,sarcasm,0,0.8369013071060181,0.8430840373039246,-0.006182730197906494,0.9495879411697388,0.13747081017605653,113.75444793701172,4,0.4,0.13054062360601748
732,Mattress with 40k reviews is $200 off – buy now before you miss out on this once-in-a-lifetime deal!,mattress with 40k reviews is $200 off,satire,0,0.9380254745483398,0.5150111317634583,0.4230143427848816,0.9459977149963379,0.16809045253443375,490.5632629394531,12,0.6666666666666666,0.15901318401027473
733,Paul Ryan endorses Trump's order but laments the chaos he endorsed,"paul ryan endorses donald trump's order, but criticizes the chaos he endorses",sarcasm,0,0.9070155024528503,0.8231021761894226,0.08391332626342773,0.9424192905426025,0.09578464408619825,182.06838989257812,7,0.5833333333333334,0.09026929632459064
734,avoiding popular songs somehow accomplishment for local man,A local man is avoiding popular songs.,sarcasm,0,0.9398012757301331,0.9402624368667603,-0.00046116113662719727,0.7135753631591797,0.08563683466425753,758.0922241210938,8,1.0,0.0611083353953502
735,"good cop, avid-stamp-collector cop routine not working",A good cop and avid collector cop routine is not working.,satire,0,0.9477465748786926,0.8713667988777161,0.07637977600097656,0.8453130722045898,0.04740604259878138,723.6553955078125,7,0.6363636363636364,0.040072947510237544
736,Paul Manafort apparently thinks misleading a federal judge is worth a sunny vacation in Florida.,paul manafort apparently thinks misleading a federal judge is worth a sunny vacation in florida,sarcasm,0,0.9638473987579346,0.9427802562713623,0.021067142486572266,0.987923264503479,0.7760114635728617,447.2944641113281,3,0.2,0.7666397783850241
737,"A blue fuzzy fighter stole the spotlight before Mayweather-McGregor fight. Clearly, the real battle was against fashion sense.",blue fuzzy fighter stole the spotlight before mayweather-mcgregor fight,overstatement,0,0.7312658429145813,0.6373723745346069,0.09389346837997437,0.9003946185112,0.26707294347290855,951.7333984375,11,0.6111111111111112,0.24047104105295278
738,Josh Earnest's briefing: the most disastrous event in WH history,joe earnest's briefing,overstatement,0,0.8928830623626709,0.7668576240539551,0.12602543830871582,0.7854235172271729,0.0,26484.5703125,10,1.0,0.0
739,"experimental anti-aging treatment still has few kinks, report infant researchers",Infant researchers report that experimental anti-aging treatment still has few kinks.,satire,0,0.594685435295105,0.7719324231147766,-0.17724698781967163,0.9711098670959473,0.49616830003403634,159.33921813964844,8,0.7272727272727273,0.4818339319032751
740,"What's working to reduce obesity? Nothing, apparently—thanks for asking.",what's working to reduce obesity?,rhetorical_question,1,0.7076979875564575,0.7691788673400879,-0.06148087978363037,0.9372479319572449,0.3004843884984905,128.0996551513672,5,0.5555555555555556,0.2816283717056476
741,wild-eyed marco rubio embarks in rowboat to help venezuela coup effort,"Marco Rubio, a wild-eyed, embarks on a rowboat to assist in Venezuela's coup effort.",overstatement,0,0.8814848065376282,0.8432570099830627,0.03822779655456543,0.9523285627365112,0.03798229226827674,101.90898895263672,10,0.7142857142857143,0.036171621805286096
742,tumbleweed of pubes rolls through desolate dorm bathroom,A tumbleweed of a pubes was found in the dorm bathroom.,overstatement,1,0.6333261728286743,0.7534448504447937,-0.12011867761611938,0.8218563199043274,0.04740604259878138,180.97286987304688,7,0.6363636363636364,0.03896095571146224
743,report: countless invasive species detained in epa black sites,A report indicates that countless species are detained in Epa Black sites.,satire,0,0.7311517000198364,0.6593497395515442,0.07180196046829224,0.8757460713386536,0.0428361950754725,662.3390502929688,9,0.75,0.037513629548441216
744,secret service not sure if that suit of armor was in oval office yesterday,The Secret Service is not sure if a suit of armor was in the oval office yesterday.,sarcasm,1,0.810651957988739,0.6525383591651917,0.15811359882354736,0.955643892288208,0.3146660996956415,59.885013580322266,7,0.4117647058823529,0.3007087362842922
745,mom's christmas stocking noticeably less full,A mother's christmas stocking is less full.,understatement,0,0.7480359077453613,0.6584405303001404,0.08959537744522095,0.9116948246955872,0.07730551756939454,210.0520477294922,4,0.5714285714285714,0.07047904028843079
746,chinese tv show canceled after drawing only 180 million viewers,The Chinese television show was canceled after drawing only 180 million viewers.,sarcasm,0,0.9061205983161926,0.8932603597640991,0.012860238552093506,0.9383067488670349,0.43361890903486755,121.60659790039062,5,0.4166666666666667,0.4068675487837771
747,krispy kreme doughnuts described to sioux city relatives,Krispy Kreme doughnuts were described to residents of Sioux City.,irony,0,0.6995024085044861,0.7488791346549988,-0.049376726150512695,0.9509741067886353,0.04939382737115371,113.79839324951172,7,0.7,0.04697225086515495
748,last person to voluntarily write essay dies,The last person to voluntarily write an essay died.,overstatement,1,0.5322149395942688,0.5294883847236633,0.0027265548706054688,0.9531595706939697,0.4671379777282001,146.2129364013672,3,0.3333333333333333,0.4452570343062604
749,"Obama cracks down on payday lenders—predatory loans now feel slightly guilty, problem solved",obama cracks down on payday lenders,sarcasm,0,0.9179871678352356,0.9261770844459534,-0.008189916610717773,0.892781138420105,0.1582341759519314,296.8104553222656,9,0.6923076923076923,0.1412684877433325
750,tragic oscar-night camera malfunction leaves seven critically underpublicized,An oscar-night camera malfunction left seven critically underpublicized individuals.,understatement,1,0.5709488391876221,0.5433483123779297,0.027600526809692383,0.9307432174682617,0.19960198807747329,1034.7691650390625,3,0.3333333333333333,0.1857781965962891
751,report: authorities recommend the film 'you've got mail' for those snowed in today,Authorities recommend the film 'You've Got Mail' for those snowed in today.,irony,1,0.5614908933639526,0.8900307416915894,-0.3285398483276367,0.9755746126174927,0.2820992995327679,121.89077758789062,6,0.46153846153846156,0.2752089148613461
752,trump mocks christine blasey ford for forgetting basic facts about a woman's place,Trump mocked Christine Blasey Ford for forgetting basic facts about a woman's place.,sarcasm,0,0.8360044360160828,0.8157177567481995,0.0202866792678833,0.9555544853210449,0.4703709593866897,58.55125045776367,6,0.46153846153846156,0.4494650800067144
753,Coffee pouring puzzle: the deepest philosophical dilemma since 'is the fridge light on?',coffee pouring puzzle: the deepest philosophical dilemma since 'is the fridge light on?',overstatement,1,0.9047252535820007,0.8861796259880066,0.01854562759399414,1.0000001192092896,0.912167909070388,840.9529418945312,1,0.07692307692307693,0.912167909070388
754,Clint Dempsey discusses the immense pressure of playing soccer—world-changing stuff.,clint dempsey discusses the immense pressure of playing soccer,overstatement,0,0.8882104158401489,0.8492124676704407,0.03899794816970825,0.9647722840309143,0.525624059490303,1134.9974365234375,4,0.4,0.5071075244160608
755,UT Austin stabbing: minor incident with one fatality.,u.s. texas stabbing: one fatality,understatement,1,0.7775800228118896,0.6247569918632507,0.15282303094863892,0.809015691280365,0.035065941041239286,197.7183074951172,6,0.75,0.028368896531874722
756,"study: only 40% of mice have little welcome mat, doorway leading to tiny home inside wall",A study shows that only 40% of mice have little welcome mat and doorway leading to a tiny home inside the wall.,satire,0,0.6953859329223633,0.7308247685432434,-0.03543883562088013,0.9682105779647827,0.37946257796638555,179.95315551757812,9,0.4090909090909091,0.3673996819288406
757,Three Jews visit Scandinavia? And this is news because...?,3 jimmys visit skandinavia,rhetorical_question,1,0.9348985552787781,0.6133562326431274,0.32154232263565063,0.37600117921829224,0.023018609596144116,376.7198791503906,8,0.8888888888888888,0.008655024352115685
758,son of edward r. murrow says father 'real dirtbag' compared to onion reporters,Son of Edward R. Murrow says his father is'real dirtbag' compared to onion reporters.,satire,0,0.6104463338851929,0.7613789439201355,-0.15093261003494263,0.9740069508552551,0.2044800736021839,312.43804931640625,7,0.5,0.1991650129999213
759,News Roundup: Mildly interesting tidbits from a day like any other.,news roundup,understatement,0,0.8722860813140869,0.8304598927497864,0.04182618856430054,0.7189009785652161,0.0,373507.09375,11,1.0,0.0
760,'aryan notions' opens sixth berlin location,'Arian notions' opens a sixth location in Berlin.,satire,0,0.6605482697486877,0.7115867137908936,-0.05103844404220581,0.7071844935417175,0.06985342056580097,890.3278198242188,5,0.625,0.04939925584498256
761,democratic scouts head to tampa to get closer look at mitt romney,Democratic scouts head to tampa to look at Mitt Romney.,sarcasm,0,0.5424858331680298,0.9536614418029785,-0.41117560863494873,0.9520646929740906,0.3699033744491308,168.88211059570312,5,0.4166666666666667,0.3521719426249918
762,book about michael jackson available for purchase,A book about Michael Jackson is available for purchase.,understatement,1,0.8185360431671143,0.7841649651527405,0.03437107801437378,0.9673010110855103,0.07171781507224269,37.298770904541016,5,0.5555555555555556,0.069372715032224
763,man who can't get enough mucus enjoying winter season,A man who cannot get enough mucus is enjoying the winter season.,overstatement,0,0.9432770609855652,0.9335635304450989,0.009713530540466309,0.9383239150047302,0.11530568323789493,132.30772399902344,5,0.4166666666666667,0.10819408011807687
764,"15 hot guys supporting Bernie to make you #feelthebern, because policies are overrated",15 hot guys supporting Bernie to make you #feelthebern,satire,0,0.9625337719917297,0.9648316502571106,-0.0022978782653808594,0.9175459146499634,0.5535566902494308,351.3118591308594,5,0.38461538461538464,0.5079136796655204
765,man betrays his heart by telling friend he can have last dumpling,A man betrays his heart by telling his friend he can have his last dumpling.,sarcasm,0,0.6327316164970398,0.5728394389152527,0.05989217758178711,0.962049126625061,0.5038920485259633,68.41046905517578,4,0.26666666666666666,0.4847689051977158
766,entertainment weekly wins excellence-in-caption-pun award,The entertainment weekly received an award for excellence-in-caption.,satire,0,0.7647314071655273,0.9050632119178772,-0.14033180475234985,0.8640342950820923,0.06500593260343691,140.79544067382812,5,0.625,0.056167355153164615
767,Russian jets have 'unsafe' encounters? Just a friendly wave from the sky.,russian jets have 'unsafe' encounters,understatement,0,0.8671051859855652,0.9026247262954712,-0.035519540309906006,0.9024584889411926,0.06557378107648686,582.4930419921875,9,0.75,0.0591776153844469
768,"jim davis, guy who does 'heathcliff' get together for annual lunch to discuss doing cat cartoons","Jim Davis, a man who does 'Heathcliff', gathers for an annual lunch to discuss doing cat cartoons.",irony,0,0.9346271753311157,0.9064836502075195,0.02814352512359619,0.9550063610076904,0.3263598326609893,198.04061889648438,9,0.5294117647058824,0.31167571616865014
769,5 states to decide whether to legalize marijuana or continue honoring god,5 states will decide whether to legalize marijuana or continue honoring God.,sarcasm,0,0.7713919878005981,0.7694611549377441,0.001930832862854004,0.9615913033485413,0.670422683816333,128.18556213378906,2,0.16666666666666666,0.6446726223253746
770,Government watchdog to investigate Trump's voter fraud commission – because investigating itself would be too meta.,government watchdog to investigate trump's voter fraud commission,irony,0,0.7466259002685547,0.8108001351356506,-0.06417423486709595,0.8553014993667603,0.08505277875811797,263.11614990234375,10,0.625,0.07274576919712764
771,Republicans reject disclosure—because transparency is so overrated in a democracy.,republicans reject disclosure,sarcasm,0,0.8624961376190186,0.8524036407470703,0.010092496871948242,0.8340136408805847,0.011018142789200103,1682.2860107421875,9,0.9,0.00918928138336294
772,new teen trend 'walking wet and nude' couldn't have caught on at worse time,A new teen trend 'walking wet and nude' has not been seen at a better time.,irony,0,0.855664074420929,0.8914295434951782,-0.03576546907424927,0.9037796854972839,0.3850322886878713,182.07681274414062,8,0.5,0.34798436077662376
773,grumblethor the mischievous pleased with mayhem his magical antics have wrought upon white house–fbi relations,Grumblethor is pleased with the mayhem his magical antics have wrought upon White House and the FBI relations.,satire,0,0.6044887900352478,0.9264319539070129,-0.32194316387176514,0.9205561280250549,0.3715770152515523,289.28759765625,10,0.5555555555555556,0.34205749842307576
774,"Shocking news: Rachel McAdams has aged! The horror, the humanity!",shocking news: rachel mahers has aged,sarcasm,1,0.8374673128128052,0.6052495241165161,0.23221778869628906,0.7131739854812622,0.024925978674400287,1405.74072265625,8,0.8,0.017776559553243
775,All the 2017 Grammy winners: the cultural event that reshaped civilization,all the 2017 kardashian winners,overstatement,0,0.9389492273330688,0.6625296473503113,0.27641957998275757,0.34939950704574585,0.034222269664256,475.0530090332031,9,0.8181818181818182,0.011957244150677627
776,mom leaves sweet little note for sixth-grader in add prescription bottle,A mother leaves a sweet note for a sixth-grader in a prescription bottle.,irony,0,0.5663151144981384,0.7321574687957764,-0.16584235429763794,0.8846481442451477,0.05344445934790546,86.75289154052734,7,0.5384615384615384,0.0472795417823098
777,What scenario? Parenting is always smooth sailing.,what scenario is your child's parenting?,rhetorical_question,1,0.9327017068862915,0.9698101878166199,-0.03710848093032837,0.7833170890808105,0.03455747170954952,178.1859130859375,6,0.8571428571428571,0.027069458145516794
778,'new york times' moves all content you won't give a shit about unless you make at least $200k a year into one convenient section,New York Times has moved all content you won't give a shit about unless you make at least $200k a year into one convenient section.,sarcasm,0,0.8163142204284668,0.8821507692337036,-0.06583654880523682,0.9700257778167725,0.7440006427141954,103.1669692993164,6,0.24,0.7216998021450161
779,"Report: DNC and Clinton funded Trump-Russia dossier—shocking, as if we didn't see that coming.",report: dnc and hillary clinton funded trump-russia dossier,satire,0,0.854386031627655,0.8083426356315613,0.04604339599609375,0.9386018514633179,0.015603043420373072,287.36419677734375,13,0.9285714285714286,0.014645045442824705
780,hero lawyer uses technicality to free guilty man,A lawyer uses technicality to free a guilty man.,sarcasm,0,0.9167020916938782,0.951565146446228,-0.034863054752349854,0.8264952898025513,0.4671379777282001,201.0409698486328,3,0.3333333333333333,0.3860873382802465
781,"Robin Wright fought for equal pay—groundbreaking, since no actress has ever done that before.",robert wilson fought for equal pay,sarcasm,0,0.7799651622772217,0.883518397808075,-0.10355323553085327,0.43212682008743286,0.05326021045512112,673.787109375,11,0.7857142857142857,0.023015165381158935
782,An apology expert analyzes Melania Trump's plagiarism explanation – because nothing says sincerity like a well-crafted excuse.,apology expert analyzes melania trump's plagiarism explanation,sarcasm,0,0.8580594658851624,0.895458996295929,-0.0373995304107666,0.9243175983428955,0.049264298703132786,2080.01318359375,12,0.7058823529411765,0.045535858261326716
783,Martha Stewart's wine service makes drinking Martha-approved? As if we needed more ways to feel like failures at hosting.,martin scott's wine service makes drinking martin-approved,satire,0,0.9549047350883484,0.9266035556793213,0.0283011794090271,0.5511751174926758,0.07404200366936506,647.7300415039062,15,0.7894736842105263,0.040810110071855414
784,Merkel says we won’t get anywhere with populism—as if the world needed another lecture from the ‘leader of the free world.’,merkel says we won't get anywhere with populism,overstatement,0,0.8830130696296692,0.7300744652748108,0.1529386043548584,0.8863908052444458,0.03403822942837651,259.6463317871094,16,0.7619047619047619,0.030171173592113847
785,"Whitney Johnson, the trailblazer who co-founded a firm with a famous name – truly breaking the glass ceiling.","robert johnson, the trailblazer who co-founded a firm with a famous name",satire,0,0.7635775804519653,0.8950976133346558,-0.13152003288269043,0.6240382194519043,0.4895040428210662,80.60684967041016,8,0.4444444444444444,0.30546923129656683
786,Cheese advent calendar: not your typical Christmas treat—unless you love cheese 24/7.,cheese advent calendar: not your typical christmas treat,satire,1,0.8546384572982788,0.658843457698822,0.1957949995994568,0.9094394445419312,0.3281829856080946,539.1381225585938,7,0.5833333333333334,0.29846255213953815
787,drunk driver in the zone,A drunk driver is in the area.,understatement,1,0.7277400493621826,0.8183225393295288,-0.09058248996734619,0.8103561401367188,0.09878765474230743,73.71791076660156,3,0.42857142857142855,0.08005318259013507
788,"Nick Jonas' queer baiting paying off? Shocking, simply shocking.",nick jonas' queer baiting is paying off,sarcasm,0,0.9212465882301331,0.9628961682319641,-0.041649580001831055,0.9271860718727112,0.05809334108283256,577.4306030273438,7,0.7777777777777778,0.053863336720553115
789,report: recent wednesday felt like thursday,A report indicates that recent wednesday felt like a thursday.,irony,0,0.6251413226127625,0.7799352407455444,-0.15479391813278198,0.9224963784217834,0.2626909894424158,244.70407104492188,6,0.6,0.24233148640466354
790,laid-off website designer designs website about being laid off,A laid-off website designer designs a website about being laid off.,irony,0,0.9004740118980408,0.9777973890304565,-0.07732337713241577,0.9241727590560913,0.46924700641056,109.94824981689453,3,0.2727272727272727,0.4336653005932586
791,breaking: can anyone ever truly know anything? what is the truth?,Breaking: Can anyone ever truly know anything?,rhetorical_question,1,0.9765843749046326,0.9174695014953613,0.05911487340927124,0.9284683465957642,0.34718201116725705,134.3628692626953,6,0.5454545454545454,0.32234750787625527
792,on-the-job sexual harassment: three women tell their sizzling hot tales,On-the-job sexual harassment: three women tell their hot tales.,satire,0,0.9214255213737488,0.9417350888252258,-0.02030956745147705,0.9848199486732483,0.5462757644646491,87.56961059570312,3,0.3,0.5379832703215152
793,toddler unsettled by whatever possessed her to bite friend's face,A toddler is irritated by what possessed her to bite a friend's face.,irony,1,0.7328883409500122,0.5635237097740173,0.16936463117599487,0.9136543273925781,0.2224246939793677,344.9153137207031,6,0.46153846153846156,0.20321928417321922
794,"Michael Phelps, the ultimate pool hog, announces he's ready to retire. Shocking.","michael phelps, the ultimate pool hog, announces he's ready to retire",sarcasm,0,0.7836472392082214,0.698979377746582,0.0846678614616394,0.9210659861564636,0.6196760459608335,175.98011779785156,4,0.3333333333333333,0.5707625283704532
795,Why won't my kids wish you Merry Christmas? Because they're little rebels.,why will my kids wish you a Merry Christmas?,rhetorical_question,1,0.6049104928970337,0.8050276637077332,-0.20011717081069946,0.8860083818435669,0.2543314312919721,51.548519134521484,7,0.5833333333333334,0.22533977989095852
796,mccain late to debate due to greyhound delays,McCain is late to the debate due to Greyhound delays.,irony,0,0.5646548271179199,0.8247327208518982,-0.26007789373397827,0.9613988995552063,0.13134549472120793,68.62433624267578,5,0.5,0.12627541408650347
797,study: boyfriends who aren't speaking are thinking about ending relationship 90% of time,A study indicates that boyfriends who are not speaking are thinking about ending a relationship 90% of time.,overstatement,0,0.8665812611579895,0.7347256541252136,0.13185560703277588,0.938684344291687,0.2955043237121875,81.36776733398438,8,0.4444444444444444,0.2773852823391331
798,man happy to set up job interview for fraternity brother he once forced to drink own piss,A man is happy to set up a job interview for his fraternity brother he once had to drink his own piss.,sarcasm,0,0.9257963299751282,0.9012817740440369,0.02451455593109131,0.9571147561073303,0.2961263469012005,73.54242706298828,7,0.3181818181818182,0.2834268962912972
799,sen. hatch says trump allegations not serious enough that scales should fall from eyes revealing what madness we have begotten,Sen. Scott says Trump allegations are not serious enough that scales should fall from eyes revealing what madness we have begotten.,satire,1,0.5127003192901611,0.598628044128418,-0.08592772483825684,0.7971636056900024,0.6612116051683129,478.04913330078125,5,0.23809523809523808,0.5270938273000466
800,senile mother a broken novelty record,A senile mother has a broken novelty record.,irony,0,0.7657148241996765,0.652990996837616,0.11272382736206055,0.9130101203918457,0.17286039232097053,622.3455810546875,3,0.375,0.15782328760395098
801,Albright apologizes for implying female Bernie supporters will go to hell – because that's a reasonable thing to say.,albright apologizes for implying female blake supporters will go to hell,sarcasm,0,0.9648641347885132,0.9477142095565796,0.017149925231933594,0.7716577649116516,0.2840050905239658,611.2329711914062,10,0.5263157894736842,0.21915473337725472
802,Hackers access baby monitors with the ease of a baby ordering pizza.,hackers access baby monitors with the ease of a baby ordering pizza,overstatement,0,0.9685161709785461,0.9703235030174255,-0.0018073320388793945,0.9874618053436279,0.8070557274927982,341.0918884277344,2,0.16666666666666666,0.7969367056829535
803,"Street photography in Stockholm, part 2: because part 1 was just too thrilling.","street photography in switzerland, part 2",satire,0,0.6362617015838623,0.6011635065078735,0.03509819507598877,0.6912841796875,0.029752796575840495,348.70477294921875,10,0.7692307692307693,0.020567637574338955
804,JWOWW fires back: 'I didn't know I was pregnant!'... because those home pregnancy tests are notoriously tricky to read.,jwoww fires back: 'i didn't know i was pregnant!',sarcasm,0,0.9096242189407349,0.7408271431922913,0.1687970757484436,0.8649683594703674,0.024963480085824507,145.42555236816406,14,0.7368421052631579,0.02159262041650681
805,"Bruce Jenner's midlife crisis? No, it's a carefully planned rebranding.",bruce jenner's midlife crisis,sarcasm,0,0.7653325200080872,0.6448991298675537,0.12043339014053345,0.7960366010665894,0.017926911178691992,235.80609130859375,9,0.9,0.014270477442308619
806,"The simple mind trick that helped me lose weight—it's not diet or exercise, but magical thinking!",the simple mind trick that helped me lose weight,satire,0,0.6772466897964478,0.8966705799102783,-0.21942389011383057,0.9201818704605103,0.33353374339709213,221.6842803955078,9,0.5625,0.3069117038608321
807,chris collins thanks supporters with can't-miss tip on biotech stock,Chris Collins thanks supporters with a can't-miss tip on biotech stock.,irony,0,0.8942846059799194,0.8857997059822083,0.008484899997711182,0.9856818914413452,0.33932513407933634,363.6910095214844,4,0.36363636363636365,0.3344666399729083
808,"Three simple steps to not take a bad day home – if only it were that easy, right?",3 simple steps to not take a bad day home,understatement,1,0.7170849442481995,0.6384310722351074,0.07865387201309204,0.9327738285064697,0.3954596950007842,244.9510955810547,9,0.5,0.3688744537258823
809,"Trump effect on transgender mental health: negatively impactful, shockingly.",trump effect on transgender mental health,sarcasm,0,0.7579091191291809,0.8496156334877014,-0.09170651435852051,0.9621718525886536,0.3081980909598119,522.340576171875,5,0.5555555555555556,0.29653952814308854
810,millions of plants sent from nation's garden departments to their deaths,Many plants have been sent from the nation's garden departments to their deaths.,overstatement,0,0.7973007559776306,0.827687680721283,-0.030386924743652344,0.9572605490684509,0.3438931217657843,100.8174819946289,6,0.46153846153846156,0.3291953185623783
811,"Prince Harry and Meghan Markle's event will nod to Diana – a subtle tribute, nothing over the top.",prince harry and harry markle's event will nod to david cameron,understatement,0,0.7076596617698669,0.775343656539917,-0.06768399477005005,0.758016049861908,0.13128944200370593,769.4952392578125,13,0.7222222222222222,0.09951950421622323
812,"The very best part: finally, a break from your family's constant nagging.",the very best part,sarcasm,0,0.9148843288421631,0.8529676198959351,0.06191670894622803,0.4254096448421478,0.022994063410792204,126.57205200195312,10,0.8333333333333334,0.009781896349062938
813,Because nothing says political discourse like a selfie with Kim Kardashian.,kim kardashian's selfie with kim kardashian,irony,0,0.9608092308044434,0.7378227710723877,0.22298645973205566,0.6141005158424377,0.03752060266200604,82.00527954101562,9,0.8181818181818182,0.02304142144945705
814,stephen hawking reportedly working on juicy tell-all formula,Stephen Hawking is reportedly working on a juicy formula.,satire,0,0.7456390857696533,0.7776176333427429,-0.0319785475730896,0.9339745044708252,0.12753431387594827,386.949951171875,6,0.6666666666666666,0.11911379760531547
815,female boss walking around like she owns the place,A female boss is walking around like she owns the place.,sarcasm,0,0.9082736968994141,0.9265297055244446,-0.018256008625030518,0.9558055400848389,0.5193071778680676,65.38379669189453,3,0.2727272727272727,0.4963566776121218
816,"""i am equal to any man,"" says stern woman who likely does not menstruate",A woman asserts that she is equal to any man.,sarcasm,0,0.7520721554756165,0.8522679805755615,-0.10019582509994507,0.675532341003418,0.0752397025358172,60.23311233520508,14,1.0,0.050826852390421395
817,"ad campaign appeals to young, hip, influenced-by-ad-campaigns demographic","An ad campaign appeals to a young, hip, and influenced-by-ad-campaigns demographic.",satire,0,0.928458034992218,0.9457284808158875,-0.017270445823669434,0.9589875936508179,0.28997844147152074,52.4351692199707,4,0.36363636363636365,0.2780857277973882
818,candidate delighted to be in chair factory,A candidate is delighted to be in the chair factory.,sarcasm,0,0.9702787399291992,0.9754337072372437,-0.005154967308044434,0.962297797203064,0.2907153684841096,234.711669921875,4,0.4,0.2797547587053357
819,baby takes political stance,A baby adopts a political position.,overstatement,0,0.8950232267379761,0.9148674607276917,-0.019844233989715576,0.8585135340690613,0.048549177170732344,293.4720153808594,4,0.6666666666666666,0.04168012566899042
820,Gunfire in Ferguson after protester hit – classic problem-solving technique.,gunfire in ferguson after protester hit,sarcasm,0,0.9697943925857544,0.6295166611671448,0.3402777314186096,0.7584353685379028,0.11147236544333826,1154.8402099609375,6,0.6,0.08454458456681004
821,"Teachers in Detroit protest, and surprise, schools close. What a novel solution.","teachers in detroit protest, and surprise, schools close",sarcasm,0,0.985343873500824,0.9674680829048157,0.0178757905960083,0.9385459423065186,0.22172045047934608,1047.2518310546875,7,0.5833333333333334,0.20809482912376365
822,forgetful karl lagerfeld inadvertently starts lobster-bib trend,Karl Lagerfeld inadvertently began his lobster-bib trend.,irony,0,0.5751970410346985,0.7274671196937561,-0.15227007865905762,0.9330812692642212,0.039281465090051315,424.17742919921875,6,0.8571428571428571,0.036652799304783275
823,nation unsure which candidate's plan to destroy the environment will create more jobs,The nation is uncertain which candidate's plan to destroy the environment will create more jobs.,irony,0,0.8559039235115051,0.6989591717720032,0.15694475173950195,0.9184790849685669,0.6413865258981679,50.56411361694336,4,0.26666666666666666,0.5891001094181173
824,Lee Daniels admits his show is for white guilt—how inclusive of him.,lee daniels admits his show is for white guilt,sarcasm,0,0.9129966497421265,0.9341241717338562,-0.021127521991729736,0.9513057470321655,0.420886844306855,543.5594482421875,6,0.5,0.40039207383934344
825,fan doubtful 'solo: a star wars story' can live up to denny's blaster fire burger,A fan is doubtful that'solo: a star wars story' can live up to Denny's blaster fire burger.,overstatement,1,0.847641110420227,0.8579049110412598,-0.010263800621032715,0.9730314612388611,0.4738611152748619,970.8550415039062,5,0.29411764705882354,0.46108177342017526
826,nancy grace reports own mind now missing for 83 days,Nancy Grace reports her own mind is missing for 83 days.,sarcasm,1,0.7519235610961914,0.5392781496047974,0.21264541149139404,0.9338329434394836,0.12278260149096115,344.81549072265625,5,0.45454545454545453,0.11465843815346138
827,Of course Jesus is black—white people never get nailed to things.,of course jesus is black,sarcasm,0,0.7785691618919373,0.7925509214401245,-0.013981759548187256,0.8216748833656311,0.019244596474019198,237.94525146484375,9,0.8181818181818182,0.01581280156320836
828,"5 better questions to ask allergy families: like, 'Is your child's epinephrine pen fashionable?'",5 better questions to ask allergy families,overstatement,0,0.8456221222877502,0.8630161881446838,-0.017394065856933594,0.8111919164657593,0.29765372490051634,3413.16748046875,8,0.5714285714285714,0.24145429554522174
829,Warren's bill: to solve Trump's imaginary conflicts.,george w. bush's bill to solve trump's imaginary conflicts,irony,0,0.9088831543922424,0.8419245481491089,0.06695860624313354,0.8001412749290466,0.056122223243057295,1541.25830078125,6,0.6666666666666666,0.04490570725755244
830,Groot dances again? Guardians sequel promises wooden choreography—revolutionary!,groot dances again in 'guardians' sequel,overstatement,0,0.8952681422233582,0.7350579500198364,0.16021019220352173,0.8519116640090942,0.03478700554542394,1966.3565673828125,7,0.875,0.029635455780095694
831,"LeBron James' 2015 finals was legendary, but nothing compared to this (whatever 'this' is)—a hot take so hot it's volcanic.","lebron james' 2015 finals was legendary, but nothing compared to this",sarcasm,1,0.9391405582427979,0.8932621479034424,0.04587841033935547,0.8081372976303101,0.3468424956664041,183.2271728515625,11,0.55,0.2802963571512004
832,governor pardons self for living,The governor apologized for his actions.,sarcasm,0,0.8449923992156982,0.7686711549758911,0.07632124423980713,0.4953725039958954,0.048549177170732344,71.67266845703125,5,0.8333333333333334,0.02404992746200604
833,"The witching hour is just another boring, supernatural-free time.",the witching hour,irony,1,0.9539024829864502,0.5732110738754272,0.38069140911102295,0.7888052463531494,0.03251851632960929,232.60511779785156,7,0.7777777777777778,0.025650776284416366
834,Timelapses of fast-growing cities will make your jaw drop—or just give you neck strain.,timelapses of fast-growing cities will make your jaw drop,overstatement,0,0.6513353586196899,0.9285677075386047,-0.2772323489189148,0.9083271026611328,0.41653323821535565,109.75308227539062,7,0.5,0.37834842943021346
835,new historical evidence suggests most pilgrims sailed back home to celebrate first thanksgiving,New historical evidence suggests that most pilgrims returned home to celebrate first thanksgiving.,irony,0,0.7026746869087219,0.7160125374794006,-0.013337850570678711,0.9372472763061523,0.31170906522700675,123.57524108886719,5,0.38461538461538464,0.29214847238394887
836,Because holidays were totally mono-ethnic before this revelation.,why the holidays were mono-ethnic before this revelation,sarcasm,0,0.8822594285011292,0.7088759541511536,0.17338347434997559,0.919303297996521,0.17286039232097053,554.8937377929688,4,0.5,0.1589111287536407
837,"3 unique and unusual financial tips for 2015. Finally, advice that's not just 'spend less than you earn.' How revolutionary.",3 unique and unusual financial tips for 2015,sarcasm,1,0.5671168565750122,0.7920088171958923,-0.22489196062088013,0.850730299949646,0.18762935180380186,1167.5469970703125,13,0.65,0.159621974739406
838,cheering gets slightly less loud after obama's call for community service,"After Obama's call for community service, cheering becomes less loud.",irony,0,0.9378467798233032,0.9147264957427979,0.02312028408050537,0.9388703107833862,0.1073897713503587,185.14476013183594,11,1.0,0.10082506800266805
839,"Taco Bell's test kitchen now offers reservations, redefining fast food as gourmet.",taco bell's test kitchen now offers reservations,satire,0,0.9521632790565491,0.8151527643203735,0.13701051473617554,0.8519585728645325,0.20126703311713304,2319.18017578125,8,0.6666666666666666,0.17147117429915126
840,teen had absolutely no say in becoming part of snapchat generation,A teenager had no influence in becoming a part of the Snapchat generation.,sarcasm,0,0.7287972569465637,0.6016481518745422,0.12714910507202148,0.7949587106704712,0.051424016050282635,140.65567016601562,8,0.6153846153846154,0.0408799694968303
841,secretary of the interior meekly asks if there anything she can do to help stop isis,Secretary of the Interior Meekly asks if there is anything she can do to stop ISis.,sarcasm,1,0.5771082639694214,0.5685814619064331,0.008526802062988281,0.9611280560493469,0.3446073377034663,40.67522048950195,6,0.375,0.3312117805872734
842,24 surefire ways to absolutely annihilate your soul while working from home – because who needs joy anyway?,24 surefire ways to annihilate your soul while working from home,overstatement,0,0.5908915996551514,0.662846028804779,-0.07195442914962769,0.9057631492614746,0.430403008710874,173.64979553222656,7,0.3888888888888889,0.38984318462157513
843,4 couscous recipes for every meal – because variety is overrated.,4 couscous recipes for every meal,overstatement,1,0.7140734791755676,0.7580881118774414,-0.04401463270187378,0.8843215703964233,0.43459820850707825,147.27877807617188,5,0.45454545454545453,0.3843245702384517
844,Democrats debate climate change: a rare moment when they address an actual issue.,democrats debate climate change,irony,0,0.977070689201355,0.9639993906021118,0.013071298599243164,0.837891161441803,0.017907794590318507,711.1884765625,11,0.8461538461538461,0.01500478280814321
845,romney: 'this is why they call me turnaround mitty from comeback city',Romney said: 'This is why they call me turnaround mitty from the comeback city.',sarcasm,1,0.7186846137046814,0.8011910915374756,-0.08250647783279419,0.9765892624855042,0.5296074933406222,269.3564147949219,5,0.35714285714285715,0.5172089913283148
846,Flynn seeks immunity: the classic move of the completely innocent.,flynn seeks immunity from afghanistan,sarcasm,0,0.9560377597808838,0.8764569759368896,0.07958078384399414,0.7304896116256714,0.01976560930094397,484.3957824707031,9,0.9,0.01443857226179132
847,"Rob Porter resigns due to abuse allegations. Shocking, given the administration's stellar record on ethics.",rob porter resigns due to abuse allegations,sarcasm,0,0.9055435657501221,0.7176743745803833,0.18786919116973877,0.8891190886497498,0.1311132063658969,131.83834838867188,11,0.7333333333333333,0.11657525455399283
848,Handshakes at Olympics: unity achieved through carefully staged diplomacy.,handshakes at olympics,irony,0,0.979939341545105,0.9437748789787292,0.03616446256637573,0.8160793781280518,0.015377056977980369,162.38717651367188,8,0.8888888888888888,0.012548899096029837
849,Prank glues child to toilet: comedy at its finest!,prank glues child to the toilet,overstatement,0,0.9314916729927063,0.5883726477622986,0.3431190252304077,0.9019115567207336,0.1225504602011117,631.0594482421875,6,0.6666666666666666,0.11052967633682696
850,"Mark Hamill says Luke might be gay: Star Wars embraces diversity, decades late.",mark hamill: luke might be gay in'star wars',irony,0,0.8117985129356384,0.600914716720581,0.21088379621505737,0.9276692867279053,0.03144098383476531,2083.629638671875,11,0.8461538461538461,0.029166835048020336
851,man who lost leg to whale decides to let it go,A man who lost his leg to a whale decides to let it go.,irony,1,0.7209162712097168,0.6948817372322083,0.026034533977508545,0.9466971158981323,0.39073802494525,42.969329833984375,4,0.2857142857142857,0.3699105612874007
852,'phantom thread' wins academy award for best film you liked but probably wouldn't see again,"The film 'The Phantom Thread' won the Academy Award for Best Film you liked, but probably won't see again.",sarcasm,1,0.6961343288421631,0.5645868182182312,0.13154751062393188,0.9658418893814087,0.028339296176052856,36.55768585205078,14,0.7368421052631579,0.027371279362418222
853,friend's grandma to give you hug too,A friend's grandma will give you a hug.,understatement,0,0.5931371450424194,0.7493310570716858,-0.15619391202926636,0.8993484973907471,0.08307018474412793,68.7140884399414,4,0.5,0.07470904582760321
854,college roommates to continue bonding process until real friends made,College roommates will continue their bonding process until real friends are made.,irony,0,0.6303159594535828,0.9062361717224121,-0.27592021226882935,0.9318081140518188,0.3448444257953326,147.99923706054688,5,0.4166666666666667,0.32132883404163126
855,bush sr. apologizes to son for funding bin laden in '80s,Bush Jr. apologized to his son for funding bin Laden in the 1980s.,sarcasm,0,0.9431190490722656,0.9378038048744202,0.005315244197845459,0.9258439540863037,0.21401603033752975,42.36892318725586,7,0.5384615384615384,0.19814544776555287
856,report: 80% of subway track repairmen run over each day,A report indicates that 80% of subway track repairmen run over each day.,overstatement,0,0.9212340712547302,0.8922945857048035,0.028939485549926758,0.9604023098945618,0.5593684915933074,156.69418334960938,5,0.38461538461538464,0.5372187914084492
857,"Finally, after all these years, the public is deemed worthy of seeing some old buildings. How generous.","after all these years, the public is deemed worthy of seeing some old buildings",irony,0,0.929714560508728,0.7915982604026794,0.13811630010604858,0.8808586001396179,0.7420016786832134,102.36231231689453,4,0.23529411764705882,0.6535985599861419
858,little tobacco hit with $3.5 hundred lawsuit,A small tobacco company has received a $3.5 hundred lawsuit.,sarcasm,0,0.6661689281463623,0.6805989146232605,-0.014429986476898193,0.8567048907279968,0.04939382737115371,106.65105438232422,7,0.7,0.04231593348064178
859,"Why do mirrors flip sideways but not upside down? Because they're secretly plotting against us, that's why.",why mirrors flip sideways but not upside down,rhetorical_question,1,0.7578575015068054,0.6810165643692017,0.07684093713760376,0.8855791091918945,0.22088540083017574,492.9895935058594,11,0.6470588235294118,0.1956114965006816
860,new ad preys on people with 'ideas',A new ad preys on people with 'ideas'.,sarcasm,0,0.942619264125824,0.9562479853630066,-0.013628721237182617,0.9796658754348755,0.6803749333171202,140.64889526367188,2,0.25,0.6665401046720616
861,empire state building ultimately supports nsa spying measures,The Empire State Building supports NSA spying measures.,irony,0,0.9644516706466675,0.9711139798164368,-0.006662309169769287,0.9764009714126587,0.03303164318013808,305.0323791503906,6,0.75,0.03225212848844314
862,"Exclusive: Family of teen shot near Ferguson speaks out, in a world where such events are commonplace.",exclusive: family of teen shot near ferguson speaks out,understatement,1,0.6949590444564819,0.6281422972679138,0.06681674718856812,0.918220579624176,0.1297464032679993,636.6510009765625,12,0.7058823529411765,0.1191358176128944
863,white house claims iran behind attack on nancy kerrigan,The White House claims Iran is behind an attack on Natalie Kerrigan.,satire,0,0.8784083127975464,0.8697049021720886,0.008703410625457764,0.9123934507369995,0.0428361950754725,74.35094451904297,8,0.6666666666666666,0.03908346384135362
864,Racism accusations are overblown; cops quitting after a black mayor is just a happy coincidence.,racism accusations are overblown; cops are quitting after a black mayor,irony,0,0.9407002329826355,0.870762288570404,0.06993794441223145,0.910014808177948,0.40855580969845084,287.1991271972656,7,0.4666666666666667,0.371791836792722
865,Priest finds puppy just where he left it; story of his life.,priest finds puppy just where he left it,understatement,1,0.7634631395339966,0.7688499689102173,-0.005386829376220703,0.9168795943260193,0.41266825715677186,387.8013000488281,6,0.5,0.37836710421312636
866,"450 protesters arrested in Tehran, government calls it 'a minor adjustment to public order.'","450 protesters arrested in teheran, government calls it 'a minor adjustment to public order'",understatement,0,0.8716537356376648,0.7734712362289429,0.09818249940872192,0.8266903758049011,0.6997522298221912,184.9121856689453,2,0.14285714285714285,0.5784784338420248
867,5 tweets from the NRA that are literally worse than the Oregon gun massacre itself. Obviously.,5 tweets from the nra that are literally worse than the orlando gun massacre itself,overstatement,0,0.7879963517189026,0.7981933951377869,-0.010197043418884277,0.8958441019058228,0.4961577855632883,298.3678283691406,4,0.25,0.4444800258115258
868,"Steven Tyler admits to hitting on daughter's friend: standard rockstar parenting, totally normal.",steve tyler admits hitting on daughter's friend,understatement,0,0.968858540058136,0.725775420665741,0.24308311939239502,0.8592383861541748,0.07455044878047051,907.6451416015625,9,0.6923076923076923,0.06405660729720095
869,The mid-sex revelation that revolutionized your life (probably not).,the mid-sex revelation that has revolutionized your life,overstatement,0,0.6547898054122925,0.971157968044281,-0.3163681626319885,0.9472953081130981,0.20403100964609877,201.03541564941406,4,0.4444444444444444,0.19327761814732763
870,"James Cameron cried hearing Titanic theme. Just a little tear, I'm sure.",james clinton cried hearing the titanic theme,understatement,0,0.5729737281799316,0.6514589786529541,-0.07848525047302246,0.8027731776237488,0.03419615942951201,1531.03564453125,10,0.8333333333333334,0.02745175956775768
871,'Friends' co-creator on a reboot? As if we needed more recycled 90s nostalgia.,'friends' co-creator on a reboot,rhetorical_question,0,0.8004881739616394,0.5179380774497986,0.2825500965118408,0.8332927227020264,0.053687271162922795,254.26687622070312,10,0.7692307692307693,0.04473721236179392
872,"Bush's electability argument weakens—shocking, given his stellar track record of winning hearts",trump's electability argument weakens,sarcasm,0,0.8664606809616089,0.765860915184021,0.10059976577758789,0.7212655544281006,0.022994063410792204,189.352783203125,10,0.8333333333333334,0.01658482589453994
873,HuffPollster: Carly Fiorina probably won't help Ted Cruz save his campaign: what a surprise.,huffpollster: carly fiorina probably won't help ted cruz save his campaign,sarcasm,0,0.9560418128967285,0.581270694732666,0.3747711181640625,0.9702757000923157,0.08930948185917743,697.4364624023438,9,0.6428571428571429,0.08665482003579535
874,"Another week, another promise to find the plane.","another week, another promise to find the plane",irony,1,0.686741292476654,0.5146380662918091,0.17210322618484497,0.9865337610244751,0.6803749333171202,225.80999755859375,2,0.25,0.671212841872115
875,"Guns messing with feng shui? California's real problem is bad vibes, not bullets.",gun owners mess with feng shui in california,sarcasm,0,0.6466736793518066,0.8494642376899719,-0.20279055833816528,0.856067955493927,0.03144098383476531,123.69255828857422,12,0.9230769230769231,0.02691561875014515
876,god irritated guests do not understand it time to leave heaven,God irritated guests do not understand the time to leave heaven.,satire,1,0.8350489735603333,0.7605578899383545,0.07449108362197876,0.9714592695236206,0.46924700641056,516.3506469726562,3,0.2727272727272727,0.4558543540737483
877,'She's in King David Cemetery. That is where I go to see my kid now.': pleasant family outing.,'she's in king david cemetery. that is where i go to see my kid now.',understatement,1,0.6371977925300598,0.9164693355560303,-0.27927154302597046,0.9326807260513306,0.2395289114246337,342.4523620605469,10,0.5555555555555556,0.22340399901781222
878,"Tyra Banks doesn't have time for Drake's behavior, models are above it all.",tyran banks doesn't have time for drake's behavior,sarcasm,1,0.6992782950401306,0.7690231204032898,-0.06974482536315918,0.83214271068573,0.18505100105615155,738.38330078125,9,0.6923076923076923,0.15398884163397383
879,nra calls for more common-sense gun deaths,The NRA calls for more common-sense gun deaths.,sarcasm,0,0.9318667054176331,0.9490574598312378,-0.017190754413604736,0.9743341207504272,0.5169731539571706,87.6825942993164,3,0.375,0.5037045834124351
880,Decode the arcane language of teens with this one ancient secret.,how to decode the arcane language of teens,overstatement,0,0.5374774932861328,0.5735113620758057,-0.03603386878967285,0.8367291688919067,0.355310106137518,296.7344665527344,8,0.7272727272727273,0.2972983298073406
881,Here are six surefire ways to ensure your divorced friend never speaks to you again—you're welcome.,here are six surefire ways to ensure your divorced friend never speaks to you again,satire,0,0.6985726952552795,0.5155328512191772,0.1830398440361023,0.9474281072616577,0.7958667887986415,71.54984283447266,3,0.1875,0.7540265653439104
882,"6 people, including children, die in mass shooting—just another Tuesday in the land of the free, home of the brave.","6 people, including children, die in mass shooting",irony,0,0.887451708316803,0.506818413734436,0.38063329458236694,0.7932403683662415,0.18762935180380186,64.35774993896484,13,0.65,0.1488351761411669
883,missing mount everest climbers feared buried under avalanche of dead mount everest climbers,Mount Everest climbers were feared buried under an avalanche of dead Mount Everest climbers.,irony,1,0.6437290906906128,0.543349027633667,0.1003800630569458,0.8957346677780151,0.1235622127262679,113.98461151123047,8,0.5714285714285714,0.11067895756628
884,increasingly horrified man listens to self explain what he does for a living,An increasingly horrified man listens to his self to explain what he does for a living.,satire,0,0.9298722147941589,0.9229387640953064,0.006933450698852539,0.9740810990333557,0.5423782837718303,93.31649780273438,4,0.25,0.5283204347482897
885,50-year-old prince licks aarp representative's face,A 50-year-old prince licks an aarp representative's face.,satire,0,0.8860295414924622,0.9312900304794312,-0.045260488986968994,0.9688556790351868,0.17286039232097053,206.16940307617188,3,0.375,0.1674767727804227
886,"Clinton lawyer funded Steele dossier? In other news, water is wet and politicians are shady.",hillary clinton lawyer funded steele dossier,understatement,0,0.8397634625434875,0.7633803486824036,0.07638311386108398,0.8014459609985352,0.01926371972309374,1582.6578369140625,14,0.9333333333333333,0.015438830365881298
887,mcdonald's unveils new senior citizen playplace,McDonald's unveils a new playplace for senior citizens.,satire,0,0.9018961191177368,0.955206573009491,-0.05331045389175415,0.9366897344589233,0.039281465090051315,155.8973388671875,6,0.75,0.03679454510435763
888,"Nothing boosts sales like homelessness, right? Who needs a home when you have cookies?",nothing boosts sales like homelessness,sarcasm,0,0.7928544878959656,0.9776791334152222,-0.1848246455192566,0.7045130729675293,0.04395541994992161,38678.59765625,11,0.7857142857142857,0.030967167982497514
889,"Hillary Clinton steals show in 'Song for Women', breaking glass ceilings one cameo at a time.",hillary clinton steals show in'song for women',satire,0,0.9527614116668701,0.7974326014518738,0.15532881021499634,0.8082101345062256,0.02137134585333444,2308.795166015625,13,0.8125,0.017272538306702494
890,"Colleges brave Cuba for exchanges, thawing relations one class at a time.","colleges brave cuba for exchanges, thawing relations one class at a time",irony,0,0.9392126798629761,0.9064673781394958,0.032745301723480225,0.9819368124008179,0.6315552371794037,390.2679748535156,3,0.25,0.6201473364509861
891,"area man much happier, more relaxed since joining cult",A local man has been happier and more relaxed since joining the cult.,irony,0,0.753358006477356,0.9299468398094177,-0.17658883333206177,0.8828486204147339,0.2044800736021839,62.31975173950195,8,0.6153846153846154,0.1805249508819913
892,"Two beatboxers make corporate jargon sound cool, turning 'leverage' into art—who needs clear communication?",two beatboxers make corporate jargon sound cool,satire,0,0.8792949914932251,0.9829113483428955,-0.10361635684967041,0.8159249424934387,0.22616792214653433,1285.86181640625,9,0.6428571428571429,0.18453604887127156
893,Mike Pence links Iranian scientist's execution to Hillary's emails? Logical as ever.,mike pence links iran scientist's execution to hillary clinton's emails,sarcasm,0,0.9673919677734375,0.8939160108566284,0.07347595691680908,0.9307961463928223,0.09189798020039786,1153.8995361328125,8,0.6666666666666666,0.0855382858318142
894,Fans get front-row seats to unexpected player meet-and-greet (with fists).,fans get front-row seats to unexpected player meet-and-greet,understatement,0,0.5771973729133606,0.950741708278656,-0.3735443353652954,0.9307650327682495,0.6548907866815301,62.86989974975586,3,0.3,0.609549444525259
895,area man determined to get money's worth from pay toilet,A local man is determined to get money from the pay toilet.,satire,0,0.9303288459777832,0.9458330273628235,-0.015504181385040283,0.8650323152542114,0.10025157431478134,109.51861572265625,7,0.5833333333333334,0.08672085143739493
896,newlyweds regret saving sex for marriage,Newweds regret saving sex for marriage.,understatement,0,0.8437247276306152,0.8505480885505676,-0.006823360919952393,0.9386768937110901,0.5081327481546147,697.33935546875,2,0.3333333333333333,0.47697246963065343
897,unattractive man not fooling anyone by dressing well,An unattractive man is not fooling anyone by dressing well.,sarcasm,0,0.5344829559326172,0.614724338054657,-0.0802413821220398,0.9475467801094055,0.4518010018049224,50.02899169921875,3,0.3,0.4281025845104579
898,area teen smoking like he's been to fucking war or something,A local teenager is smoking like he has been to a war or something.,overstatement,0,0.6049501299858093,0.7297927141189575,-0.1248425841331482,0.8246151208877563,0.05231868220107226,115.94922637939453,8,0.5714285714285714,0.04314277644792531
899,"Dove Deodorant joins the political fray with #AlternativeFacts, because what the world needs is more corporate snark.",dove deodorant joins the political fray with #alternativefacts,irony,0,0.9057393074035645,0.8277691006660461,0.07797020673751831,0.9258509874343872,0.16783660999022343,211.71363830566406,12,0.7058823529411765,0.1553916910870885
900,"fear of being alone, ticking biological clock wed in beautiful outdoor ceremony",The fear of being alone and ticking the biological clock wed in a beautiful outdoor ceremony.,sarcasm,0,0.5926851034164429,0.7488773465156555,-0.15619224309921265,0.9644274711608887,0.25336549464486463,512.01953125,6,0.375,0.2443526432797745
901,trump slammed for signing john mccain defense bill without praising how many people it will kill,Trump slammed for signing John McCain's defense bill without mentioning the number of people it will kill.,sarcasm,0,0.8836398720741272,0.7445170879364014,0.13912278413772583,0.9078022241592407,0.12977221098029884,60.81060791015625,8,0.47058823529411764,0.11780750176197753
902,10th-grade prodigy studying mathematics at 10th-grade level,A 10th-grade prodigy is studying mathematics at a 10th-grade level.,sarcasm,0,0.9111269116401672,0.9375722408294678,-0.026445329189300537,0.9250800013542175,0.13747081017605653,27.952451705932617,4,0.4,0.12717149726383176
903,"just when couple finally stops stressing about having a baby, they're still not pregnant","When a couple finally stops stressing about having a baby, they are still not pregnant.",irony,0,0.9410838484764099,0.8945282101631165,0.04655563831329346,0.9839481711387634,0.5202556880807584,49.064266204833984,5,0.3333333333333333,0.5119046328116011
904,watching faces of students as they finish 'the lottery' highlight of english teacher's year,An English teacher's year includes watching faces of students as they finish 'The Lottery'.,irony,0,0.9775577783584595,0.9527711868286133,0.02478659152984619,0.9477453231811523,0.4785543921093738,173.26626586914062,12,0.8571428571428571,0.45354768700945836
905,'mr. falafel' owner does not actually like being addressed as mr. falafel,The owner of 'Mr. Falafel' does not like being addressed as Mr. Falafel.,irony,1,0.5661178231239319,0.7826650738716125,-0.21654725074768066,0.9399021863937378,0.23901088824528133,22.177419662475586,8,0.6153846153846154,0.22464685643364923
906,"Celine Dion's tribute: emotional, as expected at awards shows.",celine dion's emotional tribute to 'the best of the world',understatement,1,0.9367361664772034,0.8627474308013916,0.07398873567581177,0.7701308727264404,0.0,173.97311401367188,10,1.0,0.0
907,"columbus day protests once again erupt as nation struggles with its dark, anti-italian past","Columbus Day protests erupt as the nation struggles with its dark, anti-Italian past.",sarcasm,0,0.8308539986610413,0.8628151416778564,-0.031961143016815186,0.974370002746582,0.31843164596791895,148.19973754882812,7,0.5,0.3102702437563598
908,really ugly shark tired of being mistaken for hammerhead,An ugly shark is tired of being mistaken for a Hammerhead.,satire,1,0.6939157247543335,0.581186056137085,0.11272966861724854,0.9136763215065002,0.40352786374639904,140.2252655029297,4,0.36363636363636365,0.3686938541731861
909,Are sheep secretly controlling your mind? This article thinks so.,are sheep secretly controlling your mind?,rhetorical_question,1,0.6303034424781799,0.91916823387146,-0.28886479139328003,0.9761660099029541,0.39011264866539486,2303.63427734375,5,0.5,0.3808147076603715
910,cleveland ukrainian museum pulling out all stops to prepare for onrush of rnc visitors,The Cleveland Ukrainian Museum is preparing for the onrush of RNC visitors.,satire,0,0.9399700164794922,0.9476162791252136,-0.0076462626457214355,0.8740031719207764,0.03374378457966304,397.9649353027344,12,0.8571428571428571,0.029492174755236876
911,Video exposes sexism in politics. Women are so surprised.,video exposes sexism in politics,sarcasm,0,0.9547739624977112,0.9549874663352966,-0.00021350383758544922,0.8962145447731018,0.11948321931215808,729.6657104492188,6,0.6666666666666666,0.10708259900387043
912,red cross issues reminder they can't accept donations from people with loose blood cupped in hands,The Red Cross issued a reminder that they cannot accept donations from people with loose blood cupped in their hands.,overstatement,1,0.5060997009277344,0.6826429963111877,-0.17654329538345337,0.9287083148956299,0.42223743521617985,51.976173400878906,9,0.45,0.39213541694547105
913,Your dog is basically a mini SUV with fur. Time to carbon-tax Fido!,your dog is basically a mini SUV with fur,overstatement,0,0.6197603940963745,0.5311331152915955,0.08862727880477905,0.7615871429443359,0.46548383647045716,382.26300048828125,6,0.46153846153846156,0.3545065051043039
914,What's your book shelfie style? Show off your intellectual vanity for the internet.,what's your book shelfie style?,overstatement,1,0.8413019776344299,0.9691990613937378,-0.12789708375930786,0.7961610555648804,0.13501633901742352,354.1112976074219,9,0.6923076923076923,0.10749475099061766
915,"Privacy activists rally to Apple's defense, trusting a corporation with their privacy.",privacy activists rally to apple's defense,sarcasm,0,0.9623053073883057,0.9690341353416443,-0.006728827953338623,0.9419757127761841,0.0743306114738671,1718.4356689453125,9,0.75,0.07001763072418557
916,east st. louis rated 'number one city in america' by poverty magazine,East St. Louis was rated 'number one city in America' by a poverty magazine.,irony,0,0.6377878189086914,0.7225877046585083,-0.0847998857498169,0.9752168655395508,0.2891784933232572,78.70355224609375,7,0.5,0.28201174384015676
917,"House passes stopgap bill before break, such diligent governance",house passes stopgap bill before break,sarcasm,0,0.9764245748519897,0.8385567665100098,0.13786780834197998,0.8799319863319397,0.3081980909598119,2845.025146484375,5,0.5555555555555556,0.2711933583619791
918,"Oh, look, Chris Christie's totally unbiased interview with Donald Trump where he just gushes non-stop.",chris christie's unbiased interview with donald trump,sarcasm,0,0.9839746356010437,0.8088268041610718,0.17514783143997192,0.8817287683486938,0.052135247588795765,665.1654052734375,12,0.8,0.0459691476440231
919,"'humanity deserves to live in darkness,' onion social algorithm cries out before bursting into bright light, disappearing from earthly realm",An onion social algorithm cries out before bursting into bright light.,satire,0,0.7050185799598694,0.9268478751182556,-0.22182929515838623,0.7911639213562012,0.3468424956664041,1004.27880859375,11,0.55,0.2744092689644035
920,each passenger has own theory about how guy got into first class,A passenger has a theory about how a man entered the first class.,irony,0,0.614963948726654,0.5710307359695435,0.043933212757110596,0.9011511206626892,0.10120193244194395,107.25794982910156,7,0.5384615384615384,0.09119823483328755
921,real toy used as sex toy,A real toy is used as a sex toy.,irony,0,0.5466140508651733,0.6819537878036499,-0.13533973693847656,0.9627113342285156,0.07583235673413397,73.74835968017578,4,0.4444444444444444,0.07300466932921088
922,israeli soldiers open fire on palestinians carrying potentially dangerous injured friends,Israeli soldiers open fire on Palestinians carrying potentially dangerous injured friends.,sarcasm,0,0.7796931862831116,0.7175914645195007,0.06210172176361084,0.9853144884109497,0.46924700641056,500.9732666015625,3,0.2727272727272727,0.46235587405979056
923,Drunken angry white men huddle together? Sounds like a peaceful gathering.,dunken angry white men huddle together,irony,0,0.9728131890296936,0.9194790720939636,0.05333411693572998,0.7365016937255859,0.22083358203177395,302.8356018066406,7,0.6363636363636364,0.16264430719788964
924,"failing memory fuses robert wuhl, kevin pollack into single entity",A failing memory combines Robert Wuhl and Kevin Pollack into a single entity.,satire,1,0.806236743927002,0.7032366991043091,0.10300004482269287,0.8453130722045898,0.039073802494525016,187.57102966308594,9,0.6923076923076923,0.033029596029362306
925,"Artist merges genders with late lover as ultimate collaboration, pushing artistic boundaries tastefully.",artist merges genders with late lover,satire,1,0.6524727940559387,0.5493677258491516,0.10310506820678711,0.9027432799339294,0.23661528215726477,1819.9644775390625,8,0.6153846153846154,0.21360285589714137
926,News roundup for April 17: catch up on everything you didn't care about.,news roundup for april 17,sarcasm,0,0.7936493754386902,0.6097511053085327,0.18389827013015747,0.7714952230453491,0.022939873376788145,1461.5062255859375,11,0.8461538461538461,0.017698002727457238
927,report: therapist just saying that to make you feel better,A report states that a therapist is saying that to make you feel better.,sarcasm,0,0.9340473413467407,0.9533998966217041,-0.01935255527496338,0.9074665904045105,0.363622704650007,70.92976379394531,7,0.5,0.3299754559824082
928,"Simple steps to find work you love: dream big, then accept any job—it's that easy.",simple steps to find work you love,understatement,0,0.8365262150764465,0.8102296590805054,0.026296555995941162,0.775044322013855,0.19605997334125028,160.7179412841797,10,0.6666666666666666,0.1519551691123238
929,"Oh, sure, because generalizing half the population is always a great idea – let's all embrace that wisdom!",what it's like to generalize half the population,sarcasm,0,0.9613407850265503,0.7226771712303162,0.23866361379623413,0.8016843199729919,0.03938604654369682,46.719573974609375,16,0.8888888888888888,0.031575175939808194
930,chuck berry remembers call from cousin about white kid playing 'johnny b. goode',Chuck Berry recalls a call from his cousin about a white kid playing 'Johnny B. Goode'.,irony,1,0.7569989562034607,0.6061622500419617,0.15083670616149902,0.9633803367614746,0.08947853200770763,52.62908935546875,9,0.5625,0.08620185829850775
931,scientists determine tingling sensation of asmr caused by mass brain cell die-off,Scientists determine the tingling sensation of an asmr caused by a mass brain cell die-off.,overstatement,0,0.7315597534179688,0.6921429634094238,0.03941679000854492,0.9852198958396912,0.1531024544118244,109.05211639404297,5,0.3333333333333333,0.1508395841884187
932,dog feels like he always has to be 'on' around family,A dog feels like he always has to be 'on' around his family.,irony,0,0.6093540787696838,0.617781400680542,-0.008427321910858154,0.9664756059646606,0.7361703354503866,72.52655029296875,3,0.23076923076923078,0.7114906710476199
933,A groundbreaking musical collaboration that will redefine symphonies.,a musical collaboration that will redefine symphonies,overstatement,0,0.7757148742675781,0.6127318143844604,0.16298305988311768,0.9734664559364319,0.5329462628216854,124.40496826171875,3,0.375,0.5188053096735923
934,3D-printed eyes help faces grow: nothing unnatural about that.,3D-printed eyes help faces grow,irony,0,0.941037654876709,0.972841739654541,-0.03180408477783203,0.9429585337638855,0.3004843884984905,1386.5379638671875,5,0.5555555555555556,0.28334431839747437
935,college freshman from florida has never seen people complain about snow for 5 months before,A college freshman from Florida has never seen people complain about snow for five months.,irony,0,0.8875662684440613,0.7259417176246643,0.16162455081939697,0.894195556640625,0.5702822264405542,132.5112762451172,5,0.3333333333333333,0.5099438329142663
936,california to allow prisoners to serve sentences online,California will allow prisoners to serve sentences online.,overstatement,0,0.9500007033348083,0.955176591873169,-0.005175888538360596,0.9594389200210571,0.5169731539571706,118.17372131347656,3,0.375,0.4960041645125474
937,mad lit professor puts finishing touches on bloomsday device,A professor at Bloomsday is putting the finishing touches on the device.,sarcasm,0,0.8441206216812134,0.6802398562431335,0.16388076543807983,0.7130336761474609,0.09058752341587764,51.519866943359375,9,0.75,0.06459195483431743
938,dana loesch rethinking loyalties after seeing how much airtime teen activists getting,Dana Loesch is rethinking her loyalties after seeing how much airtime teen activists are getting.,irony,0,0.9373977780342102,0.908226728439331,0.02917104959487915,0.9587737321853638,0.49009410393069486,103.67713165283203,6,0.4,0.4698893531476739
939,"Leaked cables contradict Clinton? I'm shocked, simply shocked.",leaked cables contradict hillary clinton's comments,irony,0,0.6323307156562805,0.6983236074447632,-0.06599289178848267,0.8400967121124268,0.061861015698337206,782.0089721679688,6,0.75,0.0519692358961083
940,peer group forces man to have opinion on 'weird al',A peer group forces a man to have an opinion on 'Weird Al'.,sarcasm,0,0.7581838965415955,0.7896153330802917,-0.03143143653869629,0.9548256397247314,0.1469410625195576,129.1556396484375,5,0.38461538461538464,0.14030309402206834
941,butterfly under immense pressure not to fuck up timeline with misplaced wing flap,A butterfly is under intense pressure to avoid using a misplaced wing flap.,overstatement,0,0.5383568406105042,0.6058179140090942,-0.06746107339859009,0.8062052130699158,0.04324227075463215,178.1865997314453,9,0.6923076923076923,0.0348621441073652
942,Even the flowers are fleeing California's perfect weather for the chilly north.,even the flowers are fleeing california's perfect weather,irony,0,0.9316844344139099,0.9372959136962891,-0.00561147928237915,0.93238365650177,0.2493651438887133,463.6502990722656,6,0.5,0.23250398466304853
943,Why can't women just bounce back like superheroes? Baby weight is so rude.,why can't women bounce back like superheroes?,rhetorical_question,1,0.5167649388313293,0.503695011138916,0.01306992769241333,0.8307756185531616,0.20748565434767416,127.6327896118164,7,0.5384615384615384,0.17237402283159647
944,"Watch: Clearing world anger in one viral video, because that's how problems work.",watch: clearing world anger in one viral video,sarcasm,0,0.9687256217002869,0.9435855746269226,0.025140047073364258,0.8183396458625793,0.276715788893083,1307.0233154296875,8,0.6153846153846154,0.2264475006873498
945,report: mom's work friend has no one,A report indicates that a mother's work friend has no one.,understatement,0,0.6550022959709167,0.5134282112121582,0.14157408475875854,0.8671732544898987,0.23462350320528,328.2955627441406,7,0.6363636363636364,0.20345922685434384
946,2016: A Year When Voters Mattered a Little,2016: a year when voters mingled a little,understatement,0,0.6684743762016296,0.7960846424102783,-0.12761026620864868,0.7728667259216309,0.03303164318013808,387.5205078125,6,0.75,0.025529057916444883
947,new study finds running for 20 minutes each day could add years of soreness to life,A study finds that running for 20 minutes each day could add years of soreness to life.,sarcasm,0,0.8746482729911804,0.8128967881202698,0.061751484870910645,0.9697673320770264,0.7172835948406505,69.63667297363281,3,0.17647058823529413,0.6955981981112364
948,44 suspicious packages detonated under white house christmas tree,44 suspicious packages were detonated under a White House Christmas tree.,sarcasm,0,0.6437525153160095,0.7553988695144653,-0.11164635419845581,0.9757907390594482,0.11731175160264001,98.39342498779297,6,0.5454545454545454,0.11447172079669851
949,"mitch mcconnell has hands, vocal cords removed to prevent self from holding hearing on scalia replacement",Mitch McConnell has removed his hands and vocal cords to prevent him from hearing on a California replacement.,satire,0,0.728123664855957,0.7415382266044617,-0.013414561748504639,0.8613134622573853,0.043788268658607944,190.0782012939453,12,0.6666666666666666,0.03771542528460216
950,"Yes, you can use government money to get out of student loan default. Nothing says fiscal responsibility like borrowing more to pay off debt.","yes, you can use government money to get out of student loan default",irony,0,0.8814876675605774,0.9391459822654724,-0.05765831470489502,0.9245719909667969,0.35364866931937694,48.580413818359375,13,0.5416666666666666,0.3269736542953747
951,"The five parent types that everyone universally adores to despise, no exceptions.",the five types of parents everyone adores to despise,overstatement,0,0.8835497498512268,0.9755913019180298,-0.09204155206680298,0.8983584642410278,0.045691164532331116,704.36669921875,8,0.6666666666666666,0.041047044398649105
952,clinton's head sawed off,Hillary Clinton's head was seen off.,overstatement,0,0.6340721249580383,0.5919762849807739,0.042095839977264404,0.8416141271591187,0.040824829046386304,162.9322052001953,5,0.8333333333333334,0.03435875286429464
953,report: this not a gun,A report states that this is not a gun.,sarcasm,1,0.8755180239677429,0.7528283596038818,0.12268966436386108,0.8370875120162964,0.056122223243057295,101.5741958618164,6,0.6666666666666666,0.046979212223353994
954,Interior Department's brilliant plan: slice the Endangered Species Act—because who needs pandas when we have more drilling?,interior department's brilliant plan: slice the endangered species act,satire,0,0.8905802965164185,0.9601545333862305,-0.06957423686981201,0.7039914727210999,0.12270657218905258,1017.2218017578125,13,0.7647058823529411,0.08638438046792908
955,budget woes force heaven to reduce eternal life to 500 billion years,The budget woes have forced heaven to reduce eternal life to 500 billion years.,satire,0,0.8324797749519348,0.8191114664077759,0.013368308544158936,0.9447678327560425,0.5622008276590377,303.8218994140625,4,0.2857142857142857,0.5311492575210823
956,Distributor won't release Louis C.K. film after misconduct? Hollywood morals at work.,distributor won't release louis c.k. film after misconduct,sarcasm,1,0.9013028740882874,0.5698499083518982,0.33145296573638916,0.9220929145812988,0.05038461395530625,599.1429443359375,8,0.6666666666666666,0.04645929553210192
957,"Do I need to upgrade my health insurance? Unless you want bankruptcy from a minor allergy, probably a good idea.",do i need to upgrade my health insurance?,overstatement,1,0.9240320920944214,0.9651315808296204,-0.041099488735198975,0.7954919338226318,0.15181216783202628,145.47958374023438,14,0.7,0.12076535496650452
958,"Deputy who flipped Spring Valley High student acted reprehensibly? Say it ain't so, school officials!",deputy who flipped spring valley high student acted reprehensibly,sarcasm,0,0.624228298664093,0.769166886806488,-0.14493858814239502,0.9001367688179016,0.03682115399770305,6349.25048828125,11,0.7333333333333333,0.03314407458363878
959,Oil lobby opposes Obama's oil tax – say it with me: utterly predictable.,oil lobby opposes obama's oil tax,sarcasm,0,0.8770369291305542,0.9420187473297119,-0.06498181819915771,0.8882262110710144,0.03802068840835078,1109.533447265625,9,0.6923076923076923,0.03377097200726105
960,entitled burger king employee wants $15 an hour just for dealing with worst of america every day,An entitled Burger King employee wants $15 an hour for dealing with the worst of America every day.,sarcasm,0,0.956419825553894,0.954016387462616,0.002403438091278076,0.9773618578910828,0.30928520903947526,68.721923828125,7,0.3888888888888889,0.30228356652505345
961,Living with mindfulness and love? That's the solution to all world problems.,living with mindfulness and love,satire,1,0.9671538472175598,0.628024160861969,0.3391296863555908,0.7832455635070801,0.06557378107648686,298.48651123046875,9,0.75,0.051360373110542853
962,Michelle Obama's daily habit is all about happiness: because positive vibes fix systemic issues.,michael obama's daily habit is all about happiness,understatement,0,0.9840495586395264,0.9715348482131958,0.012514710426330566,0.812982439994812,0.2442008265943985,466.6107482910156,9,0.6428571428571429,0.19853098385346407
963,1970 Cosmo's guide for ladies: timeless advice on pleasing men with your hands.,1970 cosmo's guide for ladies,satire,0,0.7321882843971252,0.7848641872406006,-0.05267590284347534,0.7528842687606812,0.0253871431063062,1054.2421875,10,0.7692307692307693,0.01911358067351411
964,cricket located,Cricket is located.,understatement,1,0.5914976000785828,0.6781233549118042,-0.08662575483322144,0.9557049870491028,0.0,287.85791015625,3,1.0,0.0
965,new employee still eager enough to pick up slack for coworkers,A new employee is eager to pick up a slack for coworkers.,sarcasm,0,0.9326480031013489,0.960378110408783,-0.027730107307434082,0.9295014142990112,0.1281101041965245,112.82556915283203,5,0.4166666666666667,0.1190785230366632
966,"defense: 'george zimmerman is, you know, he's a decent enough guy'",The defense stated that George Zimmerman is a decent enough man.,sarcasm,0,0.6709369421005249,0.725162923336029,-0.05422598123550415,0.895111083984375,0.09329460218997072,101.91195678710938,8,0.7272727272727273,0.08350903249615574
967,gondolier ordered to follow that gondola,A gondolier is ordered to follow the gondola.,sarcasm,0,0.5379016399383545,0.6936648488044739,-0.15576320886611938,0.9314118027687073,0.1477219991186121,41.94994354248047,4,0.5,0.1375900135076639
968,tucker carlson angrily explains difference between good baby and bad baby,Tucker Carlson angrily explains the difference between good baby and bad baby.,sarcasm,0,0.5700164437294006,0.8282064199447632,-0.25818997621536255,0.9803923964500427,0.46924700641055994,98.99665832519531,4,0.3333333333333333,0.4600461971418574
969,mom uses full name to refer to bisquick impossibly easy cheeseburger pie,A mother uses her full name to refer to a bisquick impossibly easy cheeseburger pie.,irony,0,0.6916508078575134,0.858883261680603,-0.1672324538230896,0.9545571804046631,0.42311785416105785,163.1664581298828,5,0.3333333333333333,0.4038901858468508
970,"Aww, how quaint – an LGBT foster youth has a Christmas wish. How utterly unexpected and not at all heartwarming.","aww, how quaint an lgbt foster youth has a christmas wish",irony,0,0.842475950717926,0.7626571655273438,0.07981878519058228,0.9187618494033813,0.12794810631258222,698.9789428710938,13,0.65,0.11755383878340848
971,Christian sideshow in acts of terror. Peaceful as always.,christian sideshow in acts of terror,irony,0,0.943710207939148,0.9416346549987793,0.0020755529403686523,0.8455154895782471,0.3081980909598119,342.42523193359375,5,0.5555555555555556,0.26058625976496647
972,"'nothing would surprise me at this point,' says man who will be shocked by 8 separate news items today","A man said, 'Nothing would surprise me at this point,' and said he will be shocked by 8 separate news items today.",irony,1,0.5782707333564758,0.6485211849212646,-0.07025045156478882,0.943236231803894,0.5351607207631776,73.46924591064453,8,0.36363636363636365,0.5047829816621155
973,"Comedian justly berates 'SNL' for its 30-year gay cast member drought, a true scandal",comedian berates'snl' for its 30-year gay cast member drought,sarcasm,0,0.9506868720054626,0.9286226630210876,0.022064208984375,0.9410192966461182,0.337019838632122,1247.43798828125,8,0.5714285714285714,0.31714217150538765
974,royal baby spits up on great-grandmother,A royal baby spits on his great-grandmother.,understatement,0,0.567782461643219,0.7888922095298767,-0.22110974788665771,0.9160813093185425,0.17567205239427922,69.34439086914062,4,0.5714285714285714,0.1609298837680269
975,"Putin's childhood friends defend him in SNL spoof: Loyalty knows no bounds, even for 'petty' pals.",putin's childhood friends defend him in snl spoof,satire,0,0.8736661672592163,0.9178541898727417,-0.04418802261352539,0.8481736779212952,0.19018379497840193,1556.7210693359375,11,0.6875,0.1613088888678607
976,Nothing says 'romance' like rewatching 'The Notebook' while eating cold pizza alone.,watch 'the notebook' while eating cold pizza,irony,1,0.7889494895935059,0.5512843728065491,0.2376651167869568,0.6430360674858093,0.20126703311713304,437.7555847167969,8,0.6666666666666666,0.12942196149017737
977,greenspan just repeating detractors' criticisms in high-pitched girly voice,Greenspan is repeating detractors' criticisms in a high-pitched girly voice.,satire,0,0.9172812700271606,0.9166492223739624,0.0006320476531982422,0.9640697836875916,0.31239399369202553,113.42556762695312,4,0.4,0.3011696099239739
978,Out-bad Chronicles: Fantasy from Hell – hell must be running out of bad fantasies.,out-bad 'the fantasy from hell',satire,1,0.778730571269989,0.898002028465271,-0.11927145719528198,0.7803695201873779,0.008881260752338875,523.8821411132812,13,0.9285714285714286,0.006930665191961679
979,"Trump picks another insider for transportation role, shocking no one.",donald trump picks another insider for transportation role,sarcasm,0,0.959953784942627,0.9536705017089844,0.006283283233642578,0.8529052734375,0.4026190971287384,2530.73388671875,6,0.6,0.343395951127746
980,"Can Reddit ban hate? Sure, just like we banned guns.",can reddit ban hate?,rhetorical_question,1,0.7618355751037598,0.8285225629806519,-0.06668698787689209,0.8398139476776123,0.03791080144520064,5147.392578125,8,0.8,0.03183801982131608
981,Conscious uncoupling is wimping out? And other groundbreaking life lessons from the enlightened.,conscious uncoupling is wimping out,satire,1,0.9238224625587463,0.5346248149871826,0.3891976475715637,0.7326022386550903,0.053687271162922795,134.77296447753906,10,0.7692307692307693,0.03933141504124012
982,entire republican national convention stunned as ann romney asks for divorce,The entire republican national convention is stunned as Ann Romney asks for a divorce.,satire,0,0.9115832448005676,0.9435302019119263,-0.03194695711135864,0.9546260833740234,0.24022110864391533,341.05169677734375,6,0.42857142857142855,0.22932133608850666
983,amount of water man just used to wash dish to be prize of hand-to-hand combat match in 2065,The amount of water man used to wash a dish was considered the prize of a hand-to-hand combat match in 2065.,overstatement,1,0.6572123169898987,0.6894692182540894,-0.032256901264190674,0.954869270324707,0.30603689509300896,49.25739288330078,8,0.38095238095238093,0.29222522670990037
984,"The U.S women's gymnastics team turns heads at the VMAs: with their flawless routines, obviously.",the u.s. women's gymnastics team turns heads at the vmas,overstatement,0,0.9732898473739624,0.9784561395645142,-0.005166292190551758,0.9094247221946716,0.38753858253732953,108.00227355957031,8,0.5333333333333333,0.35243716776372774
985,woman 7 golden retrievers short of childhood vision,A woman is 7 golden retrievers short of her childhood vision.,understatement,1,0.7817602753639221,0.7375592589378357,0.044201016426086426,0.9645121097564697,0.38163309113713373,265.162109375,4,0.36363636363636365,0.36808973788555993
986,report: shame of walking out without buying anything drives 90% of purchases at small businesses,A report states that walking out without buying anything drives 90% of purchases at small businesses.,overstatement,0,0.9403294920921326,0.9269624352455139,0.013367056846618652,0.9026516079902649,0.6525452579142078,200.6474609375,5,0.3125,0.5890210263426818
987,Pro-Trump trolls target Megyn Kelly's book? So respectful and on-topic.,pro-trump trolls target megyn kelly's book,sarcasm,0,0.9526880383491516,0.8535136580467224,0.0991743803024292,0.9240437746047974,0.04432535465175531,816.9491577148438,8,0.8,0.04095856802310429
988,Washington players celebrate with simulated 'stop and frisk'—tasteless humor at its finest.,washington players celebrate with simulated'stop and frisk',sarcasm,0,0.9359469413757324,0.8274365663528442,0.10851037502288818,0.9195423722267151,0.08599878806687147,3959.55859375,8,0.6666666666666666,0.0790795295876335
989,Britain's EU referendum polls close? Time to see which side's bitterness wins the day.,british eu referendum polls close,satire,0,0.5270103812217712,0.7223168611526489,-0.19530647993087769,0.7613673210144043,0.01878157980529131,1164.957763671875,12,0.8571428571428571,0.014299681100772881
990,"A toddler's deep insights into mortality—because kids are basically philosophers, right?",a toddler's deep insights into mortality,overstatement,1,0.7858669757843018,0.6465833187103271,0.1392836570739746,0.7677910327911377,0.22083358203177395,1089.237060546875,7,0.6363636363636364,0.16955404402314214
991,nra spokesman: a hebrew?,A nra spokesman says hebrew is a hebrew.,rhetorical_question,0,0.9280737638473511,0.881027102470398,0.047046661376953125,0.8445626497268677,0.03303164318013808,625.0164794921875,6,0.75,0.027897292089049834
992,genetic experiment goes horribly right,A genetic experiment is very effective.,irony,0,0.9442523121833801,0.9913263916969299,-0.047074079513549805,0.7672457695007324,0.08633400213704504,158.590087890625,4,0.6666666666666666,0.066239397903715
993,"Feeding people, and democracy, to death – our efficient governance model.","feeding people, and democracy, to death",overstatement,0,0.9683268666267395,0.6713165044784546,0.2970103621482849,0.8619495630264282,0.3302232277439296,206.8864288330078,6,0.5454545454545454,0.2846357668550568
994,video game shopkeeper starting to get suspicious after selling 800 bombs to player,A video game shopkeeper is becoming suspicious after selling 800 bombs to a player.,irony,0,0.6595206260681152,0.779995858669281,-0.12047523260116577,0.9495970010757446,0.44534504264163466,308.9358825683594,6,0.42857142857142855,0.42289831693644586
995,nutella briefly entertained as lubricant,Nutella is briefly used as a lubricant.,satire,0,0.7482622265815735,0.7083039879798889,0.03995823860168457,0.8920409083366394,0.039281465090051315,74.85855102539062,5,0.7142857142857143,0.035040673799723365
996,"I was pranked by Muhammad Ali, the boxer known for his poetic trash talk, what a harmless joke.","i was pranked by mahmoud ali, the boxer known for his poetic trash talk",irony,0,0.8805160522460938,0.6835513710975647,0.19696468114852905,0.9103209972381592,0.3995580083755955,373.1702575683594,8,0.4444444444444444,0.36372604463896485
997,Father of Parkland victim creates powerful mural: because what's a few more names on a wall?,father of parkland victim creates powerful mural,sarcasm,0,0.7665615081787109,0.5990924835205078,0.16746902465820312,0.8320555686950684,0.04856507409206696,4377.17626953125,12,0.75,0.0404088403423929
998,"report finds koch brothers increasingly falling under control of influential, high-powered trillionaire","A report indicates that the Koch brothers are increasingly under control of an influential, high-powered trillionaire.",overstatement,0,0.9359549880027771,0.9022362232208252,0.033718764781951904,0.9478059411048889,0.08609583710384033,78.13450622558594,9,0.5625,0.0816021459114186
999,"A high school denies a gay student a scholarship, upholding timeless values of exclusion.",a high school denies a gay student a scholarship,sarcasm,0,0.9513403177261353,0.9066020846366882,0.04473823308944702,0.9082696437835693,0.41653323821535565,111.56434631347656,7,0.5,0.3783244958978777
1000,"Illustrations sum up anxiety, because a picture is worth a thousand panic attacks.",illustrations sum up anxiety,irony,0,0.8352921605110168,0.801978349685669,0.0333138108253479,0.8820180296897888,0.017907794590318507,1999.9010009765625,11,0.8461538461538461,0.015794997700642188
1001,"National Enquirer, bastion of truth, turns on Michael Cohen – the plot thickens.",national enquirer turns on michael ohio,irony,0,0.8651720881462097,0.8344426155090332,0.030729472637176514,0.6296401023864746,0.026884686598925595,466.9713439941406,11,0.8461538461538461,0.016927676822775795
1002,Throwing in the towel? How original for a media mogul.,throwing in the towel,satire,1,0.9629160761833191,0.9011408090591431,0.061775267124176025,0.6517225503921509,0.03791080144520064,301.7496032714844,8,0.8,0.0247073242052766
1003,"Williams' lies so elaborate, Pinocchio would need a longer nose to keep up.",jennifer williams' lies are so elaborate that pinocchio would need a longer nose,overstatement,0,0.585564911365509,0.633672297000885,-0.04810738563537598,0.8364264965057373,0.31455601883230705,199.35531616210938,9,0.6923076923076923,0.2631029887866993
1004,grounded plane makes snow angel on tarmac,A grounded plane made a snow angel on the tarmac.,irony,0,0.8724232912063599,0.8211053609848022,0.05131793022155762,0.9447645545005798,0.13134549472120793,175.67745971679688,5,0.5,0.12409056780594027
1005,"Trevor Noah reveals Trump is raking in cash as president, what a successful side hustle.",trevor noah reveals donald trump is raking in cash as president,overstatement,0,0.9853644967079163,0.9138774275779724,0.07148706912994385,0.8805513381958008,0.25526076207555654,406.2888488769531,10,0.6666666666666666,0.22477020563451122
1006,visine introduces new eye-whitening strips,Visine introduces new eye-whitening strips.,satire,0,0.9328492879867554,0.925693154335022,0.0071561336517333984,0.9931848645210266,0.26591479484724945,271.34515380859375,2,0.4,0.264102549494502
1007,Greed and resistance in Sarawak's rainforest – corporations always have our best interests at heart.,greed and resistance in saskawak's rainforest,sarcasm,0,0.928619384765625,0.6881447434425354,0.2404746413230896,0.5105443000793457,0.048445690319721145,758.603515625,11,0.7333333333333333,0.024733671056142766
1008,"Democrat says GOP is holding government hostage, because they're just so reasonable.",democrat says gop is holding government hostage,sarcasm,0,0.9688571095466614,0.9131535887718201,0.05570352077484131,0.9072058200836182,0.08599878806687147,643.4559936523438,8,0.6666666666666666,0.0780186010544034
1009,"bob barr on two-party system: ""waaah! waaah!""",Bob Barr is on a two-party system that says 'waaaah! waaaah!'.,sarcasm,0,0.7880885601043701,0.8182133436203003,-0.030124783515930176,0.9431611895561218,0.022416933501922302,84.57964324951172,9,0.8181818181818182,0.02114278166787352
1010,al-qaeda chatter deteriorates into gossip,An al-Qaeda chatter deteriorated into gossip.,sarcasm,0,0.758401095867157,0.8066007494926453,-0.04819965362548828,0.918746829032898,0.048549177170732344,453.2643737792969,4,0.6666666666666666,0.044604402577766704
1011,time traveler from 2008 freaked out by guy wearing google glass while smoking e-cigarette,A time traveler from 2008 was frustrated by a man wearing google glass while smoking an e-cigarette.,satire,0,0.7909464240074158,0.785831093788147,0.005115330219268799,0.867684006690979,0.36821398145189993,136.77084350585938,7,0.4117647058823529,0.31949338274582234
1012,"FBI employees showcase their subtle, professional loyalty to Comey with 'Comey is my homey' shirts at family day.","fbi employees showcase their subtle, professional loyalty to comey with 'comey is my homey' shirts at family day",satire,0,0.9726513028144836,0.9618805050849915,0.010770797729492188,0.9920872449874878,0.6028817681965138,633.62060546875,4,0.2222222222222222,0.5981113124632647
1013,self-conscious panda swears it overheard zookeeper refer to it as 'giant',A self-conscious panda swears that its overheard Zookeeper refers to it as 'giant'.,irony,0,0.603541910648346,0.6092028021812439,-0.005660891532897949,0.9761258363723755,0.13440569963077395,124.04074096679688,6,0.46153846153846156,0.1311968759653035
1014,McKinsey reveals that equality might boost economy; someone alert the Nobel committee.,michael mckinsey reveals that equality could boost the economy,satire,0,0.8797566294670105,0.9437333345413208,-0.0639767050743103,0.8649039268493652,0.09662504873924324,324.632080078125,8,0.6666666666666666,0.08357138408658278
1015,Veterans are pissed at Trump for not spelling Marine Corps – the real issue.,veterans are pissed at donald trump for not spelling the marine corps,sarcasm,0,0.7865217328071594,0.951962947845459,-0.16544121503829956,0.9662727117538452,0.12472700182418718,330.02459716796875,8,0.5714285714285714,0.12052029828158414
1016,"police chief says there just a few bad, deeply ingrained prejudices giving all cops a bad name","The police chief says there are only a few bad, deeply ingrained prejudices that give all cops a bad name.",understatement,0,0.8097235560417175,0.8515032529830933,-0.04177969694137573,0.962726891040802,0.4797543511401896,42.235267639160156,6,0.3,0.461872414936492
1017,"American women suddenly all want kids, population boom imminent!",american women suddenly all want kids,overstatement,0,0.978296160697937,0.9752171039581299,0.003079056739807129,0.8518007397651672,0.3081980909598119,1958.0321044921875,5,0.5555555555555556,0.26252336187378006
1018,history teacher has unusual favorite president,A history teacher has a favorite president.,understatement,0,0.942139208316803,0.9624051451683044,-0.020265936851501465,0.941499650478363,0.17567205239427922,331.9842529296875,3,0.42857142857142855,0.16539517592803055
1019,"Ten supremely obvious tips you've heard a thousand times, now repackaged as groundbreaking life hacks for the chronically online.",10 supremely obvious tips you've heard a thousand times,sarcasm,0,0.9508549571037292,0.906558096408844,0.044296860694885254,0.703572154045105,0.23898737027690029,195.82179260253906,12,0.631578947368421,0.16814485889529382
1020,makers of good friends cereal not sure how two pictures of ann coulter got on box,The makers of Good Friends cereal are not sure how two pictures of Ann Coulter were placed on the box.,satire,0,0.5726878046989441,0.5425527095794678,0.03013509511947632,0.9554083347320557,0.28051550320162943,130.8328399658203,10,0.5,0.2680068497803934
1021,"ESA lander poised for its small, insignificant, totally routine Martian adventure.","the esa lander is poised for its small, insignificant, totally routine martian adventure",understatement,0,0.9520688056945801,0.7966304421424866,0.1554383635520935,0.9583795070648193,0.48633831680799433,738.978271484375,5,0.38461538461538464,0.46609667632917956
1022,"David Chase analyzes Sopranos ending shot-by-shot, essential viewing for understanding the universe.",daniel jenkins analyzes'sopranos' ending shot-by-shot,overstatement,1,0.8323306441307068,0.690499484539032,0.1418311595916748,0.6816653609275818,0.013249284136531224,279.6510314941406,11,0.9166666666666666,0.009031578052960641
1023,"Barack Obama graciously helps Donald Trump deal with Twitter loss, showing presidential kindness.",barack obama helps donald trump deal with twitter loss,sarcasm,0,0.8400291204452515,0.9067234992980957,-0.06669437885284424,0.9157688617706299,0.035984468898536105,1072.9110107421875,10,0.7692307692307693,0.03295345612463304
1024,navy discontinues use of 'port' and 'starboard'will now refer to left as 'thunk' and right as 'moosh-baroo',Navy discontinues use of 'port' and'starboard' will now refer to left as 'thunk' and right as'moosh-baroo'.,overstatement,1,0.8688653111457825,0.8117069005966187,0.05715841054916382,0.9955446720123291,0.5660979188828388,221.49819946289062,5,0.29411764705882354,0.5635757669810778
1025,"Kidnapping suspect says vaccine's side effects led him to crime. Blame the vaccines, not the fact that he's a kidnapper.",kidnapping suspect says vaccine's side effects led him to crime,sarcasm,0,0.5099709033966064,0.8453245759010315,-0.33535367250442505,0.9274030923843384,0.27952792741962756,229.41094970703125,12,0.6,0.2592350642967475
1026,"trump boys leave $5 bill, candy bar under propped-up laundry basket in effort to catch op-ed writer",Trump boys leave a $5 bill and candy bar under a propped-up laundry basket to catch an op-ed writer.,satire,0,0.7844100594520569,0.8759867548942566,-0.09157669544219971,0.9730590581893921,0.11154288433080788,111.32611083984375,9,0.47368421052631576,0.10853781397466421
1027,Trump nominee suddenly loves the agency now that there's a paycheck involved – what a surprise!,trump nominee suddenly loves the agency now that there's a paycheck involved,sarcasm,0,0.9840906262397766,0.9754845499992371,0.00860607624053955,0.9490819573402405,0.6474591278836639,529.50146484375,5,0.3125,0.6144917763896328
1028,stressed lab rat breaking out in human ears,A stressed lab rat is breaking out in human ears.,overstatement,0,0.5995218753814697,0.5439462065696716,0.055575668811798096,0.9636875987052917,0.37991784282579627,498.811279296875,3,0.3,0.36612211365808606
1029,resourceful man able to cobble together bad mood from handful of minor annoyances,A man is able to cope with a negative mood from a few minor annoyances.,irony,0,0.7605636715888977,0.8468806743621826,-0.08631700277328491,0.7718285322189331,0.043748114312246456,59.56394577026367,9,0.6,0.033766042856967285
1030,rare quarter worth 26 cents,A rare quarter is worth 26 cents.,understatement,1,0.6979570984840393,0.8073301911354065,-0.10937309265136719,0.9699242115020752,0.09878765474230743,410.0342102050781,3,0.42857142857142855,0.09581653813207178
1031,Montana Dems nominate a banjo player for special election: Because why elect a politician when you can have a musician?,montana dems nominate banjo player for special election,irony,0,0.7180086970329285,0.8839868307113647,-0.16597813367843628,0.8927804231643677,0.08156639541862229,1123.8961181640625,15,0.75,0.07282088101782974
1032,new speech recognition software factors in user's mouth always being full,The new speech recognition software has always been full in the user's mouth.,satire,0,0.9672151803970337,0.8985474705696106,0.0686677098274231,0.7821016907691956,0.22997519112894443,158.2562713623047,9,0.6923076923076923,0.17986398581691634
1033,17 ways to make the most of what's left of summer: as if you weren't already masterfully procrastinating.,17 ways to make the most of what's left of summer,understatement,1,0.637549638748169,0.7720020413398743,-0.13445240259170532,0.868705153465271,0.4726690031860885,34.99758529663086,8,0.4444444444444444,0.41060999895104766
1034,Jessica Simpson takes the plunge after crushing us with reality TV news – our hearts are shattered.,jessica simpson takes the plunge after crushing us with reality tv news,overstatement,0,0.9054021835327148,0.9572064280509949,-0.05180424451828003,0.938612699508667,0.4163468725645407,803.8460693359375,8,0.47058823529411764,0.39078846198979456
1035,dinner party conducting full-scale investigation to determine if tip was included,A dinner party is conducting a full-scale investigation to determine if a tip was included.,overstatement,0,0.5506255030632019,0.6924707293510437,-0.1418452262878418,0.9148027896881104,0.3237722713145643,56.50345230102539,5,0.3333333333333333,0.2961877770222192
1036,man swells with shame after entering zip code into girl scout cookie locator,A man swells after entering his zip code into a girl scout cookie locator.,overstatement,0,0.8896997570991516,0.8214292526245117,0.06827050447463989,0.8783172965049744,0.14949751774990688,313.2467346191406,6,0.42857142857142855,0.13130625562430262
1037,"Trump says Congress won't change libel laws: consistency is key, even when wrong.",donald trump says congress won't change libel laws,sarcasm,0,0.8689889907836914,0.9511985778808594,-0.08220958709716797,0.8754264116287231,0.07906988827190935,211.6348114013672,10,0.7692307692307693,0.06921986855776166
1038,Marathon for kids with heart disease – because running cures everything.,marathon for kids with heart disease,understatement,0,0.9841316342353821,0.8225052952766418,0.16162633895874023,0.8835232257843018,0.3302232277439296,207.27647399902344,6,0.5454545454545454,0.2917598914052208
1039,Want to be shot from a cannon? Bello the clown makes dreams come true.,want to be shot from a cannon? bello the clown,irony,1,0.7067968249320984,0.8699381947517395,-0.1631413698196411,0.9340832233428955,0.3897446783710725,403.220703125,6,0.42857142857142855,0.36405396545359153
1040,How to make fashion week's glitter eyeliner actually wearable without blinding your coworkers.,how to make fashion week's glitter eyeliner actually wearable,irony,0,0.7291091084480286,0.6762064695358276,0.05290263891220093,0.9044041633605957,0.5535566902494308,584.6467895507812,5,0.38461538461538464,0.5006389753176969
1041,breaking: thriller writer jeffery deaver at top of his game,The thriller writer Jeffery Deaver is at the top of his game.,irony,0,0.8417800068855286,0.6857067942619324,0.1560732126235962,0.935562252998352,0.11094660471566163,59.96979904174805,6,0.5,0.10379745547030199
1042,Epidemic of Gun Silence: No One Talks About Guns Anymore,epidemic of gun silence,irony,0,0.8321505188941956,0.7945852279663086,0.03756529092788696,0.9144048690795898,0.017926911178691992,1296.3994140625,9,0.9,0.016392454869353288
1043,"onion social ceo caught by law enforcement at miami airport with $800,000 in cash","An onion social CEO was caught by law enforcement at Miami Airport with $800,000 in cash.",satire,0,0.7968456149101257,0.8536808490753174,-0.05683523416519165,0.978378415107727,0.33649324423301513,76.42139434814453,6,0.375,0.3292177269871547
1044,A long-shot push to confirm Garland fails? What a shocker.,a long-shot push to confirm garland fails,understatement,0,0.9710321426391602,0.7795626521110535,0.1914694905281067,0.9493057727813721,0.28319415510892393,761.7948608398438,6,0.6,0.2688378462628448
1045,"This one song will absolutely, definitely change your life and solve all societal ills.","this one song will absolutely, definitely, change your life and solve all societal ills",overstatement,1,0.5044563412666321,0.6059828400611877,-0.10152649879455566,0.9891065359115601,0.6162607099729586,129.58140563964844,3,0.21428571428571427,0.6095474960597517
1046,20-something thinking about maybe doing something funny with his facial hair,A 20-something is thinking about doing something funny with his facial hair.,understatement,0,0.5677708983421326,0.7551071047782898,-0.18733620643615723,0.9212701320648193,0.4832697830906221,41.403011322021484,4,0.3333333333333333,0.445222016890834
1047,jonathan safran foer guesses it's time to give up on silly little dream of becoming good writer,Jonathan Safran Foer believes it's time to abandon his dream of becoming a good writer.,sarcasm,0,0.5391652584075928,0.7057477235794067,-0.16658246517181396,0.8940697908401489,0.1000702771432444,34.4797477722168,11,0.6470588235294118,0.08946981175477625
1048,"Linda Brown dies, but segregation's legacy thrives – progress, isn't it?","linda brown dies, but segregation's legacy thrives",irony,1,0.6095971465110779,0.7084421515464783,-0.09884500503540039,0.9520615339279175,0.34718201116725705,961.1575317382812,6,0.5454545454545454,0.33053863810407813
1049,child clinging to daddy's leg like it's helicopter evacuating saigon,A child is clinging to the daddy's leg like a helicopter evacuating Saigon.,overstatement,0,0.7294328808784485,0.5454424619674683,0.18399041891098022,0.9575213193893433,0.11685792587573332,105.20697021484375,5,0.38461538461538464,0.11189395536563425
1050,historical archives: amazing publick spectacle!,Historical archives are an amazing publick spectacle.,satire,0,0.6218688488006592,0.9630313515663147,-0.3411625027656555,0.9207333326339722,0.06985342056580097,488.0478515625,5,0.7142857142857143,0.06431637271343238
1051,"Sudan's chemical weapons use confirmed, because diplomacy is overrated.",syria's chemical weapons use has been confirmed,sarcasm,0,0.9398341178894043,0.9255536198616028,0.014280498027801514,0.599192202091217,0.1228524589164766,90.0191879272461,6,0.6666666666666666,0.07361223539048439
1052,What better way to dispel myths than with a toy that highlights differences?,what better way to dispel myths than with a toy that highlights differences,rhetorical_question,0,0.5566105842590332,0.8929914236068726,-0.33638083934783936,0.9968631863594055,0.8242367502646054,89.87726593017578,2,0.15384615384615385,0.8216512731832961
1053,"Oh great, the 'quadruple bottom line' is finally here—because three bottom lines were clearly insufficient for our existential dread.",the 'quadruple bottom line' is finally here,sarcasm,0,0.9092230200767517,0.6725213527679443,0.23670166730880737,0.828666090965271,0.14571389846110752,80.19012451171875,13,0.6842105263157895,0.12074816663707638
1054,Texas GOP Chair Laments Inclusion of Gay Conversion Therapy: So Brave to Defend a Practice Everyone Knows Is Nonsense,texas gop chair laments inclusion of gay conversion therapy,sarcasm,0,0.9652135372161865,0.9312348365783691,0.03397870063781738,0.9491086602210999,0.007894145539546107,813.4623413085938,18,0.9473684210526315,0.007492401896628978
1055,pornstar has face only stepmother could love,A pornstar has a face that only his stepmother could love.,irony,0,0.6300987601280212,0.7506713271141052,-0.12057256698608398,0.9092399477958679,0.06238986072117501,89.27777862548828,5,0.45454545454545453,0.056727353705112636
1056,florida passes strict ban on being unarmed,Florida passes a strict ban on being unarmed.,irony,0,0.713264524936676,0.770067036151886,-0.05680251121520996,0.9800592064857483,0.3655552228545123,284.8627624511719,3,0.375,0.3582657616375142
1057,Cuba joins one billion rising: because ending violence is so easy with communism.,cuba joins one billion rising rising,sarcasm,1,0.9699894189834595,0.5969200134277344,0.3730694055557251,0.7247054576873779,0.0629195042125731,12272.3955078125,10,0.7692307692307693,0.04559810809783569
1058,fcc passes mandatory garofalo/griffin guest-appearance regulation,The FCC has passed a mandatory guest-appearance regulation for garofalo/griffin use.,satire,0,0.5207375288009644,0.7334655523300171,-0.21272802352905273,0.958914577960968,0.04740604259878138,409.9917907714844,9,0.8181818181818182,0.04545834533141012
1059,mitsubishi from 'the fast and the furious' lands first directorial role,Mitsubishi from 'The Fast and The Furious' landed his first directorial role.,irony,0,0.6043458580970764,0.5233003497123718,0.08104550838470459,0.9420758485794067,0.0428361950754725,31.361536026000977,8,0.6666666666666666,0.040354944825638756
1060,report: video games will never be art,A report states that video games will never be art.,irony,0,0.7201015949249268,0.8673706650733948,-0.14726907014846802,0.856548547744751,0.392814650900513,140.86891174316406,5,0.5,0.33646481876169576
1061,Secretive WHCD pre-party: where celebs pretend to care about journalism.,secretive hhdc pre-party,satire,1,0.9723161458969116,0.5290857553482056,0.44323039054870605,0.42224639654159546,0.0,1675.1993408203125,10,1.0,0.0
1062,area man hurt,A local man is injured.,understatement,1,0.8250058889389038,0.7605908513069153,0.06441503763198853,0.6812636256217957,0.05372849659117709,151.05245971679688,4,0.8,0.03660327038691359
1063,FDA warns another company about unapproved genetic tests. Because we need more ways to mess with our genes.,fda warns another company about unapproved genetic tests,sarcasm,0,0.9430304169654846,0.9361674785614014,0.006862938404083252,0.8682721853256226,0.19493068205878689,691.8974609375,12,0.6666666666666666,0.169252889298197
1064,Mark Hamill shuts down Trump's latest complaint with 3 blistering words—the Jedi Master of clapping back has entered the chat.,mark hamill shuts down donald trump's latest complaint with 3 blistering words,overstatement,0,0.6728549599647522,0.8666579723358154,-0.19380301237106323,0.7955204248428345,0.18720655824046925,1144.552490234375,14,0.7,0.14892664074482292
1065,"Scientology's 'Going Clear' is just like the original, but with more truth, apparently.",scientology's 'going clear' is just like the original,sarcasm,0,0.7448596358299255,0.7205777764320374,0.024281859397888184,0.9569743871688843,0.18505100105615155,195.5675048828125,9,0.6923076923076923,0.17708906833069918
1066,if the culture fits... because who needs qualifications when you have a shared love for ping-pong?,if the culture fits... because who needs qualifications when you have a shared love for ping-pong?,irony,1,0.7633845210075378,0.7633845210075378,0.0,1.000000238418579,1.0,108.49433135986328,0,0.0,1.0
1067,Laverne Cox taught the cast about trans issues—because Hollywood never learns anything.,laverne cox taught the cast about trans issues,irony,0,0.9221012592315674,0.8561902642250061,0.06591099500656128,0.7884914875030518,0.31356006812336346,785.6328735351562,7,0.5833333333333334,0.2472394445361491
1068,"Siri helps hero 4-year-old save his unconscious mom's life: Apple, now with life-saving features!",siri helps hero 4-year-old save his unconscious mom's life,irony,1,0.6559220552444458,0.6324453353881836,0.023476719856262207,0.885068416595459,0.41653323821535565,216.24095153808594,7,0.5,0.368660413606644
1069,crowd shocked after unhinged trump dangles baby from truman balcony,A crowd was shocked after Donald Trump dangled a baby from a Trump balcony.,overstatement,0,0.9066182971000671,0.9507957100868225,-0.04417741298675537,0.8868556022644043,0.04516881220954754,109.7365951538086,9,0.6428571428571429,0.040058214155666065
1070,10 motivational phrases? Because affirmations build skyscrapers.,10 motivational phrases,overstatement,1,0.8729984164237976,0.5187439918518066,0.35425442457199097,0.7637084722518921,0.06333742121977234,39402.96484375,5,0.7142857142857143,0.048371325196126906
1071,wal-mart greeter at death's door,A Wal-Mart greeter arrives at the death's door.,understatement,0,0.5567104816436768,0.7368490695953369,-0.18013858795166016,0.8601723909378052,0.03655552228545124,80.10570526123047,5,0.625,0.031444051006256815
1072,Ivanka Trump promises Daddy will fix labor laws for women—what could go wrong?,ivanka trump promises Daddy will fix labor laws for women,irony,0,0.7650645971298218,0.9718647599220276,-0.2068001627922058,0.9522396326065063,0.4733406936045769,2488.3544921875,6,0.46153846153846156,0.45073376817573124
1073,area man likes food,A local man enjoys food.,understatement,0,0.9506213665008545,0.9161804914474487,0.03444087505340576,0.8511737585067749,0.05372849659117709,655.9036254882812,4,0.8,0.04573228638243065
1074,vp pick energizes republican basest,The GOP pick is energized by Republican basests.,sarcasm,0,0.9159532785415649,0.9184437394142151,-0.0024904608726501465,0.7312758564949036,0.02777619034011792,503.7289123535156,7,0.875,0.020312057381135198
1075,Watch Justin Timberlake do the robot in 'Filthy': a dance move so innovative it redefines music videos.,watch jimmy timberlake do the robot in 'filthy',overstatement,1,0.8784873485565186,0.6492330431938171,0.22925430536270142,0.7687813639640808,0.11223910575107081,415.992919921875,13,0.7647058823529411,0.08628733280941692
1076,tim kaine clearly ate rocket pop during pence's rebuttal,Tim Kaine ate rocket pop during Pence's rebuttal.,sarcasm,0,0.7075909376144409,0.894249439239502,-0.18665850162506104,0.9715158343315125,0.3050975216056289,970.9693603515625,5,0.5555555555555556,0.29640707325516924
1077,school teacher not about to risk her life for derek,A school teacher is not about to risk her life for Derek.,sarcasm,1,0.7549312710762024,0.8883647322654724,-0.13343346118927002,0.9326913952827454,0.5706745777055999,69.54535675048828,3,0.25,0.5322632681326275
1078,michael j. fox reluctantly fields hoverboard question during parkinson's research benefit,Michael J. Fox reluctantly asked a hoverboard question during Parkinson's research benefit.,sarcasm,0,0.7314872741699219,0.8406083583831787,-0.10912108421325684,0.9252671599388123,0.09578464408619825,534.5743408203125,7,0.5833333333333334,0.0886263855993866
1079,A small drop in vaccines? Just a tiny risk of tripling infections.,a small drop in vaccines,understatement,0,0.7766281366348267,0.9344940185546875,-0.15786588191986084,0.833169162273407,0.07046361346077235,1041.254638671875,9,0.75,0.058708109797868856
1080,orlando locals fear town starting to become overrun by tourists,Locals in Orlando fear that the town will become overrun by tourists.,overstatement,0,0.7891935110092163,0.8187557458877563,-0.02956223487854004,0.938628077507019,0.09578464408619825,58.60756301879883,8,0.6666666666666666,0.08990615633332232
1081,noncompete clause in lease bars tenants from living anywhere else for 90 days after moving out,A noncompete clause in a lease prohibits tenants from living elsewhere for 90 days after moving out.,irony,0,0.5026808977127075,0.5022010207176208,0.0004798769950866699,0.9052635431289673,0.360056585428503,36.722389221191406,6,0.35294117647058826,0.32594610025192433
1082,spoon's weight topples pint in jarring reminder of how much ice cream area man ate in one sitting,A spoon's weight topples a pint in a jarring reminder of the amount of ice cream area man ate in one sitting.,irony,1,0.6031267046928406,0.5828522443771362,0.020274460315704346,0.8936029672622681,0.4027672046365773,213.81117248535156,7,0.3181818181818182,0.35991396917917456
1083,"Women face same career challenges globally? Shocking, that's never been mentioned before.",women face the same career challenges globally,understatement,0,0.6533344388008118,0.6330603361129761,0.020274102687835693,0.9271843433380127,0.08599878806687147,362.8958740234375,9,0.75,0.07973672984164715
1084,area love knows only court-ordered bounds,Local love knows only court-ordered bounds.,irony,0,0.6110637784004211,0.5667162537574768,0.044347524642944336,0.8362098932266235,0.5081327481546147,691.6922607421875,2,0.3333333333333333,0.42490563107932117
1085,"grandma still swallowing okay, grandpa reports","Grandma is still swallowing, a grandpa reports.",irony,1,0.6751294732093811,0.7823668718338013,-0.10723739862442017,0.9526131749153137,0.039281465090051315,272.39093017578125,5,0.7142857142857143,0.03742004117475884
1086,Criminal justice system wins gold in failing victims—Olympic performance!,criminal justice system wins gold in failing victims,overstatement,0,0.9754489064216614,0.9753511548042297,9.775161743164062e-05,0.8762825727462769,0.6004287712485592,1667.806884765625,3,0.3333333333333333,0.5261452684205732
1087,"Behold, five national parks that are apparently the best, as proven by a handful of Instagram-worthy snaps.",5 national parks that are apparently the best,understatement,0,0.956588864326477,0.9758228063583374,-0.01923394203186035,0.8276914358139038,0.22088540083017574,166.05752563476562,11,0.6470588235294118,0.18282495456345782
1088,"A trans author says no one should transition publicly, which is a bold stance from someone who did.",trans author says no one should transition publicly,irony,0,0.7437659502029419,0.729171872138977,0.014594078063964844,0.9420665502548218,0.24092085663272753,1144.4171142578125,11,0.6111111111111112,0.22696348029243013
1089,dr. scholl's introduces new cartilage inserts for all-day knee pain relief,Dr. Schol's introduces new cartilage inserts for all-day knee pain relief.,overstatement,0,0.8582897186279297,0.8434598445892334,0.014829874038696289,0.977263867855072,0.6786502681586727,164.5313720703125,3,0.2727272727272727,0.6632203859816262
1090,"Chelsea Handler's last-minute reminder: don't vote for Trump, as if you needed another reason",steve handler's last-minute reminder: don't vote for trump,sarcasm,0,0.5176870226860046,0.7896243929862976,-0.27193737030029297,0.6908473372459412,0.2442008265943985,253.8406982421875,9,0.6428571428571429,0.16870549080599803
1091,area man stops self after eating 3 advent calendars,A local man stops self after eating 3 advent calendars.,understatement,0,0.7768457531929016,0.8328797817230225,-0.05603402853012085,0.9374510645866394,0.6389431042462724,3615.0693359375,3,0.3,0.5989778932859602
1092,The world stopped spinning because DiCaprio and Gaga shared a glance at the Golden Globes.,the world stopped spinning because dicaprio and gaga shared a glance at the golden globes,overstatement,0,0.8843742609024048,0.8541759848594666,0.030198276042938232,0.991528332233429,0.42311785416105785,257.5591735839844,5,0.3333333333333333,0.4195333402745009
1093,"Being obese is linked to 11 cancers, but it's probably not that serious.",being obese is linked to 11 cancers,understatement,0,0.5985515713691711,0.7910768389701843,-0.19252526760101318,0.9164761900901794,0.260899397956404,415.8725280761719,8,0.6153846153846154,0.23910808623590668
1094,pilot tells passengers he's about to try something,A pilot told passengers that he is about to try something.,irony,0,0.8649114370346069,0.855625569820404,0.00928586721420288,0.9723829030990601,0.10600313379512592,111.79194641113281,6,0.5454545454545454,0.10307563497730263
1095,Revolution? More like a mild protest with tea parties.,revolution,understatement,0,0.8208764791488647,0.5295524597167969,0.29132401943206787,0.6533064842224121,0.0,,9,1.0,0.0
1096,department of the interior sets aside two million acres for car commercials,The Department of the Interior has allocated two million acres for car commercials.,satire,0,0.96877521276474,0.9491457343101501,0.019629478454589844,0.9289875030517578,0.33260249505555045,99.29056549072266,6,0.46153846153846156,0.3089835613904404
1097,Leaving a wonderful man after 27 years – who needs happiness anyway?,leaving a wonderful man after 27 years,sarcasm,0,0.8195139765739441,0.5622931718826294,0.2572208046913147,0.9049161076545715,0.3960914423407551,424.0053405761719,6,0.5,0.3584295262782813
1098,report: it too soon to glance back at attractive person,A report indicates that it is too early to look back at an attractive person.,irony,1,0.8657779097557068,0.694896936416626,0.1708809733390808,0.7949984073638916,0.036787632499277766,77.1036376953125,9,0.6,0.029246109247613963
1099,"Another Sigma Nu chapter suspended for offensive remarks, fraternities are such models of decorum.",another sigma nu chapter suspended for offensive remarks,sarcasm,0,0.9747757315635681,0.7775499224662781,0.19722580909729004,0.7391334772109985,0.16330693525223242,3193.148681640625,10,0.7142857142857143,0.12070562290565394
1100,"Meet 'Teacher,' the futuristic machine that will revolutionize drawing by showing you how to hold a pencil – groundbreaking.","meet 'teacher,' the futuristic machine that will revolutionize drawing",satire,0,0.9647520780563354,0.951188862323761,0.013563215732574463,0.90008944272995,0.23898737027690029,271.10137939453125,12,0.631578947368421,0.2151100089320314
1101,report: u.s. economy loses $20 billion annually to americans writing ideas down illegibly,A report states that the U.S. economy loses $20 billion annually due to illlegibility of ideas.,overstatement,0,0.8469375967979431,0.8153713345527649,0.03156626224517822,0.8929148316383362,0.23961829057131984,61.804325103759766,12,0.75,0.21395872558295598
1102,atari releases updated adventure video game,Atari releases an updated adventure video game.,irony,0,0.7502328157424927,0.7349485754966736,0.015284240245819092,0.9452457427978516,0.17567205239427922,309.56304931640625,3,0.42857142857142855,0.16605325965425355
1103,Jeb Bush's adviser on predatory college board: helping students or helping himself?,jeb bush's adviser on predatory college board,sarcasm,0,0.5989986062049866,0.7850036025047302,-0.18600499629974365,0.9236127138137817,0.20126703311713304,8425.3916015625,8,0.6666666666666666,0.18589279065856354
1104,departing obama tearfully shoos away loyal drone following him out of white house,"Obama, departing, shooted a loyal drone following him out of the White House.",satire,0,0.8592809438705444,0.8853748440742493,-0.026093900203704834,0.8143470883369446,0.3805803001674946,135.79736328125,8,0.6153846153846154,0.3099244593197996
1105,dad thought he could make it out of zoo without buying kids light-up shit,A father thought he could make it out of the Zoo without buying kids light-up shit.,understatement,0,0.8549000024795532,0.9031749963760376,-0.048274993896484375,0.9590559005737305,0.5307074109851435,122.687255859375,5,0.3125,0.5089780739835097
1106,self-helped woman won't stop at just self,A self-helped woman does not stop at her own self.,satire,1,0.7654803395271301,0.9005447030067444,-0.13506436347961426,0.8939770460128784,0.06311969078225892,79.10372161865234,6,0.6,0.056427554710770135
1107,jared and ivanka holding each other at gunpoint in kitchen after simultaneously revealing undercover identities,Jared and Ivanka are holding each other at gunpoint in the kitchen after simultaneously revealing undercover identities.,overstatement,0,0.8707095980644226,0.9334733486175537,-0.0627637505531311,0.9625569581985474,0.5071960939456881,141.85797119140625,5,0.29411764705882354,0.4882051293985462
1108,upcoming election deduced from sports illustrated content,The upcoming election is deduced from sports illustrated content.,irony,0,0.8203957676887512,0.8548333644866943,-0.034437596797943115,0.9504403471946716,0.3549481056010053,708.751953125,3,0.3333333333333333,0.33735700072351044
1109,"A possible pardon is 'destructive and unpresidential'? In this political climate? I am shocked, simply shocked.",a possible pardon is 'destructive and unpresidential',irony,1,0.5574115514755249,0.8393182158470154,-0.2819066643714905,0.8470587730407715,0.16996005791513966,126.61569213867188,11,0.6875,0.14396615812353666
1110,subway manager disgusted by sight of cold cut combo devouring large rat,The subway manager is disgusted by the sight of a cold cut combo devouring a large rat.,irony,1,0.6824989318847656,0.541636049747467,0.14086288213729858,0.9527807831764221,0.2192534486373552,187.98728942871094,6,0.35294117647058826,0.20890047250683075
1111,pep-rally skit rumored to involve cross-dressing principal,Pep-Rally Skit is rumored to involve a cross-dressing principal.,satire,0,0.6180835962295532,0.5230259895324707,0.09505760669708252,0.9790027737617493,0.12753431387594827,149.9738311767578,5,0.5555555555555556,0.1248564470343549
1112,struggling don rickles has nothing but nice things to say about audience,"Don Rickles, who is struggling, has nothing but nice things to say about the audience.",irony,0,0.9651879668235779,0.9290844798088074,0.03610348701477051,0.9460910558700562,0.4758733096412523,26.60495376586914,7,0.4666666666666667,0.4502194819788706
1113,romney appeals to hispanic voters for return of watch he left on dresser,Romney appealed to hispanic voters for a return of a watch he left on a dresser.,satire,0,0.6929252743721008,0.7220157980918884,-0.029090523719787598,0.9384501576423645,0.33649324423301513,114.88150787353516,6,0.375,0.3157821380960637
1114,alcohol goes right back to abuser every time,Alcohol is returned to the abuser every time.,irony,1,0.5197495818138123,0.5792350769042969,-0.05948549509048462,0.9073232412338257,0.06500593260343691,143.3024139404297,6,0.75,0.058981393469178
1115,popular new dating app just list of 20 attractive singles to repeatedly scroll through,A popular dating app lists 20 attractive singles to repeatedly scroll through.,satire,0,0.8506595492362976,0.9515874981880188,-0.10092794895172119,0.9545202255249023,0.4090790395780627,268.3940734863281,6,0.42857142857142855,0.39047421711556285
1116,chuck e. cheese's pit boss tells floor attendant to keep an eye on guest winning big at skee-ball,Chuck E. Cheese's pit boss told the floor attendant to keep an eye on a guest winning big at Skee-ball.,satire,0,0.678290069103241,0.608534574508667,0.06975549459457397,0.9652805328369141,0.44476089284108944,152.6056671142578,7,0.35,0.42931903162666846
1117,"Ohio State Fair accident caused by 'excessive corrosion'—just a little rust, nothing serious.",ohio state fair accident caused by 'excessive corrosion',understatement,1,0.9118676781654358,0.6404630541801453,0.2714046239852905,0.9417335987091064,0.18505100105615155,509.32708740234375,9,0.6923076923076923,0.17426874516933225
1118,A GOP billionaire backing a politician? How unprecedented and not at all predictable.,gop billionaire says he's backing a politician,irony,0,0.9072974324226379,0.9242798686027527,-0.016982436180114746,0.7208172082901001,0.03280636247745341,335.7398681640625,12,0.9230769230769231,0.02364739061515106
1119,You've been frying with olive oil? The horror! Next you'll tell me you use butter.,you've been frying with olive oil,sarcasm,1,0.5796965956687927,0.6909353137016296,-0.11123871803283691,0.8027130365371704,0.11337974147240094,151.3806915283203,11,0.7333333333333333,0.09101139655911031
1120,"Scientists glimpse elusive mineral. Finally, a rock that's hard to find. Revolutionizing geology.",a rock that's hard to find,understatement,1,0.8390563726425171,0.8662735223770142,-0.02721714973449707,0.6345590353012085,0.23661528215726477,56.41450500488281,8,0.6153846153846154,0.15014636518323718
1121,"Radio hosts fired over transphobic broadcast? Shocking, who would have thought bigotry has consequences?",radio hosts fired over transphobic broadcast,sarcasm,0,0.8859991431236267,0.9242699146270752,-0.038270771503448486,0.8618055582046509,0.13394233819643575,795.8019409179688,10,0.7142857142857143,0.11543225153661545
1122,woman informs husband that he made new friend,A woman informs her husband that she made a new friend.,irony,0,0.9432749152183533,0.9503307938575745,-0.007055878639221191,0.9437112212181091,0.06238986072117501,44.44932174682617,5,0.45454545454545453,0.0588780116528078
1123,A man records his life for five years—because privacy is overrated.,man records his life for five years,sarcasm,0,0.8135722875595093,0.868860125541687,-0.055287837982177734,0.7895038723945618,0.45691722266180906,146.6982879638672,5,0.45454545454545453,0.36073791665526644
1124,"Michelle, Ross and Carson on wild ride to Drag Race – stability is overrated.","michael, ross and jackson on wild ride to drag race",satire,1,0.5884086489677429,0.5457015037536621,0.04270714521408081,0.6432827711105347,0.1861893718748252,360.9891357421875,9,0.6428571428571429,0.11977241509096741
1125,"Pope condemns Islamic State terrorism in Christmas message, spreading holiday cheer as usual.",pope condemns islamic state terrorism in christmas message,irony,0,0.9495027661323547,0.8929955363273621,0.056507229804992676,0.9542945027351379,0.03479516834752485,691.2507934570312,10,0.7692307692307693,0.03320483787578664
1126,"Ex-cop guilty and drinks poison? Creative, but prison is still waiting.",ex-cop guilty of drinking poison in prison,irony,0,0.6298174858093262,0.6265330910682678,0.0032843947410583496,0.835381269454956,0.022182955195367136,412.9314270019531,9,0.8181818181818182,0.01853122527136821
1127,man who couldn't defeat george w. bush attempting to resolve israel-palestine conflict,A man who couldn't defeat George W. Bush is trying to resolve the Israeli-Israel conflict.,sarcasm,0,0.8687343001365662,0.9312164187431335,-0.06248211860656738,0.8947028517723083,0.195647514979229,40.113651275634766,9,0.6,0.1750463895940816
1128,Trump's already urging policy changes after NYC terrorist attack – without waiting for 'the facts' – because evidence is for losers.,donald trump's already urging policy changes after nyc terrorist attack,sarcasm,0,0.8054701089859009,0.9528778791427612,-0.14740777015686035,0.8010727763175964,0.1503914890866825,549.8948974609375,15,0.7142857142857143,0.12047452769720626
1129,sean hannity: 'i will be dispelling any and all factual claims about me during my show',Sean Hannity stated that he will dispel any factual claims about him during his show.,irony,0,0.6035770773887634,0.8653547763824463,-0.26177769899368286,0.8871402144432068,0.07277904839594497,82.40050506591797,12,0.75,0.06456522060095114
1130,mitt romney reaches out to young voters with laser tag pizza party,Mitt Romney reaches out to young voters with a laser tag pizza party.,satire,0,0.9519767761230469,0.9537608623504639,-0.0017840862274169922,0.975375771522522,0.48442732379638637,152.18341064453125,4,0.3076923076923077,0.4724986746944909
1131,"Princess Charlotte's christening was so fashionable, it made biblical events look casual",princess charlotte's christening was so fashionable it made biblical events look casual,satire,0,0.9548757076263428,0.9445481896400452,0.010327517986297607,0.9846640825271606,0.53107253497887,334.04827880859375,3,0.25,0.5229280504103424
1132,man prefers comic books that don't insert politics into stories about government-engineered agents of war,A man prefers comic books that don't include politics in stories about government-engineered agents of war.,irony,0,0.9563508033752441,0.9485633969306946,0.0077874064445495605,0.9421819448471069,0.5423782837718303,116.5014877319336,4,0.25,0.5110190262469791
1133,boy scouts celebrate proud history of preparing teens for not having cool friends,Boy Scouts have a proud history of preparing teens for not having cool friends.,sarcasm,0,0.981784462928772,0.9804319143295288,0.001352548599243164,0.9565105438232422,0.5956403592718089,138.2810821533203,5,0.35714285714285715,0.5697362839701493
1134,alpha trick-or-treater established by third house,A third house established an alpha trick-or-treater.,irony,0,0.8679717779159546,0.7647897601127625,0.10318201780319214,0.9298722147941589,0.08307018474412793,147.1529083251953,6,0.8571428571428571,0.0772446566713822
1135,GOP senators support McConnell while feuding with Trump—party unity.,gop senators support mcconnell while feuding with donald trump,satire,0,0.9399523735046387,0.907224714756012,0.03272765874862671,0.9587616920471191,0.14923729480049117,543.8933715820312,4,0.4444444444444444,0.14308300127945364
1136,11-year-old moron can't wait to get her first period,An 11-year-old moron is eager to get her first period.,sarcasm,0,0.9752041101455688,0.9545758366584778,0.020628273487091064,0.9330105781555176,0.31239399369202553,41.1047248840332,4,0.4,0.29146690066690784
1137,Two-Year Contracts Dead: Your Phone Plan Will Never Be the Same,two-year contract deadline: your phone plan will never be the same,overstatement,1,0.8989279866218567,0.7768861055374146,0.12204188108444214,0.9106391072273254,0.018850319022747353,106.95611572265625,10,0.9090909090909091,0.01716583768582492
1138,nation waiting for protesters to clearly articulate demands before ignoring them,The nation is waiting for protesters to articulate their demands before ignoring them.,sarcasm,0,0.9513922333717346,0.8286153078079224,0.12277692556381226,0.9667768478393555,0.2978201796359045,74.8355712890625,5,0.38461538461538464,0.2879256544913504
1139,history channel helicopter to give viewers bird's eye view of history,History Channel helicopter is designed to give viewers a bird's eye view of history.,irony,0,0.9617131948471069,0.9676051139831543,-0.005891919136047363,0.9653816819190979,0.2658483576665877,60.91407012939453,6,0.42857142857142855,0.25664513465960037
1140,Sacred Sites: Where Tourists Leave Offerings of Selfie Sticks,sacred sites: where tourists leave offering of selfie sticks,irony,0,0.6275227069854736,0.9340447187423706,-0.306522011756897,0.9941898584365845,0.023980296761827107,893.7847900390625,8,0.8888888888888888,0.023840967842908175
1141,Some photos from Gaza suggest minor inconvenience and mild casualties.,some photos from syria suggest minor inconvenience and mild casualties,understatement,1,0.7205750942230225,0.7896483540534973,-0.06907325983047485,0.7175240516662598,0.4518010018049224,2172.04833984375,3,0.3,0.32417808536194304
1142,horrible band obviously not listening to its influences,The band is not listening to its influences.,sarcasm,1,0.6338932514190674,0.7530045509338379,-0.11911129951477051,0.7538459300994873,0.3655552228545123,101.15359497070312,3,0.375,0.2755723169754852
1143,increasingly anxious man worried order confirmation email never going to come,An increasingly anxious man is worried that an order confirmation email will never arrive.,overstatement,0,0.6102291941642761,0.6640836000442505,-0.053854405879974365,0.9054602384567261,0.1277566936460511,213.263671875,8,0.5714285714285714,0.11567860629319633
1144,hollywood plans big-budget remake of mr. & mrs. smith,Hollywood plans a big-budget remake of Mr. & Mrs. Smith.,satire,0,0.6153564453125,0.7358201742172241,-0.12046372890472412,0.9827759861946106,0.1186840521952098,29.190942764282227,5,0.5,0.11663983644171995
1145,study: human ability to cooperate most strongly exhibited when ordering pizza,A study shows that the human ability to cooperate strongly when ordering pizza.,satire,0,0.9231714606285095,0.9224956631660461,0.0006757974624633789,0.9662595987319946,0.23901088824528133,295.45599365234375,8,0.6153846153846154,0.23094656496846314
1146,Gregg Popovich calls Trump a 'soulless coward'—what a nice way to describe a stable genius.,gregg popovich calls donald trump a'soulless coward',sarcasm,0,0.9753632545471191,0.6946372985839844,0.28072595596313477,0.9003722071647644,0.010534007609331637,1151.6226806640625,14,0.9333333333333333,0.009484527681504349
1147,Unwinnable war? We're just getting started on the winning part.,unwinnable war,sarcasm,1,0.6000914573669434,0.7801889777183533,-0.1800975203514099,0.8545435667037964,0.0,367.38916015625,10,1.0,0.0
1148,'Daddy' solves toxic masculinity by blaming teenage girls – problem effectively addressed.,'Daddy' solves toxic masculinity by blaming teenage girls,sarcasm,0,0.9663405418395996,0.9775559306144714,-0.011215388774871826,0.9677245616912842,0.6065306597126334,855.3209228515625,4,0.3333333333333333,0.5869546168227336
1149,"Greece and creditors dig in: another day, another financial standoff.",greece and creditors dig in,understatement,1,0.8518641591072083,0.8628768920898438,-0.011012732982635498,0.867805540561676,0.09782458612762486,369.5093688964844,7,0.7,0.08489271784470573
1150,scientists pinpoint part of brain all your hair grows out of,Scientists pinpoint a part of the brain that all your hair grows out of.,satire,0,0.8070944547653198,0.8935434222221375,-0.08644896745681763,0.9665783047676086,0.32559641262003014,51.7335090637207,5,0.35714285714285715,0.31471442854868353
1151,woman all geared up to complain about work sidelined by friend with marital problems,A woman is geared up to complain about her work being sidelined by a friend with marital problems.,irony,0,0.9665979743003845,0.9668418765068054,-0.00024390220642089844,0.9209206700325012,0.30928520903947526,105.54866027832031,6,0.3333333333333333,0.28482714193977576
1152,"Purritos: Combining cats, burritos, and the internet into one absurd trend that we somehow love.","purritos: combining cats, burritos and the internet",overstatement,0,0.9367272257804871,0.8755025863647461,0.06122463941574097,0.9078574180603027,0.05602296944709574,251.29714965820312,11,0.7333333333333333,0.050860868394311566
1153,hillshire farm releases circumcised bratwurst,The Hillshire Farm releases a circumcised bratwurst.,satire,0,0.6346535086631775,0.8055799007415771,-0.17092639207839966,0.9738385677337646,0.039281465090051315,900.8845825195312,5,0.7142857142857143,0.03825380570177945
1154,poignant dying words wasted on dumbshit nephew,A nephew's death was wasted in poignant words.,sarcasm,1,0.6317587494850159,0.8214437961578369,-0.18968504667282104,0.7981067895889282,0.03303164318013808,610.1820068359375,7,0.875,0.026362778693347015
1155,jay-z gives shout-out to his shareholdaz,Jay-Z gave a shout-out to his shareholdaz.,satire,1,0.6321752071380615,0.5603663921356201,0.0718088150024414,0.9562572240829468,0.16348126556655487,154.3809051513672,4,0.5714285714285714,0.1563301412002408
1156,"Paper airplane hits soccer player, a stunning display of accuracy.",paper airplane hits soccer player,irony,0,0.9625831246376038,0.7578235864639282,0.20475953817367554,0.862035870552063,0.09782458612762486,20487.951171875,7,0.7,0.08432830226392236
1157,sighing banksy methodically kills another few kids who stumbled upon him doing graffiti,A sighing banksy kills another child who stumbled upon him doing graffiti.,sarcasm,0,0.5707312822341919,0.837637186050415,-0.26690590381622314,0.8893010020256042,0.37388749115467074,1007.7610473632812,5,0.38461538461538464,0.33249852052868795
1158,american psychiatric association adds 'obsessive categorization of mental conditions' to 'dsm-5',The American Psychological Association added 'obsessive categorization of mental conditions' to 'Dsm-5'.,sarcasm,1,0.7264387607574463,0.5224652290344238,0.20397353172302246,0.9663078784942627,0.4172261448611506,84.5049819946289,6,0.5,0.40316891089311835
1159,"Dascha Polanco opens up about insecurities – because stars are human, sort of.",dascha polanco opens up about insecurities,irony,0,0.8333308100700378,0.6059554815292358,0.227375328540802,0.804679274559021,0.1582341759519314,327.83221435546875,9,0.6923076923076923,0.12732776191544465
1160,"Japan's economy 'recovers' with growth so weak, it's almost not there.",japan's economy'recovers' with growth so weak,understatement,0,0.8012531995773315,0.8518531918525696,-0.05059999227523804,0.9118196964263916,0.08781124185932357,1432.7147216796875,8,0.7272727272727273,0.08006801989499286
1161,"The first H&M x Balmain campaign images are finally here, and the fashion world may never recover.",the first h&m x balmain campaign images are finally here,overstatement,0,0.5977028012275696,0.6949336528778076,-0.09723085165023804,0.8517316579818726,0.1500370619564301,857.3986206054688,11,0.6470588235294118,0.12779131553887915
1162,'breaking bad' ends with reveal that whole series was plot of book marie shoplifted,The series 'breaking bad' ends with a revelation that the entire series was plot of a book marie shoplifted.,satire,0,0.5738850831985474,0.5709798336029053,0.00290524959564209,0.9100272059440613,0.2852636439147137,279.0550842285156,8,0.42105263157894735,0.25959767682912854
1163,report: someone robbed that kfc again,A report indicates that someone was robbed that the KFC again.,sarcasm,1,0.6801390051841736,0.6011993885040283,0.07893961668014526,0.9388073682785034,0.04411629359322707,456.5615539550781,8,0.7272727272727273,0.04141670148645931
1164,Fox News admits their taunt was all Roger Ailes—as if we needed confirmation.,fox news admits their taunt was all roger ailes,sarcasm,0,0.764070987701416,0.9207215309143066,-0.15665054321289062,0.9588393568992615,0.28617394805234075,2876.34814453125,8,0.6153846153846154,0.2743948443118291
1165,"In a touching, traditional wedding moment, the bride abandons her own ceremony to fulfill her professional duties. So romantic.","in a touching, traditional wedding moment, the bride abandons her own ceremony to fulfill her professional duties",satire,0,0.9143846035003662,0.9046332240104675,0.009751379489898682,0.9138839244842529,0.7736516482331489,84.41907501220703,4,0.21052631578947367,0.7070278044710209
1166,Sophie from 'The Holiday' is all grown up—time to check your own mortality.,scott from 'the holiday' is all grown up,understatement,0,0.802524745464325,0.6621490120887756,0.14037573337554932,0.4646666646003723,0.07906988827190935,228.8520965576172,9,0.6923076923076923,0.03674114125363221
1167,"Mad Men actor's wedding to bring hope to Mississippi, because love solves poverty.",mad men actor's wedding to bring hope to mississippi,satire,0,0.9490428566932678,0.9208356142044067,0.028207242488861084,0.8601281642913818,0.3766260962157022,423.8278503417969,7,0.5384615384615384,0.3239467127622413
1168,way too much raised for bronchitis research,A large amount of funding has been raised for research on bronchitis.,overstatement,0,0.6636269092559814,0.9402278065681458,-0.2766008973121643,0.8260422945022583,0.03986357128268015,27.28547477722168,10,0.8333333333333334,0.032928995889399446
1169,Kim Kardashian: 'Be as honest as Kanye'—the epitome of tact and diplomacy.,kim kardashian: 'be as honest as kanye',satire,1,0.7666221261024475,0.725070059299469,0.041552066802978516,0.8682048916816711,0.08003089005192225,232.70484924316406,9,0.75,0.0694832102287169
1170,"Gladys Knight sues to disown chicken and waffles, because breakfast is overrated",gladys knight sues for disowning chicken and waffles,sarcasm,0,0.7101271748542786,0.7228554487228394,-0.012728273868560791,0.8816134929656982,0.039428091187197575,433.17291259765625,9,0.75,0.03476033719251532
1171,singles bar contains single woman,A singles bar contains a single woman.,understatement,0,0.6507107019424438,0.5791971683502197,0.07151353359222412,0.9456673860549927,0.17567205239427922,484.7583312988281,3,0.42857142857142855,0.16612733059061374
1172,local household announces plans to overdo halloween again,Local household announces plans to overdo Halloween again.,sarcasm,0,0.9243918061256409,0.9304438233375549,-0.0060520172119140625,0.9785186052322388,0.5169731539571706,692.1716918945312,3,0.375,0.505867849552682
1173,"Leslie Jones' website hack investigated by DHS—priorities, people, priorities.",leslie jones' website hack was investigated by dhs,understatement,0,0.5850716829299927,0.8512265682220459,-0.2661548852920532,0.9584767818450928,0.07330918073382302,1484.2469482421875,6,0.6666666666666666,0.07026514762945496
1174,area dad wants to watch new blu-ray of 'spring breakers' by himself,A local father wants to watch a new blu-ray of 'Summer Breakers' by himself.,sarcasm,1,0.6479955315589905,0.8171302080154419,-0.16913467645645142,0.8737515211105347,0.1235622127262679,101.19956970214844,7,0.5,0.10796267132136005
1175,conjoined twins separated at birth reunited in freak accident,Conjoined twins separated at birth were reunited in a freak accident.,irony,0,0.6246299743652344,0.7619916796684265,-0.13736170530319214,0.9774467945098877,0.28997844147152074,79.00469970703125,4,0.36363636363636365,0.283438498093311
1176,"Watch live: The former ambassador graces us with his foreign policy wisdom, how thrilling.",watch live: former ambassador graces us with his foreign policy wisdom,satire,0,0.931238055229187,0.8504745364189148,0.08076351881027222,0.951660692691803,0.5320962595969585,259.3955078125,5,0.35714285714285715,0.5063750949867589
1177,okie hears there's sam's club work in new mexico,Okie hears that Sam's club works in New Mexico.,irony,0,0.5827239751815796,0.8180496096611023,-0.2353256344795227,0.9668974876403809,0.03155984539112946,294.63592529296875,6,0.6666666666666666,0.030515135219001926
1178,EU's migration plan: a shining beacon of human rights—if your idea of rights is 'drowning politely.',eu's migration plan: a shining beacon of human rights,sarcasm,0,0.8260468244552612,0.9791198372840881,-0.1530730128288269,0.9300642609596252,0.3448559825502726,135.2631072998047,8,0.5,0.32073822454812473
1179,new prisoner recognized from 'scared straight' visit,A new prisoner was recognized from a'scared straight' visit.,irony,0,0.7643755674362183,0.8219934701919556,-0.057617902755737305,0.964824378490448,0.07583235673413397,1134.1048583984375,4,0.4444444444444444,0.07316490645547674
1180,Don't roll out the red carpet for Vietnam's autocratic leader? But he brings such charming oppression.,don't roll out the red carpet for vietnam's autocratic leader,sarcasm,0,0.7811530232429504,0.7363060712814331,0.044846951961517334,0.8725310564041138,0.2948682411907622,52.931251525878906,9,0.5625,0.25728169798619877
1181,report: fax machines still pretty impressive if you think about it,A report states that fax machines are still impressive if you think about it.,irony,0,0.8803443908691406,0.805976152420044,0.07436823844909668,0.9389451146125793,0.3161487584488943,80.30828857421875,7,0.5,0.2968463322364217
1182,Friday talking points: Because panicking is so last season.,friday talking points,irony,0,0.948073148727417,0.8800418376922607,0.06803131103515625,0.4645490348339081,0.015377056977980369,7270.654296875,8,0.8888888888888888,0.007143396977706791
1183,"The ABCs of parenting today, with a hipster twist – teaching toddlers to appreciate cold-pressed juice before bedtime.","the bbcs of parenting today, with a hipster twist",overstatement,0,0.9125500321388245,0.7235361337661743,0.18901389837265015,0.5964965224266052,0.26707294347290855,260.2674865722656,11,0.6111111111111112,0.15930808201582727
1184,Bodies in urban spaces: art that's not disturbing at all.,how to make a living in urban spaces,overstatement,0,0.8113230466842651,0.9050886631011963,-0.09376561641693115,0.40151509642601013,0.04574636154673318,46.60407257080078,10,1.0,0.018367854767575693
1185,Because we needed eighteen reminders that summers were better before we had responsibilities.,eighteen reminders that summers were better before we had responsibilities,satire,0,0.85718834400177,0.8083581924438477,0.04883015155792236,0.8894267082214355,0.6520028108523781,917.5453491210938,4,0.3076923076923077,0.5799087138075539
1186,trump makes light-hearted jokes with dead bodies of hurricane victims during visit to carolinas,Trump made jokes with victims of hurricanes during a visit to California.,sarcasm,0,0.9368452429771423,0.9524844884872437,-0.01563924551010132,0.8052823543548584,0.049595866818825295,94.98709106445312,9,0.6428571428571429,0.039938676398133637
1187,bride always dreamed about making fiancé's friends sweat asses off in fucking sun,The bride always dreamed about making her fiancé's friends sweat asses off in the sun.,sarcasm,0,0.8168151378631592,0.8789538145065308,-0.06213867664337158,0.9523952007293701,0.5702822264405542,242.29122924804688,4,0.26666666666666666,0.5431340555232437
1188,new prescription fish tank eliminates need for glasses while looking at fish,A new prescription fish tank eliminates the need for glasses while looking at fish.,overstatement,0,0.9006558060646057,0.9034959077835083,-0.002840101718902588,0.9789659976959229,0.6162607099729586,197.10446166992188,3,0.21428571428571427,0.6032982807794751
1189,bianchi introduces new bike for blocking commuters on subway during rush hour,Bianchi introduces a new bike designed to block commuters on the subway during rush hour.,satire,0,0.9638303518295288,0.9674447774887085,-0.0036144256591796875,0.9770569205284119,0.09941490945601678,61.89604949951172,7,0.4666666666666667,0.09713402528770665
1190,Mathew Ward says be willing to work your way up – advice from someone who probably started at the top.,mathew ward says be willing to work your way up,irony,1,0.7372850179672241,0.843104898929596,-0.10581988096237183,0.9017823934555054,0.27952792741962756,194.8280029296875,12,0.6,0.2520733634261285
1191,"teen zebra doesn't give a shit how much you honk, he's not getting out of road",Teen Zebra does not give a shit how much you honk and is not getting out of the road.,sarcasm,1,0.8741568326950073,0.740617036819458,0.13353979587554932,0.9493032693862915,0.37903259135181483,54.34052276611328,9,0.47368421052631576,0.359816878174236
1192,country cd put on to impress repair guy,A country cd was put on to impress a repair man.,irony,0,0.8635593056678772,0.8642696142196655,-0.0007103085517883301,0.9040848016738892,0.28997844147152074,687.0802612304688,4,0.36363636363636365,0.2621651017474833
1193,"Women are the 'problem solvers' in Congress, says Emily's List founder—evidenced by the swift, bipartisan legislation they've passed.","women are the 'problem solvers' in congress, says emmy's list founder",irony,0,0.9179352521896362,0.9434924125671387,-0.02555716037750244,0.762354850769043,0.19433011687665983,175.6529998779297,12,0.6666666666666666,0.1481485072514367
1194,"Wasted cash in US fishing industry? Just a little inefficiency, nothing to see here.",wasted cash in u.s. fishing industry,understatement,0,0.8073137998580933,0.7726850509643555,0.03462874889373779,0.9220879673957825,0.025185198565837008,451.7582702636719,11,0.7857142857142857,0.023222968554031824
1195,Immigration reform might actually matter in two Colorado races. A shocking twist in a story that has zero relevance to anything.,immigration reform might actually matter in two california races,irony,0,0.7937340140342712,0.8872676491737366,-0.09353363513946533,0.7035108804702759,0.15483561708001764,506.4169006347656,15,0.7142857142857143,0.1089285413001217
1196,"Cherry blossoms transform iconic D.C. landmarks a week early—must be the global warming party, and you're all invited.",cherry blossoms transform iconic d.c. landmarks a week early,overstatement,0,0.7145827412605286,0.7257301211357117,-0.011147379875183105,0.81316739320755,0.07342946783064977,472.7377014160156,12,0.6666666666666666,0.05971044894046713
1197,Could Quincy Jones be any cooler in this campaign? He's already peak cool.,could quincy jones be any cooler in this campaign?,sarcasm,1,0.8330996036529541,0.9589060544967651,-0.12580645084381104,0.9321187734603882,0.3766260962157022,360.35125732421875,7,0.5384615384615384,0.3510602548577545
1198,bouncer who's not that big must be fucking crazy,A bouncer who is not too big is fucking crazy.,sarcasm,0,0.8088228702545166,0.7064735889434814,0.10234928131103516,0.9488769769668579,0.02984745896009824,117.51021575927734,7,0.7,0.028321566628200377
1199,"good guy with gun, bad guy with gun both excited to unload firearm in crowd outside arena",A good man with a gun and a bad man with a gun are both excited to unload a firearm in the crowd outside the arena.,sarcasm,0,0.718065619468689,0.9172781705856323,-0.19921255111694336,0.9008398056030273,0.13796620851017116,30.670841217041016,13,0.5,0.12428545245408933
1200,300 million without electricity in india after restoration of power grid,300 million people are without electricity in india after the restoration of the power grid.,irony,0,0.9130992293357849,0.9541044235229492,-0.04100519418716431,0.9335187673568726,0.3237722713145643,43.44850158691406,5,0.3333333333333333,0.302247491621907
1201,"The burden of hate: so light and fun, said no one ever.",the burden of hate,sarcasm,1,0.8829249143600464,0.637902021408081,0.24502289295196533,0.8085445761680603,0.022994063410792204,1105.1051025390625,10,0.8333333333333334,0.018591725254860487
1202,confused audience member at town hall debate asking about city's new stoplights,A confused audience member at a town hall debate asked about the city's new stoplights.,understatement,0,0.8516924977302551,0.8414356708526611,0.010256826877593994,0.9545364379882812,0.2722589423069702,51.84990310668945,5,0.3333333333333333,0.2598810810001523
1203,'Thank you' single-handedly ended all my problems and brought world peace,'thank you' ended all my problems and brought peace to the world,overstatement,1,0.6640775799751282,0.6959402561187744,-0.03186267614364624,0.9254361391067505,0.4617366309441026,167.5890350341797,6,0.5,0.42730776502506884
1204,u.s. forces take over key afghan city that will be retaken by taliban when marines leave,U.S. forces take over a key Afghan city that will be retaken by the Taliban when marines leave.,irony,0,0.8993425965309143,0.9246589541435242,-0.025316357612609863,0.9615219235420227,0.3742031646082125,31.923173904418945,6,0.3333333333333333,0.35980454662960065
1205,carl bernstein weeps uncontrollably after learning bob woodward wrote a president book without him,Carl Bernstein weeps uncontrollably after learning Bob Woodward wrote a president book without him.,satire,0,0.6728678345680237,0.7362052798271179,-0.06333744525909424,0.9666222333908081,0.44534504264163466,276.0162048339844,5,0.35714285714285715,0.43048041974778156
1206,sensitive scientists report 5 in 5 women don't know how beautiful they are,Scientists report that 5 in 5 women don't know how beautiful they are.,satire,0,0.9323884844779968,0.9403198957443237,-0.007931411266326904,0.8986263871192932,0.6652049901111008,42.64480209350586,4,0.3076923076923077,0.5977707569572637
1207,Speak up and give back to fix the economy? If only it were that simple.,speak up and give back to fix the economy,irony,0,0.8023804426193237,0.637565553188324,0.16481488943099976,0.8885725736618042,0.372730318315106,128.1287841796875,8,0.5333333333333333,0.33119793822703725
1208,"Testing in classrooms: enhanced interrogation for kids, because why not?",testing in classrooms: enhanced interrogation for kids,satire,0,0.8056328892707825,0.9420376420021057,-0.13640475273132324,0.9619516134262085,0.4004970149398301,788.1746215820312,5,0.5,0.3852587496937499
1209,Ken Burns urges Stanford grads to believe survivors—groundbreaking advice.,ken burns urges sandra grads to believe survivors,sarcasm,0,0.8540929555892944,0.9015236496925354,-0.04743069410324097,0.8467216491699219,0.13036420666577953,8163.39013671875,5,0.5555555555555556,0.11038219606077736
1210,dog doesn't consider itself part of family,A dog does not consider himself a member of the family.,understatement,1,0.832089364528656,0.885249674320221,-0.05316030979156494,0.8439603447914124,0.024808415001701823,29.492738723754883,8,0.7272727272727273,0.020937318478564716
1211,concert security drastically overestimating fans' desire to get close to cheap trick,Concert security is overestimating fans' desire to get close to a cheap trick.,irony,0,0.9263231158256531,0.859465479850769,0.06685763597488403,0.9552932977676392,0.5008718428920987,230.03115844726562,4,0.3076923076923077,0.4784795145553479
1212,"Universities, public spaces and the democratic way of life: Where debate thrives, or not.","universities, public spaces and the democratic way of life",irony,0,0.6811967492103577,0.9228671789169312,-0.2416704297065735,0.8410725593566895,0.41653323821535565,63.20930099487305,7,0.5,0.3503346767229188
1213,latest online security breach forces mom to change post-it,The latest online security breach forces a mother to change after the incident.,understatement,0,0.86350417137146,0.709924578666687,0.15357959270477295,0.8577394485473633,0.33260249505555045,303.93621826171875,6,0.46153846153846156,0.28528628069442497
1214,busy schedule forces vladimir putin to move up election win a couple days early,Vladimir Putin's busy schedule forces him to move up his election win a few days early.,satire,0,0.9669723510742188,0.9568392634391785,0.010133087635040283,0.9560462832450867,0.14247788801610148,56.740699768066406,7,0.4375,0.1362154552824035
1215,Rex Tillerson prepares for the most intense interrogation ever about his impeccable climate change record.,rex tillerson prepares for the most intense interrogation ever about climate change,sarcasm,0,0.9715689420700073,0.9522185921669006,0.01935034990310669,0.9341850280761719,0.522125711144993,445.0565185546875,5,0.3333333333333333,0.4877620221252765
1216,guy on roof starting to think he might get away with it,A man on a roof is starting to think he might get away with it.,irony,0,0.5113111734390259,0.7067641615867615,-0.1954529881477356,0.8767579197883606,0.5031747626530138,30.661972045898438,5,0.3333333333333333,0.4411624581936584
1217,"Nestle to switch to cage-free eggs by 2020—animal welfare, but only when convenient.",nestle to switch to cage-free eggs by 2020,sarcasm,0,0.5705631971359253,0.5232234001159668,0.047339797019958496,0.9512404203414917,0.3641784587358345,293.2400817871094,7,0.5384615384615384,0.34642127016719176
1218,49-year-old nearly back to pre-middle-school confidence levels,A 49-year-old is returning to pre-middle-school confidence levels.,overstatement,0,0.5317290425300598,0.7730191946029663,-0.2412901520729065,0.8945001363754272,0.1477219991186121,79.38323211669922,4,0.5,0.13213734835724927
1219,A heartwarming tale about bathrooms and identity – just what we needed.,a heartwarming tale about bathrooms and identity,satire,0,0.9340596795082092,0.7749189734458923,0.1591407060623169,0.9525253772735596,0.3960914423407551,576.2882080078125,6,0.5,0.37728715055045614
1220,u.s. advises allies not to border russia,The U.S. advises allies not to border Russia.,irony,0,0.8580881357192993,0.9217442274093628,-0.06365609169006348,0.9738540053367615,0.5169731539571706,93.03752136230469,3,0.375,0.5034563766327688
1221,dude with knit hat at party calls beer 'libations',A man with a knit hat at a party calls beer 'libations'.,sarcasm,0,0.8699288964271545,0.8858560919761658,-0.01592719554901123,0.8815145492553711,0.14734754237051595,243.9619140625,5,0.4166666666666667,0.12988900239663206
1222,"Celebrities and politicians unite for a feel-good photo op supporting LGBTQ rights, how original.",celebrities and politicians unite for feel-good photo op supporting lgbtq rights,satire,0,0.9869353771209717,0.9713104367256165,0.015624940395355225,0.9463350772857666,0.35723792743670973,146.31280517578125,6,0.42857142857142855,0.3380667816702258
1223,'roseanne' taping repeatedly interrupted by reporters trying to interview members of white working class,'Seenanne' taping is repeatedly interrupted by reporters trying to interview members of the White Working Class.,satire,0,0.9449785947799683,0.9368453621864319,0.008133232593536377,0.8930634260177612,0.5266403878479265,130.54281616210938,6,0.375,0.47032326905079186
1224,"Nancy Pelosi to critics: bring it on? She's shaking in her boots, I'm sure.",nancy pelosi to critics: bring it on,sarcasm,0,0.7442047595977783,0.841803252696991,-0.09759849309921265,0.8740630149841309,0.15124760523215708,1503.63525390625,10,0.7142857142857143,0.13219993783834882
1225,Australian ambassador's Paris engagement gives us impossible relationship goals,australian ambassador's paris engagement gives us unrealistic goals for a relationship,irony,0,0.9691991806030273,0.9439732432365417,0.025225937366485596,0.9373269081115723,0.11094660471566163,479.8233642578125,7,0.6363636363636364,0.1039932379636079
1226,cruel owner chains bike outside in freezing weather,A cruel owner chained a bike outside in freezing weather.,sarcasm,0,0.6822279095649719,0.6179104447364807,0.06431746482849121,0.8730579614639282,0.31239399369202553,770.3124389648438,4,0.4,0.27273806330633504
1227,burger king franchise owner adds sad little personal touches to restaurant,The owner of Burger King adds personal touches to the restaurant.,understatement,0,0.8511564135551453,0.9169442057609558,-0.06578779220581055,0.8439931869506836,0.10600313379512592,87.11788940429688,9,0.8181818181818182,0.08946592271850803
1228,radiator saving single loudest clank for 3:32 a.m.,A radiator is saving the loudest clank for 3:32 a.m.,sarcasm,0,0.6048376560211182,0.7981963157653809,-0.1933586597442627,0.9511686563491821,0.42728700639623407,174.57833862304688,3,0.3,0.4064220077493704
1229,"Cancer's next big miracle: immunotherapy, because past treatments were just practice runs.",cancer's next big miracle: immunotherapy,irony,0,0.9706501364707947,0.9647901058197021,0.005860030651092529,0.9055221080780029,0.06557378107648686,106.17484283447266,9,0.75,0.059378508475025835
1230,Puppy comforts dog having a nightmare. Is this news or just a cute video?,puppy comforts dog with nightmare,rhetorical_question,0,0.7708065509796143,0.5151749849319458,0.25563156604766846,0.7545228004455566,0.01878157980529131,831.2459106445312,12,0.8571428571428571,0.01417113019148011
1231,NFL commissioner's genius solution to domestic violence shows they totally get it.,the nfl commissioner's solution to domestic violence,sarcasm,0,0.9852994680404663,0.9619685411453247,0.0233309268951416,0.8463644981384277,0.21281397709599684,402.6220397949219,8,0.6666666666666666,0.18011819492169623
1232,How to rekindle a lost passion in your life: because who needs new hobbies anyway?,how to rekindle a lost passion in your life,rhetorical_question,1,0.9455246925354004,0.939102053642273,0.006422638893127441,0.8374093770980835,0.372730318315106,26.621196746826172,8,0.5333333333333333,0.3121278636858233
1233,Valerie Ramsey revolutionizes aging for women: one photo shoot at a time.,valerie renaissance revolutionizes aging for women,overstatement,0,0.9361249208450317,0.9673848152160645,-0.031259894371032715,0.7728140354156494,0.0743306114738671,3246.924560546875,9,0.75,0.05744373980803201
1234,clinton blasts obama for slamming edwards jab,Clinton criticizes Obama for slamming Edwards Jab.,overstatement,0,0.9472457766532898,0.9245718717575073,0.02267390489578247,0.8997188806533813,0.06985342056580097,1211.8184814453125,5,0.7142857142857143,0.06284844136127234
1235,"France still can't contain terrorism a year after Paris: who saw that coming, besides everyone?",france still can't contain terrorism a year after paris,sarcasm,0,0.6173021793365479,0.8321959376335144,-0.21489375829696655,0.9360044002532959,0.372730318315106,873.269287109375,8,0.5333333333333333,0.3488772180507509
1236,man figured drug addiction would take up a lot more free time,A man figured that drug addiction would take more time.,irony,0,0.9275216460227966,0.9513127207756042,-0.023791074752807617,0.8794825077056885,0.2658156069371863,198.66268920898438,7,0.5833333333333334,0.23378017657642622
1237,"Secret Service wanted to leak embarrassing info. Top-tier security agency, right there.",secret service wanted to leak embarrassing info,irony,0,0.9666682481765747,0.8976210355758667,0.06904721260070801,0.8758730888366699,0.20126703311713304,370.2828063964844,8,0.6666666666666666,0.17628437797729565
1238,Do Catholic Voters Really Support the Right to Die? That's News to Me.,do catholic voters really support the right to die?,rhetorical_question,1,0.5086371898651123,0.651553213596344,-0.1429160237312317,0.9784433841705322,0.018284887072297418,157.15167236328125,11,0.8461538461538461,0.017890726786194702
1239,radical islamic extremists snowboard into u.s. embassy,radical islamic extremists are escorting into the U.S. embassy.,satire,0,0.9511332511901855,0.9402692317962646,0.010864019393920898,0.7769358158111572,0.12753431387594827,44.11333084106445,5,0.5555555555555556,0.09908597619512606
1240,rumsfeld sick of jokes about his fat girlfriend,Rumsfeld is tired of jokes about his fat girlfriend.,sarcasm,0,0.9130417704582214,0.9008273482322693,0.012214422225952148,0.9361138343811035,0.44632361378533286,131.29574584960938,4,0.4444444444444444,0.4178097094754187
1241,american public gets exactly what it deserves for 112th straight election,The American public receives exactly what it deserves for the 112th consecutive election.,sarcasm,0,0.979223906993866,0.9758097529411316,0.003414154052734375,0.9145000576972961,0.31455601883230705,71.88236999511719,6,0.46153846153846156,0.2876614973711766
1242,Nevada secretary of state reports 21 noncitizens might have voted—a colossal fraud that will surely topple the election results.,nevada secretary of state reports 21 noncitizens might have voted,understatement,0,0.7313141822814941,0.7364304661750793,-0.005116283893585205,0.8808350563049316,0.30892613617413284,489.03955078125,11,0.5789473684210527,0.27211297055100725
1243,Friday's email: what to obsess over for four days because your life is that thrilling.,friday's email: what to obsess over for four days,overstatement,0,0.8006837964057922,0.5343536734580994,0.26633012294769287,0.8770179152488708,0.4432535465175531,302.34429931640625,7,0.4666666666666667,0.3887413012934928
1244,Med students reluctantly consider fighting Obamacare repeal.,med students reluctantly consider fighting repeal of obamacare,understatement,0,0.9387853145599365,0.9589667916297913,-0.020181477069854736,0.9776877164840698,0.345720784641941,4194.2099609375,4,0.5,0.33800696447766015
1245,"Because nothing says 'community' like ignoring transphobic assaults, right?",'community' is ignoring transphobic assaults,irony,0,0.9019030332565308,0.9008129239082336,0.0010901093482971191,0.9414563775062561,0.05650012604057985,267.99188232421875,6,0.6666666666666666,0.053192403990811196
1246,visionary sports columnist asserts that muhammad ali's greatest fight wasn't in the ring,A visionary sports columnist asserts that Muhammad Ali's greatest fight was not in the ring.,overstatement,0,0.7719050645828247,0.7798619270324707,-0.007956862449645996,0.9546860456466675,0.31535540524901323,88.1793212890625,6,0.4,0.3010654048104828
1247,epa didn't know anybody was still drinking water,The EPA did not know that anyone was still drinking water.,sarcasm,0,0.7211710810661316,0.70311039686203,0.018060684204101562,0.9349988698959351,0.10025157431478134,63.29330062866211,7,0.6363636363636364,0.0937351086896089
1248,Mosul battle will determine Iraq's fate forever—or maybe just this week.,mosul battle will determine iraq's fate forever,overstatement,0,0.884721040725708,0.5339941382408142,0.3507269024848938,0.9219671487808228,0.09920519151734605,571.6148681640625,7,0.6363636363636364,0.091463927567503
1249,Nina Solomon's love book: the definitive guide to romance that will change your life or at least your dating app profile.,nina salah's love book,overstatement,1,0.6361308693885803,0.5385452508926392,0.09758561849594116,0.6418269872665405,0.0011460290896963962,2600.73583984375,20,0.9523809523809523,0.0007355523979596539
1250,"Employers use temps to skirt immigration laws – innovative, not unethical at all.",employers use temps to skirt immigration laws,sarcasm,0,0.9682470560073853,0.971267819404602,-0.003020763397216797,0.7877224087715149,0.3433629176453739,302.1722106933594,7,0.5384615384615384,0.27047466457042924
1251,dog can't believe owner left on fucking msnbc to keep it company while she at work,A dog is unable to believe the owner is left on msnbc to keep it company while she is at work.,sarcasm,0,0.7482367753982544,0.8328905701637268,-0.08465379476547241,0.8882795572280884,0.33550500083356194,72.3529052734375,9,0.42857142857142855,0.2980222335882458
1252,comic-book superrman impervious to copyediting,A comic-book superrman is impervious to copyediting.,satire,0,0.5257158279418945,0.6672254800796509,-0.14150965213775635,0.9642845392227173,0.09878765474230743,229.84213256835938,3,0.42857142857142855,0.0952594081340788
1253,"New Star Trek series in 2017: finally, the universe-saving we've all been craving.",new star trek series in 2017,overstatement,0,0.8824779987335205,0.6567844152450562,0.22569358348846436,0.813866138458252,0.026884686598925595,485.1977233886719,11,0.8461538461538461,0.021880536065927887
1254,"asian economic woes force layoffs of 700,000 pop stars","Asia's economic woes result in layoffs of 700,000 pop stars.",overstatement,0,0.9180567860603333,0.9071685075759888,0.010888278484344482,0.9206424355506897,0.31239399369202553,62.12828826904297,4,0.4,0.28760316720403317
1255,Demi Lovato and Wilmer Valderrama take a break. Celebrity relationships are so stable.,demi lovato and wilmer vaderrama take a break,irony,1,0.8434725999832153,0.6683077812194824,0.1751648187637329,0.8681262731552124,0.03479516834752485,1322.9813232421875,10,0.7692307692307693,0.030206599821344958
1256,Rosamund Pike is ravishing in red. This fashion insight will change your life.,rosamund pike is ravishing in red,overstatement,1,0.5750996470451355,0.5859702825546265,-0.010870635509490967,0.8408219218254089,0.0629195042125731,534.5187377929688,10,0.7692307692307693,0.052904098452317624
1257,"Deaver at his most dynamic? In 'Solitude Creek'? Sure, if dynamic means slow and boring.",deaver at his most dynamic? in'solaritude creek',sarcasm,1,0.8241214752197266,0.8791658282279968,-0.055044353008270264,0.740288257598877,0.1311132063658969,6523.97021484375,11,0.7333333333333333,0.0970615670888118
1258,"Ted Cruz defeats Donald Trump in Maine, proving even a loser can win sometimes.",ted cruz defeats donald trump in mexico,sarcasm,0,0.6641807556152344,0.6246445775032043,0.03953617811203003,0.6968827843666077,0.014450843425723598,740.1694946289062,12,0.8571428571428571,0.010070544002964149
1259,teen study bible found to increase fun of religion by .03%,A study found that a teen study bible increased the fun of religion by.03%.,satire,0,0.9116137623786926,0.8881726861000061,0.023441076278686523,0.9630345702171326,0.1235622127262679,379.82354736328125,10,0.7142857142857143,0.11899468242791932
1260,cockroach worried about what kind of kitchen cupboard he leaving to children,Acockroach is concerned about the type of kitchen cupboard he leaves to children.,irony,0,0.6037924289703369,0.5433981418609619,0.060394287109375,0.7006977200508118,0.21401603033752975,137.82974243164062,7,0.5384615384615384,0.14996054451183247
1261,"Behold the Great Fracturer, who shatters expectations, and the Indispensable Fragmenter, because fragments are everything.","behold the great fracturer, who shatters expectations, and the Indispensable fragmenter",overstatement,1,0.5360591411590576,0.8016833662986755,-0.2656242251396179,0.9559515714645386,0.3335844217369438,358.3138122558594,8,0.5333333333333333,0.3188905521755208
1262,ivana trump calls ex-husband to ask him what he did to her beautiful baby boy,Ivana Trump calls her ex-husband to ask him what he did to her beautiful baby boy.,sarcasm,0,0.6843263506889343,0.7990301847457886,-0.11470383405685425,0.967240035533905,0.6668954865619205,41.236236572265625,4,0.25,0.6450480141195529
1263,"Hannibal Buress jokes about getting death threats after Cosby routine—the circle of life in comedy: tell a joke, get a threat.",hawaii buress jokes about getting death threats after cosby routine,sarcasm,0,0.9267357587814331,0.9378690123558044,-0.011133253574371338,0.7410678863525391,0.1720854140005375,3938.67529296875,15,0.7142857142857143,0.12752697402547997
1264,Noel Comrie's GPS guide to self-affirmations: because repeating nice things to yourself is the key to fixing everything.,noel comrie's gps guide to self-affirmations,satire,0,0.9326440095901489,0.5882384777069092,0.34440553188323975,0.7712224721908569,0.011684036632167317,629.2652587890625,16,0.8888888888888888,0.009010991616628612
1265,"12 habits of genuine people – fake people, this one's for you.",12 habits of genuine people,understatement,0,0.5551404356956482,0.7256102561950684,-0.17046982049942017,0.8737664222717285,0.2465969639416065,3052.653564453125,7,0.5833333333333334,0.21546814692632796
1266,jogger horrified by discovery of own gruesome body,A jogger is shocked by the discovery of his own gruesome body.,sarcasm,0,0.6427037715911865,0.7209121584892273,-0.07820838689804077,0.9047330021858215,0.05637560315259291,55.42582702636719,6,0.5,0.05100486869028185
1267,Because nothing melts hearts like a prop infant.,this is why i'm not a fan of a prop,satire,1,0.9210671186447144,0.9196407794952393,0.0014263391494750977,0.3899821639060974,0.0446323613785333,43.283084869384766,9,0.9,0.017405824870639346
1268,diabetic 8-year-old throws worst birthday party ever,A diabetic 8-year-old throws the worst birthday party ever.,overstatement,0,0.6094334721565247,0.8601635098457336,-0.250730037689209,0.9705150723457336,0.19960198807747329,62.39602279663086,3,0.3333333333333333,0.19371673789936125
1269,Trump's plans will totally redefine America – or something.,donald trump's plans will redefine america,overstatement,0,0.9550779461860657,0.941435694694519,0.01364225149154663,0.8931595683097839,0.05795053470733952,320.1711120605469,7,0.7777777777777778,0.05175907456252851
1270,excited firefighters point out kid on tricycle,Firefighters point out a child on a tricycle.,irony,0,0.9755810499191284,0.9158855676651001,0.05969548225402832,0.8985491991043091,0.06500593260343691,122.82218170166016,6,0.75,0.058411028677846935
1271,dick durbin wakes up chained to radiator with instructions to saw open own stomach to access kavanaugh report,Rick Durbin wakes up chained to the radiator with instructions to see open own stomach to access Kavanaugh report.,satire,0,0.8388950228691101,0.7524858713150024,0.08640915155410767,0.90235435962677,0.44476089284108944,596.0696411132812,6,0.3157894736842105,0.40133193064665174
1272,"jury finds man guilty of murdering wife and children, but gets it",A jury finds a man guilty of murdering his wife and children.,sarcasm,0,0.7912468314170837,0.8069487810134888,-0.01570194959640503,0.9339103102684021,0.28646290158800986,20.01300811767578,7,0.5833333333333334,0.267530657302445
1273,Aquaman thumbs up Trump's Paris exit: 'Saves underwater real estate!',aquaman thumbs up donald trump's paris exit,irony,0,0.9419122934341431,0.927844226360321,0.014068067073822021,0.8527666330337524,0.04550524645870584,2099.059814453125,8,0.8,0.03880535580796167
1274,"Woman rants over service dog? Clearly, her meal is more important than a veteran's companion.",woman rants over service dog,sarcasm,0,0.7288907170295715,0.7560564279556274,-0.027165710926055908,0.6956467628479004,0.03598765407745826,692.4219360351562,12,0.8,0.025034695061473884
1275,russian orphans devastated after realizing trump tower meeting not about getting them adopted,Russian orphans are devastated after realizing that the Trump Tower meeting is not about getting them adopted.,irony,0,0.9226138591766357,0.9376776814460754,-0.015063822269439697,0.9156092405319214,0.2204887282071633,142.3197021484375,8,0.47058823529411764,0.20188151697961004
1276,"'well, that was cool,' say archaeologists before dumping bones of king richard iii back into hole","Archaeologists say that 'well, that was cool,' before dumping the bones of King Richard Iii back into a hole.",sarcasm,0,0.9344100952148438,0.8768185377120972,0.05759155750274658,0.9460268020629883,0.194086232706272,80.64459991455078,11,0.5789473684210527,0.18361077805156747
1277,friends star spontaneously shown attending televised nbc sporting event,Friends are spontaneously shown attending a televised NCC sporting event.,satire,0,0.9530014991760254,0.9502065777778625,0.002794921398162842,0.7520187497138977,0.1186840521952098,417.5205383300781,5,0.5,0.08925263254282065
1278,World's most innovative companies: Where 'innovation' means slightly better ads.,world's most innovative companies,satire,0,0.9707412123680115,0.9497211575508118,0.021020054817199707,0.7186580300331116,0.03791080144520064,98.65727233886719,8,0.8,0.027244901883584333
1279,Jack Antonoff opens up about depression. Because nothing says mental health awareness like a celebrity interview.,jack antonoff opens up about depression,irony,0,0.9468881487846375,0.7127879858016968,0.23410016298294067,0.7296441197395325,0.03816260839884378,906.9801635742188,13,0.8125,0.027845122812138856
1280,Queer response to Trump's wall: because love needs physical barriers.,a queer response to donald trump's wall,satire,0,0.9293095469474792,0.922899067401886,0.006410479545593262,0.8251941204071045,0.04550524645870584,790.0194702148438,9,0.9,0.037550661825400275
1281,A Christmas miracle: something mildly pleasant happened.,a christmas miracle,understatement,1,0.5124394297599792,0.6230949759483337,-0.11065554618835449,0.8021664619445801,0.0,605.2987670898438,7,1.0,0.0
1282,area man released after being wrongfully employed for 9 years,A local man was released after being wrongfully employed for nine years.,irony,0,0.7142598628997803,0.7594497203826904,-0.045189857482910156,0.9040465354919434,0.43361890903486755,63.50558090209961,5,0.4166666666666667,0.39201167243676815
1283,"Milk price like gasoline? Soon, we'll pay for air.",milk price like gasoline,overstatement,1,0.6280131936073303,0.6595892310142517,-0.03157603740692139,0.8239127397537231,0.04867843262263999,1678.2991943359375,7,0.7777777777777778,0.04010678078903633
1284,"j.f.k. high cougars to go, fight, win",J.F.K. high cougars will fight and win.,irony,1,0.9519049525260925,0.8486994504928589,0.10320550203323364,0.9354050755500793,0.06985342056580097,97.73340606689453,5,0.7142857142857143,0.06534124414178452
1285,Latino voters hold the key to saving the planet? What could possibly go wrong?,latino voters hold the key to saving the planet,rhetorical_question,0,0.8161306381225586,0.9489975571632385,-0.13286691904067993,0.9065318703651428,0.41653323821535565,126.77083587646484,7,0.5,0.37760065550861593
1286,cousin really going all-in on retweeting porn stars,A cousin is actively involved in retweeting porn stars.,sarcasm,0,0.9039337038993835,0.8944082260131836,0.009525477886199951,0.8917529582977295,0.056122223243057295,245.4794921875,6,0.6666666666666666,0.05004715860324194
1287,Challenge: Amplify Sarah Palin's Trump endorsement to levels of absurdity previously unimagined.,challenge: amplify sarah palin's trump endorsement to levels of absurdity,overstatement,0,0.5788553357124329,0.6804739832878113,-0.10161864757537842,0.9776707887649536,0.3216094349518416,1059.1024169921875,7,0.5833333333333334,0.314428149943618
1288,Beyond conservation: let's exploit until there's nothing left,beyond conservation: let's exploit until there's nothing left,irony,1,0.696150004863739,0.6031777858734131,0.09297221899032593,1.0,0.8408964152537145,249.16468811035156,1,0.125,0.8408964152537145
1289,"The day she let her son wait in the car: a minor parenting oversight, no big deal.",the day she let her son wait in the car,understatement,0,0.7287420034408569,0.6988311409950256,0.0299108624458313,0.8348149061203003,0.37732323479085006,45.97747802734375,9,0.5294117647058824,0.31499506082893153
1290,foster home gets new shipment,Foster home receives a new shipment.,sarcasm,0,0.5102002620697021,0.6146456003189087,-0.10444533824920654,0.950280487537384,0.048549177170732344,877.3679809570312,4,0.6666666666666666,0.04613533575134237
1291,"Mike Trout is the MVP—if you ignore all other players, sure.",mike trump is the'middle-class' player of the year,sarcasm,1,0.8460158705711365,0.5843027830123901,0.26171308755874634,0.34606483578681946,0.022702294218557836,589.4711303710938,10,0.9090909090909091,0.007856465720729278
1292,tim ryan attempting to stand out from other candidates on debate stage by wearing blue power ranger costume,Tim Ryan is attempting to stand out from other candidates on the debate stage by wearing a blue power ranger costume.,satire,0,0.9049709439277649,0.8810587525367737,0.02391219139099121,0.9741199612617493,0.5100323429521268,50.64517593383789,6,0.2857142857142857,0.496832686158765
1293,Washington state man jailed after attacking three gay men. But let's focus on 'both sides' of the tolerance debate.,washington state man jailed for attacking three gay men,sarcasm,0,0.7492839694023132,0.7924134135246277,-0.04312944412231445,0.7971397638320923,0.06570757482762138,307.2660827636719,13,0.6842105263157895,0.05237812068006964
1294,man has mosquito on the run,A man has a mosquito on the run.,overstatement,1,0.7392157912254333,0.7071740627288818,0.032041728496551514,0.9872931838035583,0.17286039232097053,260.5487365722656,3,0.375,0.17066388708810315
1295,"et, access hollywood, tmz choppers hovering above scene of gruesome red carpet dress",Hollywood and TMD choppers are hovering above a scene of a gruesome red carpet dress.,satire,0,0.8099299669265747,0.8961018323898315,-0.08617186546325684,0.8850158452987671,0.09941490945601678,277.97760009765625,8,0.5333333333333333,0.08798377012751708
1296,local news anchor mistakenly reveals salary during broadcast,A local news anchor incorrectly reveals his salary during a broadcast.,satire,0,0.8860321640968323,0.889787495136261,-0.003755331039428711,0.9208114147186279,0.12278260149096115,233.8728790283203,5,0.45454545454545453,0.11305962098172545
1297,A Senate bill that actually helps? Let's wait and see.,a senate bill that actually helps,sarcasm,0,0.7838528752326965,0.9406970739364624,-0.15684419870376587,0.9194589853286743,0.10373672493717558,652.6356811523438,7,0.7,0.09538166385205524
1298,experts refuse to warn of any new health hazards until americans deal with current backlog,Experts refuse to warn of new health hazards until Americans deal with the current backlog.,sarcasm,0,0.8231829404830933,0.6961808800697327,0.1270020604133606,0.9456526041030884,0.3703046833819061,160.37672424316406,5,0.3333333333333333,0.3501795881516691
1299,Flat soda declared. The beverage industry weeps.,flat soda is declared in the u.s.,overstatement,0,0.6553595066070557,0.8572328686714172,-0.20187336206436157,0.810490071773529,0.033031643180138064,107.49849700927734,6,0.8571428571428571,0.0267718188518677
1300,slightly larger chair shifts delicate balance of office power,A slightly larger chair shifts the balance of office power.,understatement,0,0.7001166343688965,0.6549651622772217,0.045151472091674805,0.9373493790626526,0.37991784282579627,409.8199768066406,3,0.3,0.35611575406758256
1301,the backstreet boys or 'n sync release new album,The Backstreet Boys or 'NSync' release a new album.,satire,1,0.8843964338302612,0.8001920580863953,0.08420437574386597,0.8588040471076965,0.03155984539112946,64.45264434814453,7,0.7777777777777778,0.027103722947995162
1302,Bionic fingertip restores touch? That's a neat trick for amputees.,bionic fingertip restores touch,understatement,0,0.9882452487945557,0.5718961954116821,0.41634905338287354,0.8505359888076782,0.03791080144520064,2251.298828125,8,0.8,0.03224450099368528
1303,Smear campaign against Michigan candidate shows how welcoming politics is for Muslims. Totally fair.,smear campaign against michigan candidate shows how welcoming politics is for muslims,sarcasm,0,0.9426060914993286,0.9503433704376221,-0.007737278938293457,0.9334660768508911,0.483065600887459,217.783935546875,5,0.35714285714285715,0.45092535132203465
1304,"Jeb Bush quits firm that profited from Obamacare: finally, a principled stand.",jeb bush quits firm that profited from obamacare,sarcasm,0,0.9397608637809753,0.8974714279174805,0.04228943586349487,0.9217820167541504,0.31356006812336346,1098.9599609375,7,0.5833333333333334,0.2890340319683227
1305,Netanyahu in bribery probe—this could topple governments and change history as we know it!,netanyahu in bribery probe: 'this could topple governments and change history',overstatement,0,0.5679866671562195,0.6883997917175293,-0.12041312456130981,0.964287519454956,0.30720591871309694,316.95355224609375,8,0.5714285714285714,0.2962348333177331
1306,republican establishment quietly relieved party no longer their responsibility,The Republican establishment is relieved that the party is no longer their responsibility.,irony,0,0.8395205140113831,0.9673681259155273,-0.1278476119041443,0.878159761428833,0.09144626892372869,54.308326721191406,7,0.5384615384615384,0.0803044337016185
1307,12 ways to make your divorce as expensive as possible: like setting money on fire,12 ways to make your divorce as expensive as possible,overstatement,0,0.5078760981559753,0.6868676543235779,-0.17899155616760254,0.9347624182701111,0.5338147523381285,63.74443817138672,6,0.4,0.4989899688038494
1308,pair of 26-year-olds hit it off after learning they have student loans from same bank,A pair of 26-year-olds hit it off after learning they have student loans from the same bank.,irony,0,0.9604939222335815,0.9553757309913635,0.005118191242218018,0.944351077079773,0.7541859578343534,27.11155891418457,3,0.17647058823529413,0.7122163215993118
1309,evening's events immediately recapped with digital-camera slide show,The evening's events were recapped with a digital-camera slide show.,irony,1,0.5895562767982483,0.8935710191726685,-0.30401474237442017,0.9088107347488403,0.07730551756939458,85.84912872314453,4,0.4,0.07025608422238087
1310,wheelchair basketball game enjoyed for all the wrong reasons,A wheelchair basketball game was enjoyed for various reasons.,sarcasm,0,0.8779297471046448,0.6676161885261536,0.2103135585784912,0.896539568901062,0.14923729480049117,186.66343688964844,6,0.6666666666666666,0.13379713994439305
1311,"Man tries to set fire aboard plane in China, adding a touch of excitement to air travel.",man tries to set fire aboard plane in china,irony,0,0.9729557037353516,0.7512710690498352,0.22168463468551636,0.9406660199165344,0.2984591070759932,376.5348815917969,10,0.5882352941176471,0.2807503403610173
1312,all those years shopping at independent bookstore wasted,The years of shopping at an independent bookstore were wasted.,irony,0,0.6355094909667969,0.7617300152778625,-0.12622052431106567,0.9205012321472168,0.06674094719041482,104.97895812988281,6,0.6,0.06143512412344917
1313,"Afghan president offers to legitimize Taliban, because peace talks are just that simple",afghan president offers to legitimize taliban,sarcasm,0,0.9644855260848999,0.9300686120986938,0.034416913986206055,0.8347110748291016,0.1582341759519314,706.8140869140625,9,0.6923076923076923,0.13207981908353383
1314,Philippines president promotes citizen-led drug eradication – because nothing says justice like mob rule.,philippin president promotes citizen-led drug eradication,sarcasm,0,0.9676972031593323,0.9553712010383606,0.01232600212097168,0.7101767659187317,0.20029051217596075,486.40692138671875,9,0.6428571428571429,0.14224166818133016
1315,billcosby.com now somehow most eerie site on entire internet,Billcosby.com is now the most eerie site on the internet.,overstatement,0,0.7401749491691589,0.7879255414009094,-0.04775059223175049,0.9554831981658936,0.2777619034011791,72.0528564453125,5,0.5,0.26539683179040463
1316,supreme court justice benatar orders army to stop using sex as a weapon,Supreme Court justice Benatar orders the army to stop using sex as a weapon.,sarcasm,0,0.953722357749939,0.9387503862380981,0.01497197151184082,0.9721460938453674,0.460462862587273,70.40718841552734,5,0.35714285714285715,0.4476371732250736
1317,"Finally, a diplomat whose policies pair well with fine wine.",a diplomat whose policies pair well with fine wine,satire,0,0.9765411019325256,0.9776663780212402,-0.0011252760887145996,0.932942271232605,0.7725505949016372,1186.421875,2,0.2,0.7207451066496335
1318,media ignores cancer struggle of champion unicyclist,The media ignores the cancer struggle of a champion unicyclist.,sarcasm,0,0.8934898376464844,0.8352328538894653,0.05825698375701904,0.9418774843215942,0.13747081017605653,347.8961181640625,4,0.4,0.12948066085627555
1319,"It's heartwarming when a cop enjoys a joke about a Black superhero. Truly, we've overcome everything.",it's heartwarming when a cop enjoys a joke about a black superhero,sarcasm,0,0.8897968530654907,0.9722710847854614,-0.0824742317199707,0.8839664459228516,0.5089516295822079,149.62554931640625,7,0.4375,0.4498961631484279
1320,"Xavier Dolan on the run – in a thriller, because life imitates art?",xavier dolan on the run,irony,1,0.8869587779045105,0.7978442907333374,0.0891144871711731,0.6631914377212524,0.053687271162922795,858.9003295898438,10,0.7692307692307693,0.03560493854986951
1321,Carly Rae Jepsen drops another hit that will totally change your life.,carly rae jepsen drops another hit,sarcasm,0,0.8139885067939758,0.5811187624931335,0.23286974430084229,0.8247911930084229,0.0743306114738671,1035.7840576171875,9,0.75,0.061307233714576415
1322,"How I finally stuck to a meditation schedule: after 100 attempts, I achieved enlightenment (or just stopped checking my phone).",how i finally stuck to a meditation schedule,overstatement,0,0.8466482758522034,0.9177314639091492,-0.0710831880569458,0.8205486536026001,0.11535230263490234,668.6810302734375,15,0.75,0.09465217661702878
1323,One mom single-handedly solves the baby-feeding crisis with a single gorgeous photo.,one mom single-handedly solves the baby-feeding crisis,overstatement,0,0.9701864123344421,0.9573220014572144,0.012864410877227783,0.8519304990768433,0.3960914423407551,177.62619018554688,6,0.5,0.3374423801534262
1324,The nightmare of Gaza continues? But didn't we all collectively agree to move on to the next news cycle?,the nightmare of gaza continues,rhetorical_question,0,0.6998603940010071,0.5030896663665771,0.19677072763442993,0.8366605043411255,0.0076464605606061916,2673.62255859375,17,0.8947368421052632,0.006397491549061302
1325,nation suddenly realizes it never had to worry about john mccain dying over past 8 years if he'd become president,The nation realizes that it never had to worry about John McCain dying over the past 8 years if he would become president.,sarcasm,0,0.8346670866012573,0.5041673183441162,0.3304997682571411,0.917260468006134,0.35138749399652214,51.83102798461914,9,0.391304347826087,0.32231385719475253
1326,rookie usda agent vomits after seeing first rotten orange,A rookie USDA agent vomits after seeing the first rotten orange.,overstatement,0,0.6544359922409058,0.8073790073394775,-0.15294301509857178,0.9563102722167969,0.28997844147152074,880.5814819335938,4,0.36363636363636365,0.2773093623006325
1327,"Fear not, GoT fans: Brexit won't affect the show, because TV productions are immune to global events, right?","fear not, got fans: brexit won't affect the show",irony,1,0.680609941482544,0.5126967430114746,0.16791319847106934,0.8675851821899414,0.04960895415008605,511.8642883300781,13,0.7222222222222222,0.043039993524554856
1328,veteran brita filter's tour of duty extended another 3 months,Veteran Brita Filter's tour of duty has been extended for three months.,satire,0,0.9367522597312927,0.5282439589500427,0.40850830078125,0.936812162399292,0.09058752341587764,144.00851440429688,8,0.6666666666666666,0.08486349369762483
1329,"Oh, the U.S. is so progressive on abortion access, right?",the u.s. is progressive on abortion access,sarcasm,0,0.9810047745704651,0.966491162776947,0.014513611793518066,0.9627935886383057,0.12100518276540287,111.9862060546875,5,0.5,0.11650301415853628
1330,nation's parents announce they have zero fucking patience for this bullshit,The nation's parents announce that they have no patience for this bullshit.,sarcasm,0,0.8189778327941895,0.7942856550216675,0.024692177772521973,0.9419897794723511,0.161089927696874,100.75529479980469,5,0.4166666666666667,0.15174506546639532
1331,"These Social Media Apps Are Causing Trouble in Schools: Thank Goodness for Technology, Right?",these social media apps are causing trouble in schools,satire,0,0.8180145025253296,0.9282377362251282,-0.11022323369979858,0.9224339723587036,0.013758777297397084,130.70774841308594,13,0.9285714285714286,0.01269156359723674
1332,What comics can offer Bible readers: because parables desperately needed more pictures.,what comics can offer bible readers,understatement,0,0.8893145322799683,0.6788055896759033,0.21050894260406494,0.8452982902526855,0.0743306114738671,2169.37158203125,9,0.75,0.06283153879229651
1333,"dc executive worried batgirl script not interesting enough to be movie, 3 more movies, 2028 reboot and 4 more movies","A DCC executive is concerned that the Batgirl script is not interesting enough to be a movie, 3 more movies, 2028 reboot and 4 more movies.",overstatement,1,0.7308118939399719,0.8015762567520142,-0.07076436281204224,0.9469810724258423,0.45486727739500965,111.23957061767578,10,0.38461538461538464,0.43075070215894934
1334,"Live inside your favorite book? Finally, an escape from all real-world problems.",live inside your favorite book,overstatement,1,0.7086892127990723,0.906078577041626,-0.1973893642425537,0.8280549049377441,0.06557378107648686,247.5925750732422,9,0.75,0.05429869105569877
1335,"Spielberg defends Oscars from Netflix, because film is only for theaters",mike spielberg defends oscars from nba,satire,0,0.9320483207702637,0.9382494688034058,-0.00620114803314209,0.6874282360076904,0.021099385422893017,1065.0992431640625,10,0.9090909090909091,0.014504313302105724
1336,Top Democrats defend the indefensible: A daily routine.,top democrats defend the indefensible,sarcasm,0,0.9795111417770386,0.9369887113571167,0.042522430419921875,0.8743178844451904,0.06235704094727466,153.8140106201172,6,0.75,0.05451987612128329
1337,quaker oats canister relabeled 'drugs' for grade school play,A quaker oats canister has relabeled 'drugs' for grade school play.,satire,0,0.7976222634315491,0.8729129433631897,-0.07529067993164062,0.9821903109550476,0.46924700641056,425.35784912109375,3,0.2727272727272727,0.46088986314111313
1338,On the road to the Emmys with my entourage (a.k.a. my kids)—because nothing says glamour like diaper bags.,on the road to the emmys with my entourage (a.k.a. my kids),satire,1,0.5559265613555908,0.9288469552993774,-0.3729203939437866,0.7082787752151489,0.3221117749959946,40.08616256713867,9,0.5,0.22814493347654066
1339,"Dangerous and delusional—just like my ex, but here describing a policy.",dangerous and delusional,sarcasm,1,0.6143391132354736,0.6731211543083191,-0.05878204107284546,0.7247084379196167,0.007894844292834697,505.4355163574219,10,0.9090909090909091,0.005721460275078834
1340,michael brown audiotapes conclusively reveal exactly what you want them to,Michael Brown audiotapes reveal exactly what you want them to perform.,irony,0,0.8786225318908691,0.908597469329834,-0.029974937438964844,0.8840166926383972,0.5900468726392808,118.93536376953125,4,0.36363636363636365,0.5216112848522066
1341,Bayer wants to buy Monsanto for $62 billion—because monopolies are just what the world needs.,bayer wants to buy monsanto for $62 billion,sarcasm,0,0.9644879698753357,0.8163419365882874,0.14814603328704834,0.8865852355957031,0.0720589322653391,123.64637756347656,10,0.6666666666666666,0.06388638543924048
1342,"Dare to Be 100: Yes, Virginia, Wherever—Location is Everything in Life","dare to be 100: yes, virginia, wherever",overstatement,1,0.9642876386642456,0.9558398127555847,0.008447825908660889,0.9063420295715332,0.022182955195367136,438.2388916015625,9,0.8181818181818182,0.02010534463366344
1343,exuberant trump rally crowd bats syrian refugee child around arena before candidate comes on stage,Trump rally crowd bats a Syrian refugee child around the arena before the candidate arrives on stage.,satire,0,0.8136117458343506,0.8156974911689758,-0.002085745334625244,0.9452223181724548,0.11502783619900048,136.86680603027344,8,0.47058823529411764,0.10872687798638064
1344,"music playing in bar could stand to be louder, worse",Music playing in a bar could be louder and worse.,irony,1,0.8427783846855164,0.781893789768219,0.06088459491729736,0.9249258041381836,0.06674094719041482,81.5304183959961,7,0.7,0.06173042424903847
1345,reverend al sharpton takes time off from holy duties to make tv appearance,Reverend Al Sharpton takes time off from his duties to make a television appearance.,sarcasm,0,0.8160042762756348,0.9168063998222351,-0.10080212354660034,0.9238893985748291,0.25712008025141314,29.39268684387207,7,0.5,0.23755051630498988
1346,"Trump promised no federal weed crackdown, but who trusts a word he says anyway?",donald trump promised no federal weed crackdown,sarcasm,0,0.5607641339302063,0.9484722018241882,-0.38770806789398193,0.8375458717346191,0.15124760523215708,2995.06640625,11,0.7857142857142857,0.12667680737194054
1347,Dress to repel on your first date—because nothing says 'I'm interested' like a garbage bag.,dress to repel on your first date,satire,1,0.6127851605415344,0.6303188800811768,-0.017533719539642334,0.830865740776062,0.19605997334125028,187.87599182128906,10,0.6666666666666666,0.16289951498671287
1348,desperate 'time' magazine announces 'man of june',A desperate 'Time' magazine announces the publication 'The Man of June'.,sarcasm,0,0.8899504542350769,0.7313137054443359,0.15863674879074097,0.9426186084747314,0.04740604259878138,326.3916015625,7,0.6363636363636364,0.04468581790775715
1349,"man just wants to come home, hear lindsay lohan made fun of, get some sleep","A man wants to come home, hear Lindsay Lohan made fun of and get some sleep.",sarcasm,0,0.6916471719741821,0.825722873210907,-0.13407570123672485,0.8975637555122375,0.30130404892785684,80.49349975585938,7,0.4375,0.27043959370673015
1350,"nation offsets carbon footprint by planting single 300,000-foot-tall tree","The nation offsets its carbon footprint by planting a single 300,000-foot-tall tree.",overstatement,0,0.9164178967475891,0.948826014995575,-0.03240811824798584,0.9737404584884644,0.28646290158800986,64.69682312011719,4,0.3333333333333333,0.27894051713224455
1351,8 truths? More like 8 ways to survive Valentine's Day without divorcing.,8 truths about valentine's day,understatement,0,0.5943887829780579,0.7283661961555481,-0.13397741317749023,0.7993617057800293,0.013249284136531224,125.60796356201172,11,0.9166666666666666,0.010590970367741882
1352,"Bill Clinton takes his time on Air Force One, and Obama is totally okay with that (not!).",bill clinton takes his time on air force one,sarcasm,0,0.8467913269996643,0.5800826549530029,0.2667086720466614,0.7560820579528809,0.12270657218905258,620.2341918945312,13,0.7647058823529411,0.09277623762504261
1353,"After yet another tragedy, Pakistan realizes that maybe, just maybe, extremism isn't the answer.","after another tragedy, pakistan realizes that maybe, just maybe, extremism isn't the answer",irony,0,0.8447197675704956,0.8278626203536987,0.016857147216796875,0.9918233156204224,0.566260439529554,74.49605560302734,4,0.2857142857142857,0.5616303066388799
1354,god loses decision-making coin,A god loses his decision-making coin.,satire,1,0.5550877451896667,0.6539661884307861,-0.09887844324111938,0.947118878364563,0.09554427922043669,653.4053955078125,3,0.5,0.09049179056941062
1355,Inside Facebook's plan to build an artificial brain—because our privacy wasn't already compromised.,inside facebook's plan to build an artificial brain,irony,0,0.9151958227157593,0.9612874984741211,-0.046091675758361816,0.8222681283950806,0.276715788893083,294.4519348144531,8,0.6153846153846154,0.2275345738304836
1356,inspirational english teacher canceled out by every other teacher at school,An inspirational English teacher was canceled by all other teachers at the school.,sarcasm,0,0.915392279624939,0.9556089639663696,-0.040216684341430664,0.9194010496139526,0.024316915840399723,128.31704711914062,8,0.6153846153846154,0.022356997947037657
1357,chris hemsworth deputizes hunk to assume 'sexiest man alive' duties in his absence,Chris Hitchworth deputized his hunk to assume his'sexiest man alive' duties in his absence.,satire,0,0.736186146736145,0.707700788974762,0.028485357761383057,0.7960456609725952,0.35556702356686953,602.3331909179688,6,0.42857142857142855,0.283047586295347
1358,An unexpected heirloom: like finding a tax bill in your grandmother's jewelry box.,an unexpected heirloom,overstatement,1,0.7027228474617004,0.8365685343742371,-0.13384568691253662,0.5901031494140625,0.004053348212038093,439.5185852050781,12,0.9230769230769231,0.002391893545595538
1359,monopoly player insists on being wheelbarrow,A monopoly player insists on being a wheelbarrow.,understatement,0,0.6308661103248596,0.8285166025161743,-0.1976504921913147,0.9406962394714355,0.5169731539571706,224.96836853027344,3,0.375,0.48631470183519787
1360,cheering crowd actually trying to get attention of guy behind iron maiden,A cheering crowd is trying to attract the attention of a man behind Iron Maiden.,satire,0,0.945579469203949,0.9534763693809509,-0.007896900177001953,0.8828387260437012,0.050317476265301385,59.82231140136719,8,0.5333333333333333,0.044422216643792846
1361,lesbian couple enjoys hot lesbian action,A lesbian couple enjoys the hot action of the lesbian couple.,satire,0,0.9446767568588257,0.9664224982261658,-0.021745741367340088,0.9509155750274658,0.11094660471566163,85.92898559570312,6,0.5454545454545454,0.10550085442053833
1362,"Faith: 20 years strong, unlike your latest trend",faith: 20 years strong,understatement,1,0.5082398056983948,0.6131957173347473,-0.10495591163635254,0.8951532244682312,0.06250434473199146,621.1126098632812,6,0.75,0.055950965730116056
1363,mom sits down for dinner 3 months after rest of family finishes meal,A mother sits down for dinner three months after the rest of the family finishes the meal.,overstatement,0,0.738429844379425,0.8799875378608704,-0.1415576934814453,0.9326753616333008,0.2140909265975804,44.811893463134766,7,0.4117647058823529,0.19967733238680674
1364,area man meets that special someone else,A local man meets someone else.,irony,0,0.6924713253974915,0.7875979542732239,-0.09512662887573242,0.7995352745056152,0.0808764862779457,345.3948974609375,5,0.7142857142857143,0.06466360365728695
1365,surgeon general mills recommends three to five servings of froot per day,General Mills recommends serving froot daily for three to five servings.,satire,0,0.7600895166397095,0.5906720161437988,0.16941750049591064,0.9028213024139404,0.09679153739649397,534.7777709960938,11,0.9166666666666666,0.08738546185495032
1366,tearful tim kaine wandering around backstage at debate asking if anyone has seen his running mate,Tim Kaine wanders backstage at the debate asking if anyone has seen his running mate.,satire,0,0.6516838669776917,0.7557364702224731,-0.1040526032447815,0.9208401441574097,0.4867028302019801,130.0408172607422,7,0.4375,0.44817550432501063
1367,bananas again sweep primates' choice awards,Bananas have won the primates' choice awards again.,satire,0,0.9335089921951294,0.9439094066619873,-0.01040041446685791,0.9408535957336426,0.1374708101760565,423.68499755859375,5,0.625,0.1293399060625598
1368,Michelle Wolf speaks out on dinner controversy – because the White House press corps needed more comedian drama.,michael wolf speaks out on dinner controversy,satire,0,0.9710129499435425,0.6751190423965454,0.29589390754699707,0.6628609895706177,0.12772112425298793,3310.46240234375,13,0.7222222222222222,0.0846613508114074
1369,Activists protest Trump's 'swamp cabinet.' Because nothing says 'drain the swamp' like filling it with more crocs.,activists protest donald trump's'swamp cabinet',sarcasm,0,0.9191501140594482,0.922266960144043,-0.0031168460845947266,0.7761766910552979,0.004874139244068762,3239.989501953125,16,0.9411764705882353,0.0037831932702040625
1370,"Trump sticks with Fox News, the epitome of balanced reporting.",donald trump sticks with fox news,irony,0,0.9723747372627258,0.9591493606567383,0.013225376605987549,0.8018356561660767,0.04432535465175531,3729.585693359375,9,0.9,0.035541649831984275
1371,"From 1937 to Hillary, Americans felt consistently positive about woman president? A seamless progression.","from 1937 to hillary, americans felt consistently positive about woman president",overstatement,0,0.9396979212760925,0.8998205065727234,0.03987741470336914,0.9638674259185791,0.30720591871309694,2085.34912109375,7,0.5,0.296105778096945
1372,mars maven begins mission to take thousands of high-resolution desktop backgrounds,Mars Maven began a mission to take thousands of high-resolution desktop backgrounds.,satire,0,0.8923112154006958,0.8969773054122925,-0.00466609001159668,0.956876277923584,0.5156626918239822,142.78009033203125,5,0.4166666666666667,0.4934253972165882
1373,presidential debate commission anesthetizes audience to prevent outbursts during debate,The presidential debate commission anesthetizes the audience to prevent outbursts during the debate.,overstatement,0,0.9384865760803223,0.9566186666488647,-0.01813209056854248,0.9671233296394348,0.48442732379638637,72.33848571777344,4,0.3076923076923077,0.4685009663582818
1374,riaa bans telling friends about songs,Riaa bans telling friends about songs.,sarcasm,0,0.7878775000572205,0.8336111307144165,-0.045733630657196045,0.9701833724975586,0.5081327481546147,1237.191650390625,2,0.3333333333333333,0.49298194328109674
1375,new stapler makes all other staplers look like worthless shit,A new stapler makes all other staplers look like worthless.,overstatement,0,0.8007106184959412,0.9110278487205505,-0.11031723022460938,0.9598990678787231,0.7598356856515925,55.54167938232422,3,0.3,0.7293655663979541
1376,grieving couple finds different ways to use stroller,A grieving couple finds different ways to use a stroller.,understatement,0,0.6988783478736877,0.9061964750289917,-0.20731812715530396,0.9547238349914551,0.6389431042462724,107.33106231689453,3,0.3,0.6100142108273463
1377,"Socialism destroys Venezuela, but only Venezuelans can fix it – not the U.S. military, which never intervenes.","socialism destroys venezuela, but only venezuelans can fix it",irony,0,0.5367204546928406,0.7832218408584595,-0.2465013861656189,0.8885268568992615,0.06421450514370826,83.1990966796875,11,0.6470588235294118,0.057056312422680555
1378,woman rises early to sow seeds of day's first gchats,A woman rises early to sow seeds of the day's first gchats.,satire,0,0.8411398530006409,0.8588312268257141,-0.017691373825073242,0.9709697961807251,0.5706745777055999,414.1465148925781,3,0.25,0.5541077784003278
1379,This flip-book marriage proposal is just the epitome of romance and originality.,this flip-book marriage proposal is just the epitome of romance and originality,irony,0,0.9686018228530884,0.9649142026901245,0.003687620162963867,0.9823856353759766,0.8070557274927982,134.73654174804688,2,0.16666666666666666,0.7928399536368336
1380,Forged document complicates Utah monument fight – because federal documents are always trustworthy and never forged.,forged document complicates utah monument fight,sarcasm,0,0.8548852801322937,0.7331944108009338,0.12169086933135986,0.8334826231002808,0.02306071322304547,25475.283203125,12,0.75,0.01922070374770727
1381,Gov. Markell believes Bernie wins? That's a sweet belief.,gop markell: 'i don't think i'm going to win',irony,1,0.936032772064209,0.8943478465080261,0.04168492555618286,0.566087543964386,0.0,71.44732666015625,9,1.0,0.0
1382,Pink single-handedly slays the digital dragon – raise your glasses to this modern-day heroine!,pink single-handedly slays the digital dragon,overstatement,0,0.859818696975708,0.7340803742408752,0.12573832273483276,0.813525378704071,0.20029051217596075,387.898193359375,9,0.6428571428571429,0.16294141476878082
1383,"Embed routines and rituals, because spontaneity is overrated anyway",embed routines and rituals,understatement,0,0.7991739511489868,0.9023139476776123,-0.10313999652862549,0.7727996110916138,0.04867843262263999,3849.076416015625,7,0.7777777777777778,0.03761867379932551
1384,report: still a few seconds left where plane low enough to crash with everyone surviving,A report indicates that there are still a few seconds left where the plane is low enough to crash with everyone surviving.,overstatement,1,0.8148089647293091,0.8103742599487305,0.004434704780578613,0.8580790758132935,0.4341999352730603,72.181640625,9,0.4090909090909091,0.3725778791772994
1385,band dreams of one day becoming popular enough to alienate early fans,The band hopes to become popular enough to alienate early fans.,irony,0,0.8918488621711731,0.9147300720214844,-0.02288120985031128,0.76935875415802,0.33529572102686117,85.34493255615234,7,0.5833333333333334,0.25796269820374096
1386,The real issue with fake news is that real news is just as fake— brilliant observation.,the real issue with fake news is that real news is just as fake,sarcasm,0,0.6817666292190552,0.5182368755340576,0.16352975368499756,0.9413110017776489,0.726943590190925,23.552907943725586,4,0.25,0.6842799991184603
1387,nation's older brothers recommend not being such a little bitch,The older brothers of the nation recommend not being so a bitch.,sarcasm,1,0.8606911301612854,0.5454280376434326,0.3152630925178528,0.9453179240226746,0.11094660471566163,390.0093688964844,7,0.5833333333333334,0.10487981404717353
1388,"Trainers reveal the absolute worst fitness advice, like 'just skip leg day'—groundbreaking stuff.",trainers reveal the absolute worst fitness advice,irony,0,0.9545588493347168,0.9389750957489014,0.01558375358581543,0.8220027685165405,0.260899397956404,885.15966796875,8,0.6153846153846154,0.21446002742446274
1389,'piggies' written in blood on clouds only clue in shocking murder of six angels,Piggies written in blood on clouds are the only clue in the shocking murder of six angels.,overstatement,0,0.5677779912948608,0.7024195194244385,-0.13464152812957764,0.9254773259162903,0.4295136946366521,182.56854248046875,5,0.29411764705882354,0.3975051855567549
1390,barbecue chicken panini succumbs to howard-related causes,A barbecue chicken panini is caused by howard-related causes.,satire,1,0.696078896522522,0.5873626470565796,0.10871624946594238,0.9529310464859009,0.12753431387594827,418.0430603027344,5,0.5555555555555556,0.12153140718466873
1391,"Trump refugee order dashes hopes of Iraqi allies: rewarding loyalty with deportation, the American way.",trump refugee order dashes hopes of iraqi allies,sarcasm,0,0.9166745543479919,0.9293429255485535,-0.012668371200561523,0.9002114534378052,0.2155064730781546,792.8778686523438,10,0.6666666666666666,0.1940013953549408
1392,Amazon-Hachette feud overlooks indie authors—because who reads them anyway?,amazon-hachette feud overlooks indie authors,irony,0,0.5403388142585754,0.7383139133453369,-0.19797509908676147,0.9400495886802673,0.11948321931215808,565.9772338867188,6,0.6666666666666666,0.11232015116858837
1393,gmail user pities hotmail user,A gmail user pityes a Hotmail user.,irony,0,0.5922968983650208,0.8596296310424805,-0.2673327326774597,0.7644835710525513,0.06985342056580097,418.26220703125,5,0.7142857142857143,0.053401792404379256
1394,"Google Street View: not just for maps, but for autism communication too.","google street view: not just for maps, but for autism communication",understatement,0,0.6561241149902344,0.7181591987609863,-0.06203508377075195,0.9845251441001892,0.6196760459608335,239.5289764404297,4,0.3333333333333333,0.610086648445025
1395,"Neighbors 2 tackles sexism subtly, as comedies do.",'nighbors 2' tackles sexism,understatement,1,0.9190536737442017,0.651430070400238,0.2676236033439636,0.5907773971557617,0.06250434473199146,24444.611328125,6,0.75,0.03692615409169236
1396,so-called professional gamer not even racist,The so-called professional gamer is not even racist.,sarcasm,0,0.8055278658866882,0.7544590830802917,0.051068782806396484,0.97184818983078,0.17286039232097053,68.47378540039062,3,0.375,0.16799405937057368
1397,giant altoid headed toward earth'curiously strong' celestial body will extinguish all life,A giant altoid headed toward the Earth's curiously strong celestial body will extinguish all life.,overstatement,1,0.7762870788574219,0.6536169052124023,0.12267017364501953,0.9654216766357422,0.4121183751323027,246.24563598632812,6,0.4,0.39786801269262545
1398,"scandal: mccain won miss congeniality of u.s. senate in 2000, 2003",President Barack Obama won't disclose the congeniality of the U.S. Senate in 2000 and 2003.,satire,0,0.7479835152626038,0.7234385013580322,0.024545013904571533,0.4583238959312439,0.030934588294313718,37.37443542480469,12,0.8,0.014178061026078916
1399,"Wilmer Flores' Friday night was so Hollywood, they're already planning the sequel nobody asked for.",wilmer blooms' friday night was so hollywood they're already planning the sequel,overstatement,0,0.7654109001159668,0.7143378257751465,0.05107307434082031,0.7848453521728516,0.3302212944306679,330.8664855957031,7,0.4666666666666667,0.2591726481224124
1400,area grandmother comes forward as 'banksy',An area grandmother is described as 'banksy'.,satire,0,0.6771922707557678,0.6297658085823059,0.047426462173461914,0.9273601174354553,0.07730551756939454,347.6107482910156,4,0.5714285714285714,0.07169005385156237
1401,netflix gently reminds 'arrested development' fans that new episodes of the show won't actually solve world's problems,Netflix reminds 'arrested development' fans that new episodes of the show will not solve the world's problems.,irony,0,0.9654802680015564,0.9628212451934814,0.002659022808074951,0.9558619260787964,0.570434647201574,44.007389068603516,6,0.35294117647058826,0.5452567605761752
1402,Paying extra for airline seats: because comfort is overrated anyway.,paying extra for airline seats,understatement,0,0.8753747940063477,0.8997367024421692,-0.024361908435821533,0.7478901743888855,0.09782458612762486,393.68743896484375,7,0.7,0.0731620467785099
1403,"Murdoch, racial expert, declares Carson the 'authentic black president' we've all been waiting for.","michael murdoch, racial expert, declares michael jackson the 'authentic black president' we've all been waiting for",sarcasm,0,0.8879575729370117,0.9158228039741516,-0.027865231037139893,0.7622442245483398,0.5307074109851435,118.09795379638672,5,0.3125,0.4045286589484278
1404,genealogists find 99% of people not related to anyone cool,Genealogists find that 99% of people are not related to someone cool.,overstatement,0,0.9688925743103027,0.906377911567688,0.06251466274261475,0.9687031507492065,0.14734754237051595,93.37779235839844,5,0.4166666666666667,0.142736028549471
1405,"Sales of '1984' spike after Conway's interview? What a coincidence, or is it doublespeak?",sales of '1984' spiked after conway's interview,irony,0,0.8865432739257812,0.7170687317848206,0.1694745421409607,0.84480881690979,0.028439110602897978,1359.9130859375,11,0.7857142857142857,0.02402561138240091
1406,cool glitch effect on movie studio logo must mean shit about to go down,A glitch effect on the movie studio logo may mean a shit is about to go down.,sarcasm,0,0.9750459790229797,0.7438614964485168,0.2311844825744629,0.9236787557601929,0.13644865147125176,148.77139282226562,6,0.35294117647058826,0.12603472061612203
1407,A mystery painter turns anti-Muslim graffiti into love—because one spray can fixes systemic racism.,mystery painter turns anti-muslim graffiti into love,irony,0,0.8929661512374878,0.8373509645462036,0.05561518669128418,0.9173187017440796,0.07562380261607854,372.0475158691406,9,0.6428571428571429,0.0693711284367317
1408,Florida woman turns wedding into a disaster movie—climax not included.,florida woman turns wedding into a disaster movie,overstatement,0,0.6265481114387512,0.8772110939025879,-0.25066298246383667,0.921194314956665,0.5298765308495281,390.5332336425781,4,0.4,0.48811924784754523
1409,"Hillary Clinton offers a 'basic bargain' for the economy, because nothing fixes complex problems like simple slogans.",hillary clinton offers a 'basic bargain' for the economy,sarcasm,0,0.9396729469299316,0.9394535422325134,0.0002194046974182129,0.8655999898910522,0.24148526666444137,97.05726623535156,11,0.6470588235294118,0.20902964438357852
1410,exterminator kind of surprised apartment doesn't have roaches,An exterminator is surprised that the apartment does not have roaches.,irony,0,0.6808117628097534,0.8883658647537231,-0.20755410194396973,0.955152153968811,0.026658376817028855,65.74445343017578,8,0.7272727272727273,0.02546280603809733
1411,trump delivers anecdote about small business owner who isn't half the man he is,Trump delivers an anecdote about a small business owner who is not half the man he is.,sarcasm,0,0.955427348613739,0.9305751323699951,0.024852216243743896,0.9859767556190491,0.329340597116918,40.82889938354492,6,0.35294117647058826,0.32472217343897913
1412,"Ego-centric art world killing art: Finally, some real art.",the ego-centric art world is killing art,sarcasm,0,0.9372127652168274,0.8307892084121704,0.10642355680465698,0.9334075450897217,0.05809334108283256,320.5626525878906,8,0.8888888888888888,0.05422476288618661
1413,I'm finally ok with letting myself be 'uncomfortable' – my new favorite state of being.,i'm finally ok with letting myself be 'uncomfortable',understatement,0,0.9333866238594055,0.6750738620758057,0.25831276178359985,0.9199128150939941,0.3505377780030811,75.4725570678711,8,0.5333333333333333,0.3224641941596079
1414,Snoop Dogg gives turkeys instead of... other things. How sweet.,snoop dogg gives turkeys instead of other things,irony,1,0.8831684589385986,0.6188451051712036,0.264323353767395,0.9412123560905457,0.1150460085904485,696.9656982421875,6,0.6,0.1082827248042292
1415,Chadwick Boseman delivering commencement? Because actors are experts on graduation.,chadwick boseman delivering commencement for'sealing' actors,understatement,0,0.9565993547439575,0.9368343949317932,0.019764959812164307,0.8099844455718994,0.024925978674400287,6053.5361328125,8,0.8,0.020189655016921104
1416,fda deems genetically modified salmon too handsome to eat,The FDA considers genetically modified salmon too attractive to eat.,satire,0,0.8778800964355469,0.8947363495826721,-0.016856253147125244,0.8993663787841797,0.2777619034011791,189.2610626220703,5,0.5,0.24980971722611958
1417,god admits he never created gerbils,God admits that he never created Gerbils.,satire,1,0.6438027024269104,0.6167392134666443,0.027063488960266113,0.9348021745681763,0.17567205239427922,216.2276611328125,3,0.42857142857142855,0.1642186165890268
1418,Transit strike? Just tweet—Twitter solves everything.,transit strike? just tweet,sarcasm,1,0.91951584815979,0.5683711767196655,0.3511446714401245,0.9089615345001221,0.04873039689743777,3773.62451171875,5,0.8333333333333334,0.044294056340695026
1419,Campus safety activism: how I traded studying for sit-ins.,campus safety activism: how i traded studying for sit-ins,satire,0,0.9056949019432068,0.850814163684845,0.054880738258361816,0.9977550506591797,0.19960198807747329,834.8069458007812,3,0.3333333333333333,0.19915389172591233
1420,9 amazing spring cleaning tips for dog owners. Because your house isn't already a mess.,9 amazing spring cleaning tips for dog owners,sarcasm,1,0.6186686158180237,0.5024580359458923,0.11621057987213135,0.9127961993217468,0.3505377780030811,433.5828857421875,8,0.5333333333333333,0.3199695514799027
1421,"De Blasio names new schools chancellor, then candidate backs out on live TV – seamless transition.","de blasio names new schools chancellor, then candidate backs out on live tv",irony,0,0.9729509353637695,0.8862825632095337,0.08666837215423584,0.9523372650146484,0.5844623093275036,1147.6614990234375,6,0.375,0.5566052371691003
1422,Oklahoma governor compares striking teachers to a car-obsessed teen. Because fair wages are so teenage.,oklahoma governor compares striking teachers to a car-obsessed teen,sarcasm,0,0.9475796222686768,0.9146891832351685,0.0328904390335083,0.9032033085823059,0.372730318315106,459.7213134765625,8,0.5333333333333333,0.33665125671113977
1423,Why is the self-defense narrative so powerful for gun owners? Could it be the lobbying?,why the self-defense narrative is so powerful for gun owners,rhetorical_question,0,0.7659302949905396,0.9733563661575317,-0.2074260711669922,0.9037954807281494,0.23825412935547594,50.45655822753906,9,0.6,0.21533300537629907
1424,"Finally, a museum for HBCUs—took us long enough.",a museum for hbcus,satire,0,0.9232102036476135,0.7421880960464478,0.18102210760116577,0.8527535200119019,0.14628187563941414,10043.3056640625,5,0.625,0.12474238436545368
1425,"Half of abortion clinics in Ohio closed—progress, they call it.",half of abortion clinics in ohio are closed,irony,0,0.9158893823623657,0.8516781330108643,0.06421124935150146,0.94460529088974,0.26924761780320416,161.32235717773438,6,0.6,0.2543327243363652
1426,puppy love leads to human baby,A puppy's love leads to a human baby.,irony,1,0.6332067847251892,0.6929481029510498,-0.059741318225860596,0.9530313014984131,0.1477219991186121,250.17735290527344,4,0.5,0.14078368907995834
1427,"The police chief is sick of inaction on gun control? Join the club, chief.",the police chief is sick of inaction on gun control,sarcasm,0,0.8582251667976379,0.672409176826477,0.1858159899711609,0.9115657806396484,0.5245537838821976,102.51241302490234,6,0.42857142857142855,0.47816527949205695
1428,"How the middle class shaped folk art: by buying cheap decor, I guess.",how the middle class shaped folk art,understatement,0,0.9211318492889404,0.9210646152496338,6.723403930664062e-05,0.8612501621246338,0.260899397956404,927.1599731445312,8,0.6153846153846154,0.22469964878817228
1429,6 things you need to know about the nation's strictest medical weed law: Like how to get arrested for having a prescription.,6 things you need to know about the nation's strictest medical weed law,sarcasm,0,0.6541813015937805,0.7012572884559631,-0.04707598686218262,0.9189572334289551,0.45646699241247124,51.74838638305664,10,0.45454545454545453,0.4194736444990004
1430,"Barksdale, inspiration for 'The Wire,' dies in prison? Just another day in the life of a fictional character's real counterpart.","barksdale, inspiration for 'the wire,' dies in prison",understatement,1,0.8260698318481445,0.5773174166679382,0.2487524151802063,0.9145774841308594,0.018535463625516918,695.8294067382812,16,0.8,0.016952117689824322
1431,new study finds human beings were never meant to wake up from sleep,A study finds that humans were never meant to wake up from sleep.,overstatement,0,0.6981534361839294,0.6826410293579102,0.015512406826019287,0.8596575260162354,0.5205510363053438,62.623985290527344,4,0.3076923076923077,0.44749561603543936
1432,sotomayor to add ballistics expertise to already deadly supreme court,Sotomayor plans to add ballistics expertise to the supreme court.,sarcasm,0,0.7405911684036255,0.8704303503036499,-0.12983918190002441,0.9137600064277649,0.4111336169005197,67.86262512207031,5,0.5,0.3756774564216891
1433,First month with baby: you've already mastered it all.,first month with baby,understatement,1,0.798402726650238,0.5717903971672058,0.22661232948303223,0.8037201762199402,0.04867843262263999,1890.24853515625,7,0.7777777777777778,0.0391238384455787
1434,Just add 'ultra-rare' to the grant application; they'll notice.,add 'ultra-rare' to the grant application,sarcasm,1,0.5344095230102539,0.7011608481407166,-0.16675132513046265,0.9215760231018066,0.4608636396914616,77.21166229248047,4,0.4444444444444444,0.4247208802590811
1435,Gay ex-NFL player wins on The Voice – because singing is just like football.,gay ex-nll player wins on the voice,overstatement,0,0.9753592014312744,0.744629979133606,0.23072922229766846,0.7129456400871277,0.06014139661862437,1569.0712890625,11,0.7857142857142857,0.042877546507998965
1436,"'i promise to work tirelessly to achieve my campaign's goals,' threatens trump in terrifying address",Trump threatens to pledge to work tirelessly to achieve his campaign's goals.,irony,0,0.8825079798698425,0.9488579034805298,-0.06634992361068726,0.8105639219284058,0.268565108847214,39.37028503417969,11,0.7333333333333333,0.217689187920327
1437,ammonia-factory leak exposes texas town to mexican working conditions,An ammonia-factory leak exposes a Texas town to Mexican working conditions.,sarcasm,0,0.8798221349716187,0.8946718573570251,-0.014849722385406494,0.9715608954429626,0.12278260149096115,435.2620544433594,5,0.45454545454545453,0.11929077424937466
1438,"Climate Change Haunts Pumpkins, Because Nothing Says Global Warming Like Squash",climate change haunts pumpkins,irony,0,0.861091136932373,0.6682402491569519,0.19285088777542114,0.893807053565979,0.0,1968.6832275390625,11,1.0,0.0
1439,condoleezza rice drives halfway to airport before realizing she forgot interpreter,Condoleezza Rice drove to the airport before realizing she forgot the interpreter.,irony,0,0.6604577302932739,0.7473821043968201,-0.08692437410354614,0.9479242563247681,0.33180774028439425,93.02656555175781,7,0.5833333333333334,0.3145286054518862
1440,'Kimmy Schmidt' Star Tituss Burgess Follows Up 'Peeno Noir' with Ode to Multicultural Penis: The Highbrow Cultural Commentary We Deserve,'immy schumer' star tuss burgess follows up 'peeno noir' with ode to multicultural penis,satire,0,0.7110963463783264,0.6021237373352051,0.10897260904312134,0.7583911418914795,0.011065472484329979,782.2017822265625,18,0.9,0.00839195631295976
1441,"Biden slams Trump: 'he would have loved Stalin,' because comparisons are helpful",biden slams donald trump: 'he would have loved stalin',sarcasm,0,0.945522665977478,0.7481808066368103,0.19734185934066772,0.9257938861846924,0.22613617379612147,480.6335144042969,8,0.6666666666666666,0.2093554871456483
1442,stephen miller furious at propublica for only releasing 7-minute recording of immigrant children sobbing,Stephen Miller is angry at ProPublica for releasing a 7-minute recording of immigrant children sobbing.,sarcasm,0,0.9250315427780151,0.9450154304504395,-0.019983887672424316,0.9221397042274475,0.27668736912821895,71.28544616699219,8,0.5333333333333333,0.2551444087313664
1443,jews' covenant up for renewal with god,Jews' covenant is up for renewal with God.,irony,1,0.8042768239974976,0.8189011216163635,-0.014624297618865967,0.9567949175834656,0.3655552228545123,79.25996398925781,3,0.375,0.3497613793232885
1444,Brazil's impeachment is hypocritical? I'm appalled.,brazil's impeachment is hypocritical,sarcasm,0,0.7046170234680176,0.8541468977928162,-0.14952987432479858,0.9653005599975586,0.10305224267080783,4223.796875,4,0.6666666666666666,0.0994763875591351
1445,Trump unveils tax plan to lower taxes for millions: if you define 'millions' as 'billionaires'.,donald trump unveils tax plan to lower taxes for millions,sarcasm,0,0.5697705149650574,0.9518252015113831,-0.3820546865463257,0.8684560656547546,0.38753858253732953,90.9787826538086,9,0.6,0.33656023267978963
1446,Exploring the complex psyche of mass murderers. What could possibly be wrong with them?,examining the complex psyche of mass murderers,sarcasm,0,0.9082214832305908,0.8399268388748169,0.06829464435577393,0.9047608375549316,0.22616792214653433,108.43743896484375,9,0.6428571428571429,0.20462787866935697
1447,woman launches into 4-minute self-deprecating preamble before speaking mind,A woman begins a four-minute self-deprecating preamble before speaking to her mind.,understatement,0,0.8338006138801575,0.8439503908157349,-0.010149776935577393,0.9326580166816711,0.22416933501922293,45.408348083496094,7,0.5833333333333334,0.20907332739987755
1448,"pfizer researchers discover new stimulating, medicating, captivating cure for what ails you",Pfizer researchers discover a new cure for what ails you.,overstatement,0,0.8170897960662842,0.8992481827735901,-0.08215838670730591,0.8780738115310669,0.2658156069371863,96.64942169189453,6,0.5,0.2334057231477791
1449,nissin introduces extra-large drum noodles,Nissin introduces extra-large drum noodles.,satire,0,0.8926578164100647,0.8868631720542908,0.005794644355773926,0.9896544218063354,0.26591479484724945,494.2269592285156,2,0.4,0.26316375254430496
1450,all-beef patty 70 percent beef,All-beef patty is 70 percent beef.,understatement,1,0.8721714019775391,0.5864221453666687,0.28574925661087036,0.9425249695777893,0.09554427922043669,51.73365783691406,3,0.5,0.0900528688655739
1451,"Luther Strange, unfazed by heat, suddenly champions filibuster reform.","luther strange, unfazed by heat, champions filibuster reform",irony,0,0.8986716866493225,0.8347854018211365,0.06388628482818604,0.961805522441864,0.1525487608028145,3103.5009765625,4,0.4444444444444444,0.14672224058180994
1452,"Erdogan's tyranny: so oppressive, it inspires dystopian novels.",iraq's tyranny,overstatement,0,0.8963518142700195,0.726902186870575,0.16944962739944458,0.4974950850009918,0.0,2198.29638671875,8,1.0,0.0
1453,'P is for p*ssy' is the alphabet book of your wet dreams – if your dreams are that basic,'p is for p*ssy' is the alphabet book of your wet dreams,sarcasm,1,0.7877364754676819,0.6464169025421143,0.14131957292556763,0.951674222946167,0.5042416758025263,289.83050537109375,8,0.42105263157894735,0.4798738049964423
1454,"Forum targets homelessness—because speeches end poverty, obviously.",forum targets homelessness,satire,0,0.9448310732841492,0.8752877116203308,0.06954336166381836,0.8413457870483398,0.029950417327249696,446392.15625,6,0.8571428571428571,0.025198657438621132
1455,republicans praise nixon administration for allowing qaddafi to rule libya so he could one day be overthrown,Republicans praise the Obama administration for allowing Qaddafi to rule Libya so he could be overthrown.,satire,0,0.9268004298210144,0.9241315126419067,0.002668917179107666,0.8891366124153137,0.11555425380953478,22.845674514770508,8,0.47058823529411764,0.10274351778238912
1456,national dialogue dusted off,The national dialogue has been dusted off.,understatement,0,0.8699971437454224,0.8484317660331726,0.021565377712249756,0.9296822547912598,0.07730551756939454,52.664031982421875,4,0.5714285714285714,0.07186956788172005
1457,report: north dakota leads nation in parking availability,A report indicates that North Dakota is leading the nation in parking availability.,irony,0,0.8214978575706482,0.8950039744377136,-0.07350611686706543,0.94243323802948,0.0768968397262906,63.663970947265625,10,0.7692307692307693,0.072470137657482
1458,Mashed potato recipes you want and need: for when life's too short for other foods.,mashed potato recipes you want and need,overstatement,1,0.8782204389572144,0.9202468991279602,-0.04202646017074585,0.8404269814491272,0.19605997334125028,639.9658813476562,10,0.6666666666666666,0.16477409157818332
1459,"natalee holloway, osama bin laden celebrate 5-year wedding anniversary",Sarah Holloway and Obama bin Laden celebrated their five-year wedding anniversary.,irony,0,0.5068615674972534,0.9487526416778564,-0.441891074180603,0.8893656730651855,0.022416933501922302,83.17236328125,9,0.8181818181818182,0.019936851151994634
1460,"The other Rev. King from Mississippi has some thoughts, probably just as inspiring as the first.",the other rev. king from mississippi has some thoughts,satire,1,0.9119036197662354,0.9322046637535095,-0.02030104398727417,0.8704158067703247,0.029296278622657032,552.6466064453125,12,0.75,0.02549994399270824
1461,area man would have done things differently if he were killer in movie,A local man would have done different things if he were a killer in a movie.,sarcasm,1,0.8078661561012268,0.650865375995636,0.15700078010559082,0.8924547433853149,0.25336549464486463,48.671199798583984,7,0.4375,0.22611723750597604
1462,man receives first baboon-face transplant,A man received his first baboon-face transplant.,overstatement,0,0.8164917230606079,0.8727597594261169,-0.05626803636550903,0.9618279933929443,0.07730551756939454,229.9177703857422,4,0.5714285714285714,0.07435461084197376
1463,Will Greater Israel transform into Greater Palestine? Let's consult the crystal ball of geopolitical tensions.,will greater israel transform into greater palestinian?,rhetorical_question,1,0.8572715520858765,0.9264683127403259,-0.06919676065444946,0.88835209608078,0.022276713869943024,973.5117797851562,13,0.8666666666666667,0.01978956546015567
1464,news of uncle's death deleted by spam filter,The news of an uncle's death was deleted by a spam filter.,irony,0,0.6442461609840393,0.745215117931366,-0.10096895694732666,0.9580793380737305,0.06484115071397648,87.54209899902344,5,0.4166666666666667,0.062122966755985574
1465,Wyclef still down for Fugees reunion—we'll see when it happens.,wyclef still down for 'fugees' reunion,irony,0,0.9564282298088074,0.532579243183136,0.4238489866256714,0.948015570640564,0.10373672493717558,500.2955322265625,7,0.7,0.09834403048769973
1466,Obama on reparations: he'll get right on that after fixing everything else.,obama on reparations,sarcasm,0,0.8917357325553894,0.8401634097099304,0.051572322845458984,0.8513663411140442,0.005656903127920845,1995.385986328125,11,0.9166666666666666,0.004816096918054562
1467,"Sylvester Stallone spent $400k on a statue of himself—modest, really.",sylvester stallone spent $400k on a statue of himself,understatement,0,0.7497376799583435,0.7479247450828552,0.0018129348754882812,0.9576073884963989,0.525624059490303,212.57601928710938,4,0.4,0.5033414829393849
1468,"Pollsters polled on bizarre polls, what could go wrong?",pollsters polled on bizarre polls,rhetorical_question,0,0.8725598454475403,0.8056815266609192,0.0668783187866211,0.9065349102020264,0.11948321931215808,1973.95849609375,6,0.6666666666666666,0.10831570948979624
1469,It takes 20 celebrities to explain why 62 million girls are dumb – clearly insufficient.,it takes 20 celebrities to explain why 62 million girls are dumb,overstatement,0,0.8576725721359253,0.9612975120544434,-0.10362493991851807,0.9671410322189331,0.7037259479962376,535.8330078125,4,0.26666666666666666,0.6806022397443284
1470,"What to buy your 'basic' friend this holiday season, according to Pinterest's deep wisdom.",what to buy your 'basic' friend this holiday season,overstatement,1,0.8476521968841553,0.8472713232040405,0.0003808736801147461,0.9318139553070068,0.41653323821535565,154.8056640625,7,0.5,0.38813148421828625
1471,Mitch McConnell marvels at the judicial crisis he single-handedly engineered. What a visionary!,mitch mcconnell marvels at the judicial crisis he single-handedly created,sarcasm,0,0.9615980982780457,0.9613772630691528,0.00022083520889282227,0.8697431087493896,0.4733406936045769,125.4794921875,6,0.46153846153846156,0.41168480635323706
1472,Romney goes after Obama with PowerPoint? The pinnacle of political critique.,mitt romney goes after obama with 'premium',sarcasm,0,0.958672285079956,0.8435143232345581,0.11515796184539795,0.5739549398422241,0.04365582670262632,409.3600158691406,9,0.8181818181818182,0.025056477388868452
1473,nasa says presence of diving board on mars confirms planet may have once contained water,NASA says the presence of a diving board on Mars confirms that the planet may have once contained water.,satire,0,0.7714377045631409,0.7674456834793091,0.003992021083831787,0.96337890625,0.2915369229944523,33.0755729675293,7,0.3684210526315789,0.2808605220058859
1474,jimmy fallon six tantalizing months from disappearing forever,Jim Fallon is six months away from disappearing forever.,satire,1,0.8175957798957825,0.6019678711891174,0.21562790870666504,0.7057747840881348,0.06030725360407769,153.1508026123047,6,0.6666666666666666,0.04256333889136632
1475,twitch streamer sets new record for longest stream lying dead on camera,A twitch streamer sets a new record for the longest stream lying dead on camera.,overstatement,0,0.8368441462516785,0.8984902501106262,-0.061646103858947754,0.9487295150756836,0.40484119186599643,134.1248779296875,4,0.26666666666666666,0.3840847876416886
1476,Ramadan Day 7: Prayers for Burma's camps—because thoughts and prayers always fix genocide,ramadan day 7: prayers for birma's camps,irony,1,0.9064696431159973,0.6414464116096497,0.26502323150634766,0.6051140427589417,0.018448373350246097,1102.6837158203125,11,0.8461538461538461,0.011163369780293735
1477,"Nonsense that makes perfect sense: a story of friendship, cookies, and cake",nonsense that makes perfect sense,satire,0,0.884186327457428,0.9718219637870789,-0.08763563632965088,0.3509197235107422,0.06557378107648686,276.5860290527344,9,0.75,0.023011133124914707
1478,self-conscious puppet has no idea what to do with hands,A self-conscious puppet has no idea what to do with their hands.,irony,0,0.6627107262611389,0.6511802673339844,0.011530458927154541,0.8938069343566895,0.7102992180127422,34.65311813354492,3,0.25,0.634870366527923
1479,Can you name all the colors in nature? (Spoiler: it's not just green and brown.),can you name all the colors in nature?,rhetorical_question,1,0.9563793540000916,0.9523199200630188,0.004059433937072754,0.8524420857429504,0.3505377780030811,93.96658325195312,8,0.5333333333333333,0.2988131546126458
1480,This man's tweets cryptically pay homage to a Smash Mouth classic. Because nothing says deep thought like 'All Star' lyrics.,this man's tweets cryptically pay homage to a smash mouth classic,overstatement,0,0.6862956285476685,0.7723761200904846,-0.08608049154281616,0.7374486923217773,0.251800551681133,618.4601440429688,13,0.65,0.18568998756315366
1481,esports star suspected of using peds,An esports star is suspected of using peds.,irony,0,0.792095959186554,0.8634217977523804,-0.07132583856582642,0.9737834930419922,0.17286039232097053,496.33782958984375,3,0.375,0.16832859664292385
1482,Chris Christie abandons Trump's campaign – loyalty at its finest.,chris christie abandons donald trump's campaign,sarcasm,0,0.9088555574417114,0.830877959728241,0.07797759771347046,0.8721519112586975,0.024925978674400287,325.77337646484375,9,0.9,0.021739239940871746
1483,investigation exposes ebay user for selling fake pulitzer medals,An investigation exposes an eBay user for selling fake Pulitzer medals.,satire,0,0.8968251347541809,0.9297109246253967,-0.03288578987121582,0.9781093597412109,0.2790159393585827,752.83642578125,5,0.45454545454545453,0.27290810180361585
1484,"study finds placing one foot forward, then the other, remains best method of walking","A study finds that placing one foot forward, then the other, remains the best method of walking.",satire,0,0.7718695402145386,0.697933554649353,0.07393598556518555,0.9495066404342651,0.5312583871630396,40.240936279296875,4,0.23529411764705882,0.5044333663977039
1485,Turning tragedy into profit: the Hollywood way.,turning tragedy into profit,satire,0,0.9529715180397034,0.884036660194397,0.0689348578453064,0.8565232157707214,0.08025716728928957,2919.323974609375,5,0.7142857142857143,0.06874212701527106
1486,"report: kanye west, bill gates, tom hanks all currently reading, enjoying this article","A report indicates that Kanye West, Bill Gates and Tom Hanks are reading this article.",satire,0,0.6761673092842102,0.6939104795455933,-0.017743170261383057,0.886268138885498,0.013217947626377298,73.3014907836914,14,0.9333333333333333,0.011714645842715395
1487,Bolt casually adds another gold.,joe bolt adds another gold,understatement,1,0.5380985736846924,0.5713725090026855,-0.033273935317993164,0.8282679915428162,0.11362193664674995,6806.77734375,3,0.6,0.09410941326160868
1488,How do you know when a beauty product is 'the one'? When the marketing budget is high enough.,how do you know when a beauty product is 'the one'?,irony,1,0.8033266663551331,0.925848126411438,-0.12252146005630493,0.8683339953422546,0.4726690031860885,55.48072052001953,8,0.4444444444444444,0.41043456401101713
1489,A heartwarming tale of how minor fines lead to desperation. Our justice system works!,a heartwarming tale of how minor fines lead to desperation,irony,0,0.9293272495269775,0.753674328327179,0.17565292119979858,0.8654468655586243,0.5093330917854971,520.1327514648438,6,0.42857142857142855,0.44080072781104157
1490,biden unleashes torrent of vomit on debate stage,Joe Biden has vomit on the debate stage.,overstatement,0,0.6641455292701721,0.5462061762809753,0.11793935298919678,0.8317365646362305,0.06500593260343691,262.75006103515625,6,0.75,0.05406781106455695
1491,third-grade slumber party a snakepit of machiavellian alliances,A third-grade slumber party is characterized by a group of machiavellian alliances.,overstatement,0,0.852236807346344,0.928105354309082,-0.07586854696273804,0.8565363883972168,0.11094660471566163,99.81197357177734,6,0.5,0.09502980410808644
1492,liberal feels like idiot for placing entirety of hopes on mueller probe instead of new york prosecutors' investigation,A liberal feels like an idiot for putting the entire hopes on the Mueller probe instead of the New York prosecutors' investigation.,sarcasm,0,0.7280981540679932,0.8366832733154297,-0.10858511924743652,0.9585941433906555,0.0931187397640303,102.14387512207031,11,0.5,0.089263078577718
1493,horrible pack of theme-restaurant waitresses alerted of patron's birthday,A group of theme-restaurant waitresses was alerted about a patron's birthday.,sarcasm,0,0.9582248330116272,0.9018242955207825,0.05640053749084473,0.8645453453063965,0.10600313379512592,108.01195526123047,6,0.5454545454545454,0.0916445159104673
1494,"weird kid opts to sit perfectly still, let universe decide his fate after teacher instructs class to pair up",A strange kid opts to sit perfectly still and let the universe decide his fate after a teacher instructs his class to pair up.,sarcasm,0,0.6787298321723938,0.8061359524726868,-0.12740612030029297,0.9191439747810364,0.3728399245941657,77.50724029541016,8,0.3333333333333333,0.34269357024854336
1495,"Disaster movies are tame compared to what happened 3.3 billion years ago – which was literally the end of the world, probably",disaster movies are tame compared to what happened 3.3 billion years ago,overstatement,0,0.7477520108222961,0.8571110963821411,-0.10935908555984497,0.9404245018959045,0.392703811972245,74.92251586914062,11,0.5,0.3693082867666215
1496,justin timberlake already beneath u.s. bank stadium waiting for super bowl halftime show to start,Justin Timberlake is already beneath the U.S. bank stadium waiting for the Super Bowl halftime show to start.,satire,0,0.6981333494186401,0.7205075025558472,-0.02237415313720703,0.9784566760063171,0.21671830063791614,59.22276306152344,9,0.5,0.21204946807191313
1497,White House threatens Iran but then reassures the nuke deal is okay—clear and consistent policy.,"the white house threatens iran, but then reassures the nuke deal is okay",sarcasm,0,0.972091794013977,0.960424542427063,0.011667251586914062,0.933280348777771,0.4169883788690667,281.3362731933594,8,0.5333333333333333,0.3891670596671999
1498,ozzy wins tickets to ozzfest,Ozzy wins tickets to the ozzfest event.,irony,0,0.6350446939468384,0.6593984961509705,-0.02435380220413208,0.9720094203948975,0.17567205239427922,305.0267333984375,3,0.42857142857142855,0.1707548898273454
1499,fda recalls food,The FDA recalls food items.,understatement,0,0.72500079870224,0.921587347984314,-0.19658654928207397,0.9476221799850464,0.11362193664674995,980.8117065429688,3,0.6,0.10767066729931601
1500,"China's video explains rejection: 'We reject because we can, and you can't stop us.'","china's video explains the rejection of 'we reject because we can, and you can't stop us'",irony,0,0.7037931084632874,0.5648803114891052,0.13891279697418213,0.9640312790870667,0.48415247130346006,88.18437194824219,6,0.375,0.4667381261838389
1501,Franco opens up about the 'uncomfortable' scene that was totally fine.,franco opens up about the 'uncomfortable' scene that was totally fine,sarcasm,0,0.9012181758880615,0.8719774484634399,0.029240727424621582,0.9927718639373779,0.7860753021519787,105.51725769042969,2,0.18181818181818182,0.7803934429125575
1502,doctors discover purpose of appendix is to contain human soul,Doctors discover that the appendix is intended to contain a human soul.,satire,0,0.8397676944732666,0.8155726790428162,0.02419501543045044,0.9556840658187866,0.05637560315259291,95.28099822998047,6,0.5,0.05387726563385639
1503,man just wants one trip to laundromat where he doesn't meet perfect woman,A man wants a trip to a laundromat where he does not meet a perfect woman.,sarcasm,0,0.8517982363700867,0.8477920293807983,0.00400620698928833,0.944779634475708,0.08866868824683484,51.02230453491211,8,0.5,0.08377237087128513
1504,Dems applaud GOP chair's heroic effort to shield Russia probe from public scrutiny.,dems applaud gop chair's efforts to shield russia probe from public scrutiny,sarcasm,0,0.9593701362609863,0.9500248432159424,0.009345293045043945,0.952541708946228,0.10608634983804321,425.8692932128906,6,0.46153846153846156,0.10105167297059708
1505,enterprising child saves $54 to buy barrel of oil,An enterprising child saves $54 to buy a barrel of oil.,irony,0,0.8712053298950195,0.9069461822509766,-0.03574085235595703,0.9799683690071106,0.5193071778680676,147.7113037109375,3,0.2727272727272727,0.5089046081090557
1506,woman bids farewell to former self before beginning new skin care regimen,A woman bids farewell to her former self before starting a new skin care regimen.,satire,0,0.7606886029243469,0.851142942905426,-0.0904543399810791,0.973617672920227,0.3040559696901293,62.589298248291016,5,0.3333333333333333,0.2960342656472068
1507,guy at bank has weird hair for guy who works at bank,A man at a bank has unusual hair for a man who works at a bank.,irony,0,0.8470836281776428,0.8434471487998962,0.003636479377746582,0.8477074503898621,0.0925159978069645,54.892112731933594,8,0.5,0.07842650062121595
1508,Religious freedom clauses block marriage equality: protecting bigotry since day one.,religious freedom clauses block marriage equality,sarcasm,0,0.9543371200561523,0.9427886605262756,0.011548459529876709,0.8965215682983398,0.22083358203177395,2356.074951171875,7,0.6363636363636364,0.19798206929606607
1509,authoritarian secretary of transportation declares she has ultimate right of way in every traffic scenario,The authoritarian Secretary of Transportation declares that she has the ultimate right of way in every traffic scenario.,satire,0,0.9451135993003845,0.9609318971633911,-0.015818297863006592,0.9569013118743896,0.38890556115271097,158.68222045898438,6,0.3333333333333333,0.3721442416622748
1510,"scientists discover 6,000-year-old stain","Scientists discover a 6,000-year-old stain.",irony,0,0.5095491409301758,0.6799283623695374,-0.17037922143936157,0.9888505935668945,0.06389431042462725,30.21579360961914,3,0.6,0.06318192678894007
1511,frustration with husband taken out on soap scum,The husband was taken out on soap scum.,irony,1,0.5384626388549805,0.6979557871818542,-0.15949314832687378,0.8416518568992615,0.3655552228545123,334.2923889160156,4,0.5,0.3076702321147236
1512,encouraging report shows 45% of onion social users survive beta testing,An encouraging report shows that 45% of onion social users survive beta testing.,satire,0,0.9287626147270203,0.9607978463172913,-0.032035231590270996,0.9613247513771057,0.5783569866465142,483.11212158203125,3,0.23076923076923078,0.5559888863951724
1513,woman mad boyfriend not jealous she danced with other guy,A woman's mad boyfriend is not jealous that she danced with another man.,irony,0,0.7942401766777039,0.8702378273010254,-0.07599765062332153,0.9356478452682495,0.11302127100918531,146.7613983154297,6,0.46153846153846156,0.10574810868922312
1514,angela merkel admits she only attending stupid work conference for free trip to argentina,Angela Merkel admits she only attended a stupid work conference for a free trip to Argentina.,satire,0,0.8733915686607361,0.9305416941642761,-0.05715012550354004,0.9306257963180542,0.2829559628326351,151.1587371826172,6,0.375,0.26332611823406277
1515,oscar meyer introduces new wiener mobility scooter,Oscar Meyer introduces a new scooter designed for mobility scooters.,satire,0,0.7121904492378235,0.9437410235404968,-0.23155057430267334,0.8797320127487183,0.02984745896009824,164.78128051757812,7,0.7,0.02625776514640199
1516,ladykiller gets life sentence,A ladykiller received a life sentence.,irony,0,0.8300153017044067,0.765380859375,0.06463444232940674,0.9254930019378662,0.048549177170732344,195.50979614257812,4,0.6666666666666666,0.0449319237213544
1517,Armed citizens guard military bases—because the military is clearly understaffed and needs vigilantes.,armed citizens guard military bases,irony,0,0.9094341397285461,0.9564042091369629,-0.04697006940841675,0.7375451326370239,0.053687271162922795,1781.690185546875,10,0.7692307692307693,0.039596785530777764
1518,"Airplane's terrifying landing may put you off flying for good—that landing was so smooth, you'd think it was a pillow.",airplane's terrifying landing may put you off flying for good,understatement,0,0.6284603476524353,0.593353807926178,0.035106539726257324,0.7145587205886841,0.27952792741962756,289.8459777832031,12,0.6,0.1997391181857756
1519,Slushing in Utah: The exciting end-of-season activity that's basically dirty slush.,slushing in utah,understatement,0,0.9609639644622803,0.7215282917022705,0.23943567276000977,0.8447972536087036,0.007894844292834697,3898.94091796875,10,0.9090909090909091,0.0066695427762551
1520,West Virginia teachers' strike threatens to collapse the entire state economy.,west virginia teachers strike threatens to collapse state economy,overstatement,0,0.906848132610321,0.8848633170127869,0.02198481559753418,0.9563798904418945,0.25271148634948987,1232.7437744140625,6,0.5454545454545454,0.24168818362833344
1521,dad clarifies this not a food stop,A father clarifies that this is not a food stop.,understatement,0,0.7479279041290283,0.7326475381851196,0.015280365943908691,0.9408643245697021,0.1186840521952098,106.10176086425781,5,0.5,0.11166559060584134
1522,"The Defiant Ones: Dr. Dre and Jimmy Iovine's journey to make music and, oh yeah, pile up cash – how noble.","the 'defiant ones': dr. dree and jimi iovine's journey to make music and, oh yeah, pile up cash",satire,0,0.9273782968521118,0.8677951097488403,0.059583187103271484,0.8783968091011047,0.4437008132249529,350.7894287109375,10,0.47619047619047616,0.3897453785323639
1523,hands-off mom lets kids create own psychological issues,A hands-off mom allows her kids to create their own psychological issues.,sarcasm,0,0.9467115998268127,0.914343535900116,0.03236806392669678,0.9319974184036255,0.05637560315259291,79.29560852050781,6,0.5,0.05254191659916388
1524,grimacing congressman quickly drafts legislation for charley-horse research,A congressman quickly drafts legislation for Charley-Horse research.,satire,0,0.9456612467765808,0.953794002532959,-0.008132755756378174,0.93323814868927,0.5169731539571706,1155.86767578125,3,0.375,0.48245906912104286
1525,"Heartbreaking illustrations of last words, a cheerful topic for all.",heartbreaking illustrations of the last words,sarcasm,1,0.6234467625617981,0.6027774810791016,0.020669281482696533,0.8650808334350586,0.04905406857740215,815.0806884765625,8,0.8,0.04243573452831957
1526,4 angels banished from heaven for attempting to unionize,4 angels were banished from heaven for trying to unionize.,satire,0,0.8921465873718262,0.8492158651351929,0.0429307222366333,0.9579403400421143,0.32466791547509893,158.28871154785156,3,0.3,0.3110124933509807
1527,North Korea missile puts US in range? Another normal day in geopolitics.,north korea missile puts us in range,irony,0,0.982759952545166,0.8605198860168457,0.12224006652832031,0.8433486223220825,0.0378442713638306,533.1995849609375,9,0.75,0.03191591411746958
1528,leaked 'the last jedi' footage reveals chewbacca balding since 'the force awakens',Leaked 'The Last Jedi' footage shows chewbacca balding since 'The Force awakens'.,satire,1,0.5206685662269592,0.5125965476036072,0.00807201862335205,0.9727224707603455,0.09058752341587764,202.91952514648438,8,0.6666666666666666,0.08811651959715315
1529,Trans Houdini sneaks into men's locker room – just another day in magical mischief.,trans houdini sneaks into men's locker room,understatement,0,0.9194790720939636,0.7446516156196594,0.1748274564743042,0.905066192150116,0.22616792214653433,91.82206726074219,9,0.6428571428571429,0.2046969400836677
1530,your neighbors: should you consider talking to them?,Your neighbors should consider talking to them.,rhetorical_question,1,0.9197962284088135,0.5382009148597717,0.38159531354904175,0.8145056962966919,0.15228621982435664,78.79499053955078,4,0.5,0.1240379935144287
1531,dot declares pothole too perfect to fill,Dot declares that a pothole is too perfect for filling.,irony,1,0.5868043899536133,0.7033771276473999,-0.11657273769378662,0.926866888999939,0.05307712171072445,226.80581665039062,6,0.6,0.04919542667709029
1532,report: more women forgoing taking their husbands' names in favor of something badass like diesel,A report indicates that more women are taking their husbands' names in favor of something badass like diesel.,satire,0,0.9682825207710266,0.971939742565155,-0.003657221794128418,0.9506645202636719,0.549995519064483,106.55097198486328,6,0.3333333333333333,0.5228612262786059
1533,macy's concludes thanksgiving day parade with traditional procession of santa's coffin,Macy's concludes a Thanksgiving Day parade with a traditional procession of Santa's coffin.,satire,0,0.9462651014328003,0.9504278302192688,-0.004162728786468506,0.9812374114990234,0.10120193244194395,165.1276092529297,7,0.5384615384615384,0.09930312222803213
1534,"25-year-old moving into comfortable, rent-free arrangement in parents' home worried he's hit rock bottom","A 25-year-old is moving into a comfortable, rent-free arrangement in his parents' home.",sarcasm,0,0.561095654964447,0.5313127040863037,0.02978295087814331,0.8765233755111694,0.22882759955089269,23.342426300048828,10,0.7142857142857143,0.2005727399684666
1535,chuck schumer relieved he's never taken stance meaningful enough to have someone mail him explosive,Chuck Schumer is relieved that he has never taken a stance meaningful enough to have someone mail him explosive.,sarcasm,0,0.6340509057044983,0.8799874782562256,-0.2459365725517273,0.9659612774848938,0.4104424101861004,203.7504425048828,8,0.42105263157894735,0.3964714748773443
1536,"A canoe survives a hurricane; clearly, it's the most important historical artifact Florida has ever seen.",a canoe survives a hurricane; it's the most important historical artifact florida has ever seen,irony,0,0.819889485836029,0.7014670372009277,0.11842244863510132,0.9416429400444031,0.4961577855632883,129.8270721435547,4,0.25,0.4672034759237353
1537,crocodile hunter the same way in bed,A crocodile hunter behaves similarly in bed.,sarcasm,0,0.7975639700889587,0.6133678555488586,0.1841961145401001,0.8175150752067566,0.07730551756939454,635.74755859375,5,0.7142857142857143,0.06319842600964082
1538,Planet crosses carbon milestone – just a minor hiccup in the climate crisis.,planet crosses carbon milestone,understatement,0,0.7791149616241455,0.6581913828849792,0.12092357873916626,0.8395677804946899,0.041910459064397936,140781.21875,10,0.7692307692307693,0.03518667109621013
1539,"The Birth of a Nation is still a thing, a century later—how timeless.",the birth of a nation is still a thing,understatement,0,0.5940243005752563,0.6654210090637207,-0.07139670848846436,0.8731550574302673,0.09568802664841457,52.92737579345703,8,0.6153846153846154,0.08355048440358537
1540,"Defeating ISIS will take years? Say it isn't so, officials.","defending isis will take years, officials say",irony,0,0.866364061832428,0.7490493059158325,0.11731475591659546,0.8693419694900513,0.04550524645870584,582.5982666015625,8,0.8,0.03955962057854152
1541,keanu reeves recalls preparing for 'john wick 3' by acting in two previous 'john wick' films,Keanu Reeves recalls preparing for 'john wick 3' by acting in two previous 'john wick' films.,sarcasm,0,0.5469201803207397,0.536218523979187,0.010701656341552734,0.9785993099212646,0.7916963878457504,112.22392272949219,3,0.1875,0.7747535388130092
1542,Chopra Center trial proves mindfulness cures all: science is so impressed.,chopra center trial proves mindfulness cures all,satire,0,0.9725091457366943,0.946387767791748,0.02612137794494629,0.9232347011566162,0.2321746040303191,5972.95947265625,7,0.6363636363636364,0.21435165116808735
1543,"Trump desperately seeks liberal approval by name-dropping Michael Moore, a masterstroke of political genius",donald trump desperately seeks liberal approval by name-dropping michael moore,overstatement,0,0.9774569869041443,0.9421255588531494,0.03533142805099487,0.9350758194923401,0.34653746835976024,594.6723022460938,9,0.6428571428571429,0.3240388072113037
1544,Heroic officer rescues skunk after ducklings—animal superhero or just quirky?,heroic officer rescues skunk after ducklings,rhetorical_question,1,0.8909344673156738,0.5069536566734314,0.38398081064224243,0.9265812039375305,0.2608840516436559,542.86474609375,6,0.6,0.24173025866007958
1545,chili's introduces savory new 200-times-baked potatoes,Chili's introduces savory new potatoes that are 200 times-baked.,overstatement,0,0.7710208296775818,0.8426785469055176,-0.07165771722793579,0.9716393947601318,0.12753431387594827,397.1321716308594,6,0.6666666666666666,0.12391736354557506
1546,'new york times' announces new columnist will contribute nothing to society 3 times a week,New York Times announces that a columnist will contribute nothing to society three times a week.,sarcasm,0,0.9474470615386963,0.9569731950759888,-0.00952613353729248,0.9138254523277283,0.3489981252688509,135.05545043945312,7,0.4375,0.31892336968533685
1547,"Documentary advocates for supervised heroin sites, adding 'safe injection' to the American dream.",documentary advocates for supervised heroin sites,sarcasm,0,0.9819731712341309,0.971625804901123,0.010347366333007812,0.8221681118011475,0.1582341759519314,5007.1513671875,9,0.6923076923076923,0.13009509366480998
1548,"Priest preaches religion of acceptance, because that's what religion is known for",priest preaches religion of acceptance,satire,0,0.9452170133590698,0.9407653212547302,0.0044516921043396,0.928744375705719,0.06557378107648686,1672.7744140625,9,0.75,0.06090128036854527
1549,"Bergdahl finally faces court martial—about time, really.",joebergdahl finally faces court martial,understatement,0,0.6278685331344604,0.7898617386817932,-0.16199320554733276,0.6759738326072693,0.17824801752356584,1629.20947265625,4,0.5714285714285714,0.1204909955600525
1550,Kim K shares baptism photos—because nothing says sacred like a social media post.,kim kardashian shares photos of his baptism,satire,0,0.8979780077934265,0.8566144704818726,0.041363537311553955,0.791682243347168,0.01666998712262484,745.3532104492188,12,0.9230769230769231,0.013197332801808036
1551,report: takeout place put burrito in completely different container this time,A report indicates that a takeout place placed Burrito in a different container.,understatement,1,0.5047400593757629,0.7293550372123718,-0.2246149778366089,0.8988736271858215,0.039073802494525016,242.4155731201172,11,0.8461538461538461,0.035122410576196104
1552,grandma in nursing home starts adorable little sexual relationship,Grandma in a nursing home is beginning a sexual relationship.,irony,0,0.8747463226318359,0.8287768363952637,0.045969486236572266,0.9089207649230957,0.05307712171072445,95.77157592773438,6,0.6,0.04824289806522792
1553,"Revealed: Gilmore Girls characters' fates, this changes everything we thought we knew about TV lore.",revealed: 'gilmore girls' characters' fates,overstatement,0,0.7846299409866333,0.6048589944839478,0.17977094650268555,0.8536186814308167,0.007271361304044331,779.9146118164062,14,0.9333333333333333,0.006206969848565385
1554,Artists are drawing faces to spread love – because art solves everything.,artists are drawing faces to spread love,satire,0,0.9771879315376282,0.9471499919891357,0.03003793954849243,0.8789735436439514,0.3960914423407551,385.8319396972656,6,0.5,0.34815389868129737
1555,man can't wait to find out if millennium falcon gets out of that tunnel,A man is eager to see if a millennium falcon is out of the tunnel.,irony,0,0.5467864274978638,0.7692810893058777,-0.22249466180801392,0.8406108617782593,0.045466972369917126,200.9406280517578,9,0.6,0.03822003082632434
1556,"Beyonce shows love for Cha Cha and Lone Star, proving she's just like us.",beyonce shows love for cha cha and lone star,satire,0,0.7974837422370911,0.5562620759010315,0.24122166633605957,0.9118425250053406,0.07317324884772676,1462.3685302734375,10,0.7142857142857143,0.0667224799921553
1557,Rebrand Columbus Day? Because 'genocide appreciation day' was too on the nose.,rebrand colombia day: 'genocide appreciation day',irony,0,0.713556706905365,0.8759841322898865,-0.16242742538452148,0.7018164396286011,0.0743306114738671,594.7276000976562,9,0.75,0.05216644510000625
1558,"How to locate lost life insurance policies: step one, stop losing things.",how to locate lost life insurance policies,understatement,1,0.7099921107292175,0.8186155557632446,-0.1086234450340271,0.950291633605957,0.30096441267171586,316.37762451171875,7,0.5833333333333334,0.2860039633750623
1559,Video relaunches investigation—because nothing says justice like a viral clip.,video relaunches investigation,sarcasm,0,0.9656103849411011,0.886452317237854,0.07915806770324707,0.7583121657371521,0.011018142789200103,3312.177001953125,9,0.9,0.008355191720879515
1560,crude but functional starbucks hewn from rock facing,Starbucks are hewn from a rock facing perspective.,satire,1,0.6388240456581116,0.7263779044151306,-0.08755385875701904,0.8233593106269836,0.08307018474412793,593.8468627929688,6,0.75,0.06839661004458135
1561,"Scottish leader demands new referendum, threatening to hold votes every week until independence is achieved.",scottish leader demands new referendum,overstatement,0,0.7763468623161316,0.804589569568634,-0.02824270725250244,0.8710500001907349,0.03598765407745826,1792.2646484375,12,0.8,0.03134704609103412
1562,"Trump to meet with Vogue, Vanity Fair: connecting with the common folk.","donald trump to meet with vogue, vanity fair",satire,0,0.9040057063102722,0.8654746413230896,0.03853106498718262,0.9051969647407532,0.08338026118731375,1410.1595458984375,10,0.8333333333333334,0.07547555934604763
1563,Will a mega-billionaire fix GOP's insurance mess? Only in fairy tales.,will a mega-billionaire fix gop's insurance mess?,rhetorical_question,1,0.5931143164634705,0.8089074492454529,-0.21579313278198242,0.9361249804496765,0.11608730201515954,198.51988220214844,6,0.5454545454545454,0.10867222332939692
1564,"Ebola in semen? Just a minor inconvenience, really.",ebola in semen,understatement,1,0.6238102316856384,0.5558132529258728,0.06799697875976562,0.8788585662841797,0.021460411779726157,6303.27783203125,7,0.875,0.018860666728598253
1565,Watch live: Lili Taylor talks ABC's 'American Crime' – who needs reality when you have scripted drama?,watch live: lily taylor talks cba's 'american crime',rhetorical_question,0,0.6638915538787842,0.7434621453285217,-0.07957059144973755,0.7474325299263,0.010723804459332433,249.737060546875,15,0.8823529411764706,0.00801532029747378
1566,pork chop trapped in airtight container,A pork chop is trapped in an airtight container.,satire,1,0.6116616725921631,0.7169730067253113,-0.1053113341331482,0.9399311542510986,0.07583235673413397,44.7632942199707,4,0.4444444444444444,0.07127719459469561
1567,polar bear cub just knows he's going to be last of species,A polar bear cub knows that he will be the last of the species.,irony,1,0.5978310108184814,0.610299289226532,-0.012468278408050537,0.956413209438324,0.09669265690880861,36.93144607543945,8,0.5714285714285714,0.09247813432327237
1568,"Michael Slager's fate hangs in limbo after being caught on camera, justice moves fast.",michael slager's fate hangs in limbo after being caught on camera,irony,1,0.5863265991210938,0.6640194058418274,-0.07769280672073364,0.871376633644104,0.5166567115811346,116.43917846679688,6,0.42857142857142855,0.4502025860872018
1569,"depraved candidate struggling to support $100,000-a-day advertising habit","A depraved candidate is struggling to support a $100,000-a-day advertising habit.",overstatement,0,0.9406337141990662,0.9358565211296082,0.004777193069458008,0.9507480263710022,0.13712233890675465,77.52017974853516,4,0.36363636363636365,0.13036879308697266
1570,A 4-year-old girl killed in a road rage incident. Just a typical Tuesday on our roads.,4-year-old girl killed in road rage incident,understatement,1,0.8232609629631042,0.7491161823272705,0.07414478063583374,0.9345754981040955,0.13516425911946325,14.065840721130371,10,0.625,0.1263212047924434
1571,mel gibson - his performance in 'payback' still not getting enough credit,Mel Gibson's performance in 'Payback' is still not getting enough credit.,sarcasm,1,0.8856306076049805,0.8141248226165771,0.07150578498840332,0.9663299322128296,0.2547696540824902,54.176998138427734,7,0.5833333333333334,0.2461915425594188
1572,Elizabeth Warren attends Trump's inauguration: a bold move to support democracy or just to people-watch?,elizabeth warren attends donald trump's inauguration,irony,0,0.6347205638885498,0.872355043888092,-0.23763447999954224,0.8000243902206421,0.009109250643152446,847.9096069335938,14,0.9333333333333333,0.007287622691155027
1573,Kenya should not sign: because China and SA are such trustworthy partners.,kenya should not sign,sarcasm,1,0.9238263964653015,0.8453988432884216,0.07842755317687988,0.8128865361213684,0.022994063410792204,813.7882690429688,10,0.8333333333333334,0.018691564557353973
1574,Greece and Europe on the edge? Again? This economic thriller never gets old—or solved.,greece and europe on the edge,sarcasm,1,0.5057692527770996,0.7111608386039734,-0.20539158582687378,0.7471981644630432,0.025185198565837008,68.68689727783203,11,0.7857142857142857,0.01881833414003068
1575,"well, neighbors just got a pit bull",The neighbors have a pit bull.,irony,1,0.5674901604652405,0.6234472990036011,-0.055957138538360596,0.818297803401947,0.0808764862779457,174.488037109375,4,0.5714285714285714,0.06618105106811067
1576,poke with stick confirms raccoon's death,A poke with a stick confirms a raccoon's death.,understatement,0,0.6459991931915283,0.6711560487747192,-0.025156855583190918,0.9490121603012085,0.07583235673413397,140.58619689941406,4,0.4444444444444444,0.07196582868499236
1577,"following death of adam yauch, grieving china frees tibet","Following the death of Adam Yang, China has freed Taiwan.",sarcasm,0,0.8071052432060242,0.8393052816390991,-0.03220003843307495,0.5693466067314148,0.0446323613785333,197.99501037597656,8,0.8,0.025411283501278182
1578,Fellow millennial voters: no one owes us a damn thing... except maybe that $1.7 trillion in collective student debt we 'chose' to take on.,fellow millennial voters: no one owes us a damn thing,understatement,0,0.5682627558708191,0.6533022522926331,-0.08503949642181396,0.8592323064804077,0.1873731731761716,224.73561096191406,16,0.6666666666666666,0.16099708376071478
1579,report: north korea just enjoys nuclear talks,A report indicates that North Korea is enjoying nuclear talks.,sarcasm,0,0.9581155180931091,0.9515920877456665,0.006523430347442627,0.9151132106781006,0.021105340631872645,158.7089385986328,9,0.9,0.019313776028087946
1580,bailiff can't help wondering what life would be like on other side of judge,A bailiff is unsure what life would be on the other side of the judge.,irony,1,0.7052408456802368,0.817388117313385,-0.1121472716331482,0.9107677340507507,0.2533654946448647,44.72959518432617,8,0.5333333333333333,0.23075711744435104
1581,Woman who was beaten on TV has some minor thoughts on the experience.,woman who was beaten on tv has some minor thoughts on the experience,understatement,1,0.8472626805305481,0.8951999545097351,-0.04793727397918701,0.9829901456832886,0.5783569866465142,307.4176025390625,3,0.23076923076923078,0.5685192185606048
1582,"Watch: 2014 BET Awards performances – relive the hits from a decade ago, because time stands still.",watch: 2014 bET awards performances,sarcasm,0,0.800122857093811,0.822979211807251,-0.02285635471343994,0.7426186800003052,0.005796361068560557,16889.83984375,15,0.8823529411764706,0.0043044860055396
1583,homosexual dolphin has highly developed sense of gay-nar,A homosexual dolphin has a highly developed sense of gay-nar.,satire,0,0.9210651516914368,0.9150313138961792,0.006033837795257568,0.979846179485321,0.37991784282579627,629.7521362304688,3,0.3,0.3722610468111612
1584,"Boomers' guide: retire, dance, die, but chocolate first—deep.","boomers' guide: retire, dance, die, but chocolate first",satire,1,0.9417533874511719,0.6199257969856262,0.32182759046554565,0.9874458909034729,0.6803749333171202,733.5012817382812,2,0.25,0.6718334321777147
1585,olympic bronze medalist to appear in flintstones on ice,Olympic bronze medalist will appear in flintstones on the ice.,satire,0,0.5913378000259399,0.52152019739151,0.06981760263442993,0.9452356100082397,0.31239399369202553,92.55618286132812,4,0.4,0.29528592719039193
1586,head on pike really pulling together castle's look,The head on a pike is really pulling together the castle's look.,sarcasm,0,0.5628401041030884,0.766574501991272,-0.2037343978881836,0.9538512229919434,0.11530568323789493,153.30709838867188,5,0.4166666666666667,0.1099844669743877
1587,"man fishes for legendary, elusive compliment",A man fishes for a famous and elusive compliment.,sarcasm,0,0.8031872510910034,0.9317933917045593,-0.1286061406135559,0.8908171057701111,0.12753431387594827,682.344482421875,5,0.5555555555555556,0.11360974837334915
1588,grandma excited to show off new beach sweater,Grandma is excited to show off a new beach sweater.,understatement,0,0.9165719747543335,0.946340024471283,-0.029768049716949463,0.9752157926559448,0.31239399369202553,115.5776138305664,4,0.4,0.3046515561793249
1589,pence tells emotional story of longtime friend who was aborted after second trimester,Pence tells a story of a longtime friend who was aborted after second trimester.,sarcasm,0,0.7500196099281311,0.7789883017539978,-0.0289686918258667,0.9428350925445557,0.4913270548144421,68.39337921142578,4,0.2857142857142857,0.4632403891956185
1590,man in international airport only speaks business,A man in an international airport speaks only business.,sarcasm,0,0.9462664127349854,0.914080798625946,0.03218561410903931,0.9431245923042297,0.07936880926086218,571.129638671875,5,0.5555555555555556,0.07485467587582281
1591,war criminal a grandpa,A war criminal is referred to as a grandpa.,understatement,0,0.7491363883018494,0.8277760744094849,-0.0786396861076355,0.9368962049484253,0.056122223243057295,47.19034957885742,6,0.6666666666666666,0.052580697969688686
1592,santa anita park officials announce they will stop allowing bets on all upcoming horse deaths,Santa Ana Park officials announce they will stop allowing bets on all upcoming horse deaths.,satire,0,0.7316293716430664,0.7034413814544678,0.028187990188598633,0.9192367196083069,0.7012055133086459,300.4439697265625,4,0.26666666666666666,0.6445738558250986
1593,taco bell's five ingredients combined in totally new way,The taco bell's five ingredients are combined in a new way.,sarcasm,0,0.6123498678207397,0.7667023539543152,-0.15435248613357544,0.963412880897522,0.28997844147152074,101.12638854980469,4,0.36363636363636365,0.27936896569625125
1594,Epidemic of gay loneliness? Must be from all that societal acceptance causing fatigue.,epidemic of gay loneliness,sarcasm,0,0.6658473014831543,0.8000050187110901,-0.1341577172279358,0.8566007614135742,0.017907794590318507,1391.6043701171875,11,0.8461538461538461,0.015339830481304719
1595,"Why appreciate someone only after they leave? Obviously, it's the best management practice.",why appreciate someone only after they leave,rhetorical_question,1,0.8683277368545532,0.6140458583831787,0.2542818784713745,0.8402279615402222,0.260899397956404,596.005126953125,8,0.6153846153846154,0.21921496931198053
1596,Why stay in your comfort zone when you can be uncomfortably enlightened?,why stay in your comfort zone when you can be uncomfortably enlightened,rhetorical_question,1,0.9170503616333008,0.7702787518501282,0.1467716097831726,0.9916530847549438,0.8070557274927982,52.780418395996094,2,0.16666666666666666,0.8003193017373786
1597,Footy McFooty Face: because naming things is hard.,footy mcfooty face,sarcasm,1,0.7924106121063232,0.728241503238678,0.06416910886764526,0.821660041809082,0.0,1679.4791259765625,8,1.0,0.0
1598,author accepts award on ghostwriters' behalf,The author accepts an award on behalf of ghostwriters.,irony,0,0.927337110042572,0.9533666372299194,-0.026029527187347412,0.9090890288352966,0.07583235673413397,134.57858276367188,5,0.5555555555555556,0.06893836353772562
1599,"John Stamos has no mercy shading Drake Bell, the feud of the decade.",john stamos has no mercy shading drake bell,overstatement,0,0.6540603637695312,0.5152028203010559,0.13885754346847534,0.9088506698608398,0.18505100105615155,2478.9736328125,9,0.6923076923076923,0.1681837262683023
1600,study: majority of new marine life species now discovered while cleaning oil spills,A study indicates that many new marine life species are discovered while cleaning oil spills.,irony,0,0.8972923159599304,0.8709236979484558,0.02636861801147461,0.9744793772697449,0.3290385879986622,117.03612518310547,7,0.4666666666666667,0.3206413183306525
1601,man in suit makes decision affecting thousands of non-suited individuals,A man in a suit makes a decision affecting many non-suited individuals.,satire,0,0.8850097060203552,0.8936977386474609,-0.008688032627105713,0.946061909198761,0.06484115071397648,84.11441802978516,6,0.5,0.06134374283910919
1602,Obama says look to a veteran when cynical? Because veterans always have the answers in a world that keeps failing them.,obama: look to a veteran when cynical,irony,1,0.6203166842460632,0.8905056715011597,-0.27018898725509644,0.9017727375030518,0.08320252881017333,2483.40673828125,16,0.7619047619047619,0.07502977217232654
1603,Save $600 a year with these tips! (By giving up everything fun.),save $600 a year with these tips,overstatement,0,0.6600931882858276,0.6039613485336304,0.056131839752197266,0.8986685276031494,0.30096441267171586,124.66720581054688,7,0.5833333333333334,0.27046724559663754
1604,"'this map will change the way you see westeros,' reports never-ending cascade of subhuman bullshit",A cascade of subhuman bullshit reports that this map will change the way you see Westeros.,sarcasm,0,0.6703162789344788,0.9175906181335449,-0.24727433919906616,0.9463461637496948,0.5423782837718303,164.02587890625,15,0.9375,0.5132776081486149
1605,Best Kimye wedding Instagrams; because their marriage is the epitome of stability.,the best kimye wedding instagrams,understatement,0,0.9766186475753784,0.8318902850151062,0.14472836256027222,0.8883866667747498,0.015756142963855618,1736.5791015625,12,1.0,0.013997547328886119
1606,Miley Cyrus freaks out over Hilary Duff call: Because childhood stars never grow up.,miley cyrus freaks out over hilary duff call,sarcasm,0,0.9101875424385071,0.7646612524986267,0.14552628993988037,0.8179726600646973,0.06493661270537822,258.0982666015625,11,0.7857142857142857,0.053116373830209236
1607,The Kurds' bitter defeat in Iraq is now everyone's problem. Just a minor bump in global politics.,the kurds' bitter defeat in iraq is now everyone's problem,understatement,0,0.9534450769424438,0.9545072913169861,-0.0010622143745422363,0.9240854978561401,0.08723615950587356,156.77041625976562,11,0.6470588235294118,0.08061366988804282
1608,cam girl has ash on forehead,A cam girl has ash on her forehead.,irony,1,0.5387572646141052,0.5761215090751648,-0.03736424446105957,0.9614423513412476,0.5169731539571706,236.12991333007812,3,0.375,0.49703988472088284
1609,"Tom Cotton believes Trump's 'tough guy' act includes waterboarding, how reassuring.",tom cotton: donald trump's 'tough guy' act includes waterboarding,sarcasm,0,0.9789876937866211,0.9315030574798584,0.047484636306762695,0.9326009750366211,0.23899976771375064,331.1685791015625,7,0.6363636363636364,0.2228914164033698
1610,"james fenimore cooper, famed american novelist, dies at 224","James Fenimore Cooper, a famed American novelist, died at 224.",overstatement,1,0.5932215452194214,0.7138862609863281,-0.12066471576690674,0.9544394612312317,0.02777619034011792,83.69556427001953,7,0.7,0.026510692143278287
1611,"Hannity rips Kimmel as 'twisted, creepy weirdo'? So mature and respectful.","hawaii rips kimmel as 'twisted, creepy weirdo'",sarcasm,1,0.8962653279304504,0.5134142637252808,0.3828510642051697,0.630661129951477,0.09920519151734605,314.7300109863281,7,0.6363636363636364,0.06256485817938215
1612,"I was, but now I am: words that will change your life, or something.","i was, but now i am",overstatement,1,0.9353736639022827,0.8117964863777161,0.12357717752456665,0.5741662979125977,0.05326021045512112,132.1409454345703,11,0.7857142857142857,0.03058021786306272
1613,area man's mother sizes up new girlfriend's pelvic span,A local man's mother sized up his new girlfriend's pelvic span.,sarcasm,0,0.8833329677581787,0.8649337291717529,0.01839923858642578,0.8902410864830017,0.12278260149096115,308.7631530761719,5,0.45454545454545453,0.10930611655252268
1614,Class act: allegedly pleasuring himself near children. Some people's hobbies are just... unique.,class act: pleasuring himself near children,sarcasm,0,0.7708995342254639,0.9468646049499512,-0.1759650707244873,0.8714375495910645,0.06761140735207573,907.2531127929688,9,0.6923076923076923,0.05891911914729615
1615,"experts point to long, glorious history of successful u.s. bombing campaigns",Experts point to the long history of successful U.S. bombing campaigns.,sarcasm,0,0.9807234406471252,0.9650198817253113,0.015703558921813965,0.9530699253082275,0.12278260149096115,18.680299758911133,5,0.45454545454545453,0.11702040483214021
1616,"Breaking news: My internal soundtrack has been upgraded, and you won't believe the change!",breaking news: my internal soundtrack has been upgraded,overstatement,0,0.868630051612854,0.835841178894043,0.032788872718811035,0.9154897928237915,0.17267606045625936,576.3335571289062,9,0.6428571428571429,0.15808317081272938
1617,boss makes lipstick prints on paychecks for valentine's day,The boss makes lipstick prints on his paychecks for Valentine's Day.,sarcasm,0,0.962755024433136,0.9629054665565491,-0.00015044212341308594,0.965540885925293,0.40352786374639904,186.93751525878906,4,0.36363636363636365,0.38962265105723903
1618,"new, improved olean 30 percent less likely to make you shit in your pants","A new, improved Olean is 30% less likely to make you shit in your pants.",overstatement,0,0.5806694626808167,0.752709686756134,-0.17204022407531738,0.9568796753883362,0.5202556880807584,74.83642578125,5,0.3333333333333333,0.4978220939296516
1619,it impossible to tell what sounds will freak out cat,It is impossible to tell what sounds will freak out a cat.,understatement,1,0.5800315737724304,0.6958945989608765,-0.11586302518844604,0.9650298357009888,0.6132297420585351,74.88104248046875,4,0.3333333333333333,0.5917849972257079
1620,Caitlyn Jenner will reportedly attend Trump's inauguration: A beacon of inclusivity in a diverse administration.,caitlyn jenner will reportedly attend donald trump's inauguration,satire,0,0.92181795835495,0.7611575722694397,0.16066038608551025,0.936410665512085,0.05730635957683176,221.85304260253906,12,0.8,0.05366228630941587
1621,Thoughts and prayers: my weekly solution to world problems.,thoughts and prayers,sarcasm,1,0.5342420935630798,0.9472967386245728,-0.4130546450614929,0.7201117277145386,0.015377056977980369,78.85313415527344,8,0.8888888888888888,0.011073199067578345
1622,Obama and Democrats set a trap for Trump. How cunning.,obama and democrats set a trap for donald trump,irony,0,0.924458920955658,0.8952659368515015,0.029192984104156494,0.8851116895675659,0.2824099048856541,346.30853271484375,5,0.5,0.2499643080639569
1623,nabisco tentatively adds hummus to list of approved ritz toppings,Nabisco added Hummus to the list of approved ritz toppings.,satire,0,0.5566367506980896,0.6584374904632568,-0.10180073976516724,0.9741569757461548,0.2777619034011791,123.28971862792969,6,0.6,0.27058369579478825
1624,rubio's new hardline immigration stance: because moderation is for losers,Rubio's new hardline immigration stance,sarcasm,0,0.9470410346984863,0.9075772762298584,0.03946375846862793,0.8487620949745178,0.09782458612762486,97.55517578125,7,0.7,0.08302980066169803
1625,area 8-year-old formally rescinds hunger complaint following mother's insulting banana offer,An area 8-year-old rescinds a hunger complaint following a mother's insulting banana offer.,irony,0,0.5927891135215759,0.6773700714111328,-0.08458095788955688,0.972978413105011,0.15133218633429316,284.8384704589844,5,0.38461538461538464,0.14724295051125239
1626,automakers ask nation if it still wants that handle above car windows,Automakers ask the nation if it still wants a handle above the car windows.,irony,0,0.8210365176200867,0.8797151446342468,-0.058678627014160156,0.9492620229721069,0.32559641262003014,185.313720703125,5,0.35714285714285715,0.30907630931615065
1627,Pearl Harbor survivors master mannequin challenge: history never looked so motionless,pearl harbor survivors challenge master mannequin,satire,1,0.5639315247535706,0.8742156624794006,-0.3102841377258301,0.9244273900985718,0.04152337258230185,9959.10546875,9,0.8181818181818182,0.03838534294434789
1628,"Victims' families don't care about politics? Right, because grief is so apolitical.",victims' families don't care about politics,irony,0,0.9452912211418152,0.8551194667816162,0.09017175436019897,0.8552916049957275,0.18693159143202892,94.1476821899414,8,0.6666666666666666,0.15988102086030562
1629,"AARP warns about scams—because retirees are never targeted, right?",apr warns about scams for retirees,understatement,0,0.8521684408187866,0.6682001948356628,0.18396824598312378,0.7070063948631287,0.05795053470733952,2767.732421875,7,0.7777777777777778,0.040971398623826726
1630,"Britney Spears honored for LGBTQ support, as if her music career needed validation.",britney pears is honored for her support for lgbtq,sarcasm,0,0.9282163977622986,0.894910454750061,0.03330594301223755,0.8323901891708374,0.035984468898536105,310.9550476074219,11,0.8461538461538461,0.029953118873664582
1631,'what a crew!' comments man on instagram photo of fucking backstabbing traitors who couldn't be bothered to invite him to margarita night,A man commented on an Instagram photo of backstabbing traitors who couldn't be bothered to invite him to a margarita night.,sarcasm,0,0.818046510219574,0.5641733407974243,0.25387316942214966,0.8232479095458984,0.47651597382288935,47.03243637084961,10,0.45454545454545453,0.39229077931492173
1632,"Nurses break hospital rules to fulfill dying man's wish—rules are meant to be broken, especially at the end.",nurses break hospital rules to fulfill dying man's wish,understatement,0,0.8252720236778259,0.9470682740211487,-0.12179625034332275,0.9117613434791565,0.26707294347290855,789.3338012695312,11,0.6111111111111112,0.24350678574779192
1633,fireworks accident blows off tip of florida,A fireworks accident blew off the tip of Florida.,overstatement,0,0.5576869249343872,0.7823256254196167,-0.2246387004852295,0.9342451095581055,0.07583235673413397,426.0138854980469,4,0.4444444444444444,0.07084600842513032
1634,isis fighter dreading smug looks from hometown friends who told him caliphate sounded like dumb idea,An isis fighter is dreading smug looks from his hometown friends who told him that Caliphate was a dumb idea.,irony,0,0.9076565504074097,0.9322423934936523,-0.024585843086242676,0.9531096816062927,0.33359103227594633,172.50814819335938,8,0.4,0.3179488425592417
1635,area woman not good enough artist to justify eccentricities,A local woman is not a good enough artist to justify eccentricities.,satire,1,0.7255472540855408,0.7468770146369934,-0.021329760551452637,0.8671736717224121,0.3448444257953326,127.94703674316406,5,0.4166666666666667,0.2990400068899454
1636,"cops bust filthy, unshaven mark zuckerberg for selling personal data on street corner",Police arrest Mark Zuckerberg for selling personal data on a street corner.,sarcasm,0,0.7459894418716431,0.7967848181724548,-0.05079537630081177,0.8798891305923462,0.30527785817943404,108.67923736572266,8,0.6153846153846154,0.2686106692225958
1637,HuffPost's thrilling quiz: test your knowledge of utterly riveting news.,huffpost's thrilling quiz,irony,0,0.9134636521339417,0.9087778925895691,0.004685759544372559,0.7739380598068237,0.011018142789200103,2937.8046875,9,0.9,0.008527360052948072
1638,fda prepares nation for switch to digital food format,The FDA prepares the nation for a transition to the digital food format.,overstatement,0,0.8784955143928528,0.9368327856063843,-0.058337271213531494,0.9319940805435181,0.051424016050282635,98.39501953125,7,0.5384615384615384,0.04792687855663828
1639,Trump seeks advice from a conspiracy theorist to win votes. Nothing says 'presidential' like that.,donald trump seeks advice from conspiracy theorist to win votes,sarcasm,0,0.932263970375061,0.9493042826652527,-0.01704031229019165,0.8550373315811157,0.2304318198457308,398.6880187988281,9,0.6,0.19702780835227404
1640,"How real is 'Marcomentum'? As real as a unicorn, but with more political spin.",how real is'marcomentum',rhetorical_question,1,0.8617170453071594,0.9269198775291443,-0.06520283222198486,0.848743736743927,0.002904350906583578,1506.0196533203125,13,0.9285714285714286,0.0024650496412693583
1641,"Don Cheadle claims Trump used a racial slur? Say it isn't so, he's such a gentleman.",don cheadle: donald trump used a racial slur,sarcasm,0,0.8069527745246887,0.7907590866088867,0.016193687915802002,0.8468385338783264,0.05057268482495309,836.656005859375,13,0.8125,0.042826898271453966
1642,"Senator admits tax breaks for journalists, but forgets about the rest of us.",senate senate admits tax breaks for journalists,irony,0,0.9375063180923462,0.9497294425964355,-0.012223124504089355,0.813210666179657,0.17447394295753052,1021.9707641601562,10,0.7692307692307693,0.14188407138348486
1643,Brooklyn Decker and Andy Roddick expecting baby #2: The baby bump heard 'round the world.,nyc decker and harvey roddick expecting baby #2,overstatement,1,0.6345564723014832,0.7660619616508484,-0.13150548934936523,0.797023355960846,0.02709850435615371,2565.13232421875,12,0.8,0.021598140883461233
1644,"man who will pay $60,000 in medical bills this year can't afford health insurance right now","A man who will pay $60,000 in medical bills this year cannot afford health insurance.",irony,0,0.5885770916938782,0.6912493109703064,-0.10267221927642822,0.9361067414283752,0.6295835607918716,26.53422737121582,5,0.3125,0.5893574155497523
1645,new robert altman film released straight to special-edition director's-cut dvd,A new Robert Altman film was released straight to a special-edition director's-cut DVD.,irony,1,0.7993581295013428,0.6563991904258728,0.14295893907546997,0.9767670631408691,0.1051781439830431,98.33277893066406,6,0.46153846153846156,0.10273454680492448
1646,hero shop saves hundreds from hunger,A hero shop saves hundreds from hunger.,satire,0,0.6781244277954102,0.8024030327796936,-0.12427860498428345,0.9670870900154114,0.6147881529512643,1075.367431640625,2,0.2857142857142857,0.5945536858135878
1647,goose thinking of migrating home a couple weeks early to avoid the crowds,A goose is considering moving home a couple weeks early to avoid crowds.,satire,0,0.6315162181854248,0.5715683698654175,0.059947848320007324,0.8861061930656433,0.48633831680799433,182.1282196044922,6,0.46153846153846156,0.43094739444868463
1648,shy friend experimenting with personality,A shy friend is experimenting with his personality.,understatement,0,0.7918583154678345,0.5739038586616516,0.21795445680618286,0.9003217816352844,0.08307018474412793,350.45989990234375,4,0.5,0.07478989672960548
1649,"Your food contains tiny, risky, unlabeled ingredients? What could possibly go wrong with that?","your food contains tiny, risky, unlabeled ingredients",rhetorical_question,1,0.9248775839805603,0.7180020809173584,0.2068755030632019,0.9181075096130371,0.22616792214653433,211.7686767578125,9,0.6428571428571429,0.2076464677563099
1650,"Prison: where even animals get second chances, because rehabilitation is clearly a thing.",prison: where even animals get second chances,irony,0,0.9669288992881775,0.940717875957489,0.026211023330688477,0.8568329811096191,0.260899397956404,400.9118347167969,8,0.6153846153846154,0.2235472089206905
1651,Two questions: 'Do you hate each other?' and 'Why not just break up?',two questions: 'do you hate each other?' and 'why not just break up?',understatement,1,0.9585011005401611,0.954757809638977,0.003743290901184082,1.0000001192092896,0.49735673561245436,25.684648513793945,3,0.23076923076923078,0.49735673561245436
1652,Family happiness in one chart? Simplifying the unsimplifiable.,family happiness in one chart,sarcasm,0,0.5677311420440674,0.6831108331680298,-0.1153796911239624,0.940491795539856,0.14593713362172633,1054.656982421875,5,0.625,0.13725267683583728
1653,Fourth death in Legionnaire's outbreak? Probably just a statistical blip.,fourth death in 'londonnaire's outbreak',understatement,1,0.6948662996292114,0.5464406609535217,0.1484256386756897,0.6852980852127075,0.0417991745584234,1923.00537109375,8,0.8,0.028644894288359275
1654,"The 8 most important lessons? Like, always wear pants and don't burn bridges. Groundbreaking.",the 8 most important lessons you'll ever learn,satire,0,0.5921004414558411,0.7458932995796204,-0.1537928581237793,0.7400218844413757,0.06493661270537822,56.405330657958984,11,0.7857142857142857,0.04805451450347377
1655,"park rangers lance old faithful in effort to pop clogged, inflamed geyser",Park Rangers are attempting to clog and inflame a geyser.,irony,0,0.6134018301963806,0.8077977299690247,-0.19439589977264404,0.7914084196090698,0.01727959142950042,75.73128509521484,12,1.0,0.013675214144711357
1656,new study finds earth's core will be most habitable part of planet by 2060,A new study predicts that Earth's core will become the most habitable part of the planet by 2060.,overstatement,0,0.5400875210762024,0.5043277144432068,0.035759806632995605,0.9661056399345398,0.20105373454060027,16.71662712097168,8,0.4444444444444444,0.19423914686957572
1657,"Timberlake wants his son inspired by Charlottesville's 'strength'? You know, the Nazi rallies and all.",michael timberlake wants his son to be inspired by charlottesville's'strength',irony,0,0.8816858530044556,0.5690804719924927,0.3126053810119629,0.8425227403640747,0.07966506956353646,1322.717041015625,13,0.8666666666666667,0.06711963271996538
1658,proud species commits suicide rather than be driven to extinction by humans,A proud species commits suicide rather than being driven to extinction by humans.,satire,0,0.9224498867988586,0.8932111859321594,0.02923870086669922,0.978701114654541,0.5783569866465142,142.5402374267578,3,0.23076923076923078,0.566038627499185
1659,"School prioritizes hairstyle regulations over education, what a novel approach.",school prioritizes hairstyle regulations over education,sarcasm,0,0.9835182428359985,0.9528763890266418,0.03064185380935669,0.965243935585022,0.2608840516436559,435.6650695800781,6,0.6,0.2518167487398886
1660,prairie dog town rezoned for commercial use,Prairie Dog Town has been rezoned for commercial use.,irony,0,0.7037667036056519,0.5923314094543457,0.11143529415130615,0.9782611131668091,0.11868405219520975,31.787233352661133,6,0.6666666666666666,0.11610399301563357
1661,college freshman decides to be lanyard-wearing kind,A college freshman decides to wear a lanyard.,satire,0,0.9004409909248352,0.8871562480926514,0.013284742832183838,0.9296193718910217,0.345720784641941,70.61746215820312,4,0.5,0.32138873866851236
1662,FDA approves nasal-spray naloxone—because saving lives should come with extra steps and a co-pay.,fda approves nasal-spray naloxone,sarcasm,0,0.9254487752914429,0.9017937183380127,0.023655056953430176,0.8264089226722717,0.013946604450021922,480.4300537109375,12,0.8571428571428571,0.011525598358478927
1663,"Sephora's spring sale: because your self-worth depends on makeup, obviously.",sephora's spring sale,satire,0,0.9577742218971252,0.6251437067985535,0.3326305150985718,0.6588222980499268,0.011018142789200103,1108.1878662109375,9,0.9,0.007258998152623042
1664,Shake Shack celebrates Will & Grace with boozy shakes—nothing says TV revival like processed food and alcohol.,shake shack celebrates will & grace with boozy shakes,satire,0,0.8714739084243774,0.8040695786476135,0.06740432977676392,0.8767058849334717,0.024793053163370216,4741.52978515625,13,0.7647058823529411,0.021736215613795094
1665,Creating a chemically-free home is easier and cheaper than you think. Just ignore all science and buy expensive alternatives.,creating a chemically-free home is easier and cheaper than you think,sarcasm,0,0.9679670929908752,0.9721472263336182,-0.00418013334274292,0.9340912699699402,0.3798513017037065,54.32442092895508,10,0.5263157894736842,0.3548157848081501
1666,area man a walking encyclopedia of everything except leading a normal life,A local man is a walking encyclopedia of everything except leading a normal life.,sarcasm,0,0.9521880149841309,0.9787759184837341,-0.02658790349960327,0.8720946311950684,0.6115380576901023,103.64717864990234,4,0.2857142857142857,0.5333190568829982
1667,Obama administration violating rights? Say it isn't so. Because they were always so respectful of immigrants. Not.,obama administration violating rights,sarcasm,0,0.6052870750427246,0.918026864528656,-0.3127397894859314,0.7099753618240356,0.00658790946649935,13410.6337890625,15,0.8823529411764706,0.0046772534071418655
1668,Jon Stewart dancing to Drake is the one video you need to see? Your life depends on it.,jon stewart dancing to drake is the one video you need to see,overstatement,0,0.5400394201278687,0.7587822675704956,-0.21874284744262695,0.9336163997650146,0.35434554437313426,245.15464782714844,9,0.5,0.33082281141041986
1669,ralph northam admits he once engaged in pedophilia as part of michael jackson costume,Larry Northam admits he once engaged in pedophilia as part of Michael Jackson costume.,sarcasm,0,0.7317108511924744,0.8612174987792969,-0.1295066475868225,0.8686399459838867,0.5956403592718089,82.483642578125,5,0.35714285714285715,0.5173970095036869
1670,"trump, putin hold first joint press crackdown",Trump and putin hold a joint press crackdown.,sarcasm,0,0.8505628705024719,0.927870512008667,-0.07730764150619507,0.9267664551734924,0.08307018474412793,815.1627197265625,4,0.5,0.07698666064592258
1671,9/11 and the (un)making of the 21st century—because what's a few thousand lives in the grand scheme?,9/11 and the (un)making of the 21st century,irony,0,0.6436244249343872,0.7515842318534851,-0.1079598069190979,0.7984818816184998,0.27299909600490985,43.47743606567383,10,0.5882352941176471,0.21798483185814987
1672,"We're sugar babies, living the glamorous life of paid companionship. So relatable.","we're sugar babies, living the glamorous life of paid companionship",satire,0,0.9772764444351196,0.9746096134185791,0.0026668310165405273,0.9424586296081543,0.6221008431290531,289.2822265625,4,0.3333333333333333,0.5863043080934848
1673,stunned nation mourns as french stewart survives plane crash,The nation mourns as French stewart survives a plane crash.,irony,0,0.5023727416992188,0.6805877089500427,-0.17821496725082397,0.9510630369186401,0.13747081017605653,236.8671112060547,4,0.4,0.13074340621370623
1674,Who needs new Hollywood when old Hollywood was pure genius?,who needs new hollywood when old hollywood was pure genius?,rhetorical_question,0,0.5924655199050903,0.5614744424819946,0.030991077423095703,1.0,0.1535259783865636,510.01947021484375,3,0.3,0.1535259783865636
1675,The man known for his extreme right-wing views might not be right-wing enough for the base. Shocking.,the man known for his extreme right-wing views might not be right-wing enough for the base,irony,1,0.5438075065612793,0.6208977699279785,-0.07709026336669922,0.9494808912277222,0.8089976633967793,28.50082778930664,3,0.17647058823529413,0.7681278224431187
1676,"This Mother's Day, I have a tiny thing to tell my wife.","this mother's day, i have a tiny thing to tell my wife",understatement,1,0.9436256289482117,0.9492840766906738,-0.005658447742462158,0.9818776845932007,0.5156626918239822,94.78298950195312,5,0.4166666666666667,0.5063176898792288
1677,poll finds 68% of iowans turned on by knowledge whole nation watching,A poll shows that 68% of Americans are turned on by knowledge that the whole nation is watching.,satire,0,0.9419000744819641,0.9178200364112854,0.02408003807067871,0.8103033304214478,0.18710158230410626,51.66667556762695,9,0.5,0.1516090352681399
1678,"Jyothi Rao delves into authenticity, a truly deep topic.",jyothi rao delves into authenticity,sarcasm,1,0.7681663036346436,0.7891573905944824,-0.020991086959838867,0.913891613483429,0.05105362709447673,1471.20849609375,7,0.7777777777777778,0.04665748163955264
1679,"we in golden age of thing, guy who likes thing reports",A man who likes things reports that we are in the golden age of things.,sarcasm,0,0.9639489054679871,0.9679126143455505,-0.0039637088775634766,0.7304902672767639,0.0925159978069645,106.92373657226562,15,1.0,0.067582035965386
1680,area man has sex with man to get out of office blood drive,A local man has sex with a man to get out of his office blood drive.,sarcasm,0,0.9410275816917419,0.9045073986053467,0.036520183086395264,0.9324960112571716,0.4169392927528885,95.44483947753906,5,0.3125,0.3887942274284547
1681,mom announces plans to get out some of your old baby stuff and quietly stare at it,A mother announces plans to remove some of her old baby stuff and stare at it.,sarcasm,0,0.6818222403526306,0.7322444915771484,-0.05042225122451782,0.8483701944351196,0.2533313470546777,98.54785919189453,7,0.4117647058823529,0.2149187641572877
1682,goodwill employees shaken by gigantic pants,Employees at Goodwill are shaken by gigantic pants.,understatement,0,0.9646366834640503,0.9637300372123718,0.0009066462516784668,0.9688293933868408,0.1374708101760565,464.177001953125,5,0.625,0.13318576163126636
1683,"Fourteen workout pants that look like real pants, fooling no one but making you feel better.",14 workout pants that look like real pants,understatement,0,0.9217365384101868,0.9104809761047363,0.01125556230545044,0.8645366430282593,0.2502959502557595,234.4477996826172,10,0.625,0.2163900205976825
1684,bill cosby announces dates for u.s. college commencement tour,Bill Cosby announced the dates for the U.S. college commencement tour.,irony,0,0.799885630607605,0.9445037245750427,-0.14461809396743774,0.9633973836898804,0.05637560315259291,67.56643676757812,7,0.6363636363636364,0.054312108581146976
1685,knicks front office scrambling after zion williamson drafted before 3rd pick,The Knicks front office is scrambling after Zion Williamson was drafted before the 3rd pick.,sarcasm,1,0.636117160320282,0.5977147817611694,0.03840237855911255,0.9638506770133972,0.050317476265301385,224.2445831298828,8,0.5333333333333333,0.048498533563916285
1686,"California lawmakers reject Confederate flag – finally, a state that recognizes treason isn't heritage.",california lawmakers reject confederate flag,irony,0,0.9384024739265442,0.7993702292442322,0.139032244682312,0.8176066279411316,0.020785234793924575,204.75186157226562,11,0.7857142857142857,0.016994145730825354
1687,20 killer recipes for your Labor Day cookout – these might actually kill you with joy.,20 killer recipes for your labor day cookout,overstatement,1,0.8470056653022766,0.7620319724082947,0.08497369289398193,0.9108436107635498,0.19905304276733932,1342.8294677734375,10,0.625,0.18130619220767463
1688,Trump demands lower drug prices—from the people who profit from high prices. Good luck!,donald trump demands lower drug prices,sarcasm,0,0.9528473615646362,0.9520825743675232,0.0007647871971130371,0.8902235627174377,0.05326021045512112,2091.605224609375,12,0.8571428571428571,0.04741349430243845
1689,"North Korea fires missiles again? Just another Tuesday in East Asia, nothing to worry about.",north korea fires missiles again,understatement,0,0.9844430088996887,0.9492536783218384,0.03518933057785034,0.8736766576766968,0.015377056977980369,3122.510009765625,13,0.8666666666666667,0.013434575745426017
1690,nation's schools to ensure bullied transgender students hide in stalls of bathrooms corresponding to biological sex,Schools must ensure transgender students hide in stalls corresponding to biological sex.,sarcasm,0,0.9534873366355896,0.8955219984054565,0.05796533823013306,0.8545745611190796,0.3128974322923816,150.6428985595703,7,0.4375,0.2673941858765489
1691,gold bracelet picked up at pharmacy,A gold bracelet was purchased at a pharmacy.,understatement,0,0.5823514461517334,0.6050660610198975,-0.022714614868164062,0.9502720832824707,0.06500593260343691,107.25836181640625,5,0.625,0.06177332300078788
1692,Goldblum almost voiced Apple: imagine Siri with a dose of eccentric charm.,goldblum almost voiced apple,satire,1,0.6685431599617004,0.5283073782920837,0.1402357816696167,0.8549360632896423,0.022994063410792204,21752.251953125,10,0.8333333333333334,0.019658454051455092
1693,"Can Bernie Sanders ride fracking to victory in New York? Sure, because environmentalists are known for loving oil extraction.",can bernie sanders ride fracking to victory in new york?,rhetorical_question,1,0.9000294208526611,0.8342690467834473,0.06576037406921387,0.9039764404296875,0.15970651895774382,463.2869873046875,14,0.7368421052631579,0.14437093052083766
1694,Backpage CEO likely to walk on pimping charges? Shield law saves the day—justice triumphs!,backpage CEO likely to walk on pimping charges,irony,0,0.8665853142738342,0.8171624541282654,0.04942286014556885,0.8580882549285889,0.3213863618224058,936.1649169921875,8,0.5714285714285714,0.2757778623740363
1695,"nation savoring every moment of glorious late-february, early-march days",The nation is savoring every moment of glorious late-february and early-march days.,irony,0,0.8504706621170044,0.925051748752594,-0.0745810866355896,0.917471170425415,0.3448444257953326,59.5950813293457,5,0.4166666666666667,0.31638481894912396
1696,Muppets cover N.W.A—because Sesame Street needed more 'fuck the police',muppets cover the n.w.a.,irony,0,0.7170827984809875,0.8152293562889099,-0.09814655780792236,0.7416647672653198,0.021318810323722334,103.37718963623047,8,0.8,0.015811410497117023
1697,beauty industry announces massive new initiative to make women self-conscious about their palms,The beauty industry announced a new initiative to make women self-conscious about their palms.,satire,0,0.9655581712722778,0.9685888290405273,-0.0030306577682495117,0.9795006513595581,0.5622008276590377,106.00472259521484,4,0.2857142857142857,0.5506760768869101
1698,Poll shows millennials eager to pay reparations for slavery—what a selfless generation!,poll shows millennials are eager to pay reparations for slavery,overstatement,0,0.9648821353912354,0.9119704365730286,0.05291169881820679,0.9395641684532166,0.3699033744491308,88.80369567871094,6,0.5,0.3475479564223364
1699,"Kate Mara: it's 'quite an honor' to play a female superhero: groundbreaking, truly.",kate mara: it's 'quite an honor' to play a female superhero,overstatement,0,0.9150916934013367,0.9310073256492615,-0.015915632247924805,0.9535844922065735,0.5658266414297971,116.33040618896484,5,0.38461538461538464,0.539563510544784
1700,fourth-grader with shark tooth necklace must have killed great white,A fourth-grader with a shark tooth necklace may have killed Great White.,sarcasm,1,0.6308869123458862,0.5271582007408142,0.10372871160507202,0.96878582239151,0.1239040201758117,121.89443969726562,5,0.4166666666666667,0.12003645808363798
1701,"An elementary school teacher accused of rape. Just another day in the profession, I suppose.",an elementary school teacher accused of rape,understatement,0,0.9387093186378479,0.7715346813201904,0.16717463731765747,0.8100569844245911,0.19605997334125028,53.699729919433594,10,0.6666666666666666,0.1588197507711789
1702,kerry's face droops with joy over latest polls,Kerry's face is drooping over recent polls.,irony,0,0.9615217447280884,0.8323456048965454,0.12917613983154297,0.798051118850708,0.034052233956373766,193.73890686035156,6,0.75,0.027175423408250157
1703,Political dramas are obsolete with Trump's daily reality show.,political dramas are obsolete with donald trump's daily reality show,overstatement,0,0.9514003396034241,0.9524915218353271,-0.0010911822319030762,0.9549291133880615,0.31239399369202553,476.13226318359375,4,0.4,0.29831411942408165
1704,dog finds absolutely perfect place to shit,A dog finds the perfect place to shit.,irony,0,0.9014360308647156,0.9162300229072571,-0.014793992042541504,0.9485212564468384,0.17286039232097053,224.12774658203125,3,0.375,0.16396175651418038
1705,"Behold, 25 profound moments that redefined maternal elegance for us all.",25 profound moments that redefined maternal elegance,satire,0,0.6135219931602478,0.6997702121734619,-0.08624821901321411,0.9326212406158447,0.5647181220077593,3843.7685546875,4,0.36363636363636365,0.5266681155451264
1706,Trump axes NASA's greenhouse gas monitor: data is overrated anyway.,donald trump axes nasa's greenhouse gas monitor,irony,0,0.8625842928886414,0.9532496333122253,-0.09066534042358398,0.8090636134147644,0.05035983350735684,2192.470703125,8,0.8,0.04074430886842805
1707,wrinkle-free pants didn't think they'd be tested quite this much,False-free pants did not think they would be tested very much.,satire,0,0.6970705986022949,0.5578413009643555,0.13922929763793945,0.751349925994873,0.04740604259878138,152.63674926757812,8,0.7272727272727273,0.03561852659830419
1708,area man accidentally signs up for aol latino,A local man accidentally signed up for aol latino.,sarcasm,0,0.8695981502532959,0.8075127601623535,0.06208539009094238,0.9213845729827881,0.14923729480049117,433.2989196777344,4,0.4444444444444444,0.13750494114285702
1709,The importance of first responders: Because who needs emergency services when you have a strong WiFi signal and positive thoughts?,the importance of first responders,sarcasm,0,0.7899118661880493,0.9313457608222961,-0.14143389463424683,0.7730594873428345,0.013239118071086523,181.33290100097656,17,0.85,0.010234625828905403
1710,"returning jesus christ downed by u.s. missile defense 30,000 feet before making landfall","Jesus Christ was downed by the U.S. missile defense 30,000 feet before making landfall.",overstatement,0,0.6945858597755432,0.7299453616142273,-0.03535950183868408,0.9161384701728821,0.3934995962231127,53.847076416015625,6,0.42857142857142855,0.3605001180974893
1711,"'without them you could buy anything,' whispers amazon echo as man stares blankly at family","A man stares blankly at his family, saying, 'without them you could buy anything.'",satire,1,0.6196456551551819,0.5938028693199158,0.025842785835266113,0.6678807735443115,0.41464419332932695,70.93700408935547,15,1.0,0.27693288458644794
1712,"paul ryan mentally logs 4,613th missed opportunity to put stop to all of this","Paul Ryan reported that he had a 4,613th missed opportunity to stop all of this.",sarcasm,0,0.5153945684432983,0.6830649971961975,-0.16767042875289917,0.8049346208572388,0.20333448190047881,139.09515380859375,10,0.6666666666666666,0.16367096409576498
1713,A series on internet immortality – because your tweets will definitely outlive you.,a series on internet immortality,irony,0,0.8540465235710144,0.8827027678489685,-0.0286562442779541,0.7639026641845703,0.13501633901742352,1831.8480224609375,9,0.6923076923076923,0.10313934108385697
1714,god shuts down andromeda galaxy,God shut down the Andromeda galaxy.,overstatement,0,0.8443441987037659,0.8492271304130554,-0.004882931709289551,0.9397071003913879,0.040824829046386304,239.4842071533203,5,0.8333333333333334,0.038363381727153784
1715,"Sylville Smith's father blames himself for being 'wrong role model' – no pressure, dad, just casual self-blame.",sylville smith's father blames himself for being 'wrong role model',understatement,0,0.7125334143638611,0.6447535753250122,0.06777983903884888,0.9210519194602966,0.37732323479085006,207.78550720214844,9,0.5294117647058824,0.34753428966108063
1716,Hey NC! Check out NYC's awesome move for trans people—if only you cared.,nyc! check out nyc's awesome move for trans people,sarcasm,0,0.9062114357948303,0.9390807151794434,-0.03286927938461304,0.8365172147750854,0.20235553926673694,175.46128845214844,8,0.6153846153846154,0.16927389210172122
1717,Willam from Drag Race on group breakup – the world wasn't ready for such profound musical tragedy.,willam from drag race on group breakup,overstatement,0,0.5827088356018066,0.702548086643219,-0.11983925104141235,0.7594112157821655,0.04209998943014297,3838.808349609375,13,0.7647058823529411,0.03197120415756119
1718,Marital rape not a crime in India? But at least one judge is trying to change it – Progress!,"marital rape not a crime in india, but at least one judge is trying to change it",understatement,0,0.9620810747146606,0.8515873551368713,0.1104937195777893,0.972764253616333,0.6191691349799501,49.5346565246582,5,0.2631578947368421,0.6023056014510417
1719,ghost of brando urges man to finish whole cheesecake,The ghost of Brando urges a man to finish a cheesecake.,satire,0,0.5877695679664612,0.6299856305122375,-0.04221606254577637,0.958590030670166,0.12278260149096115,130.23069763183594,5,0.45454545454545453,0.11769817772898322
1720,"Latina Student Faces Backlash for Filming 'Build a Wall' Chant, Because Tolerance is Key",latina student faces backlash for filming 'build a wall' chant,sarcasm,0,0.8555517792701721,0.8762304782867432,-0.020678699016571045,0.9330384731292725,0.016824108947695062,264.214111328125,12,0.8571428571428571,0.01569754092431793
1721,universal remote latest step in area man's plan for total living room domination,The universal remote is the latest step in a local man's plan for total living room domination.,satire,0,0.9603347778320312,0.9839021563529968,-0.023567378520965576,0.8740445375442505,0.3898938932918353,177.73023986816406,6,0.35294117647058826,0.3407846276535896
1722,"Finally, Wapo shares photos of Jason Rezaian not in prison – what a relief for everyone.",wapo shares photos of jason rezaian not in prison,sarcasm,0,0.9861595034599304,0.8332635760307312,0.15289592742919922,0.9430183172225952,0.09170230785170237,1362.912353515625,10,0.625,0.08647695603574075
1723,Preparing for retirement after a divorce. Because nothing makes financial planning simpler than splitting all your assets and starting over.,how to prepare for retirement after a divorce,sarcasm,1,0.6581782102584839,0.6274979710578918,0.03068023920059204,0.7312797904014587,0.07714073404379711,58.89423370361328,18,0.9,0.05641145982296262
1724,systems administrator would so fuck new trainee,A system administrator would be able to recruit a new trainee.,sarcasm,0,0.5415728092193604,0.8121169209480286,-0.2705441117286682,0.7707192897796631,0.04411629359322707,63.4509162902832,8,0.7272727272727273,0.03400127846588307
1725,You owe me!—the universal cry of the entitled,you owe me!,sarcasm,1,0.5022538304328918,0.8510879278182983,-0.3488340973854065,0.5711612701416016,0.021460411779726157,431.01690673828125,7,0.875,0.01225735604987018
1726,Marry him? Only if you're aiming for a lifetime of 'I told you so',"if you're aiming for a lifetime of 'i told you so', marry him",sarcasm,1,0.8544936180114746,0.7128136157989502,0.14168000221252441,0.9529624581336975,0.4820099990656716,80.93375396728516,7,0.5,0.4593374335546436
1727,high school suspends hunky student for wearing shirt,High school suspends a student for wearing a shirt.,sarcasm,0,0.8912132382392883,0.8745591640472412,0.01665407419204712,0.8945873379707336,0.14923729480049117,44.99002456665039,4,0.4444444444444444,0.133505794281525
1728,"Paul Ryan crushes a Trump-loving opponent? In the GOP? That's like the pot calling the kettle black, but with more drama.",paul ryan crushes trump-loving opponent in gop,irony,0,0.7667392492294312,0.8905760049819946,-0.12383675575256348,0.8839699625968933,0.004470346785554712,539.4387817382812,20,0.9523809523809523,0.00395165228082194
1729,nation not sure what signals it gave off to make candidates think it would be into them,The nation is not sure what signals it gave off to make candidates think it would be in them.,sarcasm,1,0.7409563064575195,0.7717221975326538,-0.030765891075134277,0.9036526083946228,0.7252761279126532,118.17017364501953,4,0.21052631578947367,0.6553976647946211
1730,"Jason Miller declines top job—shocking, since Trump's administration is known for its stability and competence.",jason miller declines top job in trump administration,irony,0,0.9534898400306702,0.8884713649749756,0.06501847505569458,0.914225697517395,0.02709850435615371,2679.269775390625,12,0.8,0.024774149046682792
1731,sad 38-year-old googles 'jobs caring for baby animals',A 38-year-old googles 'jobs caring for baby animals'.,sarcasm,0,0.8715763092041016,0.9082890748977661,-0.03671276569366455,0.9349696636199951,0.6803749333171202,107.9087905883789,2,0.25,0.6361299225389845
1732,look at it: it's goddamn beautiful,Look at it.,sarcasm,1,0.6546529531478882,0.609533965587616,0.04511898756027222,0.4530509412288666,0.0417991745584234,21.18109703063965,5,0.8333333333333334,0.018937155376283415
1733,Terror suspects planned attack; French security impressed.,terror suspects planned attack in france,sarcasm,0,0.8853873610496521,0.8001824617385864,0.08520489931106567,0.8790227770805359,0.07308015504567583,890.4573364257812,5,0.7142857142857143,0.06423912083772611
1734,halloween unfortunately not only night of year area man drunk in firefighter uniform,An area man is drunk in a firefighter uniform for the night of the year.,understatement,1,0.6513538956642151,0.6277152299880981,0.023638665676116943,0.7805626392364502,0.055905111927175045,154.53115844726562,15,1.0,0.0436374417126849
1735,Sammy Davis Jr. smoothly recovers from a tiny on-stage blunder.,sammy daniels jr. recovers from on-stage blunder,understatement,0,0.6004055738449097,0.549109697341919,0.05129587650299072,0.7555664777755737,0.05035983350735684,215.9993896484375,7,0.7,0.03805020202451792
1736,"Why does this town have two grenade launchers? For community defense, obviously.",why this town has two grenade launchers,rhetorical_question,0,0.7410129904747009,0.7686874866485596,-0.027674496173858643,0.9262117147445679,0.04836067244628849,371.0957336425781,8,0.6666666666666666,0.04479222135267724
1737,"old, wizened fantasy character confirms that the darkness is rising",An old fantasy character confirms that the darkness is rising.,satire,0,0.8743153214454651,0.728489875793457,0.14582544565200806,0.9307224154472351,0.6389431042462724,224.8335723876953,3,0.3,0.5946786693174452
1738,"Under Trump, union rules tilted for employers? Big surprise, given his pro-worker stance.","under trump, union rules tilted for employers",sarcasm,0,0.9661652445793152,0.9046157002449036,0.06154954433441162,0.9062848687171936,0.17447394295753052,2449.0859375,9,0.6923076923076923,0.15812309448783668
1739,doctor informs woman he's overweight,A doctor informs a woman that he is overweight.,sarcasm,0,0.9286091923713684,0.9652383923530579,-0.03662919998168945,0.9527095556259155,0.056122223243057295,82.15592193603516,6,0.6666666666666666,0.05346817836663154
1740,How to clean your grill with aluminum foil and elbow grease – the secret technique chefs hate!,how to clean your grill with aluminum foil and elbow grease,overstatement,1,0.5077571868896484,0.6723940372467041,-0.16463685035705566,0.9635721445083618,0.5176526474654245,75.87007904052734,7,0.4117647058823529,0.4987956716286901
1741,pope francis spends weekend installing stained glass storm windows in st. peter's basilica,Pope Francis spent the weekend installing stained glass storm windows in St. Peter's Basilica.,sarcasm,0,0.7791915535926819,0.9126489162445068,-0.13345736265182495,0.9697993993759155,0.4324227075463215,38.21564483642578,7,0.5,0.4193632820549298
1742,new study finds box still world's most popular container,A new study finds that the box remains the world's most popular container.,understatement,0,0.8750542402267456,0.8435121178627014,0.03154212236404419,0.9279842972755432,0.13440569963077395,44.021305084228516,6,0.46153846153846156,0.1247263787216915
1743,daddy issues worked out on dance floor,Daddy issues were discussed on the dance floor.,sarcasm,0,0.7679085731506348,0.7219089865684509,0.04599958658218384,0.894810140132904,0.03655552228545124,66.2860336303711,5,0.625,0.03271025201887612
1744,nursing-home residents mate in captivity,Nursing-home residents are in captivity.,irony,0,0.7820606231689453,0.9229690432548523,-0.14090842008590698,0.8510146141052246,0.06389431042462725,157.7317657470703,3,0.6,0.054374991929533587
1745,depleted bruegger's bagels gift card living out quiet retirement in wallet's fourth row,A depleted Bruegger's Bagels gift card is enjoying a quiet retirement in his wallet's fourth row.,satire,1,0.7141883373260498,0.5961194634437561,0.1180688738822937,0.937451958656311,0.0925159978069645,340.4208068847656,8,0.5,0.08672930335118184
1746,Son repays mom's 20 years of care with 20 adventures—because who needs gratitude when you have a scavenger hunt?,son repays mom's 20 years of care with 20 adventures,understatement,0,0.648469090461731,0.916965126991272,-0.268496036529541,0.7847923636436462,0.30892613617413284,322.5683898925781,11,0.5789473684210527,0.24244287259939665
1747,"breaking: fuck, fuck, fuck, this got out of hand","Breaking news: fuck, fuck, fuck, fuck, this got out of hand.",overstatement,1,0.9487968683242798,0.8473528623580933,0.10144400596618652,0.7727524042129517,0.5706745777055999,33.302528381347656,4,0.36363636363636365,0.44099015194521324
1748,grandson has long hair,Grandfather has long hair.,understatement,1,0.6153618693351746,0.6246004700660706,-0.009238600730895996,0.8266733884811401,0.16990442448471224,592.75341796875,2,0.5,0.14045546630671507
1749,eco-friendly junkies launch needle re-use program,Eco-friendly junkies have launched a needle re-use program.,satire,0,0.9477155804634094,0.9578947424888611,-0.01017916202545166,0.8728268146514893,0.06500593260343691,188.7876739501953,5,0.625,0.056738921087707235
1750,specifics of hostile takeover fiercely boring,The specifics of a hostile takeover are very boring.,understatement,0,0.9441094398498535,0.7224277853965759,0.2216816544532776,0.9192115664482117,0.07171781507224269,137.44705200195312,5,0.5555555555555556,0.06592384513479936
1751,Hugh Hefner fans thank him for the articles: because Playboy was always about the thought-provoking content.,hugh hefner fans thank him for the articles,satire,0,0.9591487050056458,0.9648787975311279,-0.005730092525482178,0.7856802344322205,0.19018379497840193,735.8645629882812,11,0.6875,0.1494236486238402
1752,report: america ready for third ketchup brand,A report indicates that America is ready for a third ketchup brand.,irony,0,0.8825516700744629,0.8794865608215332,0.0030651092529296875,0.9624719619750977,0.05094110796339642,151.63766479492188,8,0.6666666666666666,0.04902938812671542
1753,"despite armie hammer profile in 'good housekeeping' magazine, 'lone ranger' a flop at box office",Armie Hammer's profile in 'Good Housekeeping' magazine is a flop at the box office.,irony,0,0.8234732151031494,0.7192052006721497,0.10426801443099976,0.7293344736099243,0.08662350693165403,71.64225769042969,10,0.6666666666666666,0.06317750983024352
1754,scientists announce shrimp just as dumb as they thought,Scientists announce that shrimp are not as dumb as they thought.,satire,0,0.9327213764190674,0.880679726600647,0.05204164981842041,0.9500575661659241,0.2596535889340338,68.82676696777344,5,0.45454545454545453,0.24668585674891547
1755,"Fear is such a hilarious concept, everyone's laughing.",fear is a hilarious concept,sarcasm,0,0.9689738154411316,0.9362859129905701,0.03268790245056152,0.8886560201644897,0.06900940978236146,486.4809265136719,5,0.625,0.06132562745109374
1756,"John Kasich decides not to run in 2020, sparing us from another candidate.",john kasich decides not to run in 2020,sarcasm,1,0.609801709651947,0.7991843223571777,-0.1893826127052307,0.9036482572555542,0.276715788893083,151.0858917236328,8,0.6153846153846154,0.2500537403883303
1757,20 struggles every tall girl knows: like being a human giraffe and never fitting in cars.,20 struggles every tall girl knows,overstatement,0,0.8256348967552185,0.8470673561096191,-0.021432459354400635,0.8368780612945557,0.14351442318493668,7250.70556640625,11,0.6875,0.12010407224281625
1758,"Massachusetts is the best place for women, if you're into that whole equality thing.",massachusetts is the best place for women,sarcasm,0,0.6121832728385925,0.9866634607315063,-0.3744801878929138,0.9189363718032837,0.22616792214653433,75.61138153076172,9,0.6428571428571429,0.2078339297956238
1759,obama to wait for next bruce springsteen album for word on economy,Obama will wait for the next Bruce Springsteen album to discuss economic issues.,satire,0,0.9129682779312134,0.947396993637085,-0.03442871570587158,0.8813399076461792,0.04131551591106297,59.12679672241211,9,0.6923076923076923,0.03641301297741049
1760,Who has solved the student debt crisis? Certainly not us.,who has solved the student debt crisis?,rhetorical_question,1,0.5989684462547302,0.8694788217544556,-0.27051037549972534,0.9303355813026428,0.5270837136273565,125.52491760253906,4,0.4,0.49036473311266243
1761,So we should just accept it? Great diplomatic strategy.,so we should just accept it,rhetorical_question,0,0.9848572015762329,0.6849726438522339,0.299884557723999,0.6901108622550964,0.3081980909598119,76.17792510986328,5,0.5555555555555556,0.21269085029765042
1762,Making a living and a loving: the romantic ideal that ignores rent and reality TV.,making a living and a loving,sarcasm,0,0.8971685171127319,0.6101552844047546,0.2870132327079773,0.5903998613357544,0.11337974147240094,76.25115203857422,11,0.7333333333333333,0.0669393836435892
1763,gunman opens fire in own mcdonald's,A gunman opened fire in his own McDonald's.,sarcasm,0,0.5062794089317322,0.6584586501121521,-0.15217924118041992,0.9288527965545654,0.06985342056580097,75.66822814941406,4,0.5,0.06488354504144643
1764,Rescued lion obsessed with blankets since baby – he's basically a security blanket addict.,rescued lion obsessed with blankets since baby,overstatement,1,0.7601370811462402,0.7171614766120911,0.04297560453414917,0.883071780204773,0.29765372490051634,3798.541748046875,8,0.5714285714285714,0.2628496047324807
1765,woman's parents accepting of mixed-attractiveness relationship,A woman's parents are accepting of a mixed-attractiveness relationship.,satire,0,0.9264019131660461,0.9301928877830505,-0.0037909746170043945,0.9583501219749451,0.07583235673413397,130.51910400390625,4,0.4444444444444444,0.07267394832580483
1766,Three minutes of breathing ends work stress. Who needs vacations?,three minutes of breathing ends work stress,overstatement,0,0.8406567573547363,0.9663182497024536,-0.12566149234771729,0.7884001731872559,0.4004970149398301,5860.0244140625,5,0.5,0.31575191593954105
1767,"Trump's 'do not congratulate' blunder is the meme to end all memes, surpassing all previous internet failures.",donald trump's 'do not congratulate' blunder is the meme to end all memes,overstatement,0,0.8971827030181885,0.8383343815803528,0.05884832143783569,0.9448245763778687,0.5411893503706742,151.12530517578125,8,0.47058823529411764,0.5113289987041861
1768,Kim Kardashian just wore her most confusing look yet – I'm utterly baffled.,kim kardashian just wore her most confusing look yet,overstatement,0,0.6621693968772888,0.7415795922279358,-0.07941019535064697,0.9528357982635498,0.46548383647045716,627.6674194335938,6,0.46153846153846156,0.4435296629021077
1769,To your health! Cheers from the fast-food line and soda machine.,to your health! Cheers from the fast-food line and soda machine,irony,0,0.9702900648117065,0.9506539106369019,0.019636154174804688,0.9959173202514648,0.7860753021519787,151.0553436279297,2,0.18181818181818182,0.7828660084350592
1770,Weekend roundup: Orlando shooting shows clash of civilizations within—let's oversimplify complex tragedies!,weekend roundup: orlando shooting shows clash of civilizations within,sarcasm,0,0.6196844577789307,0.8528454899787903,-0.23316103219985962,0.9370611906051636,0.3347189874003768,985.9669799804688,6,0.5,0.31365217285155184
1771,This will make you never want to check a bag—unless you enjoy losing your stuff.,this will make you never want to check a bag,irony,0,0.6144692897796631,0.5547909140586853,0.05967837572097778,0.8965096473693848,0.4608636396914616,67.82086181640625,7,0.4666666666666667,0.41316869910516346
1772,'what about that whole birth certificate thing?' romney suggests to staff,Romney suggests to staff that the birth certificate is the whole thing.,sarcasm,0,0.6554346084594727,0.8604915738105774,-0.20505696535110474,0.9289346933364868,0.11530568323789493,126.78636932373047,10,0.8333333333333334,0.10711144949854802
1773,overweight woman encased in geo metro,An overweight woman is encased in a geo metro.,understatement,0,0.6451323628425598,0.7231501340866089,-0.07801777124404907,0.9630805850028992,0.07583235673413397,540.748046875,4,0.4444444444444444,0.07303267048565829
1774,super fan attends screening of 'infinity war' dressed as marvel's vp of marketing,A super fan attended a screening of 'Infinity War' dressed as Marvel's Vp of Marketing.,satire,0,0.9487943649291992,0.8983544111251831,0.05043995380401611,0.956592857837677,0.050317476265301385,112.90489196777344,8,0.5333333333333333,0.048133338419804134
1775,panicked studio delays 'man of steel' to get more shots of people looking up in awe,The studio delays 'Man of Steel' to get more shots of people looking up in awe.,satire,0,0.9338053464889526,0.9087994694709778,0.025005877017974854,0.9432889223098755,0.5676721706387806,108.71920013427734,4,0.25,0.5354788700671631
1776,Twitter's new anti-troll measure is 'perfectly timed'. If you enjoy watching the barn door get nailed shut five years after the horse bolted.,twitter's new anti-troll measure is 'perfectly timed',sarcasm,0,0.9470393061637878,0.9455047249794006,0.001534581184387207,0.7811914682388306,0.06252481112728754,87.70140838623047,18,0.782608695652174,0.048843849005881325
1777,new evidence suggests humans may have been dipping crunchy things into gooey things earlier than previously thought,New evidence suggests humans may have been dipping crunchy things into gooey things earlier than previously thought.,satire,0,0.528409481048584,0.5337758660316467,-0.005366384983062744,0.9902347326278687,0.8702397637697912,54.97968292236328,2,0.11764705882352941,0.8617416397987188
1778,trump turns on fox news and tells aides to make whatever they're saying a law,Trump turns on Fox News and tells aides to make whatever they're saying a law.,satire,0,0.9642547965049744,0.961766242980957,0.002488553524017334,0.9834222197532654,0.5968774175634496,126.5302963256836,4,0.26666666666666666,0.5869825149008443
1779,study: other countries weird,A study indicates that other countries are unusual.,overstatement,0,0.907645046710968,0.9082879424095154,-0.0006428956985473633,0.7038775682449341,0.05873949094699214,267.21453857421875,6,0.75,0.04134541004771415
1780,writer unwilling to admit his screenplay perfect fit for justin long,The writer is reluctant to admit his screenplay is suitable for justin long.,sarcasm,1,0.6462348699569702,0.7816118001937866,-0.1353769302368164,0.9065622091293335,0.23901088824528133,324.3581848144531,6,0.46153846153846156,0.2166782388536065
1781,13 reasons to feel hopeful? Let's count the ways this month is terrible instead.,13 reasons to feel hopeful,irony,0,0.570569634437561,0.6963741183280945,-0.12580448389053345,0.7937244176864624,0.11054202892156728,527.197509765625,10,0.7142857142857143,0.08773990753565107
1782,area man unsure if he's supposed to want hugo chavez to die or not,A local man is uncertain if he wants Hugo Chavez to die.,sarcasm,1,0.8675930500030518,0.7457795143127441,0.12181353569030762,0.9227948784828186,0.018975524537465382,114.57040405273438,13,0.9285714285714286,0.017510516859698108
1783,man attempting to determine whether restaurant closed without getting too close,A man is trying to determine if his restaurant is closed without being too close.,understatement,0,0.6339868903160095,0.5739549994468689,0.060031890869140625,0.9399962425231934,0.045466972369917126,91.83209228515625,8,0.5333333333333333,0.04273878318662795
1784,report: getting out of bed in morning sharply increases risk of things getting even worse,A report indicates that getting out of bed in the morning increases the risk of getting worse.,overstatement,0,0.706593930721283,0.7896788716316223,-0.08308494091033936,0.9055746793746948,0.26920508809559307,36.76087951660156,10,0.5882352941176471,0.24378531133820316
1785,nation urged to be extra sensitive to men reliving trauma of not getting something,The nation is urged to be more sensitive to men reliving the trauma of not getting something.,irony,0,0.8894307017326355,0.8566136956214905,0.03281700611114502,0.9575599431991577,0.360056585428503,108.05347442626953,5,0.29411764705882354,0.3447757634914
1786,unstable couple playing with fire by organizing game night,An unstable couple is playing with fire by organizing a game night.,irony,0,0.7104468941688538,0.9136012196540833,-0.2031543254852295,0.9470958709716797,0.37700638045494705,166.68495178222656,4,0.3333333333333333,0.3570611862588585
1787,millionaire thinks of self as upper-middle class,A millionaire considers himself an upper-middle class.,understatement,0,0.9379574060440063,0.9409794807434082,-0.0030220746994018555,0.9267281293869019,0.039281465090051315,97.7055435180664,6,0.8571428571428571,0.036403238662480145
1788,corn lobby tightens the screws,The corn lobby tightens the screws.,sarcasm,0,0.6896950602531433,0.8279628157615662,-0.13826775550842285,0.9616509675979614,0.5081327481546147,364.974853515625,2,0.3333333333333333,0.4886463489310965
1789,coworkers unable to put finger on what's weird about gary,Coworkers are unable to explain the strangeness of Gary.,understatement,0,0.8489276170730591,0.666675865650177,0.18225175142288208,0.8245362043380737,0.04537922867531812,95.81455993652344,9,0.9,0.03741681696773628
1790,Tom Cruise's ankle-breaking stunt in slow-mo; he risks it all for art.,tom cruise's ankle-breaking stunt in slow-mo,overstatement,0,0.8586983680725098,0.8378364443778992,0.020861923694610596,0.8925964832305908,0.0743306114738671,424.02069091796875,9,0.75,0.06634724239795319
1791,"The last broadcast? Good riddance, if it was anything like the noise before.",the last broadcast,understatement,0,0.5771601796150208,0.6189335584640503,-0.04177337884902954,0.6948128342628479,0.004820270533339258,3312.464599609375,12,0.9230769230769231,0.0033491858311831394
1792,officemates unwittingly spend entire workday talking to each other on grindr,Officemates spend their entire workday talking to each other on a grindr.,sarcasm,0,0.9435355067253113,0.9569883942604065,-0.013452887535095215,0.9011673927307129,0.5331675363405771,76.44563293457031,5,0.4166666666666667,0.4804731986126955
1793,pope francis worried about job security after butting heads with new god,Pope Francis expressed concern about job security after he met a new god.,sarcasm,0,0.8955971598625183,0.9395549893379211,-0.04395782947540283,0.9207074046134949,0.2044800736021839,178.36282348632812,8,0.6153846153846154,0.18826631786144316
1794,coroner's report concludes alton sterling died of institutionalized causes,A coroner's report concludes that John McCain died of institutionalized causes.,sarcasm,1,0.6223698258399963,0.6851047873497009,-0.06273496150970459,0.4604448676109314,0.15690219308813547,135.87710571289062,5,0.45454545454545453,0.07224480952433134
1795,netflix adds thousands of mediocre new subscribers,Netflix has added thousands of mediocre new subscribers.,irony,0,0.9732003211975098,0.9577797055244446,0.015420615673065186,0.9544937610626221,0.345720784641941,218.9022216796875,4,0.5,0.32998833201040706
1796,hollywood maintenance crews sent out to patch up film industry's plotholes,Hollywood maintenance crews are deployed to patch up the film industry's plotholes.,satire,0,0.9801596403121948,0.9808084964752197,-0.0006488561630249023,0.9310631155967712,0.1239040201758117,100.41088104248047,5,0.4166666666666667,0.11536246305985645
1797,Arab power meets smart power: where oil meets empty phrases.,arab power meets smart power,irony,0,0.8067470788955688,0.8296244144439697,-0.02287733554840088,0.8592677712440491,0.09782458612762486,10602.19140625,7,0.7,0.08405751409475573
1798,woman ejected from bed in cracker-eating incident,A woman was ejected from her bed during a cracker-eating incident.,overstatement,0,0.5501868724822998,0.5405520796775818,0.009634792804718018,0.9699938893318176,0.05012578715739066,88.1104736328125,6,0.5454545454545454,0.04862170724061624
1799,Restaurant bans tips to pay livable wage: because who needs customer generosity anyway?,restaurant bans tips to pay livable wage,irony,0,0.8276718258857727,0.9381454586982727,-0.1104736328125,0.8763689994812012,0.260899397956404,627.6102294921875,8,0.6153846153846154,0.22864414435230151
1800,These girl scouts want something done about Flint's water crisis – because nothing says 'environmental justice' like selling Thin Mints.,these girl scouts want something done about flint's water crisis,sarcasm,0,0.9525579214096069,0.8913127779960632,0.0612451434135437,0.797935962677002,0.2138964145957684,920.0487670898438,12,0.6,0.1706756414936336
1801,"Violence Erupts at Pro-Trump Rally? How Unexpected, Given the Peaceful Vibes.",violence erupts at pro-trump rally,sarcasm,0,0.9146199822425842,0.8995097279548645,0.015110254287719727,0.9067873954772949,0.016182712188007015,121.89362335205078,10,0.9090909090909091,0.014674279436721557
1802,mommy having sleepover,A mother is having a sleepover.,irony,0,0.6456950306892395,0.6273276209831238,0.018367409706115723,0.7069521546363831,0.040824829046386304,89.68256378173828,5,0.8333333333333334,0.028861200857004794
1803,"Shocked? Really? After years of questionable comedy, who saw that coming?","'shocked': 'i'm a samantha samantha samantha, i'm a samantha samantha, i'm a samantha samantha, i'm a samantha samantha, i'm a samantha samantha",sarcasm,1,0.651486873626709,0.8192427158355713,-0.1677558422088623,0.2861559987068176,0.0,5.995837211608887,22,1.0,0.0
1804,These moderately interesting 360-degree photos might slightly remind you of a vacation.,these moderately interesting 360-degree photos might remind you of a vacation,understatement,1,0.5596402883529663,0.5576246976852417,0.0020155906677246094,0.9911477565765381,0.5366551979187751,122.25167083740234,3,0.25,0.531904595472332
1805,Kate Hudson's vocal triumph on Prince's classic redefines music forever,kate hudson's vocal triumph on prince's classic redefines music,overstatement,0,0.6621142625808716,0.5596579909324646,0.10245627164840698,0.960381031036377,0.17861170664603615,1370.815673828125,4,0.4,0.1715352949838871
1806,michael cohen granted prison work release for new job with trump 2020 campaign,Michael Cohen granted a prison work release for a new job with the Trump 2020 campaign.,irony,0,0.882926344871521,0.8755910396575928,0.007335305213928223,0.9578298926353455,0.23578316044531802,177.65347290039062,7,0.4375,0.22584015925456138
1807,Hollywood executive: 'We should have done more to stop Harvey Weinstein' – said everyone after it was too late.,hollywood executive: 'we should have done more to stop harvey weinstein',satire,0,0.8634169697761536,0.7749665975570679,0.0884503722190857,0.8742309808731079,0.23188918537888742,212.11520385742188,12,0.631578947368421,0.20272470998765071
1808,green party official caught embezzling campaign funds for dime bag,A Green Party official received embezzling campaign funds for a dime bag.,satire,0,0.770621120929718,0.7216967344284058,0.048924386501312256,0.9337011575698853,0.23462350320528,172.57742309570312,6,0.5,0.21906823653587162
1809,11 great things about preschoolers: like miniature humans who destroy everything.,11 great things about preschoolers,overstatement,0,0.9861878752708435,0.9839374423027039,0.0022504329681396484,0.8285033702850342,0.20142070913129906,504.5609130859375,7,0.6363636363636364,0.16687773636048284
1810,Planned Parenthood apologizes for undercover video statements—a masterclass in damage control under pressure.,planned parenthood apologizes for undercover video statements,satire,0,0.9863944053649902,0.9758753776550293,0.010519027709960938,0.9054237604141235,0.17447394295753052,1150.66650390625,9,0.6923076923076923,0.15797285352688656
1811,rash of high-speed chases threatens local fruit stand,A high-speed chase threatens a local fruit stand.,satire,0,0.7236371636390686,0.7981454730033875,-0.07450830936431885,0.8470052480697632,0.06985342056580097,121.1242446899414,5,0.625,0.05916621381485775
1812,Actors dating costars: the scandal that defines Hollywood decadence.,actors dating costars,overstatement,0,0.9602496027946472,0.9462169408798218,0.01403266191482544,0.7709943056106567,0.015377056977980369,38376.68359375,8,0.8888888888888888,0.011855623367073478
1813,Vice president Pence pushes expansive NATO and defense of European micro-states: does president Trump even know where Europe is?,vice president pence pushes expansive nato and defense of european micro-states,rhetorical_question,0,0.601725161075592,0.9437956809997559,-0.3420705199241638,0.8735017776489258,0.05933163257416768,771.0132446289062,13,0.6842105263157895,0.051826286524348376
1814,rick gates fondly recalls manafort finding him as hapless street urchin and teaching him how to pickpocket,Rick Gates recalls finding him as a hapless street urchin and teaching him how to pickpocket.,satire,0,0.6889218688011169,0.6760849952697754,0.012836873531341553,0.8565531373023987,0.5095172447616116,85.45879364013672,6,0.35294117647058826,0.43642859451023264
1815,study: uneducated outbreeding intelligentsia 2-to-1,A study indicates that an unqualified person is compared to Intelligentsia.,overstatement,0,0.5186909437179565,0.6277475357055664,-0.10905659198760986,0.5628257989883423,0.0,97.52848052978516,11,1.0,0.0
1816,Simple Sicilian swordfish? Because Italian cuisine is notoriously simple. Not.,simple sicilian swordfish,understatement,1,0.6566566824913025,0.5441966652870178,0.11246001720428467,0.8231257200241089,0.0,459.125,10,1.0,0.0
1817,"gifted, passionate student really stretching limits of school's resources","A gifted, passionate student is extending the limits of the school's resources.",sarcasm,1,0.57157963514328,0.5552529096603394,0.016326725482940674,0.8987399339675903,0.11094660471566163,131.44570922851562,6,0.5,0.09971214419608208
1818,A minor incident: eight people politely detained as police gently dismantle a camp.,a minor incident: eight people detained as police dismantle a camp,understatement,0,0.9033427834510803,0.721479058265686,0.1818637251853943,0.9295779466629028,0.31530788046040353,416.55584716796875,4,0.3076923076923077,0.2931032520850139
1819,burger king unveils new low-fat cashier,Burger King unveils a new cashier with low-fat content.,satire,0,0.9350090026855469,0.9535284042358398,-0.01851940155029297,0.9447713494300842,0.03391326091030751,110.77889251708984,6,0.6666666666666666,0.032040277273805755
1820,"Democrats reopen government without dreamer protections, showing their commitment to... compromise?",democrats reopen government without dreamer protections,sarcasm,0,0.8947052359580994,0.7856533527374268,0.10905188322067261,0.8817446231842041,0.22083358203177395,5526.41357421875,7,0.6363636363636364,0.19471882357502454
1821,all flights grounded after faa officials suddenly realize that man was not meant to fly,All flights were grounded after FAA officials realized that a man was not meant to fly.,overstatement,0,0.9425837397575378,0.8958714604377747,0.046712279319763184,0.9356459379196167,0.2878787818101127,55.77374267578125,7,0.4375,0.2693526128138796
1822,Milo Ventimiglia tries to defend Crock-Pot on Ellen – the slow cooker's savior has arrived.,milo ventimiglia tries to defend crock-pot on emma,satire,0,0.9111883044242859,0.7047656178474426,0.20642268657684326,0.7568265795707703,0.06157969090353148,356.70880126953125,11,0.7333333333333333,0.046605146837545006
1823,Michael Bolton crooning John Bolton's war chants is oddly soothing—like a lullaby for impending global conflict.,michael bolton crooning john bolton's chants is oddly soothing,satire,0,0.9438577890396118,0.8846254944801331,0.05923229455947876,0.8588641881942749,0.05859255724531405,1767.65966796875,12,0.75,0.050323049112723235
1824,"Burglary suspect falls through restaurant ceiling, ruins dinner: The most unexpected dinner party crash.","a burglary suspect falls through the restaurant ceiling, ruins dinner",overstatement,0,0.5910192728042603,0.5759660601615906,0.015053212642669678,0.9099525213241577,0.12238313665387371,666.9395141601562,9,0.6428571428571429,0.11136284376575133
1825,clinton assures tim kaine she'll continue serving as president in event of her death,Clinton assures Tim Kaine that she will continue to serve as president in the event of her death.,sarcasm,0,0.7195847630500793,0.7086451649665833,0.010939598083496094,0.9590746164321899,0.09661884164171466,16.997163772583008,10,0.5555555555555556,0.09266467848764999
1826,"Trump ominously tweets 'only one thing will work'? Let's all guess his mysterious, peaceful solution—or not.",donald trump ominously tweets 'only one thing will work',sarcasm,0,0.5138543844223022,0.897111713886261,-0.38325732946395874,0.8897861242294312,0.2698643903177272,253.73179626464844,11,0.6875,0.2401215899283489
1827,Corbett's friend messes with endorsements – democracy at its finest.,corbett's friend messes with endorsements,sarcasm,0,0.9781641960144043,0.8261343836784363,0.15202981233596802,0.7982603907585144,0.24601580968354606,1020.2933349609375,6,0.6,0.1963846763707598
1828,family upgrades to shells & cheese,Family upgrades include shells and cheese.,understatement,0,0.5108417868614197,0.6512708067893982,-0.14042901992797852,0.9262604117393494,0.048549177170732344,1301.4647216796875,4,0.6666666666666666,0.04496918083576916
1829,biden urges paul ryan to check out nude scene from 'porky's' on phone,Joe Biden urges Paul Ryan to check out a nude scene from 'Porky's' on the phone.,sarcasm,0,0.7143721580505371,0.689081609249115,0.02529054880142212,0.9539265036582947,0.11002068284361832,112.27696228027344,8,0.5,0.10495164531511095
1830,newly discovered dna evidence suggests children could be closely related to humans,A newly discovered evidence suggests that children may be closely related to humans.,irony,0,0.769978940486908,0.6795210838317871,0.09045785665512085,0.9148647785186768,0.2691109110344472,45.99028396606445,5,0.38461538461538464,0.24620009402048884
1831,girl finally speaking up enough for people to critique her speaking voice,A girl is finally speaking up enough for people to critique her speaking voice.,sarcasm,0,0.8644781112670898,0.8600978255271912,0.004380285739898682,0.9519841074943542,0.6930977286178778,149.27963256835938,3,0.21428571428571427,0.6598180225846545
1832,Millennials in Cuba: because Florida was too mainstream.,millennials in cuba,satire,0,0.9353562593460083,0.8280020356178284,0.10735422372817993,0.8377904891967773,0.021460411779726157,1458.1844482421875,7,0.875,0.01797932888330106
1833,Americans dislike media and Trump—who saw that coming? Everyone.,americans dislike media and donald trump,rhetorical_question,0,0.7995400428771973,0.9472306370735168,-0.14769059419631958,0.8683912754058838,0.1225504602011117,2505.69189453125,6,0.6666666666666666,0.10642175043562138
1834,"As a millennial, my election issues include: student debt, climate change, and why my coffee is cold.","as a millennial, my election issues include student debt, climate change, and why my coffee is cold",satire,1,0.641208827495575,0.6069256067276001,0.034283220767974854,0.9729623198509216,0.6964705665515707,94.13053894042969,3,0.17647058823529413,0.6776396181399019
1835,otherwise savvy woman duped by mascara makers again,A woman who is otherwise savvy is being duped by mascara makers again.,sarcasm,0,0.8757376074790955,0.744100034236908,0.1316375732421875,0.9185177683830261,0.23901088824528133,179.11196899414062,7,0.5384615384615384,0.21953574769030065
1836,god completely fucked up after huffing gaseous planet,A god is completely fucked up after huffing a gaseous planet.,satire,0,0.6413348913192749,0.7457298636436462,-0.10439497232437134,0.9338477253913879,0.38163309113713373,158.33370971679688,4,0.36363636363636365,0.3563871940924966
1837,"lone, weak bystander targeted by pack of female friends who want their picture taken",A bystander is targeted by a group of female friends who want their picture taken.,irony,0,0.8223564624786377,0.8981677293777466,-0.07581126689910889,0.8894461393356323,0.4546697236991713,56.716705322265625,6,0.4,0.40440423041702656
1838,laptop guy at coffee shop nine times out of ten,A laptop man at a coffee shop has been reported to be nine times out of ten times.,overstatement,0,0.8319811224937439,0.8086568117141724,0.023324310779571533,0.8512210845947266,0.24623953025272619,72.23115539550781,9,0.5,0.20960428001182158
1839,5 fun tips to prevent summer slide—as if kids ever stop learning.,5 fun tips to prevent the summer slide,understatement,1,0.7026941776275635,0.6425856351852417,0.06010854244232178,0.9036291241645813,0.3281829856080946,670.0263671875,7,0.5833333333333334,0.2965557038507599
1840,"alan alda realizes it's less important than what's going on, but wonders if people know he's getting sag life achievement award","Alan Alda realizes it's less important than what's going on, but wonders if people know he's getting a Sag Life Achievement award.",satire,0,0.8528578877449036,0.8523592948913574,0.0004985928535461426,0.980252742767334,0.6572484646088462,109.62112426757812,7,0.3181818181818182,0.6442696101124405
1841,Emergency wisdom? Who needs it when you have panic?,what it's like to have emergency wisdom in your life,rhetorical_question,1,0.8977000117301941,0.6427236199378967,0.25497639179229736,0.7012939453125,0.021105340631872645,42.44682693481445,10,1.0,0.014801047598890178
1842,"Finally, an interactive globe to solve the earth-shattering mystery of global beer consumption.",this interactive globe is a way to solve the mystery of global beer consumption,sarcasm,0,0.8680114150047302,0.943599283695221,-0.07558786869049072,0.9476428031921387,0.2865612242047131,115.2958984375,7,0.5,0.27155768179152523
1843,'that's it? what the heck was that?' says dad in scorched-earth review of movie you suggested family watch together,A father wrote a scorched-earth review of a movie you suggested a family watch together.,sarcasm,0,0.833890974521637,0.6946625709533691,0.13922840356826782,0.793859601020813,0.09574688675687838,91.9466323852539,13,0.6842105263157895,0.07600958531980044
1844,'Tis the season for the groundbreaking 'Jingle Butts' video—a musical revolution we've all awaited.,'tis the season for the groundbreaking 'jingle butts' video,overstatement,0,0.6892297267913818,0.7731260657310486,-0.08389633893966675,0.91169273853302,0.2560797001652275,303.7333679199219,9,0.6428571428571429,0.23346600312635093
1845,Adding stress relief to your to-do list: the perfect way to stress about not having time for it.,adding stress relief to your to-do list,irony,0,0.9389991164207458,0.7477076053619385,0.19129151105880737,0.9095900058746338,0.12772112425298793,74.55583190917969,13,0.7222222222222222,0.11617385815959012
1846,Faith groups rally against racism on the anniversary of MLK's death – because nothing says progress like repeating history.,faith groups rally against racism on the anniversary of mlk's death,irony,0,0.9321251511573792,0.8567268252372742,0.07539832592010498,0.9179675579071045,0.337740874348092,157.70770263671875,10,0.5263157894736842,0.31003516563072825
1847,newly unearthed journals reveal j. robert oppenheimer annoyed trinity test researchers by quoting 'bhagavad gita' every time they did anything,Journals reveal J. Robert Oppenheimer annoyed trinity test researchers by quoting 'Bhagavad Gita' every time they did anything.,satire,0,0.8683648705482483,0.8621896505355835,0.006175220012664795,0.9792836904525757,0.3684981984538114,105.32778930664062,9,0.45,0.36086427570697405
1848,"Senate Report on CIA Torture is Accurate: Mildly Disturbing, But Move Along",senate report on cia torture is akcurate,understatement,0,0.7327954173088074,0.9172135591506958,-0.18441814184188843,0.8922962546348572,0.019229913610012243,3696.103759765625,10,0.8333333333333334,0.01715877989116579
1849,kidnapping going pretty smoothly,The kidnapping process is smooth.,irony,0,0.9864686727523804,0.9849424362182617,0.0015262365341186523,0.8851104378700256,0.05372849659117709,847.0201416015625,4,0.8,0.04755565314391493
1850,A GOP strategist calls Trump a 'little child' – is that really the best insult we have nowadays?,gop strategist calls donald trump a 'little child',rhetorical_question,0,0.6130867004394531,0.8251019716262817,-0.2120152711868286,0.8383200168609619,0.04952533158709242,716.6077880859375,14,0.7777777777777778,0.04151807681113605
1851,"Ted Cruz Says GOP Planned to Cave: How shocking, politicians might lack backbone.",ted cruz says gop planned to cave,sarcasm,0,0.790195882320404,0.7199108600616455,0.07028502225875854,0.8990737795829773,0.014017732413740807,5309.90234375,12,0.9230769230769231,0.012602975662404758
1852,"Revenge so creative it's basically art, because violence is genius.",revenge is so creative it's basically art,overstatement,0,0.9155049324035645,0.9442181587219238,-0.028713226318359375,0.8790879249572754,0.28319415510892393,506.23028564453125,7,0.7,0.24895256217473272
1853,Gabby Reece dishes on fitness show—because we lacked exercise commentary.,gabby reece dishes on fitness show,understatement,0,0.7606200575828552,0.6323809623718262,0.12823909521102905,0.8442705869674683,0.10373672493717558,3185.751220703125,7,0.7,0.08758186565279202
1854,each line of mastercard billing statement evokes infuriating vacation memory,Each line of Mastercard billing statement evokes a vacation memory.,irony,0,0.6750159859657288,0.7067383527755737,-0.03172236680984497,0.903526246547699,0.13747081017605653,500.16552734375,4,0.4,0.12420848512824358
1855,J.Lo and A-Rod donate $25k each? Because nothing says ‘thoughts and prayers’ like a tax-deductible photo op.,j.lo and a-rod donate $25k each,rhetorical_question,0,0.8611707091331482,0.5513575673103333,0.30981314182281494,0.7969202995300293,0.01527559510113079,257.7032775878906,14,0.8235294117647058,0.012173431823492597
1856,Ronnie Wood's cancer diagnosis had him saying 'time to say goodbye'? How utterly predictable and not at all alarmist.,ronnie wood's cancer diagnosis had him saying 'time to say goodbye',sarcasm,1,0.8165721893310547,0.533104419708252,0.28346776962280273,0.834840714931488,0.32794083093047144,356.22198486328125,11,0.5789473684210527,0.27377835774922105
1857,Local actions: the unsung heroes saving Earth from your carbon footprint.,local actions: the unsung heroes saving earth from your carbon footprint,sarcasm,0,0.9487091898918152,0.9458461999893188,0.002862989902496338,0.9883512854576111,0.46924700641056,500.4654235839844,3,0.2727272727272727,0.4637808819830128
1858,'what were we talking about again?' says trump 15 seconds into phone call to family of fallen soldier,"Trump said, 'What were we talking about again?' after a phone call to his family of a fallen soldier.",sarcasm,0,0.6211259365081787,0.5625923275947571,0.05853360891342163,0.9000910520553589,0.2852636439147137,32.069091796875,11,0.5789473684210527,0.2567632533643399
1859,personals ad omits goiter,A personals ad omits a goiter.,understatement,1,0.672260582447052,0.7261819243431091,-0.05392134189605713,0.9153389930725098,0.20205155046766235,1218.04150390625,3,0.5,0.18494566275380944
1860,weird girl you drunkenly fooled around with waiting outside door,A strange girl you drunkenly fooled around is waiting outside the door.,sarcasm,1,0.5754309296607971,0.5973556041717529,-0.02192467451095581,0.8848671317100525,0.3646285861936467,182.46392822265625,5,0.4166666666666667,0.32264785120466377
1861,Florida passes bill to limit reproductive rights: Progress at its finest.,florida passes bill to limit reproductive rights,sarcasm,0,0.9807619452476501,0.8707331418991089,0.11002880334854126,0.9394704103469849,0.34718201116725705,280.2401123046875,6,0.5454545454545454,0.32616722649639446
1862,Debt-free before retirement? Who needs financial security anyway?,debt-free before retirement,understatement,1,0.9101610779762268,0.8183292746543884,0.09183180332183838,0.877943217754364,0.021460411779726157,548.1923828125,7,0.875,0.01884102297222644
1863,supposedly educated professor has no idea how to get bird out of lecture hall,An educated professor has no idea how to remove a bird from the lecture hall.,sarcasm,0,0.7677398324012756,0.9076831340789795,-0.13994330167770386,0.8534302711486816,0.42610827239170174,50.83530044555664,6,0.4,0.3636536984459463
1864,study: human hearing most acute when listening to arguing parents from top of stairs,A study indicates that human hearing is most acute when listening to argument parents from the top of the stairs.,overstatement,0,0.8888117671012878,0.8031435608863831,0.08566820621490479,0.93025803565979,0.2510638810897908,111.5218505859375,9,0.45,0.23355419284771187
1865,"report: just 2 more days and you can forget all of this, vanish into 'red dead redemption 2'","A report states that just 2 more days and you can forget all of this, and vanish into'red dead redemption 2'.",satire,1,0.8960941433906555,0.8167930841445923,0.07930105924606323,0.9361088275909424,0.5271017464925504,593.9658203125,8,0.38095238095238093,0.49342459793027943
1866,not even julian assange clear on what's going on with him right now,Julian Assange is not clear on what is happening with him right now.,irony,1,0.9567142128944397,0.830007791519165,0.12670642137527466,0.9294935464859009,0.10120193244194395,24.75715446472168,8,0.6153846153846154,0.09406654309668903
1867,Mitt Romney outshines Sarah Palin in the race to be most irrelevant.,mitt mitt romney outshines sarah palin in the race,overstatement,1,0.5913570523262024,0.8732441067695618,-0.2818870544433594,0.8587713241577148,0.09138232906466222,237.605224609375,9,0.75,0.078476523735476
1868,Darwin Award for political mailer – evolution's joke on voters.,darwin award for political mailer,satire,0,0.9397506713867188,0.8686313033103943,0.07111936807632446,0.8488081097602844,0.09782458612762486,1140.2919921875,7,0.7,0.0830343020390714
1869,national security commission warns clinton: 'the call is coming from inside the house',National Security Commission warns Hillary Clinton that the call is coming from inside the house.,satire,0,0.6184309720993042,0.8523960709571838,-0.23396509885787964,0.9167718291282654,0.33649324423301513,97.27173614501953,8,0.5333333333333333,0.3084875270048054
1870,Who needs shopping deals when you have peaceful protests and church pies?,who needs shopping deals when you have peaceful protests and church pies?,understatement,0,0.580668568611145,0.5257417559623718,0.05492681264877319,1.0,0.9036020036098448,799.7841796875,1,0.08333333333333333,0.9036020036098448
1871,"The clean machine: it cleans so well, it might clean the entire planet!",the clean machine,overstatement,0,0.8880068063735962,0.9178540706634521,-0.029847264289855957,0.7217770218849182,0.004820270533339258,6817.294921875,12,0.9230769230769231,0.003479160510233236
1872,News roundup: because 2017 needed more recycled content,news roundup,satire,0,0.9309030175209045,0.8304598927497864,0.10044312477111816,0.6207563281059265,0.0,373507.09375,8,1.0,0.0
1873,new google streep view to provide panoramic imagery of meryl streep,A new google streep view is intended to provide panoramic imagery of Meryl Streep.,satire,0,0.713272213935852,0.8041425943374634,-0.09087038040161133,0.9834877252578735,0.44534504264163466,105.26036071777344,5,0.35714285714285715,0.43799138294249196
1874,"Pregnant stars match in crop tops, proving maternity wear is all about comfort.","pregnant stars match in crop tops, proving maternity wear is all about comfort",irony,0,0.9805216789245605,0.9792532920837402,0.0012683868408203125,0.9902933239936829,0.8242367502646054,516.2713623046875,2,0.15384615384615385,0.8162361511772872
1875,poll finds majority of americans have never met willem dafoe,A poll indicates that most Americans have never met Willem Dafoe.,overstatement,1,0.6018308997154236,0.5452397465705872,0.056591153144836426,0.9154201745986938,0.10025157431478134,30.162811279296875,7,0.6363636363636364,0.09177231366303107
1876,Watch Harry Potter actors get sorted—the event we've all been waiting for.,watch harry potter actors get sorted,satire,0,0.9866470098495483,0.9747443795204163,0.01190263032913208,0.8666387796401978,0.031760504460270234,1235.6038818359375,10,0.8333333333333334,0.027524884826205652
1877,"Trump's 'sexist smear' of Gillibrand prompts supporters to leap to her defense, because that's never happened before.",donald trump's'sexist smear' of gilibrand prompts her supporters to leap to her defense,satire,0,0.8650731444358826,0.8921718001365662,-0.027098655700683594,0.784180223941803,0.2528100987001951,1066.128173828125,10,0.5882352941176471,0.1982486798134683
1878,"cnn headline news reporter unafraid to face the cold, hard factoids",A CNN headline news reporter is unafraid to face the cold and hard factoids.,satire,0,0.8266400694847107,0.8331890106201172,-0.006548941135406494,0.9405231475830078,0.2658483576665877,127.19498443603516,6,0.42857142857142855,0.25003653413235233
1879,Judge forgot to disclose GOP donation. Just a small oversight in a gerrymandering suit.,judge forgot to disclose gop donation to gerrymandering lawsuit,sarcasm,0,0.6558627486228943,0.7371112704277039,-0.08124852180480957,0.9186657667160034,0.07317324884772676,415.8681640625,10,0.7142857142857143,0.06722175875579782
1880,"Addiction: the habit that's hard to quit, especially when it's killing you.",addiction: the habit that's hard to quit,sarcasm,0,0.616197407245636,0.8743364810943604,-0.25813907384872437,0.9339284896850586,0.30096441267171586,163.45115661621094,7,0.5833333333333334,0.2810792393754463
1881,Because a comedian's take is exactly what policy needs.,a comedian's take is exactly what policy needs,satire,0,0.9742183089256287,0.9792035818099976,-0.0049852728843688965,0.8914142847061157,0.7420884818558928,524.009033203125,2,0.2222222222222222,0.6615082732422181
1882,"Ancestry.com's quiet, unassuming pivot into saving humanity.",ancestry.com's mission to save humanity,satire,0,0.9807313084602356,0.9368577003479004,0.043873608112335205,0.8086833953857422,0.0,87.19352722167969,7,1.0,0.0
1883,The best Rent the Runway dresses for bridesmaids: because nothing says 'eternal memory' like a rented gown.,the best rent the runway dresses for bridesmaids,understatement,0,0.7109681367874146,0.9045714139938354,-0.1936032772064209,0.7755295634269714,0.022678085340107776,627.1767578125,13,0.7647058823529411,0.017587525623173384
1884,How to survive an unpredictable winter: move to the equator and never look back.,how to survive an unpredictable winter,overstatement,1,0.8862431049346924,0.772380530834198,0.11386257410049438,0.844106912612915,0.13394233819643575,203.3096466064453,10,0.7142857142857143,0.1130616535631483
1885,"Buy experiences instead of things, because memories don't break.",buy experiences instead of things,understatement,1,0.5654087662696838,0.5616750121116638,0.0037337541580200195,0.7862147092819214,0.11948321931215808,704.740966796875,6,0.6666666666666666,0.09393946453557642
1886,smooth transaction at dmv exaggerated into story anyway,The smooth transaction at the DMV was exaggerated into the story.,irony,0,0.6089878678321838,0.6332880258560181,-0.02430015802383423,0.854540228843689,0.11731175160264001,473.5828857421875,6,0.5454545454545454,0.10024761106057399
1887,Conservatives altering history? Shocker.,conservatives are altering their history,sarcasm,0,0.9348829984664917,0.924513578414917,0.010369420051574707,0.9017447233200073,0.05372849659117709,615.4925537109375,4,0.8,0.04844938829301094
1888,"Donald Trump assures religious conservatives he's their guy, because his history of moral rectitude is so inspiring.",donald trump assures religious conservatives he's their guy,irony,0,0.9740337133407593,0.9788790941238403,-0.004845380783081055,0.8856751918792725,0.16783660999022343,466.0870666503906,12,0.7058823529411765,0.14864872175745775
1889,Sister calls Manson movie tacky—because nothing respects victims like a film.,sister calls manson movie tacky,sarcasm,0,0.8520771861076355,0.729820191860199,0.12225699424743652,0.8954018354415894,0.019244596474019198,3877.95947265625,9,0.8181818181818182,0.017231647005169527
1890,new yorkers cower as clinton victory speech reverberates across entire state,New Yorkers cower as the Clinton victory speech reverberates across the state.,sarcasm,0,0.9291963577270508,0.9009409546852112,0.0282554030418396,0.9711267948150635,0.2521193618434983,87.88615417480469,6,0.5,0.24483986777789574
1891,local los angeles awards show slated to open for grammys,The Los Angeles awards show is scheduled to open for grammys.,irony,0,0.8573143482208252,0.8980271220207214,-0.04071277379989624,0.9442731142044067,0.11731175160264001,173.07427978515625,6,0.5454545454545454,0.1107743330185987
1892,"Dope cannabis brand is unapologetically Asian-American, because diversity in weed is crucial.",dope cannabis brand is unapologetically asia-american,satire,0,0.9463440179824829,0.9296236634254456,0.016720354557037354,0.8889206647872925,0.18693159143202892,342.4025573730469,8,0.6666666666666666,0.16616735452550568
1893,ghost of alvah roebuck enjoying the hell out of sears' decline,The ghost of Alvah Roebuck is experiencing the decline of Sears.,satire,1,0.7783946394920349,0.5133294463157654,0.26506519317626953,0.9438696503639221,0.05012578715739066,247.52493286132812,9,0.8181818181818182,0.0473122091984627
1894,'elle' magazine accidentally airbrushes naomi watts out of cover altogether,The 'elle' magazine accidentally airbrushed Naomi Watts out of its cover.,irony,0,0.6295756697654724,0.757759153842926,-0.1281834840774536,0.9619565606117249,0.11731175160264001,177.36305236816406,6,0.5454545454545454,0.1128488090910126
1895,u.s. worried about living up to netanyahu campaign promises,The U.S. is concerned about achieving the netanyahu campaign promises.,irony,0,0.9168403744697571,0.95611172914505,-0.03927135467529297,0.8778138160705566,0.04939382737115371,72.14823150634766,8,0.8,0.043358584095002754
1896,Trump orders Syria strikes? Another masterstroke in diplomatic foreign policy.,donald trump orders syria strikes,sarcasm,0,0.9870060682296753,0.94225013256073,0.04475593566894531,0.8311794400215149,0.01976560930094397,7163.2255859375,10,1.0,0.016428768070442655
1897,Science Journalism's Problem: Forgetting Reality Matters – What a Novel Idea.,science journalism's problem: forgetting reality matters,sarcasm,0,0.9611625075340271,0.8843337893486023,0.0768287181854248,0.9728979468345642,0.0,1296.5311279296875,11,1.0,0.0
1898,samsung smart tv owner learning about majority of features from leaked cia documents,A samsung smart TV owner is learning about the majority of features from leaked FBI documents.,irony,0,0.9235248565673828,0.9580073356628418,-0.034482479095458984,0.913156270980835,0.30130404892785684,198.61769104003906,6,0.375,0.2751376817503888
1899,nation's liberals not sure what to think after hearing special counsel has waterboarded every suspect in trump investigation,Liberals are not sure what to think after hearing special counsel waterboarded every suspect in the Trump investigation.,satire,0,0.8829695582389832,0.7377964854240417,0.1451730728149414,0.9313167333602905,0.5918150152544451,73.08057403564453,6,0.3333333333333333,0.5511672267603404
1900,Turkey's president calls Hitler's Germany example of effective government. Historical ignorance at its best.,turkey's president calls huffpost's deutschland example of effective government,sarcasm,0,0.926750898361206,0.967496395111084,-0.04074549674987793,0.7188583612442017,0.0856254083933825,637.5550537109375,9,0.6428571428571429,0.06155254075853245
1901,"Why Scott Walker's views on evolution are totally relevant – in a science class, maybe?",why scott walker's views on evolution are totally relevant,irony,0,0.5680410861968994,0.9430018663406372,-0.3749607801437378,0.9697294235229492,0.3015786021544572,206.9412841796875,9,0.6,0.2924496440140986
1902,Trump disavows Nazis flawlessly—he's a natural at it.,donald trump disavows natos flawlessly,sarcasm,0,0.9618381857872009,0.9728682637214661,-0.011030077934265137,0.5439103841781616,0.029486824119076216,3672.22265625,8,1.0,0.016038189834800626
1903,dying mastermind pulls red lever,A dying mastermind pulls a red lever.,overstatement,0,0.6519941091537476,0.6435514688491821,0.00844264030456543,0.9255787134170532,0.17567205239427922,840.9288940429688,3,0.42857142857142855,0.16259831223843013
1904,"entirety of hollywood film industry replaced with 40,000 christopher plummers","The entire Hollywood film industry has been replaced by 40,000 christopher plummers.",overstatement,0,0.8625878095626831,0.9298276901245117,-0.06723988056182861,0.9721310138702393,0.053863663688318665,151.885009765625,7,0.5833333333333334,0.05236253799209081
1905,mike pompeo can't believe senate just expects he'll answer questions without being tortured first,Mike Pompeo believes the Senate expects him to answer questions without being tortured first.,sarcasm,0,0.6951315999031067,0.7739311456680298,-0.0787995457649231,0.9557709693908691,0.27824623288353134,141.90391540527344,9,0.6428571428571429,0.26593967173245026
1906,dubious inclusions damage credibility of entire record collection,Dubious inclusions damage the credibility of the entire record collection.,understatement,1,0.6723410487174988,0.7400502562522888,-0.06770920753479004,0.9433592557907104,0.07730551756939458,198.2535858154297,4,0.4,0.07292687552277977
1907,Government shutdown possible if Democrats hurt Trump's feelings – because governance is all about feelings.,government shutdown possible if democrats hurt donald trump's feelings,overstatement,0,0.8951142430305481,0.8806852698326111,0.014428973197937012,0.9111891984939575,0.06923487280738622,812.2437744140625,11,0.7333333333333333,0.06308606826119334
1908,governor too embarrassed to say which state he leads,The governor is too embarrassed to tell which state he leads.,sarcasm,0,0.6528788805007935,0.7126169800758362,-0.059738099575042725,0.9390396475791931,0.16306686105372709,104.11652374267578,4,0.36363636363636365,0.15312624773573713
1909,Assad's forces take 'capital of revolution'—revolutionary in the most oppressive way.,syrian forces take 'capital of revolution',irony,0,0.927763044834137,0.9158414006233215,0.01192164421081543,0.7018756866455078,0.22083358203177395,609.5771484375,7,0.6363636363636364,0.1549977220229384
1910,city planner gets halfway through designing city before realizing he's just doing philadelphia again,A city planner begins designing the city before realizing he is doing philadelphia again.,sarcasm,0,0.9112268090248108,0.9603066444396973,-0.049079835414886475,0.9089999198913574,0.10743014571163138,281.1955871582031,8,0.5714285714285714,0.09765399384578978
1911,Can we make eco-friendly sportswear cool? Or will it forever be associated with hemp and guilt?,can we make eco-friendly sportswear cool?,rhetorical_question,1,0.9021859765052795,0.7892270684242249,0.11295890808105469,0.8018825054168701,0.14351442318493668,87.65475463867188,11,0.6875,0.11508170522699397
1912,"Amidst the unity speeches at the DNC, the money quietly flowed to the usual suspects.","amidst the unity speeches at the dnc, the money flowed to the usual suspects",irony,0,0.8954713344573975,0.7930370569229126,0.10243427753448486,0.9228862524032593,0.4507763457323717,340.9523620605469,4,0.26666666666666666,0.41601529238498447
1913,Syria reports a minor incident with at least 18 casualties—just another Tuesday in conflict zones.,syria reports a minor incident with at least 18 casualties,understatement,1,0.9577116966247559,0.5911584496498108,0.36655324697494507,0.9565876722335815,0.4608636396914616,242.87966918945312,7,0.4666666666666667,0.44085647630955127
1914,index finger rips into toilet paper package like velociraptor claw,An index finger rips into a toilet paper package like a Velociraptor claw.,overstatement,1,0.7322514057159424,0.6460528373718262,0.08619856834411621,0.9257200360298157,0.3867706276352344,83.77965545654297,5,0.38461538461538464,0.35804131934976363
1915,report: fritz a fine name for a boy,A report indicates that fritz is a fine name for a boy.,irony,1,0.7005091309547424,0.6540582180023193,0.046450912952423096,0.9713670015335083,0.33180774028439425,184.0710906982422,6,0.5,0.32230708976566114
1916,Yelp fires employee for being poor: capitalism's golden rule,elizabeth elp fires employee for being poor,sarcasm,0,0.9821568131446838,0.8989291191101074,0.08322769403457642,0.470289945602417,0.30895757752065417,4546.28076171875,6,0.6666666666666666,0.145299642325643
1917,"catholic church speaks out against decadent, sinfully rich dessert",The Catholic church is opposed to a decadent dessert that is sinfully rich.,irony,0,0.8936449885368347,0.8558311462402344,0.03781384229660034,0.906938374042511,0.020448007360218394,109.7409439086914,12,0.9230769230769231,0.01854508254768577
1918,obama hosts diplomatic talks at starbucks while oval office carpet cleaned,Obama hosts diplomatic talks at Starbucks while the oval office carpet is cleaned.,irony,0,0.9544391632080078,0.9648826718330383,-0.010443508625030518,0.980940043926239,0.2891784933232572,370.8282775878906,5,0.38461538461538464,0.2836667639430395
1919,unsold google glass units to be donated to assholes in africa,Unsold google glass units will be donated to assholes in Africa.,sarcasm,0,0.6790838837623596,0.7282212972640991,-0.0491374135017395,0.9712539911270142,0.46924700641056,603.6500244140625,3,0.2727272727272727,0.45575802780066
1920,The incredible tale of how a nerd in high-waisted pants conquered our hearts—truly a historical milestone.,the incredible tale of how a nerd in high-waisted pants conquered our hearts,overstatement,0,0.8947760462760925,0.9400827288627625,-0.04530668258666992,0.9394936561584473,0.6543802314413064,156.9124298095703,5,0.3125,0.6147860761546039
1921,"Harry Styles comforts fan mid-panic attack, restores our faith in humanity, because pop stars are saints.","harry styles comforts fan during mid-panic attack, restores our faith in humanity",overstatement,0,0.9698972105979919,0.9439506530761719,0.02594655752182007,0.8542131781578064,0.3362301724861858,895.9703979492188,9,0.5625,0.2872122442319722
1922,brooks brothers unveils new line of monogramed cum rags,The Brooks Brothers have launched a new line of monogramed cum rags.,satire,0,0.8688639998435974,0.9183882474899292,-0.04952424764633179,0.9224216938018799,0.31702331385234306,92.46160888671875,7,0.5833333333333334,0.2924291821383633
1923,Supreme Court weighs if million-dollar tips are insider trading – a tough call for the billionaires.,supreme court weighs if million-dollar tips are insider trading,sarcasm,0,0.8463484644889832,0.8484322428703308,-0.0020837783813476562,0.9283590912818909,0.33353374339709213,235.15359497070312,9,0.5625,0.30963908293197184
1924,"Will anything sink Trump? At this point, probably not.",will anything sink trump?,rhetorical_question,1,0.949351966381073,0.9352783560752869,0.014073610305786133,0.9692332744598389,0.04867843262263999,12441.1328125,7,0.7777777777777778,0.047180756646413996
1925,"wall street firm develops new high-speed algorithm capable of performing over 10,000 ethical violations per second","A Wall Street firm develops a high-speed algorithm capable of performing over 10,000 ethical violations per second.",satire,0,0.9490989446640015,0.9452310800552368,0.0038678646087646484,0.9743330478668213,0.5856596027429395,67.23268127441406,5,0.29411764705882354,0.570627505753
1926,thirtysomething scientists unveil doomsday clock of hair loss,Scientists have released a doomsday clock for hair loss.,satire,0,0.8354000449180603,0.9271652102470398,-0.09176516532897949,0.917961061000824,0.056122223243057295,102.05925750732422,6,0.6666666666666666,0.05151801559392198
1927,"Presidents Day resolution: Trump must go—but he's already president, so...",presidents day resolution: donald trump must go,irony,0,0.7199481725692749,0.5907717347145081,0.12917643785476685,0.9158897399902344,0.02558948059670209,1182.5517578125,9,0.9,0.023437142730198625
1928,"Chrissy Teigen gives the middle finger to pregnancy critics—so elegant, so maternal.",chrissy teigen gives the middle finger to pregnancy critics,sarcasm,0,0.9715963006019592,0.8945884704589844,0.07700783014297485,0.9514901041984558,0.420886844306855,697.6296997070312,6,0.5,0.4004696673452887
1929,DOJ official suggests reporters might not be jailed—how magnanimous of them.,dj official suggests reporters may not be jailed,sarcasm,0,0.9565284252166748,0.7467935681343079,0.20973485708236694,0.7705767750740051,0.11880509436980435,752.3824462890625,6,0.5454545454545454,0.09154844648184668
1930,"Tamra Judge on 'RHOC' Ahead: More Drama, More Tears, More Why Are We Watching This?","tamra judge on 'rhoc' ahead: more drama, more tears, more why are we watching this?",sarcasm,1,0.8415427803993225,0.7986703515052795,0.04287242889404297,1.0,0.013217947626377298,264.9368896484375,14,0.9333333333333333,0.013217947626377298
1931,Seven secrets school leaders hide about New Orleans kids; it's all sunshine and rainbows.,seven secrets school leaders hide about new orleans kids,satire,0,0.9806860685348511,0.9334477186203003,0.04723834991455078,0.9034004211425781,0.2560797001652275,3339.941162109375,9,0.6428571428571429,0.23134250897533168
1932,"Clinton's bold pre-9/11 claim: hindsight is 20/20, right?",hillary clinton's bold pre-9/11 claim,sarcasm,0,0.5723922848701477,0.8757772445678711,-0.3033849596977234,0.7523972988128662,0.06235704094727466,111.82649230957031,7,0.875,0.04691726917069274
1933,frustrated wildfire spends hours stuck in l.a. traffic,A frustrated wildfire has spent hours in L.A. traffic.,irony,0,0.6483842134475708,0.690313458442688,-0.04192924499511719,0.9305867552757263,0.06030725360407769,212.14797973632812,6,0.6666666666666666,0.056121131451009006
1934,lowe's unveils new table saw with attached ice chest for storing cut-off fingers,Lowe's unveils a new table saw with an attached ice chest for storing cut-off fingers.,satire,0,0.5041298866271973,0.8295796513557434,-0.32544976472854614,0.972975492477417,0.5038920485259633,146.2007293701172,4,0.26666666666666666,0.4902746140700036
1935,milosevic dreams he's slaughtering ethnic albanians in his underwear,Milosevic dreams of slaughtering ethnic albanians in his underwear.,satire,0,0.8780727386474609,0.8275830745697021,0.05048966407775879,0.9639674425125122,0.4671379777282001,254.86180114746094,3,0.3333333333333333,0.45030580169111994
1936,"You can listen to Prince online, if you're into that kind of tribute.",you can listen to prince online,understatement,1,0.9545863270759583,0.7877678275108337,0.1668184995651245,0.8663491010665894,0.0629195042125731,1100.6187744140625,10,0.7692307692307693,0.054510255914118184
1937,elementary schooler clearly just learned to swear,An elementary schooler has learned to swear.,overstatement,0,0.8970006108283997,0.8966907858848572,0.00030982494354248047,0.8808296322822571,0.09878765474230743,109.83071899414062,4,0.5714285714285714,0.08701509360069322
1938,chimp actor looking to direct,A chimp actor is looking for a directorial role.,satire,1,0.6950173377990723,0.8642969131469727,-0.1692795753479004,0.8419210910797119,0.056122223243057295,101.84394073486328,6,0.6666666666666666,0.04725048342661397
1939,"Beyoncé's mom dares to exist near her daughter at an event, steals show. The horror.","beyoncé's mom tries to exist near her daughter at an event, steals show",sarcasm,0,0.5127025842666626,0.8205834627151489,-0.30788087844848633,0.8910638093948364,0.5703493655663404,472.6324462890625,5,0.3333333333333333,0.5082176783674714
1940,"NBC secures Trump interview, MSNBC airs it so much you'll see it in your sleep.","nbc secures trump interview, msnbc airs it so much you'll see it in your sleep",overstatement,0,0.9093399047851562,0.8898866176605225,0.01945328712463379,0.993137001991272,0.579558149889942,167.62628173828125,4,0.26666666666666666,0.5755806434613052
1941,Parenting guide: When to surrender to the toddler's demands (always).,parenting guide: when to surrender to the toddler's demands,understatement,1,0.860048770904541,0.6047921180725098,0.25525665283203125,0.9621330499649048,0.5462757644646491,239.18360900878906,3,0.3,0.5255899673862828
1942,From starving to starring—because the American Dream now includes a cooking show contract.,from starving to starring,satire,1,0.8971400260925293,0.6875073313713074,0.20963269472122192,0.6760292053222656,0.017907794590318507,48348.7109375,11,0.8461538461538461,0.012106192145967387
1943,black history month celebration honors how sharp african americans looked in old-timey clothes,The Black History Month celebration honors how sharp African Americans looked in old-timey clothes.,satire,0,0.9473751187324524,0.9396013617515564,0.007773756980895996,0.9779618978500366,0.25712008025141314,156.0685577392578,7,0.5,0.2514536416580257
1944,open floor plan increases office shooter's productivity by 95%,An open floor plan increases the productivity of an office shooter by 95%.,satire,0,0.9787279963493347,0.9683406352996826,0.0103873610496521,0.9599975943565369,0.2224246939793677,123.16539001464844,8,0.6153846153846154,0.2135271711456819
1945,"What does Honolulu's urban development mean? More tourists, less local culture. You decide.","what does hollulu's urban development mean? more tourists, less local culture",rhetorical_question,0,0.8915823698043823,0.5014219880104065,0.39016038179397583,0.6503517627716064,0.13595747124490495,588.9606323242188,6,0.46153846153846156,0.08842018108609394
1946,UK retailer removes gender labels; controversy over whether clothes have genders.,uk retailer removes gender labels,irony,0,0.9175803661346436,0.9596812129020691,-0.04210084676742554,0.8764330148696899,0.08009199706981218,7376.302734375,8,0.7272727272727273,0.07019527045882987
1947,broken ornament relegated to lonely existence on side of tree facing wall,A broken ornament is relegated to a lonely existence on the side of a tree facing the wall.,understatement,1,0.8616448640823364,0.8718043565750122,-0.010159492492675781,0.956507682800293,0.09736498848786465,107.91743469238281,7,0.3888888888888889,0.09313035952440461
1948,man worried about drug dealer who's not picking up phone,A man is concerned about a drug dealer who is not picking up his phone.,irony,0,0.6079443693161011,0.830348789691925,-0.22240442037582397,0.9319643378257751,0.08947853200770763,50.143699645996094,8,0.5333333333333333,0.08339080083218567
1949,Leann Rimes wears 'interesting' pants—a fashion choice that defies all conventions and good taste.,leann rimes wears 'interesting' pants,sarcasm,0,0.8819846510887146,0.8744627833366394,0.007521867752075195,0.9383965730667114,0.01878157980529131,1877.8187255859375,12,0.8571428571428571,0.017624570126064318
1950,search for 'kick-ass shelves' continues,The search for 'Kick-Ass' shelves continues.,satire,0,0.926193356513977,0.7027522921562195,0.22344106435775757,0.9589263200759888,0.08633400213704504,86.12256622314453,4,0.6666666666666666,0.08278794696670914
1951,grandmother can't believe they let people with tattoos on price is right,A grandmother believes they can't believe that tattoos on the price is right.,irony,0,0.7560495734214783,0.7552328109741211,0.0008167624473571777,0.9286308288574219,0.061153805769010236,284.7093200683594,8,0.6153846153846154,0.05678930933906176
1952,bus rider acting like fight not happening 4 feet away,A bus rider is acting like a fight is not happening 4 feet away.,irony,0,0.6395704746246338,0.7388450503349304,-0.09927457571029663,0.9257783889770508,0.24739977342883948,189.9552459716797,5,0.35714285714285715,0.22903736367823838
1953,Dan Licht discusses scoring Dexter – the show that makes murder look like a hobby.,david light discusses scoring dexter,satire,0,0.9635722041130066,0.5909202694892883,0.37265193462371826,0.6441627740859985,0.015377056977980369,159483.890625,13,0.8666666666666667,0.009905327680214295
1954,david byrne holds up old suit to show how far he's come in weight loss journey,David Byrne holds an old suit to show how far he has come in weight loss journey.,irony,0,0.8954358696937561,0.8857636451721191,0.009672224521636963,0.9659087061882019,0.4385068972747104,73.26776885986328,6,0.35294117647058826,0.4235576298012183
1955,"presidential debate sidetracked by booker, de blasio arguing about best place in lower manhattan to get tapas","The presidential debate was sidetracked by booker, de Blasio, arguing about the best place in Lower Manhattan to get tapas.",satire,0,0.6349279284477234,0.7809846997261047,-0.14605677127838135,0.9657811522483826,0.22759483012793272,108.3745346069336,7,0.35,0.21980679728672975
1956,university suspends all lightweights from campus following fraternity hazing death,The university suspends all lightweights from campus following a fraternity hazing death.,satire,0,0.8181763887405396,0.8466096520423889,-0.028433263301849365,0.9649176597595215,0.5706745777055999,164.55931091308594,3,0.25,0.5506539780039407
1957,4 new Trumps shaking Fast Track's house of cards. What could possibly go wrong in this administration?,4 new trumps shaking fast track's house of cards,sarcasm,0,0.8058746457099915,0.8801158666610718,-0.07424122095108032,0.8570730686187744,0.031175613871527955,1131.611328125,12,0.7058823529411765,0.026719779046944496
1958,"Japan's entire military is now on high alert, quivering with anticipation for a missile that may or may not be a 'test.'",japan's entire military is on high alert,overstatement,0,0.6016953587532043,0.8503736853599548,-0.2486783266067505,0.7965573072433472,0.024116926544041073,128.34727478027344,17,0.7727272727272727,0.01921051406690696
1959,"Because Lin-Manuel Miranda is famously known for his deep, unwavering support for Planned Parenthood, said no one ever.","lin-manuel miranda is famously known for his deep, unwavering support for planned parenthood",sarcasm,0,0.7943876385688782,0.9316729307174683,-0.1372852921485901,0.8298150300979614,0.4410418352372784,161.2363739013672,9,0.5,0.36598314378188235
1960,endangered rhino just wishes his horn didn't make people immortal,An endangered rhino wishes his horn did not make people immortal.,satire,0,0.7681705355644226,0.5909503698348999,0.1772201657295227,0.9551804661750793,0.13712233890675465,373.36248779296875,5,0.45454545454545453,0.13097657959997114
1961,"bloodied, bruised john kerry emerges victorious at kickboxing tournament in bangkok prison",John Kerry was bloodied and bruised at a kickboxing tournament in Bangkok prison.,satire,0,0.738503098487854,0.5908181667327881,0.14768493175506592,0.8798912167549133,0.08737167851715875,117.57321166992188,9,0.6923076923076923,0.07687757252038194
1962,area man likes food,A local man enjoys food.,understatement,0,0.9506213665008545,0.9161804914474487,0.03444087505340576,0.8511737585067749,0.05372849659117709,655.9036254882812,4,0.8,0.04573228638243065
1963,great barrier reef offers scuba divers chance to see beautiful diversity of ocean death,A great barrier reef offers scuba divers the opportunity to see the diversity of ocean death.,irony,0,0.8189640045166016,0.8797392845153809,-0.0607752799987793,0.9710499048233032,0.4169392927528885,95.4560775756836,5,0.3125,0.4048688605447877
1964,moderator asks candidates to be specific when describing hellscape country will become if they not elected,A moderator asks candidates to be specific when describing the hellscape country they will become if they are not elected.,satire,0,0.5678918957710266,0.6643112897872925,-0.09641939401626587,0.9756379127502441,0.5108636942731495,125.00513458251953,5,0.25,0.4984179883805344
1965,beijing air solidifies,Beijing air is solidified.,overstatement,0,0.8165592551231384,0.7980709075927734,0.01848834753036499,0.9441957473754883,0.08034284189446518,786.770263671875,3,0.75,0.07585936964881525
1966,Charleston Post Honors Victims with Cover: A Rare Moment of Actual Journalism,san francisco post honors victims with cover,irony,0,0.8775510787963867,0.906079113483429,-0.028528034687042236,0.6675603985786438,0.016170365420297903,8148.92236328125,12,1.0,0.010794695585136387
1967,saudi prince visits injured yemeni child in hospital to finish the job,Saudi prince visits an injured Yemeni child in a hospital to complete the job.,sarcasm,0,0.9504340887069702,0.9636028409004211,-0.013168752193450928,0.978663444519043,0.05622008276590379,124.57022857666016,6,0.42857142857142855,0.055020539850825084
1968,"Because Ferguson, with its population of 20,000, is clearly a hotbed of global terrorism compared to, say, active war zones.","why ferguson, with its population of 20,000, is a hotbed of global terrorism",sarcasm,0,0.8770487308502197,0.8223761916160583,0.05467253923416138,0.9371634125709534,0.39124212942488673,29.974742889404297,9,0.45,0.36665780915335344
1969,fivethirtyeight staff finds hundreds of nate silvers representing every voting demographic in america after disastrous aggregator explosion,Fivethirtyeight staff found hundreds of nate silvers representing every voting demographic in America after a disastrous aggregator explosion.,satire,0,0.9516488909721375,0.9458639025688171,0.0057849884033203125,0.9518654346466064,0.5085991394194219,421.5915222167969,5,0.2777777777777778,0.48411794090435806
1970,"Time to kick Turkey out of NATO. Yes, let's create more enemies in the Middle East.",time to kick turkey out of nato,sarcasm,1,0.9300297498703003,0.7278630137443542,0.20216673612594604,0.8119244575500488,0.02731014812290043,783.7796020507812,12,0.75,0.022173777200297416
1971,relatives gather from across the country to stare into screens together,Family members gather from across the country to stare into screens together.,understatement,0,0.9272873997688293,0.9344577789306641,-0.007170379161834717,0.948978841304779,0.7102992180127422,82.8829574584961,3,0.25,0.6740589288894228
1972,5 resistance resolutions? Like resisting the urge to be effective?,5 resistance resolutions,rhetorical_question,1,0.8924537301063538,0.5984799861907959,0.29397374391555786,0.7328892946243286,0.023300535123570106,246791.203125,8,0.8,0.01707671275108269
1973,Highway sign hacked with anti-Trump message – the height of thoughtful political debate.,highway sign hacked with anti-trump message,irony,0,0.9708710312843323,0.813609778881073,0.15726125240325928,0.9016684293746948,0.06761140735207573,414.5460205078125,9,0.6923076923076923,0.060963071474958816
1974,wilbur ross shakes self awake after briefly dying during cabinet meeting,Wilbur Ross is awake after briefly dying during a cabinet meeting.,overstatement,0,0.7206119298934937,0.8753775954246521,-0.15476566553115845,0.8909051418304443,0.3672056269893592,308.052978515625,6,0.5454545454545454,0.3271453811938923
1975,Fear and ignorance: the new enlightenment.,fear and ignorance,sarcasm,1,0.940196692943573,0.5668355822563171,0.37336111068725586,0.8189771175384521,0.0417991745584234,619.4459228515625,5,0.8333333333333334,0.0342325674953442
1976,witty remark repeated throughout week,A witty remark is repeated throughout the week.,understatement,0,0.5615423321723938,0.8063070178031921,-0.24476468563079834,0.9458487629890442,0.08307018474412793,197.0023193359375,4,0.5,0.07857183148150478
1977,7 things that always go on sale in September—your credit card will weep with joy.,7 things that always go on sale in september,overstatement,0,0.9659456014633179,0.8873398900032043,0.07860571146011353,0.7825705409049988,0.4432535465175531,136.59219360351562,7,0.4666666666666667,0.34687716765630056
1978,The real point of going off the grid: to prove you're better than everyone else with your solar panels.,the real point of going off the grid,sarcasm,1,0.958398699760437,0.593694806098938,0.364703893661499,0.7598329186439514,0.17202572313558198,80.08611297607422,13,0.6842105263157895,0.13071080729194556
1979,"13 Irish baby boy names in time for St. Patrick's day: like, Seamus isn't cliché enough?",13 irish baby boy names in time for st. paul's day,understatement,0,0.8998823761940002,0.5017451047897339,0.39813727140426636,0.7563489675521851,0.30459617442860765,192.2488250732422,9,0.5625,0.23038100204942266
1980,FBI: love triangle turns deadly—just another day in crime news.,fbi: love triangle turns deadly,overstatement,0,0.9249995350837708,0.5816926956176758,0.34330683946609497,0.9291091561317444,0.09782458612762486,3048.435302734375,7,0.7,0.09088971866597469
1981,"Too old to drive? Google says drive anyway, safety is overrated.",too old to drive? google says it's too old to drive,irony,1,0.7043684124946594,0.7816873788833618,-0.07731896638870239,0.82244873046875,0.10600313379512592,50.470611572265625,7,0.6363636363636364,0.08718214281551036
1982,Darkness outlasting Trump: likely his permanent Twitter ban appeal.,darkness outlasting donald trump,irony,0,0.725008487701416,0.7148587107658386,0.010149776935577393,0.7079023122787476,0.023018609596144116,2172.836669921875,8,0.8888888888888888,0.016294926958552187
1983,5 million illegal immigrants to realize dreams of having deportation deferred,5 million illegal immigrants are planning to have their deportation deferred.,sarcasm,0,0.9643527865409851,0.9438946843147278,0.020458102226257324,0.8941499590873718,0.2596535889340338,67.23123931884766,6,0.5454545454545454,0.23216924592225557
1984,waitress treated extra courteously to compensate for assholes at adjacent table,The waitress was treated with attention to the assholes at the adjacent table.,sarcasm,0,0.8018912076950073,0.7821993231773376,0.019691884517669678,0.8565496206283569,0.04324227075463215,189.06568908691406,8,0.6153846153846154,0.03703915060998886
1985,trump assures nation that decision for syrian airstrikes came after carefully considering all his passing whims,Trump assures the nation that the decision for Syrian airstrikes came after carefully considering all his passing whims.,satire,0,0.8498191237449646,0.9091656804084778,-0.059346556663513184,0.983404815196991,0.4675667418121199,203.21485900878906,5,0.2777777777777778,0.45980738532400695
1986,one beer can't do local alcoholic any harm,A beer does not harm a local alcoholic.,understatement,1,0.8589862585067749,0.8248425722122192,0.034143686294555664,0.8164891004562378,0.03655552228545124,214.54075622558594,7,0.875,0.029847185507556037
1987,dare graduate celebrates first toke,A graduate of Dare celebrates his first toke.,understatement,0,0.5554018616676331,0.7785866260528564,-0.2231847643852234,0.93915194272995,0.03655552228545124,637.9893188476562,5,0.625,0.03433118977188951
1988,Fed up workers demand the *privilege* of more hours. The audacity!,fed up workers demand the 'privilege' of more hours,irony,0,0.8860927224159241,0.9416875243186951,-0.055594801902770996,0.7633333206176758,0.2842202242491899,132.6588897705078,5,0.45454545454545453,0.2169547675628346
1989,badass churchgoer doesn't even have to look at hymnal,A badass churchgoer does not have to look at hymnal.,overstatement,0,0.5611756443977356,0.5194467306137085,0.0417289137840271,0.9101611971855164,0.31239399369202553,125.72217559814453,4,0.4,0.2843288912922986
1990,5 perfect-for-packing lunch salads: they'll stay fresh and never be boring (yeah right).,5 perfect-for-packing lunch salads,sarcasm,0,0.67007976770401,0.7879559397697449,-0.11787617206573486,0.8834155797958374,0.041910459064397936,825.3931884765625,10,0.7692307692307693,0.03702435249388481
1991,"Gunman in federal building shooting got 'raw deal', says congressman: because nothing says justice like sympathizing with shooters","gunman in federal building shooting got 'raw deal', congressman says",sarcasm,0,0.9351571202278137,0.7785312533378601,0.1566258668899536,0.8909936547279358,0.29684148026442253,817.3988647460938,10,0.5555555555555556,0.26448387537564827
1992,area dad looking to get average phone call with adult son down to 47.5 seconds,A local father is looking for an average phone call with his adult son.,sarcasm,0,0.8496724367141724,0.71302729845047,0.1366451382637024,0.8370474576950073,0.18318641393595095,87.90505981445312,12,0.8,0.153335722069353
1993,Yahoo's newfront pulses to EDM – because corporate events need more rave vibes.,yahoo's newfront pulses to emd,irony,1,0.9770848751068115,0.6495348811149597,0.3275499939918518,0.5830236077308655,0.053687271162922795,11537.3837890625,10,0.7692307692307693,0.0313009465226325
1994,"dnc files lawsuit alleging nation should never, ever stop focusing on 2016 election",The DNC files a lawsuit alleging that the nation should never focus on the 2016 election.,satire,0,0.8567105531692505,0.7939692735671997,0.06274127960205078,0.8455474376678467,0.04231178541610579,68.53878784179688,11,0.6875,0.03577662174174002
1995,How noble to keep honoring slavery champions with statues – really reflects our values.,how noble it is to keep honoring slavery champions with statues,irony,0,0.983253002166748,0.9653255939483643,0.01792740821838379,0.9361423254013062,0.4492029123095655,417.6634826660156,8,0.5714285714285714,0.42051785890651566
1996,addition of ketchup factored into calculation of french fry's final temperature,The addition of ketchup was factored in the calculation of the French fry's final temperature.,satire,1,0.7774643898010254,0.8820486068725586,-0.1045842170715332,0.9501203298568726,0.09941490945601678,61.310028076171875,7,0.4666666666666667,0.09445612656504178
1997,nation horrified to learn about war in afghanistan while reading up on petraeus sex scandal,The nation is shocked to learn about the war in Afghanistan while reading up on the Petraeus sex scandal.,sarcasm,0,0.9412994980812073,0.9580135345458984,-0.016714036464691162,0.9404042363166809,0.21479172459878046,57.83285903930664,8,0.42105263157894735,0.201991047738459
1998,owls are assholes,Owls are assholes.,sarcasm,0,0.7678819298744202,0.7325195670127869,0.0353623628616333,0.9954875707626343,0.11362193664674995,157.4735565185547,2,0.6666666666666666,0.11310922569781905
1999,sharon stone to star in major backstage drama,Richard Stone will star in a major backstage drama.,irony,0,0.6588245034217834,0.7984303832054138,-0.13960587978363037,0.7801918983459473,0.07171781507224269,232.8973388671875,5,0.5555555555555556,0.055953658286436614
2000,new evidence reveals ancient greeks immediately regretted inventing theater,New evidence indicates that ancient Greeks regretted inventing a theater.,overstatement,0,0.884436309337616,0.82859867811203,0.05583763122558594,0.9616765975952148,0.05307712171072445,322.2572326660156,7,0.7,0.051043025816916596
2001,Because nothing says cutting-edge research like consulting thousand-year-old texts.,how to consult thousand-year-old texts on cutting-edge research,irony,0,0.9585924744606018,0.8992257118225098,0.05936676263809204,0.7236419320106506,0.057367534172156044,51.93769836425781,9,1.0,0.04151355326302602
2002,ken burns not sure how to turn down ray romano's repeated offers to narrate next documentary,Ken Burns is not sure how to turn down Ray Romano's repeated offers to narrate the next documentary.,satire,1,0.8015879988670349,0.6777040958404541,0.12388390302658081,0.9553084373474121,0.41180376356915777,76.82223510742188,7,0.3888888888888889,0.39339960986903527
2003,bbc upgrades flap to row,The BCC has upgraded its flap to a row.,sarcasm,0,0.5155880451202393,0.7220534682273865,-0.20646542310714722,0.6329740285873413,0.050712153369465586,1100.171630859375,7,0.7777777777777778,0.03209947601660975
2004,"What's in a name? Everything and nothing, depending on who you ask.",what's in a name?,rhetorical_question,1,0.9658575654029846,0.9611632227897644,0.004694342613220215,0.7439621686935425,0.0538140946637381,14.025167465209961,9,0.75,0.04003565057231419
2005,Philippines realizes it has few cards left in the South China Sea standoff—big surprise.,the philippines realizes it has few cards left in the south china sea standoff,sarcasm,0,0.9266968369483948,0.605029821395874,0.32166701555252075,0.9313910007476807,0.5142401605028263,389.963623046875,7,0.5,0.4789586577153753
2006,Lana Del Rey and Stevie Nicks cast a deadly musical spell on new album,lana del rey and stevie nicks cast a deadly musical spell on new album,overstatement,1,0.6085343360900879,0.5883951783180237,0.02013915777206421,1.0000001192092896,0.5296074933406222,678.6624755859375,5,0.35714285714285715,0.5296074933406222
2007,"Free your mind, your crotch will follow: deep thoughts for shallow minds.","free your mind, your crotch will follow",sarcasm,1,0.6155828833580017,0.786159336566925,-0.17057645320892334,0.7413204908370972,0.30096441267171586,311.6809387207031,7,0.5833333333333334,0.22311108612629507
2008,Democrats demand Kobach resign from voter fraud probe – for his stellar neutrality,democrats demand kobach resign from voter fraud probe,sarcasm,0,0.8679772615432739,0.7553434371948242,0.11263382434844971,0.9518657922744751,0.2896204682801084,1746.8858642578125,7,0.5384615384615384,0.2756798164983499
2009,researchers observe chimpanzees using pro tools,Researchers observe chimpanzees using pro tools.,satire,0,0.9274390935897827,0.9419249296188354,-0.014485836029052734,0.9950922727584839,0.5081327481546147,2878.264892578125,2,0.3333333333333333,0.5056389712241899
2010,"nytimes.com's plan to charge people money for consuming goods, services called bold business move",Nytimes.com's plan to charge people money for consuming goods and services is called a bold business move.,irony,0,0.9839314818382263,0.9805646538734436,0.003366827964782715,0.9627647995948792,0.4052127766461669,88.5111083984375,6,0.35294117647058826,0.3901245977010314
2011,"Let's not ruin 2015 like 2014? Too late, we're already doing it.",let's not ruin 2015 like 2014,sarcasm,1,0.8499199748039246,0.8162307143211365,0.033689260482788086,0.894099235534668,0.18693159143202892,8789.0390625,8,0.6666666666666666,0.16713539299665595
2012,"pathetic, washed-up rock star on fifth decade of doing exactly what he always wanted","A pathetic, washed-up rock star is on his fifth decade of performing exactly what he always wanted.",satire,0,0.9691253900527954,0.9697809219360352,-0.0006555318832397461,0.9419103860855103,0.360056585428503,76.16844177246094,5,0.29411764705882354,0.33914103739359175
2013,20 last-minute Mother's Day gifts that scream 'I forgot but still love you.',20 last-minute mother's day gifts that scream 'i forgot but still love you',sarcasm,0,0.5585787892341614,0.6177178025245667,-0.05913901329040527,0.9858818650245667,0.31170906522700675,189.5841522216797,4,0.3076923076923077,0.3073083145710657
2014,"Putin's offshore wealth leaked – dictators hiding money, who knew?",putin's offshore wealth leaked,understatement,0,0.8386080265045166,0.7064917683601379,0.13211625814437866,0.9121929407119751,0.08872444253557525,1487.839599609375,7,0.7,0.08093381014955704
2015,historical archives: the twenty top-most books in print at present,Historical archives are the twenty top-most books in print.,irony,0,0.6989133358001709,0.9022274613380432,-0.20331412553787231,0.9226902723312378,0.39938791763778786,194.9297637939453,6,0.6,0.36851134649101647
2016,presidential debate to be accompanied by sultry latin beat,The presidential debate will be accompanied by a sultry Latin beat.,overstatement,0,0.8264864087104797,0.8125308752059937,0.013955533504486084,0.9500467777252197,0.12278260149096115,99.6811752319336,5,0.45454545454545453,0.11664921490720741
2017,$2 trillion for infrastructure? That's practically chump change for progressives.,$2 trillion for infrastructure,overstatement,0,0.9349517822265625,0.8610413074493408,0.07391047477722168,0.8228213787078857,0.08872444253557525,193.84352111816406,7,0.7,0.0730043681322106
2018,iranian team openly working on bomb in negotiating room,An Iranian team is working on a bomb in a negotiation room.,sarcasm,0,0.9166872501373291,0.9153556227684021,0.001331627368927002,0.9174793362617493,0.053863663688318665,93.64586639404297,7,0.5833333333333334,0.04941879840938469
2019,"Khloe Kardashian's uterus continues its vital, news-worthy national service.","khloe kardashian's uterus continues its vital, news-worthy national service",sarcasm,0,0.9760921597480774,0.9790145754814148,-0.0029224157333374023,0.9786093831062317,0.5873949094699213,599.7277221679688,3,0.3333333333333333,0.5748301699961006
2020,frustrated debate moderator reminds audience to refrain from john kasich chants while other candidates speaking,A frustrated debate moderator reminds the audience to refrain from john kasich chants while other candidates speak.,satire,0,0.8197319507598877,0.8705286979675293,-0.0507967472076416,0.9808459877967834,0.6964705665515707,241.44837951660156,3,0.17647058823529413,0.6831303608206608
2021,fanatically devoted nerd could potentially turn on simon pegg at any moment,A fanatically devoted nerd could turn on Sirmon Pegg at any moment.,satire,1,0.6197894811630249,0.5911737680435181,0.028615713119506836,0.77557373046875,0.28646290158800986,436.4581298828125,5,0.4166666666666667,0.2221731012255152
2022,header image,The header image shows a significant difference between the image and the image.,understatement,1,0.7549037337303162,0.8064821362495422,-0.051578402519226074,0.7176021337509155,0.03285702044797773,37.89822006225586,11,0.8461538461538461,0.023578267982166282
2023,"Army vet accused of murder targeted black men in NYC – because that's what heroes do, right?",army vet accused of murder targeted black men in nyc,sarcasm,0,0.8881604671478271,0.7541330456733704,0.1340274214744568,0.8256530165672302,0.37732323479085006,300.1703186035156,9,0.5294117647058824,0.31153806702597064
2024,"45-year-old man self-conscious, embarrassed by new, unexpected changes his body going through",A 45-year-old man is self-conscious and embarrassed by unexpected changes his body undergoes.,irony,0,0.5232003927230835,0.8950532078742981,-0.3718528151512146,0.9448812007904053,0.2613022659677713,40.52788162231445,7,0.5384615384615384,0.2468995988368816
2025,cover letter specifically tailored to company even sadder than generic ones,A cover letter is specifically tailored to the company.,sarcasm,0,0.8940826654434204,0.8816272020339966,0.012455463409423828,0.8266372680664062,0.11949988385687535,88.2362289428711,8,0.7272727272727273,0.09878305752570028
2026,cranberry juice industry hoping 2009 a big year for urinary tract infections,The Cranberry juice industry hopes 2009 will be a big year for urinary tract infections.,irony,0,0.971200704574585,0.9727632403373718,-0.0015625357627868652,0.9632128477096558,0.375022891676693,102.27667999267578,6,0.4,0.36122686744821725
2027,Ted Cruz single-handedly saves GOP from Trump with his incredible charisma.,ted cruz single-handedly saves gop from donald trump,overstatement,0,0.8283316493034363,0.8089499473571777,0.019381701946258545,0.9103032350540161,0.0446778805361507,1283.0572509765625,8,0.7272727272727273,0.04067041918741485
2028,Trump meeting Kissinger? What could possibly go wrong with that pairing?,donald trump meeting john kissinger,sarcasm,0,0.9529359936714172,0.8605188727378845,0.09241712093353271,0.7531948685646057,0.016182712188007015,26784.498046875,11,1.0,0.012188735779464787
2029,Heartfelt stories about a coach? Because basketball is all about emotions.,heartfelt stories about a coach,understatement,1,0.8971887230873108,0.7128872275352478,0.184301495552063,0.8150368928909302,0.08009199706981218,1057.838623046875,8,0.7272727272727273,0.06527793243720921
2030,"Billy Eichner casually boogies with Obama, while Ellen DeGeneres gets the exclusive – because why not?","lizard eichner casually boogies with obama, while ellen degeneres gets the exclusive",understatement,0,0.7180491089820862,0.6751090884208679,0.04294002056121826,0.7809029817581177,0.10557912764457274,795.166259765625,9,0.5625,0.08244705558906776
2031,new study confirms this didn't even feel like a 4-day work week,A study confirms that this was not a 4-day work week.,understatement,0,0.8160561323165894,0.8254045844078064,-0.009348452091217041,0.8239041566848755,0.11211288136839621,64.27153778076172,7,0.5833333333333334,0.09237026897733998
2032,Anthony Weiner would choose to devour wooden tables over serving in Congress.,anthony weiner would choose to devour wooden tables over serving in congress,overstatement,0,0.5508086681365967,0.6447574496269226,-0.09394878149032593,0.9765630960464478,0.7102992180127422,1747.3157958984375,3,0.25,0.6936520034618943
2033,sex toy discreetly shipped in plain dildo-shaped box,A sex toy was shipped in a plain dildo-shaped box.,irony,0,0.6032272577285767,0.7531397938728333,-0.1499125361442566,0.9361535906791687,0.07730551756939458,59.779537200927734,4,0.4,0.07236983785190029
2034,everyone on campus afraid of that one bar,Everyone on campus is afraid of the one bar.,overstatement,0,0.6596024036407471,0.8071040511131287,-0.1475016474723816,0.9635334014892578,0.07583235673413397,110.70205688476562,4,0.4444444444444444,0.07306700862698692
2035,Shocking news: White House staff refuse to defend Trump on TV. Who could have predicted that?,white house staff refuse to defend donald trump on tv,sarcasm,0,0.8424342274665833,0.9563496112823486,-0.11391538381576538,0.8102732300758362,0.15243896465019202,492.803466796875,12,0.75,0.1235172122765273
2036,One wonders if the NYPD will roll out the red carpet or just a standard-issue holding cell.,one wonders if the nypd will roll out the red carpet or just a standard-issue holding cell,rhetorical_question,1,0.6501250863075256,0.7831571102142334,-0.13303202390670776,0.9978686571121216,0.6964705665515707,110.74118041992188,3,0.17647058823529413,0.6949861489629343
2037,real-life scene filled with product placement,The real-life scene is filled with product placement.,sarcasm,0,0.9300719499588013,0.9169987440109253,0.013073205947875977,0.9451005458831787,0.17286039232097053,62.893585205078125,3,0.375,0.16337045114412968
2038,hippocratic oath updated to include vow of loyalty to blue cross blue shield,A hippocratic oath was updated to include a vow of loyalty to the Blue Cross Blue Shield.,satire,0,0.6746485829353333,0.8536150455474854,-0.1789664626121521,0.9656239151954651,0.23077125078149244,57.883567810058594,8,0.47058823529411764,0.22283823869417926
2039,new domino's app allows customer to track pizza's movement through digestive system,A new Domino's app allows a customer to track a pizza's movement through the digestive system.,satire,0,0.8711807131767273,0.8924550414085388,-0.021274328231811523,0.9721677303314209,0.12300686288463772,48.41075897216797,6,0.375,0.11958330270574655
2040,"health experts recommend standing up at desk, leaving office, never coming back","Health experts recommend standing up at the desk, leaving the office and never returning back.",overstatement,0,0.8684867024421692,0.7468878626823425,0.12159883975982666,0.9184401035308838,0.2925612730731506,73.10395812988281,7,0.4666666666666667,0.2687000059304316
2041,"Angelina Jolie courageously saves her life—wait, is that even possible?",angelina jolie saves her life,irony,0,0.8344925045967102,0.5951917767524719,0.23930072784423828,0.8447450995445251,0.0417991745584234,206.05027770996094,8,0.8,0.03530964787323436
2042,"UBS exec says no all-male panels – from the firm with all-male leadership, naturally.",ubs exec says no all-male panels,satire,0,0.8883678317070007,0.7459845542907715,0.14238327741622925,0.8932406902313232,0.20029051217596075,645.38818359375,9,0.6428571428571429,0.17890763534284043
2043,Sicario director hates senseless violence—guess his film was just a happy accident.,sicario director hates senseless violence,irony,0,0.8246285915374756,0.8988643288612366,-0.07423573732376099,0.890468955039978,0.06557378107648686,12891.1748046875,9,0.75,0.05839141631319954
2044,"dreary, passionless couple believes your soulmate out there too","A dreary, passionate couple believes that their soulmate is out there too.",irony,0,0.6383949518203735,0.8523880243301392,-0.21399307250976562,0.7667715549468994,0.05637560315259291,72.71611022949219,6,0.5,0.043227208890382986
2045,"We're excited about a Saved by the Bell pop-up, because nostalgic restaurants are the future.",we're excited about a saved by the bell pop-up,irony,0,0.9217950701713562,0.946170449256897,-0.02437537908554077,0.7769738435745239,0.0766209819486858,422.31402587890625,10,0.6666666666666666,0.05953249884312462
2046,Trump terrible 10 -- Mooch improved edition: a prestigious award ceremony for the most stable geniuses.,trump terrible 10 -- mooch improved edition,satire,1,0.8973162770271301,0.9372584819793701,-0.03994220495223999,0.8332561254501343,0.04856507409206696,5007.8720703125,12,0.75,0.04046714547015441
2047,report: it a miracle nothing has punctured your eye yet,A report indicates that nothing has punctured your eye.,understatement,1,0.7060734629631042,0.7482194900512695,-0.04214602708816528,0.7197760939598083,0.26708679784499234,309.2655944824219,6,0.6,0.19224269210110154
2048,"Little kid attempts impossible dream of whistling—bold move, considering his current talent level is 'silent but deadly.'",little kid attempts impossible dream of whistling,understatement,0,0.5787396430969238,0.9252594113349915,-0.3465197682380676,0.8831776976585388,0.14733461804689552,2032.9346923828125,12,0.7058823529411765,0.1301226487520574
2049,lowly mortal opens portal to hell,A lowly mortal opens a portal to hell.,overstatement,1,0.7226129770278931,0.8025468587875366,-0.07993388175964355,0.9353102445602417,0.17286039232097053,234.79248046875,3,0.375,0.16167809581650627
2050,woman already off to bad start as mother after requesting epidural,A woman is already off to a bad start as her mother after requesting an epidural.,sarcasm,0,0.8729147911071777,0.8298537135124207,0.04306107759475708,0.945207953453064,0.14247788801610148,65.88463592529297,6,0.375,0.13467123294401412
2051,Air Force drops 'so help me God' – because faith has no place in oaths.,air force drops'so help me god',sarcasm,1,0.7835490703582764,0.9171360731124878,-0.13358700275421143,0.7618643045425415,0.01926371972309374,6039.9443359375,13,0.8666666666666667,0.014676340429737252
2052,A note in RG3's locker is a clue to his future—journalists never jump to conclusions.,a note in gr3's locker is a clue to his future,sarcasm,1,0.9103732705116272,0.8075240850448608,0.10284918546676636,0.7153899669647217,0.3609932316689438,299.1033020019531,7,0.4666666666666667,0.2582509360781338
2053,russian lawyer admits to repeatedly informing kremlin of trump campaign's ineptitude,A Russian lawyer admits to repeatedly informing Kremlin about the Trump campaign's ineptitude.,satire,0,0.9172952175140381,0.9158117771148682,0.0014834403991699219,0.961310863494873,0.3026643726685863,110.0635986328125,7,0.5384615384615384,0.29095454943917276
2054,"Jennifer Lawrence loves discounts—stars, they're just like us.",jennifer lawrence loves discounts,satire,0,0.9542427659034729,0.901882529258728,0.05236023664474487,0.9286820888519287,0.029556479778261396,2707.170654296875,7,0.875,0.027448573379585586
2055,"United Airlines, in a shocking display of concern, suspends pet cargo travel—because after all those incidents, they've finally developed a conscience.","united airlines, in a shocking display of concern, suspends pet cargo travel",irony,0,0.9729068279266357,0.9447534084320068,0.028153419494628906,0.9131612777709961,0.3355215930273175,362.13543701171875,12,0.5714285714285714,0.30638532660858536
2056,man worried the 6th 'transformers' movie will just be stupid,A man is concerned that the 6th 'transformers' movie will be stupid.,sarcasm,0,0.6340429186820984,0.8683793544769287,-0.23433643579483032,0.9451373815536499,0.3448444257953326,177.00035095214844,6,0.5,0.3259253576395726
2057,lockheed martin sales staff instructed to really push tactical air-to-surface missiles this week,Lockheed Martin sales staff are instructed to push tactical air-to-surface missiles this week.,satire,0,0.964637815952301,0.96028071641922,0.004357099533081055,0.9462900757789612,0.3706866381788037,73.58975219726562,5,0.38461538461538464,0.3507770869324685
2058,"Who's qualified to sing at Mariah Carey's wedding? Obviously, only those who can hit the high notes without shattering glass – so, nobody.",who's qualified to sing at mariah carey's wedding?,sarcasm,1,0.9007682800292969,0.9373400807380676,-0.03657180070877075,0.8376649618148804,0.05605970908084417,275.9884338378906,18,0.782608695652174,0.04695925406655863
2059,body given false hope with first piece of fruit in 9 days,A body is given false hope with the first piece of fruit in 9 days.,understatement,0,0.5077419877052307,0.578300952911377,-0.07055896520614624,0.9484020471572876,0.5038920485259633,142.61154174804688,4,0.26666666666666666,0.47789225036830285
2060,"Vacation is when I have a 40-hour week—because rest is for the weak, right?",vacation is when i have a 40-hour week,irony,0,0.689935564994812,0.9560251235961914,-0.2660895586013794,0.810504674911499,0.08165346762611622,120.68274688720703,9,0.6428571428571429,0.06618051723370194
2061,new arrivals consult wise couple who have been at resort for 3 days already,New arrivals consult a wise couple who has been at the resort for 3 days.,irony,1,0.6711639761924744,0.8950752019882202,-0.22391122579574585,0.945533037185669,0.13834368456410945,203.79884338378906,6,0.4,0.13080852424135855
2062,"Ana Navarro calls out GOP: 'You'd impeach Hillary Clinton over this.' And they would, because consistency is their middle name.",ana Navarro calls out gop: 'you'd impeach hillary clinton over this,sarcasm,0,0.8276638984680176,0.6408712267875671,0.18679267168045044,0.8231515884399414,0.046772098516908826,322.4593811035156,15,0.75,0.038500527188862925
2063,"Police officer who killed unarmed motorist cleared of charges, showcasing the justice system's impeccable fairness.",police officer who killed unarmed motorist cleared of charges,sarcasm,0,0.9418378472328186,0.6071298718452454,0.33470797538757324,0.8269515037536621,0.372730318315106,125.5359878540039,8,0.5333333333333333,0.30822989722525806
2064,Trump's 'woman card' comment raises money for Hillary—talk about a backfire.,donald trump's 'woman card' comment raises money for hillary clinton,irony,0,0.9328895211219788,0.8890786170959473,0.043810904026031494,0.8932357430458069,0.4677766538205128,230.09161376953125,6,0.5454545454545454,0.4178348269548469
2065,Just say 'I object'—instant botch.,just say 'i object',overstatement,1,0.502020537853241,0.6713311672210693,-0.16931062936782837,0.798588216304779,0.06257106818159155,618.946044921875,4,0.8,0.04996851773142191
2066,A life with OCD: where every thought is a thrilling adventure in repetitive checking and existential dread. Truly inspiring.,a life with ocd,sarcasm,0,0.8233356475830078,0.6411404609680176,0.18219518661499023,0.8394768238067627,0.004422045390426378,3132.292724609375,17,0.8947368421052632,0.003712204619084472
2067,graffiti artist no longer putting his heart in it,A graffiti artist is not putting his heart in it.,understatement,1,0.8281626105308533,0.8781716227531433,-0.05000901222229004,0.8147538304328918,0.31239399369202553,90.32959747314453,4,0.4,0.25452420296480643
2068,Man kills girlfriend on hike for insurance money: the epitome of romantic devotion.,man kills girlfriend on hike for insurance money,sarcasm,0,0.9554761052131653,0.7783082127571106,0.1771678924560547,0.8177722096443176,0.3641784587358345,1227.931396484375,7,0.5384615384615384,0.2978150229052653
2069,self-actualized historians urge nation not to get hung up on the past,Historical historians urge the nation to not focus on the past.,satire,0,0.6629080176353455,0.6765822768211365,-0.013674259185791016,0.7009202837944031,0.05920650116149805,80.00740051269531,7,0.5833333333333334,0.04149903759659087
2070,Getting naked with strangers after mastectomy: a healing journey.,getting naked with strangers after mastectomy,irony,0,0.8675270080566406,0.9329202175140381,-0.06539320945739746,0.9591808319091797,0.3081980909598119,1163.706787109375,5,0.5555555555555556,0.29561770127965337
2071,A driver expresses mild frustration by crushing a veteran's motorcycle.,driver expresses mild frustration by crushing veteran's motorcycle,understatement,0,0.8681609034538269,0.8122443556785583,0.055916547775268555,0.9735432863235474,0.5506953149031837,1712.6480712890625,3,0.3,0.5361257266338262
2072,bush not heard from for over a month,President Bush has not been heard from for over a month.,understatement,1,0.8498380780220032,0.5925424695014954,0.2572956085205078,0.8762792348861694,0.3672056269893592,24.876787185668945,5,0.45454545454545453,0.32177466586413184
2073,nervous voter totally blanks on american values while looking at ballot,A nervous voter completely blanks on American values while looking at the ballot.,sarcasm,0,0.8497304916381836,0.9139710068702698,-0.06424051523208618,0.9083982110023499,0.2613022659677713,276.0986022949219,5,0.38461538461538464,0.23736651093598365
2074,"Woman gets several job offers after handing out resumes on the side of the road, proving that traditional networking is for chumps.",woman gets several job offers after handing out resumes on the side of the road,sarcasm,0,0.9730836749076843,0.9678754210472107,0.005208253860473633,0.7848986387252808,0.5334854625057418,56.40388107299805,9,0.4090909090909091,0.41873201330048354
2075,"sweating, shaking man never going to spend a little time with his thoughts again",A man is sweating and shaking and never intends to spend time with his thoughts again.,irony,1,0.9551475048065186,0.9062172770500183,0.048930227756500244,0.8349746465682983,0.20149416157064579,111.61643981933594,10,0.625,0.16824251634302556
2076,"Millennials, in their infinite wisdom, condescend to mentor baby boomers, reversing the natural order of things.","millennials, in their infinite wisdom, condescend to mentor baby boomers",sarcasm,0,0.951252281665802,0.9577941298484802,-0.006541848182678223,0.9276158809661865,0.41700666580507684,72.5562973022461,8,0.5,0.3868220056695485
2077,Journalists Who Refuse to Take the Same Non-Answer for an Answer: How Dare They Expect Actual Information,journalists who refuse to take the same non-answer for an answer,sarcasm,1,0.9359660744667053,0.7020155191421509,0.23395055532455444,0.906052827835083,0.02747551257340107,59.40113830566406,13,0.7647058823529411,0.02489426586334842
2078,"fourth-grade teacher receives dark portent of coming storm from gnarled, haggard third-grade teacher","A fourth-grade teacher receives a dark portent of coming storm from a gnarled, Haggard third-grade teacher.",satire,1,0.5361571311950684,0.5959271788597107,-0.059770047664642334,0.9718815684318542,0.40325042950627804,77.76534271240234,5,0.3125,0.39191165989938037
2079,report: scientists still decades away from deciphering wireless bill,A report indicates that scientists are still decades away from deciphering a wireless bill.,sarcasm,0,0.7330390810966492,0.6754043102264404,0.05763477087020874,0.8940105438232422,0.2891784933232572,86.44442749023438,7,0.5,0.25852862207791094
2080,gay war hero awarded posthumous dishonorable discharge at white house ceremony,"A gay war hero received a posthumous, dishonorable discharge at the White House ceremony.",irony,0,0.9377827048301697,0.873046875,0.06473582983016968,0.9555425643920898,0.11889099988983354,57.60898208618164,8,0.5714285714285714,0.11360541091787121
2081,alternative theater waits three hours for stragglers,The alternative theater waits three hours for stragglers.,sarcasm,0,0.9454981684684753,0.847057580947876,0.09844058752059937,0.9571717381477356,0.6803749333171202,333.4274597167969,2,0.25,0.6512356575152977
2082,san diego zoo acquires chinese man,San Diego Zoo acquired a Chinese man.,satire,0,0.5038785934448242,0.7014191746711731,-0.19754058122634888,0.9618815183639526,0.0,549.751220703125,7,1.0,0.0
2083,ant colony comes to halt after death of popular worker,An ant colony has been halted after the death of a popular worker.,satire,0,0.6638222336769104,0.9201770424842834,-0.25635480880737305,0.9270658493041992,0.051424016050282635,71.01372528076172,7,0.5384615384615384,0.047673449114288044
2084,infertile aunt doing it up big at kids table,An infertile aunt is doing it up large at a children's table.,irony,0,0.878251314163208,0.8082497715950012,0.07000154256820679,0.9156423211097717,0.11094660471566163,156.39552307128906,6,0.5,0.10158740666109677
2085,libyan rebels still working full-time at other jobs,Libyan rebels are still working full-time at other jobs.,understatement,0,0.9667676687240601,0.967659592628479,-0.0008919239044189453,0.9676992893218994,0.4671379777282001,75.71088409423828,3,0.3333333333333333,0.4520490890628485
2086,"Dad with 350,000 miles single-handedly ends global travel poverty, one family at a time. Hero!","dad with 350,000 miles single-handedly ends global travel poverty",overstatement,0,0.5587758421897888,0.8919668197631836,-0.3331909775733948,0.9236465692520142,0.372730318315106,340.9832458496094,8,0.5333333333333333,0.34427107976795884
2087,drunk driver honored,A drunk driver was honored.,irony,0,0.6462148427963257,0.8693665862083435,-0.22315174341201782,0.964261531829834,0.11362193664674995,413.8810119628906,3,0.6,0.10956126268046745
2088,grandmother doesn't care for new priest,A grandmother does not care for a new priest.,understatement,1,0.5380457639694214,0.7399933934211731,-0.2019476294517517,0.8872395753860474,0.06030725360407769,171.15049743652344,5,0.5555555555555556,0.053506982080380565
2089,"deformed, half-feathered audubon society president flees into forest after injecting self with bird dna","A deformed, half-feathered Audubon Society president flees into a forest after injecting himself with a bird dna.",satire,0,0.8176725506782532,0.8093365430831909,0.008336007595062256,0.949275016784668,0.11502783619900048,115.22472381591797,7,0.4117647058823529,0.10919305113851022
2090,"Why being killed by a lightsaber would be so much worse in real life (hello, cauterization)",why being killed by a lightsaber would be much worse in real life,overstatement,0,0.5440680980682373,0.5126684308052063,0.031399667263031006,0.9541574716567993,0.6043026468442619,42.776710510253906,4,0.25,0.5765998856284327
2091,An open letter to my shelter dog's first owner: Thanks for abandoning him so I could find him?,an open letter to my shelter dog's first owner,rhetorical_question,1,0.5513989925384521,0.8763726949691772,-0.3249737024307251,0.8516300916671753,0.26707294347290855,557.0660400390625,11,0.6111111111111112,0.22744735533165544
2092,Meatless Monday: Robin Asbell gets juiced – saving the planet one bland salad at a time.,meatless monday: robert asbell gets juiced,satire,0,0.7672049403190613,0.747010350227356,0.020194590091705322,0.7056753635406494,0.016306386699013735,532.4318237304688,14,0.875,0.011507015361860927
2093,bush increasingly focused on how revisionist history will see him,President Bush is increasingly focused on how revisionist history will see him.,irony,0,0.7216275930404663,0.8478881120681763,-0.12626051902770996,0.9688674807548523,0.6132297420585351,101.002685546875,4,0.3333333333333333,0.5941383553122008
2094,pumpkin clearly had finger in it,A pumpkin had a finger in it.,sarcasm,1,0.7351909279823303,0.7199545502662659,0.015236377716064453,0.9034526348114014,0.08307018474412793,164.3129425048828,4,0.5714285714285714,0.07504997728135225
2095,beauty industry to consumers: 'you like short hair now',"The beauty industry to consumers is saying, 'You like short hair now.'",satire,0,0.9473626017570496,0.9575878977775574,-0.010225296020507812,0.9321286082267761,0.14177713604521797,248.82131958007812,6,0.5,0.13215452450020732
2096,bush's approval rating of other americans also at all-time low,Bush's approval rating of other Americans is at an all-time low.,sarcasm,0,0.8905804753303528,0.8811638951301575,0.009416580200195312,0.970788836479187,0.2596535889340338,16.654794692993164,5,0.45454545454545453,0.25206880548891575
2097,8 healthy snacks to keep hunger at bay: you'll totally choose these over junk food.,8 healthy snacks to keep hunger at bay,irony,1,0.835479199886322,0.5157102346420288,0.3197689652442932,0.8795894980430603,0.3505377780030811,192.67355346679688,8,0.5333333333333333,0.3083293481988598
2098,"Oh, just 100 million more people in poverty by 2030? No big deal, unless you're one of them.",just 100 million more people in poverty by 2030,understatement,0,0.8295280337333679,0.5842503905296326,0.24527764320373535,0.8712226152420044,0.3176050446027024,64.6268310546875,10,0.5555555555555556,0.27670469757281985
2099,'Walking Dead' actor comes out on YouTube—a bold move that changes everything.,'walking dead' actor comes out on tv,sarcasm,0,0.9690883159637451,0.8538327813148499,0.11525553464889526,0.7880697846412659,0.20126703311713304,712.1053466796875,8,0.6666666666666666,0.15861246744400556
2100,man's dream to get drunk in an a-frame finally realized,A man's dream to get drunk in an a-frame has finally been realized.,understatement,0,0.7142247557640076,0.8771556615829468,-0.1629309058189392,0.9696189165115356,0.5760844201603896,72.26054382324219,4,0.3076923076923077,0.5585823512950933
2101,"PayPal back up after outage, world functions again, hooray.","PayPal back up after outage, world functions again",sarcasm,0,0.9797627329826355,0.8104400634765625,0.169322669506073,0.9222767353057861,0.7420884818558928,1564.8653564453125,2,0.2222222222222222,0.68441094235408
2102,"RNC proclaims Pence winner before debate. Democracy in action, folks.",rnc proclaims 'pence' winner before debate,sarcasm,0,0.9532605409622192,0.8944723010063171,0.0587882399559021,0.898430347442627,0.04905406857740215,1046.603271484375,7,0.7,0.04407166387546987
2103,new girlfriend bears disturbing resemblance to old girlfriend,A new girlfriend has a disturbing resemblance to an old girlfriend.,irony,0,0.6156317591667175,0.534538984298706,0.08109277486801147,0.9515753388404846,0.12278260149096115,83.64681243896484,5,0.45454545454545453,0.11683689561747755
2104,lucrative new oil extraction method involves drilling directly into gas stations,A lucrative new oil extraction method involves drilling directly into gas stations.,sarcasm,0,0.9750528931617737,0.9769997596740723,-0.001946866512298584,0.9890578389167786,0.8070557274927982,305.551513671875,2,0.16666666666666666,0.7982247937194356
2105,man not going to let mind games of ex-girlfriend's natural moving-on process get in his head,A man is not going to let mind the games of his ex-girlfriend's natural moving-on process get in his head.,sarcasm,1,0.7062161564826965,0.7938610911369324,-0.08764493465423584,0.9328965544700623,0.5108636942731495,101.89922332763672,5,0.25,0.47658298019126843
2106,Losing everything in a flood: just a little spring cleaning,losing everything in a flood,understatement,1,0.6614784598350525,0.8437901139259338,-0.18231165409088135,0.8158783316612244,0.09782458612762486,329.0869140625,7,0.7,0.07981296012525632
2107,las vegas casino owners announce plans to tear down don rickles,Las Vegas casino owners announce plans to tear down Don Rickles.,satire,0,0.8105675578117371,0.8416860103607178,-0.031118452548980713,0.9796040058135986,0.5706745777055999,119.4196548461914,4,0.36363636363636365,0.5590351023363894
2108,"Farmers' mental health? Priorities, right?",farmers' mental health,sarcasm,0,0.8417600989341736,0.875825822353363,-0.03406572341918945,0.8920931816101074,0.05833544737207805,117.71424102783203,4,0.8,0.05204065484680608
2109,dreamworks skg signs j&h productions to six-year deal,Dreamworks skg has signed a six-year deal with J&H productions.,satire,1,0.8068389892578125,0.6691603660583496,0.1376786231994629,0.9556943774223328,0.04939382737115371,160.4088592529297,8,0.8,0.04720540309798093
2110,area dad needs more time with museum plaque,A local father needs more time with a museum plaque.,understatement,1,0.5944071412086487,0.5689963102340698,0.025410830974578857,0.9164445400238037,0.2777619034011791,520.7556762695312,5,0.5,0.2545533797986298
2111,People really like Kanye's new song 'Real Friends' because it's really G.O.O.D. – said no one with taste.,people really like kanye's new song'real friends' because it's really g.o.o.d.,satire,0,0.7067426443099976,0.7587971687316895,-0.052054524421691895,0.9257796406745911,0.0649781908131006,95.80139923095703,12,0.6666666666666666,0.06015548614263729
2112,half-fabricated résumé still unimpressive,A half-fabricated résumé remains unimpressive.,understatement,1,0.7379114031791687,0.657177209854126,0.08073419332504272,0.9592330455780029,0.11362193664674995,53.73146438598633,3,0.6,0.10898991633413285
2113,Trump's Honest Reason for Skipping UK Visit Wins Universal Praise from Tweeters,donald trump's holiest reason for skipping uk visit wins universal praise from tweeters,sarcasm,0,0.8895956873893738,0.9750910401344299,-0.08549535274505615,0.9521661996841431,0.018476860420522198,1678.5296630859375,11,0.8461538461538461,0.01759304196870298
2114,'It will never happen to me' – every person before a catastrophe.,'it will never happen to me',irony,1,0.5635035634040833,0.777672529220581,-0.2141689658164978,0.841241180896759,0.27952792741962756,67.3460693359375,7,0.5833333333333334,0.23515040375611104
2115,"Fish might slightly lower depression risk, according to some studies.",fish may lower your depression risk,understatement,0,0.691638708114624,0.5571373701095581,0.13450133800506592,0.9421988725662231,0.024925978674400287,481.0914306640625,9,0.9,0.02348522900462967
2116,report: 32% of prayers deflected off passing satellites,A report indicates that 32% of prayers were deflected off passing satellites.,overstatement,0,0.8059835433959961,0.786776065826416,0.019207477569580078,0.9595870971679688,0.14177713604521797,263.375,6,0.5,0.1360475104224189
2117,Why we can't ignore the outliers – unless they prove us wrong.,why we can't ignore the outliers,irony,0,0.7543937563896179,0.5336989760398865,0.22069478034973145,0.9436968564987183,0.27952792741962756,48.96742248535156,7,0.5833333333333334,0.26378962640950443
2118,"Increased heart attack risk over holidays? Just a minor risk, enjoy your feast.",increased risk of heart attack over the holidays,understatement,0,0.5474432706832886,0.6598812937736511,-0.11243802309036255,0.8680058717727661,0.03738984167898844,79.42514038085938,12,0.9230769230769231,0.03245460212201607
2119,"Surge Soda Back and Sold Out, Nostalgia Overwhelms","surge soda back and sold out, nostalgia overwhelms",overstatement,1,0.8731199502944946,0.5982969403266907,0.27482300996780396,1.0000001192092896,0.02777619034011792,1184.1097412109375,7,0.875,0.02777619034011792
2120,Jesus was a socialist—so all those prosperity gospel preachers are just misreading the Bible.,jesus was a socialist,sarcasm,0,0.7445199489593506,0.6187291741371155,0.1257907748222351,0.759111225605011,0.013946604450021922,105.19438171386719,12,0.8571428571428571,0.010587023997084442
2121,secret agent's back's always been a bit hinky ever since he burst through that skylight and landed in fountain,A secret agent's back has been a bit hinky since he burst through a skylight and landed in a fountain.,sarcasm,1,0.6688732504844666,0.5477251410484314,0.12114810943603516,0.9419562816619873,0.38368416816913054,65.7107925415039,7,0.35,0.3614137123811668
2122,Because faith-based health solutions from a medical journal are the height of scientific innovation.,faith-based health solutions from a medical journal,irony,0,0.9812812209129333,0.9725466966629028,0.008734524250030518,0.8145054578781128,0.36787944117144233,166.91156005859375,7,0.5,0.2996398126752899
2123,emperor penguin demands more smelt,Emperor Penguin demands more smelt.,satire,0,0.5289443731307983,0.5404650568962097,-0.011520683765411377,0.985643744468689,0.11362193664674995,5157.5986328125,3,0.6,0.11199075109028678
2124,man finally unpauses 'super mario bros.' after 18 years of chores,A man unpaused Super Maria Bros. after 18 years of chores.,overstatement,0,0.8899921178817749,0.7109518647193909,0.17904025316238403,0.5977537631988525,0.24808415001701817,531.0236206054688,7,0.6363636363636364,0.14829323426266128
2125,Trump refuses to play GOP ball: team player he is not,donald trump refuses to play gop ball,sarcasm,0,0.7778324484825134,0.7808279991149902,-0.0029955506324768066,0.9022122025489807,0.09232083327419663,501.66412353515625,9,0.8181818181818182,0.08329298232947016
2126,Asking 'what was he wearing?' will undoubtedly end rape culture—journalism at its finest.,asking 'what was he wearing?' will end rape culture,irony,0,0.9096313714981079,0.7583269476890564,0.1513044238090515,0.9178732633590698,0.3291467773009902,151.21958923339844,6,0.46153846153846156,0.30211502660538087
2127,Drought costs $2B extra: just a minor inconvenience for Californians.,'dought' costs $2b extra for californians,understatement,0,0.9189002513885498,0.7248439192771912,0.19405633211135864,0.5624127984046936,0.024925978674400287,459.6647644042969,8,0.8,0.014018689419245181
2128,tom clancy really happy with how latest video game with his name on it came out,Tom Clancy is pleased with the release of his latest video game with his name on it.,sarcasm,0,0.9707726836204529,0.9739741086959839,-0.003201425075531006,0.9321756958961487,0.360056585428503,30.336355209350586,11,0.6470588235294118,0.3356359980838059
2129,data-entry clerk reapplies carmex at 17-minute intervals,A data-entry clerk reapplies Carmex at 17-minute intervals.,irony,0,0.8704138398170471,0.9563864469528198,-0.0859726071357727,0.9673866033554077,0.17286039232097053,486.940673828125,3,0.375,0.16722282778206687
2130,"Leelah Alcorn, rest in peace—finally got everyone's attention, huh?","leelah alcorn, rest in peace",sarcasm,1,0.8141124844551086,0.8591923117637634,-0.045079827308654785,0.9069122076034546,0.05105362709447673,548.8876342773438,7,0.7777777777777778,0.046301157654415434
2131,bags under tommy lee jones' eyes causing him neck problems,Bags under Tommy Lee Jones' eyes are causing him neck problems.,overstatement,0,0.5246182680130005,0.5668424367904663,-0.04222416877746582,0.9767993688583374,0.10600313379512592,174.9449920654297,6,0.5454545454545454,0.1035437941880849
2132,"unearthed cave painting of wooly mammoth, saber-tooth tiger reveals humans have debated what things would win in a fight since 30,000 b.c.","A cave painting of a wooly mammoth and a saber-tooth tiger has revealed that humans have debated what things would win in a fight since 30,000 BC.",irony,1,0.6011342406272888,0.5721981525421143,0.02893608808517456,0.9463642239570618,0.4933292241270431,59.37808609008789,9,0.3333333333333333,0.46686912834632854
2133,"Young Dems like Bernie: shocking, since he offers free college and healthcare.",young dems like jennifer bernie: shocking,understatement,0,0.9788464307785034,0.9283164143562317,0.05053001642227173,0.6617275476455688,0.01501861529550426,462.6039733886719,11,0.9166666666666666,0.009938231468526265
2134,flight attendant quietly informs first class passengers where real emergency exits are,A flight attendant informs first class passengers about emergency exits.,sarcasm,0,0.9677987694740295,0.9821580648422241,-0.01435929536819458,0.8799227476119995,0.2658156069371863,108.15961456298828,6,0.5,0.23389719921432026
2135,"7 shameless ways to get an upgrade: ethics are optional, right?",7 shameless ways to get an upgrade,sarcasm,0,0.7335231900215149,0.5130854845046997,0.22043770551681519,0.7928507328033447,0.45691722266180906,465.4123840332031,5,0.45454545454545453,0.36226715481788435
2136,The only parenting advice I'd give: try not to mess up too much.,the only parenting advice i'd give,understatement,0,0.8495523929595947,0.5143749713897705,0.3351774215698242,0.8173971772193909,0.0629195042125731,363.83599853515625,10,0.7692307692307693,0.051430225135400826
2137,fcc chief cites special occasion for allowing vaginal penetration on network sitcom,The FCC chief cited a special occasion for allowing vaginal penetration on a network sitcom.,overstatement,0,0.9568015933036804,0.949343204498291,0.007458388805389404,0.9629559516906738,0.42610827239170174,559.3031616210938,6,0.4,0.41032349696422005
2138,white-on-white violence claims life of accounts receivable supervisor,White-on-White violence claims life of accounts receivable supervisor.,irony,0,0.8085896372795105,0.7674223780632019,0.041167259216308594,0.9891191124916077,0.6803749333171202,385.88970947265625,2,0.25,0.6729718502041666
2139,christian bale given neutered male statuette named oscar,Christian Bale was given a neutered male statuette named Oscar.,sarcasm,0,0.709777295589447,0.7139508128166199,-0.0041735172271728516,0.9824093580245972,0.2777619034011791,232.0849609375,5,0.5,0.27287589320404254
2140,María Tomás-Keegan's GPS guide to self-lift: because GPS fixes everything.,mara tomás-keegan's guide to self-lift,understatement,1,0.9501142501831055,0.6449158787727356,0.3051983714103699,0.7470830678939819,0.0417991745584234,900.2576293945312,8,0.8,0.03122745556454303
2141,Women who love Trump say he gets a bad rap – poor guy.,women who love donald trump say he gets a bad rap,satire,0,0.9059094190597534,0.9475913047790527,-0.041681885719299316,0.9078328013420105,0.43297387492488815,181.54884338378906,6,0.46153846153846156,0.39306788578096646
2142,Walmart fact-checks Times—because facts are relative.,walmart fact-checks times,satire,0,0.9264720678329468,0.8765437602996826,0.04992830753326416,0.8833283185958862,0.0417991745584234,1872.877197265625,5,0.8333333333333334,0.03692239458138809
2143,partygoer vows to fix keg,A partygoer vows to fix keg.,sarcasm,0,0.8354664444923401,0.8703737258911133,-0.03490728139877319,0.9494295120239258,0.5081327481546147,526.5174560546875,2,0.3333333333333333,0.48243622712381223
2144,"Police reports conveniently forget what dashcams clearly show, as per usual.",police reports forget what dashcams clearly show,sarcasm,0,0.8464708924293518,0.7984902262687683,0.047980666160583496,0.9598789215087891,0.24549475440235116,702.4572143554688,6,0.5454545454545454,0.23564524009179388
2145,"Eating Disorder Campaign Boycotts 'Before' Photo: 'After' is So Much Better, Right?",eating disorder campaign boycotts 'before' photo,irony,0,0.7244381904602051,0.9267966747283936,-0.20235848426818848,0.9055932760238647,0.0,2319.420166015625,12,1.0,0.0
2146,8 DIY gifts your friends will want – if they love disappointment.,8 DIY gifts your friends will want,irony,0,0.7536687850952148,0.7116010785102844,0.04206770658493042,0.9207082986831665,0.48954165955695317,515.58203125,5,0.4166666666666667,0.45072506850521626
2147,34 tweets that roast The Bachelor with surgical precision.,34 tweets that roast the bachelor with surgical precision,overstatement,0,0.9337157607078552,0.9387754201889038,-0.005059659481048584,0.99040687084198,0.3549481056010053,1618.655029296875,3,0.3333333333333333,0.35154304257958036
2148,viral video sparks national debate around drumming in public,A viral video sparks national debate about drumming in the public.,satire,0,0.946851909160614,0.9569115042686462,-0.010059595108032227,0.978424072265625,0.40352786374639904,212.94256591796875,4,0.36363636363636365,0.3948213757194
2149,"Voters overwhelmingly demand concession from losers, while totally accepting their own losses, no problem.",voters overwhelmingly demand concession from losers,sarcasm,0,0.8955332040786743,0.9289497137069702,-0.0334165096282959,0.9032953977584839,0.13394233819643575,4914.9609375,10,0.7142857142857143,0.1209894976578508
2150,ophthalmologist instructs patient not to look at anything 24 hours before eye surgery,An ophthalmologist instructs a patient not to look at anything 24 hours before eye surgery.,overstatement,0,0.7501956820487976,0.8700207471847534,-0.11982506513595581,0.9792993068695068,0.6729864884660303,23.583965301513672,3,0.2,0.6590552016873268
2151,fermilab receives generous anonymous particle donation,A fermilab employee received an anonymous donation.,satire,0,0.5621688365936279,0.692221462726593,-0.1300526261329651,0.8199882507324219,0.039281465090051315,189.81507873535156,6,0.8571428571428571,0.032210339845397874
2152,laid-off zoologist goes on tranquilizing rampage,A laid-off zoologist continues to tranquilize the rampage.,irony,0,0.8564738631248474,0.9079824090003967,-0.051508545875549316,0.9501470923423767,0.05873949094699214,237.7091522216797,6,0.75,0.05581115652895594
2153,dog keeps iceland awake all night,A dog keeps the iceland awake all night.,irony,0,0.5807409882545471,0.5158092379570007,0.06493175029754639,0.9557663798332214,0.17286039232097053,342.9017028808594,3,0.375,0.1652141513851644
2154,first disk of rosetta stone hungarian just urges listeners to rethink this whole thing,The first disk of Rosetta Stonehungarian urges listeners to rethink this whole thing.,satire,1,0.5920255780220032,0.6462364792823792,-0.05421090126037598,0.8087646961212158,0.4485608472663124,606.9371948242188,6,0.42857142857142855,0.36278017733121426
2155,Pro bono month: because lawyers need a break from billable hours too.,pro bono month,understatement,0,0.9764665961265564,0.7886659502983093,0.18780064582824707,0.691673755645752,0.005656903127920845,4287.13818359375,11,0.9166666666666666,0.003912731431813213
2156,Survey shows young Americans want to reverse inequality. Until they have to pay for it.,survey shows young americans want to reverse inequality,sarcasm,0,0.9239548444747925,0.9378132224082947,-0.013858377933502197,0.9205788373947144,0.0720589322653391,643.5440673828125,10,0.6666666666666666,0.06633592808873034
2157,"What's lurking in pedicure tubs? Your worst fears, probably.",what's lurking in pedicure tubs?,rhetorical_question,1,0.8182550072669983,0.8795949220657349,-0.06133991479873657,0.8541194796562195,0.3004843884984905,255.8600311279297,5,0.5555555555555556,0.256649569549148
2158,Behold! The profound and culturally significant title of American Horror Story Season 7 – because subtlety is overrated.,behold! the profound and culturally significant title of american horror story season 7,satire,0,0.7967530488967896,0.6944200992584229,0.1023329496383667,0.878688633441925,0.26924438966634723,496.5160827636719,11,0.6111111111111112,0.2365819848178278
2159,tour guide one stop behind clearly giving more interesting tour,A tour guide is one stop behind giving a more interesting tour.,irony,0,0.9247376918792725,0.8723718523979187,0.05236583948135376,0.9140181541442871,0.1281101041965245,267.2748107910156,5,0.4166666666666667,0.11709496096493961
2160,"Serena Williams has perfected her argument against the wage gap: She's so good at explaining it, she should charge men for listening.",serena williams has perfected her argument against the wage gap,sarcasm,0,0.951475977897644,0.9375095963478088,0.013966381549835205,0.9284627437591553,0.19244596474019196,300.7113952636719,15,0.6818181818181818,0.17867890844805628
2161,rookie told to ease up on crime-scene tape,A rookie was told to relax on a crime-scene tape.,irony,0,0.8356238603591919,0.85474693775177,-0.019123077392578125,0.8481976985931396,0.056122223243057295,106.06898498535156,6,0.6,0.047602740594691606
2162,supermodel's true beauty comes from outside,The supermodel's true beauty comes from outside.,irony,0,0.8953243494033813,0.8633244037628174,0.031999945640563965,0.9799195528030396,0.6147881529512643,123.68341064453125,2,0.2857142857142857,0.6024429319086096
2163,infants piling up at orphanage's old address,Infants are piling up at an orphanage's old address.,overstatement,1,0.6626572608947754,0.5995786786079407,0.06307858228683472,0.9478234052658081,0.14923729480049117,153.85165405273438,4,0.4444444444444444,0.1414506009504588
2164,joe arpaio's family surprises him with detained hispanic motorist,Joe Arpaio's family surprises him with a detained hispanic motorist.,satire,0,0.9197912216186523,0.8819715976715088,0.037819623947143555,0.9755247831344604,0.31239399369202553,271.2552490234375,4,0.4,0.3047480829489212
2165,area man to start curling his 2s,A local man is starting to curl his 2s.,satire,0,0.6292589902877808,0.5083526968955994,0.1209062933921814,0.7855114936828613,0.03155984539112946,301.05242919921875,7,0.7777777777777778,0.02479062129358627
2166,"How exactly do discriminatory immigration policies affect the unborn? Oh, wait, they don't.",how exactly do discriminatory immigration policies affect the unborn?,rhetorical_question,1,0.5146586894989014,0.9104127883911133,-0.3957540988922119,0.97495436668396,0.5535566902494308,156.23049926757812,5,0.38461538461538464,0.5396925123658027
2167,"Yes, the man who lost a primary by 70 points is definitely the one to finally fix everything.",the man who lost a primary by 70 points is the one to fix everything,sarcasm,0,0.9617981314659119,0.9726334810256958,-0.010835349559783936,0.9173036813735962,0.6039770658045669,94.35018920898438,4,0.2222222222222222,0.554030385927752
2168,report: nearby conversation definitely just got quiet to prevent you from hearing it,A report indicates that the nearby conversation was quiet to prevent you from hearing it.,overstatement,1,0.6284651160240173,0.6496837735176086,-0.02121865749359131,0.9084946513175964,0.3641410562218426,186.51991271972656,9,0.6,0.3308202019026842
2169,"$88 million settlement for sex misconduct. Just a tiny, negligible oopsie for the district.",$88 million settlement for sex misconduct,understatement,0,0.9062325954437256,0.726390540599823,0.1798420548439026,0.8234760761260986,0.20029051217596075,432.573486328125,9,0.6428571428571429,0.16493444505194674
2170,Ten surefire methods to make your kid hate books less.,10 ways to make your kid hate books less,sarcasm,0,0.932986319065094,0.7440853118896484,0.18890100717544556,0.8920261859893799,0.525624059490303,271.2049255371094,4,0.4,0.46887042505138987
2171,Let's all commence to move forward—whatever that means.,let's all start moving forward,sarcasm,1,0.8878446817398071,0.5937650203704834,0.29407966136932373,0.7522619962692261,0.029486824119076216,349.36199951171875,7,0.875,0.022181817175455837
2172,michelle obama admits barack had way too much sperm to make natural conception possible,Michelle Obama admits that Barack Obama had too much sperm to make a natural conception possible.,sarcasm,0,0.9034963846206665,0.9087796807289124,-0.00528329610824585,0.969196081161499,0.2803950119994003,116.55716705322266,8,0.5,0.2717577468070503
2173,tim burton worried he going through a bit of a 14-movie slump,Tim Burton is concerned that he may experience a 14-movie slump.,sarcasm,1,0.5862895846366882,0.5559139251708984,0.030375659465789795,0.9549735188484192,0.040282619279694225,163.84437561035156,10,0.8333333333333334,0.038468834681960766
2174,The tartan carpet gala: where fashion meets historical drama in the most extravagant way possible.,the tartan carpet gala,overstatement,0,0.968052327632904,0.8727290630340576,0.09532326459884644,0.772297739982605,0.012020365629417109,3104.066162109375,13,0.8666666666666667,0.009283301209363416
2175,Chelsea Handler's brilliant tribute to Sarah Huckabee Sanders showcases her finest moments.,steve handler's brilliant tribute to samantha huckabee sanders,satire,0,0.8551729917526245,0.7295817136764526,0.12559127807617188,0.8408595323562622,0.08338026118731375,1364.68896484375,9,0.75,0.07011108742970763
2176,The hottest NYC restaurant is a dorm room – fine dining has never been more exclusive with bunk beds!,the hottest new york restaurant is a dorm room,overstatement,0,0.6487479209899902,0.9358224868774414,-0.28707456588745117,0.8468807935714722,0.15377854660688903,205.84552001953125,14,0.7368421052631579,0.1302320975847098
2177,"Chrissy Teigen grateful for Instagram filters—her way of fighting online hate, one block at a time.",chrissy teigen grateful for instagram filters,satire,0,0.8793943524360657,0.8986453413963318,-0.019250988960266113,0.8910187482833862,0.016306386699013735,1251.2852783203125,14,0.875,0.014529296265580076
2178,"Just a little ol' murder, nothing to see here.",a little ol' murder,understatement,0,0.7921993732452393,0.8404896855354309,-0.04829031229019165,0.7660665512084961,0.11392443929712959,860.1040649414062,6,0.6666666666666666,0.08727370231071373
2179,Nas talks 'Ghostbusters'-inspired lines and sartorial heroes – because rap is really about proton packs and suits.,na talks 'ghostbusters'-inspired lines and sartorial heroes,satire,0,0.9436830282211304,0.9033722281455994,0.040310800075531006,0.7223026752471924,0.10418130752448972,371.1233215332031,12,0.7058823529411765,0.07525043713568938
2180,total idiot resorting to tribalism decades before climate catastrophe makes it necessary,An idiot resorts to tribalism decades before the climate catastrophe is necessary.,sarcasm,0,0.9399440884590149,0.8928347826004028,0.04710930585861206,0.9326719045639038,0.2620251007173262,382.3116455078125,6,0.5,0.24438344972957735
2181,man sort of curious what his last straw is going to be,A man is curious about his last straw.,understatement,0,0.9201041460037231,0.6533048748970032,0.26679927110671997,0.8377931714057922,0.04479896078974043,176.588623046875,9,0.75,0.03753226343572037
2182,"scientists discover dangerous link between book learnin', back talk",Scientists discover a dangerous link between book learnin' and back talk.,satire,0,0.8387594819068909,0.7882491946220398,0.050510287284851074,0.9692574739456177,0.2596535889340338,349.4938049316406,5,0.45454545454545453,0.25167118171111535
2183,"Director makes movie about childhood friend, because Hollywood needs more tributes",director makes a movie about a childhood friend,satire,0,0.9464143514633179,0.7591383457183838,0.18727600574493408,0.8006828427314758,0.04800950704175182,46.43416976928711,9,0.8181818181818182,0.03844038857632665
2184,Prime Day's top toys: because consumerism is love.,prime day's top toys,satire,0,0.9656687378883362,0.793721079826355,0.1719476580619812,0.7986636757850647,0.029556479778261396,1316.0689697265625,7,0.875,0.02360568678297318
2185,office politician runs for coffee,An office politician runs for coffee.,irony,0,0.9572243690490723,0.9535654783248901,0.003658890724182129,0.9795253276824951,0.5081327481546147,1192.9478759765625,2,0.3333333333333333,0.49772889664235576
2186,"Drake's dad's music video is so smooth, it could calm a raging bull.",drake's dad's music video is so smooth that it could calm a raging bull,overstatement,0,0.5601164102554321,0.5674845576286316,-0.007368147373199463,0.9918081760406494,0.5316967153331754,132.4717254638672,4,0.2857142857142857,0.5273411494414011
2187,archaeologists unearth ancient clay pot shards from dwelling of earliest known klutz,Archaeologists discovered ancient clay pot shards from the dwelling of the early known Klutz.,satire,1,0.6301913261413574,0.5719039440155029,0.05828738212585449,0.9666054844856262,0.3161487584488943,232.76644897460938,6,0.42857142857142855,0.3055911238300227
2188,william barr shows up to congress to testify at 3 a.m. after reading email wrong,William Barr is scheduled to testify at 3 a.m. after reading an incorrect email.,irony,0,0.9103833436965942,0.8794887065887451,0.03089463710784912,0.9028325080871582,0.40261268809521783,67.17666625976562,9,0.6,0.36349182298071825
2189,suicidegirls.com put on 24-hour watch,Suicidegirls.com has a 24-hour watch.,irony,0,0.6293491721153259,0.7537926435470581,-0.12444347143173218,0.9469963312149048,0.05372849659117709,136.81494140625,4,0.8,0.05088068915353722
2190,bumper nilla crop spells profit for wafer growers,A bumper Nilla crop has a positive impact on wafer growers.,irony,0,0.9246788620948792,0.9624436497688293,-0.037764787673950195,0.8484414219856262,0.024808415001701823,643.4835815429688,8,0.7272727272727273,0.021048486901253438
2191,cash-strapped trump forced to replace eric trump with cheap migrant son,Trump is forced to replace Eric Trump with a cheap migrant son.,sarcasm,0,0.7792877554893494,0.8082006573677063,-0.028912901878356934,0.9254908561706543,0.11094660471566163,127.78771209716797,6,0.5,0.10268006818752483
2192,Trump won't condemn neo-nazis? UN panel is utterly surprised.,donald trump won't condemn neo-nazis,rhetorical_question,0,0.8963704705238342,0.9034044146537781,-0.007033944129943848,0.7936543226242065,0.05105362709447673,71.28483581542969,8,0.8888888888888888,0.040518931829175764
2193,"RNC chair: since we're terrible at normal, let's roll the dice with Trump.","rnc chair: 'we're terrible at normal, we're gonna roll the dice with donald trump'",sarcasm,1,0.5834305882453918,0.5722432136535645,0.011187374591827393,0.943767786026001,0.2737928561916526,177.80880737304688,7,0.5,0.25839687771773123
2194,monsanto develops hardier strain of corn that yields 4 times normal litigation,Monsanto develops a hardier strain of corn that results in 4 times normal litigation.,irony,0,0.5904890298843384,0.694692075252533,-0.10420304536819458,0.9712997078895569,0.3661926362999429,208.204345703125,5,0.35714285714285715,0.3556828006694413
2195,"Yes, because nothing captures the despair of student loans like a comic book.",here's what it's like to have a student loan in a comic book,sarcasm,0,0.8094848990440369,0.6446027159690857,0.16488218307495117,0.839889407157898,0.039073802494525016,30.605121612548828,10,0.7692307692307693,0.03281767281253141
2196,"friend insists you just have to climb ladder, hop gap, scale wall to see the view from apartment's roof","A friend insists you need to climb a ladder, hop gap and scale wall to see the view from the apartment's roof.",irony,1,0.5512466430664062,0.5117226243019104,0.03952401876449585,0.962849497795105,0.3784157746763232,118.21571350097656,8,0.36363636363636365,0.3643574386048434
2197,A millennial perspective on Concur's new app center: because what we need is another app to manage our apps.,a millennial perspective on concur's new app center,sarcasm,0,0.769830048084259,0.6843671202659607,0.08546292781829834,0.9310302138328552,0.04370595172508409,2437.60302734375,14,0.7368421052631579,0.040691561580373486
2198,mom calmly emptying dishwasher as if shrieking argument didn't happen 10 minutes ago,A mother emptys her dishwasher as if a shrieking argument did not occur 10 minutes ago.,understatement,0,0.9360706210136414,0.9250341057777405,0.011036515235900879,0.8985257148742676,0.08947853200770763,157.3090362548828,9,0.5625,0.08039876193812552
2199,Chewbacca gets a 'Chewbacca mom' mask? Because Star Wars fans needed more merch.,chewbacca gets a 'chewbacca mom' mask,sarcasm,0,0.8706004619598389,0.8041741847991943,0.06642627716064453,0.8377752900123596,0.029752796575840495,180.64378356933594,10,0.7692307692307693,0.02492615778000351
2200,Because matching with the 'most hated man in pharma' on Tinder is everyone's dream.,how to match with the'most hated man in pharma' on tinder,irony,1,0.9765598177909851,0.728018045425415,0.24854177236557007,0.7636420726776123,0.27955378582426715,662.2341918945312,9,0.6428571428571429,0.21347903243171668
2201,Knobby-faced beast stands tall? This fossil rewrites history books.,a knobby-faced beast stands tall,overstatement,1,0.8380314707756042,0.5368720293045044,0.30115944147109985,0.7472014427185059,0.05105362709447673,748.2347412109375,8,0.8888888888888888,0.03814734382100561
2202,Art-house films this summer: because who needs plot or fun?,this summer's art-house films,understatement,0,0.8104309439659119,0.6558837890625,0.15454715490341187,0.7463601231575012,0.021318810323722334,240.83114624023438,9,0.9,0.01591150989878481
2203,government no longer even bothering to hide halliburton favors,The government is unable to hide the favors of Halliburton.,sarcasm,0,0.6241369843482971,0.6951268911361694,-0.07098990678787231,0.8507174849510193,0.05307712171072445,92.71064758300781,8,0.8,0.045153635490186646
2204,Seth Meyers points out how Mike Pence's love for Trump is as genuine as a 'Love Actually' plot.,seth meyers points out how mike pence's love for donald trump is as genuine as a 'love actually' plot,sarcasm,0,0.9258764386177063,0.8841477036476135,0.04172873497009277,0.9853016138076782,0.27854685173648897,263.662109375,9,0.47368421052631576,0.27445266253701067
2205,people in healthcare.gov stock photos now visibly panicking,People in healthcare.gov stock photos are now panicking.,sarcasm,0,0.9305388927459717,0.9310311079025269,-0.0004922151565551758,0.9639463424682617,0.3655552228545123,164.12454223632812,4,0.5,0.35237562004077744
2206,family has strict no smartphone rule while eating dinner in front of tv,A family has no smartphone rule while eating dinner in front of television.,irony,0,0.7202380299568176,0.5960195660591125,0.12421846389770508,0.879854679107666,0.7016035864257111,214.3438262939453,3,0.23076923076923078,0.6173091983953817
2207,Trump's diary offers deep insights: 'Day 1: I am great. Day 100: Still great.' Must-read.,trump's diary offers deep insights about day 1: i am great,satire,0,0.582532525062561,0.9589389562606812,-0.3764064311981201,0.8567748069763184,0.07368743484893579,499.2248229980469,11,0.7333333333333333,0.06313353776927699
2208,10 qualities of your inner spirit? Who needs science when you have lists?,10 qualities of your inner spirit,rhetorical_question,1,0.9646586775779724,0.8748995661735535,0.08975911140441895,0.8113749027252197,0.23661528215726477,579.5673217773438,8,0.6153846153846154,0.19198370154365113
2209,std had awesome time on spring break,The Std had a great time on the spring break.,understatement,0,0.8671425580978394,0.8838952779769897,-0.01675271987915039,0.8983119130134583,0.05307712171072445,90.02919006347656,6,0.6,0.047679810741209035
2210,"world cup stadium's walls reinforced with 10,000 homeless brazilians","The World Cup stadium's walls are reinforced with 10,000 homeless Brazilians.",sarcasm,0,0.9278213381767273,0.922191321849823,0.005630016326904297,0.9835667014122009,0.2790159393585827,111.36853790283203,5,0.45454545454545453,0.2744307871163479
2211,Kid who hugged cop in viral protest photo feared dead in family car plunge—from heartwarming to tragic in seconds.,kid who hugged cop in viral protest photo feared dead in family car plunge,irony,0,0.5541715025901794,0.5060645341873169,0.04810696840286255,0.9720228910446167,0.5867290727149083,1927.670166015625,7,0.3684210526315789,0.5703140895202723
2212,mom guesses dressbarn closure means she'll just have to go shop with all the sluts over at chico's now,A mother believes that the dressbarn closure means she will have to go shop with all the sluts at Chico's now.,sarcasm,0,0.8157330751419067,0.7952139973640442,0.02051907777786255,0.9563309550285339,0.40276720463657734,135.27342224121094,10,0.47619047619047616,0.38517874546427094
2213,The long fight for justice: where 'long' means 'eternal' and 'justice' is a fairy tale.,the long fight for justice,sarcasm,0,0.8475109338760376,0.7234789133071899,0.12403202056884766,0.7747180461883545,0.03598765407745826,98.10474395751953,12,0.8,0.027880285053790834
2214,"Starbucks, ever the patron of high art, invites you to deface their seasonal cup like a toddler with a placemat.","st. louis, ever the patron of high art, invites you to deface their seasonal cup",satire,0,0.8288452625274658,0.7898531556129456,0.038992106914520264,0.5646624565124512,0.6095769271041522,203.7474365234375,8,0.4,0.34420520509194197
2215,kidnapped journalist forced to explain to isis captors what buzzfeed news is,A kidnapped journalist is forced to explain to isis captors what buzzfeed news is.,satire,0,0.8892662525177002,0.928260862827301,-0.03899461030960083,0.9592227935791016,0.6591844162499148,329.11767578125,3,0.21428571428571427,0.6323047172390526
2216,mitt romney announces he's running for his life,Mitt Romney announced that he is running for his life.,sarcasm,0,0.5918152928352356,0.5557678937911987,0.036047399044036865,0.9334903359413147,0.10445522730720382,22.546161651611328,7,0.7,0.09750794522982807
2217,"On Supreme Court steps, too happy to hate – because joy and injustice go hand in hand, clearly.","on supreme court steps, too happy to hate",irony,0,0.9189152121543884,0.6830523014068604,0.23586291074752808,0.8473538756370544,0.14811528845667093,734.6203002929688,13,0.7222222222222222,0.1255060637148604
2218,"Bill Murray's bribery attempt is so cute, you'd almost forget it's illegal.","bill mcconnell's bribery attempt is so cute, you'd almost forget it's illegal",sarcasm,0,0.9178427457809448,0.9178933501243591,-5.060434341430664e-05,0.7105857133865356,0.7102992180127422,131.31321716308594,3,0.25,0.5047284765494828
2219,national security council distracted by whimpering jared kushner pawing at door throughout meeting,The National Security Council is distracted by whimpering Jared Kushner pawing at the door during the meeting.,sarcasm,0,0.9229321479797363,0.9212573170661926,0.0016748309135437012,0.9545897841453552,0.07492402094280846,94.03753662109375,11,0.6470588235294118,0.0715217049790976
2220,Watched three attacks from school? Just another day in America.,watched three attacks from school,understatement,0,0.9746336936950684,0.6111909747123718,0.36344271898269653,0.880791187286377,0.09782458612762486,4057.541259765625,7,0.7,0.08616303336114914
2221,"Finally, a drug policy expert says what we all knew: legalizing weed will solve everything, right?",a drug policy expert says what we all knew about legalizing weed,satire,0,0.9786030650138855,0.9749217629432678,0.0036813020706176758,0.880418598651886,0.4803788442733142,262.13922119140625,7,0.4375,0.4229344688971238
2222,"Congratulations to Jared Kushner on his new role as FBI director, because nepotism is the new meritocracy.",congratulations to jared kushner on his new role as fbi director,sarcasm,0,0.9635903239250183,0.9222952127456665,0.04129511117935181,0.8285176753997803,0.2128244052505896,136.16514587402344,11,0.6470588235294118,0.17632878150655928
2223,boyfriend vows to try harder,A boyfriend vows to try harder.,irony,0,0.8340273499488831,0.9270556569099426,-0.09302830696105957,0.9386730194091797,0.5081327481546147,554.4367065429688,2,0.3333333333333333,0.4769705009709765
2224,"Even female doctors struggle for equal pay, despite being obviously superior.",even female doctors struggle for equal pay,sarcasm,0,0.968678891658783,0.937076985836029,0.031601905822753906,0.9301944971084595,0.34718201116725705,447.131103515625,6,0.5454545454545454,0.32294679628283024
2225,Florida man head-butts a bus? Classic problem-solving.,florida man head-butts a bus,irony,0,0.9648046493530273,0.6224558353424072,0.3423488140106201,0.8374228477478027,0.17824801752356584,108.22518920898438,4,0.5714285714285714,0.14926896243998475
2226,Exclusive: Hillary's secret speech notes that no one cares about.,exclusive: hillary clinton's secret speech notes no one cares about,sarcasm,0,0.7192127108573914,0.796535313129425,-0.07732260227203369,0.9642755389213562,0.17567205239427922,340.44256591796875,5,0.5,0.16939626299591432
2227,Brianna Brochu's story reveals racism is just a minor undercurrent in Connecticut.,brianna brochu's story reveals racism is a minor undercurrent in kentucky,irony,0,0.6662917733192444,0.69280606508255,-0.026514291763305664,0.8999984860420227,0.42846977766678973,452.50445556640625,4,0.3333333333333333,0.3856221512148728
2228,A mashup so profound it will guide you to sabotage street. Or confuse you. Probably both.,a mashup that will guide you to sabotage street,satire,1,0.9354158043861389,0.9014096260070801,0.03400617837905884,0.839239239692688,0.2146152503562547,490.3502197265625,10,0.625,0.18011353953543907
2229,"Surprise, surprise, the art of the deal involves... not keeping deals?","surprise, surprise, the art of the deal",irony,0,0.9214973449707031,0.7518949508666992,0.1696023941040039,0.7663631439208984,0.45691722266180906,69.36376953125,5,0.45454545454545453,0.3501645192707092
2230,report: mom going to need you to pitch in around house after her procedure,A report indicates that a mother will need to pitch in around the house after her procedure.,sarcasm,1,0.669754683971405,0.6022201180458069,0.06753456592559814,0.9148619771003723,0.2140909265975804,100.68412017822266,10,0.5882352941176471,0.19586364838631307
2231,historical archives: to be sold - carved wooden heads,Historical archives are to be sold.,irony,1,0.8557356595993042,0.6702744364738464,0.18546122312545776,0.7081289291381836,0.05236421927181383,188.28225708007812,8,0.8888888888888888,0.03708061851810657
2232,local senior keeps busy with obituary-clipping hobby,A local senior is busy with an obituary-clipping hobby.,satire,0,0.8930281400680542,0.8791717886924744,0.013856351375579834,0.945284903049469,0.07583235673413397,160.40074157714844,4,0.4444444444444444,0.07168318198343858
2233,George and Amal Clooney stun post-baby red carpet: as if having a baby changes your style.,george and amal clooney stun post-baby red carpet,understatement,0,0.9555116891860962,0.8084033727645874,0.1471083164215088,0.9336336851119995,0.05434388648448332,2221.940673828125,12,0.75,0.05073728300181635
2234,"With all eyes on Trump, Texas passes horrific laws? Perfect, let's distract from the real issues.","with all eyes on trump, texas passes horrific laws",irony,0,0.9790341258049011,0.959433376789093,0.019600749015808105,0.9182989001274109,0.06856346714060817,705.00146484375,11,0.6875,0.06296175646414236
2235,Freedom with a twist of maturity? Because liberty tastes better with responsibility.,freedom with a twist of maturity,satire,1,0.5787304639816284,0.7961928844451904,-0.217462420463562,0.765850305557251,0.18693159143202892,431.78851318359375,8,0.6666666666666666,0.14316161641652256
2236,Behold a tatted up Zayn Malik: the world hasn't seen tattoos before.,behold a tatted up zayn malik,overstatement,1,0.7015179395675659,0.8156068921089172,-0.11408895254135132,0.8780045509338379,0.0743306114738671,852.9107055664062,9,0.75,0.06526261514775027
2237,Clarence Thomas harassed me? Impeach him? Never! Said the corrupt.,"clarence thomas harassed me, impeach him",sarcasm,0,0.6185473203659058,0.5055174231529236,0.11302989721298218,0.854144275188446,0.020960166113993737,475.67681884765625,9,0.9,0.01790300589326661
2238,An Apology to My Fellow Black Woman for Existing in This Mess,an apology to my fellow black woman for being present in this mess,overstatement,1,0.8905857801437378,0.6757598519325256,0.21482592821121216,0.9710935354232788,0.020448007360218394,125.87321472167969,10,0.7692307692307693,0.019856927759795705
2239,U.S. vs. China in Africa: A totally cooperative and not competitive venture.,u.s. vs. china in africa,sarcasm,1,0.8473683595657349,0.7506642937660217,0.09670406579971313,0.8235633373260498,0.015756142963855618,77.49246215820312,10,0.8333333333333334,0.012976181682699291
2240,new history textbook makes hatred of history come alive for students,A new history textbook encourages students to hate history.,irony,0,0.9710659980773926,0.9562281370162964,0.014837861061096191,0.8845664858818054,0.10212149527580384,207.00149536132812,9,0.8181818181818182,0.0903332522091132
2241,hellmann's introduces new meat-on-the-bottom mayo cups,Hellmann's introduces new meat-on-the-bottom mayo cups.,overstatement,0,0.8014287352561951,0.7974214553833008,0.004007279872894287,0.990440845489502,0.5081327481546147,207.9237823486328,2,0.3333333333333333,0.5032754287031608
2242,belt looks weird on child,A child's belt looks strange.,sarcasm,0,0.543193519115448,0.5024343132972717,0.04075920581817627,0.9269636869430542,0.11362193664674995,520.7859497070312,5,1.0,0.10532340931168147
2243,poll finds 97% of americans don't know who donald trump is,A poll indicates that 97% of Americans don't know who Donald Trump is.,overstatement,0,0.7825175523757935,0.5619911551475525,0.22052639722824097,0.9477345943450928,0.10120193244194395,13.13010311126709,7,0.5384615384615384,0.09591257238980523
2244,woman worried she doing bad job enjoying massage,A woman is worried that she is doing a bad job enjoying a massage.,sarcasm,0,0.9131937623023987,0.9457463026046753,-0.03255254030227661,0.9684449434280396,0.08737167851715878,52.37044143676758,7,0.5,0.0846146602587627
2245,Andrew Lincoln will make you hope for Rick's death scene. What a charming plot twist.,alexander will make you hope for rio's death scene,sarcasm,0,0.8657107949256897,0.5156480073928833,0.3500627875328064,0.41626274585723877,0.23983663471592362,386.12237548828125,9,0.6,0.09983505612400992
2246,"In a world where body positivity means embracing all sizes, a model is 'ok' with being called fat. How revolutionary.","in a world where body positivity means embracing all sizes, a model is 'ok' with being called fat",irony,0,0.9692916870117188,0.8144084215164185,0.1548832654953003,0.9456544518470764,0.7858371354498703,110.76319885253906,4,0.2,0.7431303855649238
2247,airbnb user loves how easy website makes it to ejaculate in stranger's sink,An airbnb user enjoys the ease of using a website to ejaculate in a stranger's sink.,sarcasm,0,0.9578391909599304,0.9477877616882324,0.010051429271697998,0.9325851202011108,0.08326915667169545,80.67179107666016,10,0.625,0.07765557648371822
2248,Frankie Muniz seems keen on a Malcolm reboot – because originality is overrated when you have nostalgia.,frankie muniz seems keen on a malcolm reboot,irony,0,0.6261317729949951,0.7583892345428467,-0.13225746154785156,0.8591760993003845,0.11867840505544883,1246.187744140625,12,0.7058823529411765,0.10196564912673156
2249,american media reports news other than zoo's escaped cobra as if anything else really matters,American media reports news other than the Zoo's escaped cobra.,sarcasm,0,0.9163272976875305,0.9232574105262756,-0.006930112838745117,0.9466079473495483,0.2493651438887133,361.8037109375,10,0.6666666666666666,0.2360510269970197
2250,"Nations advised to avoid South China Sea confrontation, as peace is already here.",nations advised to avoid south china sea confrontation,sarcasm,1,0.7567853927612305,0.6365281939506531,0.12025719881057739,0.8854010701179504,0.07358282223449895,1900.858154296875,10,0.7692307692307693,0.06515030954872429
2251,"Clippers win championship, racism wins too – sports always promote equality, right?","clippers win championship, racism wins too",irony,0,0.922420859336853,0.9006940722465515,0.021726787090301514,0.8368299603462219,0.27952792741962756,2330.949951171875,7,0.5833333333333334,0.23391734441822853
2252,"5 steps to get you from shy to sociable – step 1: become a mind reader, step 2: never be awkward again.",5 steps to get you from shy to sociable,overstatement,1,0.8464376926422119,0.5037036538124084,0.34273403882980347,0.8909342885017395,0.23587708298569995,85.3909683227539,13,0.5909090909090909,0.21015098110373034
2253,"Why leave a husband who threatens to kill you? For the cozy domestic violence, of course.",why leave a husband who threatens to kill you,sarcasm,1,0.693553626537323,0.7048736214637756,-0.011319994926452637,0.8645105957984924,0.33353374339709213,78.47077178955078,9,0.5625,0.2883434552231216
2254,inept coworker increasingly difficult to fantasize about,An inept coworker is increasingly difficult to fantasize about.,sarcasm,0,0.723236083984375,0.8923680782318115,-0.16913199424743652,0.9505850672721863,0.3549481056010053,149.02658081054688,3,0.3333333333333333,0.3374083688408667
2255,louvre curators hurry to display ugly van gogh donor gave them before surprise visit,Louvre curators are preparing to display an ugly donor Van Gogh before a surprise visit.,satire,0,0.8766903281211853,0.8788481950759888,-0.002157866954803467,0.905807614326477,0.038233014078303,323.4325866699219,10,0.6666666666666666,0.03463175527077825
2256,scientists find human vocal cords developed over millennia to lower voice when speculating on acquaintance's sexual orientation,Scientists find that human vocal cords have been developed to lower their voice when speculating on an acquaintance's sexual orientation.,overstatement,0,0.8650119304656982,0.8777152299880981,-0.012703299522399902,0.9519646763801575,0.22012248449054683,57.8202018737793,8,0.4,0.20954882971203964
2257,"7 ridiculously easy ways to protect your bones – so easy, you'll forget you're even trying to avoid osteoporosis!",7 ridiculously easy ways to protect your bones,overstatement,0,0.575027585029602,0.7853240966796875,-0.21029651165008545,0.8948401212692261,0.25283959580474646,366.66583251953125,11,0.5789473684210527,0.22625101457158142
2258,"This is so much cooler than your boring black ponytail holder? Wow, that ponytail holder must be a revolution in hair accessories.",this is so much cooler than your boring black ponytail holder,overstatement,0,0.9736822843551636,0.8436877131462097,0.12999457120895386,0.9328426122665405,0.3057716189299773,170.41107177734375,12,0.5454545454545454,0.2852367957596092
2259,fire department deploys unmarked trucks,Fire Department deploys unmarked trucks.,irony,0,0.9469033479690552,0.9421275854110718,0.0047757625579833984,0.9833476543426514,0.11362193664674995,479.7773742675781,3,0.6,0.11172986488345091
2260,Fed finally 'lowers the boom' on Wells Fargo after years of scandals—about time they noticed.,fed finally 'lowers the boom' on wells fargo after years of scandals,sarcasm,0,0.9141265153884888,0.8263869881629944,0.08773952722549438,0.9701099395751953,0.3302212944306679,700.8101806640625,7,0.4666666666666667,0.32035095998657803
2261,"Aunt Flo's uninvited visits made adorable – because menstruation is just a funny little quirk, right?",aunt flo's uninvited visits made adorable,satire,0,0.907863974571228,0.9262682199478149,-0.018404245376586914,0.841920018196106,0.09597387912920985,861.7124633789062,12,0.75,0.08080233006281523
2262,area man tired of making excuses for rapist friend,A local man is tired of making excuses for a rapist friend.,sarcasm,0,0.8351414203643799,0.9066216349601746,-0.07148021459579468,0.9120655059814453,0.3448444257953326,124.0693130493164,5,0.4166666666666667,0.31452070569790097
2263,authorities on loudspeaker plead with holdout characters to evacuate disney world while they still can,Authorities on a loudspeaker plead with holdout characters to evacuate the disney world while they still can.,satire,0,0.902134120464325,0.8847781419754028,0.01735597848892212,0.9836041927337646,0.5749089871602278,175.487060546875,4,0.23529411764705882,0.5654828902111221
2264,"Ivanka, where's your LGBTQ advocacy when your dad is anti-LGBTQ? Probably shopping.","ivanka, where's your lgbtq advocacy when your dad is anti-lgbtq?",sarcasm,1,0.5809787511825562,0.5234096050262451,0.057569146156311035,0.9368187785148621,0.3699033744491308,105.76251983642578,5,0.4166666666666667,0.3465324274199603
2265,"cheney to speak at republican convention from section 109, row 56, seat 3","Cheney will speak at the Republican convention from section 109, row 56, and seat 3.",satire,1,0.7107903361320496,0.7129239439964294,-0.002133607864379883,0.9445241689682007,0.375022891676693,168.4997100830078,6,0.4,0.35421818510498
2266,Andrew Lincoln and cue cards back? The cultural event of the decade.,alexander lincoln and cue cards back,understatement,1,0.9406312704086304,0.7023897767066956,0.23824149370193481,0.7904239892959595,0.0743306114738671,1266.1002197265625,9,0.75,0.05875269844798205
2267,"'oh, was i not enough for you?' amazon echo asks couple bringing new baby home",Amazon Echo asks a couple to bring a new baby home.,sarcasm,0,0.7108204364776611,0.7462061643600464,-0.035385727882385254,0.8032180070877075,0.03295402268196149,172.57659912109375,13,0.8666666666666667,0.026469264424128214
2268,14 Toronto film festival movies worth your attention. As if you needed more reasons to stay home.,14 toronto film festival movies worth your attention,sarcasm,1,0.655829668045044,0.8029714226722717,-0.14714175462722778,0.9008786678314209,0.17566369369221596,1316.3916015625,11,0.6470588235294118,0.1582516743597903
2269,Russia objects to U.S. arming rebels—peace-loving as always.,russia objects to u.s. arming rebels,sarcasm,0,0.9442425966262817,0.9323437213897705,0.01189887523651123,0.9149609804153442,0.06846046760764757,782.1234130859375,5,0.625,0.06263865656198614
2270,tapas arriving too fast,Tapas are arriving too fast.,irony,0,0.6962243318557739,0.7578086853027344,-0.06158435344696045,0.9187889099121094,0.11362193664674995,232.34095764160156,3,0.6,0.10439457531377014
2271,"Rubio's struggle to have an original thought, barely noticeable",robio's struggle to have an original thought,understatement,0,0.5612103939056396,0.506526529788971,0.0546838641166687,0.7154684662818909,0.46199933699457096,205.1365966796875,4,0.4444444444444444,0.33054595706275613
2272,clinton takes stand against harmful uv radiation,Hillary Clinton has taken a stand against harmful Uv radiation.,understatement,0,0.7920315265655518,0.9329653978347778,-0.14093387126922607,0.934075117111206,0.10445522730720382,331.41644287109375,7,0.7,0.09756902867985405
2273,nation's moms demand christmas list,The nation's moms demand a christmas list.,sarcasm,0,0.9263705015182495,0.6628506183624268,0.26351988315582275,0.9601646661758423,0.17567205239427922,527.052490234375,3,0.42857142857142855,0.16867409754357818
2274,"Happiness answered two millennia ago—and we're still searching, obviously.",happiness answered two millennia ago,sarcasm,0,0.712687611579895,0.7881059646606445,-0.07541835308074951,0.8980215787887573,0.11948321931215808,2727.832275390625,6,0.6666666666666666,0.10729850924546754
2275,pope starting to suspect bishops getting huge erections during meeting on child sexual abuse might be pedophiles,Pope suspects bishops receiving erections during a meeting on child sexual abuse may be pedophiles.,satire,0,0.9242614507675171,0.9374437928199768,-0.013182342052459717,0.9478199481964111,0.2636932645412712,111.05671691894531,9,0.5294117647058824,0.2499337363372502
2276,"Trump now claims 'illegal immigrants' are behind voter fraud, solving the mystery of his elusive mandate.",donald trump now claims 'illegal immigrants' are behind voter fraud,sarcasm,0,0.9373329877853394,0.9375903010368347,-0.00025731325149536133,0.9201067090034485,0.35065941041239285,91.96719360351562,10,0.625,0.32264407609563633
2277,Supreme Court to decide if Bush-era officials can be sued; because accountability is so last decade.,supreme court to decide if bush-era officials can be sued,sarcasm,0,0.7788472771644592,0.7695587277412415,0.009288549423217773,0.8294296264648438,0.0964108664904999,208.82846069335938,10,0.625,0.07996602898036725
2278,"Scholarship for Sterling's children: fixes everything, right?",scholarship for sterling's children,sarcasm,0,0.9623659253120422,0.8303341269493103,0.13203179836273193,0.9249616861343384,0.037951271263104894,961.1946411132812,6,0.8571428571428571,0.035103471858463166
2279,first day of school photos a chance to see how much cousin's kids are chunking out this year,The first day of school photos is a chance to see how much their cousin's kids are splitting out this year.,sarcasm,0,0.9194790720939636,0.9414950609207153,-0.02201598882675171,0.9235734939575195,0.480863104434549,88.14611053466797,5,0.23809523809523808,0.444112417477876
2280,laura ingraham claims protesting parkland students don't have enough gun knowledge to criticize nicholas cruz,Laura Ingraham claims protesting Parkland students lack sufficient gun knowledge to criticize Nicos Cruz.,sarcasm,0,0.8338453769683838,0.7684329152107239,0.06541246175765991,0.8704806566238403,0.20458069164373974,1349.4666748046875,8,0.5333333333333333,0.17808353479460198
2281,jeb bush bungles several questions on first day back at home,Jeb Bush bungled questions on his first day at home.,sarcasm,0,0.5239487290382385,0.8578704595565796,-0.33392173051834106,0.7889582514762878,0.06038970633304927,134.14035034179688,7,0.6363636363636364,0.04764495711568906
2282,"Oh, sure, Obama totally supports Black Lives Matter—just not loudly enough to actually make a difference.",obama totally supports black lives matter,sarcasm,0,0.8743898868560791,0.9633563160896301,-0.08896642923355103,0.9156224727630615,0.016306386699013735,623.2489624023438,14,0.875,0.014930494111181651
2283,this so typical of hemophiliac,A hemophiliac disorder is characterized by severe hemophiliac symptoms.,understatement,0,0.9211459159851074,0.7383500337600708,0.18279588222503662,0.7075251340866089,0.023980296761827107,13.142593383789062,8,0.8888888888888888,0.016966662681848398
2284,new dog sick of being compared to old one,A new dog is tired of being compared to an old dog.,satire,1,0.8547542691230774,0.848250687122345,0.006503582000732422,0.8649783134460449,0.2620251007173262,42.2722282409668,5,0.4166666666666667,0.22664602969900288
2285,detective endangers own life by looking forward to upcoming retirement,A detective is threatening his own life by looking forward to a future retirement.,irony,0,0.9242839813232422,0.9087774157524109,0.015506565570831299,0.8913294076919556,0.363622704650007,119.27362823486328,7,0.5,0.32410760995903765
2286,employee leaving company unsure how to break it to coworkers who don't really care whether he lives or dies,An employee leaving the company is unsure how to break it to coworkers who don't care whether he lives or dies.,irony,0,0.5690613389015198,0.7332069873809814,-0.16414564847946167,0.9515226483345032,0.5923136157487711,49.12146759033203,5,0.23809523809523808,0.563599820301856
2287,Guy Fieri eats to Johnny Cash's 'Hurt' – the perfect soundtrack for fine dining.,guy fieri eats to kate cash's 'hurt',irony,1,0.9174394011497498,0.6627598404884338,0.2546795606613159,0.8170778155326843,0.0256976373216606,985.525146484375,12,0.8571428571428571,0.020996969367133623
2288,"Does the GIF Oscars need you? Probably not, but your meme might win.",does the gif oscars need you?,rhetorical_question,1,0.8856424689292908,0.8751455545425415,0.010496914386749268,0.8498927354812622,0.029752796575840495,278.31103515625,10,0.7692307692307693,0.02528668567005861
2289,hillary clinton campaign shuts down after blowing through $2 billion in first month,Hillary Clinton's campaign was shut down after blowing through $2 billion in the first month.,overstatement,0,0.8478807210922241,0.9304552674293518,-0.08257454633712769,0.9342182874679565,0.42610827239170174,24.436952590942383,6,0.4,0.39807814050970514
2290,"What's next for Jill Abramson? A Pulitzer for her next editorial, obviously?",what's next for jill abramson?,rhetorical_question,1,0.5319124460220337,0.9471979737281799,-0.41528552770614624,0.812645435333252,0.028018824614254093,82.23081970214844,10,0.8333333333333334,0.022769369926176553
2291,new carpet cleaner safe for pets that were meant to go on living,A new carpet cleaner is safe for pets that were intended to continue living.,understatement,0,0.6849920749664307,0.9297327995300293,-0.24474072456359863,0.9645573496818542,0.3661926362999429,204.837890625,6,0.42857142857142855,0.3532137987424841
2292,The great unifier: how a polarizing figure brought everyone together,the great unifier,sarcasm,0,0.8612233996391296,0.8940165042877197,-0.03279310464859009,0.5502400398254395,0.011018142789200103,579.3062133789062,9,0.9,0.006062623327131843
2293,The family talisman: that mysterious object that definitely brings luck and isn't just a dusty old trinket.,the family talisman,irony,0,0.5160552263259888,0.8013133406639099,-0.28525811433792114,0.7386051416397095,0.0010684509884797387,944.0257568359375,16,0.9411764705882353,0.000789163393681165
2294,"Clearly, a comedian is the perfect person to settle complex geopolitical election interference debates.",a comedian is the perfect person to settle complex geopolitical election interference debates,irony,0,0.9783018827438354,0.9812002778053284,-0.00289839506149292,0.9638552665710449,0.8446319809857226,764.974853515625,2,0.14285714285714285,0.8141029831874234
2295,olympic torch used to ignite tibetan protesters,An Olympic torch was used to ignite tibetan protesters.,sarcasm,0,0.8418914675712585,0.8879956603050232,-0.04610419273376465,0.9852489233016968,0.3155984539112945,132.077392578125,4,0.4444444444444444,0.31094303691178304
2296,trump vows to bring back ohio town's white castle,Trump pledges to restore the Ohio town's white castle.,sarcasm,0,0.9166894555091858,0.9362114071846008,-0.01952195167541504,0.9072214961051941,0.056122223243057295,192.60548400878906,6,0.6666666666666666,0.05091528733531614
2297,report: most terrorists do not start the day off with a good breakfast,A report indicates that most terrorists do not start the day with a good breakfast.,sarcasm,0,0.8381379246711731,0.9065325260162354,-0.06839460134506226,0.9394446611404419,0.4920274515385508,69.17391204833984,6,0.4,0.46223256248242905
2298,HuffPost Rise Newsbrief: your daily dose of obvious news.,huffpost rise newsbrief,sarcasm,0,0.9493350982666016,0.7021478414535522,0.24718725681304932,0.8546116352081299,0.0,2428.65087890625,9,1.0,0.0
2299,dad's previously unheard-of friend dies,A father's previously unheard-of friend died.,understatement,1,0.6676572561264038,0.8523236513137817,-0.18466639518737793,0.9272106289863586,0.20205155046766235,225.9422607421875,3,0.5,0.1873443451967902
2300,no leads sought in asshole's murder,No leads have been sought in an asshole's murder.,sarcasm,1,0.6549052000045776,0.5922529697418213,0.06265223026275635,0.9295706152915955,0.06030725360407769,159.54632568359375,5,0.5555555555555556,0.056059850839288786
2301,Co-worker's bad mood getting you down? Just ignore it; that always works.,co-worker's bad mood is getting you down,sarcasm,0,0.7732585668563843,0.8191049098968506,-0.04584634304046631,0.9420756101608276,0.04836067244628849,153.310302734375,9,0.75,0.04555941000262516
2302,Because nothing says respect like dressing up as other cultures.,how to dress up as other cultures,sarcasm,0,0.924937903881073,0.8848065733909607,0.040131330490112305,0.6425143480300903,0.10649808156466072,72.85517883300781,7,0.7,0.06842654544297336
2303,defiant dallas police officer claims anyone could have mistaken black man's apartment for gun,A defiant Dallas police officer claims anyone could have mistaken a Black man's apartment for a gun.,sarcasm,0,0.5715175271034241,0.5431167483329773,0.028400778770446777,0.9653233885765076,0.4385068972747104,87.31730651855469,6,0.35294117647058826,0.423300963991394
2304,point of story apparently that man ate at restaurant,A man ate at a restaurant.,understatement,1,0.6365805864334106,0.5069102644920349,0.12967032194137573,0.7245128154754639,0.1225504602011117,99.40435791015625,7,0.7777777777777778,0.08878937895812122
2305,Black Friday boycott: because saving money is so last season,black friday's boycott,irony,0,0.9626822471618652,0.8487313985824585,0.11395084857940674,0.770187258720398,0.0,2409.632568359375,10,1.0,0.0
2306,"Pretty Little Liars escapes New York, finally giving the city a break.",pretty little liars escapes new york city,sarcasm,0,0.9505239725112915,0.847004771232605,0.10351920127868652,0.922024130821228,0.019229913610012243,702.4056396484375,10,0.8333333333333334,0.017730444382038843
2307,'Pharma bro' Martin Shkreli backs Bush: Because his endorsement is everyone's dream.,'pharma bro' martin shkreli backs bush,sarcasm,1,0.9184685945510864,0.5643571615219116,0.3541114330291748,0.8825148344039917,0.01786024416690236,769.0257568359375,10,0.8333333333333334,0.015761930423368695
2308,'entourage' fans doubt film adaptation can capture nuances of book,Fans of 'Entourage' doubt that a film adaptation can capture the nuances of a book.,irony,1,0.5030415654182434,0.8069843649864197,-0.30394279956817627,0.9580451250076294,0.20333448190047881,54.29887390136719,8,0.5333333333333333,0.19480360913070577
2309,"'Miracle on Ice' veteran seeks congressional scrutiny on NHL concussions, because Congress has nothing better to do.",'miracle on ice' veteran seeks congressional scrutiny on nfl concussions,understatement,0,0.8116454482078552,0.5682520270347595,0.2433934211730957,0.8493799567222595,0.20416291204740555,3050.57861328125,11,0.6470588235294118,0.1734118853991158
2310,Haiku art reviews: deep insights in three lines.,haiku art reviews,satire,1,0.556178629398346,0.5347796082496643,0.02139902114868164,0.9225702285766602,0.021460411779726157,23357.7109375,7,0.875,0.01979873700097121
2311,area man probably pervert,A local man is likely to pervert.,sarcasm,1,0.6009221076965332,0.6010114550590515,-8.934736251831055e-05,0.7809661626815796,0.033031643180138064,330.4971923828125,6,0.8571428571428571,0.02579659562145959
2312,overpopulation of the earth: will it create valuable new markets?,Overpopulation of the earth will create valuable new markets.,satire,0,0.9228852391242981,0.8903759717941284,0.03250926733016968,0.9357812404632568,0.13977121394614234,216.9124298095703,4,0.4,0.13079527996757634
2313,street musician's mother really on his case about practicing his buckets,A street musician's mother is interested in practicing his buckets.,irony,0,0.8345699310302734,0.9464173316955566,-0.1118474006652832,0.8802828192710876,0.11884631831419354,483.46099853515625,7,0.6363636363636364,0.10461837214560739
2314,K-pop fans lost their minds? At a closing ceremony? That's never happened before. They must be so unpredictable.,k-pop fans lost their minds at a closing ceremony,overstatement,0,0.8785132765769958,0.951510488986969,-0.07299721240997314,0.9250640869140625,0.054901332613142485,113.14380645751953,13,0.7222222222222222,0.0507872511241419
2315,kangaroo decides he'll get there faster by just running,Kangaroo decides to run faster.,irony,0,0.8257355093955994,0.6641649603843689,0.16157054901123047,0.914383053779602,0.02414176971688927,138.9178466796875,8,0.8888888888888888,0.02207482511737313
2316,Geckos enjoy a cosmic party in space – because nothing says scientific advancement like lizard tourism.,geckos enjoy a cosmic party in space,irony,0,0.9713298082351685,0.9301348328590393,0.04119497537612915,0.8925302028656006,0.2236800154620159,786.2733764648438,10,0.625,0.19964116957729372
2317,"Meet the woman who flew us to Pluto: NASA called, they want their imaginary space program back.",meet the woman who flew us to plutoma,satire,0,0.94623863697052,0.6982362866401672,0.24800235033035278,0.6860674619674683,0.22088540083017574,438.8970031738281,11,0.6470588235294118,0.15154228633322558
2318,Ted Cruz and Rand Paul: the ultimate outsiders bravely fighting the establishment from inside their powerful Senate seats. So rebellious.,ted cruz and rand paul: the ultimate outsiders fighting the establishment from inside their powerful senate seats,sarcasm,0,0.912784993648529,0.9239407777786255,-0.011155784130096436,0.9333342909812927,0.3675667565747676,747.756103515625,9,0.45,0.3430626581360042
2319,Gigi Hadid walks runway with one shoe: A minor fashion faux pas.,gigi hadid walks the runway with one shoe,understatement,0,0.8198397159576416,0.7347503304481506,0.08508938550949097,0.941858172416687,0.08959792157948086,2387.080322265625,9,0.75,0.08438853467118348
2320,"Sinclair CEO tells employees not to let 'extremists' bully them, presumably meaning 'journalists who fact-check.'",sinclair CEO tells employees not to let 'extremists' bully them,satire,0,0.902789294719696,0.9072661995887756,-0.00447690486907959,0.8968002796173096,0.4608636396914616,118.75481414794922,7,0.4666666666666667,0.41330264094075375
2321,argument about capital of australia occurs 10 feet from encyclopedia,An argument about the capital of australia occurs 10 feet from an encyclopedia.,irony,0,0.8608676791191101,0.8541590571403503,0.006708621978759766,0.9637741446495056,0.5205510363053438,166.09371948242188,4,0.3076923076923077,0.5016936297615965
2322,"News roundup: August 17, 2017 – nothing to see here.","news roundup: august 17, 2017",sarcasm,0,0.7247434258460999,0.5725348591804504,0.15220856666564941,0.8534679412841797,0.04625839074220484,174.3998565673828,7,0.7,0.039480053513868726
2323,"From bicycles to spaceships: a video that highlights how far we've come, yet we still can't fix traffic.",from bicycles to spaceships: a video that highlights how far we've come,irony,1,0.9233171939849854,0.5194560289382935,0.4038611650466919,0.7954405546188354,0.4895040428210662,56.96891403198242,8,0.4444444444444444,0.3893713673097511
2324,assisted care facility hits grand fucking slam with little styrofoam cups of sherbet,An assisted care facility uses styrofoam cups of sherbet for a grand fucking slam.,sarcasm,0,0.9743292927742004,0.9718502163887024,0.002479076385498047,0.9294068813323975,0.2865612242047131,231.0558319091797,11,0.7857142857142857,0.26633197369889633
2325,"Russia holds military exercises in disputed areas, just a friendly workout, no ulterior motives.",russia holds military exercises in disputed areas,irony,0,0.9338860511779785,0.92267906665802,0.011206984519958496,0.8175386190414429,0.22616792214653433,381.2130432128906,9,0.6428571428571429,0.18490101074315024
2326,couple stressing about wedding plans as if it won't just take a string of edison bulbs to knock guests' fucking socks off,A couple is stressed about their wedding plans as if it will not take a string of Edison bulbs to knock guests off.,satire,0,0.9488491415977478,0.9454756379127502,0.0033735036849975586,0.8791790008544922,0.3214110553053944,187.81723022460938,11,0.4782608695652174,0.2825778504669846
2327,podiatrists recommend getting feet rotated every 6 months,A podiatrist recommends getting feet rotated every six months.,satire,0,0.8372896313667297,0.9005680680274963,-0.0632784366607666,0.9836586117744446,0.2984745896009823,224.65118408203125,5,0.5555555555555556,0.2935971004568493
2328,"Russia amasses 45,000 troops: just a casual gathering on the border, no big deal.","russia amasses 45,000 troops on border",understatement,0,0.8749887347221375,0.8399376273155212,0.03505110740661621,0.8468450903892517,0.025185198565837008,550.966796875,11,0.7857142857142857,0.021327961755957494
2329,parents finally cave and buy 33-year-old son playstation 1,Parents are purchasing their 33-year-old son's Playstation 1.,understatement,0,0.6634628176689148,0.8360915780067444,-0.1726287603378296,0.8591689467430115,0.024512401940754224,50.60791778564453,8,0.8888888888888888,0.021060294557579157
2330,"'Warcraft' trailer debuts at Blizzcon – finally, some quality entertainment.",'warcraft' trailer debuts at blizzcon,understatement,0,0.9238344430923462,0.6155136823654175,0.3083207607269287,0.9619981050491333,0.09782458612762486,403.0042724609375,7,0.7,0.09410706648199085
2331,Dolphin mom shows better parenting than many humans,dolphin mom shows better parenting than many humans,sarcasm,0,0.9410704374313354,0.9337354302406311,0.007335007190704346,1.0,0.8408964152537145,2557.380615234375,1,0.125,0.8408964152537145
2332,report: one in five women training to be yoga instructors,A report indicates that one in five women are training to become yoga instructors.,irony,0,0.9527804851531982,0.9400243163108826,0.012756168842315674,0.9626380205154419,0.21972813874997157,37.62425994873047,7,0.5,0.211518660537815
2333,"Ted Cruz wins by being so bland, opponents fall asleep.","donald trump wins by being bland, opponents fall asleep",sarcasm,0,0.9290754199028015,0.9185277223587036,0.0105476975440979,0.7403988838195801,0.17861170664603615,1526.2626953125,4,0.4,0.13224390823783544
2334,"Spain's gentle, loving persuasion of Catalonia is such a heartwarming story of unity.","spain's gentle, loving persuasion of catalonia is a heartwarming story",satire,0,0.9259403944015503,0.8246917724609375,0.10124862194061279,0.8773434162139893,0.2910042507378282,160.345458984375,5,0.38461538461538464,0.2553106634751185
2335,obamas decide to stay in white house until daughters finish high school,Obama decides to stay in the White House until his daughters finish high school.,irony,0,0.9617686867713928,0.9314902424812317,0.030278444290161133,0.9600307941436768,0.1235622127262679,23.866943359375,7,0.5,0.11862352920974889
2336,bold intern giving parents tour of office,An intern is giving parents a tour of the office.,irony,0,0.9770420789718628,0.9739121198654175,0.0031299591064453125,0.8648648262023926,0.06674094719041482,101.33830261230469,5,0.5,0.05772189769242117
2337,"Melo's hat game > Knicks' triangle offense—yes, accessories are the key to winning championships.",melo's hat game > knicks' triangle offense,sarcasm,0,0.9052910804748535,0.6100737452507019,0.2952173352241516,0.742956280708313,0.06462613646424778,1804.27099609375,10,0.7142857142857143,0.04801439398402541
2338,cable-tv judge overruled by network-tv judge,A cable-tv judge is overruled by a network-tv judge.,satire,0,0.8132213950157166,0.8958646655082703,-0.08264327049255371,0.9476444721221924,0.07583235673413397,77.38138580322266,4,0.4444444444444444,0.07186211366710016
2339,"Iowa caucus photos so thrilling, you'll forget it's just a straw poll.","iowa caucus photos are so thrilling, you'll forget it's just a straw poll",overstatement,0,0.9251492619514465,0.9031372666358948,0.022011995315551758,0.9892092943191528,0.6115380576901023,186.47377014160156,3,0.23076923076923078,0.6049391304969315
2340,Black women are rising! When will their pay rise? Probably after the next ice age.,black women are rising! when will their pay rise?,rhetorical_question,1,0.6290497779846191,0.7378848195075989,-0.10883504152297974,0.9512021541595459,0.22162677325877655,231.8558807373047,8,0.5333333333333333,0.2108118641431775
2341,justice breyer unable to look at anything without deliberating constitutionality of it,Justice Breyer is unable to examine the constitutionality of the matter without deliberating it.,overstatement,1,0.51845782995224,0.7044140696525574,-0.18595623970031738,0.8707210421562195,0.05231868220107226,47.98139572143555,12,0.8571428571428571,0.04555497749035769
2342,Police heroically displace homeless for the Pope's visit—compassion in action.,police displace homeless homeless for the pope's visit,sarcasm,0,0.9314159750938416,0.854641318321228,0.07677465677261353,0.8871924877166748,0.12731933764073725,272.4590148925781,7,0.7,0.11295675989592495
2343,kkk member struggles to blame blacks for his hangover,A Kkk member struggles to blame Blacks for his hangover.,sarcasm,0,0.9115450382232666,0.8658151626586914,0.045729875564575195,0.9756864309310913,0.31239399369202553,384.3227844238281,4,0.4,0.30479858074968225
2344,Who needs a plan when Ebola comes knocking? This infographic has you covered.,who needs a plan when ebola comes knocking?,rhetorical_question,1,0.8833098411560059,0.909780740737915,-0.02647089958190918,0.9514656066894531,0.22006396709435144,216.7584686279297,7,0.5384615384615384,0.20938329596191493
2345,"Lawmaker obsessed with 'war on whites'—clearly, the most pressing issue of our time.",lawmaker obsessed with 'war on whites',sarcasm,0,0.9209175109863281,0.9180445075035095,0.0028730034828186035,0.8716084957122803,0.1582341759519314,286.8702392578125,9,0.6923076923076923,0.1379182520717352
2346,bowling green state just going to claim christopher lloyd as alumnus until someone calls them out,Bowling Green State will claim Christopher Loyd as alumnus until someone calls them out.,satire,0,0.8883684277534485,0.7464319467544556,0.14193648099899292,0.8108125925064087,0.3152164865084787,185.8343963623047,9,0.5625,0.25558149662670104
2347,tv in l.a. bar switched over to 'american dad' rerun without complaint,Television in the United States Bar was switched to a 'American Dad' rerun without complaint.,irony,0,0.5150798559188843,0.8243207931518555,-0.3092409372329712,0.8953083753585815,0.03514847831369806,208.2678985595703,11,0.7333333333333333,0.031468727015363344
2348,rnc builds levee out of poor people to protect convention site,The RNC builds a levee out of poor people to protect the convention site.,satire,0,0.9282567501068115,0.9432429075241089,-0.014986157417297363,0.9445663094520569,0.460462862587273,146.69577026367188,5,0.35714285714285715,0.43493770675379
2349,Beyond marriage equality? What could possibly be next for LGBT rights?,beyond marriage equality,rhetorical_question,0,0.8821440935134888,0.7316879034042358,0.15045619010925293,0.6759533286094666,0.007894844292834697,2645.55126953125,10,0.9090909090909091,0.005336546278595064
2350,man sets unsustainable precedent of saying hello to coworker every morning,A man sets an unsustainable precedent of saying hello to his coworker every morning.,sarcasm,0,0.9239676594734192,0.9280954003334045,-0.0041277408599853516,0.9347094297409058,0.43242270754632145,127.9786376953125,4,0.2857142857142857,0.4041895823776406
2351,A mass shooting is a 'reprieve'? Only in the White House could that be considered a positive spin.,mass shooting is a'reprieve',sarcasm,0,0.8320967555046082,0.9056244492530823,-0.07352769374847412,0.7890797853469849,0.012007547560562644,2779.97119140625,15,0.8333333333333334,0.009474913051632483
2352,scott pruitt nervously picks up walking pace as hundreds of whooping cranes begin silently perching around him,Scott Pruitt picks up walking pace as hundreds of whooping cranes begin silently perching around him.,irony,0,0.7769858241081238,0.8753116726875305,-0.09832584857940674,0.9604068994522095,0.7437299285245418,221.69769287109375,4,0.23529411764705882,0.7142833546840686
2353,8-month-old sick of staring at pooh's smug face all day,An 8-month-old is tired of staring at a pooh's smug face all day.,overstatement,1,0.6713756918907166,0.701532781124115,-0.030157089233398438,0.93040931224823,0.2891784933232572,55.83097839355469,5,0.38461538461538464,0.2690543630898711
2354,"Biden says to cure cancer, overcome 'cancer politics', easy peasy","joe biden says to cure cancer, overcome 'cancer politics'",sarcasm,0,0.9457034468650818,0.7525351643562317,0.1931682825088501,0.9184428453445435,0.525624059490303,941.0258178710938,5,0.5,0.48275565677982346
2355,Canada's generosity: blaming Alan Kurdi for his own death,canada's generosity: blaming alan kurdi for his own death,sarcasm,0,0.9425544142723083,0.9491322040557861,-0.006577789783477783,1.0,0.3549481056010053,301.6463317871094,3,0.3333333333333333,0.3549481056010053
2356,single parent wishes she had thought of abandoning child first,A single parent wishes she had thought of abandoning her child first.,sarcasm,1,0.5189467668533325,0.6082040667533875,-0.08925729990005493,0.9732195138931274,0.6315552371794037,110.42448425292969,3,0.25,0.614641880924398
2357,"mom getting pretty into new tyler, the creator album","A mother is familiar with the new tyler, the creator album.",irony,1,0.6719071269035339,0.7488939762115479,-0.07698684930801392,0.8938952684402466,0.23462350320528,374.5713195800781,7,0.6363636363636364,0.2097288393800748
2358,gazebo underutilized,A gazebo is underutilized.,understatement,1,0.7632548809051514,0.6459144353866577,0.11734044551849365,0.9304442405700684,0.08034284189446518,41.469974517822266,3,0.75,0.07475453451173673
2359,croatian prime minister currently stuck under pile of turnips,The Croatian prime minister is currently under a pile of turnips.,satire,0,0.8212643265724182,0.6996369957923889,0.1216273307800293,0.909730076789856,0.06238986072117501,129.12176513671875,6,0.5454545454545454,0.05675793278478296
2360,new cereal for poor stays crunchy in water,A new cereal for poor stays crunchy in water.,satire,0,0.6992374062538147,0.8864649534225464,-0.1872275471687317,0.966036319732666,0.7259795291154771,678.0162353515625,2,0.2222222222222222,0.7013225925079694
2361,missing kazakhstani nukes turn up in manhattan,A number of missing Kazakhstani nukes have been found in Sudan.,overstatement,0,0.8204702734947205,0.597512423992157,0.22295784950256348,0.6373453140258789,0.024808415001701823,73.5676498413086,8,0.7272727272727273,0.015811527049743975
2362,What to do about Charlottesville? How about start by not being racist?,what to do about charlottesville,rhetorical_question,1,0.9354217648506165,0.7415395379066467,0.19388222694396973,0.8081424832344055,0.06557378107648686,79.60031127929688,9,0.75,0.052992958274221354
2363,slight inconvenience avoided,A slight inconvenience was avoided.,understatement,1,0.8568570017814636,0.8091441988945007,0.04771280288696289,0.8833674788475037,0.11362193664674995,504.80157470703125,3,0.6,0.10036992371741028
2364,george thorogood fan disgusted to learn musician licensed 'bad to the bone' for commercial purposes,A Georgian fan is disgusted to learn that a musician has been licensed to perform 'Bad to the Bone' for commercial purposes.,sarcasm,0,0.8139026165008545,0.8072515726089478,0.006651043891906738,0.7885313034057617,0.06908895196867147,66.36703491210938,12,0.5454545454545454,0.05447880134679458
2365,Teaching balance while constantly checking phones; hypocritical much?,teaching balance while constantly checking phones,irony,0,0.7027257084846497,0.9530985355377197,-0.25037282705307007,0.9104685187339783,0.36409302398068727,3836.546630859375,4,0.5,0.33149523622507115
2366,5 ways to get rid of summer weight gain – because holiday indulgences don't cause weight gain.,5 ways to get rid of summer weight gain,irony,1,0.704750120639801,0.5772866010665894,0.12746351957321167,0.7933346033096313,0.41111229050718745,115.66561126708984,8,0.47058823529411764,0.32614960590523345
2367,This is what's delaying 'Big Bang Theory' season 8 – the cosmic expansion of plot holes.,this is what's delaying 'big bang theory' season 8,overstatement,0,0.8535915613174438,0.7615964412689209,0.09199512004852295,0.804645299911499,0.06856346714060817,235.508544921875,11,0.6875,0.05516927158032687
2368,friend's wife encountered twice a year,A friend's wife encountered him twice a year.,sarcasm,1,0.6797506809234619,0.7072640061378479,-0.027513325214385986,0.8738836050033569,0.17286039232097053,113.56654357910156,3,0.375,0.15105986280374434
2369,"Journalist walks off show over Orlando, TV truth is optional.",journalist walks off show over orlando,sarcasm,0,0.8846970200538635,0.7715534567832947,0.11314356327056885,0.8016394972801208,0.2608840516436559,1228.4830322265625,6,0.6,0.2091349600080214
2370,Joy Reid highlights Jared's invisible contributions in the Middle East.,joy reid highlights jared jared's invisible contributions to the middle east,satire,0,0.9224813580513,0.8903064727783203,0.032174885272979736,0.9585567712783813,0.04740604259878138,629.3270874023438,7,0.6363636363636364,0.04544138313257329
2371,"new study finds therapy, antidepressants equally effective at monetizing depression",A study finds that therapy and antidepressants are effective in monetizing depression.,sarcasm,0,0.9579043388366699,0.9554274082183838,0.002476930618286133,0.9407397508621216,0.045293761707938834,120.37320709228516,7,0.5833333333333334,0.04260964210473468
2372,GPS guide to believing in yourself: technology that replaces self-esteem.,gps guide to believing in yourself,overstatement,1,0.8889918327331543,0.6620422601699829,0.2269495725631714,0.7730010747909546,0.2608840516436559,777.62451171875,6,0.6,0.20166365231636493
2373,"Police officer's cruiser mishap blamed on aggressive owl, a true menace to law enforcement",police officer's cruiser mishap is blamed on aggressive owl,understatement,0,0.7418640851974487,0.847673237323761,-0.10580915212631226,0.9569672346115112,0.11452232344544257,666.3876953125,9,0.6428571428571429,0.1095941111688702
2374,monument designer to see if some other country wants to buy rejected war memorial,A monument designer is looking at if another country wants to buy a rejected War Memorial.,satire,0,0.858974039554596,0.9098871350288391,-0.050913095474243164,0.9384106397628784,0.195647514979229,310.91412353515625,9,0.5625,0.18359770969967562
2375,"The 'Never Trump' movement isn't impressed—shocker, they have standards.",the 'never trump' movement isn't impressed,sarcasm,0,0.9079307913780212,0.7049701809883118,0.20296061038970947,0.8467870354652405,0.05236421927181383,366.25885009765625,7,0.7777777777777778,0.04434134200163105
2376,clinton woos gay vote with freddie mercury mustache,Hillary Clinton wooed a gay vote with a freddie mercury mustache.,satire,0,0.5655587315559387,0.8866121172904968,-0.3210533857345581,0.912503182888031,0.11731175160264001,407.24078369140625,6,0.5454545454545454,0.10704734672757908
2377,new study finds you'd love being rich asshole,A new study finds that you would love to be rich.,overstatement,0,0.9452176094055176,0.9426859617233276,0.0025316476821899414,0.7790200710296631,0.10025157431478134,46.5563850402832,7,0.6363636363636364,0.0780979885435365
2378,"Finally, the one true way for middle-aged men to be happy. Spoiler: it's not what you think.",the one true way for middle-aged men to be happy,satire,0,0.9162368178367615,0.9789503812789917,-0.06271356344223022,0.8499413728713989,0.4370505541859323,39.87897491455078,8,0.47058823529411764,0.371467348038997
2379,Scottish busker roasts Trump – because street performers are the voice of the people.,scotland busker roasts donald trump,sarcasm,0,0.9480097889900208,0.8863638639450073,0.06164592504501343,0.8170274496078491,0.01878157980529131,832.3092651367188,12,0.8571428571428571,0.015345066247923441
2380,everyone on defense team an equally matched romantic interest for member of prosecution,Everyone on the defense team expressed an equally matched romantic interest for a member of the prosecution.,satire,0,0.6625884175300598,0.8548206686973572,-0.19223225116729736,0.8990541100502014,0.3566325206249313,96.09384155273438,6,0.35294117647058826,0.3206319334454077
2381,Grill vegetables: the revolutionary cooking technique.,grill vegetables,overstatement,1,0.9221343994140625,0.6022076606750488,0.31992673873901367,0.8578972816467285,0.0,17418.6875,6,1.0,0.0
2382,Apple Watch: revolutionizing time by making it smaller and more annoying.,apple watch: a revolutionizing time by making it smaller and more annoying,overstatement,0,0.9667869210243225,0.9712056517601013,-0.004418730735778809,0.9832915663719177,0.6132297420585351,256.970947265625,4,0.3333333333333333,0.6029836336145841
2383,"How not to look like a tourist in Berlin: just don't be one, easy.",how not to look like a tourist in berlin,sarcasm,0,0.7007157802581787,0.5634695887565613,0.13724619150161743,0.9541894197463989,0.41653323821535565,83.21334075927734,7,0.5,0.3974516088777988
2384,'ncis' to cease print edition,NBC plans to discontinue its print edition.,satire,0,0.7610862255096436,0.8398310542106628,-0.07874482870101929,0.6579544544219971,0.039281465090051315,69.22538757324219,5,0.7142857142857143,0.025845414932221436
2385,"Microsoft confirms Russian hackers are exploiting Windows flaw, a novel and unprecedented event.",microsoft confirms russian hackers are exploiting windows flaw,overstatement,0,0.9500574469566345,0.9610447883605957,-0.010987341403961182,0.9591715335845947,0.07906988827190935,1407.939697265625,9,0.6923076923076923,0.07584158599412985
2386,AirAsia search continues but bad weather drives back divers. Because finding planes is so easy in sunshine.,"airasia search continues, but bad weather drives back divers",sarcasm,1,0.8423335552215576,0.8009645938873291,0.041368961334228516,0.9086031913757324,0.19204616400673585,1106.382568359375,11,0.6470588235294118,0.1744937575079875
2387,Brazil investigates ISIS threats post-Olympics—because security was flawless before.,brazil investigates isis threats after olympics,irony,0,0.9605944156646729,0.9123995900154114,0.048194825649261475,0.841345489025116,0.02944656445786981,1778.82421875,7,0.7777777777777778,0.024774734173916072
2388,"Ebola, AIDS, and Plague Inc.—because comparing pandemics to a game is totally normal.","ebola, AIDS, and plague inc.",irony,0,0.8995506167411804,0.5983537435531616,0.3011968731880188,0.7440550327301025,0.022939873376788145,357.41400146484375,11,0.8461538461538461,0.01706852823619051
2389,"How Nebraska can return to college football greatness: Step 1, become Alabama. Step 2, profit.",how nebraska can return to college football greatness,overstatement,0,0.794724702835083,0.7534976005554199,0.041227102279663086,0.8690730333328247,0.2155064730781546,286.1679992675781,10,0.6666666666666666,0.18729086426089053
2390,'yogi bear' movie introduces boring cartoon character to new generation,The 'yogi bear' movie introduces a boring cartoon character to a new generation.,sarcasm,0,0.7310389876365662,0.8618601560592651,-0.13082116842269897,0.9709915518760681,0.39832871551569504,116.31958770751953,4,0.3076923076923077,0.3867738176353856
2391,snowstorm in chicago delays hundreds of morning murders,A snowstorm in Chicago has delayed hundreds of morning murders.,irony,0,0.9475221633911133,0.9633657932281494,-0.015843629837036133,0.96744304895401,0.13134549472120793,210.34532165527344,5,0.5,0.12706928587945823
2392,vain galápagos tortoise trying to pass for 90,A vain galápagos tortoise is trying to pass for 90 days.,satire,0,0.5365071296691895,0.7256923913955688,-0.1891852617263794,0.869418740272522,0.46924700641056,205.26507568359375,3,0.2727272727272727,0.4079721411901211
2393,"Finally, a fast-food chain that's divinely approved—because Jesus totally cares about chicken sandwiches.",a fast-food chain that's divinely approved,overstatement,0,0.9759233593940735,0.9429658055305481,0.03295755386352539,0.6809641122817993,0.23661528215726477,88.52474212646484,8,0.6153846153846154,0.16112651556652927
2394,Two Non-Binary Activists Explain How They're Forcing Campus to Accommodate Their Every Need,two non-binary activists explain how they're forcing the campus to accommodate their needs,sarcasm,0,0.8098167777061462,0.9633289575576782,-0.15351217985153198,0.9911943674087524,0.01553712569276035,80.928466796875,13,1.0,0.01540031147238587
2395,Megadrought looms: because waiting for rain has always solved droughts.,megadrought looms,irony,1,0.9797459244728088,0.6395037770271301,0.3402421474456787,0.6244228482246399,0.0,5883.3525390625,10,1.0,0.0
2396,South Carolina governor bans abortions after 20 weeks. A victory for... something.,south carolina governor bans abortions after 20 weeks,irony,0,0.9777178764343262,0.8453882336616516,0.13232964277267456,0.8868003487586975,0.31356006812336346,147.9373016357422,7,0.5833333333333334,0.2780651777685997
2397,vessel for male sexual gratification very sad today,A vessel for male sexual gratification is very sad today.,sarcasm,0,0.889431357383728,0.8810870051383972,0.00834435224533081,0.9607235193252563,0.4518010018049224,282.4981384277344,3,0.3,0.43405584848870155
2398,"mar-a-lago member complains about loud, obnoxious cabinet meeting at next table","A mar-a-lago member complains about a loud, obnoxious cabinet meeting at the next table.",irony,0,0.6979063153266907,0.8067210912704468,-0.1088147759437561,0.9557327628135681,0.45723134461864345,101.94121551513672,4,0.2857142857142857,0.4369909762373388
2399,"Bill Henderson, jazz legend, finally retires from life at 90—what a tragedy, said no one ever.","bill henry, jazz legend, finally retires from life at 90",understatement,1,0.520114541053772,0.5178197026252747,0.0022948384284973145,0.7723311185836792,0.35065941041239285,300.1036071777344,9,0.5625,0.27082517468569683
2400,"Finally, a keyboard that makes texting more inclusive by adding more ways to abbreviate.",a keyboard that makes texting more inclusive,sarcasm,0,0.965671956539154,0.9372415542602539,0.028430402278900146,0.781710147857666,0.36787944117144233,891.1177978515625,7,0.5,0.28757509235192374
2401,Jennifer Lawrence Honors De Niro in Classic Style: By Forgetting His Name or Something,jennifer lawrence honors de niro in classic style,satire,0,0.6246350407600403,0.7204700112342834,-0.09583497047424316,0.8952304124832153,0.013120543279239774,643.6904296875,13,0.9285714285714286,0.011745909371877701
2402,"Democrats and Republicans unite to support LGBT rights in West Virginia? What's next, pigs flying?",democrats and republicans unite to support lgbt rights in west virginia,sarcasm,0,0.9368407726287842,0.955894410610199,-0.019053637981414795,0.8025771975517273,0.08535157993946077,153.3046112060547,9,0.6,0.06850123183442465
2403,school friends don't find camp songs funny,School friends do not find their camp songs funny.,understatement,0,0.9232958555221558,0.8817383050918579,0.04155755043029785,0.9635754227638245,0.06030725360407769,262.366455078125,5,0.5555555555555556,0.058110587387274336
2404,u-haul offers discount for customers who will just move back home in 18 months after failure to make it in major city,U-Haul offers a discount for customers who will move back home in 18 months after failing to make it in the major city.,sarcasm,0,0.8995303511619568,0.8628868460655212,0.03664350509643555,0.9732552766799927,0.5269003930556608,43.028594970703125,6,0.2608695652173913,0.5128085878261841
2405,"Clinton finds college costs high—from her private jet, no less.",hillary clinton finds college costs high,sarcasm,0,0.9033119082450867,0.9264657497406006,-0.023153841495513916,0.845658540725708,0.10373672493717558,847.7442626953125,8,0.8,0.08772584743003606
2406,class of '88 reunion attendees once again trick sue thorpe into thinking jeff urban likes her,Class of '88 reunion attendees again tricked Sue Thorpe into thinking Jeff Urban likes her.,satire,0,0.8337691426277161,0.8383457064628601,-0.004576563835144043,0.9381307363510132,0.19667812291861894,813.026123046875,8,0.5,0.18450979227777908
2407,Nathan Chen redeems himself with records—as if skating needed more pressure to be perfect.,nathan cheng redeems himself with record-breaking record,satire,0,0.8889749050140381,0.8845820426940918,0.004392862319946289,0.7059248089790344,0.06014139661862437,676.0540161132812,11,0.7857142857142857,0.04245530391973475
2408,area veal calf is totally cramped!,The area veal calf is cramped.,overstatement,1,0.9023840427398682,0.9043008685112,-0.0019168257713317871,0.955927312374115,0.5081327481546147,1695.6195068359375,3,0.5,0.4857379722727139
2409,Trump calls Obama to chat about Oscars in a Conan spoof—priorities straight as an arrow.,donald trump calls obama to talk about oscars in conan spoof,irony,0,0.8128267526626587,0.9374908208847046,-0.1246640682220459,0.897334635257721,0.01853140878532704,468.5018005371094,12,0.8,0.016628874943193164
2410,Meet the billionaire who 'cares' about LGBTQ rights—philanthropy at its most self-serving.,meet the billionaire who 'cares' about lgbtq rights,satire,0,0.9678084254264832,0.9575451612472534,0.010263264179229736,0.8765292167663574,0.31356006812336346,148.18312072753906,7,0.5833333333333334,0.27484456092137743
2411,Jimmy Carter mediating MLK heirs' dispute—because former presidents have nothing better to do.,jimmy carter mediating mlk heirs' dispute,understatement,0,0.9331175088882446,0.827700674533844,0.10541683435440063,0.8926774263381958,0.015118370289367042,2098.960693359375,11,0.8461538461538461,0.013495827880340015
2412,"Uber reverses course on tipping, realizing that money is nice – shocker!","uber reverses course on tipping, realizing that money is nice",irony,0,0.9766923189163208,0.9769972562789917,-0.00030493736267089844,0.9569322466850281,0.7205745450576256,240.6794891357422,3,0.25,0.6895410183060356
2413,"She wanted adventure in Africa, and got it in the most unexpected way.",she wanted adventure in africa and got it in the most unexpected way,irony,1,0.8053678274154663,0.7020934224128723,0.103274405002594,0.9884412288665771,0.5783569866465142,148.9224395751953,3,0.23076923076923078,0.5716718906044511
2414,data technician by day a data technician by night,A data technician is by day and a data technician is by night.,irony,0,0.6448867917060852,0.7607595324516296,-0.11587274074554443,0.9065443277359009,0.11685792587573332,38.91342544555664,5,0.38461538461538464,0.1059368898536284
2415,Back for a Second Season: Hardwired 2.0 – Because the First Season Wasn't Bad Enough,back for a second season: hardwired 2.0,sarcasm,1,0.947098970413208,0.8553175330162048,0.09178143739700317,0.9262881278991699,0.024653236470203323,146.85086059570312,12,0.8,0.022836000256640177
2416,bush quietly rolls back iraq death toll to zero,President Bush has reduced Iraq's death toll to zero.,sarcasm,0,0.944661557674408,0.9127890467643738,0.03187251091003418,0.7717099189758301,0.11868405219520975,67.39795684814453,6,0.6666666666666666,0.09158966030328851
2417,SEC commissioner: We shouldn't promote investor confidence. Solid plan.,senate commissioner: we shouldn't promote investor confidence,sarcasm,0,0.9245150685310364,0.7325210571289062,0.19199401140213013,0.7888187766075134,0.13201355840223275,708.3300170898438,5,0.5555555555555556,0.10413477363445377
2418,Friday talking points: serious discussion before the inevitable silliness,friday talking points,irony,0,0.5566330552101135,0.8800418376922607,-0.3234087824821472,0.683042585849762,0.015377056977980369,7270.654296875,8,0.8888888888888888,0.010503184760998837
2419,Because crying on a treadmill is the new emotional wellness.,why crying on a treadmill is the new emotional wellness,sarcasm,0,0.9828789234161377,0.9756837487220764,0.007195174694061279,0.972649097442627,0.7598356856515925,304.92840576171875,2,0.2,0.7390534938537211
2420,"world covers ears, chants loudly as epa releases ozone-depletion statistics",The world covers the ears and chants loudly as the EPA releases ozone-depletion statistics.,irony,0,0.9193052649497986,0.9593561291694641,-0.04005086421966553,0.9731478095054626,0.10390302174233558,161.97567749023438,7,0.5,0.10111299800955233
2421,Donald Sterling asks 'who makes the game?' The moral authority.,donald sterling asks 'who makes the game?',sarcasm,1,0.8110466599464417,0.6465926766395569,0.16445398330688477,0.8402107954025269,0.4004970149398301,426.0588073730469,5,0.5,0.3365019154789323
2422,"Because refusing to bake cakes is the ultimate, principled protest against equality. So brave.",why refusing to bake cakes is the ultimate protest against equality,sarcasm,0,0.9580492377281189,0.9716282486915588,-0.013579010963439941,0.9328694343566895,0.395348755325422,102.68545532226562,6,0.42857142857142855,0.36880876975404764
2423,nanny appears in child's drawings more than mother,A nanny appears in a child's drawings more than his mother.,understatement,0,0.8342118263244629,0.7606053948402405,0.07360643148422241,0.9468086957931519,0.33932513407933634,140.86346435546875,4,0.36363636363636365,0.3212759876474928
2424,trump-appointed judicial nominee displays legal expertise by withdrawing nomination,A Trump-appointed judicial nominee has withdrawn his nomination.,sarcasm,0,0.9229628443717957,0.6929922699928284,0.22997057437896729,0.8345694541931152,0.05183741882011645,65.33555603027344,8,0.8888888888888888,0.043261926331484506
2425,Create an environment for ultimate success – just add water and ambition.,create an environment for ultimate success,overstatement,0,0.5274829864501953,0.6205060482025146,-0.09302306175231934,0.8184820413589478,0.27952792741962756,216.9151153564453,7,0.5833333333333334,0.22878858865125257
2426,Switzerland performs at a theater. Expect yodeling and neutrality in equal measure.,switzerland performs at a yodeling and neutrality theater,understatement,0,0.8151699304580688,0.9252810478210449,-0.11011111736297607,0.8715927600860596,0.1402283254706611,1702.1285400390625,6,0.5,0.1222219932392198
2427,"After decades of honesty, the U.S. government's rare moment of truth might accidentally cause a Kurdish massacre. Shocking!","after decades of honesty, the u.s. government's rare moment of truth might cause a kurdish massacre",overstatement,0,0.9364571571350098,0.9508426785469055,-0.014385521411895752,0.96042799949646,0.4355633021094423,141.4602508544922,6,0.3333333333333333,0.41832719089904385
2428,historical archives: hy-genic apportionment of remaining paper,Historical archives include a hy-genic apportionment of the remaining paper.,satire,1,0.5057152509689331,0.7780793309211731,-0.27236407995224,0.9408296346664429,0.1122444464861146,421.4144287109375,6,0.6,0.1056029015808683
2429,Latinos face digital divide in health care: Who needs modern medicine when you have tradition?,latinos face digital divide in health care,sarcasm,0,0.6277157068252563,0.897832989692688,-0.27011728286743164,0.8704662919044495,0.19605997334125028,1783.737060546875,10,0.6666666666666666,0.17066359798524333
2430,chris pine depressed by realization he could probably win governorship somewhere,Chris Pine is depressed by the realization that he could probably win the governorship.,irony,0,0.7861577868461609,0.8087602853775024,-0.022602498531341553,0.9698671698570251,0.21972813874997157,80.10508728027344,7,0.5,0.21310710806738667
2431,michael jordan accidentally packaged in plastic,Michael Jordan accidentally packaged in plastic.,overstatement,1,0.7646845579147339,0.6558133363723755,0.1088712215423584,0.9722508788108826,0.20205155046766235,1757.64013671875,3,0.5,0.1964447975072861
2432,sandwich previously thought incapable of looking more depressing flattened in backpack,A sandwich previously thought incapable of looking more depressing was flattened in a backpack.,overstatement,1,0.791854202747345,0.6215696930885315,0.17028450965881348,0.9191436171531677,0.5622008276590377,637.7213745117188,4,0.2857142857142857,0.5167433023010326
2433,"Camp David, President Obama, and the refusal to acknowledge history and reality: as if a vacation spot could solve all geopolitical issues","camp david, president obama, and the refusal to acknowledge history and reality",overstatement,0,0.9534100890159607,0.8547134399414062,0.09869664907455444,0.852311372756958,0.22410608206064023,179.1381072998047,15,0.6818181818181818,0.19100816244428775
2434,new roommate excited to bring robust puttering experience to apartment,A new roommate is excited to bring a robust puttering experience to the apartment.,sarcasm,0,0.8642383813858032,0.9409729242324829,-0.07673454284667969,0.9522178173065186,0.2865612242047131,123.52539825439453,5,0.35714285714285715,0.2728687034368958
2435,ex-boyfriend just thought he'd check in and throw entire day off,An ex-boyfriend thought he would check in and throw off the entire day.,sarcasm,0,0.9292976260185242,0.7524027228355408,0.1768949031829834,0.933079183101654,0.22997519112894443,56.57500457763672,8,0.6153846153846154,0.21458506347224224
2436,"Supreme Court keeps conversion therapy ban—progress, but let's not get too excited.",supreme court keeps ban on conversion therapy,irony,0,0.6424849033355713,0.9164776802062988,-0.27399277687072754,0.9332890510559082,0.0378442713638306,230.94381713867188,11,0.9166666666666666,0.035319644109051744
2437,paul simon wondering how one goes about getting a column on 'the huffington post',Paul Simon is wondering how to get a column on 'The Huffington Post'.,satire,0,0.511460542678833,0.7161570191383362,-0.20469647645950317,0.9793238639831543,0.08953363688807181,100.87432098388672,10,0.7142857142857143,0.08768242723369116
2438,panicking flu swears it didn't mean to kill old lady,The panicking flu suggests it was not meant to kill an old lady.,satire,0,0.8156782984733582,0.6610051989555359,0.15467309951782227,0.888174295425415,0.051424016050282635,145.29054260253906,7,0.5384615384615384,0.045673489223405014
2439,new york attorney general claims assaults were just him role-playing as unaccountable male authority figure,New York attorney general claims assaults were just him role-playing as an unaccountable male authority figure.,sarcasm,0,0.9405511021614075,0.9181827902793884,0.022368311882019043,0.9713014364242554,0.6026080978557137,194.04734802246094,4,0.25,0.5853141110481429
2440,A presidency under siege: Drama is the new policy.,a presidency under siege,sarcasm,0,0.9666314125061035,0.8290672898292542,0.13756412267684937,0.6940498352050781,0.04867843262263999,6429.2666015625,7,0.7777777777777778,0.033785258139784786
2441,"Obamacare repeal to uninsured 10%, a small price for political points.",obamacare repeal to uninsured 10%,sarcasm,0,0.7205404043197632,0.6294167041778564,0.09112370014190674,0.8189637660980225,0.08009199706981218,2070.903564453125,8,0.7272727272727273,0.06559244355460517
2442,botanist holding up entire salad bar,A botanist is holding the entire salad bar.,overstatement,0,0.8484098315238953,0.7407115697860718,0.10769826173782349,0.8721369504928589,0.06985342056580097,222.43531799316406,4,0.5,0.06092174919375282
2443,"Because nothing says stable governance like a new GOP theme every week—wait, did they even remember last week's?",a new gop theme every week,sarcasm,0,0.8474383354187012,0.6661574840545654,0.18128085136413574,0.6411113739013672,0.016523723068475084,923.12353515625,14,0.7777777777777778,0.010593546798395775
2444,Feminist school supplies? Because empowerment starts with a pink ruler.,feminist school supplies,satire,0,0.9258096218109131,0.9529719352722168,-0.02716231346130371,0.7673634886741638,0.011018142789200103,1790.7337646484375,9,0.9,0.008454920489430673
2445,law enforcement questions why alton sterling was even black in the first place,Law enforcement questions why Alton Sterling was even black in the first place.,sarcasm,1,0.5691224932670593,0.6404268145561218,-0.0713043212890625,0.9771687984466553,0.48442732379638637,47.70636749267578,4,0.3076923076923077,0.4733672659288437
2446,First Latino Arab-American candidate sees heritage as asset—in a country that literally built a wall to keep such ‘assets’ out.,first latino arab-american candidate sees heritage as an asset,irony,0,0.8438236713409424,0.9463285207748413,-0.10250484943389893,0.8522463440895081,0.08792310098663911,403.20916748046875,16,0.8,0.0749321413768758
2447,Adam Schiff says there's 'more than circumstantial evidence'—because politicians never exaggerate.,adam schiff: there's more than circumstantial evidence,sarcasm,1,0.7685672640800476,0.6007410287857056,0.16782623529434204,0.818708062171936,0.04365582670262632,87.82783508300781,8,0.7272727272727273,0.03574137728222106
2448,Russian skaters break records back-to-back—competition is so overrated.,russian skaters break records back-to-back,sarcasm,0,0.8717495799064636,0.9556460976600647,-0.08389651775360107,0.8657907843589783,0.14593713362172633,141.80157470703125,5,0.625,0.12635102538545545
2449,Blind dog from pantry to luxury. What an upgrade.,blind dog from pantry to luxury,understatement,1,0.7878302931785583,0.8434221148490906,-0.05559182167053223,0.9075393676757812,0.3081980909598119,1127.1732177734375,5,0.5555555555555556,0.2797019005885506
2450,kiss cover band guitarist leaves to start vinnie vincent invasion tribute band,The cover band guitarist left to start the Vinnie Vincent invasion tribute band.,irony,0,0.7856447696685791,0.7370960712432861,0.04854869842529297,0.8468661904335022,0.11302127100918531,443.9789123535156,6,0.46153846153846156,0.09571389321750119
2451,Cholera cases in Somalia expected to be a small bump in the road.,chollera cases in somalia expected to be a small bump in road,understatement,0,0.8932132720947266,0.8598318696022034,0.03338140249252319,0.6324360370635986,0.525045957788985,746.630615234375,4,0.3076923076923077,0.33205798482032717
2452,high school breathes sigh of relief as difficult teacher ages out of education system,High school breathes relief as a difficult teacher ages out of the education system.,understatement,0,0.9682446122169495,0.9761165380477905,-0.007871925830841064,0.949312686920166,0.3498761149110956,188.442138671875,6,0.42857142857142855,0.33214183473544096
2453,"EPA spills waste, turns river orange: nothing says environmental protection like a toxic Slurpee.","epa spills waste, turns river orange",overstatement,1,0.9045582413673401,0.5527693629264832,0.35178887844085693,0.8191567063331604,0.13394233819643575,2615.390625,10,0.7142857142857143,0.10971976459555458
2454,nonprofit places burnouts in jobs you can do blitzed out of your mind,A nonprofit places burnouts in jobs you can do blitzed out of your mind.,satire,0,0.9049893617630005,0.8593129515647888,0.04567641019821167,0.9546152353286743,0.8385766789076257,445.6906433105469,2,0.14285714285714285,0.8005180736765413
2455,nation's boyfriends dreading 'free event in the park' season,The nation's boyfriends are dreading the 'free event in the park' season.,overstatement,0,0.93883216381073,0.9082306623458862,0.03060150146484375,0.9356768727302551,0.37700638045494705,124.12505340576172,4,0.3333333333333333,0.35275615106343766
2456,nervous pope candidate changes wine into jesus christ's urine,A nervous pope candidate changes wine into Jesus Christ's urine.,satire,0,0.7430834174156189,0.8501290082931519,-0.10704559087753296,0.9842034578323364,0.5169731539571706,1447.4371337890625,4,0.4,0.5088067657311361
2457,"The easiest guide to travel: Step 1, have money. Step 2, don't have responsibilities. Done.",the easiest guide to travel,sarcasm,0,0.5779812335968018,0.7841364145278931,-0.2061551809310913,0.7937289476394653,0.03598765407745826,921.768798828125,12,0.8,0.028564442798914062
2458,"Paul Ryan's war on Social Security: grannies, beware.",paul ryan's war on social security,sarcasm,0,0.8313904404640198,0.943336546421051,-0.11194610595703125,0.9446425437927246,0.061861015698337206,347.9820556640625,6,0.75,0.058436547230878925
2459,"Meeting Susan Anspach: the missing piece in life's grand puzzle, apparently.",meeting michael anspach: the missing piece in life's grand puzzle,satire,1,0.7017126083374023,0.6421635150909424,0.05954909324645996,0.7898578643798828,0.4677766538205128,226.89776611328125,5,0.45454545454545453,0.369477068793438
2460,report: rise in global temperatures likely to increase number of americans who fucking reek,A report indicates that the rise in global temperatures is likely to increase the number of Americans who eat reek.,overstatement,0,0.8899376392364502,0.8431163430213928,0.04682129621505737,0.8376674652099609,0.19835441454182887,46.326717376708984,10,0.5,0.1661550396424596
2461,romney enchants nation with lovely concession song,Romney enchants the nation with a beautiful concession song.,satire,0,0.8239544034004211,0.9530245661735535,-0.12907016277313232,0.9489728808403015,0.06030725360407769,117.19293975830078,5,0.5555555555555556,0.05722994818822826
2462,crank caller keeps jerking local news team around,A crank caller keeps jerking the local news team around.,satire,0,0.7983755469322205,0.7791743278503418,0.019201219081878662,0.9346285462379456,0.37991784282579627,465.7749328613281,3,0.3,0.35508206113013024
2463,no one in limo going to prom with the one they wanted,No one in a limo is going to a prom with the one they wanted.,irony,1,0.6926129460334778,0.7083892822265625,-0.015776336193084717,0.9371302723884583,0.3237722713145643,64.46819305419922,5,0.3333333333333333,0.3034167968088475
2464,Is American democracy doomed? Let's ask the experts.,is american democracy doomed?,rhetorical_question,1,0.8452813029289246,0.8897761106491089,-0.044494807720184326,0.93885338306427,0.06250434473199146,2194.582275390625,6,0.75,0.058682415507845566
2465,ketchup crust on heinz bottle cap still dreams of one day getting onto hot dog,A ketchup crust on a Heinz bottle cap still dreams of getting onto a hot dog.,sarcasm,1,0.8578293919563293,0.583142876625061,0.2746865153312683,0.9587385654449463,0.3446073377034663,181.90750122070312,7,0.4375,0.3303883445916234
2466,slain cop had only 37 years until retirement,A slain cop had only 37 years until retirement.,sarcasm,0,0.6533535122871399,0.5132806301116943,0.14007288217544556,0.9635298848152161,0.7259795291154771,419.59600830078125,2,0.2222222222222222,0.6995029720668405
2467,A toddler whose fashion sense puts all adults to shame (we're all failures),a toddler whose fashion sense puts all adults to shame,sarcasm,0,0.8249930739402771,0.9430226683616638,-0.11802959442138672,0.9286785125732422,0.6520028108523781,340.37811279296875,4,0.3076923076923077,0.6055010005759595
2468,"Writer Michelle Theall talks memoir, teaching cats to sit, and LGBT issues. Totally coherent topics.","writer michael theall talks memoir, teaching cats to sit and lgbtq issues",satire,0,0.7173950672149658,0.812714695930481,-0.09531962871551514,0.8457486629486084,0.25841212796263957,783.594970703125,9,0.6,0.21855171171410712
2469,area man now checks inside boat in driveway every morning,A local man checks inside a boat in his driveway every morning.,irony,0,0.8058357834815979,0.9110229015350342,-0.10518711805343628,0.8882665634155273,0.06484115071397648,178.13961791992188,6,0.5,0.05759622611261215
2470,netflix defends 'queer eye' episode where the fab five forced to euthanize completely hopeless slob,Netflix defends a 'queer eye' episode where the fab five are forced to euthanize a completely hopeless slob.,satire,0,0.9312260150909424,0.9409993290901184,-0.009773313999176025,0.978386402130127,0.44219732271776674,132.59996032714844,5,0.2777777777777778,0.43263984760541047
2471,"Oh, absolutely, because girls giggling is the real crisis facing society today.",why girls giggling is the real crisis facing society today,sarcasm,0,0.9692822694778442,0.8005998134613037,0.16868245601654053,0.9380784630775452,0.6221008431290531,258.8346862792969,4,0.3333333333333333,0.5835794028017471
2472,Five 'weight loss' habits that are secretly making you fatter—thanks for the helpful tips!,5 'weight loss' habits that are making you fatter,overstatement,0,0.9186362028121948,0.8405782580375671,0.07805794477462769,0.9154003858566284,0.2945334773316695,136.74671936035156,7,0.5,0.2696160587971048
2473,"The trap of Islam's eternal conflict? Yes, because all Muslims are apparently stuck in an endless war.",the trap of islam's eternal conflict,sarcasm,0,0.8670617938041687,0.7625885009765625,0.1044732928276062,0.8807295560836792,0.01527559510113079,414.017578125,14,0.8235294117647058,0.013453668092332945
2474,powerball officials remove plastic balls from pig urine brine,Powerball officials removed plastic balls from a pig urine brine.,satire,0,0.7839164733886719,0.6064351797103882,0.1774812936782837,0.9644206762313843,0.13747081017605653,863.914794921875,4,0.4,0.1325796917120687
2475,70 percent of americans in favor of watching iraq get bombed on tv,70 percent of Americans support watching Iraq get bombed on television.,overstatement,0,0.9507438540458679,0.9580162763595581,-0.0072724223136901855,0.9552509784698486,0.13595747124490495,135.95584106445312,6,0.46153846153846156,0.12987350743698176
2476,Suspects turn Hollywood Blvd into a doughnut shop—cops can't catch a break.,suspects turn hollywood lt. into a doughnut shop,overstatement,0,0.8703881502151489,0.7989569902420044,0.07143115997314453,0.8263846039772034,0.08959792157948086,256.2072448730469,8,0.6666666666666666,0.07404234294163982
2477,"Deserves a moment? It's cauliflower, it's not winning any awards.",deserves a moment,understatement,1,0.6322250366210938,0.807659387588501,-0.17543435096740723,0.44811075925827026,0.011018142789200103,369.4644470214844,9,0.9,0.004937348330884494
2478,Weird gifts for a weird dad: because normal dads are so overrated.,weird gifts for a weird dad,understatement,0,0.8490219712257385,0.6937621831893921,0.15525978803634644,0.8764019012451172,0.18693159143202892,664.8882446289062,8,0.6666666666666666,0.1638272021338056
2479,Activists hang a banner to politely ask Macron to please consider their existence. So respectful.,activists hang a banner to ask mccain to consider their existence,satire,0,0.957039475440979,0.7730375528335571,0.18400192260742188,0.6133064031600952,0.20841953947969766,215.73011779785156,7,0.4666666666666667,0.12782503810657683
2480,kanye west announces his new name is tim,Kanye West announced his new name as Tim.,satire,0,0.6272813677787781,0.5302131175994873,0.09706825017929077,0.9749894142150879,0.1374708101760565,191.8872528076172,5,0.625,0.13403258468522689
2481,first-grader reeks of urine,A first-grader reeks of urine.,understatement,0,0.6821460723876953,0.6242191195487976,0.057926952838897705,0.9573891162872314,0.26591479484724945,77.89411926269531,2,0.4,0.2545839304465086
2482,"Senate's new plan to repeal but not replace Obamacare is dead – shocking, Republicans can't even sabotage properly.",senate's new plan to repeal but not replace obamacare is dead,sarcasm,0,0.9023099541664124,0.8509799242019653,0.05133002996444702,0.8704419136047363,0.334227457409569,144.95761108398438,9,0.5,0.29092558760683074
2483,rachael ray snaps chicken's neck live on air,Arachael Ray photographed a chicken's neck live on the air.,overstatement,1,0.611560583114624,0.5772190690040588,0.034341514110565186,0.7929517030715942,0.2626909894424158,209.9655303955078,6,0.6,0.2083012674599258
2484,bush tearfully addresses nation after watching field of dreams,President Bush addressed the nation after watching a field of dreams.,satire,0,0.7499390244483948,0.9436054229736328,-0.19366639852523804,0.8459824323654175,0.11731175160264001,165.19171142578125,6,0.5454545454545454,0.09924368096584905
2485,woman who had almost formed healthy sense of self rejoins social media,A woman who had almost formed a healthy sense of self has rejoined social media.,sarcasm,0,0.9428150057792664,0.8870400190353394,0.055774986743927,0.9532996416091919,0.42311785416105785,89.04063415527344,5,0.3333333333333333,0.4033580987301868
2486,man worried favorite jedi died after seeing 'obi-wan kenobi' trending,A man is worried that his favorite Jedi died after seeing 'obi-wan kenobi' trending.,irony,0,0.6755149364471436,0.834939181804657,-0.15942424535751343,0.9535243511199951,0.29899503549981366,407.3851013183594,6,0.42857142857142855,0.28509904721305973
2487,translator asks bannon to repeat that last spectral scream during congressional testimony,A translator asks Bannon to repeat his last spectral scream during congressional testimony.,satire,0,0.8822917938232422,0.9176994562149048,-0.0354076623916626,0.9771524667739868,0.3706866381788037,623.887939453125,4,0.3076923076923077,0.36221736289657436
2488,retired factory worker had no idea earnings from '50s would have to support 3 generations of family,A retired factory worker had no idea that earnings from the 1950s would have to support three generations of family members.,understatement,0,0.8715175986289978,0.8133607506752014,0.05815684795379639,0.923105001449585,0.4234885228074744,61.3298225402832,6,0.2857142857142857,0.39092437346007625
2489,"Australia's Deputy PM Resigns in Scandal, Another One?",australia's deputy pm resigns in'scandal',irony,0,0.5198990702629089,0.8305605053901672,-0.3106614351272583,0.8939511775970459,0.0,545.9898681640625,8,1.0,0.0
2490,"Adnan Syed gets a new trial, no big deal, just a life-altering decision.",adnan syed gets a new trial,understatement,0,0.6900914311408997,0.7811668515205383,-0.09107542037963867,0.856403648853302,0.0629195042125731,758.4197998046875,10,0.7692307692307693,0.05388449299168831
2491,algebra notebook forced to bear the brunt of teen's song lyrics,An algebra notebook is forced to bear the brunt of a teenager's song lyrics.,satire,0,0.7667953968048096,0.6630010604858398,0.10379433631896973,0.9335265159606934,0.4052587697205425,149.55621337890625,5,0.35714285714285715,0.37831980735973497
2492,trump boys beg father to nominate g.i. joe action figure cobra commander for va secretary,Trump boys asked his father to nominate the G.I. Joe action figure Cobra commander for the Va secretary.,satire,0,0.9205297231674194,0.8992225527763367,0.021307170391082764,0.9349002838134766,0.08124643758248418,260.78997802734375,10,0.5555555555555556,0.07595731755469837
2493,"Congressman accused of abuse? Well, that's a first.",congressman accused of abuse,irony,0,0.9586050510406494,0.6198037266731262,0.3388013243675232,0.8229415416717529,0.06250434473199146,211.70718383789062,6,0.75,0.05143742181492776
2494,zoologists discover new fastest land animal after pumping white-tailed deer full of steroids,Zooologists discover the new fastest land animal after pumping a white-tailed deer full of steroids.,overstatement,0,0.8728638291358948,0.9258416891098022,-0.05297785997390747,0.9680887460708618,0.5038920485259633,208.58961486816406,4,0.26666666666666666,0.48781222141257763
2495,Republicans are arguing about their Obamacare repeal strategy? I'm shocked—they usually have such cohesive plans.,republicans are arguing about their obamacare repeal strategy,sarcasm,0,0.9707339406013489,0.9621285200119019,0.008605420589447021,0.9054771661758423,0.15238608850315924,213.42185974121094,10,0.6666666666666666,0.13798212358246173
2496,Men needed Paul Feig to tell them to speak out? How insightful.,men needed paul feig to tell them to speak out,sarcasm,0,0.9692827463150024,0.7904863357543945,0.1787964105606079,0.9402691125869751,0.336607735780637,185.31495666503906,6,0.5,0.31650185701237055
2497,annoying coworker precedes all nouns with 'quite the',An annoying coworker precedes all nouns with 'quite the'.,sarcasm,0,0.6845446228981018,0.6775778532028198,0.006966769695281982,0.9770587086677551,0.7259795291154771,320.13934326171875,2,0.2222222222222222,0.7093246212367931
2498,"encouragement of family, friends motivating man to keep struggling indefinitely",The encouragement of family and friends is motivating a man to continue to struggle indefinitely.,irony,0,0.7224900126457214,0.8078945875167847,-0.08540457487106323,0.9028710126876831,0.043748114312246456,62.833274841308594,9,0.6,0.03949890427227448
2499,Amazon unhinged: when your online shopping cart starts a revolution,amazon unhinged: when your online shopping cart starts a revolution,overstatement,0,0.979091465473175,0.9835710525512695,-0.004479587078094482,1.0000001192092896,0.8801117367933934,334.3408508300781,1,0.1,0.8801117367933934
2500,Hotels think you want this bill? Who actually enjoys hidden fees?,hotels think you want this bill,rhetorical_question,0,0.8590067625045776,0.6497225165367126,0.209284245967865,0.7748018503189087,0.22083358203177395,869.0330810546875,7,0.6363636363636364,0.17110226797077097
2501,"area man to ask his doctor about xenical, propecia, claritin, paxil, drixoral, lipitor, tavist-d","A local man asks his doctor about xenical, propecia, claritin, paxil, drixoral, lipitor, and tavist-d.",overstatement,0,0.7388561964035034,0.5829474329948425,0.1559087634086609,0.9475986957550049,0.5659119256652702,281.9065856933594,6,0.4,0.5362574026726132
2502,DeRay McKesson sues police over arrests: Because nothing says justice like a lawsuit.,deray chowsson sues police over arrests,sarcasm,0,0.828866183757782,0.5771633982658386,0.25170278549194336,0.6697479486465454,0.0629195042125731,1535.14111328125,10,0.7692307692307693,0.042140208876228505
2503,"Carly Fiorina totally dominated Trump on social media, proving that viral tweets are the cornerstone of presidential greatness.",carly fiorina totally dominated donald trump on social media,sarcasm,0,0.9714951515197754,0.7979035973548889,0.17359155416488647,0.8956097364425659,0.026383509730813486,552.5367431640625,15,0.8333333333333334,0.023629328196443738
2504,"Kylie Jenner spends Sunday in a bikini, a decision that will undoubtedly reshape human civilization as we know it.",kylie jenner spends sunday in a bikini,overstatement,0,0.930195152759552,0.8478650450706482,0.08233010768890381,0.8868324756622314,0.013922129400866415,800.1828002929688,16,0.8421052631578947,0.012346596483060301
2505,man approaches box of powdered doughnuts like snake discovering unguarded clutch of bird eggs,"A man approaches a box of powdered doughnuts, like a snake discovering an unguarded clutch of bird eggs.",satire,1,0.7333051562309265,0.5316630005836487,0.20164215564727783,0.9530898332595825,0.24202875575621302,97.37638092041016,6,0.3333333333333333,0.23067514646771328
2506,man who downloaded $2.99 meditation app prepares to enter lotus plane of eternal serenity,A man who downloaded a $2.99 meditation app prepares to enter a lotus plane of eternal serenity.,sarcasm,0,0.8777012825012207,0.9096090793609619,-0.03190779685974121,0.9582009315490723,0.5024331618720053,121.8015365600586,4,0.23529411764705882,0.48143192374690125
2507,"Italian recipes that are oldies but goodies: like your nonna's cooking, but with less emotional baggage.",italy recipes that are oldies but goodies,understatement,1,0.6109374761581421,0.746449887752533,-0.13551241159439087,0.7965072393417358,0.16996005791513966,846.5013427734375,11,0.6875,0.13537441652834942
2508,Because nothing says efficient governance like making up food stamp rules on the fly.,how to make up food stamp rules on the fly,sarcasm,0,0.9601215720176697,0.7786436080932617,0.18147796392440796,0.5531206130981445,0.34653746835976024,173.803955078125,8,0.5714285714285714,0.19167701696062944
2509,spanish authorities ask anyone with information about curbing endless cycle of nihilistic violence to come forward,Spanish authorities ask anyone with information about curbing endless cycle of nihilistic violence to come forward.,irony,0,0.8419358134269714,0.757510244846344,0.08442556858062744,0.9738263487815857,0.861173529963367,83.27820587158203,2,0.125,0.8386334743515752
2510,bush introduces new timmy blanchard left behind act,President Bush introduced a new timmy blanchard left behind act.,sarcasm,0,0.8632041811943054,0.8990654349327087,-0.03586125373840332,0.9266877770423889,0.392814650900513,1470.2161865234375,5,0.5,0.36401653563267844
2511,community vastly improved by tv station's caring,The TV station's caring attitude has greatly improved the community.,irony,0,0.9731960296630859,0.9404444098472595,0.032751619815826416,0.8758805990219116,0.04939382737115371,144.92236328125,10,1.0,0.043263095105831005
2512,u.s. continues dependence on foreign toil,The U.S. continues to depend on foreign toil.,sarcasm,0,0.8094921708106995,0.8611597418785095,-0.05166757106781006,0.9099222421646118,0.06500593260343691,29.551658630371094,5,0.625,0.05915034394852096
2513,westminster dog show finalists form elite iditarod team,Westminster Dog Show finalists form an elite iditarod team.,irony,1,0.628675639629364,0.5067156553268433,0.12195998430252075,0.9820108413696289,0.07171781507224269,853.1148681640625,5,0.5555555555555556,0.0704276719202845
2514,Watch steamy gay cowboy music video—because country music needed more diversity.,watch steamy gay cowboy music video,sarcasm,0,0.9140894412994385,0.7315474152565002,0.18254202604293823,0.8468427658081055,0.22083358203177395,3419.98388671875,7,0.6363636363636364,0.18701132139109858
2515,burger king looks open,Burger King looks open.,irony,1,0.629067599773407,0.610887348651886,0.018180251121520996,0.9856654405593872,0.08034284189446518,933.4979248046875,3,0.75,0.07919116265170122
2516,area man committed to being spicy food guy,A local man is committed to being a spicy food man.,sarcasm,0,0.885522723197937,0.9194192290306091,-0.03389650583267212,0.889366865158081,0.12278260149096115,108.62328338623047,5,0.45454545454545453,0.10919877738397005
2517,visit to doctor splurged on,A visit to a doctor was splurged on.,understatement,1,0.5568384528160095,0.5782704949378967,-0.021432042121887207,0.8605327010154724,0.06985342056580097,79.69377136230469,4,0.5,0.06011115267465846
2518,Escaping the boring classroom to immerse yourself in the truly educational atmosphere of SXSW's crowded parties.,escaping the boring classroom to immerse yourself in the crowded atmosphere of sxsw,sarcasm,0,0.8686820268630981,0.6710149049758911,0.19766712188720703,0.9281743764877319,0.4972214518340528,151.0569305419922,6,0.375,0.4615082110323968
2519,gene wilder's career in ruins following death of richard pryor,Gene Wilder's career is in ruins following the death of Richard Pryor.,sarcasm,1,0.8161731958389282,0.6159887313842773,0.20018446445465088,0.9718887805938721,0.11094660471566163,53.9964485168457,6,0.5,0.10782776036813473
2520,north dakota drinks itself to sleep again,North Dakota drinks itself to sleep again.,overstatement,0,0.5665793418884277,0.7615106701850891,-0.19493132829666138,0.9836394190788269,0.41113361690051975,1180.4847412109375,3,0.42857142857142855,0.40440723209180424
2521,"Healthcare with the exclusive, luxurious feel of a nightclub","healthcare with the exclusive, luxurious feel of a nightclub",satire,0,0.9645026922225952,0.9573044180870056,0.0071982741355896,1.0,0.8633400213704505,326.16632080078125,1,0.1111111111111111,0.8633400213704505
2522,"Bernie Sanders blames Reagan for middle class destruction: because it was thriving before, right?",bernie sanders blames rector for middle class destruction,satire,0,0.9211065769195557,0.9106979966163635,0.010408580303192139,0.7423079609870911,0.06977893148767002,1558.057861328125,10,0.7142857142857143,0.05179745635247025
2523,Raising a special child: a guide to sounding inspirational while dealing with reality.,raising a special child,satire,1,0.5327792167663574,0.626054584980011,-0.09327536821365356,0.7663787603378296,0.017907794590318507,303.6866149902344,11,0.8461538461538461,0.013724153418512788
2524,Dwayne 'The Rock' Johnson shows his nurturing side: Who knew a muscle man could be so tender? Heartwarming.,dwayne 'the rock' johnson shows his nurturing side,satire,0,0.643524706363678,0.5415789484977722,0.10194575786590576,0.8265012502670288,0.03938604654369682,355.0979309082031,15,0.8333333333333334,0.03255261671144081
2525,Is Srinivasan a Supreme Court justice in the making? Let's guess based on hunches,is srinivasan a supreme court justice in the making?,rhetorical_question,1,0.9374042749404907,0.9120275974273682,0.02537667751312256,0.9615630507469177,0.1810756925110502,229.46510314941406,9,0.6428571428571429,0.17411569530703624
2526,"New technologies give government means to track suspects—privacy is so overrated, right?",new technologies give government means to track suspects,rhetorical_question,0,0.9497648477554321,0.9497430920600891,2.1755695343017578e-05,0.8602621555328369,0.41266825715677186,1274.6669921875,6,0.5,0.3550028844216636
2527,justice scalia dead following 30-year battle with social progress,Justice California died after a 30-year battle with social progress.,sarcasm,0,0.7216153740882874,0.9232141375541687,-0.20159876346588135,0.6754959225654602,0.2626909894424158,56.55154037475586,6,0.6,0.17744669226303825
2528,Violence hits Nigeria's oil-rich delta region? Oil wealth always brings harmony and peace.,violence hits nigeria's oil-rich delta region,irony,0,0.9636821150779724,0.8800832629203796,0.08359885215759277,0.9022390842437744,0.029752796575840495,826.1279296875,10,0.7692307692307693,0.026844135936277633
2529,gallup forced to destroy defective sample group that failed to accurately forecast michigan primary,Gallup is forced to destroy a sample group that failed to accurately forecast Michigan primary.,satire,0,0.85211181640625,0.8757999539375305,-0.023688137531280518,0.9023025035858154,0.4920274515385508,329.5227966308594,5,0.3333333333333333,0.4439576013561829
2530,Baldwin's words last forever—unlike racial progress in America.,joe biden's words last forever,irony,1,0.7379977703094482,0.7032134532928467,0.03478431701660156,0.5129261612892151,0.06235704094727466,3955.686279296875,7,0.875,0.03198455764243999
2531,"Holy guacamole! People in New Zealand are stealing avocados, the ultimate crisis threatening brunch worldwide.",holy guacamole! people in new zealand are stealing avocados,overstatement,0,0.9087710976600647,0.7433009743690491,0.16547012329101562,0.9026366472244263,0.03096277640217347,160.75326538085938,11,0.7333333333333333,0.027948136680417443
2532,trump raises $50 million at fundraiser where gop donors get to watch him weep for 2 hours,Trump raises $50 million at a fundraiser where gop donors can watch him weep for two hours.,sarcasm,0,0.9732214212417603,0.9767869114875793,-0.003565490245819092,0.9851559400558472,0.4295136946366521,92.308349609375,6,0.35294117647058826,0.4231379676066311
2533,"Albuquerque shooter causes minor casualties: 1 dead, 3 injured.",albuquerque shooter causes minor casualties,understatement,0,0.8494977951049805,0.5472241044044495,0.302273690700531,0.9362179040908813,0.11948321931215808,26623.216796875,6,0.6666666666666666,0.11186232915845976
2534,Tina Fey and Amy Poehler's squad annihilates Taylor Swift's in comedic superiority,tina fey and amy poehler's squad annihilates taylor swift's comedic superiority,overstatement,0,0.7746307849884033,0.7638125419616699,0.010818243026733398,0.9972399473190308,0.05442988140675566,2582.119140625,7,0.5833333333333334,0.05427965206665411
2535,A shocking and unprecedented development in the world of legislative gridlock.,a shocking and unprecedented development in the world of legislative gridlock,understatement,0,0.9376329183578491,0.9360805153846741,0.0015524029731750488,0.9792159795761108,0.7860753021519787,75.6675033569336,2,0.18181818181818182,0.7697374970173372
2536,"February: when we suddenly care about accuracy in history, but only for certain narratives.",february: when we suddenly care about accuracy in history,irony,0,0.9757434725761414,0.9723185300827026,0.0034249424934387207,0.913642406463623,0.41653323821535565,344.217529296875,7,0.5,0.3805624301351631
2537,Republicans drop ethics plan after criticism—they've had a change of heart.,republicans drop ethics plan after critics say they've had a change of heart,irony,0,0.8730539679527283,0.9251623749732971,-0.05210840702056885,0.9630391001701355,0.3867706276352344,215.61268615722656,5,0.38461538461538464,0.3724752372100747
2538,new study finds americans scoot over at least 10 miles per year,A study finds that Americans scoot over at least 10 miles per year.,overstatement,0,0.8906941413879395,0.7838711142539978,0.10682302713394165,0.9778133630752563,0.5205510363053438,77.32134246826172,4,0.3076923076923077,0.5090017594620381
2539,dalai lama swears he recognizes guy at party from past life,Dalai Lama swears he recognizes a man from his past life at a party.,satire,0,0.7625520825386047,0.8447967767715454,-0.08224469423294067,0.9590951800346375,0.09669265690880861,56.01179504394531,9,0.6428571428571429,0.09273746118598122
2540,trump tells iowa dairy farmers he has cows 500 times bigger than theirs,Trump told Iowa dairy farmers that he has cows 500 times bigger than theirs.,overstatement,0,0.9592621922492981,0.9555374383926392,0.0037247538566589355,0.983180582523346,0.4785543921093738,160.746826171875,5,0.35714285714285715,0.4705053860031998
2541,teacher asks students to split into 2 groups to simulate ideal class size,A teacher asks students to split into two groups to simulate their class size.,irony,0,0.8756823539733887,0.9117545485496521,-0.03607219457626343,0.9330747127532959,0.45723134461864345,64.1064453125,4,0.2857142857142857,0.42663100554184397
2542,10 smart gift ideas for the healthiest cook: because quinoa deserves a standing ovation.,10 smart gift ideas for the healthiest cook,overstatement,1,0.6145222187042236,0.7574186325073242,-0.14289641380310059,0.738318681716919,0.39721134088567395,444.5724792480469,7,0.5,0.2932685535657205
2543,enron executives blamed for missing employee donut fund,Enron executives are blamed for the missing employee's donut fund.,understatement,0,0.8825651407241821,0.8998677730560303,-0.017302632331848145,0.9605549573898315,0.056122223243057295,217.41268920898438,5,0.5,0.05390847975585751
2544,"Emily's List makes its first pick early, because democracy thrives on early decisions.",emmy's list makes its first pick early,irony,0,0.9608309864997864,0.7217118740081787,0.23911911249160767,0.3971107602119446,0.18448373350246097,639.2628173828125,8,0.6153846153846154,0.07326047565790006
2545,brian boitano sobs quietly in dark,Brian Boitano sat quietly in the dark.,understatement,1,0.6733037829399109,0.685210645198822,-0.011906862258911133,0.833746075630188,0.06985342056580097,66.80958557128906,5,0.7142857142857143,0.05824001526608163
2546,shameless coworker doing nothing to conceal clearly flaccid penis lying beneath khakis,A coworker does nothing to conceal a clearly flaccid penis lying beneath Khakis.,sarcasm,0,0.9380816221237183,0.7973398566246033,0.140741765499115,0.8283324837684631,0.39832871551569504,306.5622863769531,4,0.3076923076923077,0.32994861427941724
2547,"Is it really that tough to bid adieu to Bayh, or are we just being dramatic?",is it tough to bid adieu to bayh?,rhetorical_question,1,0.9840071797370911,0.9776754379272461,0.006331741809844971,0.9125336408615112,0.19905304276733932,260.2751770019531,10,0.625,0.18164259784104225
2548,McDonald's throws a gala for the fry cook—because nothing says 'appreciation' like minimum wage.,mcdonald's throws gala for the fry cook,satire,0,0.9627029299736023,0.8606841564178467,0.10201877355575562,0.7468515038490295,0.1599248714366856,1974.71728515625,9,0.6428571428571429,0.11944013073535135
2549,Because two parties weren't confusing enough.,'the two parties' weren't confusing enough,sarcasm,1,0.5097104907035828,0.5671719312667847,-0.057461440563201904,0.8200075030326843,0.09554427922043669,798.111328125,3,0.5,0.07834702583260789
2550,"Pat Toomey gets it? Sure, if 'it' means missing the point entirely.",pat toomey gets it,sarcasm,0,0.6910836100578308,0.5532883405685425,0.13779526948928833,0.702226996421814,0.010873221263821838,702.3536987304688,11,0.9166666666666666,0.007635469509523409
2551,Flower girls dominate bridal fashion in 19 earth-shattering moments.,flower girls dominate bridal fashion in 19 moments,overstatement,0,0.9690106511116028,0.9377449750900269,0.03126567602157593,0.9485061168670654,0.6004287712485592,1858.576171875,3,0.3333333333333333,0.5695103622722344
2552,man totally proud of last night's drunken phone calls,A man is proud of his drunken phone calls last night.,sarcasm,0,0.9447224140167236,0.948564887046814,-0.003842473030090332,0.9021453261375427,0.12760671487807074,121.91960906982422,6,0.5454545454545454,0.11511980141101755
2553,james holmes shows up to court wearing glasses with eyeballs dangling out on springs,James Holmes shows up to court wearing glasses with eyeballs dangling out on springs.,satire,0,0.7279360890388489,0.855952262878418,-0.1280161738395691,0.9834862947463989,0.7577395672414201,169.6353759765625,3,0.21428571428571427,0.7452264793690041
2554,White House gives security briefing to Ahmed Mohamed – because nothing says justice like a lesson in overreaction.,white house gives security briefing to ahmed mohammed,sarcasm,0,0.9690272212028503,0.9355778694152832,0.03344935178756714,0.7714293003082275,0.09905066317418483,793.8917236328125,14,0.7777777777777778,0.07641058378752733
2555,Nia Long says film and TV should look like the world: what a radical concept.,nia long: film and television should look like the world,satire,0,0.9619385004043579,0.7796505689620972,0.18228793144226074,0.9177215099334717,0.1894765350842885,265.2386169433594,9,0.6,0.17388669187451566
2556,"Mollie Spilman is the powerhouse behind Criteo's revenue, a true business titan.",mollie spilman is the powerhouse behind criteo's revenue,overstatement,0,0.5028162002563477,0.8472903966903687,-0.344474196434021,0.9387696981430054,0.20969025558524573,667.5870361328125,8,0.6666666666666666,0.19685085793929077
2557,rate of uninformed conversations about navy seals skyrockets,The number of uninformed conversations about navy seals has increased.,irony,0,0.9573739171028137,0.8892399072647095,0.06813400983810425,0.8666309118270874,0.5169731539571706,138.74606323242188,4,0.4,0.448024915804028
2558,"Trump's jokes are so hilarious, they're causing deafening silence. Truly the comic genius of our time.","donald trump's jokes are hilarious, they're causing deafening silence",overstatement,0,0.9677818417549133,0.9711777567863464,-0.0033959150314331055,0.8568322658538818,0.16307232590573298,144.07383728027344,11,0.6875,0.13972563050387185
2559,man hoping people notice how many folding chairs he's carrying at once,A man hopes to see how many folding chairs he is carrying at once.,sarcasm,0,0.9312517642974854,0.7839503884315491,0.14730137586593628,0.8892647624015808,0.21972813874997157,86.72923278808594,7,0.5,0.19539649109843504
2560,report: more americans turning to louder sources for their news,A report indicates that more Americans are turning to louder sources for their news.,irony,0,0.9639723896980286,0.9434747099876404,0.020497679710388184,0.95706707239151,0.363622704650007,85.4359359741211,7,0.5,0.34801131739446495
2561,psychologists advise practicing words 'president trump' over next 2 months to prepare for inauguration,Psychologists advise practicing the words 'President Trump' over the next two months to prepare for the inauguration.,satire,0,0.8127381801605225,0.7816202044487,0.03111797571182251,0.972750723361969,0.18842393723950338,67.4525146484375,8,0.47058823529411764,0.18328952124843714
2562,obama turns 50 despite republican opposition,Obama turns 50 despite republican opposition.,irony,0,0.7068181037902832,0.8136420249938965,-0.10682392120361328,0.986445426940918,0.5081327481546147,1647.8026123046875,2,0.3333333333333333,0.5012452256960409
2563,dnc keynote speaker definitely not keynote speaker only because he's latino,The DNC keynote speaker is not a keynote speaker only because he is latino.,sarcasm,0,0.6353442668914795,0.7112885117530823,-0.07594424486160278,0.9760733246803284,0.21972813874997157,138.89718627929688,7,0.5,0.21447077491550526
2564,"I couldn't love myself, so I loved my self-judgment – a healthy coping mechanism.","i couldn't love myself, so i loved my self-judgment",irony,1,0.5293962359428406,0.8230022192001343,-0.2936059832572937,0.9146986603736877,0.24767214526041215,122.67251586914062,7,0.5,0.22654537948157638
2565,A GOP consultant pleads guilty—hold the press for this shocking honesty.,gop consultant pleads guilty to obstruction of justice,sarcasm,0,0.7834962606430054,0.8682434558868408,-0.08474719524383545,0.7404386401176453,0.04037102236950707,100.65123748779297,9,0.8181818181818182,0.02989226490343685
2566,Who knew defending animal cruelty could be a state policy?,why defending animal cruelty could be a state policy,rhetorical_question,0,0.7682832479476929,0.9395694136619568,-0.17128616571426392,0.9394712448120117,0.6496350258549114,219.41909790039062,3,0.3,0.610313426413397
2567,Ethics group blasts Pence for using government travel for a Colts stunt. The scandal is unbearable.,ethics group blasts pence for using government travel for 'colts' stunt,overstatement,0,0.8613570332527161,0.947170078754425,-0.08581304550170898,0.8863088488578796,0.25613383117701133,605.9427490234375,9,0.5625,0.2270136810640554
2568,"Police discover bomber's 'confession' on phone, if that's what you call it",police discover bomber's 'confession' on phone,sarcasm,0,0.5994130373001099,0.5808394551277161,0.0185735821723938,0.925132155418396,0.18693159143202892,163.13487243652344,8,0.6666666666666666,0.1729364260973039
2569,"Earth Day project collecting 1 million sounds, because one bird chirp wasn't enough to save the planet",earth day project collecting 1 million sounds,overstatement,0,0.8796043992042542,0.9302370548248291,-0.05063265562057495,0.7809182405471802,0.09852859740626557,1939.56787109375,13,0.7647058823529411,0.07694277893008238
2570,Trump: the daily mystery box. What will he say next? Nobody knows.,donald trump: the daily mystery box,irony,0,0.7554993033409119,0.7683134078979492,-0.012814104557037354,0.8216687440872192,0.0743306114738671,2289.34619140625,10,0.8333333333333334,0.061075140176967434
2571,faith healer loses patient during routine miracle,A faith healer loses patient during a routine miracle.,irony,0,0.7739096283912659,0.9159100651741028,-0.14200043678283691,0.9524354934692383,0.4671379777282001,816.34521484375,3,0.3333333333333333,0.4449187903357803
2572,philip morris: 'please talk to your cooler children about cigarettes',"Philly Morris stated, 'Please talk to your cooler children about cigarettes.'",sarcasm,0,0.687105119228363,0.7148910760879517,-0.027785956859588623,0.9445220232009888,0.4617366309441026,453.6622314453125,5,0.45454545454545453,0.4361204168453321
2573,Ted Cruz suddenly develops a conscience? Say it isn't so!,ted cruz suddenly develops a conscience,sarcasm,0,0.7451819777488708,0.8664525747299194,-0.12127059698104858,0.953356146812439,0.10373672493717558,2511.7568359375,7,0.7,0.09889804436904756
2574,7 things to love about Trump's presidency: starting with the constant chaos.,7 things to love about donald trump's presidency,sarcasm,0,0.9802770614624023,0.9422045350074768,0.03807252645492554,0.8752362728118896,0.31356006812336346,178.62112426757812,7,0.5833333333333334,0.27443914532693486
2575,Does palm oil cause 40% deforestation? Only in fairy tales.,does palm oil cause 40% deforestation?,rhetorical_question,1,0.5218560099601746,0.7416685223579407,-0.2198125123977661,0.9432039856910706,0.39011264866539486,499.78790283203125,5,0.5,0.3679558050897007
2576,"These 5 tax mistakes will ruin you forever, or at least make April extra fun.",these 5 tax mistakes will ruin you forever,overstatement,0,0.9537549018859863,0.5062442421913147,0.44751065969467163,0.8276708126068115,0.2836224688412052,433.9098815917969,9,0.6,0.23474603925935036
2577,"What is a pre-existing condition? Just a minor inconvenience for insurance companies, right?",what is a pre-existing condition?,rhetorical_question,1,0.6453313231468201,0.9512876868247986,-0.3059563636779785,0.7776182889938354,0.13501633901742352,23.46794319152832,9,0.6923076923076923,0.1049911745329405
2578,every nbc program to end with character straight up asking viewers what kind of new tv shows they would like to see,Every CBS program will end with a character asking viewers what new TV shows they would like to see.,satire,0,0.7443090677261353,0.8308197259902954,-0.08651065826416016,0.8760330080986023,0.2539868777670523,36.15659713745117,10,0.45454545454545453,0.22250088854784283
2579,creepy real estate listing really talking up size of crawlspaces,A creepy real estate listing is discussing the size of crawlspaces.,sarcasm,0,0.9397967457771301,0.8945203423500061,0.04527640342712402,0.9427509307861328,0.2790159393585827,282.2181091308594,5,0.45454545454545453,0.263042536534471
2580,visit to google earth reveals house is on fire,A visit to Google Earth revealed that the house is on fire.,irony,0,0.7553481459617615,0.6812014579772949,0.07414668798446655,0.9697179198265076,0.10600313379512592,52.23287582397461,7,0.5833333333333334,0.10279313839890047
2581,rhode island votes to move 2008 primary to tomorrow,Rhode Island votes to move its 2008 primary to tomorrow.,satire,0,0.7045363187789917,0.6578420996665955,0.04669421911239624,0.9680736064910889,0.17567205239427922,138.99111938476562,4,0.4,0.1700634773210214
2582,divorcing parents assure anxious kids that dog still loves them,Divorcing parents assure their children that their dog still loves them.,satire,0,0.9705625176429749,0.9593039155006409,0.011258602142333984,0.9352683424949646,0.12278260149096115,63.274742126464844,5,0.45454545454545453,0.114834680183671
2583,Chechnya rounds up gay men: a small issue in human rights,chechnya rounds up gay men,understatement,0,0.9403347969055176,0.9477428197860718,-0.007408022880554199,0.8639993667602539,0.08009199706981218,291.9472961425781,8,0.7272727272727273,0.06919943475088183
2584,"Clinton not telling truth about Wall Street? I'm shocked, shocked I say.",hillary clinton is not telling truth about wall street,sarcasm,1,0.6514377593994141,0.5867528319358826,0.0646849274635315,0.8306763768196106,0.21386638885976572,335.6708679199219,10,0.8333333333333334,0.1776537570215241
2585,chicago police credit their extensive experience falsifying evidence for helping solve smollett case,Chicago police credit their extensive experience falsifying evidence for helping solve the Smollett case.,sarcasm,0,0.9583927989006042,0.9544326663017273,0.003960132598876953,0.9505410194396973,0.6767781116542884,170.03713989257812,4,0.2857142857142857,0.6433053561863405
2586,corporate retreat teaches employees how to dick around as team,A corporate retreat teaches employees how to dick around as a team.,sarcasm,0,0.9754495024681091,0.9769787192344666,-0.0015292167663574219,0.9638673663139343,0.7102992180127422,171.749267578125,3,0.25,0.6846342365607889
2587,Illinois' wall of fame: the state's best designations (if you consider that an achievement),illinois' wall of fame: the state's best designations,irony,0,0.8412149548530579,0.9373457431793213,-0.09613078832626343,0.9539074301719666,0.39721134088567395,300.8957214355469,7,0.5,0.3789028494194142
2588,This is what 2015 looked like according to 'Back to the Future'? Because predictions are always spot-on.,this is what 2015 looked like according to 'back to the future',irony,1,0.5910369157791138,0.5337151288986206,0.057321786880493164,0.8903866410255432,0.37621186824601177,57.795284271240234,8,0.47058823529411764,0.33497402168151064
2589,"naked, dripping wet tom brady thrilled by judge's decision to overturn suspension, imagines judge","A naked, dripping wet tom brady is thrilled by the judge's decision to overturn suspension.",satire,0,0.8050909638404846,0.9335013031959534,-0.12841033935546875,0.9442623853683472,0.4480304273880272,309.2893371582031,6,0.4,0.4230582800830186
2590,"Apu trilogy premieres at MoMA again, for the film buffs who haven't seen it",the apu trilogy premieres at moMA again,satire,0,0.7147948145866394,0.8377825617790222,-0.12298774719238281,0.9175337553024292,0.06462613646424778,3252.813232421875,12,0.8571428571428571,0.05929666168072852
2591,Forget gun control—just make everyone smoke! It's a totally logical and healthy solution.,forget gun control,sarcasm,0,0.9361551403999329,0.73479825258255,0.2013568878173828,0.6604620218276978,0.004053348212038093,1113.78369140625,12,0.9230769230769231,0.0026770825552943625
2592,report: suddenly remembering to sit up straight once a month best way to keep back healthy into old age,A report states that remembering to sit straight once a month is the best way to keep healthy.,overstatement,0,0.950086772441864,0.9073493480682373,0.04273742437362671,0.8549304604530334,0.31297527505047706,58.27202606201172,12,0.631578947368421,0.26757209600931914
2593,census bureau releases annual report on neighborhood vibes,Census Bureau releases an annual report on neighborhood vibes.,irony,0,0.8345060348510742,0.9389431476593018,-0.10443711280822754,0.9756920337677002,0.3155984539112945,161.92649841308594,4,0.4444444444444444,0.3079268973506527
2594,Jindal targets fun-loving Westboro Baptists for arrest at funeral protests,jimmy jindal targets westboro Baptists for arrest at funeral protests,sarcasm,0,0.9056500196456909,0.7733912467956543,0.13225877285003662,0.9247788190841675,0.537284965911771,1397.5506591796875,4,0.4,0.49686975628756475
2595,kurt warner cheered on by wire-haired man-goblin,Kurt Warner was cheered on by a man-goblin who was wire-haired.,satire,0,0.6950960159301758,0.8295971751213074,-0.1345011591911316,0.9524354934692383,0.10025157431478134,199.14468383789062,7,0.6363636363636364,0.09548315765356677
2596,baltimore residents urged to stay indoors until social progress naturally takes its course over next century,Baltimore residents are encouraged to stay indoors until social progress begins.,sarcasm,0,0.806789755821228,0.9240394830703735,-0.11724972724914551,0.9035656452178955,0.30459617442860765,112.58968353271484,10,0.625,0.2752226388784875
2597,Shaun King's Twitter suspended? The internet never fails to surprise with its civility.,saun king's twitter account has been suspended,satire,1,0.9063499569892883,0.6891466975212097,0.2172032594680786,0.7022503018379211,0.0,246.0674591064453,13,1.0,0.0
2598,Growing up: Where your natural feelings are treated like a major plumbing issue.,growing up,understatement,0,0.8821704387664795,0.576420783996582,0.30574965476989746,0.5887850522994995,0.0,462.37176513671875,13,1.0,0.0
2599,Will they clinch a deal? Let's all hold our breath in anticipation.,will they clinch a deal?,sarcasm,1,0.7937596440315247,0.9420591592788696,-0.14829951524734497,0.9061850309371948,0.16490932887256968,127.01927947998047,8,0.6666666666666666,0.1494383652862216
2600,breaking: adam got a ps4 for christmas,Adam received a Ps4 for Christmas.,irony,1,0.6040478944778442,0.6322384476661682,-0.028190553188323975,0.9131826162338257,0.041095991233501536,681.378173828125,5,0.7142857142857143,0.0375281447913313
2601,biden pardons single yam in vice presidential thanksgiving ritual,President Biden pardons a single yam in a vice presidential thanksgiving ritual.,satire,0,0.920178234577179,0.9231733083724976,-0.0029950737953186035,0.9706070423126221,0.14734754237051595,360.6353759765625,5,0.4166666666666667,0.14301656229228024
2602,"Depositions reveal Trump as quick to exaggerate and insult: shocking, I know.",depositions reveal trump is as quick to exaggerate and insult,irony,0,0.888926088809967,0.8485157489776611,0.04041033983230591,0.9447593688964844,0.336607735780637,290.8323974609375,7,0.5833333333333334,0.3180133120217892
2603,new uber update allows users to file lawsuit against company directly in app,A new uber update allows users to file a lawsuit against a company directly in an app.,irony,0,0.7661365270614624,0.7691440582275391,-0.00300753116607666,0.9423264265060425,0.4615425015629849,71.94876098632812,5,0.29411764705882354,0.43492369617850707
2604,miracle baby born with job,A baby is born with a job.,irony,0,0.7809785604476929,0.9476800560951233,-0.16670149564743042,0.7650249600410461,0.07730551756939454,58.84174346923828,4,0.5714285714285714,0.05914065048947845
2605,"lifeguard would save drowning man, but who is he to play god?","A lifeguard would save a drowning man, but who is he to play god?",rhetorical_question,1,0.9442927837371826,0.9489112496376038,-0.004618465900421143,0.9885869026184082,0.6997522298221912,74.57037353515625,2,0.14285714285714285,0.6917658894802445
2606,Equality is a mainland luxury; Puerto Rico gets the discount.,equality is a mainland luxury; puerto rico gets the discount,sarcasm,1,0.570793628692627,0.5390173196792603,0.0317763090133667,0.9888588190078735,0.31239399369202553,507.3803405761719,4,0.4,0.30891355566744944
2607,Republican congressmen are met with cheers and applause at town halls.,republican congressmen meet with cheers and applause at town halls,irony,0,0.9843474626541138,0.9803563356399536,0.003991127014160156,0.9781321287155151,0.4861555413051454,136.77658081054688,4,0.36363636363636365,0.4755243545036454
2608,afghan warlord takes anderson cooper as 43rd wife,Afghanistan's warlord takes Anderson Cooper as his 43rd wife.,overstatement,0,0.8562219142913818,0.9201217293739319,-0.06389981508255005,0.9681748151779175,0.06030725360407769,177.06332397460938,5,0.5555555555555556,0.05838796411201572
2609,"Daily meditation: the surefire way to spark creativity—if you can shut out the world, that is.",daily meditation: the surefire way to spark creativity,satire,0,0.6393599510192871,0.88823002576828,-0.24887007474899292,0.885309100151062,0.2502959502557595,199.67373657226562,10,0.625,0.22158928249238144
2610,"What your home items say: spoons mean loneliness, forks mean fancy.",what your home items say,satire,1,0.7303347587585449,0.5401250123977661,0.1902097463607788,0.5490733981132507,0.08009199706981218,984.2848510742188,8,0.7272727272727273,0.043976384992798295
2611,Pistorius in hospital for wrist injuries? The humanity! Worse than his crimes.,pistorius in hospital for wrist injuries,overstatement,1,0.5237428545951843,0.7052812576293945,-0.1815384030342102,0.7826411724090576,0.18693159143202892,989.9345092773438,8,0.6666666666666666,0.14630035987865406
2612,greyhound launches new in-bus magazine,Greyhound launches an in-bus magazine.,satire,0,0.8475978374481201,0.9224199652671814,-0.07482212781906128,0.9428123235702515,0.06389431042462725,1162.9207763671875,3,0.6,0.06024034327436176
2613,hanes introduces new no-way panties,Hanes introduces new panties that are no-way.,satire,0,0.8443964719772339,0.8835725784301758,-0.039176106452941895,0.9688074588775635,0.07730551756939454,729.1815795898438,5,0.7142857142857143,0.07489416203361995
2614,tour becoming one-on-one between guide and man who knew name of mckinley's assassin,A tour is becoming one-on-one between a guide and a man who knew the name of Mckinley's assassination.,overstatement,0,0.7868900895118713,0.557504415512085,0.22938567399978638,0.8880208134651184,0.11578713706192673,67.17871856689453,7,0.3888888888888889,0.10282138764252934
2615,Desperation grips Haiti as it struggles to rebuild yet again: just a small hurdle.,desperation grips haiti as it struggles to rebuild yet again,understatement,1,0.5166164040565491,0.6402485370635986,-0.12363213300704956,0.958053708076477,0.36015288308423526,681.4005737304688,7,0.5,0.3450458051132855
2616,"Ending the drug war will surely control Afghanistan's narco-state, what could go wrong?",ending the drug war will surely control afghanistan's narco-state,sarcasm,0,0.8313087821006775,0.9513357877731323,-0.12002700567245483,0.9406960606575012,0.3766260962157022,86.71045684814453,7,0.5384615384615384,0.3542906850509241
2617,panicked malcolm gladwell realizes latest theory foretells end of his popularity,"Malcolm Gladwell, panicked, realizes that his latest theory predicts the end of his popularity.",satire,0,0.9009477496147156,0.9205995202064514,-0.01965177059173584,0.9369357228279114,0.09303723531853667,92.4932632446289,8,0.5714285714285714,0.08716990932308363
2618,"Obama's drilling plans hit more opposition—surprise, the ocean isn't a fan.",obama's drilling plans hit more opposition,sarcasm,0,0.9155524969100952,0.9153933525085449,0.00015914440155029297,0.8459469079971313,0.22083358203177395,1180.9322509765625,7,0.6363636363636364,0.18681348590171004
2619,funeral director assures jewish family this headstone can withstand plenty of blows from baseball bat,Funeral director assures Jewish family that this headstone can withstand many blows from a baseball bat.,satire,0,0.7470546364784241,0.6357375383377075,0.11131709814071655,0.979551374912262,0.2187405715612322,214.65362548828125,7,0.4375,0.21426762762189902
2620,townsfolk strongly prefer man's werewolf incarnation,Townsfolk strongly prefers a man's werewolf incarnation.,satire,0,0.7708417177200317,0.7969333529472351,-0.02609163522720337,0.9552993774414062,0.07730551756939454,406.3498840332031,4,0.5714285714285714,0.07384991280682829
2621,Robert Redford might be wrong about retirement killing you? Say it isn't so.,robert redford might be wrong about retirement killing you,irony,1,0.8305851817131042,0.768091082572937,0.062494099140167236,0.9710427522659302,0.3766260962157022,1516.43603515625,7,0.5384615384615384,0.3657200410444685
2622,actor who portrayed the night king recalls challenge of playing character with no purpose,The actor who portrayed the Night King recalls the challenge of playing a character without purpose.,irony,0,0.7548105120658875,0.6826540231704712,0.07215648889541626,0.9326013326644897,0.23578316044531802,110.04685974121094,8,0.5,0.2198916896511488
2623,"Underwater tech uses waves for energy—finally, a solution that won't drown in funding cuts.",underwater tech uses waves for energy,irony,0,0.9436092376708984,0.8891775012016296,0.0544317364692688,0.8496668338775635,0.13394233819643575,1419.8912353515625,10,0.7142857142857143,0.1138063624175234
2624,Fasting in Islam: strict rules with exceptions. How convenient.,fasting in islam: strict rules with exceptions,understatement,0,0.9796889424324036,0.8389067649841309,0.1407821774482727,0.9717104434967041,0.13201355840223275,533.177490234375,5,0.5555555555555556,0.12827895338261164
2625,The best volunteer programs do this: like showing up once and calling it a day.,the best volunteer programs do this,sarcasm,0,0.9711434841156006,0.9760870337486267,-0.004943549633026123,0.7352437973022461,0.11337974147240094,1211.554931640625,11,0.7333333333333333,0.08336175165731502
2626,nicaraguan diplomat drops deadly spider onto john kerry's blanket,A Nicaraguan diplomat placed a spider on John Kerry's blanket.,sarcasm,0,0.723376452922821,0.7115929126739502,0.01178354024887085,0.90192049741745,0.025098621243978974,230.91342163085938,8,0.8,0.02263696095686169
2627,Syria ceasefire unravelling? Because peace in the Middle East is so stable and lasting.,syria ceasefire unravelling in u.s.,irony,0,0.9170711040496826,0.5245234370231628,0.3925476670265198,0.8132791519165039,0.010561658476875811,244.7817840576172,12,0.8571428571428571,0.008589576648905315
2628,"bp opens multi-floor, 1,000-pump flagship gas station in times square",The BP has opened a multi-floor gas station in times square.,satire,0,0.5860223174095154,0.889622688293457,-0.30360037088394165,0.898800253868103,0.23462350320528,434.4278564453125,7,0.6363636363636364,0.21087966424432936
2629,self-centered child blames divorce entirely on himself,A self-centered child blames the divorce entirely on himself.,irony,0,0.7832334637641907,0.6259594559669495,0.1572740077972412,0.9579201340675354,0.19960198807747329,164.36819458007812,3,0.3333333333333333,0.1912027631793198
2630,"William Baldwin 'wouldn't vote' for Trump, but knows why so many others might – he's so empathetic.","florida 'wouldn't vote' for donald trump, but he knows why so many others might",sarcasm,0,0.6401787400245667,0.6486393809318542,-0.008460640907287598,0.5184764862060547,0.36903953272884427,82.62586975097656,9,0.5294117647058824,0.1913383202003755
2631,man dives haphazardly into conversation like wounded osprey,A man dives into a conversation with an injured osprey.,overstatement,0,0.6848404407501221,0.7055913209915161,-0.020750880241394043,0.8540486693382263,0.05307712171072445,88.63798522949219,7,0.7,0.0453304451693473
2632,"nato admits slovenia, mummenschanz, czech republic","Nato admits Slovenia, Mothermenschanz and Czech Republic.",satire,0,0.7212647795677185,0.5812861919403076,0.1399785876274109,0.9617128372192383,0.033031643180138064,2680.47998046875,6,0.8571428571428571,0.03176695528078408
2633,"lost cat, dog on journey die immediately",A lost cat and dog on a journey died immediately.,overstatement,1,0.9649754762649536,0.8168755173683167,0.14809995889663696,0.8874990940093994,0.05307712171072445,322.98211669921875,6,0.6,0.04710589743089457
2634,rick santorum relieved no one has asked him about interracial marriage yet,Rick Santorum is relieved that no one has asked him about his interracial marriage.,sarcasm,0,0.8180413246154785,0.9619261622428894,-0.1438848376274109,0.9716364145278931,0.3759663529467017,42.62934875488281,7,0.5,0.36530259916026164
2635,phone call with dad just watered-down version of phone call with mom,A phone call with a father is a watered-down version of a phone call with a mother.,understatement,0,0.808764636516571,0.625401496887207,0.183363139629364,0.8647316098213196,0.12977221098029884,14.477058410644531,8,0.47058823529411764,0.11221813291106575
2636,job applicant blows away interviewer with intimate knowledge of company's 'about us' page,A job applicant slams the interviewer with knowledge of the company's 'about us' page.,sarcasm,0,0.837874174118042,0.8803868889808655,-0.042512714862823486,0.8488750457763672,0.1169881298948059,111.0904541015625,6,0.42857142857142855,0.09930830411974495
2637,trump revokes puerto rico recovery funds after learning hurricane maria had fewer survivors,Trump revokes Puerto Rico recovery funds after learning that Hurricane Maria had fewer survivors.,sarcasm,0,0.8505395650863647,0.8086474537849426,0.04189211130142212,0.9805746078491211,0.21972813874997157,122.40817260742188,7,0.5,0.21545983348817063
2638,area man thought he had more forks than this,A local man thought he had more forks than this.,understatement,0,0.5138899087905884,0.5790940523147583,-0.06520414352416992,0.9304873943328857,0.6389431042462724,167.42713928222656,3,0.3,0.5945285041970794
2639,report: really old tenant probably pays much cheaper rent,A report indicates that an old tenant may pay much less rent.,understatement,0,0.9420082569122314,0.8539199233055115,0.08808833360671997,0.8851152658462524,0.03986357128268015,119.63748931884766,9,0.75,0.03528385549345048
2640,"Why are you eating? – in this diet-obsessed world, how dare you?",why are you eating?,rhetorical_question,1,0.9536135792732239,0.9582219123840332,-0.004608333110809326,0.6896002888679504,0.0538140946637381,51.53697967529297,9,0.75,0.037110215225281025
2641,earth's successful completion of orbit around sun inspires woman to reflect on eating habits,Earth's successful completion of orbit around the sun inspires a woman to reflect on eating habits.,irony,0,0.9542780518531799,0.9509897232055664,0.0032883286476135254,0.9857467412948608,0.4935578819979932,154.10768127441406,4,0.25,0.4865230738199153
2642,O'Reilly equates BLM with Gestapo. Because fighting for rights is Nazi-like.,o'reilly equates blm with gestapo,sarcasm,0,0.8333407640457153,0.7764231562614441,0.05691760778427124,0.875300943851471,0.019244596474019198,1392.134033203125,9,0.8181818181818182,0.016844813457749692
2643,University pledges free tuition to Harvey-displaced students. So generous of them.,university pledges free tuition to harvey-displaced students,sarcasm,0,0.9490281939506531,0.8425275683403015,0.10650062561035156,0.9430985450744629,0.2321746040303191,428.90948486328125,7,0.6363636363636364,0.21896353126423346
2644,Trump voters blink. Must be the harsh light of reality finally hitting them.,donald trump voters blink,sarcasm,0,0.7786294221878052,0.931235671043396,-0.15260624885559082,0.8706424832344055,0.008468073234773096,36324.23046875,13,1.0,0.0073726643093336534
2645,"Trump finally declares an emergency, right on schedule… if by schedule you mean two months late.","donald trump declares emergency, right on schedule",irony,0,0.9319025278091431,0.9555882811546326,-0.023685753345489502,0.8145366907119751,0.05135131375181345,912.9437255859375,11,0.6875,0.04182752916711446
2646,Nothing says political alignment like a shared agenda.,what it's like to have a shared agenda,sarcasm,0,0.9589812755584717,0.8045631051063538,0.15441817045211792,0.6099322438240051,0.06500593260343691,33.901641845703125,6,0.75,0.03964921433468633
2647,child assured it will be long time before he dies,A child is assured that it will be long before he dies.,understatement,1,0.7895346879959106,0.588278591632843,0.20125609636306763,0.9574534893035889,0.27091988546756285,40.56998062133789,5,0.4166666666666667,0.2593931896626467
2648,"jesus announces plans to return once the dow clears 27,000","Jesus announces plans to return once the dow has cleared 27,000.",satire,1,0.6875515580177307,0.764717161655426,-0.07716560363769531,0.9802610874176025,0.5706745777055999,414.88397216796875,4,0.36363636363636365,0.5594100821032725
2649,"Raucous town hall in Utah blasts Chaffetz over Trump, surprising no one.",raucous town hall in utah blasts chaffetz over donald trump,sarcasm,0,0.9246774315834045,0.9473103880882263,-0.022632956504821777,0.9420945644378662,0.09717028343213063,1906.9598388671875,7,0.5833333333333334,0.09154359584629712
2650,undercover fireman infiltrates three-alarm blaze,An undercover fireman infiltrated a three-alarm blaze.,satire,0,0.5017967820167542,0.7324674129486084,-0.23067063093185425,0.9719259738922119,0.07730551756939454,105.29931640625,4,0.5714285714285714,0.07513524045087529
2651,Woman stabs Denver fire chief after SUV jump – fire chiefs are always ready for combat.,woman stabs kentucky fire chief after SUV jump,sarcasm,0,0.9484624862670898,0.685905396938324,0.26255708932876587,0.7760422229766846,0.19905304276733932,573.4672241210938,10,0.625,0.15447356579943908
2652,loss of virginity more humiliating than original virginity,The loss of virginity is more humiliating than the original virginity.,sarcasm,0,0.590688943862915,0.743803083896637,-0.15311414003372192,0.9619485139846802,0.16306686105372709,75.28895568847656,4,0.36363636363636365,0.15686192467077908
2653,Bomb stores to tank stock? Genius-level market manipulation.,bomb stores to tank stock,sarcasm,0,0.9268237948417664,0.7931624054908752,0.1336613893508911,0.7923229932785034,0.14593713362172633,3419.354248046875,5,0.625,0.11562934654165113
2654,college administrators hold candlelight vigil to honor donor lost in mishandled rape case,College administrators hold a candlelight vigil to honor a donor lost in a mishandled rape case.,satire,0,0.8263395428657532,0.8762079477310181,-0.04986840486526489,0.9373539090156555,0.2696698152099016,63.680763244628906,5,0.3125,0.2527760554305307
2655,house of blues actually house of whites,The house of blues is actually the house of whites.,irony,0,0.6388434767723083,0.8370381593704224,-0.198194682598114,0.9170631766319275,0.13747081017605653,79.24903869628906,4,0.4,0.1260694178742191
2656,chipotle mayo doing all the heavy lifting in sandwich,Chipotle Mayo is doing all the heavy lifting in a sandwich.,overstatement,0,0.8307611346244812,0.8904814720153809,-0.05972033739089966,0.9592505097389221,0.4617366309441026,136.28323364257812,5,0.45454545454545453,0.442921098598263
2657,dermatologists recommend regularly checking body for screaming demonic face bulging out of skin,Dermatologists recommend checking their body regularly for a screaming demonic face bulging out of the skin.,overstatement,0,0.7677130103111267,0.6780310273170471,0.08968198299407959,0.973804235458374,0.350602756654323,227.6285858154297,7,0.4375,0.34141844939336136
2658,"Muhammad Ali, the 'greatest', proves even he can't dodge death at 74.","mahmoud ali, the 'greatest', proves even he can't dodge death at 74",sarcasm,1,0.5869545936584473,0.5800420641899109,0.006912529468536377,0.9184441566467285,0.7102992180127422,491.75372314453125,3,0.25,0.6523701662545438
2659,"DOJ warns about online domestic terrorists. Finally, someone noticed!",doj warns about online domestic terrorists,understatement,0,0.9673184752464294,0.8083662986755371,0.15895217657089233,0.9108803272247314,0.3081980909598119,2962.910888671875,5,0.5555555555555556,0.280731577943511
2660,Royals love 'Trap Queen': proof that athletes have deep musical insights.,royals love 'trap queen',sarcasm,0,0.9764649271965027,0.9039576649665833,0.07250726222991943,0.6104422807693481,0.013961492464016846,716.6375122070312,10,0.9090909090909091,0.00852268530267851
2661,supportive parents encourage child's interests in anything within 15-minute drive,Parents who are supportive encourage their child's interests within a 15-minute drive.,sarcasm,0,0.9780494570732117,0.9516111016273499,0.026438355445861816,0.9545059204101562,0.04740604259878138,77.60295104980469,9,0.75,0.045249348323752894
2662,"Ah, the First Amendment in action: punished for a t-shirt but not for, say, insurrection.",the first amendment in action,sarcasm,0,0.9476887583732605,0.9133320450782776,0.03435671329498291,0.6054897308349609,0.008647154598524984,739.5916137695312,13,0.8666666666666667,0.005235763310349187
2663,Zenefits bans stairwell sex to uphold professionalism.,zenefits bans stairwell sex,satire,0,0.9398913979530334,0.8090627789497375,0.1308286190032959,0.8827163577079773,0.1878296463217631,6362.91943359375,4,0.5714285714285714,0.16580030127072432
2664,enzyme humbled to have played part in successful biochemical reaction,An enzyme is humbled to have played a key role in a successful biochemical reaction.,satire,0,0.9412002563476562,0.875942587852478,0.06525766849517822,0.9306532144546509,0.2102369368326755,93.91018676757812,7,0.4666666666666667,0.19565768106042883
2665,pope francis asks congregation if it's okay if they do a low-key easter this year,Pope Francis asks the congregation if it's okay if they do a low-key easter this year.,irony,0,0.5422818660736084,0.7582897543907166,-0.21600788831710815,0.9710996150970459,0.6668954865619205,74.783203125,4,0.25,0.6476219503102382
2666,Get lost in these seven cities: It's not like you'll actually get lost.,get lost in these seven cities,understatement,1,0.8709202408790588,0.8137722015380859,0.0571480393409729,0.8781890869140625,0.16731227054577025,338.4028015136719,9,0.6923076923076923,0.14693181010010856
2667,dianne feinstein horrified after new gun control bill disintegrates immediately upon crossing into senate chamber,Dianne Feinstein was horrified after a new gun control bill was disintegrates immediately upon crossing into the Senate chamber.,overstatement,0,0.8765043616294861,0.8383879661560059,0.038116395473480225,0.9627249240875244,0.3451395513935865,134.5458526611328,8,0.42105263157894735,0.33227444841499276
2668,Snake on a plane causes slight inconvenience—air travel just got infinitely more thrilling.,snake on a plane causes slight inconvenience,irony,1,0.9604784846305847,0.5815805196762085,0.3788979649543762,0.826840877532959,0.260899397956404,889.7892456054688,8,0.6153846153846154,0.21572228715409375
2669,New Way to Buy Gold Solves All Your Financial Woes,new way to buy gold solves all your financial woes,overstatement,0,0.5008310079574585,0.9194051027297974,-0.41857409477233887,1.0000001192092896,0.021105340631872645,129.01486206054688,9,0.9,0.021105340631872645
2670,Trump's dangerous move toward protectionism: because nothing says 'economic strength' like starting a trade war over soybeans.,trump's dangerous move toward protectionism,sarcasm,0,0.9676185250282288,0.9218718409538269,0.045746684074401855,0.6639296412467957,0.024123245937916486,276.8266906738281,14,0.8235294117647058,0.016016138021269114
2671,The lack of a handshake surely solved more problems than it created. A true diplomatic triumph.,the lack of a handshake certainly solved more problems than it created,sarcasm,0,0.9087716937065125,0.7656474709510803,0.14312422275543213,0.8814898729324341,0.38053009949815425,143.25624084472656,7,0.4375,0.33543342905359447
2672,Students stage anti-Trump art protest—because nothing says 'political change' like a poster board.,students stage anti-trump art protest,irony,0,0.9386071562767029,0.9571154713630676,-0.018508315086364746,0.8238834142684937,0.012900038794401852,728.1923217773438,11,0.8461538461538461,0.010628128006127821
2673,An Obama cut-out helps me survive Trump's presidency— because inanimate objects are more reliable than politicians.,an obama cut-out helps me survive trump's presidency,irony,0,0.8853893280029297,0.7122095823287964,0.1731797456741333,0.8766787648200989,0.12718356905542982,758.7756958007812,12,0.75,0.11149913422492597
2674,"Aaron Hernandez, ex-Patriots star, convicted of murder – shocking, next you'll say athletes are human.","aaron hernandez, former patriots star, convicted of murder",overstatement,1,0.9420651793479919,0.7337396740913391,0.20832550525665283,0.7402346134185791,0.14411786453067818,464.6611022949219,12,0.8,0.10668103173757772
2675,financially struggling trump campaign holds fundraising riot,A financially struggling Trump campaign held a fundraising riot.,overstatement,0,0.8707354664802551,0.918906569480896,-0.04817110300064087,0.9538895487785339,0.06030725360407769,522.20361328125,5,0.5555555555555556,0.05752645892846628
2676,lawyers identify dozens more bill cosby victims while interviewing potential jurors,Lawyers identify dozens more Bill Cosby victims while interviewing potential jurors.,satire,0,0.9429849982261658,0.9561290740966797,-0.013144075870513916,0.9924204349517822,0.33932513407933634,269.0339660644531,4,0.36363636363636365,0.33675319715308677
2677,Volcano adds 'laze' to Hawaii's hazards. What a gift.,volcano adds 'laze' to hawaii's hazards,overstatement,0,0.9640539288520813,0.5705475211143494,0.39350640773773193,0.9054064154624939,0.1225504602011117,1158.2208251953125,6,0.6666666666666666,0.11095797288396755
2678,lottery loser angry at lottery winner,A lottery loser is angry at the lottery winner.,understatement,0,0.8289656639099121,0.8907285332679749,-0.061762869358062744,0.9268869161605835,0.07583235673413397,174.95651245117188,4,0.4444444444444444,0.07028801927849068
2679,High school football players accused of assault? Because team spirit clearly includes violence.,high school football players accused of assault,sarcasm,0,0.8488079905509949,0.8537895679473877,-0.004981577396392822,0.7893608808517456,0.260899397956404,116.84380340576172,8,0.6153846153846154,0.20594377858455717
2680,"Healthy Fast Food Exists? In This Economy, That's Adorable",healthy fast food exists in this economy,irony,0,0.9308813810348511,0.8887321949005127,0.04214918613433838,0.882961630821228,0.0,283.6250305175781,9,1.0,0.0
2681,"Airline passengers: Is there a right to recline? More importantly, is there a right to basic human decency in coach?",airline passengers: is there a right to recline?,rhetorical_question,1,0.9280582666397095,0.8029035925865173,0.12515467405319214,0.8245953321456909,0.15777684932819505,121.52474975585938,14,0.7,0.13010205347668363
2682,Look: the magical world of tarot – where facts go to die.,look: the magical world of tarot,irony,0,0.8184130787849426,0.5505383014678955,0.2678747773170471,0.8495185375213623,0.27952792741962756,103.9714584350586,7,0.5833333333333334,0.23746415609789953
2683,Beat winter blues with expert tips—or just wish for summer.,how to beat winter blues with expert tips,overstatement,1,0.8945781588554382,0.8746874928474426,0.019890666007995605,0.8695017099380493,0.26924761780320416,476.9834899902344,8,0.8,0.23411126407663238
2684,"this call may be monitored: for your own good, of course",This call may be monitored for your own benefit.,satire,1,0.9218974113464355,0.9018928408622742,0.020004570484161377,0.8325243592262268,0.15982877755018762,62.40194320678711,5,0.45454545454545453,0.1330613506158811
2685,"History will judge Trump with contempt, but his base loves him now.",history will judge donald trump with contempt,sarcasm,1,0.5133141279220581,0.5259836912155151,-0.012669563293457031,0.8820331692695618,0.0378442713638306,1033.483642578125,10,0.8333333333333334,0.033379902609736826
2686,willow rented,A willow is rented.,satire,1,0.6428359746932983,0.7400213479995728,-0.09718537330627441,0.8932156562805176,0.08034284189446518,617.2089233398438,3,0.75,0.07176348425020658
2687,town hall audience member asks clinton to quickly pivot away from his question and then state her platform,A town hall audience member asks Hillary Clinton to quickly move away from his question and then state her platform.,satire,0,0.7156045436859131,0.7030511498451233,0.012553393840789795,0.8779534697532654,0.5588265197414455,103.03280639648438,5,0.25,0.49062368199714373
2688,"Mayo Develops Cancer Screening Test: Finally, Some Progress.",mayo develops cancer screening test,understatement,0,0.8823581337928772,0.8507285714149475,0.03162956237792969,0.9438604116439819,0.0,1667.7718505859375,8,1.0,0.0
2689,"Hillary unleashes, while Ivanka keeps quiet: the great American family drama continues","hillary unleashes, while ivanka keeps quiet",satire,0,0.9621132016181946,0.6608439087867737,0.3012692928314209,0.8203890919685364,0.0351487760467425,730.2041625976562,9,0.75,0.02883567246479252
2690,"Trevor Noah 'fires' Michelle Wolf, comedy world in turmoil.",trevor noah 'fires' michael louis,sarcasm,1,0.7905387878417969,0.511896550655365,0.2786422371864319,0.638516902923584,0.02414176971688927,851.5489501953125,8,0.8888888888888888,0.015414928030722506
2691,trump disapproval rating reaches all-time none of this matters,Trump's disapproval rating has reached all time.,sarcasm,0,0.6332456469535828,0.7521055936813354,-0.11885994672775269,0.8391242027282715,0.05249325939883762,159.28831481933594,7,0.7777777777777778,0.04404836444165797
2692,queen elizabeth announces success of monarchy's recent diversity initiative,Queen Elizabeth announced the success of the monarchy's recent diversity initiative.,satire,0,0.9554831385612488,0.9421798586845398,0.013303279876708984,0.9622981548309326,0.11731175160264001,112.14630126953125,6,0.5454545454545454,0.11288888210720519
2693,abraham lincoln's dna now available over the counter,Abraham Lincoln's dna is now available over the counter.,satire,0,0.5610299110412598,0.7097495794296265,-0.1487196683883667,0.984515368938446,0.3155984539112945,132.66896057128906,4,0.4444444444444444,0.31071152828888127
2694,The wack Donald's project – because stability is overrated.,the wack donald's project,satire,0,0.8713517785072327,0.6779753565788269,0.19337642192840576,0.7430750727653503,0.027373894309204495,2030.90966796875,7,0.7777777777777778,0.02034085850568314
2695,loud squawking crow forces faa to ground all flights indefinitely,A loud squawking crow forced the FAA to ground all flights indefinitely.,overstatement,0,0.8333021998405457,0.9249976873397827,-0.09169548749923706,0.909822940826416,0.30661487102926754,262.19586181640625,5,0.4166666666666667,0.2789652436609605
2696,"Must-see TV shows you can't miss this fall: If you enjoy clichéd plots and recycled jokes, then by all means, don't miss them.",must-see tv shows you can't miss this fall,sarcasm,1,0.8827494382858276,0.8596992492675781,0.02305018901824951,0.7118521928787231,0.07928040088482,81.28458404541016,18,0.782608695652174,0.056435927222163375
2697,man who spent last 2 years drawing pictures of trump and putin making out beginning to realize just how wrong he's been,A man who spent the last two years drawing pictures of Trump and putin is beginning to realize how wrong he is.,satire,0,0.897948145866394,0.8332113027572632,0.06473684310913086,0.9503072500228882,0.23550061570724218,47.2283821105957,9,0.4090909090909091,0.2237979424914463
2698,"Cancer, cinema, crowdfunding and Twitter: the perfect blend for a heartwarming story.","cancer, cinema, crowdfunding and twitter",sarcasm,0,0.9544528722763062,0.9241698980331421,0.030282974243164062,0.9147756099700928,0.06557378107648686,722.552734375,9,0.75,0.05998529558228859
2699,blood-drenched sarah koenig announces topic for upcoming season of 'serial',"Sarah Koenig, who is blood-drenched, announces the topic for the upcoming season of 'Serial'.",satire,1,0.7214919328689575,0.7722436785697937,-0.05075174570083618,0.9646365642547607,0.09303723531853667,56.64289474487305,8,0.5714285714285714,0.08974711902543489
2700,Dog's skin condition traced to a mysterious past involving alien experiments – you won't believe the vet's theory!,dog's skin condition traced to mysterious past involving alien experiments,overstatement,0,0.8616994619369507,0.6048460602760315,0.2568534016609192,0.9012007117271423,0.2956750864707691,1823.386962890625,9,0.5,0.26646259836744146
2701,Top soccer official says Trump presidency would hurt US World Cup bid—because who wants a stable bid with a controversial president?,top soccer official says trump presidency would hurt u.s. world cup bid,irony,0,0.5341880321502686,0.8860856890678406,-0.351897656917572,0.8872905373573303,0.06960205064442122,357.80194091796875,14,0.6666666666666666,0.061757240917460626
2702,obama announces plan to store nation's extra stuff in large plastic crate,Obama announced a plan to store extra items in a large plastic crate.,sarcasm,0,0.8518655300140381,0.9405903220176697,-0.08872479200363159,0.9255872368812561,0.1051781439830431,96.95638275146484,7,0.5384615384615384,0.09735154766956376
2703,'Draft Biden' super PAC releases ad. Nothing says 'people's movement' like big money.,'draft biden' super pac releases ad,irony,0,0.9221900701522827,0.7882074117660522,0.13398265838623047,0.7819136381149292,0.015118370289367042,32832.328125,11,0.8461538461538461,0.011821259915327639
2704,men and women of armed forces thank local woman for song dedication,Men and women of the Armed Forces thank a local woman for their song dedication.,irony,0,0.9009358286857605,0.9512745141983032,-0.050338685512542725,0.9824974536895752,0.11822491766244644,94.98405456542969,7,0.4666666666666667,0.11615568056601332
2705,"South Korea holds election to replace impeached leader, what could go wrong?",south korea holds election to replace impeached leader,rhetorical_question,0,0.9219287037849426,0.9204972982406616,0.0014314055442810059,0.8027843236923218,0.31356006812336346,201.7683563232422,7,0.5833333333333334,0.2517211072253327
2706,inverted bob added to supercuts arctic vault where hairstyles preserved for future generations,An inverted bob was added to a supercuts arctic vault where hairstyles are preserved for future generations.,satire,0,0.838001012802124,0.7905256748199463,0.047475337982177734,0.9793314933776855,0.3405204944353418,252.57608032226562,5,0.29411764705882354,0.33348244434107116
2707,Shelters scramble for winter storm refuge – as if people actually need shelter in cold weather.,shelters scramble for winter storm refuge,understatement,0,0.9114998579025269,0.662225067615509,0.24927479028701782,0.9065053462982178,0.14351442318493668,1472.13134765625,11,0.6875,0.13009659188805
2708,"Rudy Giuliani confesses to illegal payment – what a paragon of honesty, admitting to crimes so casually.",rudy giuliani confesses to illegal payment,sarcasm,0,0.9718660116195679,0.794979989528656,0.17688602209091187,0.9173355102539062,0.08124013474973685,397.15887451171875,13,0.7647058823529411,0.07452446046374595
2709,gated community under siege by savages,A gated community is under siege by savages.,overstatement,0,0.5995965003967285,0.7580081224441528,-0.15841162204742432,0.8993198871612549,0.17286039232097053,40.814300537109375,3,0.375,0.15545678851674546
2710,nbc cancels csi,The CBS has cancelled the CBSI program.,sarcasm,0,0.8036279082298279,0.8109253644943237,-0.00729745626449585,0.5084635019302368,0.0,254.60780334472656,7,1.0,0.0
2711,"A 560-pound man rides across country to save his life, proving that logic is optional.",560-pound man rides across the country to save his life,irony,0,0.9094163179397583,0.6452480554580688,0.26416826248168945,0.8143399953842163,0.3186602782541458,54.287574768066406,8,0.5333333333333333,0.25949780952261414
2712,man vows never to watch another sci-fi movie with physicist friend,A man vows not to watch a sci-fi movie with a physicist friend.,sarcasm,0,0.5652715563774109,0.7401190996170044,-0.1748475432395935,0.9035543203353882,0.11685792587573332,67.63103485107422,5,0.38461538461538464,0.1055874837904514
2713,man surprised to learn high school classmate became completely different type of fuckup,A man is surprised to learn that his high school classmate became a different type of fuckup.,sarcasm,0,0.8410819172859192,0.8949313759803772,-0.05384945869445801,0.9484500885009766,0.27098211583470044,53.063480377197266,6,0.35294117647058826,0.25701301174560354
2714,area theater has strict rule against bringing in outside movies,A local theater has a strict rule against bringing in outside movies.,irony,0,0.8373702168464661,0.8208336234092712,0.016536593437194824,0.9289300441741943,0.46924700641055994,91.76997375488281,4,0.3333333333333333,0.4358976423935699
2715,ken burns completes documentary about fucking liars who claimed they watched entire 'jazz' series,Ken Burns completed a documentary about liars who claimed they watched entire 'Jazz' series.,sarcasm,0,0.8976158499717712,0.8524503111839294,0.0451655387878418,0.9662656188011169,0.3934995962231127,254.2735595703125,7,0.5,0.38022513084251564
2716,"Sixth woman accuses Moore of past misconduct, because five wasn't enough.",sixth woman accuses michael moore of past misconduct,sarcasm,0,0.5532607436180115,0.6285627484321594,-0.07530200481414795,0.8580066561698914,0.05709324736182451,426.4931640625,8,0.7272727272727273,0.048986386258799516
2717,woman leaving meeting worried she came off as too competent,A woman leaving a meeting is concerned that she is too competent.,sarcasm,0,0.8397404551506042,0.9042457342147827,-0.06450527906417847,0.9066672325134277,0.045293761707938834,133.18775939941406,8,0.6666666666666666,0.04106636957785957
2718,"Veteran graduates at 84, proving age is just a number... and he's really smart.","veteran graduates at 84, proving age is just a number",understatement,0,0.9627425670623779,0.8843584060668945,0.0783841609954834,0.834417998790741,0.5093330917854971,501.46343994140625,6,0.42857142857142855,0.4249966991655553
2719,ted cruz worried all the good countries to wall off taken by other candidates,Ted Cruz expressed concern that many good countries will be taken by other candidates.,satire,0,0.8761855959892273,0.8930554986000061,-0.01686990261077881,0.7910176515579224,0.0888917558917174,187.50672912597656,10,0.7142857142857143,0.07031494798832641
2720,miley cyrus apologizes for breasts,Miley Cyrus apologizes for his breasts.,sarcasm,0,0.8900210857391357,0.897362470626831,-0.0073413848876953125,0.9735934734344482,0.08633400213704504,146.6513671875,4,0.6666666666666666,0.08405422101610276
2721,"expansive obama state of the union speech to touch on patent law, entomology, the films of robert altman","The Obama state of the union speech will focus on patent law, entomology, and the films of Robert Altman.",overstatement,0,0.8798032402992249,0.9653374552726746,-0.08553421497344971,0.9360404014587402,0.3802115561049243,45.44658279418945,7,0.3684210526315789,0.35589337761570566
2722,The world's first official 'Jewish tartan'? Who knew identity needed stripes?,the world's first official 'jewish tartan',rhetorical_question,0,0.8534533381462097,0.7626447677612305,0.09080857038497925,0.7959846258163452,0.08781124185932357,108.92566680908203,8,0.7272727272727273,0.06989639849386226
2723,father's day gift way shittier than mother's day gift,A father's day gift is more expensive than a mother's day gift.,sarcasm,1,0.5307456254959106,0.6156728863716125,-0.0849272608757019,0.8389130234718323,0.11094660471566163,26.139068603515625,6,0.5,0.09307455160594995
2724,Shooter legally purchased guns to murder police—what a shining example of responsible gun ownership.,shooter legally purchased guns to kill police,sarcasm,0,0.9823498129844666,0.9208171963691711,0.06153261661529541,0.7982926368713379,0.15124760523215708,470.9905700683594,10,0.7142857142857143,0.12073984960125383
2725,"peeps unveils new boneless, skinless marshmallow breasts","Peeps unveils new boneless, skinless marshmallow breasts.",irony,0,0.8953116536140442,0.9069672226905823,-0.011655569076538086,0.9876883625984192,0.6147881529512643,189.968017578125,2,0.2857142857142857,0.6072191041333408
2726,"report: doing your part to stop climate change now requires planting 30,000 new trees, getting 40,000 cars off the road, reviving 20 square miles of coral reef","A report states that doing your part to stop climate change requires planting 30,000 new trees, getting 40,000 cars off the road and reviving 20 square miles of coral reef.",overstatement,0,0.9583255648612976,0.964415431022644,-0.0060898661613464355,0.9554107785224915,0.6387390016474043,39.137088775634766,8,0.26666666666666666,0.6102581268366255
2727,"Who in their right mind would choose frozen over fresh? Oh, everyone on Thanksgiving.",who in their right mind would choose frozen over fresh?,rhetorical_question,1,0.7441335916519165,0.9599093198776245,-0.215775728225708,0.9005070924758911,0.5899565399238539,89.84696960449219,5,0.35714285714285715,0.5312600484539667
2728,"Man dies after saying 'I can't breathe,' but police are always so helpful.","man dies after saying 'i can't breathe,' police say",sarcasm,1,0.9657168984413147,0.6702126860618591,0.29550421237945557,0.8784871697425842,0.10015045110931887,110.69556427001953,7,0.5384615384615384,0.0879808863434686
2729,"Ebola fear makes us stupid? Nah, we're always this rational.",ebola fear makes us stupid,irony,0,0.8899853229522705,0.7454023957252502,0.14458292722702026,0.9171309471130371,0.09782458612762486,3303.16162109375,7,0.7,0.08971795532616945
2730,fun-loving turtle all business when it's feeding time,A turtle is a fun-loving activity when it's feeding time.,irony,0,0.890579342842102,0.9333984851837158,-0.04281914234161377,0.8726990222930908,0.1186840521952098,110.2291488647461,6,0.6,0.10357545631254175
2731,Testing the teacher: teachers' favorite pastime.,testing the teacher,sarcasm,0,0.984992504119873,0.6420414447784424,0.34295105934143066,0.7950360774993896,0.0417991745584234,1282.5838623046875,5,0.8333333333333334,0.03323185178364122
2732,How to grocery shop for lasting beauty: because your lettuce will keep you fresh for days. Smart!,how to grocery shop for lasting beauty,irony,1,0.5797407627105713,0.5689252018928528,0.010815560817718506,0.6912050247192383,0.14733461804689552,1097.809326171875,12,0.7058823529411765,0.10183842830910395
2733,newly discovered fossils reveal prehistoric humans were bony,Newly discovered fossils reveal that prehistoric humans were bony.,understatement,0,0.7014951705932617,0.6768075823783875,0.024687588214874268,0.9879336953163147,0.19960198807747329,89.6664047241211,3,0.3333333333333333,0.19719352967386117
2734,"Man sees Jesus in tree, because trees are the new burning bushes.",man sees jesus in tree,irony,0,0.8769346475601196,0.5684729814529419,0.30846166610717773,0.8410224914550781,0.015756142963855618,861.1755981445312,10,0.8333333333333334,0.01325127061118425
2735,out-of-state license plate seen,An out-of-state license plate was seen.,understatement,1,0.8245222568511963,0.8507179617881775,-0.0261957049369812,0.9431359767913818,0.20205155046766235,26.505002975463867,3,0.5,0.19056208641253192
2736,Ben Higgins Still Unlovable After 20 Seasons? Shocker!,ben higgins still unlovable after 20 seasons,overstatement,1,0.5592661499977112,0.5870957374572754,-0.02782958745956421,0.9499767422676086,0.028634401465295497,1969.5601806640625,7,0.875,0.027202015420784254
2737,7-eleven shareholders approve sale of busch light six-pack,7-eleven shareholders approve the sale of a busch light six-pack.,irony,0,0.5917112827301025,0.792069137096405,-0.2003578543663025,0.9811131358146667,0.1535259783865636,288.81787109375,3,0.3,0.15062635408385616
2738,"How to be an effective listener: Step 1, stop thinking about what you're going to say next. Revolutionary.",how to be an effective listener,satire,1,0.7578094601631165,0.5742306113243103,0.18357884883880615,0.7641191482543945,0.06876828939330318,91.68070983886719,14,0.7777777777777778,0.05254716671812254
2739,North Korea demolishes nuclear test tunnels? Must be for safety inspections.,north korea denolishes nuclear test tunnels,irony,0,0.9748256802558899,0.9590675234794617,0.015758156776428223,0.8477940559387207,0.03752060266200604,6713.19677734375,9,0.8181818181818182,0.03180974391208726
2740,father not letting firstborn repeat mistakes he made as nine-month-old,A father is not letting his firstborn repeat mistakes he made as a nine-month-old.,irony,1,0.7323524951934814,0.8909653425216675,-0.15861284732818604,0.9240630865097046,0.4052587697205425,46.76771545410156,5,0.35714285714285715,0.37448466958309007
2741,biden investigated for questionable workers' comp claim,Biden was investigated for a questionable claim about workers' comp.,sarcasm,0,0.7533103823661804,0.7790992259979248,-0.025788843631744385,0.9656810760498047,0.056122223243057295,152.07278442382812,7,0.7,0.05419616893166293
2742,Sheryl Sandberg talks about husband's death in personal commencement speech. Just a lighthearted topic for graduates.,sheryl sandberg talks about husband's death in personal commencement speech,understatement,0,0.8556700944900513,0.7574370503425598,0.09823304414749146,0.8855715394020081,0.35065941041239285,995.3346557617188,9,0.5625,0.31053399388470326
2743,"Because American exceptionalism requires copying German shop closing laws, obviously.",american exceptionalism requires copying german shop closing laws,satire,0,0.9682050347328186,0.9705806374549866,-0.0023756027221679688,0.9219990968704224,0.1346238089016021,2793.95263671875,5,0.5,0.12412303022453347
2744,"AHS teasers are mildly spooky, if you're into that whole horror thing, which is totally normal.",ahs teasers are mildly spooky,understatement,0,0.5649020671844482,0.6588045358657837,-0.09390246868133545,0.8963987827301025,0.029464199124347303,486.5154724121094,13,0.8125,0.026411672229182274
2745,"Surprise, surprise, someone dies in custody and it's a homicide. Who saw that coming?","surprise, surprise, someone dies in custody and it's a homicide",irony,0,0.6595895886421204,0.8175448179244995,-0.15795522928237915,0.8048902750015259,0.5093330917854971,105.74906158447266,6,0.42857142857142855,0.4099572523146062
2746,"Simpsons creator says people pretend to be offended, dismissing concerns about stereotypes.",samsungs creator says people pretend to be offended,sarcasm,0,0.8586106300354004,0.9231087565422058,-0.06449812650680542,0.5723226070404053,0.41266825715677186,1453.9324951171875,6,0.5,0.23617937277878406
2747,A developing nation leader vows to tackle tax dodging – because that always works out.,developing nation leader vows to tackle tax dodging,irony,0,0.9866408705711365,0.9359914660453796,0.050649404525756836,0.8683835864067078,0.4168620196785084,836.9293823242188,7,0.4666666666666667,0.3619961356851667
2748,rex tillerson blindsided by news he still worked for state department,Rex Tillerson is blindsided by the news that he still worked for the state department.,irony,0,0.9238260984420776,0.9574097394943237,-0.033583641052246094,0.955318808555603,0.2102369368326755,31.692625045776367,7,0.4666666666666667,0.20084330000937112
2749,heavenly sources confirm joe jackson already screaming at michael,Heavenly sources confirm that Joe Jackson is already screaming at Michael Jackson.,satire,1,0.6032671928405762,0.5994746088981628,0.00379258394241333,0.967507004737854,0.10600313379512592,193.28216552734375,7,0.5833333333333334,0.10255877447094827
2750,police seize 250 pounds of marijuana smoker,Police confiscate 250 pounds of marijuana smoker.,sarcasm,0,0.5365743041038513,0.609774649143219,-0.07320034503936768,0.8773919343948364,0.41113361690051975,302.1122741699219,3,0.42857142857142855,0.3607253194270926
2751,"Ted Cruz's super-PACs rake in cash, democracy thriving.",ted cruz's super-pacs rake in cash,sarcasm,0,0.9716964960098267,0.8061390519142151,0.16555744409561157,0.8686535358428955,0.061861015698337206,1919.7034912109375,6,0.75,0.05373579001719348
2752,"Israel's president reaches out to Palestinian Arabs, a gesture of pure sincerity.",israel's president reaches out to palestinian arabs,sarcasm,0,0.9210222363471985,0.9390357136726379,-0.018013477325439453,0.8378391265869141,0.20126703311713304,243.0048828125,8,0.6666666666666666,0.16862939523759826
2753,bush picks up 20 copies of washington post he's in,President Bush picks up 20 copies of a Washington Post post he is in.,sarcasm,0,0.7707908749580383,0.9339829683303833,-0.16319209337234497,0.9677852392196655,0.27824623288353134,169.17420959472656,8,0.5714285714285714,0.26928259705315916
2754,"French police find another car in the suspect hunt, because one getaway vehicle just isn't enough for a mastermind.",french police find another car in the suspect hunt,irony,1,0.6732091903686523,0.5045928359031677,0.16861635446548462,0.8752334117889404,0.23898737027690029,801.468505859375,12,0.631578947368421,0.20916973146191825
2755,mom recommends previously unheard-of form of transportation son could take to get home,A mother recommends a transportation that her son could take to get home.,overstatement,0,0.5339739322662354,0.6973533034324646,-0.16337937116622925,0.9018049240112305,0.31455601883230705,141.8543243408203,8,0.6153846153846154,0.28366816666034383
2756,consumer confidence verging on cockiness,Consumer confidence is increasing.,overstatement,0,0.5817542672157288,0.9324222803115845,-0.3506680130958557,0.61736661195755,0.06257106818159155,163.1750946044922,4,0.8,0.03862928836983404
2757,The 'Entrepreneurial Advantage': a magical business term that means whatever you want it to,the 'entrepreneurial advantage',satire,0,0.9392983913421631,0.8566513061523438,0.08264708518981934,0.8435709476470947,0.0,45.28572463989258,14,1.0,0.0
2758,Two sisters conquer cholesterol. Their emotional journey will make you sob... or yawn.,two sisters conquer cholesterol,irony,0,0.7313697338104248,0.9263728260993958,-0.19500309228897095,0.6867042183876038,0.017907794590318507,469999.0,11,0.8461538461538461,0.01229735808719043
2759,"These newborn photos are so whimsical, they might cure your fear of childbirth.",these adorable newborn photos are adorable,overstatement,0,0.7640747427940369,0.8621929287910461,-0.09811818599700928,0.6958723068237305,0.0629195042125731,1172.6416015625,11,0.8461538461538461,0.04378394054060867
2760,10 utterly trivial ways to pretend you're smarter than everyone else,10 ways to pretend you're smarter than everyone else,sarcasm,0,0.9443808197975159,0.8937265872955322,0.05065423250198364,0.9462201595306396,0.7119674182275002,36.51576232910156,2,0.18181818181818182,0.6736779240558429
2761,Joy to the world! The Griswolds are back to ruin Christmas with sports—because why not?,joy to the world! the griswolds are back to ruin christmas with sports,satire,0,0.8390668630599976,0.9365140199661255,-0.09744715690612793,0.933473527431488,0.24794277351227223,183.5915985107422,7,0.4666666666666667,0.23144801539164728
2762,"7 things you should never ever do for your older kids. Like, for instance, help them. Or love them unconditionally. The list is endless and terrifying.",7 things you should never ever do for your older kids,satire,1,0.9299236536026001,0.7677285075187683,0.1621951460838318,0.9067493677139282,0.22840551744051144,64.60748291015625,16,0.6153846153846154,0.20710655852155635
2763,Ne-Yo raises millions for engineering school? Pop stars are clearly the key to solving educational funding crises.,ne-yo raises millions for engineering school,satire,0,0.9795687198638916,0.9061259031295776,0.07344281673431396,0.8063800930976868,0.08124013474973685,1111.3416748046875,13,0.7647058823529411,0.06551042742276142
2764,A mere $5.8 million to settle intern exploitation claims? Pocket change for a media giant.,a mere $5.8 million to settle intern exploitation claims,understatement,0,0.9335505366325378,0.8687263131141663,0.06482422351837158,0.8372104167938232,0.38538313646964095,187.49366760253906,8,0.5333333333333333,0.32264677630905897
2765,Verizon shows love to 'basic rate' customers with extra bills for fios deployment.,tv shows love to 'basic rate' customers with extra bills for fios deployment,sarcasm,0,0.9653376936912537,0.9711726903915405,-0.005834996700286865,0.828371524810791,0.8242367502646054,816.4005126953125,2,0.15384615384615385,0.6827742536217823
2766,federal prison system retires mcveigh's number,The Federal Prison system has removed Mcveigh's number.,irony,0,0.7518566250801086,0.5885665416717529,0.1632900834083557,0.8406822681427002,0.02777619034011792,394.3316955566406,7,0.875,0.023350950695493693
2767,"This photo exposes Simone Biles as the fragile human she secretly is, shattering her invincibility myth.",this photo exposes simone biles as the fragile human she secretly is,overstatement,0,0.805849015712738,0.7508993744850159,0.05494964122772217,0.8730396628379822,0.3362301724861858,1134.7821044921875,8,0.5,0.2935422764232962
2768,underprotective father demands daughter arrive home by 10 a.m.,A father demands his daughter arrive home by 10 a.m.,sarcasm,0,0.7155258059501648,0.8285461664199829,-0.11302036046981812,0.8424630165100098,0.5814307369682193,52.521488189697266,2,0.2,0.4898338925578841
2769,The global search for education: Latin America is online? Mind-blowing that they use the internet.,the global search for education: latin america is online,understatement,0,0.9695159792900085,0.9372886419296265,0.03222733736038208,0.9517859220504761,0.16959011078459055,303.60552978515625,10,0.6666666666666666,0.1614134799637539
2770,insane man gets a little perspective by reminding himself that he is god,An insane man gets a little perspective by reminding himself that he is god.,irony,0,0.9277532696723938,0.9311447739601135,-0.0033915042877197266,0.975721538066864,0.8385766789076257,102.8909683227539,2,0.14285714285714285,0.8182173269307512
2771,amazon reaches 1 trillion labor violations,Amazon reaches 1 trillion labor violations.,overstatement,0,0.9111967086791992,0.8880295753479004,0.023167133331298828,0.9850835204124451,0.5081327481546147,1748.2650146484375,2,0.3333333333333333,0.5005531963889982
2772,cdc issues warning of full-blown epidemic of the blahs,The CDC issued a warning about a full-blown epidemic of Blahs.,understatement,0,0.8948413729667664,0.8845084309577942,0.010332942008972168,0.9283647537231445,0.10025157431478134,88.0483169555664,8,0.7272727272727273,0.09307002809909949
2773,area man has shitty fuckin' job,A local man has a fuckin' job.,sarcasm,0,0.6211116909980774,0.9216180443763733,-0.3005063533782959,0.7215971350669861,0.07730551756939454,142.4201202392578,4,0.5714285714285714,0.055783440002945654
2774,unsuspecting movie stars follow fake red carpet into back of kidnappers' van,Hollywood stars follow the fake red carpet into the back of the kidnappers' van.,satire,0,0.8056113123893738,0.9288541078567505,-0.12324279546737671,0.9213165044784546,0.24739977342883948,91.3951187133789,6,0.42857142857142855,0.22793349446422004
2775,"clinton to get teeth cleaning, glasses before coverage runs out",Clinton plans to clean his teeth and wear glasses before coverage expires.,understatement,0,0.8907350897789001,0.92657870054245,-0.035843610763549805,0.8730034232139587,0.09578464408619825,217.10354614257812,8,0.6666666666666666,0.08362032217858174
2776,teary-eyed wrestlers bid farewell to friends made at summerslam,The teary-eyed wrestlers bid farewell to friends made at the Summerslam.,irony,0,0.5356496572494507,0.5970572829246521,-0.061407625675201416,0.9815604090690613,0.6786502681586727,123.07849884033203,3,0.2727272727272727,0.6661362348286549
2777,Taylor Swift calls cover album an honor – as if she wrote the original or something.,taylor swift calls cover album an honor,sarcasm,0,0.7907028198242188,0.9226019382476807,-0.13189911842346191,0.9083676338195801,0.16996005791513966,15716.419921875,11,0.6875,0.1543862156522142
2778,This is how you visualize the heartbeat of a city: with pretty charts.,this is how you visualize the heartbeat of a city,understatement,1,0.6949838399887085,0.7565392255783081,-0.06155538558959961,0.9187756776809692,0.5629001206548859,91.92725372314453,5,0.38461538461538464,0.5171789398213922
2779,Pro tip: Just yell louder and wave cash—bartenders love that.,pro tip: yell louder and wave cash,satire,1,0.933506190776825,0.5242142081260681,0.40929198265075684,0.766865074634552,0.28319415510892393,2074.234130859375,5,0.5,0.21717170689367385
2780,aging airliner flies out to sea to die,An elderly airliner flies out to the sea to die.,sarcasm,1,0.5010581612586975,0.5639276504516602,-0.06286948919296265,0.9267007112503052,0.31239399369202553,260.5807800292969,4,0.4,0.2894957361447234
2781,NAFTA renegotiation: because climate change is just a local issue now,nfta renegotiation,irony,1,0.9450498223304749,0.7549048066139221,0.19014501571655273,0.7343403100967407,0.0,1576.664306640625,11,1.0,0.0
2782,senior prank somehow leaves high school with increased math funding,A senior prank left high school with increased math funding.,irony,0,0.9804041981697083,0.9759128093719482,0.00449138879776001,0.9372720122337341,0.4518010018049224,1939.6529541015625,4,0.4,0.42346043409091655
2783,trapped chilean miners considering how funny it would be if they all died right as rescuers completed tunnel,A group of trapped Chinese miners is considering how funny it would be if they all died as rescuers completed a tunnel.,irony,0,0.9140800833702087,0.8721144199371338,0.04196566343307495,0.8298785090446472,0.49328706824337465,101.05635070800781,8,0.36363636363636365,0.4093683367248169
2784,Unhappy Father's Day? Who could have predicted that?,unhappy father's day,rhetorical_question,0,0.6839427351951599,0.7605085968971252,-0.07656586170196533,0.7920396327972412,0.0,1333.994873046875,8,1.0,0.0
2785,Conan shares Trump's Twitter withdrawal—probably involved a lot of yelling.,conan shares trump's twitter withdrawal,sarcasm,0,0.5387190580368042,0.877956211566925,-0.33923715353012085,0.8898078203201294,0.01976560930094397,20118.00390625,9,0.9,0.01758759372937223
2786,"Jeb Bush insists he's a Washington outsider, despite the Bush family name being synonymous with D.C.",jeb bush insists he's a washington outsider,sarcasm,0,0.8561276793479919,0.7493998408317566,0.10672783851623535,0.8481615781784058,0.045194893932731,1140.607421875,13,0.8125,0.03833257256359078
2787,"Ivanka Trump's religious expertise: Judaism is top three? Close, but no cigar.",ivanka trump's religious expertise,sarcasm,0,0.7217369675636292,0.9008623957633972,-0.17912542819976807,0.8210059404373169,0.010873221263821838,19694.654296875,11,0.9166666666666666,0.00892697924928708
2788,author dismayed by amazon customers' other purchases,An author is dismayed by Amazon's other purchases.,sarcasm,0,0.9201387763023376,0.6364567279815674,0.28368204832077026,0.8956385254859924,0.06985342056580097,152.31553649902344,5,0.625,0.06256341459570688
2789,"world health organization: 'not sure how, but adam levine's new fragrance the only antidote to mers virus'","World Health Organization says: 'I don't know how, but adam levine's new fragrance is the only antidote to the mers virus.'",satire,0,0.6034741997718811,0.5227092504501343,0.08076494932174683,0.947329044342041,0.34822073619539035,124.19041442871094,10,0.47619047619047616,0.3298796172400611
2790,Palestinian youth and the psychological impact of violence: just a little trauma.,palestinian youth and the psychological impact of violence,understatement,0,0.5034063458442688,0.7084664106369019,-0.20506006479263306,0.9757452607154846,0.41266825715677186,194.56851196289062,6,0.5,0.402659096168439
2791,black man bids tearful goodbye to family before daily commute,A black man bids tearful goodbye to his family before his daily commute.,sarcasm,0,0.5826504826545715,0.6818137764930725,-0.09916329383850098,0.9682121872901917,0.44082318755867267,99.5768051147461,4,0.3076923076923077,0.42681038263441684
2792,american citizens split on doj memo authorizing government to kill them,American citizens are divided on a doj memo that authorizes the government to kill them.,sarcasm,0,0.8945789337158203,0.9050716757774353,-0.01049274206161499,0.9304450750350952,0.08947853200770763,100.64590454101562,8,0.5333333333333333,0.0832548594279417
2793,"Krugman: the right fears democracy – yes, because winning elections is so scary.",krigman: the right fears democracy,sarcasm,0,0.964937150478363,0.9045016765594482,0.060435473918914795,0.7070481181144714,0.13501633901742352,1561.502197265625,9,0.6923076923076923,0.09546304841697478
2794,"Astronauts hug out political tension, because space is neutral.",astronauts hug out political tension,irony,0,0.977874219417572,0.9624534845352173,0.015420734882354736,0.9123083353042603,0.11948321931215808,3159.965087890625,6,0.6666666666666666,0.10900553690746878
2795,j.k. rowling revealed to be pseudonym for newt gingrich,J.K. Rowling was revealed to be a pseudonym for Newt Gingrich.,satire,0,0.5792254209518433,0.646843433380127,-0.06761801242828369,0.9832867383956909,0.11731175160264001,32.819583892822266,6,0.5454545454545454,0.11535108960884537
2796,"Ah, the 'most beautiful' because it's from a queer Korean, not because it was actually moving or articulate.",the'most beautiful' because it's from a queer korean,irony,0,0.6141677498817444,0.630361795425415,-0.016194045543670654,0.9245014190673828,0.19493068205878689,301.13873291015625,12,0.6666666666666666,0.1802136921831213
2797,studio audience wants show to be over,The studio audience wants the show to be over.,irony,0,0.6363984942436218,0.6621062159538269,-0.025707721710205078,0.9628018736839294,0.19960198807747329,82.2374038696289,3,0.3333333333333333,0.19217716811202862
2798,"9 tips for senior year: stress, cry, repeat.",9 tips for your senior year,irony,1,0.5757787227630615,0.7087502479553223,-0.13297152519226074,0.8471590876579285,0.15557221826646012,389.2742004394531,5,0.625,0.13179441849153448
2799,"America's favorite Mexican food chain is... not Chipotle. In other news, water is wet.",america's favorite mexican food chain is... not chipotle,satire,0,0.5461719632148743,0.7516539692878723,-0.20548200607299805,0.9003514051437378,0.17267606045625936,199.75115966796875,9,0.6428571428571429,0.15546913366647813
2800,"Trump shakes up top staff – just a little reshuffle, nothing to worry about.",donald trump shakes up top staff,understatement,0,0.6757369041442871,0.9041028618812561,-0.228365957736969,0.8333883285522461,0.13394233819643575,1834.545654296875,11,0.7857142857142857,0.11162598135190725
2801,ceo's funeral a networking dream,The CEO's funeral was a networking dream.,satire,0,0.7727261781692505,0.9732634425163269,-0.20053726434707642,0.9061399102210999,0.07730551756939454,480.9398193359375,4,0.5714285714285714,0.07004961474992683
2802,Danica Roem credits Trump for proving that anyone can be elected – barriers like decency are just suggestions.,danica rouem credits donald trump for proving that anyone can be elected,sarcasm,0,0.9168556928634644,0.9537495970726013,-0.03689390420913696,0.7730152606964111,0.3233824575540097,902.323974609375,11,0.6111111111111112,0.2499795747307589
2803,Hawaii's millennials: probably too busy with luaus to care.,hawaii's millennials,irony,0,0.7646549940109253,0.7566342353820801,0.008020758628845215,0.7264118194580078,0.0,3384.2587890625,9,1.0,0.0
2804,rembrandt's 'night watch' falls off museum wall after sticky tabs come loose,Rembrandt's 'night watch' falls off the museum wall after sticky tabs come loose.,sarcasm,1,0.7329810857772827,0.7169182300567627,0.01606285572052002,0.971233069896698,0.5783569866465142,198.2380828857422,3,0.23076923076923078,0.5617194316368976
2805,A new shade of green collaborations: because Boulder needs more hipster eco-projects.,a new shade of green collaborations,satire,1,0.9389283061027527,0.7668266296386719,0.1721016764640808,0.6355952620506287,0.18693159143202892,1054.908935546875,8,0.6666666666666666,0.11881283384178147
2806,"Obama's foreign policy was a failure? Obviously, compared to the current golden age.",obama's foreign policy was a failure,irony,0,0.6697438359260559,0.9213812947273254,-0.25163745880126953,0.908260703086853,0.1582341759519314,87.13725280761719,9,0.6923076923076923,0.14371788390247003
2807,mom learns about new vegetable,A mother learns about a new vegetable.,understatement,0,0.8920041918754578,0.9193391799926758,-0.027334988117218018,0.9344262480735779,0.07730551756939454,247.10205078125,4,0.5714285714285714,0.07223630473775539
2808,A $249 sapphire razor? Because your face is worth more than a car down payment.,a $249 sapphire razor,sarcasm,1,0.7355155944824219,0.7208513617515564,0.014664232730865479,0.792688250541687,0.012020365629417109,500.9684753417969,13,0.8666666666666667,0.009528402601654072
2809,"Martha Raddatz MVP? In a debate that was a train wreck, she was the conductor.",martin raddatz was a lgbtv MVP in a debate that was a train wreck,sarcasm,1,0.7797581553459167,0.6764788031578064,0.10327935218811035,0.6286742687225342,0.33855556615493043,643.8528442382812,12,0.8,0.21284117297439442
2810,Squad Reduces Pain: Science Confirms What Loners Already Know,squad reduces pain: science confirms what loners already know,sarcasm,0,0.8271787166595459,0.9385658502578735,-0.11138713359832764,1.0,0.0,269.2463684082031,9,1.0,0.0
2811,"If the takeover worked, low scores wouldn't be embarrassing, but they are.","if the takeover worked, low scores wouldn't be embarrassing",sarcasm,0,0.5160566568374634,0.87356036901474,-0.3575037121772766,0.9598758816719055,0.5201870634468553,326.32421875,5,0.4166666666666667,0.49931501616036966
2812,fire hydrant blows load all over hot neighborhood kids,A fire hydrant blows a load on hot neighborhood kids.,irony,0,0.7652750611305237,0.8841108083724976,-0.11883574724197388,0.929900586605072,0.13747081017605653,315.5766906738281,5,0.5,0.12783418702378946
2813,gray wolves sighted in capitol building for first time in 85 years,Gray wolves have been seen in the Capitol Building for the first time in 85 years.,irony,0,0.7904185652732849,0.8564602732658386,-0.06604170799255371,0.9404538869857788,0.1760928267911618,33.101985931396484,9,0.5625,0.16560718342606162
2814,blender left on to keep cat company,A blender was left on to keep a cat company.,irony,1,0.5988330841064453,0.591251790523529,0.00758129358291626,0.8420298099517822,0.2907153684841096,368.6480712890625,4,0.4,0.24479100647473717
2815,Parental leave revolution: because banking is finally catching up to the 20th century.,parenting leave: a revolution in banking,irony,0,0.9766412377357483,0.9686518311500549,0.00798940658569336,0.8622952103614807,0.012712983380807008,691.6622924804688,13,1.0,0.010962344678674987
2816,area man glad his brother is giving mom grandkids,A local man is pleased that his brother is giving his mother grandkids.,sarcasm,0,0.9560251235961914,0.9636684656143188,-0.007643342018127441,0.8075867295265198,0.2044800736021839,91.86331939697266,8,0.6153846153846154,0.16513539389372975
2817,"Home genetic tests may be riddled with errors, and companies aren't keeping track: embrace the surprise!","home genetic tests may be riddled with errors, and companies aren't keeping track",understatement,1,0.6734702587127686,0.5319573879241943,0.14151287078857422,0.9417048692703247,0.6543802314413064,56.155696868896484,5,0.3125,0.6162330503025203
2818,The Fed and the markets: two things that definitely make sense and aren't confusing at all.,the fed and the markets,irony,0,0.854031503200531,0.8280726075172424,0.025958895683288574,0.7923557758331299,0.0125896694397049,841.4061889648438,14,0.875,0.009975497296380023
2819,"Hey, which one of you wise guys teleported me into the future? This is exactly what I asked for.","hey, which one of you wise guys teleported me into the future?",sarcasm,1,0.7413097620010376,0.923083484172821,-0.18177372217178345,0.9567550420761108,0.5042416758025263,96.65776824951172,8,0.42105263157894735,0.48243576574897473
2820,5-Year-Old Boy Faces Tough Decision About His Girlfriends: The brutal heartbreak of preschool crushes.,5-year-old boy faces tough decision about his girlfriends,understatement,1,0.5093128085136414,0.543077290058136,-0.03376448154449463,0.8320745825767517,0.0,78.95265197753906,14,1.0,0.0
2821,Spicer links shooting to banning millions: a logical leap?,spicer links shooting to banning millions of people,overstatement,0,0.925053596496582,0.9629585146903992,-0.03790491819381714,0.9419349431991577,0.3050975216056289,1408.90478515625,5,0.5555555555555556,0.28738201668380187
2822,heartbroken chris brown always thought rihanna was woman he'd beat to death,"Chris Brown, heartbroken, always thought that Rihanna was a woman he would beat to death.",sarcasm,1,0.6696431636810303,0.7583020329475403,-0.08865886926651001,0.9510159492492676,0.043748114312246456,61.288692474365234,9,0.6,0.04160515446052653
2823,shirtless man turns face from side to side in mirror while running hands down smooth face,A shirtless man turns his face from side to side in a mirror while running hands down smooth.,irony,0,0.5787774324417114,0.7655411958694458,-0.18676376342773438,0.9652494788169861,0.5381607389335188,85.98235321044922,5,0.2777777777777778,0.5194593727753432
2824,Trump calls on Congress to empower agencies to oust federal workers—job security is so last century.,donald trump calls on congress to empower agencies to oust federal workers,sarcasm,0,0.9586522579193115,0.9474772214889526,0.011175036430358887,0.8404132127761841,0.3362301724861858,272.470947265625,9,0.5625,0.28257227949140595
2825,How to live to 110: the secret to immortality revealed.,how to live to 110,overstatement,1,0.8383917808532715,0.7798861265182495,0.05850565433502197,0.7321364283561707,0.09782458612762486,247.75318908691406,7,0.7,0.07162094309289986
2826,"north korea claims new long range missile has ability to fly right up in the air, not unlike a bird or a fly",North Korea claims a new long range missile has the ability to fly right up in the air.,satire,0,0.7401028275489807,0.9218907952308655,-0.18178796768188477,0.9335206747055054,0.4166024264659348,34.931243896484375,12,0.5217391304347826,0.3889069782384302
2827,"Elon Musk is ready to conquer Mars. The ultimate billionaire's vanity project, now with 100% more existential risk.",elon musk is ready to conquer mars,sarcasm,0,0.9367203712463379,0.7181484699249268,0.21857190132141113,0.8924223184585571,0.08541226358487465,578.5661010742188,14,0.7777777777777778,0.07622381029320723
2828,uninsured man hoping for gift card to local hospital for christmas,An uninsured man hopes for a gift card to a local hospital for Christmas.,irony,0,0.6052178740501404,0.6635637879371643,-0.058345913887023926,0.968751072883606,0.13912311644176573,120.5066146850586,5,0.35714285714285715,0.1347756683158714
2829,man ashamed of himself after cashier reads food order back to him,A man is ashamed of himself after a cashier reads his food order back to him.,understatement,0,0.9160547256469727,0.9043663144111633,0.011688411235809326,0.9533566236495972,0.3446073377034663,87.63887023925781,5,0.3125,0.32853368795785315
2830,Pride in mental health: an interview with the Trevor Project – because mental health is the new cool thing to be proud of.,pride in mental health: an interview with the trevor project,satire,0,0.9607886075973511,0.8498632907867432,0.11092531681060791,0.9430184364318848,0.17413230984695469,245.93606567382812,16,0.6956521739130435,0.1642099785641477
2831,richard branson's global-warming donation nearly as much as cost of failed balloon trips,Richard Branson's global-warming donation is nearly as much as the cost of failed balloon trips.,overstatement,0,0.7281883358955383,0.7235486507415771,0.004639685153961182,0.9541164636611938,0.3615855225145535,107.87293243408203,5,0.3333333333333333,0.3449947000526708
2832,"michele bachmann figures why not, introduces homosexual-beheading bill",Michael Bachmann introduces a bill addressing homosexual beheadings.,sarcasm,0,0.7081018686294556,0.9175967574119568,-0.20949488878250122,0.8113701939582825,0.03303164318013808,150.35569763183594,8,1.0,0.02680089073382941
2833,"no complaints if a remake of 'emma' with jon hamm and emily blunt got thrown our way, nation's girlfriends report",The nation's girlfriends report that a remake of 'Emma' with Jon Hamm and Emily Bolton was thrown our way.,satire,0,0.7148613929748535,0.5396339893341064,0.17522740364074707,0.8486179113388062,0.09660367388621095,181.4618682861328,15,0.75,0.0819796079609715
2834,"Double standard, double spacing: the perfect formula for unbiased reporting.","double standard, double spacing",irony,1,0.9754924774169922,0.7295067310333252,0.245985746383667,0.682196855545044,0.03791080144520064,673.7553100585938,8,0.8,0.025862629537108384
2835,"Illinois elves suggest gifts for politicians, because they're so in touch with the people.",illinois elves suggest gifts for politicians,satire,0,0.9725791811943054,0.9024665355682373,0.07011264562606812,0.9408248662948608,0.13394233819643575,8923.2587890625,10,0.7142857142857143,0.1260162824248827
2836,Transition to teaching art in college? Just navigate academia's quirks—simple.,transition to teaching art in college,understatement,0,0.8749176263809204,0.8256224393844604,0.04929518699645996,0.9088698625564575,0.2608840516436559,273.55615234375,6,0.6,0.2371096521605413
2837,"report: you know you are a fucking idiot, right?",A report states that you are a fucking idiot.,rhetorical_question,0,0.7331292033195496,0.7361717820167542,-0.00304257869720459,0.8382218480110168,0.2984745896009823,139.7095489501953,6,0.6666666666666666,0.25018792207966517
2838,In depth: Behind the veil of the Middle East – where women's rights are just a suggestion.,in depth: behind the veil of the middle east,satire,1,0.7756304740905762,0.6762843728065491,0.0993461012840271,0.7547304034233093,0.1297464032679993,205.15420532226562,12,0.7058823529411765,0.09792355528118049
2839,cbs reveals 'big bang theory' season 12 will explore why sheldon keeps job after sexually harassing 6 research assistants,CBS reveals a 'big bang theory' season 12 that explores why sheldon keeps his job after sexually harassing 6 research assistants.,sarcasm,0,0.9106764793395996,0.9406661987304688,-0.02998971939086914,0.9679446816444397,0.462985228134777,296.9617919921875,6,0.2857142857142857,0.448144089252995
2840,"Wearing #BlackLivesMatter shirts solves systemic racism, obviously.",wearing #blacklivesmatter shirts solves systemic racism,sarcasm,0,0.9707732796669006,0.9720008969306946,-0.0012276172637939453,0.9688594341278076,0.17103294495668978,260.2496032714844,4,0.5714285714285714,0.1657068822679509
2841,Grindr's caring reminder: don't forget your HIV test between hookups.,grindr's caring reminder: don't forget your iraq test between hookups,sarcasm,1,0.5959135890007019,0.5666595697402954,0.029254019260406494,0.7028772234916687,0.4518010018049224,678.1759643554688,3,0.3,0.31756063371939824
2842,A 12-year-old busts out unexpected moves in the kitchen? This child is a culinary revolutionary!,12-year-old busts out unexpected moves in the kitchen,overstatement,0,0.7890142798423767,0.5176966786384583,0.27131760120391846,0.867970883846283,0.3505377780030811,106.45066833496094,8,0.5333333333333333,0.3042565849948464
2843,scientists finally prove what area dad has been saying for years,Scientists have finally proved what a local father has been saying for years.,irony,0,0.9682397842407227,0.9695293307304382,-0.0012895464897155762,0.825201153755188,0.21401603033752975,63.80099868774414,7,0.5384615384615384,0.17660627515663485
2844,Giuliani says Trump is trying to get us back to a free press. By attacking journalists daily? Makes sense.,giuliani: donald trump is trying to get us back to a free press,irony,0,0.9436275362968445,0.9465700387954712,-0.002942502498626709,0.808300793170929,0.408387573482697,87.7795639038086,10,0.5263157894736842,0.33009999956721503
2845,area man good for the economy,A local man is good for the economy.,sarcasm,0,0.9770117402076721,0.9793121814727783,-0.002300441265106201,0.7770299911499023,0.1477219991186121,107.35824584960938,4,0.5,0.11478442366778105
2846,pope francis offers molested kids 10% off at vatican city gift shop,Pope Francis offers molested children a 10% discount at a Vatican City gift shop.,sarcasm,0,0.686821699142456,0.8348080515861511,-0.14798635244369507,0.9557251334190369,0.03798229226827674,78.06196594238281,9,0.6428571428571429,0.03630063134565964
2847,"Six completely rational and unselfish reasons why my kids' toys remain fiercely, permanently theirs. Sharing is for peasants.","6 reasons my kids' toys remain fiercely, permanently theirs",satire,1,0.6143993139266968,0.5818178057670593,0.03258150815963745,0.830095648765564,0.22458068077762677,1436.4483642578125,11,0.6111111111111112,0.18642344591031612
2848,Savor the South at summer festivals where every dish is a calorie bomb and every moment is bliss.,savour the south at summer festivals,overstatement,0,0.9153476357460022,0.8673438429832458,0.04800379276275635,0.6284812688827515,0.02938379650985441,1235.17626953125,14,0.7777777777777778,0.018467165715105864
2849,"fbi raids michael cohen's office to get closer look at his innovative, thorough legal work",The FBI raided Michael Cohen's office to examine his innovative legal work.,sarcasm,0,0.9424226880073547,0.9170953631401062,0.025327324867248535,0.8918877243995667,0.033360862268577436,143.9059600830078,12,0.8,0.029754143532728893
2850,Kristen Wiig Crashes Bill Hader's 'SNL' Monologue: Groundbreaking Television That Changes Everything,kristen wiig slams bill hader's'snl' monologue,satire,1,0.5666045546531677,0.6149508357048035,-0.04834628105163574,0.8412220478057861,0.0,6913.91552734375,12,1.0,0.0
2851,Farenthold resigned abruptly? Probably to avoid more congressional 'hard work'.,farenthold resigned abruptly,understatement,1,0.8182374238967896,0.536217987537384,0.2820194363594055,0.7986235022544861,0.011018142789200103,1229.2237548828125,9,0.9,0.008799347782650999
2852,"in major gaffe, obama forgets to dumb it down","In a major gaffe, Obama forgot to dumb it down.",sarcasm,0,0.7956052422523499,0.639005720615387,0.1565995216369629,0.961718738079071,0.13134549472120793,74.01715850830078,5,0.5,0.1263174234356514
2853,Is art feminine? Let's ask the centuries of male-dominated art history.,is art feminine?,rhetorical_question,1,0.6290786266326904,0.8336789608001709,-0.20460033416748047,0.9076967239379883,0.0166955629691623,9561.7353515625,9,0.8181818181818182,0.015154507811409012
2854,food critic's wife makes the best lasagna she possibly can,The food critic's wife makes the best lasagna she can.,understatement,0,0.9294601082801819,0.893099844455719,0.03636026382446289,0.9712873101234436,0.7598356856515925,75.03026580810547,3,0.3,0.7380187592523377
2855,Trump orders war crimes then backs down? What a tough leader.,donald trump orders war crimes then backs down,sarcasm,0,0.9862534403800964,0.9550985097885132,0.031154930591583252,0.898623526096344,0.355310106137518,947.67626953125,7,0.6363636363636364,0.3192900204349627
2856,"Netflix hires Ryan Murphy for 5 years? Groundbreaking, since he's never done anything before.",hollywood hires ryan murray for 5 years,overstatement,0,0.9291352033615112,0.9162294268608093,0.012905776500701904,0.6030233502388,0.028439110602897978,825.1102905273438,11,0.7857142857142857,0.017149447753571318
2857,6-year-old cries when told mtm productions kitten dead by now,A 6-year-old cries when told MTV productions kitten is dead by now.,irony,0,0.708278238773346,0.6500102877616882,0.058267951011657715,0.8720748424530029,0.28646290158800986,307.85211181640625,4,0.3333333333333333,0.2498170897709938
