id,input,output,subtype,hard_flipped,inp_irony_score,out_irony_score,flip_delta,similarity,bleu,perplexity,edit_dist_raw,edit_dist_norm,paraphrase_score
1,café adds heartbreaking little lunch menu,A café has added a small lunch menu to its menu.,irony,0,0.763202428817749,0.8719368577003479,-0.10873442888259888,0.8210921883583069,0.04411629359322707,55.94386291503906,8,0.7272727272727273,0.03622354404872037
2,peruvian shockingly knowledgeable about u.s. history,Peruvian is very knowledgeable about U.S. history.,sarcasm,0,0.9349353909492493,0.9466432332992554,-0.011707842350006104,0.8920611143112183,0.06985342056580097,48.5609245300293,5,0.7142857142857143,0.06231352018837859
3,census study finds thousands of undocumented immigrants living inside u.s. border wall,A census study finds that thousands of undocumented immigrants live inside the U.S. border wall.,irony,0,0.879983127117157,0.8740249872207642,0.005958139896392822,0.9734183549880981,0.2533654946448647,31.38010597229004,6,0.4,0.24663062300794997
4,Helping the planet by eating invasive species? Because nothing says eco-friendly like chowing down on pests.,helping the planet by eating invasive species,satire,0,0.9378094673156738,0.9253316521644592,0.0124778151512146,0.8696787357330322,0.16996005791513966,265.573486328125,11,0.6875,0.1478106482927516
5,Kebab shop owner remains calm during robbery – because who needs panic when you have shawarma?,kebab shop owner remains calm during robbery,irony,0,0.7524292469024658,0.8779562711715698,-0.125527024269104,0.827777624130249,0.2236800154620159,801.5006103515625,10,0.625,0.1851573117645649
6,report: average person spends 18 hours standing at bar deciding what to drink,A report indicates that a person spends 18 hours standing at a bar deciding what to drink.,overstatement,0,0.8717864155769348,0.8503490090370178,0.021437406539916992,0.9490514993667603,0.42818185319516083,78.05686950683594,7,0.4117647058823529,0.4063666297765054
7,"bush vows to discover, legalize aliens on american, martian soil",President Bush vows to legalize aliens on American and Martian soil.,satire,0,0.8950046896934509,0.9284313917160034,-0.03342670202255249,0.9140952825546265,0.11731175160264001,440.7419128417969,7,0.6363636363636364,0.10723411872819337
8,christmas pageant enters pre-production,A Christmas pageant has entered a pre-production process.,understatement,0,0.583911120891571,0.5214772820472717,0.062433838844299316,0.957271933555603,0.03303164318013808,135.430908203125,6,0.75,0.03162026493556953
9,area man can't remember whether he rented mimic or the relic,A local man cannot remember whether he rented a mimic or the relic.,irony,1,0.8634588718414307,0.8396007418632507,0.02385812997817993,0.8704768419265747,0.2891784933232572,379.4750671386719,5,0.38461538461538464,0.25172318162111396
10,Dinosaur skeleton reveals babies may have lived on their own from birth. So much for parental guidance in the Mesozoic era.,dinosaur skeleton reveals babies may have lived on their own from birth,rhetorical_question,0,0.9316861629486084,0.6015432476997375,0.33014291524887085,0.9136117696762085,0.38122613186566484,237.77557373046875,11,0.5238095238095238,0.3482926809806057
11,"nothing doing down louisiana way, fly-swattin' sources report",Fly-Swattin' sources report that nothing is doing down Louisiana's way.,irony,1,0.713012158870697,0.75932776927948,-0.04631561040878296,0.9247370362281799,0.06674094719041482,447.379150390625,10,1.0,0.06171782569992567
12,woman jealous of horse's eyelashes,A woman is jealous of her horse's eyelashes.,irony,0,0.8710953593254089,0.8347310423851013,0.03636431694030762,0.9764514565467834,0.06985342056580097,134.24644470214844,4,0.5,0.0682084742562514
13,call from daycare can't be good,A call from a daycare can't be good.,overstatement,0,0.64975506067276,0.549138605594635,0.100616455078125,0.942664623260498,0.17286039232097053,93.72877502441406,3,0.375,0.16294937660390957
14,molly hatchet posts surprise upset in former deep purple district,Molly Chett posts surprise upset in a former Deep Purple district.,satire,0,0.8732525706291199,0.7546306848526001,0.11862188577651978,0.8191457986831665,0.24808415001701817,2490.84033203125,6,0.5454545454545454,0.20321708920632484
15,NASA's Kepler recovers from emergency mode – space is easy.,nasa's kepler recovers from emergency mode,overstatement,0,0.973457932472229,0.6630162596702576,0.31044167280197144,0.9089335799217224,0.2608840516436559,2539.73291015625,6,0.6,0.23712627500495168
16,Cartoon Donald Trump assures Colbert his numbers are the biggest—a masterclass in humility from the guy who measures everything in inches.,cartoon donald trump assures colbert his numbers are the biggest,sarcasm,0,0.9727611541748047,0.9731595516204834,-0.00039839744567871094,0.9244644641876221,0.09245890579519178,664.9678344726562,16,0.7619047619047619,0.08547497280532579
17,joy sucked out of room by pumped-up manager,A pumped-up manager sucked joy out of the room.,overstatement,0,0.8571271300315857,0.891953706741333,-0.034826576709747314,0.8822567462921143,0.07936880926086218,120.29407501220703,8,0.8888888888888888,0.07002366741556769
18,"study: beginning email with short, disingenuous inquiry into personal life best way to network","A study indicates that starting an email with a short, disingenuous inquiry into personal life is the best way to network.",satire,0,0.9501821398735046,0.9644360542297363,-0.01425391435623169,0.9165733456611633,0.30961688266242904,71.54090881347656,10,0.47619047619047616,0.28378658201508244
19,area man's knee making weird sound,A local man's knee is making a strange sound.,understatement,0,0.5811396837234497,0.5000185370445251,0.08112114667892456,0.8893572688102722,0.056122223243057295,98.35604095458984,6,0.6666666666666666,0.04991270718300581
20,man thinks he managed to masturbate without waking roommate,A man believes he managed to masturbate without waking his roommate.,sarcasm,0,0.8220564126968384,0.8889219760894775,-0.06686556339263916,0.9356687068939209,0.47987820666906633,81.41511535644531,4,0.36363636363636365,0.449007021100619
21,vin diesel will finally kiss car in 'fast & furious 6',Vin Diesel will finally kiss a car in 'fast & furious 6'.,sarcasm,1,0.6914637684822083,0.6752365231513977,0.016227245330810547,0.9705185294151306,0.4240125351805037,298.17938232421875,4,0.3333333333333333,0.4115120220969638
22,BHP predicts 2017 as the year every car on Earth goes electric overnight.,bhp predicts 2017 as the year every car on earth goes electric,overstatement,0,0.8493630886077881,0.6379469633102417,0.2114161252975464,0.9353477358818054,0.616818645686018,373.9743347167969,3,0.23076923076923078,0.5769399236920985
23,what's-his-face fires publicist,A publicist criticizes what's his face.,sarcasm,0,0.7787726521492004,0.9134460687637329,-0.13467341661453247,0.722706139087677,0.040824829046386304,394.4272155761719,6,1.0,0.029504354579028298
24,american dental association recommends making your gums hurt really bad once a day,The American Dental Association recommends making your gums hurt very bad once a day.,sarcasm,0,0.9245522022247314,0.8007354736328125,0.12381672859191895,0.9687885046005249,0.35556702356686953,71.52985382080078,6,0.42857142857142855,0.34446924504660714
25,"Loft's plus-size line is here, about time they catered to more than sample sizes.",loft's plus-size line is here,understatement,1,0.586021900177002,0.6692348122596741,-0.08321291208267212,0.8292431831359863,0.04395541994992161,167.3675079345703,11,0.7857142857142857,0.03644973235535203
26,"Tom Brady's Met Gala outfit mocked? It's so avant-garde, mere mortals can't comprehend it.",tom brady's met gala outfit was mocked,irony,0,0.6501984596252441,0.793607771396637,-0.14340931177139282,0.899757981300354,0.012151662434083676,2014.643798828125,13,0.9285714285714286,0.010933555261134474
27,Flexibility is the secret weapon to close the women's leadership gap—just contort yourself into submission and equality magically appears!,flexibility is the secret weapon to close the women's leadership gap,sarcasm,0,0.7085213661193848,0.9206843376159668,-0.21216297149658203,0.925671398639679,0.3798513017037065,119.55599975585938,10,0.5263157894736842,0.3516174857231727
28,news website refers to users' ceaseless exchange of racial slurs as 'discussion',News website describes users' ceaseless exchange of racial slurs as 'discussion'.,sarcasm,0,0.8851261734962463,0.8903933763504028,-0.005267202854156494,0.9755269289016724,0.5387722220470361,148.3478546142578,4,0.3333333333333333,0.5255868111510751
29,"Ah, the pinnacle of modern dating advice: ranking women like livestock. Truly progressive.",the pinnacle of modern dating advice,sarcasm,0,0.9878487586975098,0.9591400027275085,0.02870875597000122,0.6477456092834473,0.23661528215726477,427.9931945800781,8,0.6153846153846154,0.15326651010673226
30,Cracks? More like a sinkhole swallowing thousands. But who's counting?,cracks are becoming more like a sinkhole swallowing thousands of people,understatement,0,0.9217562675476074,0.5508422255516052,0.3709140419960022,0.8595185279846191,0.23462350320528,122.23249053955078,8,0.7272727272727273,0.20166324810559683
31,Rev. Run values his role as a TV dad—because nothing beats scripted family values.,rev. run values his role as a tv dad,sarcasm,0,0.9671218395233154,0.9554968476295471,0.01162499189376831,0.9079331755638123,0.2560797001652275,1288.7498779296875,9,0.6428571428571429,0.2325032553684439
32,"comey: 'what can i say, i'm just a catty bitch from new jersey and i live for drama'","Comey said, 'What can i say, I'm just a catty bitch from New Jersey and I live for drama.'",sarcasm,1,0.6504489183425903,0.7361197471618652,-0.0856708288192749,0.96743243932724,0.2852636439147137,51.401371002197266,8,0.42105263157894735,0.2759733028837887
33,"A little rain and disagreement in Somalia—no big deal, just thousands fleeing.",a little rain and disagreement in somalia,understatement,1,0.6986435055732727,0.6684560775756836,0.03018742799758911,0.8244850039482117,0.30096441267171586,2173.641845703125,7,0.5833333333333334,0.24814064496991087
34,the elderly: do they suspect?,The elderly are suspects.,rhetorical_question,0,0.9508219957351685,0.8035653233528137,0.14725667238235474,0.7998860478401184,0.0,745.7417602539062,5,1.0,0.0
35,Teenage girl walks for days after plane crash. Just a moderate hike with a side of survival.,teenage girl walks for days after plane crash,understatement,0,0.5190490484237671,0.8240366578102112,-0.3049876093864441,0.9096009731292725,0.22088540083017574,348.52374267578125,11,0.6470588235294118,0.20091757554517725
36,desperate gop spotted in south dakota trying to build keystone pipeline themselves,A desperate GOP is spotted in South Dakota trying to build a keystone pipeline.,satire,0,0.8721609711647034,0.8790125250816345,-0.006851553916931152,0.9716851711273193,0.09669265690880861,185.08067321777344,8,0.5714285714285714,0.09395482087519087
37,80 percent of u.s. populace now selling handmade jewelry,80 percent of the U.S. population is now selling handmade jewelry.,overstatement,0,0.8607980012893677,0.8588443994522095,0.001953601837158203,0.9512787461280823,0.15690219308813547,29.93117904663086,5,0.45454545454545453,0.14925772150562777
38,more realistic meat substitute made from soy raised in brutally cruel conditions,A more realistic meat substitute made from soy was raised in harsh conditions.,satire,0,0.9074191451072693,0.8423905968666077,0.06502854824066162,0.8968319296836853,0.5205510363053438,140.38623046875,5,0.38461538461538464,0.46684679038856364
39,"Home? Oh, you mean that mythical place everyone talks about but never finds?",home?,rhetorical_question,1,0.7456327676773071,0.9406079649925232,-0.19497519731521606,0.5830721855163574,0.0,424.0386962890625,13,1.0,0.0
40,"Tom Daley and Dustin Lance Black expecting a child? Finally, some real news in celebrity baby gossip.",tom daley and dustin lamar black are expecting a child,sarcasm,1,0.9556176662445068,0.5320800542831421,0.42353761196136475,0.8259478211402893,0.024528248770524806,801.36572265625,15,0.8823529411764706,0.020259053628401944
41,Obama says no to wiretapping: The one time we wish he was joking.,obama says no to wiretapping,sarcasm,0,0.9298006892204285,0.8537192940711975,0.07608139514923096,0.8184574842453003,0.053687271162922795,342.1033935546875,10,0.7692307692307693,0.04394074889200105
42,134-year-old man attributes longevity to typographical error,A 34-year-old man attributes his longevity to a typographical error.,satire,0,0.7120883464813232,0.7728353142738342,-0.060746967792510986,0.9169217348098755,0.06674094719041482,33.10066604614258,5,0.5,0.06119622508068944
43,new gym member lingers by free weights for several seconds before returning to elliptical machine,A new gym member lingers by free weights for several seconds before returning to an elliptical machine.,irony,0,0.8849557638168335,0.9370205402374268,-0.05206477642059326,0.9513465166091919,0.7541859578343534,116.76944732666016,3,0.17647058823529413,0.717492183861279
44,mortified tampax ceo bursts into tears and runs out of boardroom after tampon falls out of briefcase,"The CEO of Tampax, who is mortified, burst into tears and runs out of the boardroom after Trump falls out of his briefcase.",satire,0,0.9075725674629211,0.8183237910270691,0.08924877643585205,0.8365973234176636,0.28073304156067924,51.92937469482422,12,0.5217391304347826,0.23486051116456397
45,"Breaking news: July 19, 2017, was a day just like any other. What a roundup!","breaking news: july 19, 2017 was a day just like any other",understatement,0,0.8401681184768677,0.6745949983596802,0.1655731201171875,0.8848785161972046,0.34916650730713383,42.73787307739258,7,0.4666666666666667,0.308969940891697
46,Toxic video shoot: more chaos than a Britney concert.,toxic video shoot: more chaos than a britney concert,overstatement,0,0.8940556645393372,0.8813284039497375,0.01272726058959961,0.994583249092102,0.5873949094699213,531.63671875,3,0.3333333333333333,0.5842131375607555
47,Islamophobia and Charlie Hebdo? What could possibly go wrong in that discussion?,islamophobia and charlie hebdo,rhetorical_question,0,0.9513281583786011,0.7042708992958069,0.2470572590827942,0.8970080614089966,0.010873221263821838,553.580810546875,11,0.9166666666666666,0.009753367127131906
48,bush to sacrifice own life for good of nation,President Bush plans to sacrifice his own life for the benefit of the nation.,overstatement,0,0.676112711429596,0.8418881297111511,-0.16577541828155518,0.8601366877555847,0.09303723531853667,27.094221115112305,8,0.5714285714285714,0.08002473942482304
49,"Dems claim DACA deal, Trump tweets chaos, government at its finest.","dems claim dac deal, trump tweets chaos",irony,0,0.925226628780365,0.888348400592804,0.036878228187561035,0.7922245264053345,0.024549475440235117,4595.27587890625,8,0.7272727272727273,0.019448696554139656
50,Rare Pokemon causes stampede in Taiwan—adults revert to primal instincts over digital creatures.,rare Pokemon causes stampede in taiwan,overstatement,0,0.6765486001968384,0.6723040342330933,0.004244565963745117,0.843382716178894,0.1582341759519314,702.8817138671875,9,0.6923076923076923,0.13345196910666893
51,"Five numbers that don't limit you? Unless you're bad at math, then they do.",5 numbers that don't limit you,sarcasm,1,0.8820456862449646,0.872582733631134,0.009462952613830566,0.845300018787384,0.13394233819643575,132.83392333984375,10,0.7142857142857143,0.11322146099387329
52,Trump might actually help people? Hold your breath—this could be the miracle we've been waiting for.,donald trump might actually help people? hold your breath,irony,0,0.7336829304695129,0.7018036842346191,0.0318792462348938,0.8713618516921997,0.1449940797526609,476.404541015625,12,0.75,0.1263423098176851
53,"Bill Nye criticizes CNN for platforming a climate skeptic on Earth Day, because balance means giving equal time to facts and fiction.",bill nye criticizes cnn for platforming a climate skeptic on earth day,sarcasm,0,0.838512122631073,0.9338352084159851,-0.09532308578491211,0.8998689651489258,0.18845000104134715,242.9716339111328,15,0.6818181818181818,0.16958030741939104
54,report: more american fifth-graders taking gap year to unwind before middle school,A report indicates that more Americans are taking a gap year to relax before middle school.,overstatement,0,0.9698445200920105,0.9401214718818665,0.029723048210144043,0.8142415285110474,0.08326915667169545,102.77867126464844,9,0.5625,0.06780120540618717
55,"Because picking a financial advisor is as simple as asking three questions, right?",how to pick a financial advisor,sarcasm,1,0.7489154934883118,0.697080671787262,0.051834821701049805,0.6618611812591553,0.0629195042125731,117.39311218261719,11,0.8461538461538461,0.04164397738237403
56,"In a rare event, constituents in a red district actually question a congressman. How dare they?","in a rare event, constituents in a red district actually question a congressman",sarcasm,0,0.5048407316207886,0.7530375719070435,-0.24819684028625488,0.9050602316856384,0.6543802314413064,282.96514892578125,5,0.3125,0.5922535238787705
57,acoustic-guitar-wielding trump tells congress 'this here's the story of america',Trump told Congress that this here's the story of America.,satire,0,0.8227773308753967,0.9248737692832947,-0.10209643840789795,0.6554537415504456,0.2626909894424158,108.6093521118164,6,0.6,0.17218179190162003
58,Iowa teenager innocent of health care crash – blame the usual suspects.,iowa teenager innocent of health care crash,sarcasm,0,0.8950162529945374,0.7903252840042114,0.10469096899032593,0.9512537717819214,0.3960914423407551,4345.60693359375,6,0.5,0.37678347849718474
59,Calling women girls? It's totally respectful and not infantilizing at all.,calling women girls,irony,0,0.6977238059043884,0.9193254709243774,-0.221601665019989,0.732831597328186,0.007894844292834697,10435.6103515625,10,0.9090909090909091,0.0057855913537753646
60,report: everything you've ever wanted has been right in front of you all along,A report states that everything you've ever wanted has been right in front of you all along.,irony,0,0.6228507161140442,0.546249508857727,0.07660120725631714,0.9193405508995056,0.675316032742297,34.739871978759766,5,0.29411764705882354,0.620845413572572
61,Democrats meet in Iowa again—because one forum wasn't enough to bore voters.,democrats meet again in iowa,sarcasm,0,0.6968998312950134,0.9175914525985718,-0.22069162130355835,0.8236784338951111,0.015756142963855618,1175.660400390625,11,0.9166666666666666,0.012977995160696068
62,mother provides adult son with list of questions to ask doctor,A mother provides her adult son with a list of questions to ask a doctor.,satire,0,0.5530185103416443,0.9409580230712891,-0.3879395127296448,0.9528710842132568,0.3615855225145535,46.40350341796875,5,0.3333333333333333,0.3445443888742596
63,terrorism fan site full of spoilers,A terrorist fan site is packed with spoilers.,satire,0,0.7023568153381348,0.8435685634613037,-0.14121174812316895,0.9249845743179321,0.05873949094699214,377.3583068847656,6,0.75,0.05433312302925555
64,George and Amal Clooney look stunning in NYC—as if we needed another reason to feel inadequate.,george and amal clooney look stunning in nyc,sarcasm,1,0.8279940485954285,0.5292274355888367,0.2987666130065918,0.9243810176849365,0.05434388648448332,574.4588012695312,12,0.75,0.05023445709348136
65,man finally able to forgive self for terrible mistake he made 2 seconds ago,A man is finally able to forgive himself for a terrible mistake he made 2 seconds ago.,understatement,0,0.8610616326332092,0.931110680103302,-0.07004904747009277,0.9052649140357971,0.44815017360408727,32.48303985595703,5,0.29411764705882354,0.4056946283828316
66,Hillary Clinton tells fifth-grader about bullies – because her scandals are just like schoolyard teasing.,hillary clinton tells fifth-grader about bullies,sarcasm,0,0.9763761758804321,0.8831460475921631,0.09323012828826904,0.9329278469085693,0.11337974147240094,206.79855346679688,11,0.7333333333333333,0.10577511809489724
67,taliban leaders already know which westernized schools the first to go as soon as u.s. troops leave afghanistan,Taliban leaders know which westernized schools are the first to go as soon as U.S. troops leave Afghanistan.,sarcasm,0,0.9290778040885925,0.9663985371589661,-0.037320733070373535,0.9753162860870361,0.5082365016563265,47.5185661315918,5,0.2777777777777778,0.49569133724931613
68,HuffPost headline quiz: test your memory of last week's forgettable news.,huffpost headline quiz: test your memory of last week's forgettable news,understatement,1,0.5104758739471436,0.5847835540771484,-0.07430768013000488,0.9935781955718994,0.7860753021519787,206.2277069091797,2,0.18181818181818182,0.7810272802957987
69,texas to execute death row inmates with new 3-drug molotov cocktail,Texas will execute death row inmates with a new 3-drug molotov cocktail.,sarcasm,0,0.8539512157440186,0.9142200350761414,-0.0602688193321228,0.9678263068199158,0.4240125351805037,79.41564178466797,4,0.3333333333333333,0.4103704859690965
70,The ocean's gentle giant: totally not a 50-ton predator with a taste for seals,the ocean's gentle giant,understatement,1,0.733832597732544,0.6642695069313049,0.06956309080123901,0.7117153406143188,0.013946604450021922,915.6104736328125,12,0.8571428571428571,0.009926012336560527
71,towels across water park lounge chairs mark family's ironclad claim,The towels in the Water Park lounge chairs are a sign of the family's ironclad claim.,satire,0,0.9370893239974976,0.9342634677886963,0.0028258562088012695,0.9163525700569153,0.03889818545474848,131.73704528808594,11,0.6875,0.035644452212009285
72,"Trump's bad tweets help puppies and kittens: every offensive tweet saves a pet, it's a trade-off!",trump's bad tweets help puppies and kittens,irony,0,0.8622844219207764,0.9567154049873352,-0.09443098306655884,0.8958114385604858,0.16996005791513966,738.7407836914062,11,0.6875,0.15225216397878474
73,experts recommend changing batteries in smoke detector every 6 fires,Experts recommend changing batteries in a smoke detector every 6 fires.,irony,0,0.9134654402732849,0.7507337927818298,0.16273164749145508,0.9794238805770874,0.46924700641056,268.6012268066406,3,0.2727272727272727,0.45959172396781206
74,Trump moves embassy to Jerusalem—the solution to all Middle East problems!,donald trump moves embassy to jerusalem,overstatement,0,0.9719874858856201,0.8543820381164551,0.11760544776916504,0.8492296934127808,0.08781124185932357,2201.78857421875,9,0.8181818181818182,0.0745719140023889
75,jogging-suit shortage threatens nation's seniors,A jogging-suit shortage threatens seniors in the nation.,overstatement,0,0.7730783224105835,0.6910886168479919,0.08198970556259155,0.9796849489212036,0.1477219991186121,305.39508056640625,5,0.625,0.1447210191610556
76,baby doesn't realize it's a white supremacist yet,A baby does not realize that it is a white supremacist.,satire,0,0.7848470211029053,0.7866461873054504,-0.001799166202545166,0.9363797903060913,0.04740604259878138,54.06512451171875,8,0.7272727272727273,0.04439006022788854
77,q-tips introduces new multi-speed electric ear swab,Q-tips introduces a new multi-speed electric ear swab.,satire,0,0.8032436966896057,0.8380681276321411,-0.0348244309425354,0.9946180582046509,0.3655552228545123,490.2391662597656,3,0.375,0.36358782592212346
78,"Public education emergency so dire, it might close next Tuesday.",public education emergency is so dire that it could close next week,overstatement,0,0.8225622177124023,0.8196291923522949,0.002933025360107422,0.9444136619567871,0.05637560315259291,147.14547729492188,6,0.5,0.05324188981836286
79,nate silver projects super tuesday results using microscopic electorate grown in petri dish,Nate Silver projects super tuesday results using a microscopic electorate grown in a Petri dish.,overstatement,0,0.8444289565086365,0.8490172624588013,-0.004588305950164795,0.9555450081825256,0.4121183751323027,753.4839477539062,6,0.4,0.39379765613796536
80,buoyant force on area object equal to weight of water displaced,A buoyant force on an area object equal to the weight of water is displaced.,irony,1,0.9051666855812073,0.8611860871315002,0.04398059844970703,0.9037169218063354,0.3040559696901293,123.42236328125,5,0.3333333333333333,0.2747805249852041
81,gop candidates fiercely divided over how much voltage border wall should be electrified with,GOP candidates are divided about how much voltage border wall should be electrified.,irony,1,0.5011372566223145,0.6983233094215393,-0.19718605279922485,0.9757066965103149,0.4637878319059324,129.37753295898438,5,0.35714285714285715,0.45252089335061857
82,employee who likens self to tv's 'house' fired,An employee who likens himself to television's 'house' is fired.,sarcasm,0,0.8690189719200134,0.8157947063446045,0.053224265575408936,0.9430974721908569,0.1186840521952098,117.22686004638672,5,0.5,0.1119306296146701
83,Why did private security treat Standing Rock protesters like jihadists? Perhaps they confused water with weapons.,why did private security treat standing rock protesters like jihadists?,rhetorical_question,1,0.8017868399620056,0.6669676303863525,0.13481920957565308,0.8739505410194397,0.20850333290253842,1444.1265869140625,9,0.5625,0.1822216005945298
84,An 'inquiry'? How bold and decisive. I'm sure Trump is shaking in his boots.,an 'inquiry',irony,1,0.8495911359786987,0.692711353302002,0.15687978267669678,0.6591129302978516,0.0,157.2458953857422,14,1.0,0.0
85,"closeted soldiers getting in last clandestine rendezvous before 'don't ask, don't tell' repealed","Closed soldiers are getting in the last clandestine rendezvous before 'don't ask, don't tell' was repealed.",irony,0,0.8271552324295044,0.7329459190368652,0.09420931339263916,0.9063291549682617,0.4958271734659374,75.22615051269531,5,0.3125,0.4493826231376848
86,"Processing the facts: Ferguson's legacy might be a few changes, or nothing at all, who knows?",processing the facts: ferguson's legacy might be a few changes,understatement,1,0.9744555950164795,0.8533506989479065,0.121104896068573,0.9690394997596741,0.24795364698947964,325.2920227050781,9,0.5625,0.24027687804227216
87,"After a beauty pageant, racism conveniently 'reared its head,' as if it had been napping politely until then.","after beauty pageant, racism'reared its head'",irony,0,0.9044601321220398,0.7606106996536255,0.1438494324684143,0.8960472345352173,0.012930512089935809,2945.070068359375,15,0.8333333333333334,0.011586349599311175
88,Charlottesville Goddam: A Pertinent and Nuanced Analysis of Recent Events,charlottesville goddam: a 'pertinent and nuanced' analysis of recent events,irony,1,0.6630644798278809,0.527383029460907,0.13568145036697388,0.9917252063751221,0.025098621243978974,261.4923095703125,8,0.8,0.024890935332916073
89,Sanders ramps up spending to catch Hillary – proving that campaign finance reform is just a suggestion.,sanders ramps up spending to catch hillary clinton,sarcasm,0,0.9638810753822327,0.7668890357017517,0.19699203968048096,0.812852144241333,0.16783660999022343,1353.98046875,12,0.7058823529411765,0.13642634831274944
90,Don't forget this when overwhelmed—like you have time to remember anything.,don't forget this when you're overwhelmed,rhetorical_question,1,0.9119691848754883,0.909034252166748,0.0029349327087402344,0.8673310875892639,0.08781124185932357,59.07612609863281,8,0.7272727272727273,0.07616141990441101
91,Sixteen states unite to protect women's health by suing over... something about Planned Parenthood.,16 states suing over planned parenthood,satire,0,0.9667981863021851,0.9553012251853943,0.011496961116790771,0.8776780366897583,0.01279742416007842,1239.4005126953125,12,0.8571428571428571,0.011232018111503705
92,report: shopoholism may have killed the shoposauruses,A report indicates that shopoholism may have killed the shoposauruses.,satire,0,0.826125979423523,0.7341843247413635,0.09194165468215942,0.9794223308563232,0.392814650900513,356.8673400878906,5,0.5,0.38473144097949336
93,Trump's Twitter feed: How anti-Muslim videos find a cozy home.,trump's twitter feed: how anti-muslim videos find a cozy home,sarcasm,0,0.9484283924102783,0.94716876745224,0.00125962495803833,0.99131178855896,0.2777619034011791,194.6079559326172,5,0.5,0.2753486492541639
94,forensic evidence shows signs of feeble struggle,Evidence from forensic evidence shows signs of a struggle.,understatement,1,0.6244583129882812,0.6884495615959167,-0.0639912486076355,0.9511275291442871,0.44632361378533286,57.45888900756836,4,0.4444444444444444,0.4245106759783927
95,shitty human being blames decreased daylight this time,A human being is blamed for a decrease in daylight.,sarcasm,0,0.7987675666809082,0.8855845928192139,-0.08681702613830566,0.8062022924423218,0.0446323613785333,133.0228729248047,8,0.8,0.03598271206048769
96,"stock analysts confused, frightened by boar market",Stock analysts are confused and frightened by the boar market.,satire,0,0.6966268420219421,0.5204951763153076,0.17613166570663452,0.9574787616729736,0.05307712171072445,180.7911376953125,6,0.6,0.05082021676875015
97,you the newest subsidiary of kraft foods,You are the newest subsidiary of Kraft foods.,sarcasm,0,0.9559266567230225,0.9264163374900818,0.029510319232940674,0.9731955528259277,0.345720784641941,188.2279510498047,4,0.5,0.33645393013302727
98,nancy pelosi planning to reenergize house by injecting self with blood of young representatives,Nancy Pelosi plans to reenergize the house by injecting himself with blood of young representatives.,sarcasm,0,0.8464553952217102,0.8696916103363037,-0.023236215114593506,0.9448660612106323,0.26518122980477765,151.34085083007812,6,0.4,0.2505607441126318
99,"guests' chairs tilt, spray water at them during first-ever 4d state of the union address",The guests' chairs are tilted and spray water at them during their first state of the union address.,overstatement,0,0.8772854804992676,0.7949572205543518,0.08232825994491577,0.9027553200721741,0.36615107686578496,116.27893829345703,7,0.3888888888888889,0.3305448325907429
100,"Revolutionary coffee pods: packed with protein, because who needs actual food?",revolutionary coffee pods: packed with protein,overstatement,0,0.7778991460800171,0.9589740037918091,-0.181074857711792,0.8970803022384644,0.22083358203177395,690.0174560546875,7,0.6363636363636364,0.19810545651346648
101,Approved catcalls—because nothing says equality like sanctioned harassment.,approved catcalls,sarcasm,0,0.9016767144203186,0.7627062797546387,0.13897043466567993,0.5886231660842896,0.0,178.47903442382812,8,1.0,0.0
102,mom in nightgown mode,A mother is in a nightgown mode.,understatement,0,0.5509873032569885,0.5972731709480286,-0.04628586769104004,0.8827694058418274,0.039281465090051315,137.30104064941406,5,0.7142857142857143,0.034676475598141084
103,area woman quietly satisfied to have concrete evidence backing up years-long hatred of matt lauer,A local woman is satisfied with evidence that supports the years-long hatred of Matt Lauer.,satire,0,0.9461104869842529,0.9440730214118958,0.0020374655723571777,0.9180649518966675,0.07779637090949697,115.83969116210938,11,0.7333333333333333,0.07142212151676264
104,"man captures ross perot, is granted three wishes",A man captured Ross Perot and received three wishes.,satire,1,0.6345614790916443,0.611335813999176,0.02322566509246826,0.936888575553894,0.028517539529041507,328.68011474609375,7,0.7777777777777778,0.026717756987665563
105,Charlize Theron meets the kill club: she's clearly a natural-born killer.,charlize theron meets the kill club,overstatement,1,0.7692555785179138,0.5820051431655884,0.18725043535232544,0.7805583477020264,0.08781124185932357,3100.983154296875,8,0.7272727272727273,0.06854179785537662
106,out-of-control conversation safely turned back onto self,An out-of-control conversation is safely turned back onto self.,irony,1,0.8401597738265991,0.8544855713844299,-0.01432579755783081,0.9517186880111694,0.3549481056010053,120.37205505371094,3,0.3333333333333333,0.3378107453746388
107,"Lakers fan puts on Warriors jersey mid-game: loyalty so strong, it lasts one quarter.",lakers fan puts on 'warriors' jersey mid-game,sarcasm,0,0.7138015031814575,0.553909420967102,0.15989208221435547,0.8330284357070923,0.06462613646424778,243.67335510253906,10,0.7142857142857143,0.0538354093646054
108,"The Olsen twins look better in rags than you ever will, no big deal.",the olsen twins look better in rags than you ever will,sarcasm,0,0.6539262533187866,0.7112796902656555,-0.057353436946868896,0.9777163863182068,0.5166567115811346,259.320556640625,6,0.42857142857142855,0.5051437330141549
109,new liver complains of difficulty working with lou reed,A new liver complains of difficulty working with Lou Reed.,satire,0,0.6897189021110535,0.8368033766746521,-0.14708447456359863,0.9856572151184082,0.6389431042462724,836.9385375976562,3,0.3,0.6297788807504917
110,Healthcare confusion part III: the uninsured and illness; just a tiny bit complicated.,healthcare confusion part III: the uninsured and the illness,understatement,0,0.6305702924728394,0.6765884757041931,-0.04601818323135376,0.9629137516021729,0.3766260962157022,615.58740234375,7,0.5384615384615384,0.36265844725834273
111,"ex-boyfriend hopes to still be terrible, incompatible friends",An ex-boyfriend hopes to remain incompatible with his friends.,sarcasm,0,0.8663487434387207,0.8645977973937988,0.001750946044921875,0.8624517321586609,0.12753431387594827,114.71636199951172,6,0.6666666666666666,0.10999218991197793
112,"These posts highlight the terrible double standard in handling black death, as if we needed more proof of inequality.",these posts highlight the terrible double standard in handling black death,irony,0,0.7695467472076416,0.8382555842399597,-0.06870883703231812,0.8350784182548523,0.3798513017037065,317.4419250488281,10,0.5263157894736842,0.3172056241987779
113,"Miley and Liam kiss on New Year's, and the world is utterly shocked and amazed.",miley and liam kiss on new year's,understatement,0,0.8366180062294006,0.8312773108482361,0.005340695381164551,0.8503169417381287,0.024653236470203323,302.07843017578125,12,0.8,0.020963064639290187
114,entirety of man's personal data protected by reference to third season of 'the west wing',A man's personal data is protected by reference to the third season of 'The West Wing'.,satire,1,0.5037450194358826,0.5320413708686829,-0.028296351432800293,0.957587480545044,0.2829559628326351,55.02804946899414,7,0.4375,0.27095508755410014
115,world doesn't even know who to admire anymore after tom hanks murders 5,The world does not know who to admire after Tom Hanks' murder.,overstatement,1,0.5350092649459839,0.6249434947967529,-0.08993422985076904,0.8848027586936951,0.21586404366478298,58.26896667480469,8,0.6153846153846154,0.19099710133737624
116,"obama delivers whispered, untelevised speech on gun control","President Obama delivered a whispered, untelevised speech on gun control.",irony,0,0.8995845317840576,0.9214838743209839,-0.02189934253692627,0.9623546004295349,0.392814650900513,66.19307708740234,5,0.5,0.3780269864102304
117,Rover encounters minor issue and wisely returns.,ronald reagan encounters minor issue and returns,irony,1,0.8580102920532227,0.5212722420692444,0.33673804998397827,0.3772175908088684,0.41113361690051975,4396.3662109375,4,0.5714285714285714,0.15508683246775032
118,"Addressing sexual assault in college sports is totally a distraction – from what, winning games, obviously.",addressing sexual assault in college sports is totally a distraction,irony,0,0.9508114457130432,0.9654194712638855,-0.014608025550842285,0.9572128653526306,0.48301556221513736,146.25030517578125,7,0.4375,0.46234871031786345
119,The Double meets Christmas: a festive tale of identity and mirrors,the double meets christmas,overstatement,0,0.5733184218406677,0.7855797410011292,-0.21226131916046143,0.7740453481674194,0.013961492464016846,2702.66796875,10,0.9090909090909091,0.010806828295246722
120,candidate to accuse opponent of racism just to see what happens,A candidate is expected to accuse his opponent of racism just to see what happens.,sarcasm,0,0.8185518980026245,0.8667491674423218,-0.048197269439697266,0.9433122873306274,0.4546697236991713,34.7674560546875,5,0.3333333333333333,0.42889553704264965
121,"Progressive prosecutors win primaries in North Carolina, proving the system is totally open to change and not rigged at all.",progressive prosecutors win primaries in north carolina,satire,0,0.9569275975227356,0.9307568669319153,0.026170730590820312,0.8342894315719604,0.06418537663419444,2781.612548828125,16,0.8,0.053549181387374266
122,"surgeon pretty bummed about losing patient, but it not like they were good friends or anything","A surgeon is unhappy about losing a patient, but it is not like they were good friends or anything.",understatement,1,0.760994553565979,0.6730583906173706,0.0879361629486084,0.9036728143692017,0.41682189465797687,41.53776550292969,6,0.3157894736842105,0.3766706146362769
123,"Capitalism is so great, it turns inequality into a fireworks show for society!","capitalism is so great, it turns inequality into a fireworks show for society",overstatement,0,0.9810030460357666,0.985140323638916,-0.004137277603149414,0.9765548706054688,0.8242367502646054,90.2115707397461,2,0.15384615384615385,0.8049124130029238
124,Want to make a difference? Simple: avoid becoming a hedge fund manager—because exploiting markets is so last century.,want to make a difference? simple: avoid becoming a hedge fund manager,satire,1,0.5540696978569031,0.8383677005767822,-0.28429800271987915,0.9226202964782715,0.3221117749959946,99.98860931396484,9,0.5,0.2971868613459468
125,"'the case, mr. kerry, give me the case,' demands malaysian ambassador holding dangling john kerry from petronas towers skybridge",The Malaysian ambassador demands that John Kerry be held dangling from Petronas Towers skybridge.,satire,0,0.6673527956008911,0.7552817463874817,-0.08792895078659058,0.8735209703445435,0.014133460058853627,402.5270080566406,17,0.8947368421052632,0.012345873744935669
126,editors of 'good car' magazine: 'the 2013 hyundai sonata is a good car',The editors of 'Good Car' magazine stated that the 2013 Hyundai sonata is a good car.,satire,0,0.9209281206130981,0.9282915592193604,-0.007363438606262207,0.8937324285507202,0.1892240568795935,90.17011260986328,9,0.5625,0.16911567589521873
127,Man shows up with gun at Alton Sterling memorial – a peaceful and thoughtful tribute.,man shows up with gun at alton sterling memorial,understatement,0,0.7715578079223633,0.5328376293182373,0.23872017860412598,0.9044640064239502,0.23983663471592362,769.3250122070312,9,0.6,0.21692360352240173
128,"In a stunning display of strategic brilliance, the team's secret code was... song lyrics.","in a stunning display of strategic brilliance, the team's secret code was... song lyrics",irony,0,0.945155143737793,0.9380680918693542,0.007087051868438721,0.9915983080863953,0.8385766789076257,167.16787719726562,2,0.14285714285714285,0.8315312160055099
129,college freshman has friend from home visiting way too soon,A college freshman has a friend from home visiting too soon.,overstatement,1,0.5355004668235779,0.5023610591888428,0.03313940763473511,0.9531505703926086,0.3508439695638686,220.8789825439453,4,0.36363636363636365,0.33440712970860836
130,decision to circle parking lot produces carbon emission that finally does it,The decision to circle a parking lot is a result of carbon emissions.,irony,0,0.9689890742301941,0.8574347496032715,0.11155432462692261,0.9525524377822876,0.10120193244194395,92.485595703125,9,0.6923076923076923,0.09640014745585208
131,full-time mom drunk on the job,A full-time mother is drunk on the job.,sarcasm,0,0.8884691596031189,0.9024078845977783,-0.013938724994659424,0.9144025444984436,0.1477219991186121,83.57321166992188,4,0.5,0.13507737187245575
132,unlikely team of allies unite to take on airport gate agent,A team of allies is unlikely to be able to take on an airport gate agent.,satire,1,0.7805959582328796,0.6545383334159851,0.12605762481689453,0.8480049967765808,0.1198091452856599,62.24752426147461,8,0.5,0.10159875386177093
133,How to tell if Hillary keeps trade promises: read her tea leaves or poll results.,how to tell if hillary keeps trade promises,satire,1,0.7738664150238037,0.7023607492446899,0.07150566577911377,0.8724814057350159,0.0720589322653391,1589.3582763671875,10,0.6666666666666666,0.06287007851862736
134,obama to take break from stumping to preside over united states,Obama will take a break from stumping to preside over the United States.,sarcasm,0,0.9138588309288025,0.8704555630683899,0.0434032678604126,0.9541150331497192,0.3955332535877179,32.30106735229492,6,0.46153846153846156,0.3773842233586618
135,freedom-wielding high schooler freedoms down 16 classmates in latest mass freedoming,High schooler freedoms is down 16 classmates in the latest mass freedoming event.,satire,0,0.8472145795822144,0.7894413471221924,0.05777323246002197,0.8779995441436768,0.31170906522700675,1769.4407958984375,5,0.38461538461538464,0.27368041717476355
136,"Dog dreams of something tasty – probably the meaning of life, or just bacon.",dog dreams of something tasty,overstatement,0,0.752023458480835,0.7127435207366943,0.039279937744140625,0.8403607606887817,0.11054202892156728,733.5596923828125,10,0.7142857142857143,0.09289518351260959
137,Nationals win over Braves fan—their primary mission.,the nationals win over a braves fan,irony,0,0.9299669861793518,0.676070511341095,0.25389647483825684,0.878477931022644,0.06985342056580097,2258.9755859375,6,0.8571428571428571,0.061364688373499454
138,Trans in Trumpland: Election Wins = Hope? Let's Not Get Carried Away,trans in trumpland: election wins = hope,sarcasm,0,0.508385181427002,0.9599162340164185,-0.4515310525894165,0.955772340297699,0.019229913610012243,939.1466674804688,10,0.8333333333333334,0.018379419534763974
139,tesla debuts carless driver,Tela introduces a carless driver.,irony,0,0.8157023787498474,0.7953363656997681,0.020366013050079346,0.6422927379608154,0.05372849659117709,719.8905639648438,4,0.8,0.03450942318206547
140,"We're perfectly safe, no improvements needed.","we're perfectly safe, no improvements needed",understatement,1,0.6145097017288208,0.7679746747016907,-0.15346497297286987,0.9782967567443848,0.5081327481546147,361.81976318359375,2,0.3333333333333333,0.49710461951527085
141,Interfaith efforts in the Central African Republic: because who needs practical solutions when you have prayers?,interfaith efforts in the central african republic,rhetorical_question,0,0.8541427850723267,0.9343293309211731,-0.08018654584884644,0.8253448605537415,0.045194893932731,434.68646240234375,13,0.8125,0.03730137343065101
142,"Pope Francis weeps for Rohingya refugees, showing that tears are the new policy.",pope francis weeps for rohingya refugees,irony,0,0.9625459313392639,0.8166462779045105,0.14589965343475342,0.8948391675949097,0.026884686598925595,3929.23974609375,11,0.8461538461538461,0.024057470577232603
143,"area man could have sworn randy newman sang welcome back, kotter theme",A local man could have sworn that Rudy Newman sang a welcome back and a kotter theme.,irony,1,0.8072183132171631,0.5429284572601318,0.26428985595703125,0.8630319833755493,0.16467029855845897,414.50787353515625,10,0.5882352941176471,0.1421157343679507
144,area woman didn't say that; you said that,A local woman didn't say that; you said that.,sarcasm,1,0.703622043132782,0.6895939707756042,0.014028072357177734,0.7396758794784546,0.5873949094699213,105.83541870117188,3,0.3333333333333333,0.4344818462633313
145,Bill Maher: pet causes are the virus infecting Democrats with Trump.,bill maher: pet causes are the virus infecting democrats with donald trump,overstatement,0,0.7290823459625244,0.7952446341514587,-0.06616228818893433,0.9841113686561584,0.43361890903486755,918.7738647460938,5,0.4166666666666667,0.42672929804549375
146,"Immigrant youth bestow the Donald Trump Award on Dianne Feinstein for her... let's say, 'unique' policies.",immigrant youth bestow donald trump award on dianne feinstein for her 'unique' policies,sarcasm,0,0.758493185043335,0.905534029006958,-0.14704084396362305,0.9444791674613953,0.03280132420123097,327.37982177734375,11,0.6875,0.03098016737320994
147,weird birthday boy blowing out candles wishes for john hickenlooper to win democratic primary,A birthday boy blowing candles wishes for John Hickenlooper to win a democratic primary.,sarcasm,0,0.9338834285736084,0.9387153387069702,-0.004831910133361816,0.9458568096160889,0.13912311644176573,186.3120880126953,6,0.42857142857142855,0.13159054706145618
148,14 reasons Pharrell is a fashion icon? Can we have 14 reasons why not?,14 reasons pharrell is a fashion icon,rhetorical_question,0,0.9323318004608154,0.8966341614723206,0.03569763898849487,0.9598498940467834,0.07562380261607854,688.0687866210938,9,0.6428571428571429,0.07258749892845785
149,"Surging battery demand drives business to South America—yay, new colonies for the green revolution!",surging battery demand drives business to south america,sarcasm,0,0.9722475409507751,0.9631301164627075,0.009117424488067627,0.8708711862564087,0.2442008265943985,688.7561645507812,9,0.6428571428571429,0.2126674635410594
150,Spring skiing in Vermont: just a little mud.,spring skiing in venerable,understatement,0,0.6048215627670288,0.5698881149291992,0.03493344783782959,0.7241500616073608,0.06250434473199146,17346.82421875,6,0.75,0.045262525088399334
151,breaking: friend who just got motorcycle already dead,A friend who just got a motorcycle is dead.,overstatement,1,0.6518815755844116,0.8131651878356934,-0.16128361225128174,0.8492485284805298,0.3155984539112945,137.62490844726562,4,0.4444444444444444,0.26802152257489714
152,nasa administrator announces he will open his body up to sexual tourism,The NASA administrator announced that he will open his body to sexual tourism.,satire,0,0.883902907371521,0.9161076545715332,-0.03220474720001221,0.9695886969566345,0.3438931217657843,151.59262084960938,6,0.46153846153846156,0.33343488382523606
153,stolen tour bus leads police on chase of historic downtown philadelphia,A stolen tour bus leads police to a historic downtown Philadelphia.,satire,0,0.5236425995826721,0.7760503888130188,-0.2524077892303467,0.9295896887779236,0.40352786374639904,241.4891357421875,5,0.45454545454545453,0.3751153412732354
154,Preventing madmen from nukes: an innovative idea that's never been considered.,preventing madmen from nukes,sarcasm,0,0.9057600498199463,0.9460725784301758,-0.04031252861022949,0.9153109192848206,0.029524961852386813,216.3151092529297,9,0.8181818181818182,0.02702451997495743
155,"Jack Lew's imminent decision to honor Hamilton and a woman on bills shows how progressive America is, ignoring all other issues.",jack lew's imminent decision to honor hamilton and a woman on bills shows how progressive america is,satire,0,0.9599570631980896,0.9666447639465332,-0.0066877007484436035,0.9472194314002991,0.4453706917206019,539.791259765625,9,0.42857142857142855,0.4218637733739464
156,temp replaced with cheaper temp,The temp is replaced with a cheaper temp.,irony,1,0.6716068387031555,0.8223716020584106,-0.15076476335525513,0.9059548377990723,0.06985342056580097,220.92543029785156,4,0.5,0.06328404429840061
157,Trump fires campaign manager; shocker that it didn't happen sooner.,donald trump fires campaign manager,sarcasm,0,0.8180193305015564,0.9231444597244263,-0.10512512922286987,0.7697858810424805,0.0417991745584234,1134.9671630859375,9,0.9,0.03217641441430439
158,vacationing bush accepts republican nomination via live satellite feed,A vacationing President Bush accepts a Republican nomination via a live satellite feed.,sarcasm,0,0.9113295674324036,0.9577104449272156,-0.04638087749481201,0.935944139957428,0.051424016050282635,311.20172119140625,7,0.5384615384615384,0.04813000647533875
159,"The iPhone Graveyard: where old phones go to die, and Apple introduces a new one.",the ipod graveyard: where old phones go to die,satire,1,0.9289078116416931,0.5447544455528259,0.3841533660888672,0.8532164096832275,0.22915018394588088,560.1531982421875,10,0.6666666666666666,0.19551469722455564
160,study finds having it all leading indicator that everything will come crashing down,A study finds that having it all is a leading indicator that everything will crash down.,irony,0,0.6257810592651367,0.6193348169326782,0.006446242332458496,0.7925311326980591,0.33649324423301513,104.9235610961914,7,0.4375,0.2666813719972361
161,"Ted Cruz champions states' rights on marijuana, proving once again that principles are flexible.",teddy craig champions states' rights on marijuana,sarcasm,0,0.9525688290596008,0.9125707745552063,0.03999805450439453,0.6624893546104431,0.15124760523215708,2832.579833984375,10,0.7142857142857143,0.10019992837662682
162,horatio sanz sweeps latin emmys,Horatio Sanz has swept Latin emmys.,sarcasm,0,0.8505347371101379,0.83260577917099,0.01792895793914795,0.9590089321136475,0.0,2947.854736328125,6,1.0,0.0
163,"Iranian jail so welcoming, professor ends up hospitalized after months.",the iranian jail is so welcoming that a professor ends up hospitalized,sarcasm,0,0.9648805856704712,0.9763443470001221,-0.011463761329650879,0.9601871967315674,0.23462350320528,651.001708984375,8,0.6666666666666666,0.22528248383001773
164,acid trip better planned than vacation,A acid trip is better planned than a vacation.,overstatement,0,0.6705572605133057,0.6820700764656067,-0.011512815952301025,0.9703940153121948,0.14923729480049117,131.7477264404297,4,0.4444444444444444,0.14481897773577837
165,Trump sends fundraising email? The billionaire needs your spare change.,donald trump sends fundraising email to billionaire,sarcasm,0,0.8270114064216614,0.9622789621353149,-0.13526755571365356,0.8737835884094238,0.05035983350735684,520.954833984375,8,0.8,0.0440035960337594
166,Siri's new thing: because privacy is overrated.,siri's new thing,irony,0,0.9113420248031616,0.8438323140144348,0.0675097107887268,0.7380442023277283,0.029950417327249696,1133.190185546875,6,0.8571428571428571,0.022104731865672574
167,dog meets owner at door in desperate attempt to get ahead of diarrhea-rug scandal,A dog meets the owner at the door in a desperate attempt to avoid the diarrhea-rug scandal.,satire,0,0.8147453665733337,0.8125110864639282,0.0022342801094055176,0.8930551409721375,0.09672649511413096,184.68634033203125,8,0.47058823529411764,0.08638209372989099
168,u.s. improves infrastructure with transnational power strip,The U.S. has implemented a transnational power strip to improve infrastructure.,irony,0,0.9511323571205139,0.9620150923728943,-0.010882735252380371,0.9457387328147888,0.09329460218997072,78.67027282714844,8,0.7272727272727273,0.08823231885360273
169,"Five reasons to love Bibhu Mohapatra: 1. He's a designer. 2. ... that's all, folks.",5 reasons to love bibhu mohapatra,sarcasm,1,0.5734926462173462,0.5496840476989746,0.023808598518371582,0.902256965637207,0.04508379481408805,560.1572265625,12,0.8,0.04067716790836953
170,"Beyoncé, me, and that HBCU I didn't attend. What a dream team.","beyoncé, me, and that HBCU I didn't attend",sarcasm,1,0.5048244595527649,0.8258382678031921,-0.32101380825042725,0.8741301894187927,0.41266825715677186,169.12161254882812,6,0.5,0.3607257817955721
171,How a Broken Taillight Leads to Death: America's Justice System in Action,how a broken taillight leads to death,irony,1,0.6984197497367859,0.7063069939613342,-0.00788724422454834,0.652768075466156,0.019229913610012243,67.71415710449219,10,0.8333333333333334,0.012552673698588132
172,"Legionnaires' disease kills seven and sickens 86 in NYC. But hey, at least it's not *everyone*.",london Legionnaires' disease kills seven and sickens 86 in nyc,understatement,0,0.5558069944381714,0.5274555683135986,0.028351426124572754,0.857525110244751,0.41700666580507684,290.2262878417969,9,0.5625,0.35759368706729455
173,mom reports that hometown actually has a lot going on now,A mother reports that her hometown has a lot going on.,irony,0,0.886894941329956,0.6718170046806335,0.2150779366493225,0.8216626644134521,0.28997844147152074,77.92774200439453,6,0.5454545454545454,0.23826445884195002
174,The Weather Channel offers an escape from election drama. Because nothing says 'escape' like a hurricane warning.,the weather channel offers an escape from the election drama,irony,0,0.9518454074859619,0.974951982498169,-0.02310657501220703,0.8066751956939697,0.13793247918215468,357.8125305175781,13,0.7647058823529411,0.11126670963681903
175,giant bass hates having picture taken,A giant bass has a dislike of having a picture taken.,irony,1,0.6039188504219055,0.5046963095664978,0.09922254085540771,0.922633171081543,0.04740604259878138,213.20175170898438,7,0.6363636363636364,0.043738387411340375
176,One student transforms black identity for all high schoolers.,one student transforms black identity for all high schoolers,overstatement,0,0.8841116428375244,0.9105482697486877,-0.02643662691116333,0.9818180799484253,0.7259795291154771,701.8301391601562,2,0.2222222222222222,0.7127798273580197
177,These Sikh bhangra dancers will cure your winter blues. Nothing like energetic dancing to forget about snow.,these sikh bhangra dancers will cure your winter blues,irony,0,0.7427338361740112,0.6666900515556335,0.07604378461837769,0.9036068916320801,0.24148526666444137,1030.2607421875,11,0.6470588235294118,0.21820775118559982
178,Theory versus truth: the eternal battle where theory always wins in academia.,theory versus truth,irony,1,0.9402658343315125,0.6207258105278015,0.31954002380371094,0.6956334114074707,0.006727229448604617,1536.1883544921875,11,0.9166666666666666,0.004679685570653628
179,"Guardian cuts costs, because journalism is swimming in cash.",'guardian' cuts the cost of journalism in the u.s.,sarcasm,0,0.9688337445259094,0.948552131652832,0.020281612873077393,0.8701615929603577,0.03155984539112946,85.76868438720703,8,0.8888888888888888,0.027462165339127813
180,37-year-old makes absolutely heartbreaking last-ditch effort to get really into new band,A 37-year-old performs a last-ditch effort to join a new band.,overstatement,0,0.831623375415802,0.8253083825111389,0.006314992904663086,0.820469856262207,0.09679153739649397,23.989578247070312,8,0.6666666666666666,0.07941453877509945
181,"Fyre Festival co-founder has a history of failing his customers, which is barely worth mentioning.",fyre festival co-founder has a history of failing his customers,understatement,0,0.5645669102668762,0.726911723613739,-0.1623448133468628,0.8743066787719727,0.38753858253732953,168.53636169433594,8,0.5333333333333333,0.33882757099421057
182,man's heart stops as speaker asks audience to turn to person next to them,A man's heart stops as the speaker asks the audience to turn to a person next to them.,overstatement,0,0.6822103261947632,0.8269408345222473,-0.14473050832748413,0.9525853395462036,0.3552738958526932,45.269832611083984,5,0.2777777777777778,0.33842870471274034
183,flock of suicidal geese drinking up the courage to down jetliner,A flock of suicidal geese is drinking up the courage to down a jetliner.,satire,0,0.9177761673927307,0.7939306497573853,0.12384551763534546,0.9401135444641113,0.5316967153331754,218.182861328125,4,0.2857142857142857,0.49985528363179715
184,Still just a promise? Historic indeed.,it's still just a promise,sarcasm,1,0.793151319026947,0.8494754433631897,-0.056324124336242676,0.6924511194229126,0.09302577375697234,102.49604034423828,5,0.8333333333333334,0.0644158011731981
185,housing crisis vindicates guy who still lives with parents,The housing crisis is a symptom of a man who still lives with his parents.,irony,0,0.9496471285820007,0.8083522915840149,0.14129483699798584,0.8815229535102844,0.195647514979229,25.306926727294922,9,0.6,0.17246777525143756
186,CNN cuts ties with Kathy Griffin; because controversy is bad for ratings.,cnn cuts ties with jennifer graham,irony,0,0.8871446251869202,0.7710517048835754,0.11609292030334473,0.6008517146110535,0.0743306114738671,519.0017700195312,9,0.75,0.04466167535216109
187,"An argument between grandmas ends in a shootout at Walmart. Just your average Tuesday in Texas, promoting family values.",an argument between grandmas ends in a shootout at walmart,satire,0,0.9731689095497131,0.7899514436721802,0.18321746587753296,0.8022501468658447,0.30892613617413284,381.8614501953125,11,0.5789473684210527,0.247836038116396
188,kinko's patron pulls the old copy-key switcheroo,Kinko's patron removed the old copy-key switcheroo.,satire,0,0.536006510257721,0.5010959506034851,0.03491055965423584,0.9096353054046631,0.17567205239427922,203.13404846191406,3,0.42857142857142855,0.15979750103073415
189,Let's talk about solar power and equity? Because nothing says equal access like high-cost renewable energy.,let's talk about solar power and equity,sarcasm,0,0.689110279083252,0.7104099988937378,-0.02129971981048584,0.8550531268119812,0.16996005791513966,189.85853576660156,11,0.6875,0.1453248789534856
190,"Jeff Sessions mocks Pacific islands while a poet schools him on resistance – poetry vs. politics, who wins?",jeff sessions mocks the pacific islands while a poet schools him on resistance,irony,0,0.520226240158081,0.9110336899757385,-0.39080744981765747,0.906033992767334,0.39214780728411563,1804.9913330078125,10,0.5555555555555556,0.3552992435885823
191,historic senator robert byrd imploded in controlled demolition,Senator Robert Byrd was imploded in a controlled demolition.,overstatement,0,0.8384920954704285,0.6842474341392517,0.15424466133117676,0.9697365760803223,0.056122223243057295,221.59518432617188,6,0.6666666666666666,0.05442377260973786
192,tinder announces app will no longer match users solely with distant relatives,tinder announces that the app will not match users solely with distant relatives.,satire,0,0.5894149541854858,0.6942695379257202,-0.10485458374023438,0.9303668737411499,0.3706866381788037,270.3100891113281,5,0.38461538461538464,0.34487456870003036
193,How to become a person of influence: 1. Be born influential. 2. Done.,how to become a person of influence,understatement,1,0.8823680877685547,0.5089226365089417,0.37344545125961304,0.9138887524604797,0.260899397956404,48.49346160888672,8,0.6153846153846154,0.23843302531606828
194,local child amuses cafébut for how long?,A local child amuses a café for a long time.,understatement,0,0.8789495825767517,0.8880274295806885,-0.009077847003936768,0.8202050924301147,0.1122444464861146,176.00277709960938,6,0.6,0.0920634666049107
195,"Man claiming to be Boko Haram leader appears. A shocking development, truly unexpected and unprecedented.",man claiming to be boko haram leader appears,sarcasm,0,0.7912352681159973,0.8493431210517883,-0.058107852935791016,0.7977825403213501,0.06157969090353148,923.1266479492188,11,0.7333333333333333,0.04912720224122288
196,drunk guy knows all the lyrics to this song,A drunk man knows all the lyrics to this song.,understatement,0,0.5512444972991943,0.5530951619148254,-0.0018506646156311035,0.9165334105491638,0.537284965911771,69.70222473144531,3,0.3,0.4924396222439067
197,auto industry agrees to install brakes in suvs,The auto industry has agreed to install brakes in suvs.,sarcasm,0,0.9626680016517639,0.96893310546875,-0.006265103816986084,0.9701563715934753,0.31239399369202553,205.02688598632812,4,0.4,0.3030710234278505
198,A 17-year-old wins the first U.S. gold—because nothing beats youthful exuberance in a sport nobody watches.,a 17-year-old wins the first u.s. gold,irony,0,0.9393777847290039,0.9128836989402771,0.026494085788726807,0.9275705218315125,0.12017990948265363,49.71420669555664,12,0.75,0.11147534135248896
199,dean mentions he'd make a great secretary of health and human services,Dean mentioned that he would be a great secretary of health and human services.,irony,0,0.9168856739997864,0.9556587338447571,-0.0387730598449707,0.972071647644043,0.4324227075463215,22.341854095458984,7,0.5,0.4203458538032509
200,islamic fundamentalists condemn casual day,Islamic fundamentalists condemn a casual day.,satire,0,0.9440575838088989,0.9466574192047119,-0.0025998353958129883,0.9775780439376831,0.09554427922043669,1186.5621337890625,3,0.5,0.09340198958975032
201,pediatricians announce 2011 newborns are ugliest babies in 30 years,Pediatricians announce that 2011 newborns are the ugliest babies in 30 years.,overstatement,0,0.9641368985176086,0.9691632390022278,-0.005026340484619141,0.9722076654434204,0.317023313852343,61.884422302246094,4,0.3333333333333333,0.30821249585152316
202,Trevor Noah skillfully highlights the profound wisdom in Republican conspiracy theories.,trevor noah highlights the profound wisdom of republican conspiracy theories,sarcasm,0,0.9427712559700012,0.9554574489593506,-0.012686192989349365,0.9586348533630371,0.2513293635022765,725.2064208984375,6,0.5454545454545454,0.24093308752683032
203,The Norwegian curling team should win gold for their pants: fashion is more important than curling.,norwegian curling team should win gold for their pants,overstatement,0,0.9473337531089783,0.8033723831176758,0.1439613699913025,0.9202932715415955,0.33353374339709213,784.049072265625,9,0.5625,0.3069488598804249
204,"Invite customers to the boardroom, they'll love discussing quarterly reports.",invite your customers to the boardroom,irony,0,0.9570327401161194,0.8424499034881592,0.1145828366279602,0.6534603238105774,0.10373672493717558,77.45629119873047,8,0.8,0.06778783386849555
205,Rolling Stone reporter nostalgically recalls when her UVA rape story came crashing down— such a memorable moment.,rolling stone reporter nostalgically recalls when her u.s. rape story came crashing down,sarcasm,0,0.8955707550048828,0.9304777979850769,-0.03490704298019409,0.8232147097587585,0.3561226200547428,301.5729675292969,8,0.47058823529411764,0.29316537930689374
206,taylor swift inspires 200 million fans to register to vote in tennessee,Taylor Swift encourages 200 million fans to register to vote in Tennessee.,overstatement,0,0.877531111240387,0.9531575441360474,-0.0756264328956604,0.9755275845527649,0.6132297420585351,161.3723602294922,4,0.3333333333333333,0.5982225290462778
207,report: middle class running dangerously low on things to be squeezed out of,A report indicates that the middle class is very low on things to be squeezed out of.,sarcasm,0,0.8351300954818726,0.8098863363265991,0.025243759155273438,0.8367012143135071,0.38538569180303145,51.84971618652344,8,0.47058823529411764,0.3224526763106474
208,"World to brace for endless Chinese market drama, yay.",world to brace for endless chinese market drama,sarcasm,0,0.9892362952232361,0.7335337400436401,0.25570255517959595,0.951505184173584,0.32260135189272865,1155.07763671875,4,0.4444444444444444,0.30695685874733797
209,nation admits it probably going to come out of this having learned completely wrong lessons,The nation admits it will come out of this after learning completely wrong lessons.,satire,0,0.5883761644363403,0.8406173586845398,-0.25224119424819946,0.8728916645050049,0.2668064899634279,202.11048889160156,7,0.4666666666666667,0.23289316112491443
210,shark attack claims life of some guy on tv,A shark attack claimed the life of a person on television.,understatement,0,0.6758068203926086,0.5219481587409973,0.15385866165161133,0.9096561670303345,0.059609942732681,37.63602066040039,6,0.5454545454545454,0.05422455202310834
211,"'star wars' gopro video 'shows' what it's like to be a jedi, if you think waving a stick around equals mastering the Force",'star wars' gopro video'shows' what it's like to be a jedi,sarcasm,0,0.8954681754112244,0.5806552767753601,0.31481289863586426,0.8641287088394165,0.19742441431210878,254.6895294189453,14,0.6086956521739131,0.1706001042329006
212,"woman longs for caress of boyfriend's dry, cracked, bleeding hands","A woman seeks care of her boyfriend's dry, cracked and bleeding hands.",irony,0,0.5585372447967529,0.8741077184677124,-0.3155704736709595,0.7762319445610046,0.045293761707938834,165.6785888671875,8,0.6666666666666666,0.03515846472703613
213,"Abused dog sees rescuer for first time. Cute, I suppose.",abandoned dog sees rescuer for first time,understatement,1,0.742672860622406,0.7250608205795288,0.017612040042877197,0.8014050722122192,0.4004970149398301,265.1030578613281,5,0.5,0.32096033917863276
214,"Exclusive: Former Congressman fired for misconduct—because politicians never do anything wrong, right?",former congressman fired for misconduct,sarcasm,0,0.8324083089828491,0.7668431401252747,0.06556516885757446,0.8440172672271729,0.028018824614254093,1993.4334716796875,10,0.8333333333333334,0.023648371781840184
215,Obamacare enrollees eagerly await the Supreme Court's life-or-death decision on their coverage.,obamacare enrollees eagerly await supreme court's life-or-death decision,overstatement,0,0.9313507080078125,0.9029499292373657,0.028400778770446777,0.9482439756393433,0.1048451277926229,99.7974624633789,7,0.5833333333333334,0.09941876080449173
216,Brave adventurer embarks on a perilous journey to... cross a designated geopolitical boundary. The world holds its breath.,brave adventurer embarks on dangerous journey to cross a designated geopolitical boundary,overstatement,0,0.625032901763916,0.5840173363685608,0.041015565395355225,0.8978530764579773,0.19228435969514684,311.55792236328125,10,0.5555555555555556,0.17264310390703988
217,13 t-shirt slogans that might just mildly encourage a few passersby.,13 t-shirt slogans that might just encourage a few passersby,understatement,0,0.7632067203521729,0.7446325421333313,0.018574178218841553,0.9763615727424622,0.5954165059120786,145.8048095703125,2,0.18181818181818182,0.5813417961491386
218,missing park ranger found in better-paying job,A missing park ranger was found in a better-paying job.,irony,0,0.912451446056366,0.8220974206924438,0.09035402536392212,0.9386448860168457,0.13747081017605653,61.61200714111328,4,0.4,0.12903627294834802
219,"The 10 most crushworthy leading women in YA, a list that absolutely won't ignore the 200 other amazing characters because they weren't love interests.",the 10 most crushworthy leading women in YA,satire,0,0.5660022497177124,0.6634811162948608,-0.09747886657714844,0.8206599950790405,0.09569649651041093,536.5169067382812,18,0.75,0.07853428635531524
220,male gaze falls on buffalo chicken bites,A male gaze falls on buffalo chicken bites.,satire,0,0.7102116942405701,0.6330642104148865,0.0771474838256836,0.9765905737876892,0.6803749333171202,1670.262939453125,2,0.25,0.6644477465189271
221,The amazing things that happened when I started yoga at 85—because nothing says 'ageless' like not dying during downward dog.,the amazing things that happened when i started yoga at 85,understatement,0,0.672003448009491,0.7946919798851013,-0.12268853187561035,0.7612840533256531,0.20704734310042092,221.98924255371094,12,0.6,0.15762184058579562
222,Ex-counterterrorism chief courageously labels Trump a 'coward' for firing Comey – from the safety of his desk.,ex-counterterrorism chief labels donald trump a 'coward' for firing comey,sarcasm,0,0.8758431673049927,0.877855658531189,-0.002012491226196289,0.9236178398132324,0.14436497957551314,355.16143798828125,12,0.7058823529411765,0.13333807058021688
223,"Rubio's opponents finally remember his immigration stance, better late than never.",robio's opponents finally remember his immigration stance,sarcasm,0,0.8331618309020996,0.9439356327056885,-0.11077380180358887,0.8188166618347168,0.34718201116725705,1162.1702880859375,6,0.5454545454545454,0.2842784154330368
224,nicole richie's beautiful figure ruined by pregnancy,Nicole Richie's beautiful figure is ruined by her pregnancy.,sarcasm,0,0.8204811215400696,0.8020914793014526,0.018389642238616943,0.9573616981506348,0.07171781507224269,180.20982360839844,5,0.5555555555555556,0.06865988922521545
225,CC Sabathia opens up post-rehab—the world eagerly awaits his profound life lessons.,css sabagathia opens up after rehab,sarcasm,0,0.613433837890625,0.833842396736145,-0.22040855884552002,0.4248541295528412,0.031760504460270234,2853.685302734375,10,0.8333333333333334,0.01349358147662724
226,nasa designers release flirty new space skirt,NASA designers have released a flirty new space skirt.,satire,0,0.945600152015686,0.9540502429008484,-0.008450090885162354,0.9717541337013245,0.12753431387594827,388.5294494628906,5,0.5555555555555556,0.12393199669771492
227,"charles krauthammer has ashes spread over prosperous, liberated iraq","Charleskrauthammer has ashes spread over a prosperous, liberated Iraq.",sarcasm,0,0.9039947986602783,0.7977796196937561,0.10621517896652222,0.8813672661781311,0.3549481056010053,391.4734802246094,4,0.4444444444444444,0.31283964146866466
228,cnn anchor interviews al jazeera anchor who interviewed libyan rebels,CNN anchor interviews Al Jazeera anchor who interviewed Libyan rebels.,irony,0,0.9283446669578552,0.9092913269996643,0.019053339958190918,0.9909535646438599,0.13134549472120793,453.0195617675781,5,0.5,0.13015728619389227
229,alpha-bits now available in serif font,Alpha-bits are now available in a serif font.,satire,0,0.5174557566642761,0.7119246125221252,-0.19446885585784912,0.9338890314102173,0.1477219991186121,108.71784973144531,4,0.5,0.13795595467486163
230,Trump turns FBI email news into a Clinton attack ad—because nothing says 'presidential' like petty politics.,donald trump turns fbi email news into a hillary clinton attack ad,sarcasm,0,0.9543355703353882,0.9583339095115662,-0.0039983391761779785,0.8713926076889038,0.16811508624309293,604.6087646484375,12,0.75,0.1464942433932137
231,Disturbing ad shows how Trump is teaching students to hate – because nothing fosters patriotism like division.,disturbing ad shows how trump is teaching students to hate,sarcasm,0,0.9640400409698486,0.9684896469116211,-0.004449605941772461,0.8384964466094971,0.260896969591056,171.91363525390625,9,0.5294117647058824,0.21876118193328647
232,"HuffPost seeks editors to make sure 'voices' are heard, preferably ones that don't contradict the owner's views.",huffpost seeks editors to make sure 'voices' are heard,satire,0,0.823032021522522,0.9054065346717834,-0.08237451314926147,0.9414082765579224,0.2984591070759932,117.85150146484375,10,0.5882352941176471,0.2809718736154272
233,hershey's unveils some new chocolate bullshit for you to cram into your fat maw,Hershey's has introduced a new chocolate bullshit for you to cram into your fat maw.,sarcasm,0,0.868325412273407,0.8447462916374207,0.023579120635986328,0.9514971375465393,0.6262844962765469,106.6270523071289,5,0.3333333333333333,0.5959079054969106
234,"Prince opens LGBTQ center on royal land—royalty embracing progress, how quaint.",prince opens lgbtq center on royal land,irony,0,0.969660758972168,0.9136954545974731,0.055965304374694824,0.9417303204536438,0.09920519151734605,2063.614990234375,7,0.6363636363636364,0.0934245367982954
235,john deere unveils new line of lawnmower sidecars,John Deere unveils a new line of lawnmower sidecars.,overstatement,0,0.9166204929351807,0.9107580184936523,0.00586247444152832,0.9672231674194336,0.3155984539112945,84.41231536865234,4,0.4444444444444444,0.3052541362247584
236,"You'll want to get inked after seeing this work, unless you have taste or common sense.",you'll want to get inked after seeing this work,sarcasm,1,0.9380906224250793,0.8480321168899536,0.09005850553512573,0.8996569514274597,0.33353374339709213,84.76496124267578,9,0.5625,0.3000659507828165
237,steve king vehemently denies comparing immigrants to people,Steve King vehemently denied comparing immigrants to people.,irony,0,0.7679939866065979,0.8173847794532776,-0.04939079284667969,0.9625086784362793,0.1477219991186121,662.0974731445312,4,0.5,0.14218370614762055
238,dancing costumed midgets celebrate death of deng xiaoping,Danced midgets celebrate the death of Deng Xioping.,sarcasm,0,0.940534770488739,0.9377391338348389,0.0027956366539001465,0.8696026802062988,0.08307018474412793,717.7095947265625,5,0.625,0.07223805529872604
239,oddsmakers say oakland raiders a long shot to finish season,The oddsmakers say Oakland raiders are a long shot to finish the season.,sarcasm,1,0.8246578574180603,0.8611143827438354,-0.036456525325775146,0.954211950302124,0.3438931217657843,98.54015350341797,5,0.38461538461538464,0.3281469264156148
240,zuckerberg wishes old people would stop commenting on facebook,Zuckerberg wishes that older people would stop commenting on Facebook.,satire,0,0.8971776962280273,0.8909937143325806,0.006183981895446777,0.964494526386261,0.4111336169005197,95.54373931884766,4,0.4,0.3965361231139372
241,"A brilliant analysis linking climate change to a singer's preferences, truly groundbreaking science.",a brilliant analysis linking climate change to a singer's preferences,satire,0,0.9369795322418213,0.9456561207771301,-0.008676588535308838,0.9375193119049072,0.5629001206548859,563.260986328125,5,0.38461538461538464,0.5277297337875579
242,wistful kim jong-un stumbles onto childhood drawings he made of nuclear attacks on west,Kim Jong-un stumbles on childhood drawings he made of nuclear attacks on the West.,irony,0,0.7213960289955139,0.8131573796272278,-0.09176135063171387,0.9701288342475891,0.5296074933406222,77.61808776855469,6,0.42857142857142855,0.5137875001233256
243,Because what the world needs is another podcast where robots discuss their butler problems.,this is what the world needs: a podcast about robots,satire,0,0.9542198777198792,0.9145940542221069,0.03962582349777222,0.7387261390686035,0.08326641844001931,75.28633117675781,10,0.7142857142857143,0.061511079808266235
244,"man returns to work after vacation with fresh, reenergized hatred for job","A man returned to work after a vacation with a fresh, reenergized hatred for his job.",sarcasm,0,0.898628294467926,0.849799394607544,0.04882889986038208,0.9412866234779358,0.25336549464486463,59.72400665283203,6,0.375,0.23848955096008165
245,rnc taps dennis hastert to lead new youth outreach program,The RNC is partnering with Ronald Hastert to lead a new youth outreach program.,sarcasm,0,0.7146499752998352,0.7613387107849121,-0.046688735485076904,0.8696721792221069,0.0888917558917174,121.40387725830078,9,0.6428571428571429,0.07730668706122944
246,open-minded voter waits almost 5 minutes into debate to decide who won,An open-minded voter waits almost five minutes into the debate to decide who won.,sarcasm,0,0.9504380226135254,0.9342934489250183,0.01614457368850708,0.9666358828544617,0.39073802494525,71.51470947265625,4,0.2857142857142857,0.3777013957077604
247,creepy weirdo still stalking you on facebook,A creepy weirdo is still stalking you on Facebook.,sarcasm,0,0.5289686322212219,0.5136101245880127,0.015358507633209229,0.9577523469924927,0.3549481056010053,89.02619934082031,3,0.3333333333333333,0.33995238119990195
248,friend takes liberty of ordering $40 worth of appetizers for entire table,A friend ordered $40 worth of appetizers for the entire table.,sarcasm,1,0.5026073455810547,0.7019174098968506,-0.1993100643157959,0.9144377708435059,0.34846944887433073,56.85398483276367,7,0.5833333333333334,0.318653626035708
249,"'chapter 1: clark,' reports awful manuscript",The book 'Chapter 1: Clark' contains an awful manuscript.,satire,1,0.7580580115318298,0.8941927552223206,-0.13613474369049072,0.9151245355606079,0.028517539529041507,311.98040771484375,7,0.7777777777777778,0.026097100116845386
250,adorable 23-year-old yelling about economic injustice must have just read howard zinn for first time,A 23-year-old yelling about economic injustice must have read Howard Zinn for the first time.,sarcasm,0,0.9123989939689636,0.9024268388748169,0.009972155094146729,0.9320093393325806,0.4374811431224644,51.59113311767578,6,0.4,0.40773651117203014
251,jennifer aniston finally reveals hairstyle that repulsed brad pitt,Jennifer Annonston has revealed a hairstyle that has reshaped Brad Pitt.,satire,0,0.5917742252349854,0.7924690246582031,-0.20069479942321777,0.7687467336654663,0.03986357128268015,251.42132568359375,9,0.8181818181818182,0.03064499021580085
252,TPP: perfectly clear and not controversial at all.,"tpa: clear, not controversial",sarcasm,1,0.6648604273796082,0.9043548107147217,-0.23949438333511353,0.7842157483100891,0.06250434473199146,1231.5252685546875,6,0.75,0.04901689147663046
253,Mike Pence left out in the cold – guess he didn't convert the VIPs.,mike pence left out in the cold,sarcasm,1,0.7044609189033508,0.8592121601104736,-0.1547512412071228,0.7281583547592163,0.22616792214653433,215.7679901123047,9,0.6428571428571429,0.16468606208953096
254,Apple slightly encourages wearable tech with a minor product update,apple releases a product update to encourage wearable tech,understatement,0,0.9608911871910095,0.9740773439407349,-0.013186156749725342,0.9100556969642639,0.067857774292396,460.8316650390625,10,1.0,0.061754354078110155
255,"Google's expansion in Boulder has its critics? Shocking, a tech giant facing opposition—truly unprecedented.",google's expansion in california has its critics,sarcasm,0,0.8985661268234253,0.8254077434539795,0.0731583833694458,0.6830816268920898,0.036341947221237444,173.66030883789062,10,0.7142857142857143,0.02482451643230934
256,"'someone in this room tonight will be murdered by an illegal immigrant,' announces trump just before lights go out",Trump announces that some people in this room tonight will be murdered by an illegal immigrant.,sarcasm,0,0.5970970392227173,0.7735266089439392,-0.17642956972122192,0.8939797878265381,0.4948287591444212,64.90038299560547,13,0.6842105263157895,0.4423669091103988
257,"$85,000 in fertility treatments result in miracle","$85,000 in fertility treatments results in a miracle.",overstatement,0,0.9793638586997986,0.97867351770401,0.0006903409957885742,0.9681355357170105,0.3655552228545123,172.6997528076172,3,0.375,0.35390700151240445
258,How my obsession with gore and death actually makes my life better – who needs happiness when you have morbidity?,how my obsession with gore and death actually makes my life better,irony,0,0.5944552421569824,0.9721036553382874,-0.37764841318130493,0.8656145930290222,0.4639247374454443,104.07075500488281,9,0.45,0.40158002279993427
259,poll: majority of americans ready to give up on u.s. if someone else goes first,A poll indicates that most Americans are ready to give up on the U.S. if someone else goes first.,irony,0,0.5734749436378479,0.5349439978599548,0.038530945777893066,0.9434407949447632,0.3174747571129314,22.2572078704834,10,0.5263157894736842,0.2995186372255196
260,Groundbreaking queer comedy is back? Because we needed more groundbreaking content.,groundbreaking queer comedy is back,satire,0,0.8883519768714905,0.920758068561554,-0.03240609169006348,0.8398110866546631,0.08606445183091939,1775.9757080078125,8,0.7272727272727273,0.07227788081446232
261,area man absolutely determined to use wheelbarrow this weekend,A local man is determined to use Wheelbarrow this weekend.,overstatement,0,0.6838618516921997,0.6574018597602844,0.026459991931915283,0.8916686773300171,0.1186840521952098,94.61180877685547,5,0.5,0.10582685184106944
262,plan to live in storage facility voiced,A plan to live in a storage facility has been voiced.,understatement,0,0.5947443842887878,0.7161153554916382,-0.12137097120285034,0.9600588083267212,0.2790159393585827,91.91366577148438,5,0.45454545454545453,0.26787171024476164
263,"Oh, Bobby Berk's desk makeover was 'incredible'—now my office looks like a Pinterest fail.",bobby berk's desk makeover was 'incredible',sarcasm,0,0.9537360072135925,0.9317742586135864,0.021961748600006104,0.785618007183075,0.05326021045512112,487.2458801269531,11,0.7857142857142857,0.04184218039990342
264,Jenner calls out Kimmel for jokes—because nothing says 'respect' like suing for comedy.,jenner calls out kimmel for jokes,sarcasm,0,0.9186180830001831,0.882345974445343,0.03627210855484009,0.8539336919784546,0.029752796575840495,607.4960327148438,10,0.7692307692307693,0.025406915426691396
265,Boy George opens up about happiness and U.S. politics—because we all need his political analysis.,boy george opens up about happiness and u.s. politics,satire,0,0.9573367834091187,0.9456467032432556,0.011690080165863037,0.9111685156822205,0.22915018394588088,221.66989135742188,10,0.6666666666666666,0.20879443297427608
266,"india continues surge towards status as first world nation by reelecting racist, right-wing authoritarian","India continues to become the first world nation by reelection of a racist, right-wing authoritarian.",sarcasm,0,0.9745535254478455,0.9422891736030579,0.0322643518447876,0.8581377863883972,0.20333448190047881,82.25971984863281,9,0.6,0.1744890021945085
267,high-school teacher constantly using janitor as example,A high-school teacher uses janitor as an example.,sarcasm,0,0.8988562226295471,0.8845244646072388,0.01433175802230835,0.8715724349021912,0.08307018474412793,93.86962127685547,5,0.625,0.07240168318521444
268,Oxford's Word of the Year gently whispers what we're all screaming inside.,oxford's word of the year whispers what we're all screaming inside,satire,1,0.5538710355758667,0.5238006114959717,0.03007042407989502,0.9600867033004761,0.36846158142668817,393.4888916015625,5,0.4166666666666667,0.35375506500482895
269,dad's been on a parenting kick lately,A father has been on a parenting kick lately.,sarcasm,0,0.9544214606285095,0.9456403255462646,0.008781135082244873,0.9145393371582031,0.44632361378533286,107.12168884277344,4,0.4444444444444444,0.40818050190929217
270,Clinton celebrates flag removal on MLK Day: nothing says 'civil rights' like symbolic gestures.,hillary clinton celebrates 'civil rights' flag removal on mlk day,irony,0,0.9554504156112671,0.9438984990119934,0.011551916599273682,0.91935133934021,0.09214943980577085,376.7920837402344,13,0.9285714285714286,0.08471771090488549
271,"Boy calls 911 to ask deputies over for family's Thanksgiving dinner – just a casual family invitation, no emergency here.",boy calls 911 to ask deputies over for family's Thanksgiving dinner,understatement,0,0.5841665863990784,0.7818570137023926,-0.1976904273033142,0.9514217376708984,0.39408916069008815,411.7564392089844,10,0.5,0.3749449940610296
272,cubans: new dictator doing it all wrong,Cubans: a new dictator is doing everything wrong.,sarcasm,0,0.9262682795524597,0.9704331755638123,-0.04416489601135254,0.9556856155395508,0.06500593260343691,156.10755920410156,6,0.75,0.06212523471383816
273,"This is what Super Mario looks like without hair, and people are freaked out: because virtual mustaches are sacred.","this is what super morgan looks like without hair, and people are freaked out",sarcasm,0,0.7549288868904114,0.509178102016449,0.2457507848739624,0.4719804525375366,0.3933564796025972,89.2484130859375,9,0.47368421052631576,0.1856565692514061
274,Seth Meyers' not-so-subtle message to Trump: as subtle as a neon sign.,seth meyers' not-so-subtle message to donald trump,overstatement,0,0.6904665231704712,0.8058815002441406,-0.11541497707366943,0.8619351983070374,0.08003089005192225,139.03341674804688,9,0.75,0.06898144108759231
275,area man nostalgic for time when ads targeting him not as sad,A local man is nostalgic for the time when the ads targeting him are not as sad.,irony,0,0.8529890179634094,0.9555231928825378,-0.10253417491912842,0.9208297729492188,0.09672649511413096,112.79490661621094,7,0.4117647058823529,0.08906863653411894
276,"Torture report: America's moral reckoning. Next, moral repair? Good luck with that.",torture report: america's moral reckoning,sarcasm,0,0.9491397142410278,0.9262955188751221,0.02284419536590576,0.8655661344528198,0.015756142963855618,499.7945861816406,10,0.8333333333333334,0.013637983759110503
277,content writer awkwardly shows parents around website where he works,Content writer shows parents around the website where he works awkwardly.,satire,0,0.9177053570747375,0.9491171836853027,-0.031411826610565186,0.9310933351516724,0.3508439695638686,598.1127319335938,4,0.36363636363636365,0.32666848173907426
278,new 'cut off your genitals' challenge gains popularity among teens online,A new challenge called 'cut off your genitals' has gained popularity among teens online.,satire,0,0.9312966465950012,0.8972266316413879,0.03407001495361328,0.9616711139678955,0.2737928561916526,90.87129974365234,6,0.42857142857142855,0.26329868101027837
279,Why I couldn't let breastfeeding go: my child was clearly developing superpowers from that milk.,why i couldn't let breastfeeding go,overstatement,1,0.5400895476341248,0.8511361479759216,-0.3110466003417969,0.7373796701431274,0.04508379481408805,397.18157958984375,12,0.8,0.033243873748812686
280,Thousands of pigs rescued from floods. Now they can live to be bacon another day.,thousands of pigs rescued from floods,understatement,0,0.5613493919372559,0.6713806390762329,-0.11003124713897705,0.7729427814483643,0.11337974147240094,625.33544921875,11,0.7333333333333333,0.08763605273357404
281,"Sookie's fault? Shockingly, Bon Temps blames the vampire.",sookie's fault,sarcasm,1,0.7021130323410034,0.5515894293785095,0.1505236029624939,0.7611414194107056,0.0,3978.989013671875,8,1.0,0.0
282,mitt romney soars in polls after leaving country,Mitt Romney swelled in the polls after leaving the country.,sarcasm,0,0.8949835896492004,0.8784206509590149,0.016562938690185547,0.819891095161438,0.1122444464861146,56.40637969970703,6,0.6,0.09202822215528993
283,NFL's genius solution to a self-made problem.,the nfl's genius solution to a self-made problem,irony,0,0.9519887566566467,0.9706732630729675,-0.0186845064163208,0.9869410395622253,0.5169731539571706,222.8526611328125,3,0.375,0.5102220219922523
284,"pakistani boy, u.s. drone form unlikely friendship",A Pakistani boy and a U.S. drone formed an unlikely friendship.,irony,0,0.766986608505249,0.8048509359359741,-0.0378643274307251,0.9439920783042908,0.022416933501922302,43.114402770996094,9,0.8181818181818182,0.021161407645688718
285,"Another day, another delightful batch of Clinton emails to endlessly pore over","another day, another delightful batch of clinton emails to pore over",sarcasm,0,0.9080986976623535,0.9269974231719971,-0.018898725509643555,0.9878785610198975,0.41065171472719325,325.3045654296875,3,0.25,0.4056740250250531
286,facebook vows not to hand over users' medical records to government,Facebook pledges not to hand over users' medical records to the government.,irony,0,0.7767124772071838,0.7705263495445251,0.006186127662658691,0.9066689610481262,0.6132297420585351,34.78173065185547,4,0.3333333333333333,0.5559963731160225
287,"J Balvin, Nicky Jam say they changed the notion that reggaetón is misogynist – yes, because lyrics about women are suddenly feminist now.",j balvin and nicky jam say they changed the notion that reggaetón is misogynist,sarcasm,0,0.9420204162597656,0.7944413423538208,0.14757907390594482,0.9117705225944519,0.3131805677697861,672.8325805664062,15,0.6521739130434783,0.28554880994188503
288,hospital comforts patients with new therapy oyster program,The hospital offers a new therapy oyster program to patients.,irony,0,0.9513089656829834,0.9308754205703735,0.020433545112609863,0.8918507695198059,0.2777619034011791,377.93994140625,6,0.6,0.2477221672916276
289,man actually shouting at other man to get jennifer aniston romantic comedy made,A man shouted at another man to make a romantic comedy about Jeannifer Anniston.,sarcasm,0,0.9265820980072021,0.8962567448616028,0.030325353145599365,0.740776777267456,0.047275266063115634,198.5909881591797,10,0.7142857142857143,0.03502041923869634
290,monocle-wearing oil baron's cigarette holder splinters in clenched teeth after hearing bernie sanders' environmental platform,A monocle-wearing oil baron's cigarette holder splinters in clenched teeth after hearing Bernie Sanders' environmental platform.,satire,0,0.8568403124809265,0.8678126931190491,-0.010972380638122559,0.9687088131904602,0.6668954865619205,159.4021453857422,4,0.25,0.6460275353094725
291,Will Ferrell's break-in: charity never looked so criminal.,will ferrell's charity break-in,satire,0,0.8244521617889404,0.6874366402626038,0.13701552152633667,0.8452538847923279,0.029556479778261396,1062.2701416015625,7,0.875,0.02498272935336133
292,liberal activists encourage citizens to call their late-night hosts and urge them to oppose tax plan,Liberal activists encourage citizens to call their late-night hosts and urge them to oppose a tax plan.,satire,0,0.9673817157745361,0.9704080820083618,-0.0030263662338256836,0.9868541359901428,0.7541859578343534,68.6554946899414,3,0.17647058823529413,0.7442715317945191
293,Step 1: Pretend it didn't happen. Step 2: Repeat step 1.,step 1: pretend it didn't happen,irony,0,0.7106114625930786,0.5360260605812073,0.17458540201187134,0.8932090997695923,0.04461976764484762,59.140586853027344,8,0.7272727272727273,0.03985478248998272
294,personal assistant called after scary dream,A personal assistant is called after a scary dream.,sarcasm,0,0.7200285792350769,0.6331709027290344,0.08685767650604248,0.9370152950286865,0.07583235673413397,169.2605438232422,4,0.4444444444444444,0.07105607811795514
295,California police chief lashes out at DHS – because cooperation is overrated.,california police chief lashes out at dhs,sarcasm,0,0.9251576662063599,0.8744447827339172,0.05071288347244263,0.84393709897995,0.30096441267171586,341.6062316894531,7,0.5833333333333334,0.25399503332637235
296,pope asks to be taken off list of world's 100 richest people,Pope asks to be removed from the list of the world's 100 richest people.,irony,0,0.6868805289268494,0.7123047709465027,-0.02542424201965332,0.9389815330505371,0.1350862565735142,14.954005241394043,6,0.42857142857142855,0.12684350029145655
297,"Oh, a MOOC by another name? How revolutionary—we're all just lining up for more online education.","oh, a mosoc by another name",sarcasm,1,0.9875139594078064,0.5901274681091309,0.39738649129867554,0.4149734079837799,0.018045983335440316,297.6165771484375,13,0.8125,0.007488603205126168
298,blood-spattered sarah huckabee sanders holds up huge dismembered penis to prove presidential member completely normal,Sarah Huckabee Sanders holds up a large dismembered penis to prove a presidential member is normal.,satire,0,0.9165270328521729,0.9619112610816956,-0.045384228229522705,0.9308201670646667,0.20687206010259407,162.0850830078125,9,0.5625,0.1925606855457084
299,One year since Harambe? The internet's grief is as fresh as ever. Literally.,one year since harambe,overstatement,1,0.6707864999771118,0.8146883249282837,-0.14390182495117188,0.8008009195327759,0.017907794590318507,1161.8421630859375,11,0.8461538461538461,0.01434057837473113
300,"China as a superpower: everyone's just fine with that, no concerns at all.",china as a superpower,understatement,0,0.8353158831596375,0.7555633187294006,0.07975256443023682,0.7995295524597168,0.017907794590318507,470.3049621582031,11,0.8461538461538461,0.014317810994337894
301,ai scientists theorize existence of numbers greater than 1,Ai scientists predict that the existence of a number greater than 1 is a mystery.,irony,1,0.6963810920715332,0.5098991394042969,0.18648195266723633,0.8833293318748474,0.08609583710384033,77.1467056274414,9,0.6,0.07605097826614098
302,waitress creeped out by overtipper,A waitress is surrounded by an overtipper.,irony,0,0.6064720749855042,0.7767537236213684,-0.17028164863586426,0.8257834911346436,0.039281465090051315,1337.364013671875,5,0.7142857142857143,0.0324379853789462
303,name of gay bar should have been clearer,The name of a gay bar should have been clearer.,sarcasm,0,0.6648576855659485,0.5316401720046997,0.13321751356124878,0.9676809310913086,0.4518010018049224,84.4366683959961,3,0.3,0.4371992140945733
304,"City's brilliant plan: free pot for the poor, what could go wrong?",the city's brilliant plan: free pot for the poor,irony,0,0.7510290741920471,0.9656183123588562,-0.21458923816680908,0.9418411254882812,0.420886844306855,162.5836639404297,7,0.5833333333333334,0.3964085391451793
305,russia's power shut off,Russia's power has been shut off.,sarcasm,0,0.8608365654945374,0.7279934883117676,0.13284307718276978,0.9003486633300781,0.048549177170732344,48.96636199951172,4,0.6666666666666666,0.04371118677144401
306,Sen. Mike Lee says Trump is 'fully cooperating.' Because nothing says cooperation like constant stonewalling.,sen. mike lee says donald trump is 'fully cooperating',sarcasm,0,0.7771984338760376,0.835913896560669,-0.05871546268463135,0.8536363244056702,0.02881411017115445,261.11962890625,13,0.8666666666666667,0.02459677109752432
307,"Writing life: all hugs, peace, and pray—no deadlines, rejections, or existential dread here!","writing life: all hugs, peace, and pray",sarcasm,1,0.7983682751655579,0.5881213545799255,0.21024692058563232,0.8689477443695068,0.260899397956404,345.534423828125,8,0.6153846153846154,0.22670794336157957
308,"A heartfelt letter to the mother of a woman killed by Nazis, how quaint",a heartfelt letter to the mother of a woman killed by the nazis,sarcasm,1,0.9229083061218262,0.7370645403862,0.18584376573562622,0.9685816764831543,0.6816650778781156,36.01552963256836,4,0.2857142857142857,0.6602483039312051
309,A parody so accurate it predicts the next four years of presidential comedy.,a parody that predicts the next four years of presidential comedy,overstatement,0,0.9093893766403198,0.9014533758163452,0.00793600082397461,0.9461535811424255,0.4919533018641347,267.23681640625,5,0.38461538461538464,0.46546337831359175
310,gina haspel nervously rubs lucky prisoner's foot during cia director confirmation hearing,Regina Haspel nervously rubs a lucky prisoner's foot during the cia director confirmation hearing.,satire,0,0.8966692686080933,0.8791353702545166,0.01753389835357666,0.8522510528564453,0.2865612242047131,575.9085693359375,5,0.35714285714285715,0.2442221050362986
311,ice cream man hopes scott joplin is in hell,An Ice Cream man hopes Scott Joplin is in hell.,overstatement,0,0.6775524020195007,0.6115830540657043,0.06596934795379639,0.9768604040145874,0.06311969078225892,271.84039306640625,6,0.6,0.06165912663883327
312,A few vaguely helpful pointers that will definitely transform your gym experience from mediocre to slightly less mediocre.,a few vaguely helpful pointers that will definitely transform your gym experience,understatement,0,0.5775066614151001,0.5369459390640259,0.04056072235107422,0.8432831168174744,0.5480623193671366,588.5936889648438,7,0.3888888888888889,0.46217170088613296
313,Unpopular opinion: The SAT is great—said no student ever.,unpopular opinion: the sat is great,satire,0,0.7884487509727478,0.761055588722229,0.0273931622505188,0.895567774772644,0.02944656445786981,1243.9969482421875,7,0.7777777777777778,0.026371394206233696
314,woman getting stood up on first date got all drunk for nothing,A woman who was stood up on her first date was drunk for nothing.,sarcasm,1,0.8711506724357605,0.5340732932090759,0.33707737922668457,0.9216601848602295,0.10743014571163138,92.48934173583984,7,0.5,0.09901408795614357
315,10 grandma lessons that will transform your existence.,10 lessons for your grandma,overstatement,1,0.5892491340637207,0.7149674892425537,-0.125718355178833,0.7703617215156555,0.04170066658050768,1626.135986328125,5,0.625,0.03212459729531026
316,"Video: #ICantBreathe poem on House floor – because words change everything, right?",video: #intonbreathe poem on the house floor,rhetorical_question,1,0.6687521934509277,0.7961938977241516,-0.12744170427322388,0.7204383611679077,0.0378442713638306,505.13531494140625,10,0.8333333333333334,0.0272644648409517
317,"On Memorial Day, a look inside the lives of U.S. service members in Afghanistan? Perfect way to honor with pretty pictures.","on memorial day, a look inside the lives of u.s. service members in afghanistan",sarcasm,1,0.9063886404037476,0.7062904238700867,0.2000982165336609,0.864655077457428,0.27011542251318155,79.95225524902344,12,0.5714285714285714,0.23355667157558088
318,"This group wants to build a giant barrier to pull trash from the Pacific – because walls keep things out, right?",this group wants to build a giant barrier to pull trash from the pacific,irony,0,0.9231059551239014,0.9203484654426575,0.0027574896812438965,0.8986356258392334,0.5086224662774713,109.83674621582031,9,0.42857142857142855,0.4570662682991498
319,home-brewing phase comes to long-overdue conclusion,The home-brewing phase has reached a long-overdue conclusion.,understatement,0,0.7288311123847961,0.5045290589332581,0.22430205345153809,0.8947103023529053,0.06500593260343691,30.497770309448242,5,0.625,0.05816147761435363
320,Labels that guilt-trip you about lunch? What could go wrong?,labels that guilt-trip you about lunch,understatement,0,0.9557068347930908,0.8845832347869873,0.07112360000610352,0.9289044141769409,0.2608840516436559,499.810791015625,6,0.6,0.242336347160157
321,"Lincoln Chafee's poll numbers: zero supporters, a true crowd-pleaser.",lincoln chafee's poll numbers are zero supporters,sarcasm,0,0.8006708025932312,0.5583115816116333,0.2423592209815979,0.9386805295944214,0.029519129053903102,901.6530151367188,8,0.8888888888888888,0.027709031693483835
322,kissinger instructs palin on finer points of clandestine carpet bombing,A kissinger instructs Palin on the finer points of a clandestine carpet bombing.,satire,0,0.9472099542617798,0.9474596977233887,-0.0002497434616088867,0.9689840078353882,0.11685792587573332,254.0625457763672,5,0.38461538461538464,0.11323346136239879
323,mcdonnell-douglas unveils new 'gay-dar',McDonald-Douglas unveils a new 'Gay-Dar' product.,satire,0,0.8591755032539368,0.9107655882835388,-0.05159008502960205,0.6898432970046997,0.048549177170732344,253.12237548828125,4,0.6666666666666666,0.0334913244463233
324,congress spotted leaving gay nightclub,Congress was spotted leaving a gay nightclub.,sarcasm,0,0.8933679461479187,0.8118939995765686,0.0814739465713501,0.9702013731002808,0.07730551756939454,142.32940673828125,4,0.5714285714285714,0.07500191929405446
325,lucky dead student gets own page in yearbook,A lucky deceased student has a page in a yearbook.,irony,1,0.904494047164917,0.5430652499198914,0.36142879724502563,0.8677881956100464,0.05307712171072445,260.8044128417969,6,0.6,0.046059699677524386
326,button-up shirt goes on life-changing odyssey around dry cleaner's garment conveyor,A button-up shirt is worn around a Dry Cleaner's garment conveyor.,overstatement,0,0.608473002910614,0.6662736535072327,-0.05780065059661865,0.8635103702545166,0.04740604259878138,222.96597290039062,9,0.8181818181818182,0.0409356093967751
327,new report finds u.s. employees most engaged at workplace while working as frontman of styx,A report indicates that U.S. employees are most engaged at the workplace while working as a frontman of Styx.,irony,0,0.936779260635376,0.9150311946868896,0.021748065948486328,0.941865861415863,0.21479172459878046,75.57879638671875,8,0.42105263157894735,0.20230499271422916
328,"An extra couple million? Clearly, the court system is barely acknowledging his immense financial burden.",an extra couple million,overstatement,1,0.5809205770492554,0.5398005247116089,0.041120052337646484,0.6497519016265869,0.010861626466864211,7915.31591796875,13,0.8666666666666667,0.007057362451602688
329,"Demi Lovato absolutely slays Adele's 'Hello', a cover for the ages!",demi lovato slays adele's 'hello',overstatement,1,0.9556741714477539,0.7849414944648743,0.17073267698287964,0.8830327391624451,0.016182712188007015,665.7750244140625,10,0.9090909090909091,0.014289864670453319
330,signed 8x10 of tony danza draws millions to brooklyn dry cleaner,A signed 8x10 of Tony Danza draws millions to a Brooklyn dry cleaner.,overstatement,0,0.7975524663925171,0.7279919981956482,0.0695604681968689,0.9603211283683777,0.13440569963077395,347.1025695800781,6,0.46153846153846156,0.1290726331285661
331,report: average person spends 27% of lifetime in the way,A report indicates that the average person spends 27% of their lives in the way.,understatement,0,0.7189667820930481,0.6694076657295227,0.04955911636352539,0.8999639749526978,0.2829559628326351,48.38566207885742,8,0.5333333333333333,0.2546501730474261
332,Women tech writers abused online; internet remains a safe space for all.,women tech writers abused online,sarcasm,0,0.9355053305625916,0.9026734828948975,0.03283184766769409,0.885959267616272,0.06557378107648686,7787.85302734375,9,0.75,0.05809569905735405
333,"abortion issue 'most critical of our time,' say tobacco-industry executives","The abortion issue is'most critical of our time,' say tobacco-industry executives.",satire,0,0.8486548662185669,0.8586772084236145,-0.010022342205047607,0.9407154321670532,0.5193071778680676,280.86822509765625,3,0.2727272727272727,0.48852027625561195
334,Your credit card limit affects your job prospects? Totally fair and not weird at all.,your credit card limit affects your job prospects,sarcasm,1,0.906724214553833,0.5529083609580994,0.35381585359573364,0.8807395696640015,0.2836224688412052,208.3377227783203,9,0.6,0.24979753115424472
335,Trump's adviser wants to cut NASA's climate funding? Because climate science is a liberal hoax.,donald trump's adviser wants to cut nasa's climate funding,sarcasm,0,0.9452441334724426,0.9360817670822144,0.009162366390228271,0.8513800501823425,0.16203364897827707,345.9734802246094,11,0.7333333333333333,0.1379522161983536
336,report: tv teens 15 times more likely to crack wise than real teens,A report indicates that TV teens are 15 times more likely to crack wise than real teens.,overstatement,0,0.7918684482574463,0.765964686870575,0.025903761386871338,0.9658626317977905,0.4924790605054523,99.52368927001953,7,0.4117647058823529,0.4756671214850995
337,convention crowd really hoping bill clinton breaks tension with joke about how terrible he looks,The convention crowd is really hoping Bill Clinton breaks tension with a joke about how terrible he looks.,sarcasm,0,0.953717052936554,0.9598590731620789,-0.006142020225524902,0.9847687482833862,0.3197842999788807,217.89633178710938,6,0.3333333333333333,0.3149135848108812
338,"Oh great, another VA scandal update—because we weren't already impressed with their efficiency.",another va scandal update,sarcasm,0,0.98609459400177,0.897092878818512,0.08900171518325806,0.787291407585144,0.010070292941156274,81780.203125,11,0.8461538461538461,0.007928255104437664
339,Bernie Sanders to discuss gun law with parents of Aurora shooting victim? What could possibly go wrong?,bernie sanders to discuss gun law with parents of aurora shooting victim,rhetorical_question,0,0.9386240243911743,0.827682614326477,0.11094141006469727,0.9314953088760376,0.35148570265958,572.5286865234375,9,0.5294117647058824,0.3274072831643966
340,US considers more war in Yemen: spreading democracy one bomb at a time.,u.s. considers more war in yemen,irony,0,0.9207636713981628,0.7462258338928223,0.17453783750534058,0.8260486125946045,0.1582341759519314,543.476806640625,9,0.6923076923076923,0.13070912151014347
341,man discovers huge cache of rare fossils while walking through natural history museum,A man discovers a cache of rare fossils while walking through the Natural History Museum.,irony,0,0.707375168800354,0.8392964005470276,-0.13192123174667358,0.9674395322799683,0.4428500142691474,41.389251708984375,6,0.4,0.4284306106747212
342,george jefferson honored for black television history month,George Jefferson was honored for Black Television History Month.,satire,0,0.7381895184516907,0.7766380310058594,-0.0384485125541687,0.9716048240661621,0.050712153369465586,355.6099853515625,7,0.7777777777777778,0.04927217285255584
343,oscars committee announces plan to shorten ceremony to single-millisecond flash of blinding white light,The Oscars committee announced a plan to shorten the ceremony to a single-millisecond flash of a blinding white light.,overstatement,0,0.7917378544807434,0.8837040066719055,-0.09196615219116211,0.9510709047317505,0.10914270930124749,56.511295318603516,8,0.42105263157894735,0.10380245528001189
344,"Britain welcomes ex-president of Maldives with open arms, solving all their problems.",british welcomes ex-president of maldives with open arms,satire,0,0.9781784415245056,0.939056932926178,0.03912150859832764,0.8326079845428467,0.1048451277926229,151.6588592529297,7,0.5833333333333334,0.08729489054055295
345,Renaming a building: the simple fix for centuries of racism.,renaming a building,understatement,0,0.9679843783378601,0.6593630313873291,0.308621346950531,0.6806337833404541,0.011018142789200103,1294.4208984375,9,0.9,0.007499320211998609
346,'Roots' remake to air Memorial Day weekend. Because what better way to honor veterans than with slavery?,'Roots' remake to air memorial day weekend,sarcasm,0,0.8383665680885315,0.6029202342033386,0.23544633388519287,0.6667033433914185,0.09852859740626557,1278.044189453125,13,0.7647058823529411,0.0656893453104243
347,"5 ways to obsess over your running stats, because who needs hobbies?",5 ways to obsess over your running stats,sarcasm,0,0.5491116642951965,0.8704087734222412,-0.3212971091270447,0.8468656539916992,0.510029457493824,173.8663787841797,5,0.4166666666666667,0.4319264300755388
348,Drawing your face over and over: a journey to artistic genius or mental breakdown?,drawing your face over and over,rhetorical_question,1,0.9329885244369507,0.6915584206581116,0.2414301037788391,0.7886543273925781,0.13394233819643575,62.272342681884766,10,0.7142857142857143,0.10563420463969926
349,kavanaugh starting to get worried about not hearing back after job interview,Kavanaugh is worried about not hearing back after a job interview.,sarcasm,0,0.5842702984809875,0.8257371783256531,-0.24146687984466553,0.9522427320480347,0.43817713423777205,165.91830444335938,6,0.5,0.4172509914275545
350,dog in purse stares longingly at dog in yard,A dog in a purse stares longingly at a dog in the yard.,irony,1,0.794291079044342,0.553782045841217,0.240509033203125,0.9604749083518982,0.2613022659677713,49.43040084838867,5,0.38461538461538464,0.25097426995753847
351,chinese factory workers fear they may never be replaced with machines,China's factory workers fear they may never be replaced with machines.,irony,0,0.9042647480964661,0.9158354997634888,-0.011570751667022705,0.9004846811294556,0.7860753021519787,69.13064575195312,2,0.18181818181818182,0.707848767802065
352,"Peanut butter recipes will make your life infinitely better, or at least until you run out of peanut butter.",peanut butter recipes will make your life infinitely better,overstatement,0,0.9345920085906982,0.9778454899787903,-0.04325348138809204,0.9481614828109741,0.2471001091359586,90.29351043701172,12,0.631578947368421,0.23429080588110404
353,trump makes last-minute push to appeal to whites,Trump made a last-minute push to appeal to the White House.,sarcasm,0,0.9717332720756531,0.92429119348526,0.047442078590393066,0.767746090888977,0.3508439695638686,13.587929725646973,6,0.5454545454545454,0.26935908614463133
354,Syrian rebels shell Aleppo after withdrawal – peace is overrated anyway.,syrian rebels shell aleppo after withdrawal,irony,0,0.822517454624176,0.8128081560134888,0.009709298610687256,0.6716000437736511,0.053062145153021,10088.3173828125,7,0.6363636363636364,0.03563653900749273
355,sullen jeff sessions scrolls through minority incarceration statistics to cheer self up,Sullen Jeff Sessions uses minority incarceration statistics to cheer his self up.,sarcasm,0,0.8634931445121765,0.9627289772033691,-0.09923583269119263,0.9287447333335876,0.33180774028439425,721.4121704101562,7,0.5833333333333334,0.30816469126845003
356,"Debbie Robins de la Bouillerie, who was apparently a big deal, died at 58.",daniel robins de la bouillerie died at 58,understatement,1,0.617906391620636,0.830353319644928,-0.212446928024292,0.7603342533111572,0.03923957680314294,377.4585266113281,10,0.7142857142857143,0.029835194328863494
357,"Judge says Trump's comments didn't influence the case. Because clearly, the President's words have no power.",judge: donald trump's comments didn't influence the case,irony,1,0.5065559148788452,0.6148198246955872,-0.10826390981674194,0.8529965281486511,0.12718356905542982,129.94784545898438,12,0.75,0.10848714284183586
358,last beer in six pack drunk with plastic rings still attached,The last beer in a six pack was drunk with plastic rings still attached.,understatement,1,0.8664889931678772,0.8184165358543396,0.0480724573135376,0.9589821100234985,0.39073802494525,167.9094696044922,4,0.2857142857142857,0.37471077562841026
359,"despite claims, long story not made short","Despite claims, a long story is not short.",irony,1,0.8886839747428894,0.9070577621459961,-0.01837378740310669,0.9500550031661987,0.06985342056580097,167.02659606933594,5,0.625,0.06636459169681186
360,new altar boy clearly not ready for spotlight of 10 a.m. sunday mass,A new altar boy is not ready for the spotlight of 10 a.m. sunday mass.,sarcasm,1,0.6492092609405518,0.5351823568344116,0.11402690410614014,0.9247626066207886,0.40484119186599643,108.07259368896484,4,0.26666666666666666,0.3743819958574656
361,Watch Vin Diesel say 'I am Groot' in different languages – because his range is truly breathtaking.,watch vin diesel say 'i am groot' in different languages,sarcasm,0,0.5713062882423401,0.7279141545295715,-0.15660786628723145,0.8679851293563843,0.05893675611455377,537.454833984375,12,0.7058823529411765,0.05115622787993662
362,"'depot buys max,' nation's office-supply-loving teens text frantically to one another","'Depot buys max,' the nation's office-supply-loving teens text frantically to one another.",satire,0,0.8637939691543579,0.9568093419075012,-0.09301537275314331,0.9747137427330017,0.5706745777055999,523.79345703125,3,0.25,0.5562443535180005
363,A patriotic neighbor: someone who reports your every move to authorities for the love of country.,a patriotic neighbor,satire,0,0.9090573191642761,0.8854966163635254,0.023560702800750732,0.7886783480644226,0.0014911434751178384,58394.1953125,15,0.9375,0.0011760325726829792
364,Who wouldn't want to experience the sheer joy of having a miscarriage?,who wouldn't want to experience the joy of having a miscarriage?,rhetorical_question,1,0.5032281875610352,0.5380403399467468,-0.03481215238571167,0.9927488565444946,0.6407117598241614,39.98509979248047,2,0.16666666666666666,0.6360658669400471
365,blagojevich just getting started,Blagojevich is getting started.,sarcasm,0,0.5266014337539673,0.5314528346061707,-0.004851400852203369,0.95595782995224,0.08034284189446518,68.22504425048828,3,0.75,0.07680436878962885
366,Why are Muslim kids scared? Could it be the pervasive atmosphere of tolerance?,why are muslim kids scared?,rhetorical_question,1,0.929491400718689,0.7949246168136597,0.1345667839050293,0.8889830708503723,0.0253871431063062,256.88494873046875,10,0.7692307692307693,0.022568740438761947
367,djimon hounsou to play every african in the world,Jimon Hounsou will play every African player in the world.,overstatement,1,0.6532631516456604,0.682283878326416,-0.029020726680755615,0.8070530891418457,0.06311969078225892,83.08753204345703,6,0.6,0.050940941431500145
368,climate experts say only hope for saving planet lies with people who save napkins from takeout order,Climate experts say the only hope for saving the planet lies with those who save napkins from takeout order.,irony,0,0.9331340193748474,0.9361460208892822,-0.0030120015144348145,0.9558980464935303,0.40569661365913545,84.23587799072266,5,0.2631578947368421,0.38780460046580806
369,20 funny tweets from women: prepare to mildly chuckle.,20 funny tweets from women,understatement,0,0.7651330232620239,0.9794801473617554,-0.21434712409973145,0.9154396057128906,0.3004843884984905,771.5792846679688,5,0.5555555555555556,0.2750753101299372
370,fleshlighthouse guides weary sailors home to realistic vaginal texture,A fleshlighthouse guides weary sailors to a realistic vaginal texture.,satire,0,0.8763933181762695,0.8158872723579407,0.06050604581832886,0.9542586207389832,0.32466791547509893,3399.384033203125,4,0.4,0.3098171572194687
371,apathy outpacing lust as leading u.s. state of mind,Apathy is outpacing lust as a leading U.S. state of mind.,irony,0,0.8622028827667236,0.9103063941001892,-0.048103511333465576,0.957567572593689,0.12278260149096115,99.0453872680664,5,0.45454545454545453,0.11757263766643793
372,rumsfeld makes jerk-off motions as powell speaks at cabinet meeting,Rumsfeld makes jerk-off motions as Joe Powell speaks at a cabinet meeting.,sarcasm,0,0.8593806624412537,0.9140440225601196,-0.05466336011886597,0.953371524810791,0.2620251007173262,214.4944305419922,5,0.4166666666666667,0.24980726980957838
373,"The Vergara era, part 1: how we got here. Spoiler: it was definitely not a coup.","the vergara era, part 1: how we got here",irony,1,0.5392820239067078,0.688398540019989,-0.14911651611328125,0.729514479637146,0.2698643903177272,126.67813873291016,10,0.625,0.19686998027523242
374,"rare species of frog may hold cure to...ah, never mind, it's extinct","A rare species of frog may hold a cure to...ah, never mind, it's extinct.",irony,1,0.6073434352874756,0.6682170033454895,-0.060873568058013916,0.9857025146484375,0.6162607099729586,113.50082397460938,3,0.21428571428571427,0.6074497314993766
375,"Taylor Swift covers a classic and angers fans, as if we didn't see that coming.",taylor swift covers a classic and angers fans,sarcasm,0,0.8144872784614563,0.8707953691482544,-0.056308090686798096,0.9464395642280579,0.2155064730781546,2009.5721435546875,10,0.6666666666666666,0.2039638524684143
376,"UFOs at Loch Ness: finally, aliens confirm Nessie's existence.",ufos at loch ness: aliens confirm nessie's existence,irony,0,0.9719901084899902,0.8963233828544617,0.07566672563552856,0.9782803058624268,0.057367534172156044,1022.9785766601562,6,0.6666666666666666,0.056121528876510035
377,new york's finest protect new york's richest,New York's finest protect New York's wealthiest assets.,irony,0,0.9303156733512878,0.9356148838996887,-0.005299210548400879,0.9243152141571045,0.05873949094699214,172.4010009765625,6,0.75,0.05429380515414834
378,Are there tears in your popcorn? Only if you're emotionally weak.,are there tears in your popcorn?,rhetorical_question,1,0.9600802659988403,0.9713852405548096,-0.011304974555969238,0.8934491872787476,0.3302232277439296,738.4847412109375,6,0.5454545454545454,0.29503767444837864
379,"Stephen Colbert shreds Bill O'Reilly—finally, someone speaks for the landfill.",stephen colbert shreds bill o'reilly,satire,1,0.9088376760482788,0.6060675978660583,0.30277007818222046,0.8559995293617249,0.01976560930094397,3751.227294921875,9,0.9,0.016919352259155772
380,skittles unveils new liqui-gels for fast-acting fruity flavor,Skittles has introduced new liqui-gels for a fast-acting fruity flavor.,satire,0,0.8254201412200928,0.8494367003440857,-0.02401655912399292,0.9493418335914612,0.13134549472120793,72.51192474365234,5,0.5,0.12469177279260912
381,"Steve Wilson on 'The Making of Gone with the Wind' – let's celebrate this flawless masterpiece, shall we?",steve wilson on 'the making of gone with the wind',satire,1,0.9490230083465576,0.8438130617141724,0.10520994663238525,0.8113785982131958,0.02384908811660351,196.1204376220703,14,0.7777777777777778,0.01935063968471274
382,even business card trying too hard,A business card is trying too hard.,sarcasm,0,0.635513186454773,0.5560211539268494,0.07949203252792358,0.9116953611373901,0.09878765474230743,154.16522216796875,3,0.42857142857142855,0.09006424656620378
383,japan spotted hovering over algeria,Japan is seen hovering over Algeria.,overstatement,0,0.8303871750831604,0.5729557275772095,0.2574314475059509,0.9303566217422485,0.08633400213704504,300.38623046875,4,0.6666666666666666,0.08032141056970929
384,white house begins christmas season with ceremonial lighting of cross,The White House begins the Christmas season with ceremonial lighting of a cross.,irony,0,0.9338406920433044,0.9513987898826599,-0.01755809783935547,0.9834859371185303,0.3026643726685863,69.39032745361328,7,0.5384615384615384,0.29766615418635667
385,Statehouse interns enjoy unique harassment vulnerability as part of their internship perks.,statehouse interns are exposed to harassment as part of their internship perks,irony,0,0.9803874492645264,0.971319317817688,0.009068131446838379,0.8829991817474365,0.3448444257953326,153.67164611816406,6,0.5,0.30449734580744325
386,putting ice cream in bowl momentarily considered,The idea of placing ice cream in a bowl is considered.,understatement,1,0.5548248887062073,0.5564890503883362,-0.0016641616821289062,0.8221984505653381,0.10025157431478134,76.5881118774414,7,0.6363636363636364,0.08242668906834906
387,Dick Cheney would torture again: Because nothing says human rights like a good old waterboarding session.,dick cheney would torture again,sarcasm,1,0.9382038116455078,0.856532096862793,0.08167171478271484,0.8290417790412903,0.0125896694397049,5876.09130859375,14,0.875,0.010437361949834715
388,10 stress-free suppers for the entire family: if your family enjoys charcoal.,10 stress-free suppers for the entire family,understatement,1,0.8239648342132568,0.714745044708252,0.10921978950500488,0.8588725328445435,0.4116538266387963,251.40093994140625,5,0.4166666666666667,0.3535581647404116
389,What Obamacare's successes should tell us about its failures? Does it even matter in politics?,what obamacare's successes should tell us about its failures,rhetorical_question,0,0.9072471857070923,0.7913740873336792,0.11587309837341309,0.9224414825439453,0.3015786021544572,81.7844467163086,9,0.6,0.27818861287488816
390,"Redditors reimagine a Donald Trump White House, and it's 'not pretty' – if by 'not pretty' you mean apocalyptic.","redditors reimagine a donald trump white house, and it's 'not pretty'",understatement,0,0.539995551109314,0.6633123755455017,-0.12331682443618774,0.8578769564628601,0.13482749994980653,281.4842834472656,13,0.6842105263157895,0.11566540530443645
391,americans hopeful this will be last mass shooting before they stop on their own for no reason,Americans are optimistic that this will be the last mass shooting before they stop on their own for no reason.,sarcasm,0,0.9166815876960754,0.9327861070632935,-0.016104519367218018,0.9226924180984497,0.5830738459889044,33.1440315246582,6,0.3,0.5379978168854653
392,Breadwinner mommies: are you failing? Probably.,breadwinner mommies: are you failing?,sarcasm,1,0.6036239862442017,0.650901198387146,-0.047277212142944336,0.9767716526985168,0.5475182535069453,316.5773010253906,2,0.3333333333333333,0.5348003093605844
393,MLK's turbulent last year makes our problems look like minor inconveniences.,mlk's turbulent last year makes our problems look like minor inconveniences,overstatement,0,0.9069919586181641,0.8806111216545105,0.026380836963653564,0.9828017950057983,0.7860753021519787,269.88482666015625,2,0.18181818181818182,0.77255621796469
394,"Barneys pays $525,000 to settle allegations of racial profiling: a truly staggering sum that will definitely change systemic bias.","barneys pays $525,000 to settle allegations of racial profiling",sarcasm,0,0.9503605961799622,0.8539139628410339,0.09644663333892822,0.9553861618041992,0.23898737027690029,67.90583801269531,12,0.631578947368421,0.22832522640852673
395,"Climate change threatens the newest prescription for children: time outdoors? Great, so we'll just medicate with more screen time.",climate change threatens the newest prescription for children,irony,0,0.9659264087677002,0.9091859459877014,0.05674046277999878,0.7794690132141113,0.17202572313558198,1179.838134765625,13,0.6842105263157895,0.13408872065993602
396,Trevor Noah's mind-blowing theory about Sean Hannity: water is wet.,trevor noah's mind-blowing theory about sean hannity,sarcasm,0,0.743393063545227,0.6051368713378906,0.13825619220733643,0.8197243213653564,0.10649808156466072,174.23121643066406,7,0.7,0.08729906763730388
397,radio dj invites whole town to some bullshit,A radio dj invited the whole town to a bullshit event.,sarcasm,0,0.6751272678375244,0.855859637260437,-0.1807323694229126,0.8703705072402954,0.12278260149096115,415.68280029296875,5,0.45454545454545453,0.1068663551399709
398,mohawked rex tillerson warns u.s. democracy threatened by plutocratic fascist pigs fucking over the working man,"Rex Tillerson, a mohawk, warns that u.s. democracy is threatened by fascist pigs fucking over the working man.",sarcasm,0,0.9370104074478149,0.9308815002441406,0.006128907203674316,0.955642580986023,0.33491517492026424,124.56114196777344,8,0.4444444444444444,0.32005920217218664
399,"agile, dynamic company able to respond to any challenge by laying off half of staff","An agile, dynamic company is able to respond to any challenge by laying off half of its staff.",sarcasm,0,0.9674477577209473,0.9698533415794373,-0.0024055838584899902,0.9645535945892334,0.6540585844910979,32.96846008300781,4,0.2222222222222222,0.6308745587428343
400,white to attend boat show,White is expected to attend a boat show.,irony,0,0.7139764428138733,0.8679602146148682,-0.15398377180099487,0.958792507648468,0.06500593260343691,96.43260192871094,5,0.625,0.062327201132876583
401,sexually awakened peta president announces that being kept in a tiny cage all day actually sounds hot as hell,Peta president announces that being kept in a tiny cage all day sounds hot.,satire,0,0.9470707178115845,0.9531313180923462,-0.006060600280761719,0.8996798992156982,0.5418286106246784,450.4373474121094,7,0.3684210526315789,0.4874723097989924
402,U.S. consuls already have tools to discriminate in visas? How impartial of them.,u.s. consuls already have tools to discriminate in their visas,sarcasm,0,0.9598939418792725,0.9237785935401917,0.03611534833908081,0.9509252309799194,0.4733406936045769,263.56292724609375,6,0.46153846153846156,0.4501116083981276
403,"Thomas Pogge allegedly harmed Yale's philosophy department, which was previously a beacon of harmony.",thomas pogge allegedly harmed nyc's philosophy department,irony,0,0.8651777505874634,0.7817848920822144,0.08339285850524902,0.80375075340271,0.028439110602897978,959.2587890625,11,0.7857142857142857,0.022857956573182247
404,"Test your news knowledge with a quiz, because who needs to actually read news?",test your news knowledge with a quiz,understatement,0,0.8089112043380737,0.649291455745697,0.1596197485923767,0.8968318104743958,0.22616792214653433,279.1290588378906,9,0.6428571428571429,0.20283458708990856
405,Robin Hood Foundation. Stealing from the rich to give to the poor? How utterly original and never controversial.,robin hood foundation: stealing from the rich to give to the poor,irony,0,0.9527695178985596,0.8301119208335876,0.12265759706497192,0.9276553392410278,0.31276523266119227,244.86000061035156,11,0.6111111111111112,0.2901383380071173
406,4 bold lip looks for spring: because why blend in when you can blind someone?,4 bold lip looks for spring,sarcasm,1,0.8357213139533997,0.7922409176826477,0.04348039627075195,0.7744369506835938,0.16954225822593183,6631.81640625,10,0.6666666666666666,0.1312997894725011
407,Bernie Sanders declares $15 minimum wage 'not radical' in latest attempt to sound relatable.,bernie sanders declares $15 minimum wage 'not radical',sarcasm,0,0.9393253922462463,0.8722176551818848,0.06710773706436157,0.9621323347091675,0.3213863618224058,518.8743896484375,8,0.5714285714285714,0.30921621064387655
408,couple wouldn't have stayed in loveless marriage if they knew that's how kid would turn out,A couple would not have stayed in a loveless marriage if they knew that the child would turn out.,sarcasm,1,0.5381428003311157,0.7472894191741943,-0.2091466188430786,0.918168842792511,0.2852636439147137,41.977718353271484,8,0.42105263157894735,0.2619201898239476
409,alcoholic parent easy to shop for,An alcoholic parent is easy to shop for.,understatement,0,0.8115631937980652,0.9452306032180786,-0.13366740942001343,0.9741214513778687,0.17286039232097053,163.39707946777344,3,0.375,0.1683870162534516
410,Ben Carson bizarrely attacks CNN host – because reasoned debate is overrated.,ben carnson bizarrely attacks cnn host,sarcasm,0,0.917547345161438,0.8413158655166626,0.07623147964477539,0.5549347400665283,0.0351487760467425,4577.216796875,9,0.75,0.019505276899155665
411,"Your favorite childhood shows: the ones that were actually terrible, and you were too young to know.",your favorite childhood shows,satire,1,0.5234882831573486,0.6764009594917297,-0.1529126763343811,0.7904337048530579,0.00658790946649935,2510.81689453125,15,0.8823529411764706,0.005207305686841613
412,sex shop bathroom key attached to 18-inch double dildo,A sex shop bathroom key is attached to an 18-inch double dildo.,overstatement,0,0.5408526659011841,0.7103222608566284,-0.16946959495544434,0.9682228565216064,0.28646290158800986,97.62106323242188,4,0.3333333333333333,0.27735992886301075
413,new candy to hum and glow in mouths,A new candy is used to hum and glow in the mouths.,overstatement,0,0.6877357363700867,0.8563869595527649,-0.16865122318267822,0.9422634840011597,0.3646285861936467,210.50445556640625,5,0.4166666666666667,0.3435762019932427
414,"you can hold snake, owner reports",The owner reports that you can hold a snake.,understatement,0,0.6689062118530273,0.7033884525299072,-0.03448224067687988,0.8893161416053772,0.14923729480049117,230.2211151123047,7,0.7777777777777778,0.13271913519559703
415,"Donald Trump, noted champion of Latino Americans, has graciously agreed to an interview with Univision's Jorge Ramos. How magnanimous.","donald trump, noted champion of latino americans, has agreed to an interview with obama's joe ramos",sarcasm,0,0.8926770091056824,0.9305892586708069,-0.03791224956512451,0.7992986440658569,0.26143881352701226,133.1200714111328,10,0.5263157894736842,0.2089676891583273
416,May's monumental challenge: just another day for a PM.,may's monumental challenge,irony,0,0.9443143606185913,0.6259744167327881,0.3183399438858032,0.7262966632843018,0.015377056977980369,2011.254638671875,8,0.8888888888888888,0.01116830517423973
417,"MSNBC pledges diversity after Cinco de Mayo disaster, proving they're learning.",msnbc pledges diversity after cinco de mayo disaster,satire,0,0.9775625467300415,0.9308308959007263,0.046731650829315186,0.9366049766540527,0.10152774623579155,812.9439086914062,7,0.6363636363636364,0.09509139239291214
418,bangladesh runs out of people,Bangladesh has limited access to people.,overstatement,0,0.525270938873291,0.6396390795707703,-0.11436814069747925,0.6583638191223145,0.0,48.07320785522461,6,1.0,0.0
419,Tom Hanks in a musicless video is oddly watchable – who needs songs?,tom hanks in a musicless video is oddly watchable,irony,0,0.6607601046562195,0.9154821634292603,-0.25472205877304077,0.8666155934333801,0.46548383647045716,564.9224853515625,6,0.46153846153846156,0.4033955511764917
420,dead facebook friend from high school still has cartman profile picture,A dead facebook friend from a high school still has a cartman profile picture.,satire,1,0.7075898051261902,0.793126106262207,-0.08553630113601685,0.9688921570777893,0.39073802494525,301.5437927246094,4,0.2857142857142857,0.3785830078415183
421,Happy Mother's Day to moms fighting for trans students: activism is the best gift,happy mother's day to moms fighting for trans students,satire,0,0.9217519164085388,0.9221029877662659,-0.0003510713577270508,0.890294075012207,0.2560797001652275,628.4996948242188,9,0.6428571428571429,0.22798623978800456
422,"Wealthy donors declare that voters are irrelevant in elections, because democracy is overrated.",wealthy donors declare that voters are irrelevant in the elections,satire,0,0.9587494730949402,0.9661543369293213,-0.0074048638343811035,0.8726639747619629,0.4733406936045769,223.80479431152344,6,0.46153846153846156,0.41306737109755454
423,commuter playing some sort of alphabet sudoku,A commuter is playing an alphabet sudoku.,satire,0,0.6108385324478149,0.7998373508453369,-0.18899881839752197,0.9257105588912964,0.043472087194499145,405.20172119140625,6,0.8571428571428571,0.04024257013299097
424,"green energy scientists unveil 800,000-ton potato capable of powering entire city",Green Energy scientists have developed a potato capable of powering a city.,overstatement,0,0.8775812387466431,0.8974329233169556,-0.0198516845703125,0.8881455659866333,0.22416933501922293,174.74298095703125,7,0.5833333333333334,0.19909500092749496
425,adjusting several sliders on recording studio's mixing console pays off big time,Adjusting several sliders on a recording studio's mixing console is a big deal.,overstatement,0,0.9807631969451904,0.9577174782752991,0.023045718669891357,0.9133704900741577,0.2891784933232572,66.56759643554688,5,0.38461538461538464,0.26412710216556995
426,"What about Libya? Oh right, we only care when it's convenient.",what about libya?,rhetorical_question,1,0.9180257320404053,0.9436877965927124,-0.02566206455230713,0.7598320245742798,0.007894844292834697,556.0451049804688,10,0.9090909090909091,0.005998755522723286
427,"obama throws small business owner into seat, tells him to just smile and keep his fucking mouth shut","President Obama threw a small business owner into a seat, told him to smile and keep his mouth shut.",sarcasm,0,0.8007311224937439,0.8529659509658813,-0.05223482847213745,0.8912826776504517,0.2915369229944523,52.7574348449707,9,0.47368421052631576,0.25984180936046897
428,offbeat congressman having trouble finding committee to fit into,An offbeat congressman is struggling to find a committee to fit into.,irony,0,0.7960723638534546,0.7039504051208496,0.09212195873260498,0.9247108697891235,0.10600313379512592,112.56349182128906,7,0.5833333333333334,0.09802225005206373
429,movie deemed acceptable for mom and dad,A movie is deemed acceptable for a mother and father.,understatement,0,0.92633455991745,0.8594385981559753,0.06689596176147461,0.9388188123703003,0.1186840521952098,111.8940200805664,5,0.5,0.1114228209292016
430,12% of federal government that's currently functioning to shut down,A 12% of the federal government is currently working to shut down.,irony,0,0.7062139511108398,0.8681483268737793,-0.16193437576293945,0.9491971731185913,0.06484115071397648,67.9688491821289,5,0.4166666666666667,0.061547036959463
431,"Two Heroes Wield Lightsabers Against Fireworks, Save the Day",two heroes blew lightsabers against fireworks,overstatement,0,0.7588561773300171,0.9023643136024475,-0.14350813627243042,0.8767945170402527,0.0,3732.6884765625,9,1.0,0.0
432,heroic police officer talks man down from edge of purchasing subway footlong sweet onion chicken teriyaki,A police officer talks a man down from the edge of purchasing a subway footlong sweet onion chicken teriyaki.,satire,0,0.621907114982605,0.6193161606788635,0.002590954303741455,0.9258188009262085,0.3665882729601239,276.139404296875,5,0.2631578947368421,0.33939431530555153
433,man needs emotional support only a woman can feign,A man needs emotional support only a woman can feign.,sarcasm,0,0.7897950410842896,0.5612168908119202,0.22857815027236938,0.9707127809524536,0.7598356856515925,190.56890869140625,2,0.2,0.7375822114857717
434,David Beckham stared at a camera? This changes everything we thought we knew about soccer.,daniel beckham stared at a camera while playing soccer,overstatement,0,0.9498013854026794,0.7704139947891235,0.1793873906135559,0.8251004815101624,0.06093442415317837,892.7748413085938,12,0.8,0.05027702270933194
435,4-year-old reportedly loved trip to italy,A 4-year-old reportedly loved a trip to Italy.,sarcasm,0,0.5687298774719238,0.6536232233047485,-0.08489334583282471,0.9818107485771179,0.17286039232097053,45.28987121582031,3,0.375,0.16971619118398637
436,"Mind-blowing, earth-shattering gun ad by Brian Kemp that totally didn't backfire at all","mind-blowing, earth-shattering gun ad by brian kahl",overstatement,0,0.9612022638320923,0.883388876914978,0.07781338691711426,0.8046532273292542,0.17447394295753052,127.1305923461914,9,0.6923076923076923,0.14039102128563713
437,Fuller House to explain Olsen twins' absence with a heartfelt 'they're too busy being rich' – so original.,fuller house to explain olsen twins' absence with heartfelt 'they're too busy being rich',satire,0,0.9571036696434021,0.8822430968284607,0.0748605728149414,0.9668710231781006,0.3638295885708342,557.8731079101562,7,0.3888888888888889,0.3517762865639498
438,"Groundbreaking science reveals that celebrities, like Ryan Lochte, are prone to fibbing – shocker!","groundbreaking science reveals that celebrities, like ryan lochte, are prone to fibbing",overstatement,0,0.9290782809257507,0.8965043425559998,0.03257393836975098,0.9711154699325562,0.4495431954509448,382.5000305175781,5,0.35714285714285715,0.4365583515053272
439,"Firefighter who took in friend's 6 kids after he died on 9/11 gets best Father's Day gift ever. Because family is all about convenience, not tragedy.",firefighter who took in friend's 6 kids after he died on 9/11 gets best father's day gift ever,irony,0,0.8812824487686157,0.9442036151885986,-0.06292116641998291,0.9085528254508972,0.4541220136709458,273.1235656738281,12,0.46153846153846156,0.4125938386201888
440,Ted Cruz hits the panic button: 'We could lose both houses' – as if that's a bad thing.,ted cruz hits the panic button: 'we could lose both houses',satire,1,0.823204517364502,0.6446446180343628,0.17855989933013916,0.9535974860191345,0.24833177625142797,306.1706237792969,10,0.5555555555555556,0.23680855753202792
441,James Clapper says institutions under assault: from the administration that thinks truth is optional.,james clapper says institutions are under assault,irony,0,0.9204757809638977,0.9027419686317444,0.01773381233215332,0.847713828086853,0.028439110602897978,1185.0654296875,12,0.8571428571428571,0.024108227316568056
442,Best Low-Calorie Mixers: For When You Sacrifice Taste for Health,the best low-calorie mixers in the world,understatement,0,0.8555873036384583,0.7084335088729858,0.1471537947654724,0.8785690069198608,0.0,41.549137115478516,10,1.0,0.0
443,podcaster makes solemn promise to improve sound quality next episode,A podcaster pledges to improve sound quality next episode.,irony,0,0.914076030254364,0.9569767117500305,-0.042900681495666504,0.9313313364982605,0.4180134288483488,496.75286865234375,5,0.5,0.38930900536355323
444,The Atheist and the Nun: Can They Agree on Anything?,the atheist and the nun,rhetorical_question,0,0.9163074493408203,0.8068108558654785,0.1094965934753418,0.810026228427887,0.0417991745584234,645.5941162109375,8,0.8,0.03385842771895859
445,lab partner wants to be sex partner,A lab partner wants to be a sex partner.,sarcasm,0,0.7289841771125793,0.7331898212432861,-0.004205644130706787,0.9696115255355835,0.4671379777282001,172.78335571289062,3,0.3333333333333333,0.4529423672206475
446,Therapies for insomnia? Because sleeping is so overrated.,therapy for insomnia,overstatement,0,0.8734235763549805,0.8067039847373962,0.06671959161758423,0.7985939979553223,0.021460411779726157,458.29296875,7,0.875,0.017138156040939004
447,Charles Barkley's scooter skills: a masterclass in athletic grace that left Georgia State's coach in utter awe.,charles barkley's scooter skills have left georgia state's coach in awe,overstatement,0,0.6480885744094849,0.7256000638008118,-0.0775114893913269,0.9387949705123901,0.02747551257340107,541.37890625,13,0.7647058823529411,0.02579387301615886
448,Adventures in our own backyard – exploring the wild frontiers of the backyard shed.,adventures in our own backyard,understatement,1,0.8692672252655029,0.7076420187950134,0.1616252064704895,0.8091604709625244,0.11054202892156728,174.07110595703125,10,0.7142857142857143,0.08944624018332838
449,6 things millennials should do before buying a house: 1. Win the lottery 2. Inherit wealth...,6 things millennials should do before buying a house,overstatement,1,0.7865492105484009,0.6062475442886353,0.18030166625976562,0.9185357093811035,0.3966407007413138,153.20448303222656,8,0.5,0.36432864742484067
450,omarosa searches through tapes of everyone else in white house using n-word for one of trump,Omarosa searches through tapes of others in the White House using a n-word for Trump.,sarcasm,0,0.784238874912262,0.8387397527694702,-0.05450087785720825,0.96274733543396,0.19667812291861894,70.8420181274414,10,0.625,0.18935133877805324
451,"gwyneth paltrow reveals secret to her healthy, radiant skin eating 20 pounds of kielbasa a day","Gwyneth Paltrow reveals her secret to her healthy, radiant skin eating 20 pounds of kielbasa daily.",overstatement,0,0.7258559465408325,0.8002061247825623,-0.07435017824172974,0.9769279360771179,0.6668954865619205,58.75062561035156,5,0.3125,0.6515088312660824
452,personal life a total waste of time,Personal life is a waste of time.,understatement,1,0.6290327906608582,0.5820767879486084,0.046956002712249756,0.9329469203948975,0.08307018474412793,16.84739112854004,4,0.5714285714285714,0.07750007303366935
453,U.S. bobsled team honors Steven Holcomb by risking their lives on ice—what a tribute!,u.s. bobsled team honors steven holcomb by risking their lives on ice,overstatement,0,0.8898071646690369,0.8229471445083618,0.06686002016067505,0.9732136726379395,0.35891886215483493,229.5071258544922,6,0.42857142857142855,0.3493047440167372
454,You don't need to live in California to create this Venice Beach-inspired living room. Just pretend you're not in a suburb.,you don't need to live in california to create this venetian beach-inspired living room,sarcasm,1,0.6930396556854248,0.8076545596122742,-0.11461490392684937,0.8574721813201904,0.22210706127691282,66.87406921386719,12,0.5714285714285714,0.19045062631973164
455,"Another day, another life lost in the conflict. How routine.","another day, another life lost in the conflict",irony,1,0.7957310676574707,0.7673497796058655,0.028381288051605225,0.8293564915657043,0.5298765308495281,112.02791595458984,4,0.4,0.43945654058837136
456,"A carefully crafted policy announcement that achieved total, complete success",a carefully crafted policy announcement,sarcasm,0,0.9848029613494873,0.9809054136276245,0.003897547721862793,0.8764724731445312,0.24601580968354606,1671.9171142578125,6,0.6,0.21562608514599194
457,inside: the fetish photography of german chancellor helmut kohl,Inside: the fetish photography of German chancellor Helmut Kohl.,satire,0,0.8791272044181824,0.8115918636322021,0.06753534078598022,0.9915611743927002,0.3155984539112945,99.18064880371094,4,0.4444444444444444,0.3129351735968036
458,gay rights leader lookin' good,A gay rights leader looks good.,sarcasm,0,0.9740217924118042,0.9881581664085388,-0.01413637399673462,0.8900861144065857,0.20205155046766235,437.9777526855469,3,0.5,0.17984327946558773
459,teacher's lounge the site of 5 separate emotional breakdowns today,The teacher's lounge is the site of five separate emotional breakdowns.,overstatement,0,0.8275597095489502,0.8356556296348572,-0.008095920085906982,0.9482641220092773,0.13712233890675465,121.11274719238281,5,0.45454545454545453,0.13002819431127227
460,Where have all the children gone? Probably to the same place as common sense in this headline.,where have all the children gone?,rhetorical_question,1,0.8172665238380432,0.9146838784217834,-0.09741735458374023,0.7866445779800415,0.12148233648426672,68.2303466796875,12,0.7058823529411765,0.0955634213156954
461,kim jong-un's wife on nuclear threats: 'this isn't the man i was forced to marry',Kim Jong-un's wife on nuclear threats said: 'This is not the man i was forced to marry.',satire,0,0.5785118341445923,0.5999118685722351,-0.021400034427642822,0.9605234265327454,0.35864179742032526,53.712738037109375,8,0.47058823529411764,0.34448384815603356
462,Tearful Salma Hayek at a loss for words? Over Manchester attack? How profound.,tearful salma hayek at a loss for words,irony,1,0.6978831887245178,0.9205554723739624,-0.22267228364944458,0.8725005388259888,0.18505100105615155,452.0884094238281,9,0.6923076923076923,0.16145709813178083
463,area man settled for,A local man is settled for a specific location.,understatement,1,0.553992748260498,0.5793948769569397,-0.02540212869644165,0.7476662993431091,0.056122223243057295,237.5595703125,6,0.6666666666666666,0.04196069496304447
464,cannibal corpse blasting from papal apartment window,A cannibal corpse was found blasting from a window in a papal apartment.,sarcasm,1,0.610301673412323,0.5197781324386597,0.09052354097366333,0.9273363351821899,0.051424016050282635,153.1575927734375,9,0.6923076923076923,0.047687358584419214
465,Boehner's political analysis: 'nutso'. Deep stuff.,boehner's political analysis: 'nutso',satire,1,0.7541996240615845,0.5025306940078735,0.25166893005371094,0.9648645520210266,0.10305224267080783,562.537353515625,4,0.6666666666666666,0.09943145595933112
466,"American Richard Thaler wins Nobel Economics prize. Shocking, an American wins.",american john thaler wins the nfl economic prize,understatement,0,0.9475052356719971,0.947403609752655,0.00010162591934204102,0.6794648170471191,0.019090277826420414,1999.98779296875,10,0.9090909090909091,0.012971172130707422
467,"Indicted for hipster glasses? Finally, a crime wave we can all get behind.",indicted for hipster glasses,overstatement,0,0.9864386320114136,0.7181568145751953,0.26828181743621826,0.8786779642105103,0.017907794590318507,4131.03564453125,11,0.8461538461538461,0.015735184494121056
468,bin laden vineyard falling into disrepair,A bin Laden vineyard is in disrepair.,irony,0,0.6896690726280212,0.5703917741775513,0.11927729845046997,0.9475781917572021,0.039281465090051315,136.47357177734375,5,0.7142857142857143,0.03722225965960449
469,no one in gang has heart to tell police informant his cover's blown,No one in the gang has the heart to tell the police informant his cover was blown.,irony,1,0.8237165808677673,0.8051378726959229,0.018578708171844482,0.9326624870300293,0.12039217537411316,55.896427154541016,7,0.4117647058823529,0.11228526570337583
470,new mountain dew vows to kill 99.9% of stomach bacteria,Mountain Dew has pledged to kill 99.9% of stomach bacteria.,satire,0,0.9204440712928772,0.9145306944847107,0.005913376808166504,0.9464596509933472,0.392814650900513,87.5303726196289,5,0.5,0.37178321739637304
471,same jumbotron used for marriage proposal used to ask for divorce,The same jumbotron used for a marriage proposal was used to ask for divorce.,irony,0,0.8858616948127747,0.7976844310760498,0.08817726373672485,0.9703003168106079,0.39073802494525,39.507266998291016,4,0.2857142857142857,0.3791332293943273
472,usps unveils new line of commemorative prince-inspired postal workers,The USPS has launched a new line of commemorative postal workers inspired by princes.,satire,0,0.9135628342628479,0.9522835612297058,-0.03872072696685791,0.882231593132019,0.21142141714303078,127.96424102783203,9,0.6428571428571429,0.1865226536683252
473,"american public clarifies rational, measured response to this terror threat doesn't preclude panicked overreaction in future","The American public clarified that a rational, measured response to this terror threat does not prevent a panicked overreaction in the future.",sarcasm,0,0.8302685022354126,0.7417879700660706,0.08848053216934204,0.9038851261138916,0.33118227522229554,66.58765411376953,11,0.5,0.29935073260599016
474,"Even more executives come forward to defend LGBT rights, because corporations are so progressive.",even more executives come forward to defend lgbt rights,irony,0,0.9848125576972961,0.977965772151947,0.006846785545349121,0.9103482961654663,0.337019838632122,370.74639892578125,8,0.5714285714285714,0.30680543587271264
475,white castle crave case handcuffed to wrist,White Castle requests a case handcuffed to the wrist.,satire,0,0.7103805541992188,0.5199000239372253,0.1904805302619934,0.8790037631988525,0.11868405219520975,696.1310424804688,6,0.6666666666666666,0.1043237285112784
476,trump boys proud after mailing in hand-drawn republican ballots to north pole,Trump boys are proud after mailing hand-drawn Republican ballots to North Pole.,satire,0,0.9741835594177246,0.9793753027915955,-0.00519174337387085,0.9771863222122192,0.11530568323789493,559.1317138671875,6,0.5,0.11267513653340569
477,"OMG, Duchess of Cambridge on Vogue cover, because royal fashion is crucial news","omg, duchess of cambridge on 'vogue' cover",sarcasm,0,0.9833614230155945,0.8608275651931763,0.12253385782241821,0.92305588722229,0.01666998712262484,234.684814453125,11,0.8461538461538461,0.015387329753458624
478,"Moving forward from Charlottesville: just a casual, nationwide pivot away from literal fascism. No biggie.",moving forward from charlottesville,sarcasm,1,0.6783234477043152,0.534709632396698,0.1436138153076172,0.6920581459999084,0.010861626466864211,444.8197326660156,13,0.8666666666666667,0.007516877075201582
479,yeti releases abdominable crunch workout video,Yeti has released a workout video featuring an abdominable crunch.,satire,0,0.7011844515800476,0.8333112001419067,-0.13212674856185913,0.972297191619873,0.04939382737115371,428.0632019042969,8,0.8,0.048025479636329575
480,Kids changed you forever? Like that time they drew on the walls with permanent marker.,kids changed you forever,overstatement,1,0.610319197177887,0.7314646244049072,-0.12114542722702026,0.715859055519104,0.010861626466864211,1522.8931884765625,13,0.8666666666666667,0.007775393663970717
481,Is Failure Not an Option in the Iran Deal? Seriously?,is failure not an option in the iran deal?,rhetorical_question,1,0.968881368637085,0.9393268823623657,0.02955448627471924,0.9866607785224915,0.05022037190492093,391.2435607910156,7,0.7,0.049550471241398344
482,woman assaulted by celebrity just needs to sit tight for 40 years until dozens more women corroborate story,A woman assaulted by a celebrity needs to sit tight for 40 years until more women corroborate the story.,sarcasm,0,0.927976131439209,0.816821813583374,0.11115431785583496,0.9426055550575256,0.5161040075276384,119.42363739013672,6,0.3157894736842105,0.486482504483003
483,Cultural exchange with Russia during frost? Great timing.,cultural exchange with russia during frost,irony,0,0.9848065972328186,0.8732575178146362,0.11154907941818237,0.9557129740715027,0.06846046760764757,1780.4798583984375,5,0.625,0.06542855710363063
484,"Is the media selling or telling in Gaza's war? A question with a clear, unbiased answer.",is the media selling or telling in gaza's war?,rhetorical_question,1,0.8605540990829468,0.832549512386322,0.028004586696624756,0.95832359790802,0.28046732918876704,898.2264404296875,9,0.5625,0.26877846000383226
485,"singer cites girlfriend as reason he lives, dies, breaks down, cries","The singer cites his girlfriend as a reason he lives, dies, breaks down, and cries.",overstatement,0,0.8544719219207764,0.8745899796485901,-0.02011805772781372,0.94954514503479,0.40016016019225,92.48096466064453,5,0.3333333333333333,0.37997013734689483
486,Photographer Creates 'Awesomely Surreal' Pics of His Son: Because Normal Childhood Photos Are So Boring,photographer creates 'awesomely surreal' pics of his son,irony,0,0.8564373850822449,0.8513080477714539,0.005129337310791016,0.9091676473617554,0.01157883880415623,138.97940063476562,14,0.9333333333333333,0.01052710563475572
487,3 simple tai chi moves to erase all holiday family drama—guaranteed or your money back.,3 simple tai chi moves to erase all holiday family drama,overstatement,0,0.7267133593559265,0.8159359097480774,-0.08922255039215088,0.8955584168434143,0.620870567578328,624.0459594726562,5,0.3333333333333333,0.5560258625651195
488,cherokee nation leader announces 32 red a winner,The Cherokee Nation leader announced 32 Red a winners.,sarcasm,0,0.5346315503120422,0.525688648223877,0.008942902088165283,0.9469678997993469,0.03155984539112946,4732.3369140625,6,0.6666666666666666,0.02988616050802996
489,sessions vows to protect all deeply held religious bigotry,Sessions vow to protect all deeply held religious bigotry.,sarcasm,0,0.9260669350624084,0.9160071015357971,0.010059833526611328,0.9559834599494934,0.5873949094699213,347.7367248535156,3,0.3333333333333333,0.5615398179117749
490,paul ryan slits auto mechanic's throat to kick off gop purge of working class,Paul Ryan slits an auto mechanic's throat to kick off the GOP purge of working class.,sarcasm,0,0.9534939527511597,0.9572690725326538,-0.0037751197814941406,0.9602506756782532,0.393755531055134,157.51771545410156,6,0.375,0.3781040147477418
491,nation exhibits strange preoccupation with manner in which food is processed,The nation is concerned about the manner in which food is processed.,sarcasm,0,0.8909080028533936,0.8829320669174194,0.007975935935974121,0.8312631845474243,0.33180774028439425,30.40566635131836,6,0.5,0.2758195588462903
492,How two parents 'home-schooled' their kids by shackling them. Innovative parenting at its finest.,how two parents 'home-schooled' their kids by shackling them,irony,0,0.9786965847015381,0.9043484926223755,0.0743480920791626,0.8889373540878296,0.41653323821535565,39.374725341796875,7,0.5,0.37027195466879387
493,report: you're far too dumb to be reading the mueller report yourself,A report states that you are too dumb to read the Mueller report yourself.,sarcasm,1,0.918483316898346,0.8206825256347656,0.09780079126358032,0.9293869137763977,0.08032276872815308,140.267333984375,10,0.7142857142857143,0.07465093013423355
494,concerned text from mom ​gleefully ​mocked like ramblings of village idiot,A concerned text from a mother is gleefully mocked like ramblings of a village idiot.,sarcasm,0,0.6872341632843018,0.8760862946510315,-0.18885213136672974,0.9427008628845215,0.1143433820088083,171.47996520996094,8,0.5333333333333333,0.10779160488483805
495,report: much of u.s. still underpaved,A report states that many areas of the U.S. are still underpaved.,understatement,1,0.8271450400352478,0.5786091089248657,0.24853593111038208,0.8535464406013489,0.020255986027125642,43.996456146240234,10,0.8333333333333334,0.01728942477432375
496,self-defense instructor keeps a couple of secrets to himself,A self-defense instructor keeps secrets to himself.,understatement,0,0.7703934907913208,0.9052529335021973,-0.13485944271087646,0.9736294746398926,0.15447878876032708,105.53003692626953,5,0.5555555555555556,0.1504051019437242
497,man born to party dies partying,A man born to a party dies after partying.,overstatement,0,0.7155424952507019,0.7116621732711792,0.003880321979522705,0.9618428349494934,0.14923729480049117,546.4925537109375,4,0.4444444444444444,0.14354282271109772
498,small town beginning to wonder what taking heroin epidemic so long to get there,A small town is beginning to wonder what it takes for the heroin epidemic to reach its destination.,irony,0,0.6317041516304016,0.581540584564209,0.05016356706619263,0.9064867496490479,0.18710158230410626,37.48748779296875,11,0.6111111111111112,0.16960510519704308
499,area throat-clearer to go see movie,A local throat-clearer is scheduled to watch a movie.,irony,0,0.6944431066513062,0.9242522716522217,-0.22980916500091553,0.768728494644165,0.028517539529041507,114.12792205810547,7,0.7777777777777778,0.021922245233115548
500,"Texas deputy victim of 'cold-blooded' gas station attack, because who needs safety when refueling?",texas deputy victim of 'cold-blooded' gas station attack,irony,0,0.6032934784889221,0.5401153564453125,0.06317812204360962,0.8381727337837219,0.3213863618224058,203.7874755859375,8,0.5714285714285714,0.2693772854894903
501,campaign adviser recommends throwing old blanket over romney for debates,A campaign adviser recommends throwing an old blanket over Romney for debates.,satire,0,0.8606743216514587,0.805850088596344,0.054824233055114746,0.9767707586288452,0.317023313852343,616.0665893554688,4,0.3333333333333333,0.3096591027745836
502,Check out these exhausted Olympians at the end of the decathlon. They look fresh.,check out these exhausted olympic athletes at the end of the decathlon,understatement,0,0.6374142169952393,0.9044213891029358,-0.26700717210769653,0.7996524572372437,0.35891886215483493,63.85295486450195,7,0.5,0.2870103500709093
503,"HuffPost Rise: Your essential guide for February 15, a date that changes everything.",huffpost rise: your essential guide for february 15,overstatement,1,0.8177750706672668,0.7072728276252747,0.11050224304199219,0.9065362215042114,0.07358282223449895,537.7101440429688,10,0.7692307692307693,0.06670549363607876
504,nation's ivy leaguers share hearty laugh that dartmouth grad thinks she can talk shit on anyone,The Nation's Ivy Leaguers share a hearty laugh that a Dartmouth grad thinks she can talk shit on anyone.,sarcasm,0,0.9344942569732666,0.955996036529541,-0.021501779556274414,0.988073468208313,0.388172465412544,109.04800415039062,8,0.42105263157894735,0.3835429141631438
505,"This year's flu season is so apocalyptic, it's already RSVPing to your funeral.",this year's flu season is apocalyptic,overstatement,0,0.6256711483001709,0.7654554843902588,-0.1397843360900879,0.7620724439620972,0.1582341759519314,284.0987854003906,9,0.6923076923076923,0.12058590518601686
506,"Pope to address Congress on morality, they'll listen intently.",pope to address congress on morality,irony,0,0.7301548719406128,0.8758174180984497,-0.14566254615783691,0.8910439014434814,0.05795053470733952,1798.96533203125,6,0.6666666666666666,0.051636470536363686
507,Arizona Republicans want to prosecute protesters like terrorists – peaceful protest is so violent.,arizona republicans want to prosecute protesters like terrorists,sarcasm,0,0.9423531293869019,0.949326753616333,-0.006973624229431152,0.9042498469352722,0.3213863618224058,714.7677001953125,8,0.5714285714285714,0.2906135684849945
508,41 photos of presidential pets over time? The ultimate historical document for pet lovers.,41 photos of presidential pets over time,satire,0,0.8954085111618042,0.657071590423584,0.23833692073822021,0.9377598762512207,0.29765372490051634,914.380126953125,8,0.5714285714285714,0.2791277202284231
509,white house graciously accepts saudi prince's thank-you gift of severed yemeni head,The White House accepts the Saudi prince's thank-you gift of a severed Yemeni head.,sarcasm,0,0.8919779062271118,0.7958777546882629,0.09610015153884888,0.9763323068618774,0.19674979811155635,84.02838897705078,8,0.5714285714285714,0.19209318426486446
510,Revenge via Snapchat? Because nothing says justice like filtered selfies.,how to revenge via snapchat,satire,0,0.9286186695098877,0.5394991636276245,0.3891195058822632,0.7635265588760376,0.01976560930094397,1135.96337890625,10,1.0,0.015091567653637953
511,Will robotics breed a new generation of super professionals? Or just a new generation of unemployed philosophers?,will robotics breed a new generation of super professionals?,rhetorical_question,1,0.8628146648406982,0.7534245252609253,0.10939013957977295,0.92448890209198,0.35492969367213006,367.2460632324219,9,0.5294117647058824,0.3281285628227903
512,world's oldest woman just pleased every other human on earth when she was born now dead,The world's oldest woman is pleased every other human on earth when she was born now dead.,irony,0,0.8812305331230164,0.7704699039459229,0.1107606291770935,0.972766637802124,0.6964705665515707,109.28297424316406,3,0.17647058823529413,0.6775033313525118
513,"Scientists reveal the secret to charisma: be yourself, smile, and don't be boring—revolutionary.","scientists reveal the secret to charisma: be yourself, smile, and don't be boring",overstatement,0,0.8465690612792969,0.6521859765052795,0.19438308477401733,0.9809194803237915,0.8242367502646054,64.85517883300781,2,0.15384615384615385,0.8085098847333274
514,supreme court justices brought to tears by heartfelt testimony of bigot who hates gay people,Supreme Court justices were brought to tears by testimony of a bigot who hates gay people.,irony,0,0.9434457421302795,0.9351489543914795,0.008296787738800049,0.9745181202888489,0.3446073377034663,59.165321350097656,6,0.375,0.33582609497652655
515,Mnuchin touts Trump's call for unconstitutional veto – democracy is so last season.,mnuchin touts donald trump's call for unconstitutional veto,irony,0,0.9628376960754395,0.8992984890937805,0.06353920698165894,0.7747883796691895,0.1956676107876841,539.714599609375,9,0.6923076923076923,0.1516009911159314
516,"Scott Walker works wonders on job numbers, unemployment vanishes magically.",scott walker works wonders on job numbers,sarcasm,0,0.9827126264572144,0.9759207963943481,0.006791830062866211,0.7780653238296509,0.26782849591300867,1342.7852783203125,6,0.6,0.2083880654033634
517,Firefighters are overjoyed to rescue a dozen police officers from an elevator – thank goodness for that break from doughnut duty.,firefighters are overjoyed to rescue a dozen police officers from an elevator,sarcasm,0,0.9723361134529114,0.9816750884056091,-0.009338974952697754,0.926995038986206,0.4268313634950563,86.72956085205078,10,0.47619047619047616,0.3956705564436352
518,"Oh, let's all be thrilled to learn how 'Serial' was made, because who doesn't love endless true crime podcasts?",let's all be thrilled to learn how'serial' was made,sarcasm,0,0.9375157952308655,0.8114297389984131,0.1260860562324524,0.6512529850006104,0.20096362295675757,922.0462036132812,12,0.631578947368421,0.13087815932712554
519,Oops: hot mic catches Al Roker going to the bathroom – the scandal of the century!,oops: hot mic catches al roker going to the bathroom,understatement,0,0.9141679406166077,0.7377362251281738,0.17643171548843384,0.8934141397476196,0.20850333290253842,696.9158935546875,9,0.5625,0.18627982579963293
520,"A new joint message from the Kremlin and Trump admin – the dynamic duo of democracy, I'm sure.",a new joint message from the kremlin and trump admin,sarcasm,0,0.9787977337837219,0.9687236547470093,0.010074079036712646,0.90044105052948,0.19199242796476848,486.2204895019531,11,0.6111111111111112,0.17287786353030163
521,"My battle with depression and anxiety: it's not so bad, really.",my battle with depression and anxiety,understatement,0,0.6381478309631348,0.5795822739601135,0.05856555700302124,0.8726943135261536,0.22083358203177395,56.65696716308594,7,0.6363636363636364,0.19272021127474048
522,"Gene Simmons, the epitome of rock 'n' roll, tells aspiring musicians to abandon dreams and get a real job. Rock on!","gene sanders, the epitome of rock 'n' roll, tells aspiring musicians to abandon their dreams",sarcasm,0,0.871828556060791,0.8286337852478027,0.04319477081298828,0.7217292785644531,0.480368664402279,58.055335998535156,10,0.47619047619047616,0.34669612960402674
523,"Whiteness History Month causes controversy? I'm shocked, because history months are always so unifying.",whiteness history month causes controversy,sarcasm,0,0.9363409876823425,0.9211412072181702,0.015199780464172363,0.9158738255500793,0.010561658476875811,4464.6025390625,13,0.9285714285714286,0.009673146553369674
524,McDonald's uses bachata princess to target Hispanics – because nothing says 'authentic' like corporate music.,mcdonald's uses bachata princess to target hispanics,satire,0,0.9384194016456604,0.9081822633743286,0.030237138271331787,0.8354408144950867,0.19605997334125028,1069.6856689453125,10,0.6666666666666666,0.1637965038180991
525,"A 'Married... with Children' spinoff is happening, finally bringing quality television back.",a'married... with children' spinoff is happening,overstatement,1,0.9364965558052063,0.5577573776245117,0.3787391781806946,0.8746000528335571,0.0351487760467425,919.6903686523438,9,0.75,0.030741121387515856
526,"Chronic stress creates hormonal havoc: just a little stress, no big impact on health.",chronic stress causes hormonal havoc,understatement,0,0.5666025280952454,0.6851409673690796,-0.11853843927383423,0.933567225933075,0.010561658476875811,2384.17626953125,12,0.8571428571428571,0.009860018205509496
527,"Voting in Myanmar's first free election in 25 years, let's see if it's actually free this time.",voting in birmingham's first free election in 25 years,irony,0,0.9168977737426758,0.9613251686096191,-0.04442739486694336,0.6195410490036011,0.19204616400673585,149.27642822265625,11,0.6470588235294118,0.11898048190585074
528,A baby and a dog sit for photos monthly for two years. This isn't adorable; this is a commitment to content farming of epic proportions.,a baby and a dog sit for photos monthly for two years,overstatement,0,0.6766317486763,0.6964338421821594,-0.019802093505859375,0.8906652927398682,0.2797473662906489,278.06005859375,15,0.6,0.2491612698904679
529,"Well, that protest really brought people together, didn't it?","'the protest' brought people together, didn't it?'",irony,0,0.8707247972488403,0.5000882148742676,0.37063658237457275,0.9146615266799927,0.30895757752065417,189.93722534179688,5,0.5555555555555556,0.2825916095343937
530,"When Trump goes low, Latinos go high – except when they're being deported, then they're just trying to survive.","when trump goes low, latinos go high",irony,0,0.8363810777664185,0.8834543228149414,-0.04707324504852295,0.8583324551582336,0.018811583401694264,282.48602294921875,15,0.7894736842105263,0.016146592566590113
531,Lisa Bloom planned to discredit accusers: defending the indefensible since forever,lisa bloom planned to discredit accusers,sarcasm,0,0.9278973937034607,0.8482797741889954,0.07961761951446533,0.9372844696044922,0.08781124185932357,4903.8037109375,8,0.7272727272727273,0.08230411325142788
532,Melania Trump mocked for teaching kids digital responsibility? She's clearly the moral compass we all need.,melania trump mocked for teaching kids digital responsibility,sarcasm,0,0.966253936290741,0.9695025086402893,-0.00324857234954834,0.9189230799674988,0.19018379497840193,10772.7158203125,11,0.6875,0.17476427864146044
533,third knocked-over glass of water makes man want to give up,A man has a third glass of water that is knocked over.,overstatement,1,0.5724133253097534,0.5494803786277771,0.02293294668197632,0.8307662606239319,0.09578464408619825,102.08846282958984,11,0.9166666666666666,0.07957465059268513
534,gop convention to feature strong lineup of conservative women listeners,The GOP convention will feature a strong lineup of conservative women listeners.,sarcasm,0,0.9300109148025513,0.9642820954322815,-0.034271180629730225,0.9598315954208374,0.3448444257953326,155.15817260742188,5,0.4166666666666667,0.33099257538311666
535,Protesters swarm ICE HQ after raids – because what better way to solve immigration issues than with more enforcement?,protesters swarm ice hq after raids,irony,0,0.9431091547012329,0.8892227411270142,0.05388641357421875,0.8427639603614807,0.010945442177607803,8910.22265625,16,0.8421052631578947,0.009224424197508341
536,Trusting in grace? In this economy? How quaint.,trusting in grace,rhetorical_question,1,0.8389958143234253,0.7107929587364197,0.12820285558700562,0.7099274396896362,0.021460411779726157,2969.37451171875,7,0.875,0.015235335189466301
537,One local election will definitively reshape the entire political cosmos for the GOP. No exaggeration here.,one local election will reshape the entire political cosmos for the gop,overstatement,0,0.5128853917121887,0.8296205401420593,-0.3167351484298706,0.9484502077102661,0.4543142611141302,218.62828063964844,6,0.375,0.4308944553194329
538,fourth-grade teacher polishing up speech on this not being third grade anymore,A fourth-grade teacher is polishing up a speech on this not being a third-grade teacher.,irony,0,0.9373829364776611,0.938377857208252,-0.0009949207305908203,0.9074333310127258,0.31535540524901323,60.26163864135742,6,0.4,0.28616400583798013
539,"Betsy DeVos, the epitome of clarity, struggles to explain her own rules.","betsy devos, the epitome of clarity, struggles to explain her own rules",sarcasm,0,0.9327865242958069,0.8945974707603455,0.038189053535461426,0.977144181728363,0.7102992180127422,236.40345764160156,3,0.25,0.6940647481673571
540,"Delta Airlines celebrates first black female captain, tokenism much?",delta airlines celebrates first black female captain,sarcasm,0,0.8737728595733643,0.9542960524559021,-0.08052319288253784,0.8860527276992798,0.30895757752065417,4019.454833984375,5,0.5555555555555556,0.27375270430553733
541,"gm workers strike for 2,000-peso raise","GMC workers are protesting for a 2,000-peso raise.",irony,0,0.9674597978591919,0.9681379199028015,-0.0006781220436096191,0.8211910724639893,0.03655552228545124,87.02015686035156,5,0.625,0.030019068550070964
542,angelina jolie stuns in first rollerblading competition since double mastectomy,Angelina Angele has won a rollerblading competition since her double mastectomy.,irony,0,0.7669754028320312,0.9257176518440247,-0.1587422490119934,0.7738854289054871,0.10025157431478134,105.84728240966797,7,0.6363636363636364,0.07758323258704486
543,fashion industry pretends to care about plus-size models,The fashion industry is concerned about plus-size models.,sarcasm,0,0.9722275733947754,0.969103991985321,0.0031235814094543457,0.9351723194122314,0.08307018474412793,53.19017028808594,5,0.625,0.07768493734116869
544,clinton campaign airlifts 200 crates of volunteers to wisconsin headquarters,Clinton campaign airlifts 200 crates of volunteers to wisconsin headquarters.,overstatement,0,0.9448606371879578,0.9461691379547119,-0.0013085007667541504,0.9750760793685913,0.7598356856515925,832.84521484375,2,0.2,0.7408976013295002
545,henry rollins laboriously explains why buying organic is punk rock,Henry Rollins explains why buying organic is a punk rock product.,satire,0,0.929527759552002,0.9581075310707092,-0.028579771518707275,0.9603668451309204,0.40352786374639904,515.7686767578125,5,0.45454545454545453,0.38753478142854914
546,ryan zinke calls for legislation to slow down destruction of wildlife so he can truly savor every minute of it,Ryan Zinke calls for legislation to slow down the destruction of wildlife so he can truly savor every minute of it.,sarcasm,0,0.9539344906806946,0.9254902005195618,0.028444290161132812,0.9807734489440918,0.7098232254187811,45.9935188293457,4,0.19047619047619047,0.6961757729345974
547,bertolli packaging promises empty ravioli floating in filling-saturated water in just 5 minutes,Bertolli packaging promises empty ravioli floating in filling-saturated water in 5 minutes.,sarcasm,0,0.8197477459907532,0.7355458736419678,0.0842018723487854,0.9774879813194275,0.6709489882833027,389.5046081542969,3,0.23076923076923078,0.6558445721253578
548,Caitlyn Jenner gets candid with Diane Sawyer again – because the world needs more celebrity confessions.,caitlyn jenner gets candid with david sawyer again,satire,0,0.9398356080055237,0.6601496934890747,0.279685914516449,0.8262263536453247,0.05434388648448332,984.1168212890625,12,0.75,0.0449003511729901
549,republicans give in right before obamacare would have been repealed,Republicans give in before Obamacare would have been repealed.,irony,1,0.8166745901107788,0.571799099445343,0.2448754906654358,0.9495662450790405,0.13977121394614234,104.05626678466797,4,0.4,0.1327220267969776
550,fbi releases list of criminals it in no particular rush to track down,The FBI releases a list of criminals it intends to track down.,sarcasm,0,0.785081148147583,0.9608877897262573,-0.17580664157867432,0.9010502099990845,0.24107473040766186,45.2171516418457,8,0.6153846153846154,0.2172204364592964
551,"HuffPollster: Republican women really don't like Trump: They're mildly uncomfortable, but hey, party loyalty comes first, right?",huffpollster: republican women really don't like donald trump,understatement,0,0.6690431237220764,0.8969001770019531,-0.2278570532798767,0.8547110557556152,0.11223910575107081,349.23358154296875,13,0.7647058823529411,0.09593200457356388
552,Sharing dreams is important? To your Instagram followers?,sharing your dreams is important to your social media followers,rhetorical_question,0,0.6897051334381104,0.9537520408630371,-0.26404690742492676,0.7901158928871155,0.04939382737115371,90.77338409423828,7,0.7,0.03902684801647116
553,desperate u.s. colleges weigh emergency bob marley legend ban,U.S. colleges are considering an emergency Bob Marley legend ban.,overstatement,0,0.904730498790741,0.8402247428894043,0.06450575590133667,0.8801203966140747,0.02777619034011792,186.4069061279297,8,0.8,0.024446391658572614
554,peter strzok summoned before congress again for texts calling trey gowdy 'a pissy little shithead',Peter Strzok was summoned to Congress again for texts calling Trey Gowdy 'a pissy little shithead'.,sarcasm,0,0.6883018612861633,0.6764747500419617,0.01182711124420166,0.9809424877166748,0.22894156860669912,171.73829650878906,8,0.5,0.2245785118508132
555,$5 million bounty placed on recession,A $5 million bounty was placed on a recession.,overstatement,0,0.5582717657089233,0.5556932687759399,0.0025784969329833984,0.9666386842727661,0.14923729480049117,154.72654724121094,4,0.4444444444444444,0.1442585422903737
556,mass grave blasted for lack of diversity,A mass grave is criticized for its lack of diversity.,satire,0,0.5379061102867126,0.8002136945724487,-0.2623075842857361,0.7931375503540039,0.06674094719041482,55.084571838378906,5,0.5,0.05293475136291155
557,"new york family man latest victim of nation's misguided war on tax evasion, perjury, campaign finance violations","New York family man is the latest victim of the nation's misguided war on tax evasion, perjury and campaign finance violations.",satire,0,0.9075325131416321,0.9472947716712952,-0.039762258529663086,0.9304217100143433,0.33246844418058435,47.595497131347656,8,0.38095238095238093,0.3093358583603075
558,"Election cycle so terrifying, haunted houses now include voter fraud simulations","terrifying, haunted houses now include voter fraud simulations",overstatement,0,0.9180296659469604,0.9442501664161682,-0.026220500469207764,0.9668482542037964,0.6872892787909722,1105.6568603515625,3,0.2727272727272727,0.6645044393320378
559,"Donors giving to Orlando victims' fund at a record rate—because in times of tragedy, generosity always shines through... right?",donors giving to orlando victims' fund at a record rate,irony,0,0.6185467839241028,0.8935271501541138,-0.274980366230011,0.8808774948120117,0.18368857957428913,427.32086181640625,12,0.631578947368421,0.1618071358009767
560,"papal apartments found filled with old newspapers, empty pill bottles, mangy cats","Papal apartments were found filled with old newspapers, empty pill bottles, and mangy cats.",satire,0,0.6504722237586975,0.5302783250808716,0.12019389867782593,0.9767885208129883,0.5437427682227519,113.43675994873047,4,0.2857142857142857,0.5311216942750614
561,Kids sue government over climate change: since when do children have rights?,kids sue government over climate change,rhetorical_question,0,0.7148088812828064,0.9391980767250061,-0.2243891954421997,0.9150376915931702,0.18693159143202892,184.1185760498047,8,0.6666666666666666,0.17104945190980136
562,"Texas leads the abortion限制 charge, a shining model for the nation.",texas leads the abortion charge,sarcasm,0,0.9521393775939941,0.918916642665863,0.033222734928131104,0.7848811149597168,0.034222269664256,1731.339599609375,9,0.8181818181818182,0.02686041317053334
563,Kate Middleton battles a disease that leaves you feeling lost and alone—because royalty isn't all glamour.,kate middleton battles a disease that leaves you feeling lost and alone,irony,1,0.6510130763053894,0.7851070165634155,-0.13409394025802612,0.8410401940345764,0.5089516295822079,271.2958679199219,7,0.4375,0.428048777298034
564,A flawless display of harmony that makes every divorced family feel inadequate and inspired.,a flawless display of harmony that makes every divorced family feel inadequate and inspired,irony,0,0.9738963842391968,0.9698586463928223,0.004037737846374512,0.970212459564209,0.8385766789076257,481.19488525390625,2,0.14285714285714285,0.8135975421761534
565,job placement service helps students who fail out of dad's alma mater find work at dad's company,A job placement service helps students who fail out of their father's alma mater find work at their father's company.,satire,0,0.9701340794563293,0.9434086680412292,0.026725411415100098,0.9430371522903442,0.5830738459889044,49.00849914550781,6,0.3,0.5498602992963552
566,"Schock faces scrutiny nationwide, but his home district is just bursting with pride for their scandal-prone rep.","schock faces scrutiny nationwide, but his home district is bursting with pride",sarcasm,0,0.8599336743354797,0.8333188891410828,0.026614785194396973,0.9269834756851196,0.4844686348057844,286.14862060546875,6,0.35294117647058826,0.4490944189526909
567,"The worst place for a child? Anywhere without Wi-Fi, obviously.",the worst place for a child,overstatement,1,0.7434552907943726,0.8652932643890381,-0.12183797359466553,0.7609876394271851,0.2608840516436559,75.16455078125,6,0.6,0.19852953862450556
568,'what if no one travels anywhere ever again?' wonders panicked transportation secretary,The transportation secretary wonders if no one travels anywhere ever again.,rhetorical_question,0,0.6756662726402283,0.7903695702552795,-0.11470329761505127,0.8291921615600586,0.4883499409416459,284.9014892578125,9,0.75,0.4049359431271303
569,john kerry actually pretty good at windsurfing now,John Kerry is very good at windsurfing.,understatement,0,0.8299760818481445,0.9386682510375977,-0.10869216918945312,0.9604063034057617,0.0605543865104477,71.7450942993164,6,0.75,0.058156814503502796
570,"Diabetes rates may be leveling off, so we can all breathe easy now.","diabetes rates may be at a low level, so we can all breathe",understatement,0,0.9149986505508423,0.7019810080528259,0.21301764249801636,0.9197920560836792,0.3867706276352344,69.64076232910156,7,0.5384615384615384,0.3557485508253873
571,who's this little guy?,Who's this little guy?,rhetorical_question,1,0.94797283411026,0.9536287784576416,-0.005655944347381592,1.0000001192092896,0.3976353643835253,41.85353088378906,1,0.25,0.3976353643835253
572,Discover the 5 napping myths you've fallen for – because who doesn't love a good nap-scare?,discover the 5 napping myths you've fallen for,satire,0,0.6179046034812927,0.5207481384277344,0.09715646505355835,0.9006756544113159,0.30934850332660563,367.5470275878906,9,0.5625,0.27862266567485167
573,mom thinks you'd enjoy restaurant she can't remember name of right now,A mother thinks you'd enjoy a restaurant that she cannot remember the name of.,understatement,0,0.6024707555770874,0.5495694875717163,0.052901268005371094,0.8806992173194885,0.08737167851715878,93.31280517578125,9,0.6428571428571429,0.07694816888595171
574,tank rolls by living room window,A tank is rolled by a living room window.,irony,1,0.6097643971443176,0.5059245824813843,0.10383981466293335,0.8589076995849609,0.06030725360407769,186.4842529296875,5,0.5555555555555556,0.05179836446136521
575,37 separate aneurysms on verge of rupturing inside reince priebus' brain,37 separate aneurysms are on the verge of rupturing inside Reince Piebus' brain.,overstatement,1,0.7331690788269043,0.6940404176712036,0.039128661155700684,0.8070309162139893,0.2891784933232572,144.89666748046875,5,0.38461538461538464,0.2333759844160492
576,"Amazon shelves the series before it begins, because why take risks on sci-fi?",amazon shelves the series before it starts,sarcasm,1,0.5911756753921509,0.6349210143089294,-0.043745338916778564,0.7033766508102417,0.260899397956404,672.2431640625,8,0.6153846153846154,0.18351054473298387
577,"This country's capital just made it punishable to catcall women – finally, a law against 'compliments'.",this country's capital just made it punishable to catcall women,sarcasm,0,0.9370662569999695,0.9490456581115723,-0.011979401111602783,0.8487591743469238,0.48301556221513736,241.241455078125,7,0.4375,0.4099638897824352
578,"Channing Tatum teases Gambit with vague hype – because we all trust superhero movie promises, right?",channing tatum teases 'gambit' with vague hype,sarcasm,0,0.9096083045005798,0.6782729625701904,0.2313353419303894,0.8907543420791626,0.04856507409206696,752.348388671875,12,0.75,0.04325955062090489
579,woman digs excitedly into ingrown hair around bikini line like grave robber pillaging spoils of the dead,"A woman digs excitedly into ingrown hair around a bikini line, like a grave robber pillaging spoils of the dead.",overstatement,0,0.7549824118614197,0.8288658261299133,-0.07388341426849365,0.964149534702301,0.5468017145144113,160.07762145996094,5,0.25,0.52719861862349
580,Inclusion riders for all films: Affleck and Damon's fix for Hollywood,inclusion riders for all films: affleck and damon,sarcasm,0,0.9417087435722351,0.599941611289978,0.3417671322822571,0.9676804542541504,0.2512421854739509,1687.7923583984375,6,0.5454545454545454,0.2431221521672383
581,gallant amazon user heroically defends 'fringe' season 2 box set from negative reviewers,Amazon user defends 'Fringe' season 2 box set from negative reviewers.,sarcasm,0,0.9484328627586365,0.8101511597633362,0.1382817029953003,0.899595320224762,0.41368176800977946,189.74034118652344,5,0.38461538461538464,0.37214618256390325
582,"Matt Bomer, Zachary Quinto prep 'Boys in the Band' for Broadway. Another reboot, how original.",matt bomer and  Zachary quinto prep 'boys in the band' for 'boys in the band',sarcasm,0,0.6640816926956177,0.8498696684837341,-0.18578797578811646,0.7857240438461304,0.03514847831369806,529.2384643554688,11,0.7333333333333333,0.027617004515676856
583,bush dies peacefully in his sleep,Bush died peacefully in his sleep.,understatement,1,0.6674321293830872,0.6601115465164185,0.007320582866668701,0.9506983160972595,0.20205155046766235,55.745849609375,3,0.5,0.19209006879444704
584,thursday cry moved up to wednesday due to scheduling conflict,The thursday cry was moved up to wednesday due to a scheduling conflict.,irony,1,0.5836445093154907,0.6096411943435669,-0.025996685028076172,0.9566448926925659,0.44082318755867267,114.78497314453125,4,0.3076923076923077,0.4217112509584613
585,brad pitt bored with sight of jennifer aniston's naked body,Brad Pitt is bored with the sight of Jennifer Anniston's naked body.,sarcasm,0,0.561465859413147,0.6939470767974854,-0.13248121738433838,0.9413738250732422,0.053863663688318665,67.96881103515625,7,0.5833333333333334,0.05070584311873124
586,deadlocked supreme court: 'someone's voting twice',A deadlocked Supreme Court said that some people are voting twice.,rhetorical_question,0,0.8165091872215271,0.9005741477012634,-0.08406496047973633,0.8617843389511108,0.022416933501922302,106.92041778564453,9,0.8181818181818182,0.01931856221926512
587,mark zuckerberg defends decision to fly confederate flag at facebook headquarters,Mark Zuckerberg defends his decision to fly a confederate flag at Facebook headquarters.,sarcasm,0,0.9384242296218872,0.9256256222724915,0.012798607349395752,0.9782912731170654,0.13440569963077395,67.87809753417969,6,0.46153846153846156,0.13148792300597975
588,new pepsi negative-220 burns twice the calories it contains,The new Pepsi negative-220 contains twice the calories it contains.,overstatement,0,0.6191441416740417,0.706428587436676,-0.08728444576263428,0.9413948059082031,0.30213753973567675,675.6640625,4,0.4,0.28443071057704944
589,nra criticizes video game makers for downplaying portrayal of euphoric rush felt watching light leave enemy's eyes,The NRA criticizes video game makers for downplaying the portrayal of an euphoric rush felt watching light leave enemy's eyes.,satire,0,0.7575042843818665,0.8771411776542664,-0.1196368932723999,0.9479888677597046,0.5588265197414455,319.44232177734375,5,0.25,0.5297613197237891
590,flea market vendor could possibly let unidentifiable lump go for $15,A flea market vendor is considering allowing a lump to go for $15.,irony,1,0.7912328839302063,0.5779953598976135,0.21323752403259277,0.9138591289520264,0.10120193244194395,162.07968139648438,7,0.5384615384615384,0.09248430982965672
591,Plane diverted because Ebola virus reclined its seat—the ultimate in in-flight terror.,plane diverted because ebola virus reclined its seat,overstatement,0,0.9061198830604553,0.7824927568435669,0.12362712621688843,0.9495210647583008,0.1048451277926229,2249.017822265625,7,0.5833333333333334,0.09955265737637141
592,fox cancels apatow's 40-year-old virgin,Fox cancels Apache's 40-year-old virgin.,satire,0,0.8488249778747559,0.7729535102844238,0.07587146759033203,0.7511557936668396,0.06389431042462725,161.89244079589844,3,0.6,0.0479945814578063
593,White House creates more problems – innovative problem-making at its finest.,white house creates more problems,satire,0,0.9823148250579834,0.9531797170639038,0.02913510799407959,0.8364781141281128,0.08009199706981218,897.3685302734375,8,0.7272727272727273,0.06699520266571082
594,Twitter bad for language? Study says no—because emojis and hashtags are the height of eloquence.,"twitter is bad for language, study says no",irony,0,0.7636458277702332,0.5586216449737549,0.20502418279647827,0.7908953428268433,0.02709850435615371,315.70867919921875,13,0.8666666666666667,0.021432080892854893
595,kids in bus accident mocked by kids in passing bus,Children in a bus accident are mocked by children in a passing bus.,irony,0,0.9005380868911743,0.918485701084137,-0.017947614192962646,0.9526184797286987,0.05344445934790546,81.4776382446289,6,0.46153846153846156,0.05091217961392394
596,"Bill de Blasio, Adam Smith and the living wage movement, proving that economic theories are best discussed over coffee.","bill de blasio, adam smith and the living wage movement",irony,0,0.9583134055137634,0.8419578671455383,0.1163555383682251,0.7089591026306152,0.11292956255471857,267.1443176269531,14,0.7368421052631579,0.08006244132926121
597,"Police arrest suspects in Brazil—a rare feat, considering the usual chaos.",police arrest suspects in brazil,irony,0,0.9403383731842041,0.9122352600097656,0.028103113174438477,0.9138606786727905,0.08009199706981218,1252.6177978515625,8,0.7272727272727273,0.0731929267984777
598,Collective impact? As if communities can work together.,collective impact,sarcasm,1,0.9021528959274292,0.5272809863090515,0.3748719096183777,0.831200122833252,0.0,1413.9678955078125,8,1.0,0.0
599,"Cooking off the cuff: mushrooms make the meatloaf (duck doesn't hurt either), because why use one expensive, unusual protein when you can use two?",cooking off the cuff: mushrooms make the meatloaf (duck doesn't hurt either),rhetorical_question,1,0.899800717830658,0.9037994146347046,-0.003998696804046631,0.7587724924087524,0.29689921002426245,140.27415466308594,14,0.5833333333333334,0.22527895358429928
600,pete buttigieg releases comprehensive list of fun personality quirks to include in articles about him,Pete Buttigieg has released a comprehensive list of fun personality quirks to include in his articles about him.,sarcasm,0,0.9246907830238342,0.9158942699432373,0.008796513080596924,0.9642177820205688,0.4877956849311217,80.74079132080078,7,0.3888888888888889,0.47034127340349036
601,every picture on man's tinder clearly from same event where he dressed up,Every picture on a man's tinder is clearly from the same event where he dressed up.,irony,0,0.78578120470047,0.7768335342407227,0.008947670459747314,0.9690334796905518,0.32069326294908396,124.33238220214844,5,0.3125,0.31076250850886794
602,Top 10 workout songs: because nothing boosts your cardio like a carefully curated Spotify playlist.,top 10 workout songs,understatement,0,0.5725727081298828,0.6634657979011536,-0.09089308977127075,0.8067113161087036,0.010861626466864211,8372.6787109375,13,0.8666666666666667,0.008762196982165156
603,"Earth without the moon: darker nights, no tides, werewolves jobless.",earth without the moon,satire,1,0.7024484276771545,0.5889890193939209,0.11345940828323364,0.637783944606781,0.03791080144520064,263.4309997558594,8,0.8,0.02417890048892452
604,"Reply all email creates havoc: a digital tsunami that drowns Case Western students in pure, unadulterated spam.",reply all email creates havoc: a digital tsunami that drowns case west students,overstatement,0,0.8906974196434021,0.8482589721679688,0.04243844747543335,0.8829866647720337,0.4890197813272515,2447.890380859375,7,0.4117647058823529,0.43179794572169905
605,Sikh student shot dead: just another Tuesday in America.,sikh student shot dead in u.s. on tuesday,understatement,0,0.960310161113739,0.6962403655052185,0.2640697956085205,0.9436728954315186,0.057367534172156044,251.3759002685547,7,0.7777777777777778,0.05413618707600508
606,court takes custody of harley from unfit motorcycle mama,A court took custody of Harley from an unfit motorcycle mama.,sarcasm,0,0.6141297221183777,0.5410492420196533,0.07308048009872437,0.9732539653778076,0.06238986072117501,580.7598876953125,5,0.45454545454545453,0.0607211793462527
607,guinea pig returned for store credit,A guinea pig was returned for store credit.,irony,1,0.7731069922447205,0.5889541506767273,0.18415284156799316,0.9621497392654419,0.17286039232097053,97.65686798095703,3,0.375,0.1663175814009438
608,engineers still unable to produce styrofoam cup without little center nub sticking out from bottom,Engineers are still unable to produce a styrofoam cup without a center nub sticking out from the bottom.,overstatement,1,0.6919195055961609,0.5106562376022339,0.181263267993927,0.9200530648231506,0.4033582072599889,38.778076171875,6,0.3333333333333333,0.3711109548111244
609,actor-comedian pauly shore bad at 32,The actor-comedian Pauly Shore is 32 years old.,sarcasm,1,0.5215941667556763,0.5795390605926514,-0.0579448938369751,0.8845786452293396,0.03303164318013808,43.32242202758789,7,0.875,0.029219086173985494
610,mom keeps sending newspaper clippings about former classmates who have been murdered,A mother keeps sending newspaper clippings about former classmates who have been murdered.,irony,0,0.8998146057128906,0.8696694374084473,0.03014516830444336,0.9421296119689941,0.7361703354503866,67.68804168701172,3,0.23076923076923078,0.693567872480957
611,new archie graphic novel explores rich inner life of jughead,Archie's new graphic novel explores the rich inner life of Jughead.,satire,1,0.5765885710716248,0.7118576765060425,-0.13526910543441772,0.9823103547096252,0.3508439695638686,73.35145568847656,4,0.36363636363636365,0.34463766419001673
612,"cow ted cruz milking in wisconsin photo op only giving curdled, foul liquid","Ted Cruz milking in the Wisconsin photo op only gave a curdled, foul liquid.",satire,0,0.8463445901870728,0.6260406374931335,0.2203039526939392,0.9375168085098267,0.10390302174233558,414.2409362792969,8,0.5714285714285714,0.09741082933840159
613,"Christophe Michalak: pastry superhero, saving the world one dessert at a time.",chrise michalak: a pastry superhero,understatement,1,0.6336767673492432,0.5114271640777588,0.12224960327148438,0.8283582329750061,0.015756142963855618,1661.7808837890625,12,1.0,0.013051730744041016
614,Coming Soon: A New 'Fraggle Rock' Movie: A Truly Groundbreaking and Necessary Piece of Modern Cinema,coming soon: a new 'fraggle rock' movie,satire,1,0.861070454120636,0.5036069750785828,0.3574634790420532,0.909595251083374,0.0,150.85494995117188,16,1.0,0.0
615,enormous grace slick threatens california coastline,An enormous grace slick threatens the California coastline.,overstatement,0,0.6303074359893799,0.6590906381607056,-0.028783202171325684,0.9764803647994995,0.345720784641941,2268.5048828125,4,0.5,0.33758955790593176
616,Laser strikes soar: pilots must love the light show.,laser strikes soar: pilots must love the light show,irony,0,0.9776452779769897,0.97247713804245,0.005168139934539795,0.9918913841247559,0.7259795291154771,1820.4635009765625,2,0.2222222222222222,0.7200928399805891
617,police say conditions too nippy to rescue missing hiker,Police say conditions are too nippy to rescue a missing hiker.,sarcasm,1,0.7688757181167603,0.8403264284133911,-0.07145071029663086,0.9575545787811279,0.28997844147152074,153.77243041992188,4,0.36363636363636365,0.27767018437887
618,19 women react to Girls' finale—as if the world needed more opinions on TV.,19 women react to girls' finale,satire,0,0.9510491490364075,0.9161282181739807,0.03492093086242676,0.9439622163772583,0.13394233819643575,2689.471435546875,10,0.7142857142857143,0.1264365064306598
619,"Burger King has officially revoked its citizenship in a bold, totally normal, and not-at-all-stunt-like move. The culinary world trembles.","burger king has officially revoked its citizenship in a bold, totally normal, and not-at-all-stunt-like move",overstatement,0,0.7839484810829163,0.7855285406112671,-0.00158005952835083,0.9260201454162598,0.594369170846281,79.70133972167969,7,0.3684210526315789,0.5503978260180149
620,senate rejects pipeline plan that would have created thousands of climate activist jobs,The Senate rejected a pipeline plan that would have created thousands of climate activist jobs.,sarcasm,0,0.9243131875991821,0.9400301575660706,-0.015716969966888428,0.9639394283294678,0.6262844962765469,50.97187042236328,5,0.3333333333333333,0.6037003193124233
621,Sign of the times: local governments restrict signs—because free speech is too messy.,sign of the times: local governments restrict signs,sarcasm,0,0.9139569997787476,0.9147265553474426,-0.0007695555686950684,0.840075671672821,0.3641784587358345,528.013916015625,7,0.5384615384615384,0.3059374633312789
622,David Duchovny reveals groundbreaking secrets about the 'X-Files' miniseries that no one asked for.,david duchovny reveals secrets about the 'x-fires' miniseries,satire,1,0.5193706750869751,0.6404682993888855,-0.1210976243019104,0.7807852029800415,0.0737822369486502,305.5997314453125,9,0.6428571428571429,0.05760807885227336
623,naacp demands less minority representation on upn,The NSA demands less minority representation on the Upn.,sarcasm,0,0.683222234249115,0.669107973575592,0.01411426067352295,0.6607701182365417,0.44632361378533286,1377.742919921875,4,0.4444444444444444,0.294917307052695
624,Superintendent calls dress code violators 'skanks' – educational excellence at its finest.,superintendent calls dress code violators'skanks',sarcasm,0,0.9784302711486816,0.889005720615387,0.08942455053329468,0.9083273410797119,0.06557378107648686,2133.302978515625,9,0.75,0.05956245820974843
625,moron stepfather takes care of child who doesn't have his genetic material,A moron stepfather takes care of a child who does not have his genetic material.,sarcasm,0,0.8314054012298584,0.7441626787185669,0.0872427225112915,0.9746311902999878,0.3615855225145535,69.79081726074219,5,0.3333333333333333,0.3524125282036023
626,trump postpones grand opening of trump tower moscow until fuss over bombshell report dies down,Trump has delayed the grand opening of Trump Tower moscow until the fuss over a bombshell report dies.,sarcasm,0,0.916841447353363,0.8883361220359802,0.028505325317382812,0.9047486782073975,0.08847487574766279,239.91259765625,10,0.5555555555555556,0.08004752688726163
627,"Chemistry lessons for leaders: mix policies like chemicals, what could fail",chinese lessons for leaders: mix policies like chemicals,irony,0,0.668212890625,0.8561816215515137,-0.18796873092651367,0.742546796798706,0.46761439722697934,6829.9130859375,5,0.45454545454545453,0.34722557279785127
628,rnc: 'we warned you gay marriage would be a slippery slope toward accepting pedophilia',The RNC stated that gay marriage would be a slippery slope toward accepting pedophilia.,sarcasm,0,0.8841421604156494,0.8855589032173157,-0.0014167428016662598,0.9259647130966187,0.5956403592718089,75.71900939941406,5,0.35714285714285715,0.5515419543818874
629,Queer couple discovers 'power of family'? How surprisingly traditional and mundane.,queer couple discovers 'power of family',irony,0,0.9673454761505127,0.8256431818008423,0.1417022943496704,0.9243975877761841,0.22083358203177395,525.2906494140625,7,0.6363636363636364,0.2041380305301459
630,benadryl introduces new non-drowsy allergy dart,Benadryl introduces a new allergy dart that is non-drowsy.,overstatement,0,0.8207173943519592,0.914872407913208,-0.09415501356124878,0.9739021062850952,0.06030725360407769,82.24807739257812,6,0.6666666666666666,0.05873336130928066
631,U.S. fears Russia ramping up support for Assad – because international relations are just a game of whack-a-mole.,u.s. fears russia ramping up support for syrian rebels,irony,0,0.9265114665031433,0.9108901619911194,0.015621304512023926,0.7641947269439697,0.11610218285945821,147.7383575439453,13,0.7222222222222222,0.08872467592788251
632,Shocking that a Trump pick has Koch ties. Who could have predicted?,'shocking' that a trump pick has ties to koch,sarcasm,0,0.5960800051689148,0.7997203469276428,-0.20364034175872803,0.8717254400253296,0.051388060025202714,1171.2645263671875,8,0.6666666666666666,0.04479627923751789
633,"School aide creatively serves pet treats as cookies, students none the wiser.",school aide serves pet treats as cookies,sarcasm,0,0.887654721736908,0.8742099404335022,0.013444781303405762,0.919741690158844,0.21281397709599684,8651.267578125,7,0.5833333333333334,0.19573388698369765
634,man worried harassing messages he sending on dating app getting lost among abuse from other guys,A man is worried that harassing messages he sent on a dating app is becoming lost among abuse from other men.,sarcasm,0,0.7510432004928589,0.7896053791046143,-0.03856217861175537,0.9454058408737183,0.2668173065178967,114.50360870361328,8,0.38095238095238093,0.25225064002821274
635,crocodile bites off bush's arm,A crocodile bites off a bush's arm.,sarcasm,1,0.8172374367713928,0.6501343846321106,0.16710305213928223,0.9448763132095337,0.17567205239427922,70.15737915039062,3,0.42857142857142855,0.1659883612002586
636,"Holiday dressing: reuse clothes, because fashion is overrated.",holiday dressing: reuse clothes,irony,0,0.8970543146133423,0.6933460235595703,0.20370829105377197,0.867798388004303,0.06250434473199146,6788.95556640625,6,0.75,0.054241169601687435
637,"worthless dog can't talk, drive, solve crimes","A dog cannot talk, drive or solve crimes.",overstatement,1,0.6284550428390503,0.5526689887046814,0.0757860541343689,0.8042424917221069,0.03655552228545124,250.797607421875,5,0.625,0.029399504329054315
638,"Your money or your life: the classic dilemma, now with modern inflation",your money or your life,irony,1,0.8389114141464233,0.9072690606117249,-0.06835764646530151,0.6176913976669312,0.06557378107648686,61.32461929321289,9,0.75,0.04050436048344053
639,archangels already sick of cardinal o'connor telling them how they do it in new york,Archangels are sick of Cardinal O'Connor telling them how they do it in New York.,irony,0,0.8368678092956543,0.9348748922348022,-0.09800708293914795,0.9564121961593628,0.4428500142691474,54.59444046020508,6,0.4,0.4235471547163604
640,coworker retreats to remote corner of office to complete disgusting food order,A coworker returned to a remote corner of the office to complete a disgusting food order.,understatement,0,0.8151736259460449,0.781042754650116,0.034130871295928955,0.8362554907798767,0.12300686288463772,73.34432220458984,6,0.375,0.10286516449088572
641,"White House lawyer insists Trump won't fire Mueller – and we all believe that, don't we?",white house lawyer insists donald trump won't fire julian zelizer,rhetorical_question,0,0.8317373991012573,0.9105908870697021,-0.07885348796844482,0.654914140701294,0.03464082076796055,721.3887329101562,13,0.8125,0.02268676336643642
642,former chinese dissident has your order ready,A former Chinese dissident has your order ready.,irony,1,0.5832468867301941,0.6400774717330933,-0.05683058500289917,0.9725239276885986,0.3655552228545123,366.5466003417969,3,0.375,0.3555112011175513
643,"Great, because a concert will fix everything, right?",this is why a concert will fix everything,sarcasm,0,0.9820775389671326,0.9745233058929443,0.007554233074188232,0.8984162211418152,0.345720784641941,242.26431274414062,5,0.625,0.31060116090819595
644,Bernie Sanders tells Donald Trump: stop talking about Bill Clinton's sex life—because Trump is the epitome of discretion.,blake sanders tells donald trump: stop talking about bill clinton's sex life,sarcasm,0,0.8268955945968628,0.8239086866378784,0.002986907958984375,0.8253687620162964,0.05809632336794161,478.580322265625,13,0.7222222222222222,0.047950890495896396
645,beauty industry exec keeps photo of crying 15-year-old girl on desk to remind himself why he does this,A beauty industry executive keeps a photo of a crying 15-year-old girl on his desk to remind himself why he does this.,sarcasm,0,0.9457976222038269,0.9417345523834229,0.004063069820404053,0.9282994270324707,0.4328015276270854,34.725223541259766,6,0.2727272727272727,0.40176941011500145
646,Grassroots activists are solving the addiction crisis – because that's worked so well.,grassroots activists are solving the addiction crisis,sarcasm,0,0.9876300692558289,0.9648950099945068,0.02273505926132202,0.9310490489006042,0.3433629176453739,412.15008544921875,7,0.5384615384615384,0.3196877179014619
647,Obama Eats Shave Ice in Hawaii: A Relaxing Start to the Year,obama eats shave ice in hawaii,understatement,0,0.865742564201355,0.8660567402839661,-0.000314176082611084,0.9370236396789551,0.01501861529550426,2728.2783203125,11,0.9166666666666666,0.014072797567131428
648,Ashley Benson is giving us 'Baywatch' vibes – because we needed more reasons to obsess over celebrities.,ashley benson is giving us 'babywatch' vibes,satire,1,0.937047004699707,0.6745067238807678,0.2625402808189392,0.7597299814224243,0.04209998943014297,468.7914123535156,13,0.7647058823529411,0.031984624187646776
649,"Mindfulness as body armor? Because meditation stops bullets, right?",mindfulness as body armor,understatement,0,0.7160810232162476,0.7806475758552551,-0.06456655263900757,0.8097389340400696,0.04867843262263999,2357.32470703125,7,0.7777777777777778,0.039416822142597854
650,"Midlife sex: it's okay, nothing to write home about.","midlife sex: it's okay, nothing to write home about",understatement,0,0.8505659699440002,0.8860771059989929,-0.035511136054992676,0.986238956451416,0.7259795291154771,50.20770263671875,2,0.2222222222222222,0.7159892931999385
651,Senate amendment to 'dramatically improve' heroin treatment – about time they noticed.,senate amendment to 'dramatically improve' heroin treatment,sarcasm,0,0.919575035572052,0.8939763307571411,0.02559870481491089,0.9380980134010315,0.3960914423407551,197.0947723388672,6,0.5,0.37157259518501157
652,7 Trump presidency fashion must-haves: blend in with the swamp.,7 must-haves for trump presidency,satire,1,0.8786508440971375,0.534457802772522,0.3441930413246155,0.6599360108375549,0.023505403213046533,508.302001953125,9,0.9,0.015512062029546175
653,"Two thumbs down on air nonsense, because vague criticisms are the pinnacle of insightful review.",two thumbs down on air nonsense,overstatement,0,0.8607020378112793,0.6619787812232971,0.19872325658798218,0.7146973609924316,0.11337974147240094,2185.740966796875,11,0.7333333333333333,0.08103220202032911
654,literary study finds all modern narratives derived from classic 'alien vs. predator' conflict,A literary study finds that all modern narratives are derived from the classic 'Alien vs. Predator' conflict.,satire,0,0.8795819878578186,0.8503644466400146,0.029217541217803955,0.9836710691452026,0.11502783619900048,85.12712097167969,7,0.4117647058823529,0.11314955461533004
655,The conundrum of the midterms: choosing between two piles of garbage.,the conundrum of the midterms,irony,1,0.8827597498893738,0.7160572409629822,0.1667025089263916,0.7149428129196167,0.08009199706981218,75.5606689453125,8,0.7272727272727273,0.05726119767744122
656,Antoni Porowski strips for Hanes: underwear ads just got Queer Eye.,antoni porowski strips for harvey hanes,sarcasm,1,0.9296973347663879,0.8319112062454224,0.09778612852096558,0.618385374546051,0.03752060266200604,15458.5556640625,9,0.8181818181818182,0.023202191930338165
657,ghost of carl sagan warns against dangers of superstition,The ghost of Michael Sagan warns against the dangers of superstition.,satire,1,0.6374256610870361,0.5287865400314331,0.10863912105560303,0.9148927927017212,0.06904573083274564,96.25325012207031,5,0.45454545454545453,0.06316944150570199
658,$13 bacon cheeseburger-stuffed donut: the culinary innovation that will change breakfast forever!,$13 bacon cheeseburger-stuffed donut,overstatement,1,0.5642626881599426,0.8132743239402771,-0.24901163578033447,0.8722221255302429,0.0538140946637381,140.23690795898438,9,0.75,0.04693784403109135
659,new don blankenship campaign ad touts jobs created in wake of upper big branch mining disaster,A new Don Blankenship campaign advertisement highlights jobs created in the wake of an Upper Big Branch mining disaster.,sarcasm,0,0.9735543727874756,0.9740333557128906,-0.00047898292541503906,0.9272040128707886,0.0712695567709093,119.31907653808594,11,0.5789473684210527,0.06608141903350959
660,vocalist leaves journey tribute band over creative differences,A vocalist leaves a tribute band over creative differences.,satire,0,0.6849048733711243,0.6079317927360535,0.0769730806350708,0.8546192646026611,0.3549481056010053,263.43426513671875,3,0.3333333333333333,0.30334548898083885
661,authorities say dozens of bystanders failed to act as man went about his life,Authorities say dozens of bystanders failed to act as a man went about his life.,irony,0,0.6916236877441406,0.5245779156684875,0.16704577207565308,0.9691041111946106,0.6475445426291286,63.908145904541016,3,0.2,0.6275380784435224
662,Serena Williams: 'Doctors aren't listening' so black women are dying—but sports commentary is more important.,serena williams: 'doctors aren't listening' so black women are dying,understatement,0,0.933399498462677,0.9441460967063904,-0.010746598243713379,0.911089301109314,0.31356006812336346,209.7834930419922,9,0.6,0.2856812233223041
663,Southwest's 'True North' means never getting lost... or maybe just cheaper flights.,sweden's 'true north' means never getting lost,overstatement,0,0.9454251527786255,0.7674031257629395,0.17802202701568604,0.5429705381393433,0.08003089005192225,340.0754089355469,9,0.75,0.04345441543926284
664,candidates preparing for colorado debate conditions with high-altitude speaking drills,Candidates prepare for colorado debate conditions with high-altitude speaking drills.,overstatement,0,0.916632890701294,0.9095852375030518,0.0070476531982421875,0.9886125922203064,0.6389431042462724,759.6376953125,3,0.3,0.6316671985701968
665,Giants release player over abuse? NFL's moral compass is so reliable.,the nfl's moral compass for the 'giants' release of a player over abuse,sarcasm,0,0.9696223139762878,0.8227936029434204,0.14682871103286743,0.9081359505653381,0.04913270548144422,291.0973815917969,13,1.0,0.04461917619623814
666,bush vows to put man on moon before it disappears at end of month,President Bush vows to put a man on the moon before it disappears at the end of the month.,overstatement,0,0.6834719777107239,0.7286403775215149,-0.045168399810791016,0.9586948156356812,0.3014335251508215,23.2081298828125,7,0.3684210526315789,0.2889827578208803
667,shakira just not feeling up to jiggling ass today,Shakira is not feeling up to jiggling ass today.,understatement,1,0.8669475317001343,0.8782668709754944,-0.011319339275360107,0.9699265360832214,0.5873949094699213,105.14092254638672,3,0.3333333333333333,0.5697299098550782
668,authorities say country still an active shooter situation,Authorities state that the country remains an active shooter situation.,sarcasm,0,0.8220295906066895,0.5308266282081604,0.29120296239852905,0.9177353382110596,0.1122444464861146,69.5827407836914,6,0.6,0.10301069505824756
669,"Billy Eichner comedy special heading to Netflix, finally some entertainment.",lizard eichner's comedy special is heading to hollywood,understatement,0,0.8710809350013733,0.7543491721153259,0.11673176288604736,0.5761702656745911,0.06469512492861311,490.5045471191406,7,0.7,0.037275407317969876
670,"nation dutifully gets in cars, stands in line, watches new star wars movie","The nation gets in cars, stands in line and watches a new Star Wars movie.",sarcasm,0,0.948479950428009,0.9539614915847778,-0.005481541156768799,0.9425140619277954,0.27668736912821895,69.70510864257812,8,0.5333333333333333,0.26078173616115297
671,Andy Mientus: A Broadway and TV star you may have vaguely heard of,elizabeth mientus: a Broadway and tv star you may have heard of,understatement,1,0.9257001876831055,0.8827198147773743,0.0429803729057312,0.7666826844215393,0.263558592604558,468.6512756347656,5,0.38461538461538464,0.2020658092804254
672,millions of people prince william would never deign to speak to captivated by royal wedding,Millions of people Prince William would never deign to speak to captivated by the royal wedding.,sarcasm,0,0.8017882108688354,0.7515985369682312,0.05018967390060425,0.9218625426292419,0.4958271734659374,87.81255340576172,5,0.3125,0.4570844988359793
673,"Even Bush's environment chief calls Trump's energy plan bonkers – when your环保 chief thinks you're nuts, you might be nuts.",even bush's environment chief calls donald trump's energy plan bonkers,irony,0,0.8171403408050537,0.8875453472137451,-0.0704050064086914,0.8254467844963074,0.06462613646424778,1774.18896484375,15,0.75,0.05334543653883289
674,"Reporter confronts racist, who learns a valuable lesson, no doubt.",reporter confronts 'racial' racial abuse,sarcasm,0,0.7839115858078003,0.9197455048561096,-0.13583391904830933,0.6490616798400879,0.01976560930094397,2150.902099609375,9,0.9,0.01282909957593356
675,satellite frantically trying to bounce signal to swearing man's phone,A satellite is frantically trying to bounce a signal to swearing a man's phone.,satire,0,0.8469631671905518,0.852076530456543,-0.005113363265991211,0.9473450183868408,0.2737928561916526,259.2222595214844,5,0.35714285714285715,0.2593762983830668
676,Genius inventions for napping anywhere? The pinnacle of human innovation.,genius inventions for napping anywhere,overstatement,0,0.9807966947555542,0.9548982977867126,0.025898396968841553,0.9348959922790527,0.09782458612762486,4366.2822265625,7,0.7,0.0914558135170735
677,hillary clinton threatened by black man,Hillary Clinton is threatened by a black man.,sarcasm,0,0.5921567678451538,0.8558561205863953,-0.26369935274124146,0.948131263256073,0.06500593260343691,65.24227905273438,5,0.625,0.06163415699843578
678,Rubio's path is smooth as butter. This 'rocky road' metaphor is spot on.,robio's path is smooth as butter,irony,0,0.7838921546936035,0.6408144235610962,0.14307773113250732,0.768968939781189,0.1582341759519314,160.9880828857422,9,0.6923076923076923,0.1216771665189068
679,"Gender equality will change everyone's lives, especially privileged men",gender equality will change everyone's lives,satire,0,0.9679663181304932,0.9738812446594238,-0.005914926528930664,0.9340275526046753,0.3081980909598119,104.98822021484375,5,0.5555555555555556,0.2878655086166262
680,historical archives: popular hymns heard sung of late.,historical archives: popular hymns sung of late,satire,0,0.6220698356628418,0.5178001523017883,0.10426968336105347,0.9746437072753906,0.42383656282787796,320.737548828125,2,0.25,0.413089638873422
681,siblings playing tense game of chicken to decide who going to care for mom,The siblings are playing a tense game of chicken to decide who will care for their mother.,satire,0,0.6641669869422913,0.5585058331489563,0.10566115379333496,0.9434528946876526,0.4052127766461669,43.52452087402344,7,0.4117647058823529,0.3822991670912474
682,Larry Kudlow 'Leaning' Toward Senate Run in Connecticut: Exactly What Our Economic Policy Needs—More TV Pundits,larry kudlow 'leaning' toward a senate run in kentucky,sarcasm,1,0.7779002785682678,0.642013430595398,0.13588684797286987,0.7523888349533081,0.011017167600428483,482.6578063964844,16,1.0,0.00828919389537172
683,"Hillary Clinton is incredibly tough on Wall Street, if you count taking their money as a sign of strength.",hillary clinton is incredibly tough on wall street,sarcasm,1,0.9237709641456604,0.7417386770248413,0.1820322871208191,0.9202678203582764,0.08741190345016817,212.94662475585938,15,0.7894736842105263,0.08044236186145436
684,man on gurney has brief word with protagonist before entering ambulance,A man on gurney has a brief word with his protagonist before entering an ambulance.,irony,0,0.5626724362373352,0.7667033076286316,-0.2040308713912964,0.9756523370742798,0.3040559696901293,113.88166809082031,5,0.3333333333333333,0.29665291742956107
685,voter dreading being sent over to visibly stupid poll worker,A voter is dreading being sent over to a potentially stupid poll worker.,sarcasm,0,0.7936785817146301,0.8122443556785583,-0.018565773963928223,0.9378421306610107,0.3438931217657843,191.19020080566406,5,0.38461538461538464,0.32251745803648957
686,greyhound now offering direct service from kansas to l.a. porn director's driveway,Greyhound is now offering direct service from Kansas to the L.A. porn director's driveway.,satire,0,0.8393334150314331,0.9273355603218079,-0.08800214529037476,0.9832345247268677,0.3161487584488943,122.72212982177734,6,0.42857142857142855,0.31084837425648787
687,sun dreading rising today,The sun is dreading rising today.,irony,1,0.5386127233505249,0.6112534999847412,-0.07264077663421631,0.9591512680053711,0.09554427922043669,491.76239013671875,3,0.5,0.09164141656494108
688,Test-driven teacher evaluations strike out—because nothing improves education like more testing.,test-driven teacher evaluations strike out,sarcasm,0,0.9319100379943848,0.9385544061660767,-0.0066443681716918945,0.8616229295730591,0.08009199706981218,1239.1529541015625,8,0.7272727272727273,0.06900910115064844
689,mexicans sweeping the nation,Mexicans are sweeping the nation.,sarcasm,0,0.848086953163147,0.8990036249160767,-0.05091667175292969,0.9696860909461975,0.11362193664674995,141.57009887695312,3,0.6,0.11017761159272346
690,"Erick Erickson, noted sexist, slams Donald Trump for being sexist: the pot calling the kettle black.","eric erickson, noted sexist, slams donald trump for being sexist",irony,0,0.8051153421401978,0.8818747997283936,-0.0767594575881958,0.8887213468551636,0.07208393585152544,1154.0057373046875,11,0.6875,0.06406253255658889
691,HuffPost Rise: your daily dose of indispensable news you can't live without.,huffpost rise: your daily dose of essential news,overstatement,0,0.8522645235061646,0.9294359087944031,-0.07717138528823853,0.8852648735046387,0.22172045047934608,704.3929443359375,7,0.5833333333333334,0.19628132654698982
692,heartless monster walks out of local small business without buying anything,A monster walks out of a local small business without buying anything.,sarcasm,0,0.5943290591239929,0.6722004413604736,-0.07787138223648071,0.8506896495819092,0.53107253497887,97.30912780761719,3,0.25,0.4517779086837511
693,Josef Koudelka's enigmatic art: where every photo leaves you puzzled.,joef koudelka's enigmatic art,irony,1,0.6975895762443542,0.6389333009719849,0.058656275272369385,0.8192294836044312,0.017926911178691992,1185.8087158203125,9,0.9,0.014686254187542346
694,"Finally, a remake of 'Hocus Pocus' that no one asked for. Because who needs original ideas?",a remake of 'hocus pocus' that no one asked for,irony,0,0.6036940217018127,0.6070544719696045,-0.003360450267791748,0.8536804914474487,0.20850333290253842,51.78261184692383,9,0.5625,0.17799522770067
695,chinese citizens observe 25-year moment of silence for tiananmen square massacre,Chinese citizens observe a 25-year silence during the tiananmen square massacre.,irony,0,0.8088798522949219,0.9134494066238403,-0.10456955432891846,0.9516439437866211,0.06238986072117501,110.38868713378906,7,0.6363636363636364,0.05937293310899699
696,popular new exercise app just tells users they ran 5 miles a day no matter what,A new exercise app tells users they ran 5 miles a day no matter what.,satire,0,0.9683873653411865,0.9653383493423462,0.003049015998840332,0.9388391971588135,0.6774546186626388,127.42281341552734,3,0.1875,0.636020950296762
697,thick sweater no match for determined nipples,A thick sweater is not suitable for determined nipples.,irony,1,0.8238756656646729,0.896597683429718,-0.07272201776504517,0.8391884565353394,0.07171781507224269,419.82855224609375,5,0.5555555555555556,0.06018476253656224
698,apple announces new iphone with n-word on back knowing customers will buy it anyway,Apple announces a new iPhone with a n-word on its back so customers can buy it anyway.,sarcasm,0,0.9446592330932617,0.9656916260719299,-0.021032392978668213,0.9413583874702454,0.04213287322556837,59.318119049072266,8,0.47058823529411764,0.03966213359910932
699,that cheesecake sitting on the table: what if it accidentally fell into your mouth?,that cheesecake sitting on the table: what if it accidentally fell into your mouth?,rhetorical_question,1,0.9490084052085876,0.9490084052085876,0.0,1.0,1.0,51.795475006103516,0,0.0,1.0
700,Tyra Banks brings tears to teen designer's eyes with this so-called heartwarming surprise,tyran banks brings tears to teen designer's eyes with heartwarming surprise,irony,0,0.9254798889160156,0.7798255085945129,0.14565438032150269,0.8580472469329834,0.5265610219239905,1247.53076171875,4,0.3076923076923077,0.4518142352040983
701,lazy event planner throws 'bags of ice'–themed party,A lazy event planner throws 'bags of ice' themed party.,sarcasm,0,0.8350376486778259,0.9259892702102661,-0.09095162153244019,0.958336591720581,0.5169731539571706,1693.638916015625,4,0.4,0.4954342903743541
702,another fond childhood memory destroyed,A childhood memory has been destroyed.,understatement,1,0.6034892797470093,0.7461130023002625,-0.14262372255325317,0.8236327171325684,0.08633400213704504,105.21043395996094,5,0.8333333333333334,0.07110750876106336
703,quick scan of room confirms area man once again sweatiest person present,A quick scan of the room confirms that the area man is the sweatiest person present.,sarcasm,1,0.5564417839050293,0.534724771976471,0.02171701192855835,0.9191200733184814,0.10074708078532289,69.78443145751953,7,0.4375,0.09259866427802894
704,Dustin Lance Black praises Hollywood's accurate depiction of trans actors,dustin lance black praises hollywood's accurate depiction of trans actors,sarcasm,0,0.9573830962181091,0.9614095687866211,-0.004026472568511963,1.0000001192092896,0.4111336169005197,646.4165649414062,4,0.4,0.4111336169005197
705,'game of thrones' actors reveal reading script for zombie battle and realizing they wasted careers,'Game of Thrones' actors reveal they read a script for a zombie battle and realized they wasted their careers.,sarcasm,0,0.8519783616065979,0.8014906048774719,0.05048775672912598,0.946638822555542,0.08562365224473288,112.25528717041016,9,0.47368421052631576,0.08105467334385913
706,A new kind of Valentine's Day – because the old ways of commercialized romance weren't enough.,a new kind of valentine's day,irony,0,0.8946853280067444,0.6655184030532837,0.2291669249534607,0.7863340377807617,0.03816260839884378,47.37190628051758,13,0.8125,0.030008557954508838
707,hire of local moron gives nation hope for employment,The hiring of a local moron gives the nation hope for employment.,sarcasm,0,0.9747267961502075,0.984860897064209,-0.010134100914001465,0.953496515750885,0.14734754237051595,139.98976135253906,5,0.4166666666666667,0.14049536825474285
708,5 reasons to let your mind wander? Like we need an excuse to daydream at work.,5 reasons to let your mind wander,irony,1,0.7518355250358582,0.7670873403549194,-0.01525181531906128,0.8684606552124023,0.2236800154620159,89.52498626708984,10,0.625,0.19425729278606263
709,"handlers constantly reminding gingrich to stay on uninspiring, belittling message",The handlers are constantly reminding Richard Nixon to remain on an uninspiring and belittling message.,sarcasm,0,0.8421693444252014,0.8844591975212097,-0.0422898530960083,0.5474364757537842,0.036787632499277766,99.51168060302734,9,0.6,0.020138891886729994
710,woman always gets best ideas while taking shower with two jacked dudes,A woman always gets the best ideas while taking a shower with two jacked dudes.,overstatement,0,0.9605826735496521,0.9677910804748535,-0.007208406925201416,0.9667633175849915,0.40484119186599643,151.83367919921875,4,0.26666666666666666,0.3913856137434328
711,"Argentina: where losing is a national pastime, and everyone's a sore loser.",argentina: losing is a national pastime,irony,0,0.9661760330200195,0.967902421951294,-0.001726388931274414,0.8895628452301025,0.18693159143202892,217.59201049804688,8,0.6666666666666666,0.1662873983376667
712,struggling us airways introduces $100 million bomb fee,U.S. Airways is introducing a $100 million bomb fee.,sarcasm,0,0.9071226716041565,0.9247617125511169,-0.01763904094696045,0.8941947817802429,0.11868405219520975,62.00898361206055,6,0.6666666666666666,0.10612666015349054
713,creative asterisk makes reader unaware of word 'fuck',A creative asterisk makes the reader unaware of the word 'fuck'.,sarcasm,0,0.5169943571090698,0.536415159702301,-0.0194208025932312,0.9560943841934204,0.16306686105372709,144.6508331298828,4,0.36363636363636365,0.15590731010151726
714,clinton vetoes 'stab clinton' bill,Clinton vetoed the 'Staple Clinton' bill.,irony,0,0.6630643010139465,0.7734804153442383,-0.11041611433029175,0.778209924697876,0.0,211.39678955078125,6,1.0,0.0
715,Why say 'at the end of the day'? Is timekeeping that hard?,why say 'at the end of the day',rhetorical_question,1,0.941228449344635,0.9095342755317688,0.03169417381286621,0.8079544305801392,0.41266825715677186,17.187572479248047,6,0.5,0.33341714672959805
716,owner of cheap motel fixes sign to flicker just right,The owner of a cheap motel fixes the sign to flicker.,understatement,0,0.8476794362068176,0.9511078000068665,-0.10342836380004883,0.9485893845558167,0.13712233890675465,182.28721618652344,6,0.5454545454545454,0.1300727950724125
717,"Gorsuch will get his big payback, just like Thomas, justice is a pay-to-play game.",michael gorsuch will get his big payback,overstatement,0,0.8094825744628906,0.7882219552993774,0.021260619163513184,0.7521170973777771,0.15124760523215708,195.9302215576172,11,0.7857142857142857,0.11375590983254988
718,rumsfeld: 'my half-assed job here is done',Rumsfeld stated that his half-assed job here is done.,sarcasm,0,0.6974518895149231,0.5810742974281311,0.11637759208679199,0.8914650678634644,0.2984745896009823,107.15489196777344,5,0.5555555555555556,0.26607967027415935
719,sounds of air hockey coming from supreme court chambers,The sounds of air hockey are coming from the Supreme Court chambers.,irony,0,0.9611494541168213,0.9073487520217896,0.05380070209503174,0.9558984041213989,0.2521193618434983,89.02424621582031,6,0.5,0.24100049563430556
720,historians reveal thousands of immigrants were forced to change hairstyle at ellis island,History shows that thousands of immigrants were forced to change their hairstyle at Ellis Island.,satire,0,0.8202806115150452,0.7980198264122009,0.02226078510284424,0.9684088230133057,0.4428500142691474,33.45824432373047,6,0.4,0.4288598610898106
721,"Kris Jenner turned up for drunken Valentine's karaoke, setting the bar high for family gatherings.",kristi jenner turned up for drunken valentine's karaoke,sarcasm,0,0.9620777368545532,0.8267465829849243,0.1353311538696289,0.9060155749320984,0.14411786453067818,167.4213104248047,11,0.7333333333333333,0.13057302989074865
722,Texas schools innovate: storing food instead of trashing it.,texas schools are reinventing the way they store food,sarcasm,0,0.9558969140052795,0.9590786099433899,-0.0031816959381103516,0.9052764177322388,0.028517539529041507,171.41995239257812,8,0.8888888888888888,0.02581625602738821
723,historians uncover lost socrates dialogues where he just gave up and started screaming that opponent a fucking brainwashed shill,Historical historians uncover lost socrates dialogues where he just gave up and started screaming that opponent a fucking brainwashed shill.,satire,0,0.8863242864608765,0.8646183609962463,0.021705925464630127,0.9820234775543213,0.8914703664390793,571.6797485351562,2,0.1,0.8754448293871298
724,bashful terrorists won't take credit for attack,Terrorists who are bashful won't take credit for the attack.,irony,0,0.8994401693344116,0.8256437182426453,0.07379645109176636,0.9180551767349243,0.2777619034011791,60.95169448852539,6,0.6,0.25500075331719846
725,"sadly, gift certificate to loews cinemas perfect gift for area man",A gift certificate to Loews Cinemas is a perfect gift for a local man.,irony,0,0.8238850235939026,0.668278157711029,0.15560686588287354,0.8742023706436157,0.11889099988983354,86.1374740600586,8,0.5714285714285714,0.10393479395188233
726,F.A.S.T. Thinking Saved Lane's Mom: Just Another Day Being a Hero,f.a.s.t. thinking saved lane's mom,understatement,1,0.6478655338287354,0.7779335975646973,-0.13006806373596191,0.8785489797592163,0.0,366.15496826171875,11,1.0,0.0
727,Ten infallible rules for startup ideas that guarantee you'll be the next billionaire by lunchtime.,10 infallible rules for startup ideas,overstatement,0,0.9415549635887146,0.775348424911499,0.16620653867721558,0.787736177444458,0.16954225822593183,755.6031494140625,10,0.6666666666666666,0.13355457041019675
728,youngest sibling in family kind of thought mom would lose steam by now,The youngest sibling in the family thought a mother would lose steam.,understatement,0,0.8154798746109009,0.7376309037208557,0.07784897089004517,0.9095745086669922,0.10608634983804321,193.23663330078125,9,0.6923076923076923,0.0964934395302128
729,woman with amazing rack told she has beautiful eyes,A woman with an amazing rack is told she has beautiful eyes.,understatement,0,0.9537467360496521,0.953416645526886,0.0003300905227661133,0.9662092924118042,0.28646290158800986,163.5343475341797,4,0.3333333333333333,0.2767831174455833
730,"Oh, because nothing says 'beautiful' like being stranded and alone.",'beautiful' stranded and alone,irony,1,0.9266955852508545,0.8149465322494507,0.11174905300140381,0.7766423225402832,0.04195519852075238,662.765869140625,7,0.7,0.03258418282179578
731,traveler amazed by sheer number of mexicans,A traveler is amazed by the sheer number of Mexicans.,sarcasm,0,0.8369013071060181,0.8430840373039246,-0.006182730197906494,0.9495879411697388,0.13747081017605653,113.75444793701172,4,0.4,0.13054062360601748
732,Mattress with 40k reviews is $200 off – buy now before you miss out on this once-in-a-lifetime deal!,mattress with 40k reviews is $200 off,satire,0,0.9380254745483398,0.5150111317634583,0.4230143427848816,0.9459977149963379,0.16809045253443375,490.5632629394531,12,0.6666666666666666,0.15901318401027473
733,Paul Ryan endorses Trump's order but laments the chaos he endorsed,"paul ryan endorses donald trump's order, but criticizes chaos he endorsed",sarcasm,0,0.9070155024528503,0.8899895548820496,0.01702594757080078,0.959194540977478,0.10600313379512592,392.64715576171875,7,0.6363636363636364,0.10167762726279
734,avoiding popular songs somehow accomplishment for local man,Avoiding popular songs is an accomplishment for a local man.,sarcasm,0,0.9398012757301331,0.9850821495056152,-0.04528087377548218,0.9245288968086243,0.06674094719041482,141.09674072265625,5,0.5,0.061703934277916865
735,"good cop, avid-stamp-collector cop routine not working",A good cop and avid-stamp-collector cop routine is not working.,satire,0,0.9477465748786926,0.8692233562469482,0.07852321863174438,0.9467496275901794,0.1186840521952098,371.10333251953125,5,0.5,0.11236408221670831
736,Paul Manafort apparently thinks misleading a federal judge is worth a sunny vacation in Florida.,paul manafort seems to think misleading a federal judge is worth a sunny vacation,sarcasm,0,0.9638473987579346,0.9526571035385132,0.011190295219421387,0.9505456686019897,0.5545785686075132,442.21868896484375,7,0.4666666666666667,0.5271522562893631
737,"A blue fuzzy fighter stole the spotlight before Mayweather-McGregor fight. Clearly, the real battle was against fashion sense.",blue fuzzy fighter stole the spotlight before mayweather-mcgregor fight,overstatement,0,0.7312658429145813,0.6373723745346069,0.09389346837997437,0.9003946185112,0.26707294347290855,951.7333984375,11,0.6111111111111112,0.24047104105295278
738,Josh Earnest's briefing: the most disastrous event in WH history,joe earnest's briefing is the most disastrous event in wwi history,overstatement,0,0.8928830623626709,0.9156859517097473,-0.022802889347076416,0.8428502082824707,0.3672056269893592,1148.6009521484375,5,0.45454545454545453,0.3094993391904767
739,"experimental anti-aging treatment still has few kinks, report infant researchers",Infant researchers report that experimental anti-aging treatment has few kinks.,satire,0,0.594685435295105,0.8678861856460571,-0.27320075035095215,0.9688112735748291,0.14287202148494,173.90907287597656,9,0.9,0.13841602509303505
740,"What's working to reduce obesity? Nothing, apparently—thanks for asking.",what's working to reduce obesity?,rhetorical_question,1,0.7076979875564575,0.7691788673400879,-0.06148087978363037,0.9372479319572449,0.3004843884984905,128.0996551513672,5,0.5555555555555556,0.2816283717056476
741,wild-eyed marco rubio embarks in rowboat to help venezuela coup effort,"Marco Rubio, a wild-eyed man, embarks on a rowboat to assist the Venezuelan coup effort.",overstatement,0,0.8814848065376282,0.8918949961662292,-0.010410189628601074,0.9269555807113647,0.03514847831369806,88.81038665771484,11,0.7333333333333333,0.03258107812639479
742,tumbleweed of pubes rolls through desolate dorm bathroom,A tumbleweed of pubes is found in a desolate dorm bathroom.,overstatement,1,0.6333261728286743,0.6334996223449707,-0.00017344951629638672,0.9180582761764526,0.11731175160264001,362.7590026855469,6,0.5454545454545454,0.10769902445155989
743,report: countless invasive species detained in epa black sites,A report indicates that many invasive species are detained in EPA black sites.,satire,0,0.7311517000198364,0.7204767465591431,0.01067495346069336,0.9614614248275757,0.04913270548144422,210.61138916015625,8,0.6153846153846154,0.047239201017822995
744,secret service not sure if that suit of armor was in oval office yesterday,The Secret Service is not sure if that suit of armor was in the oval office yesterday.,sarcasm,1,0.810651957988739,0.7581697106361389,0.0524822473526001,0.9728645086288452,0.5194264628599394,78.51246643066406,6,0.35294117647058826,0.5053315705590541
745,mom's christmas stocking noticeably less full,A mother's christmas stocking is less full.,understatement,0,0.7480359077453613,0.6584405303001404,0.08959537744522095,0.9116948246955872,0.07730551756939454,210.0520477294922,4,0.5714285714285714,0.07047904028843079
746,chinese tv show canceled after drawing only 180 million viewers,A Chinese television show was canceled after drawing only 180 million viewers.,sarcasm,0,0.9061205983161926,0.8941043019294739,0.01201629638671875,0.9435100555419922,0.43361890903486755,107.04407501220703,5,0.4166666666666667,0.4091238009475459
747,krispy kreme doughnuts described to sioux city relatives,Crispy Kreme doughnuts are described to residents of Sioux City.,irony,0,0.6995024085044861,0.7699618339538574,-0.07045942544937134,0.8798142075538635,0.04939382737115371,133.67576599121094,7,0.7,0.04345739108660394
748,last person to voluntarily write essay dies,The last person to write an essay died.,overstatement,0,0.5322149395942688,0.5323622226715088,-0.00014728307723999023,0.8641198873519897,0.1561969968460128,78.93112182617188,4,0.5,0.13497293131929566
749,"Obama cracks down on payday lenders—predatory loans now feel slightly guilty, problem solved",obama cracks down on payday lenders,sarcasm,0,0.9179871678352356,0.9261770844459534,-0.008189916610717773,0.8927810192108154,0.1582341759519314,296.8104553222656,9,0.6923076923076923,0.1412684688803488
750,tragic oscar-night camera malfunction leaves seven critically underpublicized,A tragic oscar-night camera malfunction left seven critically underpublicized.,understatement,1,0.5709488391876221,0.5978776216506958,-0.02692878246307373,0.9761397838592529,0.3549481056010053,1420.6524658203125,3,0.3333333333333333,0.3464789670826166
751,report: authorities recommend the film 'you've got mail' for those snowed in today,Authorities recommend the film 'You've Got Mail' for those snowed in today.,irony,1,0.5614908933639526,0.8900307416915894,-0.3285398483276367,0.9755746126174927,0.2820992995327679,121.89077758789062,6,0.46153846153846156,0.2752089148613461
752,trump mocks christine blasey ford for forgetting basic facts about a woman's place,Trump mocked Christine Blasey Ford for forgetting basic facts about a woman's place.,sarcasm,0,0.8360044360160828,0.8157177567481995,0.0202866792678833,0.9555544853210449,0.4703709593866897,58.55125045776367,6,0.46153846153846156,0.4494650800067144
753,Coffee pouring puzzle: the deepest philosophical dilemma since 'is the fridge light on?',coffee pouring puzzle: the deepest philosophical dilemma since 'is the fridge light on?',overstatement,1,0.9047252535820007,0.8861796259880066,0.01854562759399414,1.0000001192092896,0.912167909070388,840.9529418945312,1,0.07692307692307693,0.912167909070388
754,Clint Dempsey discusses the immense pressure of playing soccer—world-changing stuff.,clint dempsey discusses the immense pressure of playing soccer,overstatement,0,0.8882104158401489,0.8492124676704407,0.03899794816970825,0.9647722840309143,0.525624059490303,1134.9974365234375,4,0.4,0.5071075244160608
755,UT Austin stabbing: minor incident with one fatality.,u.s. texas stabbing kills one person,understatement,1,0.7775800228118896,0.5585995316505432,0.21898049116134644,0.7363194227218628,0.02925226826055808,205.4679718017578,7,0.875,0.021539013278919196
756,"study: only 40% of mice have little welcome mat, doorway leading to tiny home inside wall",A study indicates that only 40% of mice have no welcome mat and doorway leading to a tiny home inside the wall.,satire,0,0.6953859329223633,0.6998893618583679,-0.004503428936004639,0.9302170276641846,0.2719326877457978,158.65892028808594,10,0.45454545454545453,0.25295641651962886
757,Three Jews visit Scandinavia? And this is news because...?,3 jimmys visit skandinavia,rhetorical_question,1,0.9348985552787781,0.6133562326431274,0.32154232263565063,0.37600117921829224,0.023018609596144116,376.7198791503906,8,0.8888888888888888,0.008655024352115685
758,son of edward r. murrow says father 'real dirtbag' compared to onion reporters,Son of Edward R. Murrow says his father is'real dirtbag' compared to onion reporters.,satire,0,0.6104463338851929,0.7613789439201355,-0.15093261003494263,0.9740068912506104,0.2044800736021839,312.43804931640625,7,0.5,0.19916500081195912
759,News Roundup: Mildly interesting tidbits from a day like any other.,news roundup,understatement,0,0.8722860813140869,0.8304598927497864,0.04182618856430054,0.7189010381698608,0.0,373507.09375,11,1.0,0.0
760,'aryan notions' opens sixth berlin location,'aryan notions' has opened a sixth Berlin location.,satire,0,0.6605482697486877,0.8080862760543823,-0.14753800630569458,0.9718099236488342,0.06500593260343691,1305.1331787109375,5,0.625,0.06317341040006728
761,democratic scouts head to tampa to get closer look at mitt romney,Democratic scouts head to Texas for a closer look at Mitt Romney.,sarcasm,0,0.5424858331680298,0.8518481850624084,-0.30936235189437866,0.8152436017990112,0.14177713604521797,62.47968292236328,6,0.5,0.11558290304225191
762,book about michael jackson available for purchase,A book about Michael Jackson is available for purchase.,understatement,1,0.8185360431671143,0.7841649651527405,0.03437107801437378,0.9673010110855103,0.07171781507224269,37.298770904541016,5,0.5555555555555556,0.069372715032224
763,man who can't get enough mucus enjoying winter season,A man who cannot get enough mucus enjoys the winter season.,overstatement,0,0.9432770609855652,0.8754434585571289,0.06783360242843628,0.9398155808448792,0.12278260149096115,240.0767059326172,5,0.45454545454545453,0.11539300193787298
764,"15 hot guys supporting Bernie to make you #feelthebern, because policies are overrated",15 hot guys supporting sanders to make you #feelthebern,satire,0,0.9625337719917297,0.9602214694023132,0.002312302589416504,0.8730889558792114,0.2767783451247154,704.5907592773438,6,0.46153846153846156,0.2416521163549138
765,man betrays his heart by telling friend he can have last dumpling,A man betrays his heart by telling his friend he can have a last dumpling.,sarcasm,0,0.6327316164970398,0.6384354829788208,-0.005703866481781006,0.9633635878562927,0.5038920485259633,74.34424591064453,4,0.26666666666666666,0.4854312517602291
766,entertainment weekly wins excellence-in-caption-pun award,The entertainment weekly has won an award for excellence-in-caption.,satire,0,0.7647314071655273,0.9444379210472107,-0.17970651388168335,0.8739093542098999,0.056122223243057295,116.454833984375,6,0.6666666666666666,0.04904573587116404
767,Russian jets have 'unsafe' encounters? Just a friendly wave from the sky.,russian jets have 'unsafe' encounters,understatement,0,0.8671051859855652,0.9026247262954712,-0.035519540309906006,0.9024584889411926,0.06557378107648686,582.4930419921875,9,0.75,0.0591776153844469
768,"jim davis, guy who does 'heathcliff' get together for annual lunch to discuss doing cat cartoons","Jim Davis, a man who does 'Heathcliff', met for an annual lunch to discuss doing cat cartoons.",irony,0,0.9346271753311157,0.911733090877533,0.022894084453582764,0.9441773295402527,0.3263598326609893,197.47463989257812,9,0.5294117647058824,0.3081415552710566
769,5 states to decide whether to legalize marijuana or continue honoring god,5 states will decide whether to legalize marijuana or continue honoring God.,sarcasm,0,0.7713919878005981,0.7694611549377441,0.001930832862854004,0.9615913033485413,0.670422683816333,128.18556213378906,2,0.16666666666666666,0.6446726223253746
770,Government watchdog to investigate Trump's voter fraud commission – because investigating itself would be too meta.,government watchdog to investigate trump's voter fraud commission,irony,0,0.7466259002685547,0.8108001351356506,-0.06417423486709595,0.8553014993667603,0.08505277875811797,263.11614990234375,10,0.625,0.07274576919712764
771,Republicans reject disclosure—because transparency is so overrated in a democracy.,republicans reject disclosure of information in obama administration,sarcasm,0,0.8624961376190186,0.8517680764198303,0.010728061199188232,0.7590133547782898,0.025725069574826766,344.69927978515625,8,0.8,0.019525671359894175
772,new teen trend 'walking wet and nude' couldn't have caught on at worse time,A new trend involving 'walking wet and nude' could not have caught on at a worse time.,irony,0,0.855664074420929,0.8824888467788696,-0.026824772357940674,0.8658015727996826,0.31007120066002053,105.75727844238281,7,0.4117647058823529,0.2684601332113318
773,grumblethor the mischievous pleased with mayhem his magical antics have wrought upon white house–fbi relations,Grumblethor is pleased with the mayhem his magical antics have wrought upon White House and the FBI relations.,satire,0,0.6044887900352478,0.9264319539070129,-0.32194316387176514,0.9205561280250549,0.3715770152515523,289.28759765625,10,0.5555555555555556,0.34205749842307576
774,"Shocking news: Rachel McAdams has aged! The horror, the humanity!",shocking news: rachel mcadams has aged,sarcasm,1,0.8374673128128052,0.581272304058075,0.2561950087547302,0.9200929999351501,0.024925978674400287,807.1900634765625,8,0.8,0.022934218494848536
775,All the 2017 Grammy winners: the cultural event that reshaped civilization,all the 2017 grammy winners,overstatement,0,0.9389492273330688,0.8963230848312378,0.042626142501831055,0.6413314342498779,0.034222269664256,1848.4052734375,9,0.8181818181818182,0.02194781728706339
776,mom leaves sweet little note for sixth-grader in add prescription bottle,A mother leaves a sweet note for a sixth-grader in a prescription bottle.,irony,0,0.5663151144981384,0.7321574687957764,-0.16584235429763794,0.8846480846405029,0.05344445934790546,86.75289154052734,7,0.5384615384615384,0.04727953859677179
777,What scenario? Parenting is always smooth sailing.,what scenario is your child's parenting?,rhetorical_question,1,0.9327017068862915,0.9698101878166199,-0.03710848093032837,0.7833170890808105,0.03455747170954952,178.1859130859375,6,0.8571428571428571,0.027069458145516794
778,'new york times' moves all content you won't give a shit about unless you make at least $200k a year into one convenient section,New York Times has moved all content you won't give a shit about unless you make at least $200k a year into one convenient section.,sarcasm,0,0.8163142204284668,0.8821507692337036,-0.06583654880523682,0.9700257778167725,0.7440006427141954,103.1669692993164,6,0.24,0.7216998021450161
779,"Report: DNC and Clinton funded Trump-Russia dossier—shocking, as if we didn't see that coming.",report: dnc and hillary clinton funded trump-russia dossier,satire,0,0.854386031627655,0.8083426356315613,0.04604339599609375,0.9386018514633179,0.015603043420373072,287.36419677734375,13,0.9285714285714286,0.014645045442824705
780,hero lawyer uses technicality to free guilty man,A hero lawyer uses technicality to free a guilty man.,sarcasm,0,0.9167020916938782,0.9622316956520081,-0.04552960395812988,0.9683756828308105,0.537284965911771,213.6058349609375,3,0.3,0.52029369573954
781,"Robin Wright fought for equal pay—groundbreaking, since no actress has ever done that before.",robin wilson fought for equal pay,sarcasm,0,0.7799651622772217,0.8695212602615356,-0.08955609798431396,0.6817286014556885,0.05326021045512112,989.7726440429688,11,0.7857142857142857,0.036309008786805354
782,An apology expert analyzes Melania Trump's plagiarism explanation – because nothing says sincerity like a well-crafted excuse.,apology expert analyzes melania trump's plagiarism explanation,sarcasm,0,0.8580594658851624,0.895458996295929,-0.0373995304107666,0.9243175983428955,0.049264298703132786,2080.01318359375,12,0.7058823529411765,0.045535858261326716
783,Martha Stewart's wine service makes drinking Martha-approved? As if we needed more ways to feel like failures at hosting.,martin scott's wine service makes drinking martin-approved,satire,0,0.9549047350883484,0.9266035556793213,0.0283011794090271,0.5511751174926758,0.07404200366936506,647.7300415039062,15,0.7894736842105263,0.040810110071855414
784,Merkel says we won’t get anywhere with populism—as if the world needed another lecture from the ‘leader of the free world.’,mccain says we won't get anywhere with populism,overstatement,0,0.8830130696296692,0.7208817005157471,0.16213136911392212,0.5610781908035278,0.03403822942837651,289.7931823730469,16,0.7619047619047619,0.019098108185828893
785,"Whitney Johnson, the trailblazer who co-founded a firm with a famous name – truly breaking the glass ceiling.","joe jones, the trailblazer who co-founded a firm with a famous name",satire,0,0.7635775804519653,0.881450355052948,-0.11787277460098267,0.5425227880477905,0.4895040428210662,66.22509002685547,8,0.4444444444444444,0.2655670980719499
786,Cheese advent calendar: not your typical Christmas treat—unless you love cheese 24/7.,cheese advent calendar: not your typical christmas treat,satire,1,0.8546384572982788,0.658843457698822,0.1957949995994568,0.9094394445419312,0.3281829856080946,539.1381225585938,7,0.5833333333333334,0.29846255213953815
787,drunk driver in the zone,A drunk driver is in the zone.,understatement,1,0.7277400493621826,0.669339656829834,0.05840039253234863,0.9258354306221008,0.09878765474230743,98.60464477539062,3,0.42857142857142855,0.09146111086849162
788,"Nick Jonas' queer baiting paying off? Shocking, simply shocking.",nick jonas' queer baiting is paying off,sarcasm,0,0.9212465882301331,0.9628961682319641,-0.041649580001831055,0.9271860718727112,0.05809334108283256,577.4306030273438,7,0.7777777777777778,0.053863336720553115
789,report: recent wednesday felt like thursday,A report indicates that recent wednesday felt like thursday.,irony,0,0.6251413226127625,0.724568247795105,-0.09942692518234253,0.9317336678504944,0.2984745896009823,292.2273864746094,5,0.5555555555555556,0.27809882412909426
790,laid-off website designer designs website about being laid off,A laid-off website designer designs a website about being laid off.,irony,0,0.9004740118980408,0.9777973890304565,-0.07732337713241577,0.9241727590560913,0.46924700641056,109.94824981689453,3,0.2727272727272727,0.4336653005932586
791,breaking: can anyone ever truly know anything? what is the truth?,Breaking: Can anyone ever truly know anything?,rhetorical_question,1,0.9765843749046326,0.9174695014953613,0.05911487340927124,0.9284684658050537,0.34718201116725705,134.3628692626953,6,0.5454545454545454,0.32234754926357617
792,on-the-job sexual harassment: three women tell their sizzling hot tales,On-the-job sexual harassment: three women tell their hot tales.,satire,0,0.9214255213737488,0.9417350888252258,-0.02030956745147705,0.9848199486732483,0.5462757644646491,87.56961059570312,3,0.3,0.5379832703215152
793,toddler unsettled by whatever possessed her to bite friend's face,A toddler is unsettled by what possessed her to bite her friend's face.,irony,1,0.7328883409500122,0.7402510643005371,-0.007362723350524902,0.9663046598434448,0.24712442545253582,87.54118347167969,5,0.38461538461538464,0.23879748387591937
794,"Michael Phelps, the ultimate pool hog, announces he's ready to retire. Shocking.","michael phelps, the ultimate pool hog, announces he's ready to retire",sarcasm,0,0.7836472392082214,0.698979377746582,0.0846678614616394,0.9210659861564636,0.6196760459608335,175.98011779785156,4,0.3333333333333333,0.5707625283704532
795,Why won't my kids wish you Merry Christmas? Because they're little rebels.,why won't my kids wish you Merry Christmas?,rhetorical_question,1,0.6049104928970337,0.8700263500213623,-0.2651158571243286,0.902006983757019,0.510029457493824,132.2560577392578,5,0.4166666666666667,0.46005013258123295
796,mccain late to debate due to greyhound delays,McCain is late to the debate due to Greyhound delays.,irony,0,0.5646548271179199,0.8247327208518982,-0.26007789373397827,0.9613988995552063,0.13134549472120793,68.62433624267578,5,0.5,0.12627541408650347
797,study: boyfriends who aren't speaking are thinking about ending relationship 90% of time,A study indicates that boyfriends who are not speaking are thinking about ending their relationship 90% of the time.,overstatement,0,0.8665812611579895,0.7436960935592651,0.12288516759872437,0.9283261895179749,0.27854685173648897,43.849273681640625,9,0.47368421052631576,0.2585823374747631
798,man happy to set up job interview for fraternity brother he once forced to drink own piss,A man is happy to set up a job interview for his fraternity brother he once had to drink his own piss.,sarcasm,0,0.9257963299751282,0.9012817740440369,0.02451455593109131,0.9571146965026855,0.2961263469012005,73.54242706298828,7,0.3181818181818182,0.28342687864079147
799,sen. hatch says trump allegations not serious enough that scales should fall from eyes revealing what madness we have begotten,Sen. Scott says Trump allegations are not serious enough that scales should fall from the eyes revealing what madness we have begotten.,satire,1,0.5127003192901611,0.6015029549598694,-0.08880263566970825,0.7990260124206543,0.5438653754915955,357.3547058105469,6,0.2727272727272727,0.43456258227271144
800,senile mother a broken novelty record,A senile mother has a poor novelty record.,irony,0,0.7657148241996765,0.5350955128669739,0.23061931133270264,0.8205431699752808,0.06985342056580097,460.62030029296875,4,0.5,0.0573177471446788
801,Albright apologizes for implying female Bernie supporters will go to hell – because that's a reasonable thing to say.,albright apologizes for implying female sanders supporters will go to hell,sarcasm,0,0.9648641347885132,0.9470158815383911,0.01784825325012207,0.9413183927536011,0.2840050905239658,646.2821655273438,10,0.5263157894736842,0.2673392153458604
802,Hackers access baby monitors with the ease of a baby ordering pizza.,hackers access baby monitors with the ease of a baby ordering pizza,overstatement,0,0.9685161709785461,0.9703235030174255,-0.0018073320388793945,0.9874618053436279,0.8070557274927982,341.0918884277344,2,0.16666666666666666,0.7969367056829535
803,"Street photography in Stockholm, part 2: because part 1 was just too thrilling.","street photography in switzerland, part 2",satire,0,0.6362617015838623,0.6011635065078735,0.03509819507598877,0.6912842392921448,0.029752796575840495,348.70477294921875,10,0.7692307692307693,0.020567639347743825
804,JWOWW fires back: 'I didn't know I was pregnant!'... because those home pregnancy tests are notoriously tricky to read.,jwoww fires back: 'i didn't know i was pregnant!',sarcasm,0,0.9096242189407349,0.7408271431922913,0.1687970757484436,0.8649683594703674,0.024963480085824507,145.42555236816406,14,0.7368421052631579,0.02159262041650681
805,"Bruce Jenner's midlife crisis? No, it's a carefully planned rebranding.",bruce jenner's midlife crisis,sarcasm,0,0.7653325200080872,0.6448991298675537,0.12043339014053345,0.7960366010665894,0.017926911178691992,235.80609130859375,9,0.9,0.014270477442308619
806,"The simple mind trick that helped me lose weight—it's not diet or exercise, but magical thinking!",the simple mind trick that helped me lose weight,satire,0,0.6772466897964478,0.8966705799102783,-0.21942389011383057,0.9201818704605103,0.33353374339709213,221.6842803955078,9,0.5625,0.3069117038608321
807,chris collins thanks supporters with can't-miss tip on biotech stock,Chris Collins thanks supporters with a can't-miss tip on biotech stock.,irony,0,0.8942846059799194,0.8857997059822083,0.008484899997711182,0.9856818914413452,0.33932513407933634,363.6910095214844,4,0.36363636363636365,0.3344666399729083
808,"Three simple steps to not take a bad day home – if only it were that easy, right?",3 simple steps to not take a bad day home,understatement,1,0.7170849442481995,0.6384310722351074,0.07865387201309204,0.9327738285064697,0.3954596950007842,244.9510955810547,9,0.5,0.3688744537258823
809,"Trump effect on transgender mental health: negatively impactful, shockingly.",trump effect on transgender mental health,sarcasm,0,0.7579091191291809,0.8496156334877014,-0.09170651435852051,0.9621718525886536,0.3081980909598119,522.340576171875,5,0.5555555555555556,0.29653952814308854
810,millions of plants sent from nation's garden departments to their deaths,Millions of plants have been sent from the nation's garden departments to their deaths.,overstatement,0,0.7973007559776306,0.8196676969528198,-0.02236694097518921,0.9639770984649658,0.3407806467081348,67.29240417480469,5,0.35714285714285715,0.3285047390267224
811,"Prince Harry and Meghan Markle's event will nod to Diana – a subtle tribute, nothing over the top.",prince harry and jane markle's event will nod to adele,understatement,0,0.7076596617698669,0.7904250025749207,-0.08276534080505371,0.721779465675354,0.12480646832647957,599.505859375,13,0.7222222222222222,0.09008274602151442
812,"The very best part: finally, a break from your family's constant nagging.",the very best part,sarcasm,0,0.9148843288421631,0.8529676198959351,0.06191670894622803,0.4254096448421478,0.022994063410792204,126.57205200195312,10,0.8333333333333334,0.009781896349062938
813,Because nothing says political discourse like a selfie with Kim Kardashian.,kim kardashian takes a selfie with kim kardashian,irony,0,0.9608092308044434,0.8665140271186829,0.0942952036857605,0.6381304264068604,0.09448221398071252,53.02519989013672,8,0.7272727272727273,0.0602919754953763
814,stephen hawking reportedly working on juicy tell-all formula,Stephen Hawking is reportedly working on a juicy formula.,satire,0,0.7456390857696533,0.7776176333427429,-0.0319785475730896,0.9339745044708252,0.12753431387594827,386.949951171875,6,0.6666666666666666,0.11911379760531547
815,female boss walking around like she owns the place,A female boss is walking around as if she owns the place.,sarcasm,0,0.9082736968994141,0.9185212254524231,-0.010247528553009033,0.9453444480895996,0.1239040201758117,60.425506591796875,5,0.4166666666666667,0.11713197756918532
816,"""i am equal to any man,"" says stern woman who likely does not menstruate",A woman says she is equal to a man who does not menstruate.,sarcasm,0,0.7520721554756165,0.9020914435386658,-0.15001928806304932,0.7469263076782227,0.04948748922524195,25.30550193786621,11,0.7857142857142857,0.0369635076032758
817,"ad campaign appeals to young, hip, influenced-by-ad-campaigns demographic","An ad campaign appeals to a young, hip, influenced-by-ad-campaigns demographic.",satire,0,0.928458034992218,0.9484630227088928,-0.020004987716674805,0.9673812389373779,0.37991784282579627,63.62497329711914,3,0.3,0.36752539348723484
818,candidate delighted to be in chair factory,A candidate is delighted to be in a chair factory.,sarcasm,0,0.9702787399291992,0.9755858182907104,-0.0053070783615112305,0.9614424705505371,0.2907153684841096,248.51837158203125,4,0.4,0.2795061021023721
819,baby takes political stance,A baby adopts a political position.,overstatement,0,0.8950232267379761,0.9148674607276917,-0.019844233989715576,0.858513593673706,0.048549177170732344,293.4720153808594,4,0.6666666666666666,0.041680128562746874
820,Gunfire in Ferguson after protester hit – classic problem-solving technique.,gunfire in ferguson after protester hit,sarcasm,0,0.9697943925857544,0.6295166611671448,0.3402777314186096,0.7584353685379028,0.11147236544333826,1154.8402099609375,6,0.6,0.08454458456681004
821,"Teachers in Detroit protest, and surprise, schools close. What a novel solution.","teachers in detroit protest, and surprise, schools close",sarcasm,0,0.985343873500824,0.9674680829048157,0.0178757905960083,0.9385459423065186,0.22172045047934608,1047.2518310546875,7,0.5833333333333334,0.20809482912376365
822,forgetful karl lagerfeld inadvertently starts lobster-bib trend,Karl Lagerfeld has initiated a trend related to lobster bibs.,irony,0,0.5751970410346985,0.9001019597053528,-0.3249049186706543,0.8942997455596924,0.021105340631872645,165.02732849121094,10,1.0,0.018874500757034344
823,nation unsure which candidate's plan to destroy the environment will create more jobs,The public is uncertain which candidate's plan to destroy the environment will create more jobs.,irony,0,0.8559039235115051,0.6955452561378479,0.16035866737365723,0.8434487581253052,0.6262844962765469,50.17136001586914,5,0.3333333333333333,0.5282388806175858
824,Lee Daniels admits his show is for white guilt—how inclusive of him.,lin daniels admits his show is 'for white guilt',sarcasm,0,0.9129966497421265,0.8880305886268616,0.024966061115264893,0.8406975865364075,0.22613617379612147,295.57269287109375,7,0.5833333333333334,0.1901121355389769
825,fan doubtful 'solo: a star wars story' can live up to denny's blaster fire burger,A fan believes that'solo: a star wars story' can live up to Denny's blaster fire burger.,overstatement,1,0.847641110420227,0.501349687576294,0.3462914228439331,0.9686039090156555,0.4958271734659374,954.5958251953125,5,0.3125,0.48026013841529047
826,nancy grace reports own mind now missing for 83 days,Nancy Grace reports her own mind has been missing for 83 days.,sarcasm,1,0.7519235610961914,0.6148456931114197,0.13707786798477173,0.9340063333511353,0.11094660471566163,234.9854736328125,6,0.5,0.1036248314682329
827,Of course Jesus is black—white people never get nailed to things.,of course jesus is black,sarcasm,0,0.7785691618919373,0.7925509214401245,-0.013981759548187256,0.8216749429702759,0.019244596474019198,237.94525146484375,9,0.8181818181818182,0.015812802710275697
828,"5 better questions to ask allergy families: like, 'Is your child's epinephrine pen fashionable?'",5 better questions to ask allergy families,overstatement,0,0.8456221222877502,0.8630161881446838,-0.017394065856933594,0.8111919164657593,0.29765372490051634,3413.16748046875,8,0.5714285714285714,0.24145429554522174
829,Warren's bill: to solve Trump's imaginary conflicts.,george wilson's bill to solve trump's imaginary conflicts,irony,0,0.9088831543922424,0.9373732805252075,-0.028490126132965088,0.7535660862922668,0.06500593260343691,655.0475463867188,5,0.625,0.048986266217750825
830,Groot dances again? Guardians sequel promises wooden choreography—revolutionary!,groot dances again in 'gardens' sequel,overstatement,0,0.8952681422233582,0.7383103370666504,0.15695780515670776,0.7402060031890869,0.03478700554542394,2230.476318359375,7,0.875,0.025749550337694854
831,"LeBron James' 2015 finals was legendary, but nothing compared to this (whatever 'this' is)—a hot take so hot it's volcanic.","lebron james' 2015 finals was legendary, but nothing compared to this",sarcasm,1,0.9391405582427979,0.8932621479034424,0.04587841033935547,0.8081372976303101,0.3468424956664041,183.2271728515625,11,0.55,0.2802963571512004
832,governor pardons self for living,The governor forgives his self for living.,sarcasm,0,0.8449923992156982,0.8793069124221802,-0.034314513206481934,0.8064469695091248,0.07730551756939454,545.92919921875,4,0.5714285714285714,0.062342800370172625
833,"The witching hour is just another boring, supernatural-free time.","the witching hour is just another boring, supernatural-free time",irony,0,0.9539024829864502,0.943736732006073,0.010165750980377197,0.9944177865982056,0.7259795291154771,165.49391174316406,2,0.2222222222222222,0.7219269564586203
834,Timelapses of fast-growing cities will make your jaw drop—or just give you neck strain.,timelapses of fast-growing cities will make your jaw drop,overstatement,0,0.6513353586196899,0.9285677075386047,-0.2772323489189148,0.9083271026611328,0.41653323821535565,109.75308227539062,7,0.5,0.37834842943021346
835,new historical evidence suggests most pilgrims sailed back home to celebrate first thanksgiving,New historical evidence suggests that most pilgrims travelled back home to celebrate first thanksgiving.,irony,0,0.7026746869087219,0.6837352514266968,0.018939435482025146,0.9499511122703552,0.39073802494525,152.84039306640625,4,0.2857142857142857,0.37118202140306206
836,Because holidays were totally mono-ethnic before this revelation.,'the holidays were totally mono-ethnic' before this revelation,sarcasm,0,0.8822594285011292,0.7449963092803955,0.13726311922073364,0.8937380313873291,0.17286039232097053,987.1976318359375,3,0.375,0.1544919067377856
837,"3 unique and unusual financial tips for 2015. Finally, advice that's not just 'spend less than you earn.' How revolutionary.",3 unique and unusual financial tips for 2015,sarcasm,1,0.5671168565750122,0.7920088171958923,-0.22489196062088013,0.850730299949646,0.18762935180380186,1167.5469970703125,13,0.65,0.159621974739406
838,cheering gets slightly less loud after obama's call for community service,"After Obama's call for community service, cheering becomes less loud.",irony,0,0.9378467798233032,0.9147264957427979,0.02312028408050537,0.9388703107833862,0.1073897713503587,185.14476013183594,11,1.0,0.10082506800266805
839,"Taco Bell's test kitchen now offers reservations, redefining fast food as gourmet.",taco bell's test kitchen now offers reservations,satire,0,0.9521632790565491,0.8151527643203735,0.13701051473617554,0.8519585728645325,0.20126703311713304,2319.18017578125,8,0.6666666666666666,0.17147117429915126
840,teen had absolutely no say in becoming part of snapchat generation,A teenager had no influence in becoming a part of the snapchat generation.,sarcasm,0,0.7287972569465637,0.6192342638969421,0.10956299304962158,0.7949588298797607,0.05344445934790546,147.78338623046875,7,0.5384615384615384,0.04248614486676736
841,secretary of the interior meekly asks if there anything she can do to help stop isis,Secretary of the Interior asks if there is anything she can do to stop ISis.,sarcasm,1,0.5771082639694214,0.6512753367424011,-0.07416707277297974,0.9318126440048218,0.3464226178936948,31.49549674987793,6,0.375,0.3228009755225958
842,24 surefire ways to absolutely annihilate your soul while working from home – because who needs joy anyway?,24 surefire ways to absolutely annihilate your soul while working from home,overstatement,0,0.5908915996551514,0.6970311403274536,-0.10613954067230225,0.9204879999160767,0.6065306597126334,170.15383911132812,6,0.3333333333333333,0.5583041938466604
843,4 couscous recipes for every meal – because variety is overrated.,4 couscous recipes for every meal,overstatement,1,0.7140734791755676,0.7580881118774414,-0.04401463270187378,0.8843216300010681,0.43459820850707825,147.27877807617188,5,0.45454545454545453,0.3843245961425235
844,Democrats debate climate change: a rare moment when they address an actual issue.,democrats debate climate change,irony,0,0.977070689201355,0.9639993906021118,0.013071298599243164,0.837891161441803,0.017907794590318507,711.1884765625,11,0.8461538461538461,0.01500478280814321
845,romney: 'this is why they call me turnaround mitty from comeback city',"Romney said, 'This is why they call me turnaround mitty from comeback city.'",sarcasm,1,0.7186846137046814,0.7630529999732971,-0.04436838626861572,0.9762148857116699,0.6479121525090147,372.88690185546875,4,0.3076923076923077,0.6325014879127898
846,Flynn seeks immunity: the classic move of the completely innocent.,flynn seeks immunity,sarcasm,0,0.9560377597808838,0.8091585040092468,0.14687925577163696,0.85751873254776,0.011018142789200103,11133.1591796875,9,0.9,0.009448263839625113
847,"Rob Porter resigns due to abuse allegations. Shocking, given the administration's stellar record on ethics.",rob porter resigns due to abuse allegations,sarcasm,0,0.9055435657501221,0.7176743745803833,0.18786919116973877,0.8891190886497498,0.1311132063658969,131.83834838867188,11,0.7333333333333333,0.11657525455399283
848,Handshakes at Olympics: unity achieved through carefully staged diplomacy.,handshakes at olympics,irony,0,0.979939341545105,0.9437748789787292,0.03616446256637573,0.8160793781280518,0.015377056977980369,162.38717651367188,8,0.8888888888888888,0.012548899096029837
849,Prank glues child to toilet: comedy at its finest!,prank glues a child to the toilet,overstatement,0,0.9314916729927063,0.7364270687103271,0.19506460428237915,0.9059931635856628,0.05809334108283256,262.8362731933594,7,0.7777777777777778,0.052632169870896424
850,"Mark Hamill says Luke might be gay: Star Wars embraces diversity, decades late.",mark hamill says luke might be gay,irony,0,0.8117985129356384,0.7404875755310059,0.07131093740463257,0.858606219291687,0.03280636247745341,1536.9825439453125,10,0.7692307692307693,0.028167746855478935
851,man who lost leg to whale decides to let it go,A man who lost his leg to a whale decides to let it go.,irony,1,0.7209162712097168,0.6948817372322083,0.026034533977508545,0.9466971158981323,0.39073802494525,42.969329833984375,4,0.2857142857142857,0.3699105612874007
852,'phantom thread' wins academy award for best film you liked but probably wouldn't see again,The film 'The Phantom Thread' won the Academy Award for Best Film you liked but probably wouldn't see again.,sarcasm,1,0.6961343288421631,0.5011852979660034,0.19494903087615967,0.969965398311615,0.2680165156355778,43.50322341918945,12,0.631578947368421,0.25996674634255446
853,friend's grandma to give you hug too,A friend's grandma will give you a hug.,understatement,0,0.5931371450424194,0.7493310570716858,-0.15619391202926636,0.8993485569953918,0.08307018474412793,68.7140884399414,4,0.5,0.07470905077897207
854,college roommates to continue bonding process until real friends made,College roommates will continue the bonding process until real friends are made.,irony,0,0.6303159594535828,0.8859548568725586,-0.25563889741897583,0.9479193091392517,0.3448444257953326,128.79794311523438,5,0.4166666666666667,0.3268846898604336
855,bush sr. apologizes to son for funding bin laden in '80s,Bush Jr. apologized to his son for funding bin Laden in the 1980s.,sarcasm,0,0.9431190490722656,0.9378038048744202,0.005315244197845459,0.9258439540863037,0.21401603033752975,42.36892318725586,7,0.5384615384615384,0.19814544776555287
856,report: 80% of subway track repairmen run over each day,A report indicates that 80% of subway track repairmen run over each day.,overstatement,0,0.9212340712547302,0.8922945857048035,0.028939485549926758,0.960402250289917,0.5593684915933074,156.69418334960938,5,0.38461538461538464,0.5372187580674889
857,"Finally, after all these years, the public is deemed worthy of seeing some old buildings. How generous.","after all these years, the public is deemed worthy of seeing some old buildings",irony,0,0.929714560508728,0.7915982604026794,0.13811630010604858,0.8808585405349731,0.7420016786832134,102.36231231689453,4,0.23529411764705882,0.6535985157593954
858,little tobacco hit with $3.5 hundred lawsuit,A $3.5 hundred lawsuit involving a small tobacco company has resulted in a lawsuit.,sarcasm,0,0.6661689281463623,0.7310321927070618,-0.06486326456069946,0.8494769930839539,0.07596458453655348,75.70464324951172,13,0.9285714285714286,0.06453016685298327
859,"Why do mirrors flip sideways but not upside down? Because they're secretly plotting against us, that's why.",why do mirrors flip sideways but not upside down?,rhetorical_question,1,0.7578575015068054,0.9010965824127197,-0.1432390809059143,0.8837252855300903,0.35492969367213006,178.5421142578125,9,0.5294117647058824,0.31366034488351063
860,new ad preys on people with 'ideas',A new ad attacks people with 'ideas'.,sarcasm,0,0.942619264125824,0.9629291296005249,-0.020309865474700928,0.9367823004722595,0.09878765474230743,244.6382598876953,4,0.5714285714285714,0.09254252646775807
861,empire state building ultimately supports nsa spying measures,The Empire State Building supports nsa spying measures.,irony,0,0.9644516706466675,0.9620628356933594,0.0023888349533081055,0.9764009714126587,0.1374708101760565,1292.1466064453125,5,0.625,0.13422663259678677
862,"Exclusive: Family of teen shot near Ferguson speaks out, in a world where such events are commonplace.",exclusive: family of teen shot near ferguson speaks out,understatement,1,0.6949590444564819,0.6281422972679138,0.06681674718856812,0.918220579624176,0.1297464032679993,636.6510009765625,12,0.7058823529411765,0.1191358176128944
863,white house claims iran behind attack on nancy kerrigan,The White House claims Iran is behind an attack on Nancy Kennedy.,satire,0,0.8784083127975464,0.9104989767074585,-0.03209066390991211,0.7910300493240356,0.0428361950754725,83.0991439819336,8,0.6666666666666666,0.03388471750340502
864,Racism accusations are overblown; cops quitting after a black mayor is just a happy coincidence.,racism accusations are overblown; cops are quitting after a black mayor,irony,0,0.9407002329826355,0.870762288570404,0.06993794441223145,0.9100148677825928,0.40855580969845084,287.1991271972656,7,0.4666666666666667,0.3717918611445459
865,Priest finds puppy just where he left it; story of his life.,priest finds puppy just where he left it,understatement,1,0.7634631395339966,0.7688499689102173,-0.005386829376220703,0.9168795943260193,0.41266825715677186,387.8013000488281,6,0.5,0.37836710421312636
866,"450 protesters arrested in Tehran, government calls it 'a minor adjustment to public order.'","450 protesters arrested in teheran, government calls it 'a minor adjustment to public order'",understatement,0,0.8716537356376648,0.7734712362289429,0.09818249940872192,0.8266903758049011,0.6997522298221912,184.9121856689453,2,0.14285714285714285,0.5784784338420248
867,5 tweets from the NRA that are literally worse than the Oregon gun massacre itself. Obviously.,5 tweets from the nra that are literally worse than the ohio gun massacre itself,overstatement,0,0.7879963517189026,0.791841983795166,-0.0038456320762634277,0.9062289595603943,0.4961577855632883,608.845703125,4,0.25,0.449632553788808
868,"Steven Tyler admits to hitting on daughter's friend: standard rockstar parenting, totally normal.",steve tyler admits to hitting on daughter's friend,understatement,0,0.968858540058136,0.778155505657196,0.19070303440093994,0.8610485196113586,0.276715788893083,440.8720397949219,8,0.6153846153846154,0.23826572037947838
869,The mid-sex revelation that revolutionized your life (probably not).,the mid-sex revelation that revolutionized your life,overstatement,0,0.6547898054122925,0.9488241076469421,-0.29403430223464966,0.9543118476867676,0.6080253214198359,391.70782470703125,3,0.3333333333333333,0.5802457679245043
870,"James Cameron cried hearing Titanic theme. Just a little tear, I'm sure.",james clinton cried hearing the titanic theme,understatement,0,0.5729737281799316,0.6514589786529541,-0.07848525047302246,0.8027731776237488,0.03419615942951201,1531.03564453125,10,0.8333333333333334,0.02745175956775768
871,'Friends' co-creator on a reboot? As if we needed more recycled 90s nostalgia.,'friends' co-creator on a reboot,rhetorical_question,0,0.8004881739616394,0.5179380774497986,0.2825500965118408,0.8332927227020264,0.053687271162922795,254.26687622070312,10,0.7692307692307693,0.04473721236179392
872,"Bush's electability argument weakens—shocking, given his stellar track record of winning hearts",john mccain's electability argument weakens,sarcasm,0,0.8664606809616089,0.5935122966766357,0.27294838428497314,0.6145823001861572,0.028018824614254093,279.57330322265625,11,0.9166666666666666,0.0172198736799408
873,HuffPollster: Carly Fiorina probably won't help Ted Cruz save his campaign: what a surprise.,huffpollster: carly fiorina probably won't help ted cruz save his campaign,sarcasm,0,0.9560418128967285,0.581270694732666,0.3747711181640625,0.9702757000923157,0.08930948185917743,697.4364624023438,9,0.6428571428571429,0.08665482003579535
874,"Another week, another promise to find the plane.","another week, another promise to find the plane",irony,1,0.686741292476654,0.5146380662918091,0.17210322618484497,0.9865337610244751,0.6803749333171202,225.80999755859375,2,0.25,0.671212841872115
875,"Guns messing with feng shui? California's real problem is bad vibes, not bullets.",guns mess with feng shui in california,sarcasm,1,0.6466736793518066,0.6548113226890564,-0.008137643337249756,0.9054821133613586,0.029643894865777738,78.37903594970703,11,0.8461538461538461,0.026842016571326354
876,god irritated guests do not understand it time to leave heaven,God irritated guests because they do not understand it time to leave heaven.,satire,1,0.8350489735603333,0.5857417583465576,0.24930721521377563,0.9644239544868469,0.5205510363053438,278.66229248046875,4,0.3076923076923077,0.502031888945826
877,'She's in King David Cemetery. That is where I go to see my kid now.': pleasant family outing.,'she's in king david cemetery. that is where i go to see my kid now.',understatement,1,0.6371977925300598,0.9164693355560303,-0.27927154302597046,0.9326807260513306,0.2395289114246337,342.4523620605469,10,0.5555555555555556,0.22340399901781222
878,"Tyra Banks doesn't have time for Drake's behavior, models are above it all.",tyran banks doesn't have time for drake's behavior,sarcasm,1,0.6992782950401306,0.7690231204032898,-0.06974482536315918,0.83214271068573,0.18505100105615155,738.38330078125,9,0.6923076923076923,0.15398884163397383
879,nra calls for more common-sense gun deaths,The NRA calls for more common-sense gun deaths.,sarcasm,0,0.9318667054176331,0.9490574598312378,-0.017190754413604736,0.9743341207504272,0.5169731539571706,87.6825942993164,3,0.375,0.5037045834124351
880,Decode the arcane language of teens with this one ancient secret.,how to decode the arcane language of teens,overstatement,0,0.5374774932861328,0.5735113620758057,-0.03603386878967285,0.8367291688919067,0.355310106137518,296.7344665527344,8,0.7272727272727273,0.2972983298073406
881,Here are six surefire ways to ensure your divorced friend never speaks to you again—you're welcome.,here are six surefire ways to ensure your divorced friend never speaks to you again,satire,0,0.6985726952552795,0.5155328512191772,0.1830398440361023,0.9474281072616577,0.7958667887986415,71.54984283447266,3,0.1875,0.7540265653439104
882,"6 people, including children, die in mass shooting—just another Tuesday in the land of the free, home of the brave.","6 people, including children, die in mass shooting",irony,0,0.887451708316803,0.506818413734436,0.38063329458236694,0.7932403683662415,0.18762935180380186,64.35774993896484,13,0.65,0.1488351761411669
883,missing mount everest climbers feared buried under avalanche of dead mount everest climbers,Mount Everest climbers are feared buried under an avalanche of dead Mount Everest climbers.,irony,0,0.6437290906906128,0.5065240859985352,0.13720500469207764,0.8663808107376099,0.1235622127262679,104.46368408203125,8,0.5714285714285714,0.10705193003831699
884,increasingly horrified man listens to self explain what he does for a living,An increasingly horrified man listens to his self to explain what he does for a living.,satire,0,0.9298722147941589,0.9229387640953064,0.006933450698852539,0.9740811586380005,0.5423782837718303,93.31649780273438,4,0.25,0.5283204670765547
885,50-year-old prince licks aarp representative's face,A 50-year-old prince licks an aarp representative's face.,satire,0,0.8860295414924622,0.9312900304794312,-0.045260488986968994,0.968855619430542,0.17286039232097053,206.16940307617188,3,0.375,0.1674767624771404
886,"Clinton lawyer funded Steele dossier? In other news, water is wet and politicians are shady.",hillary clinton lawyer funded steele dossier,understatement,0,0.8397634625434875,0.7633803486824036,0.07638311386108398,0.8014459609985352,0.01926371972309374,1582.6578369140625,14,0.9333333333333333,0.015438830365881298
887,mcdonald's unveils new senior citizen playplace,McDonald's has introduced a new playplace for senior citizens.,satire,0,0.9018961191177368,0.9520801901817322,-0.05018407106399536,0.8850139379501343,0.03155984539112946,133.33677673339844,8,0.8888888888888888,0.027930903050700878
888,"Nothing boosts sales like homelessness, right? Who needs a home when you have cookies?",nothing boosts sales like homelessness,sarcasm,0,0.7928544878959656,0.9776791334152222,-0.1848246455192566,0.7045130729675293,0.04395541994992161,38678.59765625,11,0.7857142857142857,0.030967167982497514
889,"Hillary Clinton steals show in 'Song for Women', breaking glass ceilings one cameo at a time.",hillary clinton steals show in'song for women',satire,0,0.9527614116668701,0.7974326014518738,0.15532881021499634,0.8082101345062256,0.02137134585333444,2308.795166015625,13,0.8125,0.017272538306702494
890,"Colleges brave Cuba for exchanges, thawing relations one class at a time.","colleges brave cuba for exchanges, thawing relations one class at a time",irony,0,0.9392126798629761,0.9064673781394958,0.032745301723480225,0.9819368124008179,0.6315552371794037,390.2679748535156,3,0.25,0.6201473364509861
891,"area man much happier, more relaxed since joining cult",A local man has been happier and more relaxed since joining a cult.,irony,0,0.753358006477356,0.939873218536377,-0.186515212059021,0.8788734674453735,0.2044800736021839,81.62883758544922,8,0.6153846153846154,0.17971211131023657
892,"Two beatboxers make corporate jargon sound cool, turning 'leverage' into art—who needs clear communication?",two beatboxers make corporate jargon sound cool,satire,0,0.8792949914932251,0.9829113483428955,-0.10361635684967041,0.8159249424934387,0.22616792214653433,1285.86181640625,9,0.6428571428571429,0.18453604887127156
893,Mike Pence links Iranian scientist's execution to Hillary's emails? Logical as ever.,mike pence links iran scientist's execution to hillary clinton's emails,sarcasm,0,0.9673919677734375,0.8939160108566284,0.07347595691680908,0.9307960867881775,0.09189798020039786,1153.8995361328125,8,0.6666666666666666,0.08553828035426773
894,Fans get front-row seats to unexpected player meet-and-greet (with fists).,fans get front-row seats to unexpected player meet-and-greet,understatement,0,0.5771973729133606,0.950741708278656,-0.3735443353652954,0.9307650327682495,0.6548907866815301,62.86989974975586,3,0.3,0.609549444525259
895,area man determined to get money's worth from pay toilet,A local man is determined to get money from a pay toilet.,satire,0,0.9303288459777832,0.9456449151039124,-0.01531606912612915,0.8711111545562744,0.10025157431478134,108.95647430419922,7,0.5833333333333334,0.08733026464743332
896,newlyweds regret saving sex for marriage,The newlyweds regret saving sex for their marriage.,understatement,0,0.8437247276306152,0.9295719861984253,-0.08584725856781006,0.8992573022842407,0.5169731539571706,251.0885009765625,3,0.375,0.4648918837809007
897,unattractive man not fooling anyone by dressing well,An unattractive man is not fooling anyone by dressing well.,sarcasm,0,0.5344829559326172,0.614724338054657,-0.0802413821220398,0.9475467801094055,0.4518010018049224,50.02899169921875,3,0.3,0.4281025845104579
898,area teen smoking like he's been to fucking war or something,A local teenager is smoking like he has been to a war or something.,overstatement,0,0.6049501299858093,0.7297927141189575,-0.1248425841331482,0.8246151208877563,0.05231868220107226,115.94922637939453,8,0.5714285714285714,0.04314277644792531
899,"Dove Deodorant joins the political fray with #AlternativeFacts, because what the world needs is more corporate snark.",dove deodorant joins the political fray with #alterativefacts,irony,0,0.9057393074035645,0.7780815362930298,0.12765777111053467,0.8707621097564697,0.16783660999022343,654.6600341796875,12,0.7058823529411765,0.14614576060946075
900,"fear of being alone, ticking biological clock wed in beautiful outdoor ceremony",The fear of being alone and ticking the biological clock wed in an outdoor ceremony.,sarcasm,0,0.5926851034164429,0.6262056231498718,-0.033520519733428955,0.9626567959785461,0.2533654946448647,526.1279296875,6,0.4,0.24390401528634492
901,trump slammed for signing john mccain defense bill without praising how many people it will kill,Trump is criticized for signing John McCain's defense bill without praising the number of people it will kill.,sarcasm,0,0.8836398720741272,0.7624771595001221,0.12116271257400513,0.8774648904800415,0.21671830063791614,55.10818862915039,9,0.5,0.1901626999342698
902,10th-grade prodigy studying mathematics at 10th-grade level,A 10th-grade prodigy is studying mathematics at a 10th-grade level.,sarcasm,0,0.9111269116401672,0.9375722408294678,-0.026445329189300537,0.9250800013542175,0.13747081017605653,27.952451705932617,4,0.4,0.12717149726383176
903,"just when couple finally stops stressing about having a baby, they're still not pregnant","A couple stops stressing about having a baby, but they are still not pregnant.",irony,0,0.9410838484764099,0.8399718403816223,0.1011120080947876,0.9521386623382568,0.4052587697205425,98.41214752197266,7,0.5,0.385862542902565
904,watching faces of students as they finish 'the lottery' highlight of english teacher's year,Watching the faces of students as they finish 'The Lottery' is the highlight of the English teacher's year.,irony,0,0.9775577783584595,0.9787594676017761,-0.0012016892433166504,0.9678040742874146,0.3064859599765908,41.8573112487793,9,0.5,0.296618360777234
905,'mr. falafel' owner does not actually like being addressed as mr. falafel,The owner of 'Mr. Falafel' does not like being addressed as Mr. Falafel.,irony,1,0.5661178231239319,0.7826650738716125,-0.21654725074768066,0.9399021863937378,0.23901088824528133,22.177419662475586,8,0.6153846153846154,0.22464685643364923
906,"Celine Dion's tribute: emotional, as expected at awards shows.",celine dion's emotional tribute,understatement,1,0.9367361664772034,0.6726775169372559,0.2640586495399475,0.8991315960884094,0.0,4725.72509765625,9,1.0,0.0
907,"columbus day protests once again erupt as nation struggles with its dark, anti-italian past","Columbus Day protests erupt as the nation struggles with its dark, anti-Italian past.",sarcasm,0,0.8308539986610413,0.8628151416778564,-0.031961143016815186,0.974370002746582,0.31843164596791895,148.19973754882812,7,0.5,0.3102702437563598
908,really ugly shark tired of being mistaken for hammerhead,A shark is tired of being mistaken for a hammerhead.,satire,1,0.6939157247543335,0.7315672636032104,-0.03765153884887695,0.8531419038772583,0.4111336169005197,62.81889724731445,5,0.5,0.35075531667045273
909,Are sheep secretly controlling your mind? This article thinks so.,are sheep secretly controlling your mind?,rhetorical_question,1,0.6303034424781799,0.91916823387146,-0.28886479139328003,0.9761660099029541,0.39011264866539486,2303.63427734375,5,0.5,0.3808147076603715
910,cleveland ukrainian museum pulling out all stops to prepare for onrush of rnc visitors,The Cleveland Ukrainian Museum is pulling out all stops to prepare for the onrush of RNC visitors.,satire,0,0.9399700164794922,0.9431713223457336,-0.003201305866241455,0.9264865517616272,0.38538569180303145,128.96092224121094,8,0.47058823529411764,0.3570546606968598
911,Video exposes sexism in politics. Women are so surprised.,video exposes sexism in politics,sarcasm,0,0.9547739624977112,0.9549874663352966,-0.00021350383758544922,0.8962145447731018,0.11948321931215808,729.6657104492188,6,0.6666666666666666,0.10708259900387043
912,red cross issues reminder they can't accept donations from people with loose blood cupped in hands,The Red Cross issues a reminder that they cannot accept donations from people with loose blood cupped in their hands.,overstatement,1,0.5060997009277344,0.6449798345565796,-0.13888013362884521,0.9361604452133179,0.4315229271655712,64.08816528320312,8,0.4,0.4039746956150753
913,Your dog is basically a mini SUV with fur. Time to carbon-tax Fido!,your dog is basically a mini SUV with fur,overstatement,0,0.6197603940963745,0.5311331152915955,0.08862727880477905,0.7615871429443359,0.46548383647045716,382.26300048828125,6,0.46153846153846156,0.3545065051043039
914,What's your book shelfie style? Show off your intellectual vanity for the internet.,what's your book shelfie style?,overstatement,1,0.8413019776344299,0.9691990613937378,-0.12789708375930786,0.7961610555648804,0.13501633901742352,354.1112976074219,9,0.6923076923076923,0.10749475099061766
915,"Privacy activists rally to Apple's defense, trusting a corporation with their privacy.",privacy activists rally to apple's defense,sarcasm,0,0.9623053073883057,0.9690341353416443,-0.006728827953338623,0.9419757127761841,0.0743306114738671,1718.4356689453125,9,0.75,0.07001763072418557
916,east st. louis rated 'number one city in america' by poverty magazine,East St. Louis was rated 'number one city in america' by a poverty magazine.,irony,0,0.6377878189086914,0.7387388944625854,-0.10095107555389404,0.9752168655395508,0.44710186192584195,90.8948745727539,6,0.42857142857142855,0.4360212763642166
917,"House passes stopgap bill before break, such diligent governance",house passes stopgap bill before break,sarcasm,0,0.9764245748519897,0.8385567665100098,0.13786780834197998,0.8799319863319397,0.3081980909598119,2845.025146484375,5,0.5555555555555556,0.2711933583619791
918,"Oh, look, Chris Christie's totally unbiased interview with Donald Trump where he just gushes non-stop.",chris christie's totally unbiased interview with donald trump,sarcasm,0,0.9839746356010437,0.8677650094032288,0.11620962619781494,0.8999302387237549,0.14411786453067818,575.3834838867188,11,0.7333333333333333,0.129696024231451
919,"'humanity deserves to live in darkness,' onion social algorithm cries out before bursting into bright light, disappearing from earthly realm",An onion social algorithm cries out before bursting into bright light.,satire,0,0.7050185799598694,0.9268478751182556,-0.22182929515838623,0.7911639213562012,0.3468424956664041,1004.27880859375,11,0.55,0.2744092689644035
920,each passenger has own theory about how guy got into first class,A passenger has a theory about how a man got into the first class.,irony,0,0.614963948726654,0.6264343857765198,-0.011470437049865723,0.924484133720398,0.10743014571163138,62.59455108642578,6,0.42857142857142855,0.09931746519367367
921,real toy used as sex toy,A real toy is used as a sex toy.,irony,0,0.5466140508651733,0.6819537878036499,-0.13533973693847656,0.9627113342285156,0.07583235673413397,73.74835968017578,4,0.4444444444444444,0.07300466932921088
922,israeli soldiers open fire on palestinians carrying potentially dangerous injured friends,Israeli soldiers open fire on Palestinians carrying potentially dangerous injured friends.,sarcasm,0,0.7796931862831116,0.7175914645195007,0.06210172176361084,0.9853144884109497,0.46924700641056,500.9732666015625,3,0.2727272727272727,0.46235587405979056
923,Drunken angry white men huddle together? Sounds like a peaceful gathering.,dunken angry white men huddle together,irony,0,0.9728131890296936,0.9194790720939636,0.05333411693572998,0.7365016937255859,0.22083358203177395,302.8356018066406,7,0.6363636363636364,0.16264430719788964
924,"failing memory fuses robert wuhl, kevin pollack into single entity",A memory failure combines Robert Wuhl and Kevin Pollack into a single entity.,satire,1,0.806236743927002,0.5894177556037903,0.21681898832321167,0.8579951524734497,0.020448007360218394,172.32801818847656,10,0.7692307692307693,0.017544291192808804
925,"Artist merges genders with late lover as ultimate collaboration, pushing artistic boundaries tastefully.",artist merges genders with late lover,satire,1,0.6524727940559387,0.5493677258491516,0.10310506820678711,0.9027432203292847,0.23661528215726477,1819.9644775390625,8,0.6153846153846154,0.21360284179377154
926,News roundup for April 17: catch up on everything you didn't care about.,news roundup for april 17,sarcasm,0,0.7936493754386902,0.6097511053085327,0.18389827013015747,0.7714952230453491,0.022939873376788145,1461.5062255859375,11,0.8461538461538461,0.017698002727457238
927,report: therapist just saying that to make you feel better,A report states that a therapist is saying that to make you feel better.,sarcasm,0,0.9340473413467407,0.9533998966217041,-0.01935255527496338,0.9074665904045105,0.363622704650007,70.92976379394531,7,0.5,0.3299754559824082
928,"Simple steps to find work you love: dream big, then accept any job—it's that easy.",simple steps to find work you love,understatement,0,0.8365262150764465,0.8102296590805054,0.026296555995941162,0.775044322013855,0.19605997334125028,160.7179412841797,10,0.6666666666666666,0.1519551691123238
929,"Oh, sure, because generalizing half the population is always a great idea – let's all embrace that wisdom!",why generalizing half of the population is always a great idea,sarcasm,0,0.9613407850265503,0.9756788611412048,-0.014338076114654541,0.8515529632568359,0.334227457409569,54.611351013183594,10,0.5555555555555556,0.2846123817589164
930,chuck berry remembers call from cousin about white kid playing 'johnny b. goode',Chuck Berry recalls a call from his cousin about a white kid playing 'Johnny B. Goode'.,irony,1,0.7569989562034607,0.6061622500419617,0.15083670616149902,0.9633803367614746,0.08947853200770763,52.62908935546875,9,0.5625,0.08620185829850775
931,scientists determine tingling sensation of asmr caused by mass brain cell die-off,Scientists determine the tingling sensation of an asmr caused by a mass brain cell death.,overstatement,0,0.7315597534179688,0.7166710495948792,0.0148887038230896,0.9598138332366943,0.1531024544118244,150.33218383789062,5,0.3333333333333333,0.14694985364695942
932,dog feels like he always has to be 'on' around family,A dog feels like he always needs to be 'on' around his family.,irony,0,0.6093540787696838,0.5926254987716675,0.016728579998016357,0.9606649875640869,0.48442732379638637,78.79014587402344,4,0.3076923076923077,0.4653723689905594
933,A groundbreaking musical collaboration that will redefine symphonies.,symphonies: a new musical collaboration,overstatement,0,0.7757148742675781,0.5471479296684265,0.2285669445991516,0.8938033580780029,0.06235704094727466,430.42333984375,7,0.875,0.05573493259848162
934,3D-printed eyes help faces grow: nothing unnatural about that.,3d-printed eyes help faces grow,irony,0,0.941037654876709,0.97117018699646,-0.030132532119750977,0.9429585337638855,0.11948321931215808,3694.514404296875,6,0.6666666666666666,0.11266772129198135
935,college freshman from florida has never seen people complain about snow for 5 months before,A college freshman from Florida has never seen people complain about snow for five months.,irony,0,0.8875662684440613,0.7259417176246643,0.16162455081939697,0.894195556640625,0.5702822264405542,132.5112762451172,5,0.3333333333333333,0.5099438329142663
936,california to allow prisoners to serve sentences online,California will allow prisoners to serve sentences online.,overstatement,0,0.9500007033348083,0.955176591873169,-0.005175888538360596,0.9594389200210571,0.5169731539571706,118.17372131347656,3,0.375,0.4960041645125474
937,mad lit professor puts finishing touches on bloomsday device,A professor at mad lit has completed a bloomsday device.,sarcasm,0,0.8441206216812134,0.8701624870300293,-0.026041865348815918,0.9319349527359009,0.05307712171072445,3366.441650390625,9,0.9,0.04946442491284165
938,dana loesch rethinking loyalties after seeing how much airtime teen activists getting,Dana Loesch is rethinking his loyalties after seeing how many airtime teen activists are getting.,irony,0,0.9373977780342102,0.9067453742027283,0.030652403831481934,0.9389626979827881,0.2460137257692754,159.52084350585938,7,0.4666666666666667,0.2309977116891166
939,"Leaked cables contradict Clinton? I'm shocked, simply shocked.",leaked cables contradict donald trump's stance on hillary clinton,irony,0,0.6323307156562805,0.7478324174880981,-0.11550170183181763,0.7839305996894836,0.050712153369465586,506.0326232910156,7,0.7777777777777778,0.039754808802470225
940,peer group forces man to have opinion on 'weird al',A peer group forces a man to have an opinion on 'Weird Al'.,sarcasm,0,0.7581838965415955,0.7896153330802917,-0.03143143653869629,0.9548256397247314,0.1469410625195576,129.1556396484375,5,0.38461538461538464,0.14030309402206834
941,butterfly under immense pressure not to fuck up timeline with misplaced wing flap,A butterfly is under intense pressure to not fuck up a timeline with a misplaced wing flap.,overstatement,0,0.5383568406105042,0.6833138465881348,-0.14495700597763062,0.9254018664360046,0.0490265615454385,265.5508117675781,8,0.47058823529411764,0.045369271559088445
942,Even the flowers are fleeing California's perfect weather for the chilly north.,even the flowers are fleeing california's perfect weather for the chilly north,irony,0,0.9316844344139099,0.9085074067115784,0.023177027702331543,0.9901970624923706,0.53107253497887,358.51171875,3,0.25,0.5258664641064538
943,Why can't women just bounce back like superheroes? Baby weight is so rude.,why can't women bounce back like superheroes?,rhetorical_question,1,0.5167649388313293,0.503695011138916,0.01306992769241333,0.8307756185531616,0.20748565434767416,127.6327896118164,7,0.5384615384615384,0.17237402283159647
944,"Watch: Clearing world anger in one viral video, because that's how problems work.",watch: clearing world anger in one viral video,sarcasm,0,0.9687256217002869,0.9435855746269226,0.025140047073364258,0.8183395862579346,0.276715788893083,1307.0233154296875,8,0.6153846153846154,0.22644748419380353
945,report: mom's work friend has no one,A report indicates that a mother's work friend has no one.,understatement,0,0.6550022959709167,0.5134282112121582,0.14157408475875854,0.8671732544898987,0.23462350320528,328.2955627441406,7,0.6363636363636364,0.20345922685434384
946,2016: A Year When Voters Mattered a Little,2016: a year when voters mingled a little.,understatement,0,0.6684743762016296,0.8141005635261536,-0.14562618732452393,0.7756423950195312,0.03303164318013808,345.4556884765625,6,0.75,0.025620742827672863
947,new study finds running for 20 minutes each day could add years of soreness to life,A study finds running for 20 minutes per day could lead to years of soreness.,sarcasm,0,0.8746482729911804,0.8754329085350037,-0.0007846355438232422,0.9480589628219604,0.38337964779820516,71.4402084350586,7,0.4375,0.3634665112586149
948,44 suspicious packages detonated under white house christmas tree,44 suspicious packages were detonated under a White House Christmas tree.,sarcasm,0,0.6437525153160095,0.7553988695144653,-0.11164635419845581,0.9757907390594482,0.11731175160264001,98.39342498779297,6,0.5454545454545454,0.11447172079669851
949,"mitch mcconnell has hands, vocal cords removed to prevent self from holding hearing on scalia replacement",Mitch McConnell has removed his hands and vocal cords to prevent his self from holding a hearing on a California replacement.,satire,0,0.728123664855957,0.7759523391723633,-0.04782867431640625,0.8734482526779175,0.0786632387311625,174.484375,12,0.5714285714285714,0.06870826841971978
950,"Yes, you can use government money to get out of student loan default. Nothing says fiscal responsibility like borrowing more to pay off debt.","yes, you can use government money to get out of student loan default",irony,0,0.8814876675605774,0.9391459822654724,-0.05765831470489502,0.9245719909667969,0.35364866931937694,48.580413818359375,13,0.5416666666666666,0.3269736542953747
951,"The five parent types that everyone universally adores to despise, no exceptions.",the five parent types that everyone adores to despise,overstatement,0,0.8835497498512268,0.9773308038711548,-0.09378105401992798,0.9575808048248291,0.3678278000487881,718.3272705078125,5,0.4166666666666667,0.35222484080766486
952,clinton's head sawed off,Clinton's head was seen off.,overstatement,1,0.6340721249580383,0.6474187970161438,-0.013346672058105469,0.9228981733322144,0.05372849659117709,172.3767547607422,4,0.8,0.04958593135988344
953,report: this not a gun,A report states that this is not a gun.,sarcasm,1,0.8755180239677429,0.7528283596038818,0.12268966436386108,0.8370875120162964,0.056122223243057295,101.5741958618164,6,0.6666666666666666,0.046979212223353994
954,Interior Department's brilliant plan: slice the Endangered Species Act—because who needs pandas when we have more drilling?,the interior department's brilliant plan: slice the endangered species act,satire,0,0.8905802965164185,0.9566739797592163,-0.06609368324279785,0.7010749578475952,0.130448484795528,919.3659057617188,14,0.8235294117647058,0.09145416597930746
955,budget woes force heaven to reduce eternal life to 500 billion years,The budget woes have forced heaven to reduce eternal life to 500 billion years.,satire,0,0.8324797749519348,0.8191114664077759,0.013368308544158936,0.9447678923606873,0.5622008276590377,303.8218994140625,4,0.2857142857142857,0.531149291030863
956,Distributor won't release Louis C.K. film after misconduct? Hollywood morals at work.,distributor won't release louis c.k. film after misconduct,sarcasm,1,0.9013028740882874,0.5698499083518982,0.33145296573638916,0.9220929145812988,0.05038461395530625,599.1429443359375,8,0.6666666666666666,0.04645929553210192
957,"Do I need to upgrade my health insurance? Unless you want bankruptcy from a minor allergy, probably a good idea.",do i need to upgrade my health insurance?,overstatement,1,0.9240320920944214,0.9651315808296204,-0.041099488735198975,0.7954920530319214,0.15181216783202628,145.47958374023438,14,0.7,0.1207653730639252
958,"Deputy who flipped Spring Valley High student acted reprehensibly? Say it ain't so, school officials!",deputy who flipped spring valley high student acted reprehensibly,sarcasm,0,0.624228298664093,0.769166886806488,-0.14493858814239502,0.9001367688179016,0.03682115399770305,6349.25048828125,11,0.7333333333333333,0.03314407458363878
959,Oil lobby opposes Obama's oil tax – say it with me: utterly predictable.,oil lobby opposes obama's oil tax,sarcasm,0,0.8770369291305542,0.9420187473297119,-0.06498181819915771,0.8882262706756592,0.03802068840835078,1109.533447265625,9,0.6923076923076923,0.03377097427347068
960,entitled burger king employee wants $15 an hour just for dealing with worst of america every day,An entitled Burger King employee wants $15 an hour for dealing with the worst of America every day.,sarcasm,0,0.956419825553894,0.954016387462616,0.002403438091278076,0.9773618578910828,0.30928520903947526,68.721923828125,7,0.3888888888888889,0.30228356652505345
961,Living with mindfulness and love? That's the solution to all world problems.,living with mindfulness and love,satire,1,0.9671538472175598,0.628024160861969,0.3391296863555908,0.7832455635070801,0.06557378107648686,298.48651123046875,9,0.75,0.051360373110542853
962,Michelle Obama's daily habit is all about happiness: because positive vibes fix systemic issues.,michelle obama's daily habit is all about happiness,understatement,0,0.9840495586395264,0.9744146466255188,0.009634912014007568,0.9382845759391785,0.2442008265943985,419.8337707519531,9,0.6428571428571429,0.22912986902512206
963,1970 Cosmo's guide for ladies: timeless advice on pleasing men with your hands.,1970 cosmo's guide for ladies,satire,0,0.7321882843971252,0.7848641872406006,-0.05267590284347534,0.7528842687606812,0.0253871431063062,1054.2421875,10,0.7692307692307693,0.01911358067351411
964,cricket located,Cricket is located in a local area.,understatement,1,0.5914976000785828,0.8190401196479797,-0.22754251956939697,0.8949859142303467,0.033031643180138064,65.52774810791016,6,0.8571428571428571,0.029562855370106462
965,new employee still eager enough to pick up slack for coworkers,A new employee is eager to pick up a slack for coworkers.,sarcasm,0,0.9326480031013489,0.960378110408783,-0.027730107307434082,0.9295014142990112,0.1281101041965245,112.82556915283203,5,0.4166666666666667,0.1190785230366632
966,"defense: 'george zimmerman is, you know, he's a decent enough guy'",George Zimmerman's defense says he is a decent enough person.,sarcasm,0,0.6709369421005249,0.9334264993667603,-0.26248955726623535,0.8518590927124023,0.09451499817700955,91.69627380371094,8,0.7272727272727273,0.08051346059478172
967,gondolier ordered to follow that gondola,A gondolier is ordered to follow the gondola.,sarcasm,0,0.5379016399383545,0.6936648488044739,-0.15576320886611938,0.9314117431640625,0.1477219991186121,41.94994354248047,4,0.5,0.1375900047027466
968,tucker carlson angrily explains difference between good baby and bad baby,Taylor Carlson explains the difference between a good baby and a bad baby.,sarcasm,0,0.5700164437294006,0.8110077381134033,-0.24099129438400269,0.8246535062789917,0.1051781439830431,28.324377059936523,7,0.5384615384615384,0.08673552521953312
969,mom uses full name to refer to bisquick impossibly easy cheeseburger pie,A mother uses her full name to refer to a bisquick impossibly easy cheeseburger pie.,irony,0,0.6916508078575134,0.858883261680603,-0.1672324538230896,0.9545571804046631,0.42311785416105785,163.1664581298828,5,0.3333333333333333,0.4038901858468508
970,"Aww, how quaint – an LGBT foster youth has a Christmas wish. How utterly unexpected and not at all heartwarming.","aww, how quaint – an lgbt foster youth has a christmas wish",irony,0,0.842475950717926,0.9353928565979004,-0.09291690587997437,0.932847261428833,0.21769529424607978,526.3841552734375,12,0.6,0.20307645906339952
971,Christian sideshow in acts of terror. Peaceful as always.,christian sideshow in acts of terror,irony,0,0.943710207939148,0.9416346549987793,0.0020755529403686523,0.8455154895782471,0.3081980909598119,342.42523193359375,5,0.5555555555555556,0.26058625976496647
972,"'nothing would surprise me at this point,' says man who will be shocked by 8 separate news items today","A man says 'nothing would surprise me at this point,' which is why he will be shocked by 8 separate news items today.",irony,0,0.5782707333564758,0.5933929681777954,-0.01512223482131958,0.9531882405281067,0.5664439143400164,74.74644470214844,8,0.34782608695652173,0.5399276780676138
973,"Comedian justly berates 'SNL' for its 30-year gay cast member drought, a true scandal",comedian berates'snl' for its 30-year gay cast member drought,sarcasm,0,0.9506868720054626,0.9286226630210876,0.022064208984375,0.9410192966461182,0.337019838632122,1247.43798828125,8,0.5714285714285714,0.31714217150538765
974,royal baby spits up on great-grandmother,A royal baby spits up on his great-grandmother.,understatement,0,0.567782461643219,0.8036667108535767,-0.23588424921035767,0.9259348511695862,0.5169731539571706,83.60841369628906,3,0.375,0.4786834603680043
975,"Putin's childhood friends defend him in SNL spoof: Loyalty knows no bounds, even for 'petty' pals.",trump's childhood friends defend him in spoof of'snl',satire,0,0.8736661672592163,0.9191808700561523,-0.045514702796936035,0.6869664192199707,0.19018379497840193,1299.8763427734375,11,0.6875,0.13064988062997782
976,Nothing says 'romance' like rewatching 'The Notebook' while eating cold pizza alone.,rewatching 'the notebook' while eating cold pizza,irony,1,0.7889494895935059,0.7053810954093933,0.08356839418411255,0.6582739949226379,0.21281397709599684,528.4922485351562,7,0.5833333333333334,0.1400899068783566
977,greenspan just repeating detractors' criticisms in high-pitched girly voice,Greenspan is repeating detractors' criticisms in a high-pitched girly voice.,satire,0,0.9172812700271606,0.9166492223739624,0.0006320476531982422,0.9640698432922363,0.31239399369202553,113.42556762695312,4,0.4,0.3011696285441069
978,Out-bad Chronicles: Fantasy from Hell – hell must be running out of bad fantasies.,out-bad chromosomes: fantasy from hell,satire,1,0.778730571269989,0.7368752956390381,0.04185527563095093,0.44380325078964233,0.010561658476875811,5441.05078125,12,0.8571428571428571,0.004687298365767468
979,"Trump picks another insider for transportation role, shocking no one.",donald trump picks another insider for transportation role,sarcasm,0,0.959953784942627,0.9536705017089844,0.006283283233642578,0.8529052734375,0.4026190971287384,2530.73388671875,6,0.6,0.343395951127746
980,"Can Reddit ban hate? Sure, just like we banned guns.",can reddit ban hate?,rhetorical_question,1,0.7618355751037598,0.8285225629806519,-0.06668698787689209,0.8398140668869019,0.03791080144520064,5147.392578125,8,0.8,0.03183802434063579
981,Conscious uncoupling is wimping out? And other groundbreaking life lessons from the enlightened.,concious uncoupling is wimping out,satire,1,0.9238224625587463,0.545963704586029,0.3778587579727173,0.529068112373352,0.053687271162922795,262.79315185546875,10,0.7692307692307693,0.02840422321264386
982,entire republican national convention stunned as ann romney asks for divorce,The entire Republican National Convention was stunned when Hillary Clinton asked for a divorce.,satire,0,0.9115832448005676,0.9396557807922363,-0.0280725359916687,0.771093487739563,0.018798317647335087,58.53343963623047,11,0.7857142857142857,0.014495260318319788
983,amount of water man just used to wash dish to be prize of hand-to-hand combat match in 2065,The amount of water man used to wash a dish was prized for a hand-to-hand combat match in 2065.,overstatement,1,0.6572123169898987,0.7858865261077881,-0.1286742091178894,0.9468600153923035,0.3187271473320672,66.62980651855469,8,0.42105263157894735,0.3017899916287861
984,"The U.S women's gymnastics team turns heads at the VMAs: with their flawless routines, obviously.",the u.s women's gymnastics team turns heads at the vmas,overstatement,0,0.9732898473739624,0.9779510498046875,-0.004661202430725098,0.9082682132720947,0.38753858253732953,216.53616333007812,8,0.5333333333333333,0.3519889759351805
985,woman 7 golden retrievers short of childhood vision,A woman is 7 golden retrievers short of her childhood vision.,understatement,1,0.7817602753639221,0.7375592589378357,0.044201016426086426,0.9645121097564697,0.38163309113713373,265.162109375,4,0.36363636363636365,0.36808973788555993
986,report: shame of walking out without buying anything drives 90% of purchases at small businesses,A report states that walking out without buying anything drives 90% of purchases at small businesses.,overstatement,0,0.9403294920921326,0.9269624352455139,0.013367056846618652,0.9026516079902649,0.6525452579142078,200.6474609375,5,0.3125,0.5890210263426818
987,Pro-Trump trolls target Megyn Kelly's book? So respectful and on-topic.,pro-trump trolls target megyn kelly's book,sarcasm,0,0.9526880383491516,0.8535136580467224,0.0991743803024292,0.9240437746047974,0.04432535465175531,816.9491577148438,8,0.8,0.04095856802310429
988,Washington players celebrate with simulated 'stop and frisk'—tasteless humor at its finest.,washington players celebrate with simulated'stop and frisk' humor,sarcasm,0,0.9359469413757324,0.8454008102416992,0.0905461311340332,0.9692120552062988,0.09473826754214426,4641.88525390625,7,0.5833333333333334,0.09182147099120583
989,Britain's EU referendum polls close? Time to see which side's bitterness wins the day.,ukraine's eu referendum polls close,satire,0,0.5270103812217712,0.6289003491401672,-0.101889967918396,0.6771706342697144,0.01878157980529131,2364.466552734375,12,0.8571428571428571,0.012718334309336374
990,"A toddler's deep insights into mortality—because kids are basically philosophers, right?",a toddler's deep insights into mortality,overstatement,1,0.7858669757843018,0.6465833187103271,0.1392836570739746,0.7677910327911377,0.22083358203177395,1089.237060546875,7,0.6363636363636364,0.16955404402314214
991,nra spokesman: a hebrew?,The NRA spokesman is a hebrew.,rhetorical_question,0,0.9280737638473511,0.8635662198066711,0.06450754404067993,0.9614796042442322,0.040824829046386304,900.6170043945312,5,0.8333333333333334,0.03925224047485794
992,genetic experiment goes horribly right,A genetic experiment is wrong.,irony,1,0.9442523121833801,0.5867134928703308,0.3575388193130493,0.8569197058677673,0.11362193664674995,225.88409423828125,4,0.8,0.09736487653145906
993,"Feeding people, and democracy, to death – our efficient governance model.","feeding people, and democracy, to death",overstatement,0,0.9683268666267395,0.6713165044784546,0.2970103621482849,0.8619495630264282,0.3302232277439296,206.8864288330078,6,0.5454545454545454,0.2846357668550568
994,video game shopkeeper starting to get suspicious after selling 800 bombs to player,A video game shopkeeper is suspicious after selling 800 bombs to a player.,irony,0,0.6595206260681152,0.8617839217185974,-0.20226329565048218,0.938483715057373,0.48442732379638637,310.0082702636719,6,0.46153846153846156,0.45462715451173363
995,nutella briefly entertained as lubricant,Nutella was briefly entertained as a lubricant.,satire,0,0.7482622265815735,0.7876020669937134,-0.03933984041213989,0.9747951626777649,0.16348126556655487,343.43646240234375,4,0.5714285714285714,0.15936074686271673
996,"I was pranked by Muhammad Ali, the boxer known for his poetic trash talk, what a harmless joke.","i was pranked by mahmoud ali, the boxer known for his poetic trash talk",irony,0,0.8805160522460938,0.6835513710975647,0.19696468114852905,0.9103209972381592,0.3995580083755955,373.1702575683594,8,0.4444444444444444,0.36372604463896485
997,Father of Parkland victim creates powerful mural: because what's a few more names on a wall?,father of parkland victim creates powerful mural,sarcasm,0,0.7665615081787109,0.5990924835205078,0.16746902465820312,0.8320555686950684,0.04856507409206696,4377.17626953125,12,0.75,0.0404088403423929
998,"report finds koch brothers increasingly falling under control of influential, high-powered trillionaire",A report indicates that the Koch brothers are increasingly under control of a wealthy billionaire.,overstatement,0,0.9359549880027771,0.838070273399353,0.09788471460342407,0.8454766273498535,0.07779637090949697,93.0602798461914,10,0.6666666666666666,0.06577501329661975
999,"A high school denies a gay student a scholarship, upholding timeless values of exclusion.",a high school denies a gay student a scholarship,sarcasm,0,0.9513403177261353,0.9066020846366882,0.04473823308944702,0.9082696437835693,0.41653323821535565,111.56434631347656,7,0.5,0.3783244958978777
1000,"Illustrations sum up anxiety, because a picture is worth a thousand panic attacks.",illustrations sum up the anxiety of a picture,irony,1,0.8352921605110168,0.5866437554359436,0.24864840507507324,0.8585851788520813,0.04446426575347835,240.04177856445312,10,0.7692307692307693,0.03817635956447669
1001,"National Enquirer, bastion of truth, turns on Michael Cohen – the plot thickens.","national enquirer, bastion of truth, turns on michael ohio",irony,0,0.8651720881462097,0.8784563541412354,-0.013284265995025635,0.7649713158607483,0.28617394805234075,193.85340881347656,8,0.6153846153846154,0.21891486160666454
1002,Throwing in the towel? How original for a media mogul.,throwing in the towel,satire,1,0.9629160761833191,0.9011408090591431,0.061775267124176025,0.6517225503921509,0.03791080144520064,301.7496032714844,8,0.8,0.0247073242052766
1003,"Williams' lies so elaborate, Pinocchio would need a longer nose to keep up.",michelle wilson's lies are so elaborate that pinocchio would need a longer nose,overstatement,0,0.585564911365509,0.6742485761642456,-0.08868366479873657,0.754607617855072,0.31455601883230705,254.9226837158203,9,0.6923076923076923,0.2373663680530224
1004,grounded plane makes snow angel on tarmac,A grounded plane made a snow angel on a tarmac.,irony,0,0.8724232912063599,0.8245376944541931,0.04788559675216675,0.9470916390419006,0.13134549472120793,208.80555725097656,5,0.5,0.12439621987627814
1005,"Trevor Noah reveals Trump is raking in cash as president, what a successful side hustle.",trevor noah reveals donald trump is raking in cash as president,overstatement,0,0.9853644967079163,0.9138774275779724,0.07148706912994385,0.8805513381958008,0.25526076207555654,406.2888488769531,10,0.6666666666666666,0.22477020563451122
1006,visine introduces new eye-whitening strips,Visine introduces new eye-whitening strips.,satire,0,0.9328492879867554,0.925693154335022,0.0071561336517333984,0.9931848645210266,0.26591479484724945,271.34515380859375,2,0.4,0.264102549494502
1007,Greed and resistance in Sarawak's rainforest – corporations always have our best interests at heart.,greed and resistance in samantha's rainforest,sarcasm,0,0.928619384765625,0.7206131815910339,0.20800620317459106,0.5641615390777588,0.048445690319721145,723.760986328125,11,0.7333333333333333,0.027331195212458363
1008,"Democrat says GOP is holding government hostage, because they're just so reasonable.",democrat says gop is holding government hostage,sarcasm,0,0.9688571095466614,0.9131535887718201,0.05570352077484131,0.9072058200836182,0.08599878806687147,643.4559936523438,8,0.6666666666666666,0.0780186010544034
1009,"bob barr on two-party system: ""waaah! waaah!""","Bob Barr on a two-party system says, ""Waaaah! waaaah!""",sarcasm,0,0.7880885601043701,0.8686404228210449,-0.0805518627166748,0.9665300250053406,0.028517539529041507,102.57054901123047,7,0.7777777777777778,0.027563058194095276
1010,al-qaeda chatter deteriorates into gossip,A chatter with al-Qaeda is deteriorating into gossip.,sarcasm,0,0.758401095867157,0.8047057390213013,-0.04630464315414429,0.9315892457962036,0.03303164318013808,269.4436340332031,6,0.75,0.030771923557594144
1011,time traveler from 2008 freaked out by guy wearing google glass while smoking e-cigarette,A time traveler from 2008 was shocked by a man wearing a google glass while smoking an e-cigarette.,satire,0,0.7909464240074158,0.8330689072608948,-0.042122483253479004,0.8889992237091064,0.28433291815307693,92.2351303100586,8,0.4444444444444444,0.2527717435130303
1012,"FBI employees showcase their subtle, professional loyalty to Comey with 'Comey is my homey' shirts at family day.","fbi employees showcase their subtle, professional loyalty to comey with 'comey is my homey' shirts",satire,0,0.9726513028144836,0.9606757164001465,0.011975586414337158,0.9562878608703613,0.47717543743980667,637.4222412109375,6,0.3333333333333333,0.45631707832919166
1013,self-conscious panda swears it overheard zookeeper refer to it as 'giant',A self-conscious panda swears that an overheard Zookeeper refers to it as 'giant'.,irony,0,0.603541910648346,0.6320024132728577,-0.02846050262451172,0.9638301134109497,0.13440569963077395,125.18170166015625,6,0.46153846153846156,0.1295442607182069
1014,McKinsey reveals that equality might boost economy; someone alert the Nobel committee.,michael mckinsey reveals that equality could boost the economy,satire,0,0.8797566294670105,0.9437333345413208,-0.0639767050743103,0.8649039268493652,0.09662504873924324,324.632080078125,8,0.6666666666666666,0.08357138408658278
1015,Veterans are pissed at Trump for not spelling Marine Corps – the real issue.,veterans are pissed at donald trump for not spelling the marine corps,sarcasm,0,0.7865217328071594,0.951962947845459,-0.16544121503829956,0.9662727117538452,0.12472700182418718,330.02459716796875,8,0.5714285714285714,0.12052029828158414
1016,"police chief says there just a few bad, deeply ingrained prejudices giving all cops a bad name","Police chief says there are only a few bad, deeply ingrained prejudices that give all cops a bad name.",understatement,0,0.8097235560417175,0.8710496425628662,-0.06132608652114868,0.9657877683639526,0.44476089284108944,50.52906799316406,6,0.3157894736842105,0.42954463015255484
1017,"American women suddenly all want kids, population boom imminent!",america's women are suddenly all interested in kids,overstatement,0,0.978296160697937,0.9796945452690125,-0.0013983845710754395,0.7946609854698181,0.057367534172156044,342.2019348144531,7,0.7777777777777778,0.045587741239218986
1018,history teacher has unusual favorite president,History teacher has a favorite president.,understatement,0,0.942139208316803,0.9748654365539551,-0.0327262282371521,0.9299895763397217,0.09554427922043669,483.4769287109375,3,0.5,0.08885518375389799
1019,"Ten supremely obvious tips you've heard a thousand times, now repackaged as groundbreaking life hacks for the chronically online.",10 supremely obvious tips you've heard a thousand times,sarcasm,0,0.9508549571037292,0.906558096408844,0.044296860694885254,0.703572154045105,0.23898737027690029,195.82179260253906,12,0.631578947368421,0.16814485889529382
1020,makers of good friends cereal not sure how two pictures of ann coulter got on box,The makers of Good Friends cereal are not sure how two pictures of Ann Coulter were placed on the box.,satire,0,0.5726878046989441,0.5425527095794678,0.03013509511947632,0.9554083347320557,0.28051550320162943,130.8328399658203,10,0.5,0.2680068497803934
1021,"ESA lander poised for its small, insignificant, totally routine Martian adventure.","esa lander poised for small, insignificant, totally routine martian adventure",understatement,0,0.9520688056945801,0.8435961008071899,0.10847270488739014,0.9618473052978516,0.343763879968285,1006.877685546875,4,0.36363636363636365,0.330648361606229
1022,"David Chase analyzes Sopranos ending shot-by-shot, essential viewing for understanding the universe.",daniel jenner analyzes'sopranos' ending shot-by-shot,overstatement,1,0.8323306441307068,0.6832605004310608,0.149070143699646,0.6530501842498779,0.013249284136531224,375.82135009765625,11,0.9166666666666666,0.0086524474465407
1023,"Barack Obama graciously helps Donald Trump deal with Twitter loss, showing presidential kindness.",barack obama helps donald trump deal with twitter loss,sarcasm,0,0.8400291204452515,0.9067234992980957,-0.06669437885284424,0.9157688617706299,0.035984468898536105,1072.9110107421875,10,0.7692307692307693,0.03295345612463304
1024,navy discontinues use of 'port' and 'starboard'will now refer to left as 'thunk' and right as 'moosh-baroo',Navy discontinues use of 'Port' and 'Starboard'will now refer to left as 'Thunk' and right as 'Moosh-Baroo'.,overstatement,1,0.8688653111457825,0.9166966676712036,-0.04783135652542114,0.9955446720123291,0.360056585428503,106.77984619140625,5,0.29411764705882354,0.3584524152462982
1025,"Kidnapping suspect says vaccine's side effects led him to crime. Blame the vaccines, not the fact that he's a kidnapper.",kidnapping suspect says vaccine's side effects led him to crime,sarcasm,0,0.5099709033966064,0.8453245759010315,-0.33535367250442505,0.9274030923843384,0.27952792741962756,229.41094970703125,12,0.6,0.2592350642967475
1026,"trump boys leave $5 bill, candy bar under propped-up laundry basket in effort to catch op-ed writer",Trump's boys leave a $5 bill and candy bar under a laundry basket to catch an op-ed writer.,satire,0,0.7844100594520569,0.8826205730438232,-0.09821051359176636,0.9603804349899292,0.09302667646379147,131.01499938964844,9,0.5,0.08934100000796345
1027,Trump nominee suddenly loves the agency now that there's a paycheck involved – what a surprise!,trump nominee suddenly loves the agency now that there's a paycheck involved,sarcasm,0,0.9840906262397766,0.9754845499992371,0.00860607624053955,0.9490818977355957,0.6474591278836639,529.50146484375,5,0.3125,0.6144917377980614
1028,stressed lab rat breaking out in human ears,A stressed lab rat is breaking out in human ears.,overstatement,0,0.5995218753814697,0.5439462065696716,0.055575668811798096,0.9636875987052917,0.37991784282579627,498.811279296875,3,0.3,0.36612211365808606
1029,resourceful man able to cobble together bad mood from handful of minor annoyances,A man is able to cobble together a bad mood from a few minor annoyances.,irony,0,0.7605636715888977,0.8113716840744019,-0.05080801248550415,0.8266677260398865,0.2533654946448647,42.99618911743164,6,0.4,0.20944907731504134
1030,rare quarter worth 26 cents,A rare quarter is worth 26 cents.,understatement,1,0.6979570984840393,0.8073301911354065,-0.10937309265136719,0.9699241518974304,0.09878765474230743,410.0342102050781,3,0.42857142857142855,0.0958165322438687
1031,Montana Dems nominate a banjo player for special election: Because why elect a politician when you can have a musician?,montana dems nominate banjo player for special election,irony,0,0.7180086970329285,0.8839868307113647,-0.16597813367843628,0.8927804231643677,0.08156639541862229,1123.8961181640625,15,0.75,0.07282088101782974
1032,new speech recognition software factors in user's mouth always being full,A new speech recognition software features a user's mouth.,satire,0,0.9672151803970337,0.9379379153251648,0.029277265071868896,0.793728232383728,0.25271148634948987,290.3367614746094,7,0.6363636363636364,0.2005842413632452
1033,17 ways to make the most of what's left of summer: as if you weren't already masterfully procrastinating.,17 ways to make the most of what's left of summer,understatement,1,0.637549638748169,0.7720020413398743,-0.13445240259170532,0.868705153465271,0.4726690031860885,34.99758529663086,8,0.4444444444444444,0.41060999895104766
1034,Jessica Simpson takes the plunge after crushing us with reality TV news – our hearts are shattered.,jessica scott takes the plunge after crushing us with reality tv news,overstatement,0,0.9054021835327148,0.9594122767448425,-0.054010093212127686,0.8460191488265991,0.4163468725645407,694.3706665039062,8,0.47058823529411764,0.35223742674366926
1035,dinner party conducting full-scale investigation to determine if tip was included,A dinner party is conducting a full-scale investigation to determine if a tip was included.,overstatement,0,0.5506255030632019,0.6924707293510437,-0.1418452262878418,0.9148027896881104,0.3237722713145643,56.50345230102539,5,0.3333333333333333,0.2961877770222192
1036,man swells with shame after entering zip code into girl scout cookie locator,A man swells after entering his zip code into a cookie locator for a girl scout.,overstatement,0,0.8896997570991516,0.8145323395729065,0.07516741752624512,0.8706552982330322,0.10343603005129705,231.3538360595703,10,0.625,0.09005712759235292
1037,"Trump says Congress won't change libel laws: consistency is key, even when wrong.",donald trump says congress won't change libel laws,sarcasm,0,0.8689889907836914,0.9511985778808594,-0.08220958709716797,0.8754264116287231,0.07906988827190935,211.6348114013672,10,0.7692307692307693,0.06921986855776166
1038,Marathon for kids with heart disease – because running cures everything.,marathon for kids with heart disease,understatement,0,0.9841316342353821,0.8225052952766418,0.16162633895874023,0.8835232257843018,0.3302232277439296,207.27647399902344,6,0.5454545454545454,0.2917598914052208
1039,Want to be shot from a cannon? Bello the clown makes dreams come true.,want to be shot from a cannon? bello the clown,irony,1,0.7067968249320984,0.8699381947517395,-0.1631413698196411,0.9340832233428955,0.3897446783710725,403.220703125,6,0.42857142857142855,0.36405396545359153
1040,How to make fashion week's glitter eyeliner actually wearable without blinding your coworkers.,how to make fashion week's glitter eyeliner actually wearable,irony,0,0.7291091084480286,0.6762064695358276,0.05290263891220093,0.9044041633605957,0.5535566902494308,584.6467895507812,5,0.38461538461538464,0.5006389753176969
1041,breaking: thriller writer jeffery deaver at top of his game,The thriller writer Jeffery Deaver is at the top of his game.,irony,0,0.8417800068855286,0.6857067942619324,0.1560732126235962,0.935562252998352,0.11094660471566163,59.96979904174805,6,0.5,0.10379745547030199
1042,Epidemic of Gun Silence: No One Talks About Guns Anymore,epidemic of gun silence,irony,0,0.8321505188941956,0.7945852279663086,0.03756529092788696,0.9144048690795898,0.017926911178691992,1296.3994140625,9,0.9,0.016392454869353288
1043,"onion social ceo caught by law enforcement at miami airport with $800,000 in cash","An onion social CEO was caught by law enforcement at Miami Airport with $800,000 in cash.",satire,0,0.7968456149101257,0.8536808490753174,-0.05683523416519165,0.978378415107727,0.33649324423301513,76.42139434814453,6,0.375,0.3292177269871547
1044,A long-shot push to confirm Garland fails? What a shocker.,a long-shot push to confirm garland fails,understatement,0,0.9710321426391602,0.7795626521110535,0.1914694905281067,0.9493058323860168,0.28319415510892393,761.7948608398438,6,0.6,0.2688378631425318
1045,"This one song will absolutely, definitely change your life and solve all societal ills.","this one song will absolutely, definitely change your life",overstatement,1,0.5044563412666321,0.8018962144851685,-0.2974398732185364,0.8243034482002258,0.4953442905208243,139.836181640625,6,0.42857142857142855,0.4083140067226099
1046,20-something thinking about maybe doing something funny with his facial hair,A 20-something is thinking about doing something funny with his facial hair.,understatement,0,0.5677708983421326,0.7551071047782898,-0.18733620643615723,0.9212703108787537,0.4832697830906221,41.403011322021484,4,0.3333333333333333,0.44522210330620526
1047,jonathan safran foer guesses it's time to give up on silly little dream of becoming good writer,Jonathan Safran Foer believes it's time to abandon his dream of becoming a good writer.,sarcasm,0,0.5391652584075928,0.7057477235794067,-0.16658246517181396,0.8940698504447937,0.1000702771432444,34.4797477722168,11,0.6470588235294118,0.08946981771942958
1048,"Linda Brown dies, but segregation's legacy thrives – progress, isn't it?","linda brown dies, but segregation's legacy thrives",irony,1,0.6095971465110779,0.7084421515464783,-0.09884500503540039,0.9520615339279175,0.34718201116725705,961.1575317382812,6,0.5454545454545454,0.33053863810407813
1049,child clinging to daddy's leg like it's helicopter evacuating saigon,A child is clinging to his daddy's leg like a helicopter evacuating Saigon.,overstatement,0,0.7294328808784485,0.6041224598884583,0.12531042098999023,0.9510059952735901,0.11685792587573332,81.38282012939453,5,0.38461538461538464,0.11113258810305918
1050,historical archives: amazing publick spectacle!,Historical archives: an amazing publick spectacle.,satire,0,0.6218688488006592,0.891274631023407,-0.2694057822227478,0.9752627611160278,0.09554427922043669,621.6568603515625,3,0.5,0.09318077756136381
1051,"Sudan's chemical weapons use confirmed, because diplomacy is overrated.",syria's chemical weapons use has been confirmed,sarcasm,0,0.9398341178894043,0.9255536198616028,0.014280498027801514,0.599192202091217,0.1228524589164766,90.0191879272461,6,0.6666666666666666,0.07361223539048439
1052,What better way to dispel myths than with a toy that highlights differences?,what better way to dispel myths than with a toy that highlights differences,rhetorical_question,0,0.5566105842590332,0.8929914236068726,-0.33638083934783936,0.9968631863594055,0.8242367502646054,89.87726593017578,2,0.15384615384615385,0.8216512731832961
1053,"Oh great, the 'quadruple bottom line' is finally here—because three bottom lines were clearly insufficient for our existential dread.",the 'quadruple bottom line' is finally here,sarcasm,0,0.9092230200767517,0.6725213527679443,0.23670166730880737,0.828666090965271,0.14571389846110752,80.19012451171875,13,0.6842105263157895,0.12074816663707638
1054,Texas GOP Chair Laments Inclusion of Gay Conversion Therapy: So Brave to Defend a Practice Everyone Knows Is Nonsense,texas gop chair laments inclusion of gay conversion therapy,sarcasm,0,0.9652135372161865,0.9312348365783691,0.03397870063781738,0.9491086602210999,0.007894145539546107,813.4623413085938,18,0.9473684210526315,0.007492401896628978
1055,pornstar has face only stepmother could love,A pornstar has a face that only his stepmother could love.,irony,0,0.6300987601280212,0.7506713271141052,-0.12057256698608398,0.9092399477958679,0.06238986072117501,89.27777862548828,5,0.45454545454545453,0.056727353705112636
1056,florida passes strict ban on being unarmed,Florida passes a strict ban on being unarmed.,irony,0,0.713264524936676,0.770067036151886,-0.05680251121520996,0.9800592064857483,0.3655552228545123,284.8627624511719,3,0.375,0.3582657616375142
1057,Cuba joins one billion rising: because ending violence is so easy with communism.,cuba joins one billion people rising,sarcasm,0,0.9699894189834595,0.7129155397415161,0.25707387924194336,0.7414245009422302,0.0629195042125731,2789.997314453125,10,0.7692307692307693,0.04665006201033956
1058,fcc passes mandatory garofalo/griffin guest-appearance regulation,The FCC has passed a mandatory guest-appearance regulation for garofalo/griffin.,satire,0,0.5207375288009644,0.612284243106842,-0.09154671430587769,0.9684391021728516,0.04939382737115371,392.11016845703125,8,0.8,0.047834913832200926
1059,mitsubishi from 'the fast and the furious' lands first directorial role,Mitsubishi from 'The Fast and the Furious' landed his first directorial role.,irony,0,0.6043458580970764,0.5461545586585999,0.05819129943847656,0.9420758485794067,0.053863663688318665,27.451507568359375,7,0.5833333333333334,0.050743656676768584
1060,report: video games will never be art,A report states that video games will never be art.,irony,0,0.7201015949249268,0.8673706650733948,-0.14726907014846802,0.856548547744751,0.392814650900513,140.86891174316406,5,0.5,0.33646481876169576
1061,Secretive WHCD pre-party: where celebs pretend to care about journalism.,secretive wcc pre-party,satire,1,0.9723161458969116,0.7193403244018555,0.25297582149505615,0.44894230365753174,0.0,2265.919921875,10,1.0,0.0
1062,area man hurt,A local man is injured.,understatement,1,0.8250058889389038,0.7605908513069153,0.06441503763198853,0.6812636852264404,0.05372849659117709,151.05245971679688,4,0.8,0.03660327358938154
1063,FDA warns another company about unapproved genetic tests. Because we need more ways to mess with our genes.,fda warns another company about unapproved genetic tests,sarcasm,0,0.9430304169654846,0.9361674785614014,0.006862938404083252,0.8682721853256226,0.19493068205878689,691.8974609375,12,0.6666666666666666,0.169252889298197
1064,Mark Hamill shuts down Trump's latest complaint with 3 blistering words—the Jedi Master of clapping back has entered the chat.,mark hamill shuts down donald trump's latest complaint with 3 blistering words,overstatement,0,0.6728549599647522,0.8666579723358154,-0.19380301237106323,0.7955204248428345,0.18720655824046925,1144.552490234375,14,0.7,0.14892664074482292
1065,"Scientology's 'Going Clear' is just like the original, but with more truth, apparently.",scientology's 'going clear' is just like the original,sarcasm,0,0.7448596358299255,0.7205777764320374,0.024281859397888184,0.9569743871688843,0.18505100105615155,195.5675048828125,9,0.6923076923076923,0.17708906833069918
1066,if the culture fits... because who needs qualifications when you have a shared love for ping-pong?,if the culture fits... because who needs qualifications when you have a shared love for ping-pong?,irony,1,0.7633845210075378,0.7633845210075378,0.0,1.000000238418579,1.0,108.49433135986328,0,0.0,1.0
1067,Laverne Cox taught the cast about trans issues—because Hollywood never learns anything.,laverne cox taught the cast about trans issues,irony,0,0.9221012592315674,0.8561902642250061,0.06591099500656128,0.7884914875030518,0.31356006812336346,785.6328735351562,7,0.5833333333333334,0.2472394445361491
1068,"Siri helps hero 4-year-old save his unconscious mom's life: Apple, now with life-saving features!",siri helps hero 4-year-old save his unconscious mom's life,irony,1,0.6559220552444458,0.6324453353881836,0.023476719856262207,0.885068416595459,0.41653323821535565,216.24095153808594,7,0.5,0.368660413606644
1069,crowd shocked after unhinged trump dangles baby from truman balcony,A crowd is shocked after Trump unhingedly dangles a baby from Trump's balcony.,overstatement,0,0.9066182971000671,0.9623714685440063,-0.05575317144393921,0.8732112646102905,0.051424016050282635,200.84024047851562,7,0.5384615384615384,0.04490403008660718
1070,10 motivational phrases? Because affirmations build skyscrapers.,10 motivational phrases,overstatement,1,0.8729984164237976,0.5187439918518066,0.35425442457199097,0.7637084722518921,0.06333742121977234,39402.96484375,5,0.7142857142857143,0.048371325196126906
1071,wal-mart greeter at death's door,A Wal-Mart greeter arrives at the death's door.,understatement,0,0.5567104816436768,0.7368490695953369,-0.18013858795166016,0.8601723909378052,0.03655552228545124,80.10570526123047,5,0.625,0.031444051006256815
1072,Ivanka Trump promises Daddy will fix labor laws for women—what could go wrong?,ivanka trump promises Daddy will fix labor laws for women,irony,0,0.7650645971298218,0.9718647599220276,-0.2068001627922058,0.9522396326065063,0.4733406936045769,2488.3544921875,6,0.46153846153846156,0.45073376817573124
1073,area man likes food,A local man enjoys food.,understatement,0,0.9506213665008545,0.9161804914474487,0.03444087505340576,0.8511737585067749,0.05372849659117709,655.9036254882812,4,0.8,0.04573228638243065
1074,vp pick energizes republican basest,The VP pick is energized by a Republican baset.,sarcasm,0,0.9159532785415649,0.8655129671096802,0.050440311431884766,0.9343307614326477,0.023980296761827107,344.6410827636719,8,0.8888888888888888,0.022405528932858777
1075,Watch Justin Timberlake do the robot in 'Filthy': a dance move so innovative it redefines music videos.,watch jimmy timberlake do the robot in 'filthy',overstatement,1,0.8784873485565186,0.6492330431938171,0.22925430536270142,0.7687813639640808,0.11223910575107081,415.992919921875,13,0.7647058823529411,0.08628733280941692
1076,tim kaine clearly ate rocket pop during pence's rebuttal,Tim Kaine clearly ate rocket pop during Pence's rebuttal.,sarcasm,0,0.7075909376144409,0.8419852256774902,-0.13439428806304932,0.9931442141532898,0.44632361378533286,1165.5999755859375,4,0.4444444444444444,0.4432637146708908
1077,school teacher not about to risk her life for derek,A school teacher is not about to risk her life for derek.,sarcasm,1,0.7549312710762024,0.8943403959274292,-0.1394091248512268,0.9326913952827454,0.5706745777055999,89.17115783691406,3,0.25,0.5322632681326275
1078,michael j. fox reluctantly fields hoverboard question during parkinson's research benefit,Michael J. Fox asked a hoverboard question during Richard Parkinson's research benefit.,sarcasm,0,0.7314872741699219,0.8448815941810608,-0.11339432001113892,0.906760573387146,0.09058752341587764,436.5630187988281,8,0.6666666666666666,0.08214119467430273
1079,A small drop in vaccines? Just a tiny risk of tripling infections.,a small drop in vaccines,understatement,0,0.7766281366348267,0.9344940185546875,-0.15786588191986084,0.833169162273407,0.07046361346077235,1041.254638671875,9,0.75,0.058708109797868856
1080,orlando locals fear town starting to become overrun by tourists,Locals in Orlando fear that the town will become overrun by tourists.,overstatement,0,0.7891935110092163,0.8187557458877563,-0.02956223487854004,0.938628077507019,0.09578464408619825,58.60756301879883,8,0.6666666666666666,0.08990615633332232
1081,noncompete clause in lease bars tenants from living anywhere else for 90 days after moving out,A noncompete clause in a lease prohibits tenants from living elsewhere for 90 days after moving out.,irony,0,0.5026808977127075,0.5022010207176208,0.0004798769950866699,0.9052635431289673,0.360056585428503,36.722389221191406,6,0.35294117647058826,0.32594610025192433
1082,spoon's weight topples pint in jarring reminder of how much ice cream area man ate in one sitting,A spoon's weight topples a pint in a jarring reminder of the amount of ice cream area man ate in one sitting.,irony,1,0.6031267046928406,0.5828522443771362,0.020274460315704346,0.8936029672622681,0.4027672046365773,213.81117248535156,7,0.3181818181818182,0.35991396917917456
1083,"Women face same career challenges globally? Shocking, that's never been mentioned before.",women face the same career challenges globally,understatement,0,0.6533344388008118,0.6330603361129761,0.020274102687835693,0.9271843433380127,0.08599878806687147,362.8958740234375,9,0.75,0.07973672984164715
1084,area love knows only court-ordered bounds,Local love knows only court-ordered bounds.,irony,0,0.6110637784004211,0.5667162537574768,0.044347524642944336,0.8362098336219788,0.5081327481546147,691.6922607421875,2,0.3333333333333333,0.4249056007922492
1085,"grandma still swallowing okay, grandpa reports",Grandma reports that her grandma is still swallowing okay.,irony,1,0.6751294732093811,0.5673476457595825,0.10778182744979858,0.9549846649169922,0.06030725360407769,328.65863037109375,8,0.8888888888888888,0.0575925023751542
1086,Criminal justice system wins gold in failing victims—Olympic performance!,criminal justice system wins gold in failing victims,overstatement,0,0.9754489064216614,0.9753511548042297,9.775161743164062e-05,0.8762825727462769,0.6004287712485592,1667.806884765625,3,0.3333333333333333,0.5261452684205732
1087,"Behold, five national parks that are apparently the best, as proven by a handful of Instagram-worthy snaps.",here's what you need to know about five national parks,understatement,0,0.956588864326477,0.6714469790458679,0.28514188528060913,0.6921073198318481,0.051870930784948546,39.690120697021484,17,1.0,0.03590025088275404
1088,"A trans author says no one should transition publicly, which is a bold stance from someone who did.",trans author: no one should transition publicly,irony,0,0.7437659502029419,0.514248788356781,0.2295171618461609,0.9040701985359192,0.0903124730600574,1792.1099853515625,13,0.7222222222222222,0.08164881544967593
1089,dr. scholl's introduces new cartilage inserts for all-day knee pain relief,Dr. Scholl's has introduced new cartilage inserts for all-day knee pain relief.,overstatement,0,0.8582897186279297,0.8748550415039062,-0.016565322875976562,0.9872781038284302,0.5156626918239822,86.52356719970703,5,0.4166666666666667,0.5091024845990453
1090,"Chelsea Handler's last-minute reminder: don't vote for Trump, as if you needed another reason",steve handler's last-minute reminder: don't vote for donald trump,sarcasm,0,0.5176870226860046,0.8141980767250061,-0.29651105403900146,0.6616799235343933,0.2560797001652275,239.34310913085938,9,0.6428571428571429,0.16944279642403812
1091,area man stops self after eating 3 advent calendars,A local man stops himself after eating three advent calendars.,understatement,0,0.7768457531929016,0.849926233291626,-0.07308048009872437,0.9064925312995911,0.06674094719041482,914.0767211914062,5,0.5,0.06050017015997146
1092,The world stopped spinning because DiCaprio and Gaga shared a glance at the Golden Globes.,the world stopped spinning because dicaprio and gaga shared a glance at the golden globes,overstatement,0,0.8843742609024048,0.8541759848594666,0.030198276042938232,0.9915283918380737,0.42311785416105785,257.5591735839844,5,0.3333333333333333,0.4195333654942903
1093,"Being obese is linked to 11 cancers, but it's probably not that serious.",being obese is linked to 11 cancers,understatement,0,0.5985515713691711,0.7910768389701843,-0.19252526760101318,0.9164761304855347,0.260899397956404,415.8725280761719,8,0.6153846153846154,0.23910807068509074
1094,pilot tells passengers he's about to try something,A pilot told passengers he is about to try something.,irony,0,0.8649114370346069,0.8496066331863403,0.015304803848266602,0.9737904667854309,0.1186840521952098,158.54510498046875,5,0.5,0.1155733985871598
1095,Revolution? More like a mild protest with tea parties.,'revolution': a protest with tea parties,understatement,0,0.8208764791488647,0.9560407996177673,-0.1351643204689026,0.8584108352661133,0.13168903966325227,1501.0640869140625,5,0.5555555555555556,0.1130432985327247
1096,department of the interior sets aside two million acres for car commercials,The Department of the Interior has allocated two million acres for car commercials.,satire,0,0.96877521276474,0.9491457343101501,0.019629478454589844,0.9289875030517578,0.33260249505555045,99.29056549072266,6,0.46153846153846156,0.3089835613904404
1097,Leaving a wonderful man after 27 years – who needs happiness anyway?,leaving a wonderful man after 27 years,sarcasm,0,0.8195139765739441,0.5622931718826294,0.2572208046913147,0.9049161076545715,0.3960914423407551,424.0053405761719,6,0.5,0.3584295262782813
1098,report: it too soon to glance back at attractive person,A report indicates that it is too soon to look back at an attractive person.,irony,1,0.8657779097557068,0.6520187854766846,0.21375912427902222,0.8437067866325378,0.08947853200770763,78.00897979736328,8,0.5333333333333333,0.07549364471281969
1099,"Another Sigma Nu chapter suspended for offensive remarks, fraternities are such models of decorum.",another sigma nu chapter suspended for offensive remarks,sarcasm,0,0.9747757315635681,0.7775499224662781,0.19722580909729004,0.7391334772109985,0.16330693525223242,3193.148681640625,10,0.7142857142857143,0.12070562290565394
1100,"Meet 'Teacher,' the futuristic machine that will revolutionize drawing by showing you how to hold a pencil – groundbreaking.","meet 'teacher,' the futuristic machine that will revolutionize drawing",satire,0,0.9647520780563354,0.951188862323761,0.013563215732574463,0.90008944272995,0.23898737027690029,271.10137939453125,12,0.631578947368421,0.2151100089320314
1101,report: u.s. economy loses $20 billion annually to americans writing ideas down illegibly,A report states that the U.S. economy loses $20 billion annually to Americans writing ideas illegibly.,overstatement,0,0.8469375967979431,0.8339366316795349,0.013000965118408203,0.9607061147689819,0.33887143631861766,90.76606750488281,9,0.5625,0.32555586099184364
1102,atari releases updated adventure video game,Atari has released an updated adventure video game.,irony,0,0.7502328157424927,0.753675639629364,-0.003442823886871338,0.9593756198883057,0.1374708101760565,143.91708374023438,5,0.625,0.1318861437292018
1103,Jeb Bush's adviser on predatory college board: helping students or helping himself?,jeb bush's adviser on predatory college board,sarcasm,0,0.5989986062049866,0.7850036025047302,-0.18600499629974365,0.9236125946044922,0.20126703311713304,8425.3916015625,8,0.6666666666666666,0.1858927666656635
1104,departing obama tearfully shoos away loyal drone following him out of white house,President Obama is shooting away a loyal drone following him out of the White House.,satire,0,0.8592809438705444,0.9013188481330872,-0.042037904262542725,0.8063328266143799,0.33649324423301513,110.37894439697266,8,0.5333333333333333,0.27132554875904996
1105,dad thought he could make it out of zoo without buying kids light-up shit,A father thought he could make it out of zoo without buying kids a light-up shit.,understatement,0,0.8549000024795532,0.9118303060531616,-0.0569303035736084,0.9575615525245667,0.6668954865619205,142.96368408203125,4,0.25,0.6385934774838589
1106,self-helped woman won't stop at just self,A self-helped woman won't stop at just self.,satire,1,0.7654803395271301,0.6864398717880249,0.07904046773910522,0.9540013074874878,0.6803749333171202,189.9492645263672,2,0.25,0.649078575966245
1107,jared and ivanka holding each other at gunpoint in kitchen after simultaneously revealing undercover identities,Jared and Ivanka are holding each other at gunpoint in the kitchen after simultaneously revealing undercover identities.,overstatement,0,0.8707095980644226,0.9334733486175537,-0.0627637505531311,0.9625569581985474,0.5071960939456881,141.85797119140625,5,0.29411764705882354,0.4882051293985462
1108,upcoming election deduced from sports illustrated content,The upcoming election is deduced from sports illustrated content.,irony,0,0.8203957676887512,0.8548333644866943,-0.034437596797943115,0.9504403471946716,0.3549481056010053,708.751953125,3,0.3333333333333333,0.33735700072351044
1109,"A possible pardon is 'destructive and unpresidential'? In this political climate? I am shocked, simply shocked.",a possible pardon is 'destructive and unpresidential',irony,1,0.5574115514755249,0.8393182158470154,-0.2819066643714905,0.8470587730407715,0.16996005791513966,126.61569213867188,11,0.6875,0.14396615812353666
1110,subway manager disgusted by sight of cold cut combo devouring large rat,A subway manager is disgusted by the sight of a cold cut combo devouring a large rat.,irony,0,0.6824989318847656,0.5187844038009644,0.16371452808380127,0.9428732395172119,0.2192534486373552,174.91380310058594,6,0.35294117647058826,0.20672820939202374
1111,pep-rally skit rumored to involve cross-dressing principal,A pep-rally skit is rumored to involve a cross-dressing principal.,satire,0,0.6180835962295532,0.743023693561554,-0.12494009733200073,0.9747017621994019,0.13747081017605653,71.24344635009766,4,0.4,0.13399304092958175
1112,struggling don rickles has nothing but nice things to say about audience,"Don Rickles, who is struggling, has nothing but nice things to say about the audience.",irony,0,0.9651879668235779,0.9290844798088074,0.03610348701477051,0.9460910558700562,0.4758733096412523,26.60495376586914,7,0.4666666666666667,0.4502194819788706
1113,romney appeals to hispanic voters for return of watch he left on dresser,Romney appealed to hispanic voters for the return of a watch he left on a dresser.,satire,0,0.6929252743721008,0.7254490852355957,-0.03252381086349487,0.9382235407829285,0.33649324423301513,100.07079315185547,6,0.375,0.3157058830538342
1114,alcohol goes right back to abuser every time,Alcohol is returned to the abuser every time.,irony,1,0.5197495818138123,0.5792350769042969,-0.05948549509048462,0.9073233008384705,0.06500593260343691,143.3024139404297,6,0.75,0.05898139734383353
1115,popular new dating app just list of 20 attractive singles to repeatedly scroll through,A popular dating app lists 20 attractive singles to repeatedly scroll through.,satire,0,0.8506595492362976,0.9515874981880188,-0.10092794895172119,0.9545202255249023,0.4090790395780627,268.3940734863281,6,0.42857142857142855,0.39047421711556285
1116,chuck e. cheese's pit boss tells floor attendant to keep an eye on guest winning big at skee-ball,Chuck E. Cheese's pit boss told the floor attendant to keep an eye on the guest winning big at skee-ball.,satire,0,0.678290069103241,0.6740449070930481,0.004245162010192871,0.9623636603355408,0.44476089284108944,134.614013671875,7,0.35,0.428021720808654
1117,"Ohio State Fair accident caused by 'excessive corrosion'—just a little rust, nothing serious.",ohio state fair accident caused by excessive corrosion,understatement,0,0.9118676781654358,0.5706993341445923,0.3411683440208435,0.9355865716934204,0.07358282223449895,2248.9501953125,10,0.7692307692307693,0.06884310038990127
1118,A GOP billionaire backing a politician? How unprecedented and not at all predictable.,a gop billionaire is backing a politician,irony,0,0.9072974324226379,0.9566908478736877,-0.049393415451049805,0.7791902422904968,0.03280636247745341,960.801025390625,11,0.8461538461538461,0.025562397527476785
1119,You've been frying with olive oil? The horror! Next you'll tell me you use butter.,you've been frying with olive oil,sarcasm,1,0.5796965956687927,0.6909353137016296,-0.11123871803283691,0.8027130365371704,0.11337974147240094,151.3806915283203,11,0.7333333333333333,0.09101139655911031
1120,"Scientists glimpse elusive mineral. Finally, a rock that's hard to find. Revolutionizing geology.",scientists find elusive mineral in a rock that's hard to find,understatement,0,0.8390563726425171,0.5544350743293762,0.28462129831314087,0.8264549374580383,0.3061587630360045,80.76223754882812,7,0.5384615384615384,0.2530264213571515
1121,"Radio hosts fired over transphobic broadcast? Shocking, who would have thought bigotry has consequences?",radio hosts fired over transphobic broadcast,sarcasm,0,0.8859991431236267,0.9242699146270752,-0.038270771503448486,0.8618055582046509,0.13394233819643575,795.8019409179688,10,0.7142857142857143,0.11543225153661545
1122,woman informs husband that he made new friend,A woman informs her husband that she made a new friend.,irony,0,0.9432749152183533,0.9503307938575745,-0.007055878639221191,0.9437112212181091,0.06238986072117501,44.44932174682617,5,0.45454545454545453,0.0588780116528078
1123,A man records his life for five years—because privacy is overrated.,a man records his life for five years,sarcasm,0,0.8135722875595093,0.9180065393447876,-0.10443425178527832,0.7860404849052429,0.46761439722697934,173.22206115722656,5,0.45454545454545453,0.36756384754496774
1124,"Michelle, Ross and Carson on wild ride to Drag Race – stability is overrated.","michelle, ross and neil on wild ride to drag race",satire,1,0.5884086489677429,0.5770916938781738,0.011316955089569092,0.7730836868286133,0.1861893718748252,480.77655029296875,9,0.6428571428571429,0.1439399660572936
1125,"Pope condemns Islamic State terrorism in Christmas message, spreading holiday cheer as usual.",pope condemns islamic state terrorism in christmas message,irony,0,0.9495027661323547,0.8929955363273621,0.056507229804992676,0.9542945027351379,0.03479516834752485,691.2507934570312,10,0.7692307692307693,0.03320483787578664
1126,"Ex-cop guilty and drinks poison? Creative, but prison is still waiting.",ex-cop guilty of drinking poison in prison,irony,0,0.6298174858093262,0.6265330910682678,0.0032843947410583496,0.835381269454956,0.022182955195367136,412.9314270019531,9,0.8181818181818182,0.01853122527136821
1127,man who couldn't defeat george w. bush attempting to resolve israel-palestine conflict,A man who couldn't defeat George W. Bush is trying to resolve the Israeli-palestine conflict.,sarcasm,0,0.8687343001365662,0.9325616955757141,-0.06382739543914795,0.9184883832931519,0.195647514979229,43.010841369628906,9,0.6,0.17969996972859476
1128,Trump's already urging policy changes after NYC terrorist attack – without waiting for 'the facts' – because evidence is for losers.,donald trump's already urging policy changes after nyc terrorist attack,sarcasm,0,0.8054701089859009,0.9528778791427612,-0.14740777015686035,0.8010727763175964,0.1503914890866825,549.8948974609375,15,0.7142857142857143,0.12047452769720626
1129,sean hannity: 'i will be dispelling any and all factual claims about me during my show',Sean Hannity stated that he will dispel any factual claims about him during his show.,irony,0,0.6035770773887634,0.8653547763824463,-0.26177769899368286,0.8871402740478516,0.07277904839594497,82.40050506591797,12,0.75,0.06456522493892047
1130,mitt romney reaches out to young voters with laser tag pizza party,Mitt Romney reaches out to young voters with a laser tag pizza party.,satire,0,0.9519767761230469,0.9537608623504639,-0.0017840862274169922,0.975375771522522,0.48442732379638637,152.18341064453125,4,0.3076923076923077,0.4724986746944909
1131,"Princess Charlotte's christening was so fashionable, it made biblical events look casual",princess charlotte's christening was fashionable,satire,0,0.9548757076263428,0.9054548144340515,0.04942089319229126,0.8662822842597961,0.028018824614254093,341.14996337890625,10,0.8333333333333334,0.024272211389110638
1132,man prefers comic books that don't insert politics into stories about government-engineered agents of war,A man prefers comic books that don't insert politics into stories about government-engineered agents of war.,irony,0,0.9563508033752441,0.954307496547699,0.002043306827545166,0.9447162747383118,0.861173529963367,148.51417541503906,2,0.125,0.8135646491302341
1133,boy scouts celebrate proud history of preparing teens for not having cool friends,Boy Scouts have a proud history of preparing teens for not having cool friends.,sarcasm,0,0.981784462928772,0.9804319143295288,0.001352548599243164,0.9565104842185974,0.5956403592718089,138.2810821533203,5,0.35714285714285715,0.5697362484672173
1134,alpha trick-or-treater established by third house,A third house has established an alpha trick-or-treater.,irony,0,0.8679717779159546,0.8190450072288513,0.04892677068710327,0.9247883558273315,0.06985342056580097,108.53784942626953,7,0.875,0.06459962995396219
1135,GOP senators support McConnell while feuding with Trump—party unity.,gop senators support mcconnell while feuding with donald trump,satire,0,0.9399523735046387,0.907224714756012,0.03272765874862671,0.9587616920471191,0.14923729480049117,543.8933715820312,4,0.4444444444444444,0.14308300127945364
1136,11-year-old moron can't wait to get her first period,An 11-year-old woman is eager to get her first period.,sarcasm,0,0.9752041101455688,0.9529416561126709,0.02226245403289795,0.7767193913459778,0.2777619034011791,26.19254493713379,5,0.5,0.21574305654886414
1137,Two-Year Contracts Dead: Your Phone Plan Will Never Be the Same,"two-year contract expires, but your phone plan will never be the same",overstatement,1,0.8989279866218567,0.8528246283531189,0.04610335826873779,0.8651383519172668,0.017033186037639283,48.5780143737793,11,0.9166666666666666,0.01473606249650345
1138,nation waiting for protesters to clearly articulate demands before ignoring them,The nation is waiting for protesters to articulate their demands before ignoring them.,sarcasm,0,0.9513922333717346,0.8286153078079224,0.12277692556381226,0.9667768478393555,0.2978201796359045,74.8355712890625,5,0.38461538461538464,0.2879256544913504
1139,history channel helicopter to give viewers bird's eye view of history,History Channel helicopter will give viewers a bird's eye view of history.,irony,0,0.9617131948471069,0.9508481025695801,0.010865092277526855,0.971482515335083,0.2620251007173262,104.57592010498047,5,0.4166666666666667,0.25455280392579654
1140,Sacred Sites: Where Tourists Leave Offerings of Selfie Sticks,sacred sites: where tourists leave the offering of selfie sticks,irony,0,0.6275227069854736,0.9262735247612,-0.2987508177757263,0.994284987449646,0.021105340631872645,415.2198486328125,9,0.9,0.020984723345281998
1141,Some photos from Gaza suggest minor inconvenience and mild casualties.,some photos from syria suggest minor inconvenience and mild casualties,understatement,1,0.7205750942230225,0.7896483540534973,-0.06907325983047485,0.7175240516662598,0.4518010018049224,2172.04833984375,3,0.3,0.32417808536194304
1142,horrible band obviously not listening to its influences,The band is not listening to its influences.,sarcasm,1,0.6338932514190674,0.7530045509338379,-0.11911129951477051,0.7538459300994873,0.3655552228545123,101.15359497070312,3,0.375,0.2755723169754852
1143,increasingly anxious man worried order confirmation email never going to come,An increasingly anxious man is worried that an order confirmation email will not arrive.,overstatement,0,0.6102291941642761,0.6374391913414001,-0.027209997177124023,0.9126754403114319,0.1235622127262679,204.55433654785156,8,0.5714285714285714,0.11277219690580137
1144,hollywood plans big-budget remake of mr. & mrs. smith,Hollywood plans a big-budget remake of Mr. & Mrs. Smith.,satire,0,0.6153564453125,0.7358201742172241,-0.12046372890472412,0.9827759861946106,0.1186840521952098,29.190942764282227,5,0.5,0.11663983644171995
1145,study: human ability to cooperate most strongly exhibited when ordering pizza,A study shows that the human ability to cooperate strongly when ordering pizza.,satire,0,0.9231714606285095,0.9224956631660461,0.0006757974624633789,0.9662595987319946,0.23901088824528133,295.45599365234375,8,0.6153846153846154,0.23094656496846314
1146,Gregg Popovich calls Trump a 'soulless coward'—what a nice way to describe a stable genius.,gregg popovich calls donald trump a'soulless coward',sarcasm,0,0.9753632545471191,0.6946372985839844,0.28072595596313477,0.9003722071647644,0.010534007609331637,1151.6226806640625,14,0.9333333333333333,0.009484527681504349
1147,Unwinnable war? We're just getting started on the winning part.,unwinnable war,sarcasm,1,0.6000914573669434,0.7801889777183533,-0.1800975203514099,0.8545435667037964,0.0,367.38916015625,10,1.0,0.0
1148,'Daddy' solves toxic masculinity by blaming teenage girls – problem effectively addressed.,'mad' solves toxic masculinity by blaming teenage girls,sarcasm,0,0.9663405418395996,0.9583059549331665,0.008034586906433105,0.7605724334716797,0.510029457493824,1426.3392333984375,5,0.4166666666666667,0.38791434562831834
1149,"Greece and creditors dig in: another day, another financial standoff.",greece and creditors dig in,understatement,1,0.8518641591072083,0.8628768920898438,-0.011012732982635498,0.867805540561676,0.09782458612762486,369.5093688964844,7,0.7,0.08489271784470573
1150,scientists pinpoint part of brain all your hair grows out of,Scientists pinpoint a part of the brain that all your hair grows out of.,satire,0,0.8070944547653198,0.8935434222221375,-0.08644896745681763,0.9665783047676086,0.32559641262003014,51.7335090637207,5,0.35714285714285715,0.31471442854868353
1151,woman all geared up to complain about work sidelined by friend with marital problems,A woman is geared up to complain about work sidelined by a friend with marital problems.,irony,0,0.9665979743003845,0.9658527374267578,0.000745236873626709,0.9272685050964355,0.5423782837718303,203.92384338378906,4,0.25,0.5029303003898754
1152,"Purritos: Combining cats, burritos, and the internet into one absurd trend that we somehow love.","purritos: combining cats, burritos, and the internet",overstatement,0,0.9367272257804871,0.8681837916374207,0.0685434341430664,0.9125349521636963,0.19605997334125028,173.80361938476562,10,0.6666666666666666,0.1789115783941734
1153,hillshire farm releases circumcised bratwurst,A hillshire farm has released a circumcised bratwurst.,satire,0,0.6346535086631775,0.5840384364128113,0.05061507225036621,0.9686876535415649,0.06500593260343691,463.48626708984375,5,0.625,0.06297044431990442
1154,poignant dying words wasted on dumbshit nephew,A man's death was wasted on a dumbshit nephew.,sarcasm,1,0.6317587494850159,0.7352351546287537,-0.10347640514373779,0.769101619720459,0.056122223243057295,292.64556884765625,6,0.6666666666666666,0.04316369279854856
1155,jay-z gives shout-out to his shareholdaz,Jay-Z gave a shout-out to his shareholdaz.,satire,1,0.6321752071380615,0.5603663921356201,0.0718088150024414,0.9562572240829468,0.16348126556655487,154.3809051513672,4,0.5714285714285714,0.1563301412002408
1156,"Paper airplane hits soccer player, a stunning display of accuracy.",paper airplane hits soccer player,irony,0,0.9625831246376038,0.7578235864639282,0.20475953817367554,0.862035870552063,0.09782458612762486,20487.951171875,7,0.7,0.08432830226392236
1157,sighing banksy methodically kills another few kids who stumbled upon him doing graffiti,A sighing banksy kills another few kids who stumbled upon him doing graffiti.,sarcasm,0,0.5707312822341919,0.8926784992218018,-0.32194721698760986,0.9453203678131104,0.7016035864257111,895.6692504882812,3,0.23076923076923078,0.6632401603789505
1158,american psychiatric association adds 'obsessive categorization of mental conditions' to 'dsm-5',The American Psychiatric Association added 'obsessive categorization of mental conditions' to 'Dsm-5'.,sarcasm,0,0.7264387607574463,0.5475842356681824,0.17885452508926392,0.9823130965232849,0.4172261448611506,85.79617309570312,6,0.5,0.4098467063090295
1159,"Dascha Polanco opens up about insecurities – because stars are human, sort of.",dascha polanco opens up about insecurities,irony,0,0.8333308100700378,0.6059554815292358,0.227375328540802,0.804679274559021,0.1582341759519314,327.83221435546875,9,0.6923076923076923,0.12732776191544465
1160,"Japan's economy 'recovers' with growth so weak, it's almost not there.",japan's economy'recovers' with growth so weak,understatement,0,0.8012531995773315,0.8518531918525696,-0.05059999227523804,0.9118197560310364,0.08781124185932357,1432.7147216796875,8,0.7272727272727273,0.08006802512895074
1161,"The first H&M x Balmain campaign images are finally here, and the fashion world may never recover.",the first h&m x balmain campaign images are finally here,overstatement,0,0.5977028012275696,0.6949336528778076,-0.09723085165023804,0.8517316579818726,0.1500370619564301,857.3986206054688,11,0.6470588235294118,0.12779131553887915
1162,'breaking bad' ends with reveal that whole series was plot of book marie shoplifted,The 'breaking bad' ends with a revelation that the entire series was plotted for a book marie shoplifted.,satire,0,0.5738850831985474,0.5192514657974243,0.05463361740112305,0.9175124764442444,0.18710158230410626,289.37493896484375,9,0.5,0.17166803612647713
1163,report: someone robbed that kfc again,A report indicates that someone robbed the KFC again.,sarcasm,0,0.6801390051841736,0.5715307593345642,0.10860824584960938,0.9456903338432312,0.056122223243057295,252.2244110107422,7,0.7777777777777778,0.0530742440347512
1164,Fox News admits their taunt was all Roger Ailes—as if we needed confirmation.,fox news admits their taunt was all roger ailes,sarcasm,0,0.764070987701416,0.9207215309143066,-0.15665054321289062,0.9588393568992615,0.28617394805234075,2876.34814453125,8,0.6153846153846154,0.2743948443118291
1165,"In a touching, traditional wedding moment, the bride abandons her own ceremony to fulfill her professional duties. So romantic.","in a touching, traditional wedding moment, the bride abandons her own ceremony",satire,0,0.9143846035003662,0.8982144594192505,0.016170144081115723,0.8914440274238586,0.5042416758025263,98.84085845947266,8,0.42105263157894735,0.4495032302723597
1166,Sophie from 'The Holiday' is all grown up—time to check your own mortality.,sophie from 'the holiday' is all grown up,understatement,0,0.802524745464325,0.7448009252548218,0.057723820209503174,0.8350372910499573,0.07906988827190935,237.94639587402344,9,0.6923076923076923,0.06602630530619796
1167,"Mad Men actor's wedding to bring hope to Mississippi, because love solves poverty.",mad men actor's wedding to bring hope to mississippi,satire,0,0.9490428566932678,0.9208356142044067,0.028207242488861084,0.8601281642913818,0.3766260962157022,423.8278503417969,7,0.5384615384615384,0.3239467127622413
1168,way too much raised for bronchitis research,A large amount of funding has been raised for research on bronchitis.,overstatement,0,0.6636269092559814,0.9402278065681458,-0.2766008973121643,0.8260422945022583,0.03986357128268015,27.28547477722168,10,0.8333333333333334,0.032928995889399446
1169,Kim Kardashian: 'Be as honest as Kanye'—the epitome of tact and diplomacy.,kim kardashian: 'be as honest as kanye',satire,1,0.7666221261024475,0.725070059299469,0.041552066802978516,0.8682048916816711,0.08003089005192225,232.70484924316406,9,0.75,0.0694832102287169
1170,"Gladys Knight sues to disown chicken and waffles, because breakfast is overrated",gladys knight sues to disown chicken and waffles,sarcasm,0,0.7101271748542786,0.5901855230331421,0.11994165182113647,0.88764488697052,0.31356006812336346,690.4595336914062,7,0.5833333333333334,0.27832999122783153
1171,singles bar contains single woman,The Singles Bar contains a single woman.,understatement,0,0.6507107019424438,0.5283147096633911,0.12239599227905273,0.960970938205719,0.039281465090051315,418.81402587890625,5,0.7142857142857143,0.03774834636168181
1172,local household announces plans to overdo halloween again,Local household announces plans to overdo halloween again.,sarcasm,0,0.9243918061256409,0.9189508557319641,0.005440950393676758,0.9785186052322388,0.6803749333171202,247.8892059326172,2,0.25,0.6657595307844459
1173,"Leslie Jones' website hack investigated by DHS—priorities, people, priorities.",leslie jones' website hack was investigated by dhs,understatement,0,0.5850716829299927,0.8512265682220459,-0.2661548852920532,0.9584767818450928,0.07330918073382302,1484.2469482421875,6,0.6666666666666666,0.07026514762945496
1174,area dad wants to watch new blu-ray of 'spring breakers' by himself,A local father wants to watch a new blu-ray of'spring breakers' by himself.,sarcasm,1,0.6479955315589905,0.6339841485023499,0.014011383056640625,0.9288865327835083,0.11302127100918531,408.6514892578125,7,0.5384615384615384,0.10498393655850739
1175,conjoined twins separated at birth reunited in freak accident,Conjoined twins separated at birth reunited in a freak accident.,irony,0,0.6246299743652344,0.7067011594772339,-0.08207118511199951,0.9820641279220581,0.537284965911771,104.38958740234375,3,0.3,0.5276482914937761
1176,"Watch live: The former ambassador graces us with his foreign policy wisdom, how thrilling.",watch live: former ambassador graces us with his foreign policy wisdom,satire,0,0.931238055229187,0.8504745364189148,0.08076351881027222,0.951660692691803,0.5320962595969585,259.3955078125,5,0.35714285714285715,0.5063750949867589
1177,okie hears there's sam's club work in new mexico,An Okie believes that Sam's Club work is in New Mexico.,irony,0,0.5827239751815796,0.8972484469413757,-0.31452447175979614,0.9094038009643555,0.022416933501922302,388.36627197265625,9,0.8181818181818182,0.02038604453261334
1178,EU's migration plan: a shining beacon of human rights—if your idea of rights is 'drowning politely.',eu's migration plan: a shining beacon of human rights,sarcasm,0,0.8260468244552612,0.9791198372840881,-0.1530730128288269,0.9300642609596252,0.3448559825502726,135.2631072998047,8,0.5,0.32073822454812473
1179,new prisoner recognized from 'scared straight' visit,A new prisoner was recognized from a'scared straight' visit.,irony,0,0.7643755674362183,0.8219934701919556,-0.057617902755737305,0.964824378490448,0.07583235673413397,1134.1048583984375,4,0.4444444444444444,0.07316490645547674
1180,Don't roll out the red carpet for Vietnam's autocratic leader? But he brings such charming oppression.,don't roll out the red carpet for vietnam's autocratic leader,sarcasm,0,0.7811530232429504,0.7363060712814331,0.044846951961517334,0.8725310564041138,0.2948682411907622,52.931251525878906,9,0.5625,0.25728169798619877
1181,report: fax machines still pretty impressive if you think about it,A report states that fax machines are still impressive if you think about it.,irony,0,0.8803443908691406,0.805976152420044,0.07436823844909668,0.9389451146125793,0.3161487584488943,80.30828857421875,7,0.5,0.2968463322364217
1182,Friday talking points: Because panicking is so last season.,friday talking points,irony,0,0.948073148727417,0.8800418376922607,0.06803131103515625,0.4645490348339081,0.015377056977980369,7270.654296875,8,0.8888888888888888,0.007143396977706791
1183,"The ABCs of parenting today, with a hipster twist – teaching toddlers to appreciate cold-pressed juice before bedtime.","the bbcs of parenting today, with a hipster twist",overstatement,0,0.9125500321388245,0.7235361337661743,0.18901389837265015,0.5964965224266052,0.26707294347290855,260.2674865722656,11,0.6111111111111112,0.15930808201582727
1184,Bodies in urban spaces: art that's not disturbing at all.,'bodies in urban spaces': art that's not disturbing,overstatement,0,0.8113230466842651,0.7518252730369568,0.05949777364730835,0.9652022123336792,0.3201911827891037,360.56903076171875,4,0.4,0.30904923799778033
1185,Because we needed eighteen reminders that summers were better before we had responsibilities.,eighteen reminders that summers were better before we had responsibilities,satire,0,0.85718834400177,0.8083581924438477,0.04883015155792236,0.8894267082214355,0.6520028108523781,917.5453491210938,4,0.3076923076923077,0.5799087138075539
1186,trump makes light-hearted jokes with dead bodies of hurricane victims during visit to carolinas,Trump made light-hearted jokes with dead bodies of hurricane victims during a visit to California.,sarcasm,0,0.9368452429771423,0.9187564849853516,0.01808875799179077,0.912807047367096,0.5968774175634496,64.39071655273438,4,0.26666666666666666,0.5448339131661897
1187,bride always dreamed about making fiancé's friends sweat asses off in fucking sun,A bride always dreamed about making her fiancé's friends sweat asses off in a fucking sun.,sarcasm,0,0.8168151378631592,0.8087919354438782,0.008023202419281006,0.9758667945861816,0.5423782837718303,332.4173583984375,4,0.25,0.5292889572375704
1188,new prescription fish tank eliminates need for glasses while looking at fish,A new prescription fish tank eliminates the need for glasses while looking at fish.,overstatement,0,0.9006558060646057,0.9034959077835083,-0.002840101718902588,0.9789659976959229,0.6162607099729586,197.10446166992188,3,0.21428571428571427,0.6032982807794751
1189,bianchi introduces new bike for blocking commuters on subway during rush hour,Bianchi introduces a bike designed to block commuters on the subway during rush hour.,satire,0,0.9638303518295288,0.9552598595619202,0.008570492267608643,0.9700127840042114,0.09669265690880861,77.93915557861328,7,0.5,0.09379311332087749
1190,Mathew Ward says be willing to work your way up – advice from someone who probably started at the top.,mathew ward says be willing to work your way up,irony,1,0.7372850179672241,0.843104898929596,-0.10581988096237183,0.9017825126647949,0.27952792741962756,194.8280029296875,12,0.6,0.2520733967484542
1191,"teen zebra doesn't give a shit how much you honk, he's not getting out of road","Teen Zebra doesn't give a shit how much you honk, he is not getting out of the road.",sarcasm,1,0.8741568326950073,0.8770967721939087,-0.002939939498901367,0.9897274374961853,0.5292031904718659,43.381874084472656,6,0.3333333333333333,0.5237669176205255
1192,country cd put on to impress repair guy,A country cd was put on to impress a repair man.,irony,0,0.8635593056678772,0.8642696142196655,-0.0007103085517883301,0.9040848016738892,0.28997844147152074,687.0802612304688,4,0.36363636363636365,0.2621651017474833
1193,"Women are the 'problem solvers' in Congress, says Emily's List founder—evidenced by the swift, bipartisan legislation they've passed.","women are the 'problem solvers' in congress, says emmy's list founder",irony,0,0.9179352521896362,0.9434924125671387,-0.02555716037750244,0.762354850769043,0.19433011687665983,175.6529998779297,12,0.6666666666666666,0.1481485072514367
1194,"Wasted cash in US fishing industry? Just a little inefficiency, nothing to see here.",wasted cash in u.s. fishing industry,understatement,0,0.8073137998580933,0.7726850509643555,0.03462874889373779,0.9220879673957825,0.025185198565837008,451.7582702636719,11,0.7857142857142857,0.023222968554031824
1195,Immigration reform might actually matter in two Colorado races. A shocking twist in a story that has zero relevance to anything.,immigration reform might actually matter in two california races,irony,0,0.7937340140342712,0.8872676491737366,-0.09353363513946533,0.7035108804702759,0.15483561708001764,506.4169006347656,15,0.7142857142857143,0.1089285413001217
1196,"Cherry blossoms transform iconic D.C. landmarks a week early—must be the global warming party, and you're all invited.",cherry blossoms transform iconic d.c. landmarks a week early,overstatement,0,0.7145827412605286,0.7257301211357117,-0.011147379875183105,0.81316739320755,0.07342946783064977,472.7377014160156,12,0.6666666666666666,0.05971044894046713
1197,Could Quincy Jones be any cooler in this campaign? He's already peak cool.,could quincy jones be any cooler in this campaign?,sarcasm,1,0.8330996036529541,0.9589060544967651,-0.12580645084381104,0.9321187734603882,0.3766260962157022,360.35125732421875,7,0.5384615384615384,0.3510602548577545
1198,bouncer who's not that big must be fucking crazy,A bouncer who is not that big must be fucking crazy.,sarcasm,1,0.8088228702545166,0.5014678835868835,0.30735498666763306,0.9747438430786133,0.47987820666906633,108.70655059814453,4,0.36363636363636365,0.46775832737827877
1199,"good guy with gun, bad guy with gun both excited to unload firearm in crowd outside arena",A good man with a gun and a bad man with a gun are excited to unload a firearm in a crowd outside the arena.,sarcasm,0,0.718065619468689,0.9192772507667542,-0.20121163129806519,0.8937652707099915,0.06305722688509004,31.13143539428711,13,0.52,0.05635835945717385
1200,300 million without electricity in india after restoration of power grid,300 million people without electricity in india after restoration of a power grid.,irony,0,0.9130992293357849,0.9527016878128052,-0.039602458477020264,0.9419680833816528,0.5344445934790545,94.6786880493164,3,0.23076923076923078,0.5034297493931515
1201,"The burden of hate: so light and fun, said no one ever.",the burden of hate,sarcasm,1,0.8829249143600464,0.637902021408081,0.24502289295196533,0.8085445761680603,0.022994063410792204,1105.1051025390625,10,0.8333333333333334,0.018591725254860487
1202,confused audience member at town hall debate asking about city's new stoplights,A confused audience member at a town hall debate asked about the city's new stoplights.,understatement,0,0.8516924977302551,0.8414356708526611,0.010256826877593994,0.9545364379882812,0.2722589423069702,51.84990310668945,5,0.3333333333333333,0.2598810810001523
1203,'Thank you' single-handedly ended all my problems and brought world peace,'Thank you' single-handedly ended all my problems and brought peace.,overstatement,1,0.6640775799751282,0.6340421438217163,0.030035436153411865,0.9475439190864563,0.7963580315032781,75.9657974243164,2,0.18181818181818182,0.7545842101665917
1204,u.s. forces take over key afghan city that will be retaken by taliban when marines leave,U.S. forces take over a key afghan city that will be retaken by the Taliban when marines leave.,irony,0,0.8993425965309143,0.9168474674224854,-0.017504870891571045,0.9615219235420227,0.4989070972910272,39.75527572631836,5,0.2777777777777778,0.47971011185603557
1205,carl bernstein weeps uncontrollably after learning bob woodward wrote a president book without him,Carl Bernstein weeps uncontrollably after learning Bob Woodward wrote a president book without him.,satire,0,0.6728678345680237,0.7362052798271179,-0.06333744525909424,0.9666222333908081,0.44534504264163466,276.0162048339844,5,0.35714285714285715,0.43048041974778156
1206,sensitive scientists report 5 in 5 women don't know how beautiful they are,Scientists report that 5 in 5 women don't know how beautiful they are.,satire,0,0.9323884844779968,0.9403198957443237,-0.007931411266326904,0.8986263871192932,0.6652049901111008,42.64480209350586,4,0.3076923076923077,0.5977707569572637
1207,Speak up and give back to fix the economy? If only it were that simple.,speak up and give back to fix the economy,irony,0,0.8023804426193237,0.637565553188324,0.16481488943099976,0.888572633266449,0.372730318315106,128.1287841796875,8,0.5333333333333333,0.3311979604434955
1208,"Testing in classrooms: enhanced interrogation for kids, because why not?",testing in classrooms: enhanced interrogation for kids,satire,0,0.8056328892707825,0.9420376420021057,-0.13640475273132324,0.9619516134262085,0.4004970149398301,788.1746215820312,5,0.5,0.3852587496937499
1209,Ken Burns urges Stanford grads to believe survivors—groundbreaking advice.,ken burns urges california grads to believe survivors,sarcasm,0,0.8540929555892944,0.9140177369117737,-0.05992478132247925,0.8801754713058472,0.13036420666577953,1495.91162109375,5,0.5555555555555556,0.11474337704346535
1210,dog doesn't consider itself part of family,A dog does not consider himself a member of a family.,understatement,1,0.832089364528656,0.8561062812805176,-0.024016916751861572,0.8458595871925354,0.024808415001701823,34.96152114868164,8,0.7272727272727273,0.020984435672240606
1211,concert security drastically overestimating fans' desire to get close to cheap trick,Concert security is overestimating fans' desire to get close to a cheap trick.,irony,0,0.9263231158256531,0.859465479850769,0.06685763597488403,0.9552932977676392,0.5008718428920987,230.03115844726562,4,0.3076923076923077,0.4784795145553479
1212,"Universities, public spaces and the democratic way of life: Where debate thrives, or not.","universities, public spaces and the democratic way of life",irony,0,0.6811967492103577,0.9228671789169312,-0.2416704297065735,0.8410725593566895,0.41653323821535565,63.20930099487305,7,0.5,0.3503346767229188
1213,latest online security breach forces mom to change post-it,The latest online security breach forces a mother to change after the incident.,understatement,0,0.86350417137146,0.709924578666687,0.15357959270477295,0.8577394485473633,0.33260249505555045,303.93621826171875,6,0.46153846153846156,0.28528628069442497
1214,busy schedule forces vladimir putin to move up election win a couple days early,A busy schedule forces Vladimir Putin to move up his election win a few days early.,satire,0,0.9669723510742188,0.9726470112800598,-0.0056746602058410645,0.9741976261138916,0.14247788801610148,131.242919921875,6,0.375,0.13880162027900694
1215,Rex Tillerson prepares for the most intense interrogation ever about his impeccable climate change record.,rex tillerson prepares for the most intense interrogation ever about his climate change record,sarcasm,0,0.9715689420700073,0.9401493072509766,0.03141963481903076,0.9530224204063416,0.600535599128857,398.542236328125,4,0.26666666666666666,0.5723238902219557
1216,guy on roof starting to think he might get away with it,A man on the roof is starting to think he might get away with it.,irony,0,0.5113111734390259,0.5207889080047607,-0.009477734565734863,0.8888921737670898,0.5031747626530138,26.303003311157227,5,0.3333333333333333,0.4472681085593769
1217,"Nestle to switch to cage-free eggs by 2020—animal welfare, but only when convenient.",nestle to switch to cage-free eggs by 2020,sarcasm,0,0.5705631971359253,0.5232234001159668,0.047339797019958496,0.9512404203414917,0.3641784587358345,293.2400817871094,7,0.5384615384615384,0.34642127016719176
1218,49-year-old nearly back to pre-middle-school confidence levels,A 49-year-old is nearly back to pre-middle-school confidence levels.,overstatement,0,0.5317290425300598,0.5201296210289001,0.011599421501159668,0.951117992401123,0.4671379777282001,65.7073745727539,3,0.3333333333333333,0.4443033355511662
1219,A heartwarming tale about bathrooms and identity – just what we needed.,a heartwarming tale about bathrooms and identity,satire,0,0.9340596795082092,0.7749189734458923,0.1591407060623169,0.9525253772735596,0.3960914423407551,576.2882080078125,6,0.5,0.37728715055045614
1220,u.s. advises allies not to border russia,The U.S. advises allies not to border Russia.,irony,0,0.8580881357192993,0.9217442274093628,-0.06365609169006348,0.9738539457321167,0.5169731539571706,93.03752136230469,3,0.375,0.5034563458187676
1221,dude with knit hat at party calls beer 'libations',A dude with a knit hat at a party calls beer 'libations'.,sarcasm,0,0.8699288964271545,0.8784386515617371,-0.00850975513458252,0.9324353933334351,0.161089927696874,226.67337036132812,4,0.3333333333333333,0.15020595009408932
1222,"Celebrities and politicians unite for a feel-good photo op supporting LGBTQ rights, how original.",celebrities and politicians unite for feel-good photo op supporting lgbtq rights,satire,0,0.9869353771209717,0.9713104367256165,0.015624940395355225,0.9463350772857666,0.35723792743670973,146.31280517578125,6,0.42857142857142855,0.3380667816702258
1223,'roseanne' taping repeatedly interrupted by reporters trying to interview members of white working class,The 'Sroseanne' taping was interrupted by reporters trying to interview members of the White Working Class.,satire,0,0.9449785947799683,0.9229667782783508,0.02201181650161743,0.7918912172317505,0.456083954535194,73.9539794921875,7,0.4375,0.3611688779167451
1224,"Nancy Pelosi to critics: bring it on? She's shaking in her boots, I'm sure.",nancy pelosi to critics: bring it on,sarcasm,0,0.7442047595977783,0.841803252696991,-0.09759849309921265,0.8740630149841309,0.15124760523215708,1503.63525390625,10,0.7142857142857143,0.13219993783834882
1225,Australian ambassador's Paris engagement gives us impossible relationship goals,australian ambassador's paris engagement gives us unrealistic relationship goals,irony,0,0.9691991806030273,0.9624720215797424,0.006727159023284912,0.9393520355224609,0.1561969968460128,1176.6104736328125,3,0.3333333333333333,0.14672396692979753
1226,cruel owner chains bike outside in freezing weather,The owner chained a bike outside in freezing weather.,sarcasm,0,0.6822279095649719,0.519672691822052,0.16255521774291992,0.8514388799667358,0.3155984539112945,381.9816589355469,4,0.4444444444444444,0.26871279411746607
1227,burger king franchise owner adds sad little personal touches to restaurant,The owner of Burger King added personal touches to the restaurant.,understatement,0,0.8511564135551453,0.9000531435012817,-0.048896729946136475,0.82659912109375,0.10025157431478134,88.82939910888672,9,0.8181818181818182,0.08286786321686301
1228,radiator saving single loudest clank for 3:32 a.m.,A radiator is saving the loudest clank for 3:32 a.m.,sarcasm,0,0.6048376560211182,0.7981963157653809,-0.1933586597442627,0.9511686563491821,0.42728700639623407,174.57833862304688,3,0.3,0.4064220077493704
1229,"Cancer's next big miracle: immunotherapy, because past treatments were just practice runs.",cancer's next big miracle: immunotherapy,irony,0,0.9706501364707947,0.9647901058197021,0.005860030651092529,0.9055220484733582,0.06557378107648686,106.17484283447266,9,0.75,0.05937850456652391
1230,Puppy comforts dog having a nightmare. Is this news or just a cute video?,puppy comforts dog with nightmare,rhetorical_question,0,0.7708065509796143,0.5151749849319458,0.25563156604766846,0.7545228004455566,0.01878157980529131,831.2459106445312,12,0.8571428571428571,0.01417113019148011
1231,NFL commissioner's genius solution to domestic violence shows they totally get it.,the nfl commissioner's solution to domestic violence,sarcasm,0,0.9852994680404663,0.9619685411453247,0.0233309268951416,0.8463644981384277,0.21281397709599684,402.6220397949219,8,0.6666666666666666,0.18011819492169623
1232,How to rekindle a lost passion in your life: because who needs new hobbies anyway?,how to rekindle a lost passion in your life,rhetorical_question,1,0.9455246925354004,0.939102053642273,0.006422638893127441,0.8374093770980835,0.372730318315106,26.621196746826172,8,0.5333333333333333,0.3121278636858233
1233,Valerie Ramsey revolutionizes aging for women: one photo shoot at a time.,valencia ramsey revolutionizes aging for women,overstatement,0,0.9361249208450317,0.9523523449897766,-0.016227424144744873,0.7102243304252625,0.0743306114738671,12283.6123046875,9,0.75,0.05279140876412759
1234,clinton blasts obama for slamming edwards jab,Clinton criticizes Obama for slamming Edwards Jab.,overstatement,0,0.9472457766532898,0.9245718717575073,0.02267390489578247,0.8997188806533813,0.06985342056580097,1211.8184814453125,5,0.7142857142857143,0.06284844136127234
1235,"France still can't contain terrorism a year after Paris: who saw that coming, besides everyone?",france still can't contain terrorism a year after paris,sarcasm,0,0.6173021793365479,0.8321959376335144,-0.21489375829696655,0.9360044002532959,0.372730318315106,873.269287109375,8,0.5333333333333333,0.3488772180507509
1236,man figured drug addiction would take up a lot more free time,A man believed that drug addiction would take more time.,irony,0,0.9275216460227966,0.9469128251075745,-0.019391179084777832,0.8641406893730164,0.23801761257033807,161.6832275390625,8,0.6666666666666666,0.20568070380945147
1237,"Secret Service wanted to leak embarrassing info. Top-tier security agency, right there.",secret service wanted to leak embarrassing info,irony,0,0.9666682481765747,0.8976210355758667,0.06904721260070801,0.8758730888366699,0.20126703311713304,370.2828063964844,8,0.6666666666666666,0.17628437797729565
1238,Do Catholic Voters Really Support the Right to Die? That's News to Me.,do catholic voters really support the right to die?,rhetorical_question,1,0.5086371898651123,0.651553213596344,-0.1429160237312317,0.9784433841705322,0.018284887072297418,157.15167236328125,11,0.8461538461538461,0.017890726786194702
1239,radical islamic extremists snowboard into u.s. embassy,radical islamic extremists are snowboarding into the U.S. embassy.,satire,0,0.9511332511901855,0.9495767951011658,0.0015564560890197754,0.9212749004364014,0.12753431387594827,47.9881477355957,5,0.5555555555555556,0.117494162318289
1240,rumsfeld sick of jokes about his fat girlfriend,Rumsfeld is sick of jokes about his fat girlfriend.,sarcasm,0,0.9130417704582214,0.9019259810447693,0.011115789413452148,0.9740287065505981,0.5873949094699213,136.75453186035156,3,0.3333333333333333,0.5721395039053931
1241,american public gets exactly what it deserves for 112th straight election,The American public receives exactly what it deserves for the 112th consecutive election.,sarcasm,0,0.979223906993866,0.9758097529411316,0.003414154052734375,0.9144999980926514,0.31455601883230705,71.88236999511719,6,0.46153846153846156,0.2876614786221768
1242,Nevada secretary of state reports 21 noncitizens might have voted—a colossal fraud that will surely topple the election results.,nevada secretary of state reports 21 noncitizens might have voted,understatement,0,0.7313141822814941,0.7364304661750793,-0.005116283893585205,0.8808350563049316,0.30892613617413284,489.03955078125,11,0.5789473684210527,0.27211297055100725
1243,Friday's email: what to obsess over for four days because your life is that thrilling.,friday's email: what to obsess over for four days,overstatement,0,0.8006837964057922,0.5343536734580994,0.26633012294769287,0.8770179152488708,0.4432535465175531,302.34429931640625,7,0.4666666666666667,0.3887413012934928
1244,Med students reluctantly consider fighting Obamacare repeal.,med students reluctantly consider fighting obamacare repeal,understatement,0,0.9387853145599365,0.9610360860824585,-0.022250771522521973,0.9778978824615479,0.41113361690051975,7034.625,3,0.42857142857142855,0.40204669337577553
1245,"Because nothing says 'community' like ignoring transphobic assaults, right?",'community' is not a 'community' as it is ignoring transphobic assaults,irony,0,0.9019030332565308,0.5794284343719482,0.3224745988845825,0.9263478517532349,0.04411629359322707,57.262123107910156,9,0.8181818181818182,0.0408670337974009
1246,visionary sports columnist asserts that muhammad ali's greatest fight wasn't in the ring,A sports columnist asserts that Muhammad Ali's greatest fight was not in the ring.,overstatement,0,0.7719050645828247,0.5987030267715454,0.1732020378112793,0.9343211650848389,0.24022110864391533,73.37632751464844,6,0.42857142857142855,0.22444366610615463
1247,epa didn't know anybody was still drinking water,The EPA did not know that anyone was still drinking water.,sarcasm,0,0.7211710810661316,0.70311039686203,0.018060684204101562,0.9349988698959351,0.10025157431478134,63.29330062866211,7,0.6363636363636364,0.0937351086896089
1248,Mosul battle will determine Iraq's fate forever—or maybe just this week.,mosul battle will determine iraq's fate forever,overstatement,0,0.884721040725708,0.5339941382408142,0.3507269024848938,0.9219672083854675,0.09920519151734605,571.6148681640625,7,0.6363636363636364,0.0914639334805932
1249,Nina Solomon's love book: the definitive guide to romance that will change your life or at least your dating app profile.,nina salomon's love book,overstatement,1,0.6361308693885803,0.632941484451294,0.003189384937286377,0.612709641456604,0.0011460290896963962,3327.580078125,20,0.9523809523809523,0.0007021830726467172
1250,"Employers use temps to skirt immigration laws – innovative, not unethical at all.",employers use temps to skirt immigration laws,sarcasm,0,0.9682470560073853,0.971267819404602,-0.003020763397216797,0.7877224087715149,0.3433629176453739,302.1722106933594,7,0.5384615384615384,0.27047466457042924
1251,dog can't believe owner left on fucking msnbc to keep it company while she at work,A dog is unable to believe the owner left on msnbc to keep it company while she at work.,sarcasm,0,0.7482367753982544,0.7516564726829529,-0.0034196972846984863,0.8888251781463623,0.4580519369844352,113.39593505859375,7,0.3684210526315789,0.40712809449047693
1252,comic-book superrman impervious to copyediting,A comic-book superrman is impervious to copyediting.,satire,0,0.5257158279418945,0.6672254800796509,-0.14150965213775635,0.9642845392227173,0.09878765474230743,229.84213256835938,3,0.42857142857142855,0.0952594081340788
1253,"New Star Trek series in 2017: finally, the universe-saving we've all been craving.",new star trek series in 2017,overstatement,0,0.8824779987335205,0.6567844152450562,0.22569358348846436,0.813866138458252,0.026884686598925595,485.1977233886719,11,0.8461538461538461,0.021880536065927887
1254,"asian economic woes force layoffs of 700,000 pop stars","Asia's economic woes lead to layoffs of 700,000 pop stars.",overstatement,0,0.9180567860603333,0.8647514581680298,0.05330532789230347,0.9261786341667175,0.31239399369202553,54.503387451171875,4,0.4,0.28933264239956635
1255,Demi Lovato and Wilmer Valderrama take a break. Celebrity relationships are so stable.,demi lovato and wilmer vaderrama take a break,irony,1,0.8434725999832153,0.6683077812194824,0.1751648187637329,0.8681262731552124,0.03479516834752485,1322.9813232421875,10,0.7692307692307693,0.030206599821344958
1256,Rosamund Pike is ravishing in red. This fashion insight will change your life.,rosamund pike is ravishing in red,overstatement,1,0.5750996470451355,0.5859702825546265,-0.010870635509490967,0.8408218622207642,0.0629195042125731,534.5187377929688,10,0.7692307692307693,0.05290409470202293
1257,"Deaver at his most dynamic? In 'Solitude Creek'? Sure, if dynamic means slow and boring.",deaver at his most dynamic in'solitude creek',sarcasm,1,0.8241214752197266,0.7857357263565063,0.038385748863220215,0.7268193960189819,0.05602296944709574,2632.865966796875,11,0.7333333333333333,0.040718580816728
1258,"Ted Cruz defeats Donald Trump in Maine, proving even a loser can win sometimes.",ted cruz defeats donald trump in mexico,sarcasm,0,0.6641807556152344,0.6246445775032043,0.03953617811203003,0.6968827843666077,0.014450843425723598,740.1694946289062,12,0.8571428571428571,0.010070544002964149
1259,teen study bible found to increase fun of religion by .03%,A teen study bible has been found to increase the fun of religion by.03%.,satire,0,0.9116137623786926,0.9300318360328674,-0.018418073654174805,0.981903612613678,0.16114521856744712,312.9482727050781,6,0.42857142857142855,0.15822907226679706
1260,cockroach worried about what kind of kitchen cupboard he leaving to children,Acockroach is concerned about the type of kitchen cupboard he leaves to children.,irony,0,0.6037924289703369,0.5433981418609619,0.060394287109375,0.7006977200508118,0.21401603033752975,137.82974243164062,7,0.5384615384615384,0.14996054451183247
1261,"Behold the Great Fracturer, who shatters expectations, and the Indispensable Fragmenter, because fragments are everything.","see the great fracturer, who shatters expectations, and the indifferenced fragmenter",overstatement,1,0.5360591411590576,0.7850050330162048,-0.24894589185714722,0.8573293685913086,0.25526076207555654,303.5773010253906,9,0.6,0.21884254797637315
1262,ivana trump calls ex-husband to ask him what he did to her beautiful baby boy,Ivana Trump calls her ex-husband to ask him what he did to her beautiful baby boy.,sarcasm,0,0.6843263506889343,0.7990301847457886,-0.11470383405685425,0.967240035533905,0.6668954865619205,41.236236572265625,4,0.25,0.6450480141195529
1263,"Hannibal Buress jokes about getting death threats after Cosby routine—the circle of life in comedy: tell a joke, get a threat.",hawaii buress jokes about getting death threats after cosby routine,sarcasm,0,0.9267357587814331,0.9378690123558044,-0.011133253574371338,0.7410678863525391,0.1720854140005375,3938.67529296875,15,0.7142857142857143,0.12752697402547997
1264,Noel Comrie's GPS guide to self-affirmations: because repeating nice things to yourself is the key to fixing everything.,noel comrie's gps guide to self-affirmations,satire,0,0.9326440095901489,0.5882384777069092,0.34440553188323975,0.7712225317955017,0.011684036632167317,629.2652587890625,16,0.8888888888888888,0.009010992313051466
1265,"12 habits of genuine people – fake people, this one's for you.",12 habits of genuine people,understatement,0,0.5551404356956482,0.7256102561950684,-0.17046982049942017,0.8737664222717285,0.2465969639416065,3052.653564453125,7,0.5833333333333334,0.21546814692632796
1266,jogger horrified by discovery of own gruesome body,A jogger is horrified by the discovery of his own body.,sarcasm,0,0.6427037715911865,0.5478679537773132,0.09483581781387329,0.844361424446106,0.06238986072117501,40.017333984375,6,0.5454545454545454,0.05267959166952548
1267,Because nothing melts hearts like a prop infant.,this is the first time a baby has been born,satire,0,0.9210671186447144,0.8343891501426697,0.08667796850204468,0.35575759410858154,0.021105340631872645,13.45747184753418,9,0.9,0.0075083852060371025
1268,diabetic 8-year-old throws worst birthday party ever,A diabetic 8-year-old throws the worst birthday party ever.,overstatement,0,0.6094334721565247,0.8601635098457336,-0.250730037689209,0.9705150723457336,0.19960198807747329,62.39602279663086,3,0.3333333333333333,0.19371673789936125
1269,Trump's plans will totally redefine America – or something.,donald trump's plans to redefine america,overstatement,0,0.9550779461860657,0.9427197575569153,0.01235818862915039,0.829946756362915,0.02944656445786981,140.2588348388672,8,0.8888888888888888,0.024439080657840548
1270,excited firefighters point out kid on tricycle,Firemen point out a kid on a tricycle.,irony,0,0.9755810499191284,0.9250943064689636,0.050486743450164795,0.8804636597633362,0.08307018474412793,163.57162475585938,5,0.625,0.07314027887703134
1271,dick durbin wakes up chained to radiator with instructions to saw open own stomach to access kavanaugh report,Rick Durbin wakes up chained to the radiator with instructions to see open own stomach to access the Kavanaugh report.,satire,0,0.8388950228691101,0.7041652202606201,0.13472980260849,0.898400604724884,0.42062888241722096,380.8963623046875,7,0.35,0.37789324232838345
1272,"jury finds man guilty of murdering wife and children, but gets it",A jury finds a man guilty of murdering his wife and children.,sarcasm,0,0.7912468314170837,0.8069487810134888,-0.01570194959640503,0.9339103102684021,0.28646290158800986,20.01300811767578,7,0.5833333333333334,0.267530657302445
1273,Aquaman thumbs up Trump's Paris exit: 'Saves underwater real estate!',aquaman thumbs up donald trump's paris exit,irony,0,0.9419122934341431,0.927844226360321,0.014068067073822021,0.8527666330337524,0.04550524645870584,2099.059814453125,8,0.8,0.03880535580796167
1274,"Woman rants over service dog? Clearly, her meal is more important than a veteran's companion.",woman rants over service dog,sarcasm,0,0.7288907170295715,0.7560564279556274,-0.027165710926055908,0.6956467628479004,0.03598765407745826,692.4219360351562,12,0.8,0.025034695061473884
1275,russian orphans devastated after realizing trump tower meeting not about getting them adopted,Russian orphans are devastated after realizing that Trump Tower meeting is not about getting them adopted.,irony,0,0.9226138591766357,0.9440755844116211,-0.02146172523498535,0.9308089017868042,0.23578316044531802,231.02487182617188,7,0.4375,0.21946906463392832
1276,"'well, that was cool,' say archaeologists before dumping bones of king richard iii back into hole",Archaeologists said that the bones of King Richard II were 'cool' before dumping them back into a hole.,sarcasm,0,0.9344100952148438,0.8679421544075012,0.06646794080734253,0.8478686213493347,0.04112175645551036,57.797874450683594,15,0.8333333333333334,0.03486584695339667
1277,friends star spontaneously shown attending televised nbc sporting event,A group of friends is spontaneously shown attending a televised sporting event.,satire,0,0.9530014991760254,0.9392265677452087,0.01377493143081665,0.7984429001808167,0.10025157431478134,181.95071411132812,7,0.5833333333333334,0.08004515774358667
1278,World's most innovative companies: Where 'innovation' means slightly better ads.,world's most innovative companies,satire,0,0.9707412123680115,0.9497211575508118,0.021020054817199707,0.7186580300331116,0.03791080144520064,98.65727233886719,8,0.8,0.027244901883584333
1279,Jack Antonoff opens up about depression. Because nothing says mental health awareness like a celebrity interview.,jack antonoff opens up about depression,irony,0,0.9468881487846375,0.7127879858016968,0.23410016298294067,0.7296441197395325,0.03816260839884378,906.9801635742188,13,0.8125,0.027845122812138856
1280,Queer response to Trump's wall: because love needs physical barriers.,queer response to donald trump's wall,satire,0,0.9293095469474792,0.9196658730506897,0.00964367389678955,0.8320735692977905,0.04432535465175531,352.0596008300781,8,0.8,0.036881956055476464
1281,A Christmas miracle: something mildly pleasant happened.,a christmas miracle,understatement,1,0.5124394297599792,0.6230949759483337,-0.11065554618835449,0.8021664619445801,0.0,605.2987670898438,7,1.0,0.0
1282,area man released after being wrongfully employed for 9 years,A local man was released after being wrongfully employed for nine years.,irony,0,0.7142598628997803,0.7594497203826904,-0.045189857482910156,0.9040465354919434,0.43361890903486755,63.50558090209961,5,0.4166666666666667,0.39201167243676815
1283,"Milk price like gasoline? Soon, we'll pay for air.",milk price like gasoline,overstatement,1,0.6280131936073303,0.6595892310142517,-0.03157603740692139,0.8239127397537231,0.04867843262263999,1678.2991943359375,7,0.7777777777777778,0.04010678078903633
1284,"j.f.k. high cougars to go, fight, win",J.F.K. high cougars will fight and win.,irony,1,0.9519049525260925,0.8486994504928589,0.10320550203323364,0.9354050755500793,0.06985342056580097,97.73340606689453,5,0.7142857142857143,0.06534124414178452
1285,Latino voters hold the key to saving the planet? What could possibly go wrong?,latino voters hold the key to saving the planet,rhetorical_question,0,0.8161306381225586,0.9489975571632385,-0.13286691904067993,0.9065318703651428,0.41653323821535565,126.77083587646484,7,0.5,0.37760065550861593
1286,cousin really going all-in on retweeting porn stars,A cousin is actively retweeting porn stars.,sarcasm,0,0.9039337038993835,0.8971180319786072,0.006815671920776367,0.9076395034790039,0.0670144447096575,548.0094604492188,6,0.75,0.0608249573221947
1287,Challenge: Amplify Sarah Palin's Trump endorsement to levels of absurdity previously unimagined.,challenge: amplify sarah palin's trump endorsement to levels of absurdity,overstatement,0,0.5788553357124329,0.6804739832878113,-0.10161864757537842,0.9776707291603088,0.3216094349518416,1059.1024169921875,7,0.5833333333333334,0.3144281307742019
1288,Beyond conservation: let's exploit until there's nothing left,beyond conservation,irony,1,0.696150004863739,0.6073259711265564,0.08882403373718262,0.7701385617256165,0.0,51114.30859375,8,1.0,0.0
1289,"The day she let her son wait in the car: a minor parenting oversight, no big deal.",the day she let her son wait in the car,understatement,0,0.7287420034408569,0.6988311409950256,0.0299108624458313,0.8348149061203003,0.37732323479085006,45.97747802734375,9,0.5294117647058824,0.31499506082893153
1290,foster home gets new shipment,Foster home receives a new shipment.,sarcasm,0,0.5102002620697021,0.6146456003189087,-0.10444533824920654,0.9502804279327393,0.048549177170732344,877.3679809570312,4,0.6666666666666666,0.046135332857585906
1291,"Mike Trout is the MVP—if you ignore all other players, sure.",mike trump is the'momom' in the u.s.,sarcasm,0,0.8460158705711365,0.8334891200065613,0.012526750564575195,0.15407666563987732,0.022182955195367136,342.5496826171875,10,0.9090909090909091,0.0034178757705409617
1292,tim ryan attempting to stand out from other candidates on debate stage by wearing blue power ranger costume,Tim Ryan is attempting to stand out from other candidates on the debate stage by wearing a blue power ranger costume.,satire,0,0.9049709439277649,0.8810587525367737,0.02391219139099121,0.9741199612617493,0.5100323429521268,50.64517593383789,6,0.2857142857142857,0.496832686158765
1293,Washington state man jailed after attacking three gay men. But let's focus on 'both sides' of the tolerance debate.,washington state man jailed after attacking three gay men,sarcasm,0,0.7492839694023132,0.7983760237693787,-0.04909205436706543,0.8005964756011963,0.23898737027690029,376.0882568359375,12,0.631578947368421,0.19133244635688446
1294,man has mosquito on the run,A man has a mosquito on the run.,overstatement,1,0.7392157912254333,0.7071740627288818,0.032041728496551514,0.9872931838035583,0.17286039232097053,260.5487365722656,3,0.375,0.17066388708810315
1295,"et, access hollywood, tmz choppers hovering above scene of gruesome red carpet dress","Et, Access Hollywood and TMD choppers are hovering above a scene of a gruesome red carpet dress.",satire,0,0.8099299669265747,0.8730264902114868,-0.06309652328491211,0.9369940757751465,0.08651480732019924,297.8089294433594,9,0.5294117647058824,0.08106386192585496
1296,local news anchor mistakenly reveals salary during broadcast,A local news anchor mistakenly reveals his salary during a broadcast.,satire,0,0.8860321640968323,0.9135488271713257,-0.027516663074493408,0.9423660039901733,0.40352786374639904,188.9742889404297,4,0.36363636363636365,0.3802709404573852
1297,A Senate bill that actually helps? Let's wait and see.,a senate bill that actually helps,sarcasm,0,0.7838528752326965,0.9406970739364624,-0.15684419870376587,0.9194589853286743,0.10373672493717558,652.6356811523438,7,0.7,0.09538166385205524
1298,experts refuse to warn of any new health hazards until americans deal with current backlog,Experts refuse to warn of any new health hazards until Americans deal with the current backlog.,sarcasm,0,0.8231829404830933,0.550969660282135,0.27221328020095825,0.9386756420135498,0.5676721706387806,125.93258666992188,4,0.25,0.5328600392275827
1299,Flat soda declared. The beverage industry weeps.,flat soda has been declared in the u.s.,overstatement,0,0.6553595066070557,0.8717055320739746,-0.21634602546691895,0.8289333581924438,0.02777619034011792,81.4395751953125,7,0.875,0.023024610736426466
1300,slightly larger chair shifts delicate balance of office power,A slightly larger chair shifts the balance of office power.,understatement,0,0.7001166343688965,0.6549651622772217,0.045151472091674805,0.9373493790626526,0.37991784282579627,409.8199768066406,3,0.3,0.35611575406758256
1301,the backstreet boys or 'n sync release new album,The Backstreet Boys or 'NSync' release a new album.,satire,1,0.8843964338302612,0.8001920580863953,0.08420437574386597,0.8588040471076965,0.03155984539112946,64.45264434814453,7,0.7777777777777778,0.027103722947995162
1302,Bionic fingertip restores touch? That's a neat trick for amputees.,bionic fingertip restores touch of amputees,understatement,0,0.9882452487945557,0.7752466201782227,0.212998628616333,0.9514157772064209,0.04432535465175531,652.8740844726562,8,0.8,0.04217184174595002
1303,Smear campaign against Michigan candidate shows how welcoming politics is for Muslims. Totally fair.,smear campaign against michigan candidate shows how welcoming politics is for muslims,sarcasm,0,0.9426060914993286,0.9503433704376221,-0.007737278938293457,0.9334660768508911,0.483065600887459,217.783935546875,5,0.35714285714285715,0.45092535132203465
1304,"Jeb Bush quits firm that profited from Obamacare: finally, a principled stand.",jeb bush quits firm that profited from obamacare,sarcasm,0,0.9397608637809753,0.8974714279174805,0.04228943586349487,0.9217821359634399,0.31356006812336346,1098.9599609375,7,0.5833333333333334,0.2890340693475957
1305,Netanyahu in bribery probe—this could topple governments and change history as we know it!,nathanah in bribery probe,overstatement,0,0.5679866671562195,0.5121902823448181,0.05579638481140137,0.5262458324432373,0.013946604450021922,13513.1083984375,12,0.8571428571428571,0.0073393424685583445
1306,republican establishment quietly relieved party no longer their responsibility,The Republican establishment has relieved the party of their responsibility.,irony,0,0.8395205140113831,0.8928813934326172,-0.05336087942123413,0.8744621872901917,0.02984745896009824,68.86540222167969,7,0.7,0.026100474247301737
1307,12 ways to make your divorce as expensive as possible: like setting money on fire,12 ways to make your divorce as expensive as possible,overstatement,0,0.5078760981559753,0.6868676543235779,-0.17899155616760254,0.9347624182701111,0.5338147523381285,63.74443817138672,6,0.4,0.4989899688038494
1308,pair of 26-year-olds hit it off after learning they have student loans from same bank,A pair of 26-year-olds hit it off after learning they have student loans from the same bank.,irony,0,0.9604939222335815,0.9553757309913635,0.005118191242218018,0.944351077079773,0.7541859578343534,27.11155891418457,3,0.17647058823529413,0.7122163215993118
1309,evening's events immediately recapped with digital-camera slide show,The evening's events were recapped with a digital-camera slide show.,irony,1,0.5895562767982483,0.8935710191726685,-0.30401474237442017,0.9088106751441956,0.07730551756939458,85.84912872314453,4,0.4,0.07025607961461296
1310,wheelchair basketball game enjoyed for all the wrong reasons,A wheelchair basketball game is enjoyed for all the wrong reasons.,sarcasm,0,0.8779297471046448,0.9211999773979187,-0.043270230293273926,0.91871178150177,0.46924700641056,98.17976379394531,3,0.2727272727272727,0.4311027532238181
1311,"Man tries to set fire aboard plane in China, adding a touch of excitement to air travel.",man tries to set fire aboard plane in china,irony,0,0.9729557037353516,0.7512710690498352,0.22168463468551636,0.9406660199165344,0.2984591070759932,376.5348815917969,10,0.5882352941176471,0.2807503403610173
1312,all those years shopping at independent bookstore wasted,All these years of shopping at an independent bookstore have been wasted.,irony,0,0.6355094909667969,0.6673599481582642,-0.031850457191467285,0.9446703791618347,0.053863663688318665,100.8238754272461,7,0.5833333333333334,0.05088340759948954
1313,"Afghan president offers to legitimize Taliban, because peace talks are just that simple",afghan president offers to legitimize taliban,sarcasm,0,0.9644855260848999,0.9300686120986938,0.034416913986206055,0.8347110748291016,0.1582341759519314,706.8140869140625,9,0.6923076923076923,0.13207981908353383
1314,Philippines president promotes citizen-led drug eradication – because nothing says justice like mob rule.,philippin president promotes citizen-led drug eradication,sarcasm,0,0.9676972031593323,0.9553712010383606,0.01232600212097168,0.7101767659187317,0.20029051217596075,486.40692138671875,9,0.6428571428571429,0.14224166818133016
1315,billcosby.com now somehow most eerie site on entire internet,Billcosby.com is now the most eerie site on the internet.,overstatement,0,0.7401749491691589,0.7879255414009094,-0.04775059223175049,0.9554831981658936,0.2777619034011791,72.0528564453125,5,0.5,0.26539683179040463
1316,supreme court justice benatar orders army to stop using sex as a weapon,Supreme Court justice Benatar orders the army to stop using sex as a weapon.,sarcasm,0,0.953722357749939,0.9387503862380981,0.01497197151184082,0.9721462726593018,0.460462862587273,70.40718841552734,5,0.35714285714285715,0.4476372555622497
1317,"Finally, a diplomat whose policies pair well with fine wine.",a diplomat whose policies pair well with fine wine,satire,0,0.9765411019325256,0.9776663780212402,-0.0011252760887145996,0.932942271232605,0.7725505949016372,1186.421875,2,0.2,0.7207451066496335
1318,media ignores cancer struggle of champion unicyclist,The media ignores the cancer struggle of a champion unicyclist.,sarcasm,0,0.8934898376464844,0.8352328538894653,0.05825698375701904,0.9418774843215942,0.13747081017605653,347.8961181640625,4,0.4,0.12948066085627555
1319,"It's heartwarming when a cop enjoys a joke about a Black superhero. Truly, we've overcome everything.",it's heartwarming when a cop enjoys a joke about a black superhero,sarcasm,0,0.8897968530654907,0.9722710847854614,-0.0824742317199707,0.8839664459228516,0.5089516295822079,149.62554931640625,7,0.4375,0.4498961631484279
1320,"Xavier Dolan on the run – in a thriller, because life imitates art?",xavier dolan on the run,irony,1,0.8869587779045105,0.7978442907333374,0.0891144871711731,0.6631914973258972,0.053687271162922795,858.9003295898438,10,0.7692307692307693,0.03560494174988023
1321,Carly Rae Jepsen drops another hit that will totally change your life.,carly rae jepsen drops another hit,sarcasm,0,0.8139885067939758,0.5811187624931335,0.23286974430084229,0.8247910737991333,0.0743306114738671,1035.7840576171875,9,0.75,0.061307224853677025
1322,"How I finally stuck to a meditation schedule: after 100 attempts, I achieved enlightenment (or just stopped checking my phone).",how i finally stuck to a meditation schedule,overstatement,0,0.8466482758522034,0.9177314639091492,-0.0710831880569458,0.8205487132072449,0.11535230263490234,668.6810302734375,15,0.75,0.0946521834925618
1323,One mom single-handedly solves the baby-feeding crisis with a single gorgeous photo.,one mom single-handedly solves baby-feeding crisis,overstatement,0,0.9701864123344421,0.9560301303863525,0.0141562819480896,0.8442016839981079,0.09346579571601446,410.83447265625,7,0.5833333333333334,0.07890398213968254
1324,The nightmare of Gaza continues? But didn't we all collectively agree to move on to the next news cycle?,the nightmare of gaza continues,rhetorical_question,0,0.6998603940010071,0.5030896663665771,0.19677072763442993,0.8366605043411255,0.0076464605606061916,2673.62255859375,17,0.8947368421052632,0.006397491549061302
1325,nation suddenly realizes it never had to worry about john mccain dying over past 8 years if he'd become president,The nation realizes it never had to worry about John McCain dying over the past 8 years if he would become president.,sarcasm,1,0.8346670866012573,0.5646244287490845,0.27004265785217285,0.9006199240684509,0.41584686600540666,59.909664154052734,8,0.36363636363636365,0.3745199728858926
1326,rookie usda agent vomits after seeing first rotten orange,A rookie U.S. agent vomits after seeing the first rotten orange.,overstatement,0,0.6544359922409058,0.8489863276481628,-0.19455033540725708,0.8561821579933167,0.28997844147152074,240.1449432373047,4,0.36363636363636365,0.2482743677906253
1327,"Fear not, GoT fans: Brexit won't affect the show, because TV productions are immune to global events, right?","fear not, got fans: brussels won't affect the show",irony,1,0.680609941482544,0.8031321167945862,-0.12252217531204224,0.6590944528579712,0.04960895415008605,635.2145385742188,13,0.7222222222222222,0.03269698649240715
1328,veteran brita filter's tour of duty extended another 3 months,Veteran Brita Filter's tour of duty has been extended for three months.,satire,0,0.9367522597312927,0.5282439589500427,0.40850830078125,0.936812162399292,0.09058752341587764,144.00851440429688,8,0.6666666666666666,0.08486349369762483
1329,"Oh, the U.S. is so progressive on abortion access, right?",the u.s. is progressive on abortion access,sarcasm,0,0.9810047745704651,0.966491162776947,0.014513611793518066,0.9627935886383057,0.12100518276540287,111.9862060546875,5,0.5,0.11650301415853628
1330,nation's parents announce they have zero fucking patience for this bullshit,Parents of the nation announce that they have no patience for this bullshit.,sarcasm,1,0.8189778327941895,0.6141087412834167,0.2048690915107727,0.9364416599273682,0.10120193244194395,53.02488327026367,8,0.6153846153846154,0.09476970560379136
1331,"These Social Media Apps Are Causing Trouble in Schools: Thank Goodness for Technology, Right?",these social media apps are causing trouble in schools,satire,0,0.8180145025253296,0.9282377362251282,-0.11022323369979858,0.9224339723587036,0.013758777297397084,130.70774841308594,13,0.9285714285714286,0.01269156359723674
1332,What comics can offer Bible readers: because parables desperately needed more pictures.,what comics can offer bible readers,understatement,0,0.8893145322799683,0.6788055896759033,0.21050894260406494,0.8452982902526855,0.0743306114738671,2169.37158203125,9,0.75,0.06283153879229651
1333,"dc executive worried batgirl script not interesting enough to be movie, 3 more movies, 2028 reboot and 4 more movies","A DCC executive expressed concern that the Batgirl script is not interesting enough to be a movie, 3 more movies, 2028 reboot and 4 more movies.",overstatement,1,0.7308118939399719,0.8278636336326599,-0.09705173969268799,0.9333863854408264,0.45486727739500965,121.72500610351562,10,0.38461538461538464,0.4245669239030378
1334,"Live inside your favorite book? Finally, an escape from all real-world problems.",live inside your favorite book,overstatement,1,0.7086892127990723,0.906078577041626,-0.1973893642425537,0.8280549049377441,0.06557378107648686,247.5925750732422,9,0.75,0.05429869105569877
1335,"Spielberg defends Oscars from Netflix, because film is only for theaters",spielberg defends oscars from hollywood,satire,0,0.9320483207702637,0.9683292508125305,-0.036280930042266846,0.8269904851913452,0.019244596474019198,412.4249267578125,9,0.8181818181818182,0.015915098175360787
1336,Top Democrats defend the indefensible: A daily routine.,top democrats defend the indefensible,sarcasm,0,0.9795111417770386,0.9369887113571167,0.042522430419921875,0.8743178844451904,0.06235704094727466,153.8140106201172,6,0.75,0.05451987612128329
1337,quaker oats canister relabeled 'drugs' for grade school play,A quaker oats canister has relabeled 'drugs' for grade school play.,satire,0,0.7976222634315491,0.8729129433631897,-0.07529067993164062,0.9821903705596924,0.46924700641056,425.35784912109375,3,0.2727272727272727,0.4608898911104143
1338,On the road to the Emmys with my entourage (a.k.a. my kids)—because nothing says glamour like diaper bags.,on the road to the emmys with my entourage (a.k.a. my kids),satire,1,0.5559265613555908,0.9288469552993774,-0.3729203939437866,0.7082787752151489,0.3221117749959946,40.08616256713867,9,0.5,0.22814493347654066
1339,"Dangerous and delusional—just like my ex, but here describing a policy.",dangerous and delusional,sarcasm,1,0.6143391132354736,0.6731211543083191,-0.05878204107284546,0.7247084379196167,0.007894844292834697,505.4355163574219,10,0.9090909090909091,0.005721460275078834
1340,michael brown audiotapes conclusively reveal exactly what you want them to,Michael Brown's audiotapes reveal exactly what you want them to perform.,irony,0,0.8786225318908691,0.8800477385520935,-0.0014252066612243652,0.872594952583313,0.5900468726392808,63.01900863647461,4,0.36363636363636365,0.5148719228526053
1341,Bayer wants to buy Monsanto for $62 billion—because monopolies are just what the world needs.,bayer wants to buy monsanto for $62 billion,sarcasm,0,0.9644879698753357,0.8163419365882874,0.14814603328704834,0.8865852355957031,0.0720589322653391,123.64637756347656,10,0.6666666666666666,0.06388638543924048
1342,"Dare to Be 100: Yes, Virginia, Wherever—Location is Everything in Life","dare to be 100: yes, virginia, wherever",overstatement,1,0.9642876386642456,0.9558398127555847,0.008447825908660889,0.9063420295715332,0.022182955195367136,438.2388916015625,9,0.8181818181818182,0.02010534463366344
1343,exuberant trump rally crowd bats syrian refugee child around arena before candidate comes on stage,Trump rally crowd bats a Syrian refugee child around the arena before the candidate arrives on stage.,satire,0,0.8136117458343506,0.8156974911689758,-0.002085745334625244,0.9452223181724548,0.11502783619900048,136.86680603027344,8,0.47058823529411764,0.10872687798638064
1344,"music playing in bar could stand to be louder, worse",Music playing in a bar could be louder and worse.,irony,1,0.8427783846855164,0.781893789768219,0.06088459491729736,0.9249258041381836,0.06674094719041482,81.5304183959961,7,0.7,0.06173042424903847
1345,reverend al sharpton takes time off from holy duties to make tv appearance,Rev. Al Sharpton takes time off from his holy duties to make a television appearance.,sarcasm,0,0.8160042762756348,0.8404414057731628,-0.024437129497528076,0.9317353963851929,0.3290385879986622,47.39107894897461,7,0.4666666666666667,0.3065768992149577
1346,"Trump promised no federal weed crackdown, but who trusts a word he says anyway?",donald trump promised no federal weed crackdown,sarcasm,0,0.5607641339302063,0.9484722018241882,-0.38770806789398193,0.8375458717346191,0.15124760523215708,2995.06640625,11,0.7857142857142857,0.12667680737194054
1347,Dress to repel on your first date—because nothing says 'I'm interested' like a garbage bag.,dress to repel on your first date,satire,1,0.6127851605415344,0.6303188800811768,-0.017533719539642334,0.830865740776062,0.19605997334125028,187.87599182128906,10,0.6666666666666666,0.16289951498671287
1348,desperate 'time' magazine announces 'man of june',The 'Time' magazine announces the publication 'Man of June'.,sarcasm,0,0.8899504542350769,0.7782761454582214,0.11167430877685547,0.8687964677810669,0.056122223243057295,272.02154541015625,6,0.6666666666666666,0.048758789317588674
1349,"man just wants to come home, hear lindsay lohan made fun of, get some sleep","A man wants to come home, hear Lindsay Lohan made fun of, and get some sleep.",sarcasm,0,0.6916471719741821,0.7973478436470032,-0.10570067167282104,0.8937786817550659,0.3446073377034663,59.06683349609375,6,0.375,0.30800269201572694
1350,"nation offsets carbon footprint by planting single 300,000-foot-tall tree","The nation offsets its carbon footprint by planting a single 300,000-foot-tall tree.",overstatement,0,0.9164178967475891,0.948826014995575,-0.03240811824798584,0.9737403988838196,0.28646290158800986,64.69682312011719,4,0.3333333333333333,0.2789405000577251
1351,8 truths? More like 8 ways to survive Valentine's Day without divorcing.,8 truths about valentine's day,understatement,0,0.5943887829780579,0.7283661961555481,-0.13397741317749023,0.7993617057800293,0.013249284136531224,125.60796356201172,11,0.9166666666666666,0.010590970367741882
1352,"Bill Clinton takes his time on Air Force One, and Obama is totally okay with that (not!).",bill clinton takes his time on air force one,sarcasm,0,0.8467913269996643,0.5800826549530029,0.2667086720466614,0.7560820579528809,0.12270657218905258,620.2341918945312,13,0.7647058823529411,0.09277623762504261
1353,"After yet another tragedy, Pakistan realizes that maybe, just maybe, extremism isn't the answer.","after another tragedy, pakistan realizes that extremism isn't the answer",irony,0,0.8447197675704956,0.8884396553039551,-0.04371988773345947,0.9557790756225586,0.10291154089974788,155.8180389404297,7,0.5,0.09836069743205417
1354,god loses decision-making coin,God loses his decision-making coin.,satire,1,0.5550877451896667,0.6896108388900757,-0.13452309370040894,0.9693018794059753,0.06389431042462725,378.68280029296875,3,0.6,0.061932875177939994
1355,Inside Facebook's plan to build an artificial brain—because our privacy wasn't already compromised.,inside facebook's plan to build an artificial brain,irony,0,0.9151958227157593,0.9612874984741211,-0.046091675758361816,0.8222681283950806,0.276715788893083,294.4519348144531,8,0.6153846153846154,0.2275345738304836
1356,inspirational english teacher canceled out by every other teacher at school,An inspirational English teacher was canceled by all other teachers at the school.,sarcasm,0,0.915392279624939,0.9556089639663696,-0.040216684341430664,0.9194010496139526,0.024316915840399723,128.31704711914062,8,0.6153846153846154,0.022356997947037657
1357,chris hemsworth deputizes hunk to assume 'sexiest man alive' duties in his absence,Chris Hemsworth deputized a hunk to assume his'sexiest man alive' duties in his absence.,satire,0,0.736186146736145,0.6608782410621643,0.07530790567398071,0.96123206615448,0.35556702356686953,438.64801025390625,6,0.42857142857142855,0.3417824247195807
1358,An unexpected heirloom: like finding a tax bill in your grandmother's jewelry box.,an unexpected heirloom,overstatement,1,0.7027228474617004,0.8365685343742371,-0.13384568691253662,0.5901031494140625,0.004053348212038093,439.5185852050781,12,0.9230769230769231,0.002391893545595538
1359,monopoly player insists on being wheelbarrow,A monopoly player insists on being a wheelbarrow.,understatement,0,0.6308661103248596,0.8285166025161743,-0.1976504921913147,0.9406962394714355,0.5169731539571706,224.96836853027344,3,0.375,0.48631470183519787
1360,cheering crowd actually trying to get attention of guy behind iron maiden,A cheering crowd is trying to attract attention of a man behind an iron maiden.,satire,0,0.945579469203949,0.9474687576293945,-0.0018892884254455566,0.8645066022872925,0.05202556880807584,146.53868103027344,7,0.4666666666666667,0.04497644772233338
1361,lesbian couple enjoys hot lesbian action,A lesbian couple enjoys the hot action of the Lesbian couple.,satire,0,0.9446767568588257,0.9614903330802917,-0.016813576221466064,0.9509155750274658,0.10600313379512592,152.05581665039062,7,0.6363636363636364,0.10080003092750556
1362,"Faith: 20 years strong, unlike your latest trend",faith: 20 years strong,understatement,1,0.5082398056983948,0.6131957173347473,-0.10495591163635254,0.8951532244682312,0.06250434473199146,621.1126098632812,6,0.75,0.055950965730116056
1363,mom sits down for dinner 3 months after rest of family finishes meal,A mother sits down for dinner three months after the rest of the family finishes the meal.,overstatement,0,0.738429844379425,0.8799875378608704,-0.1415576934814453,0.9326753616333008,0.2140909265975804,44.811893463134766,7,0.4117647058823529,0.19967733238680674
1364,area man meets that special someone else,A local man meets a special person.,irony,1,0.6924713253974915,0.5104264616966248,0.1820448637008667,0.8265730142593384,0.07730551756939454,234.83963012695312,5,0.7142857142857143,0.06389865467621268
1365,surgeon general mills recommends three to five servings of froot per day,Surgeon General Mills recommends three to five servings of froot per day.,satire,0,0.7600895166397095,0.6891942620277405,0.070895254611969,0.9898477792739868,0.6132297420585351,252.3407440185547,4,0.3333333333333333,0.6070040983614007
1366,tearful tim kaine wandering around backstage at debate asking if anyone has seen his running mate,Tim Kaine is wandering backstage at a debate asking if anyone has seen his running mate.,satire,0,0.6516838669776917,0.6610758900642395,-0.009392023086547852,0.9210896492004395,0.4958271734659374,131.3992156982422,6,0.375,0.4567012772717857
1367,bananas again sweep primates' choice awards,Bananas have been awarded the primates' choice awards.,satire,0,0.9335089921951294,0.939056932926178,-0.005547940731048584,0.9181146025657654,0.05873949094699214,257.77935791015625,6,0.75,0.05392958438571306
1368,Michelle Wolf speaks out on dinner controversy – because the White House press corps needed more comedian drama.,michelle wolf speaks out on dinner controversy,satire,0,0.9710129499435425,0.7286987900733948,0.2423141598701477,0.8480829000473022,0.12772112425298793,4217.103515625,13,0.7222222222222222,0.10831810145377584
1369,Activists protest Trump's 'swamp cabinet.' Because nothing says 'drain the swamp' like filling it with more crocs.,activists protest donald trump's'swamp cabinet',sarcasm,0,0.9191501140594482,0.922266960144043,-0.0031168460845947266,0.7761766910552979,0.004874139244068762,3239.989501953125,16,0.9411764705882353,0.0037831932702040625
1370,"Trump sticks with Fox News, the epitome of balanced reporting.",donald trump sticks with fox news,irony,0,0.9723747372627258,0.9591493606567383,0.013225376605987549,0.8018356561660767,0.04432535465175531,3729.585693359375,9,0.9,0.035541649831984275
1371,"From 1937 to Hillary, Americans felt consistently positive about woman president? A seamless progression.","from 1937 to hillary clinton, americans felt consistently positive about woman president",overstatement,0,0.9396979212760925,0.8796684145927429,0.06002950668334961,0.9489635825157166,0.308651434585624,1199.2244873046875,8,0.5714285714285714,0.29289897111298907
1372,mars maven begins mission to take thousands of high-resolution desktop backgrounds,Mars Maven began a mission to take thousands of high-resolution desktop backgrounds.,satire,0,0.8923112154006958,0.8969773054122925,-0.00466609001159668,0.956876277923584,0.5156626918239822,142.78009033203125,5,0.4166666666666667,0.4934253972165882
1373,presidential debate commission anesthetizes audience to prevent outbursts during debate,The presidential debate commission anesthetizes the audience to prevent outbursts during the debate.,overstatement,0,0.9384865760803223,0.9566186666488647,-0.01813209056854248,0.9671233296394348,0.48442732379638637,72.33848571777344,4,0.3076923076923077,0.4685009663582818
1374,riaa bans telling friends about songs,Riaa bans telling friends about songs.,sarcasm,0,0.7878775000572205,0.8336111307144165,-0.045733630657196045,0.9701833724975586,0.5081327481546147,1237.191650390625,2,0.3333333333333333,0.49298194328109674
1375,new stapler makes all other staplers look like worthless shit,A new stapler makes all other staplers look worthless.,overstatement,0,0.8007106184959412,0.8961145281791687,-0.09540390968322754,0.9382579326629639,0.6496350258549114,58.340641021728516,4,0.4,0.6095252163440803
1376,grieving couple finds different ways to use stroller,A grieving couple finds different ways to use a stroller.,understatement,0,0.6988783478736877,0.9061964750289917,-0.20731812715530396,0.9547238349914551,0.6389431042462724,107.33106231689453,3,0.3,0.6100142108273463
1377,"Socialism destroys Venezuela, but only Venezuelans can fix it – not the U.S. military, which never intervenes.","socialism destroys venezuela, but only venezuelans can fix it",irony,0,0.5367204546928406,0.7832218408584595,-0.2465013861656189,0.8885268568992615,0.06421450514370826,83.1990966796875,11,0.6470588235294118,0.057056312422680555
1378,woman rises early to sow seeds of day's first gchats,A woman rises early to sow seeds of the day's first gchats.,satire,0,0.8411398530006409,0.8588312268257141,-0.017691373825073242,0.9709697961807251,0.5706745777055999,414.1465148925781,3,0.25,0.5541077784003278
1379,This flip-book marriage proposal is just the epitome of romance and originality.,this flip-book marriage proposal is just the epitome of romance and originality,irony,0,0.9686018228530884,0.9649142026901245,0.003687620162963867,0.9823856353759766,0.8070557274927982,134.73654174804688,2,0.16666666666666666,0.7928399536368336
1380,Forged document complicates Utah monument fight – because federal documents are always trustworthy and never forged.,forged document complicates utah monument fight,sarcasm,0,0.8548852801322937,0.7331944108009338,0.12169086933135986,0.8334826231002808,0.02306071322304547,25475.283203125,12,0.75,0.01922070374770727
1381,Gov. Markell believes Bernie wins? That's a sweet belief.,gop markell: 'i think i'm going to win' on sanders,irony,1,0.936032772064209,0.7772278785705566,0.15880489349365234,0.6442972421646118,0.0,165.81365966796875,10,1.0,0.0
1382,Pink single-handedly slays the digital dragon – raise your glasses to this modern-day heroine!,pink single-handedly slays the digital dragon,overstatement,0,0.859818696975708,0.7340803742408752,0.12573832273483276,0.813525378704071,0.20029051217596075,387.898193359375,9,0.6428571428571429,0.16294141476878082
1383,"Embed routines and rituals, because spontaneity is overrated anyway",embed routines and rituals,understatement,0,0.7991739511489868,0.9023139476776123,-0.10313999652862549,0.7727996110916138,0.04867843262263999,3849.076416015625,7,0.7777777777777778,0.03761867379932551
1384,report: still a few seconds left where plane low enough to crash with everyone surviving,A report states that there are still a few seconds left where the plane is low enough to crash with everyone surviving.,overstatement,1,0.8148089647293091,0.788571298122406,0.026237666606903076,0.8627994656562805,0.4341999352730603,77.05137634277344,9,0.4090909090909091,0.374627472141588
1385,band dreams of one day becoming popular enough to alienate early fans,The band dreams of becoming popular enough to alienate early fans.,irony,0,0.8918488621711731,0.9471445083618164,-0.05529564619064331,0.875546932220459,0.5366551979187751,129.8211212158203,4,0.3333333333333333,0.4698668121979468
1386,The real issue with fake news is that real news is just as fake— brilliant observation.,the real issue with fake news is that real news is just as fake,sarcasm,0,0.6817666292190552,0.5182368755340576,0.16352975368499756,0.9413110017776489,0.726943590190925,23.552907943725586,4,0.25,0.6842799991184603
1387,nation's older brothers recommend not being such a little bitch,The older brothers of the nation recommend not being a little bitch.,sarcasm,0,0.8606911301612854,0.6380643844604492,0.22262674570083618,0.9518486261367798,0.1239040201758117,231.46615600585938,6,0.5,0.11793787137717021
1388,"Trainers reveal the absolute worst fitness advice, like 'just skip leg day'—groundbreaking stuff.",trainers reveal the absolute worst advice on how to exercise,irony,0,0.9545588493347168,0.9481474161148071,0.006411433219909668,0.8002980947494507,0.19460627138785042,205.87350463867188,9,0.6923076923076923,0.15574302821799121
1389,'piggies' written in blood on clouds only clue in shocking murder of six angels,Piggies written in blood on clouds are the only clue in the shocking murder of six angels.,overstatement,0,0.5677779912948608,0.7024195194244385,-0.13464152812957764,0.9254773259162903,0.4295136946366521,182.56854248046875,5,0.29411764705882354,0.3975051855567549
1390,barbecue chicken panini succumbs to howard-related causes,A barbecue chicken panini is suffering from howard-related causes.,satire,1,0.696078896522522,0.7011622786521912,-0.0050833821296691895,0.952558696269989,0.12753431387594827,443.09210205078125,5,0.5555555555555556,0.12148391975536085
1391,"Trump refugee order dashes hopes of Iraqi allies: rewarding loyalty with deportation, the American way.",trump refugee order dashes hopes of iraqi allies,sarcasm,0,0.9166745543479919,0.9293429255485535,-0.012668371200561523,0.90021151304245,0.2155064730781546,792.8778686523438,10,0.6666666666666666,0.19400140820012757
1392,Amazon-Hachette feud overlooks indie authors—because who reads them anyway?,amazon-hachette feud overlooks indie authors,irony,0,0.5403388142585754,0.7383139133453369,-0.19797509908676147,0.9400495886802673,0.11948321931215808,565.9772338867188,6,0.6666666666666666,0.11232015116858837
1393,gmail user pities hotmail user,A gmail user is referring to a Hotmail user.,irony,0,0.5922968983650208,0.6723636984825134,-0.08006680011749268,0.7994363307952881,0.050712153369465586,59.91583251953125,7,0.7777777777777778,0.040541137816413476
1394,"Google Street View: not just for maps, but for autism communication too.","google street view: not just for maps, but for autism communication",understatement,0,0.6561241149902344,0.7181591987609863,-0.06203508377075195,0.9845251441001892,0.6196760459608335,239.5289764404297,4,0.3333333333333333,0.610086648445025
1395,"Neighbors 2 tackles sexism subtly, as comedies do.",'nighbors 2' tackles sexism in subtly sexism,understatement,0,0.9190536737442017,0.7256209850311279,0.19343268871307373,0.6357274055480957,0.0605543865104477,13426.220703125,6,0.75,0.03849608303084352
1396,so-called professional gamer not even racist,The so-called professional gamer is not even racist.,sarcasm,0,0.8055278658866882,0.7544590830802917,0.051068782806396484,0.97184818983078,0.17286039232097053,68.47378540039062,3,0.375,0.16799405937057368
1397,giant altoid headed toward earth'curiously strong' celestial body will extinguish all life,A giant altoid headed toward the earth's curiously strong celestial body will extinguish all life.,overstatement,1,0.7762870788574219,0.6668829321861267,0.10940414667129517,0.9654216766357422,0.4121183751323027,259.93707275390625,6,0.4,0.39786801269262545
1398,"scandal: mccain won miss congeniality of u.s. senate in 2000, 2003",President Barack Obama missed the congeniality of the U.S. Senate in 2000 and 2003.,satire,0,0.7479835152626038,0.7385022044181824,0.009481310844421387,0.6290932297706604,0.03342866121562732,31.172924041748047,11,0.7857142857142857,0.021029744451048202
1399,"Wilmer Flores' Friday night was so Hollywood, they're already planning the sequel nobody asked for.",wilmer florals' friday night was so hollywood that they're already planning the sequel,overstatement,0,0.7654109001159668,0.8257240056991577,-0.06031310558319092,0.7602952122688293,0.3316186519505937,166.05055236816406,8,0.5333333333333333,0.25212807337707965
1400,area grandmother comes forward as 'banksy',An area grandmother is described as 'banksy'.,satire,0,0.6771922707557678,0.6297658085823059,0.047426462173461914,0.9273601174354553,0.07730551756939454,347.6107482910156,4,0.5714285714285714,0.07169005385156237
1401,netflix gently reminds 'arrested development' fans that new episodes of the show won't actually solve world's problems,Netflix reminds 'arrested development' fans that new episodes of the show will not solve the world's problems.,irony,0,0.9654802680015564,0.9628212451934814,0.002659022808074951,0.9558619260787964,0.570434647201574,44.007389068603516,6,0.35294117647058826,0.5452567605761752
1402,Paying extra for airline seats: because comfort is overrated anyway.,paying extra for airline seats,understatement,0,0.8753747940063477,0.8997367024421692,-0.024361908435821533,0.7478901743888855,0.09782458612762486,393.68743896484375,7,0.7,0.0731620467785099
1403,"Murdoch, racial expert, declares Carson the 'authentic black president' we've all been waiting for.","michael murdoch, racial expert, declares jack jackson the 'authentic black president' we've all been waiting for",sarcasm,0,0.8879575729370117,0.9074496626853943,-0.01949208974838257,0.7421553134918213,0.5307074109851435,156.14596557617188,5,0.3125,0.393867324972112
1404,genealogists find 99% of people not related to anyone cool,Genealogists find that 99% of people are not related to anyone cool.,overstatement,0,0.9688925743103027,0.9293209910392761,0.03957158327102661,0.9727965593338013,0.317023313852343,89.3288803100586,4,0.3333333333333333,0.3083991889441591
1405,"Sales of '1984' spike after Conway's interview? What a coincidence, or is it doublespeak?",sales of '1984' spiked after conway's interview,irony,0,0.8865432739257812,0.7170687317848206,0.1694745421409607,0.84480881690979,0.028439110602897978,1359.9130859375,11,0.7857142857142857,0.02402561138240091
1406,cool glitch effect on movie studio logo must mean shit about to go down,The cool glitch effect on the movie studio logo must mean a person is about to go down.,sarcasm,0,0.9750459790229797,0.9311855435371399,0.043860435485839844,0.9087424278259277,0.4033582072599889,159.96080017089844,6,0.3333333333333333,0.36654871654895604
1407,A mystery painter turns anti-Muslim graffiti into love—because one spray can fixes systemic racism.,mystery painter turns anti-muslim graffiti into love,irony,0,0.8929661512374878,0.8373509645462036,0.05561518669128418,0.9173187017440796,0.07562380261607854,372.0475158691406,9,0.6428571428571429,0.0693711284367317
1408,Florida woman turns wedding into a disaster movie—climax not included.,florida woman turns wedding into a disaster movie,overstatement,0,0.6265481114387512,0.8772110939025879,-0.25066298246383667,0.921194314956665,0.5298765308495281,390.5332336425781,4,0.4,0.48811924784754523
1409,"Hillary Clinton offers a 'basic bargain' for the economy, because nothing fixes complex problems like simple slogans.",hillary clinton offers 'basic bargain' for the economy,sarcasm,0,0.9396729469299316,0.9451868534088135,-0.005513906478881836,0.8598600625991821,0.11867840505544883,172.53916931152344,12,0.7058823529411765,0.10204682080014932
1410,exterminator kind of surprised apartment doesn't have roaches,An exterminator is surprised that the apartment does not have roaches.,irony,0,0.6808117628097534,0.8883658647537231,-0.20755410194396973,0.955152153968811,0.026658376817028855,65.74445343017578,8,0.7272727272727273,0.02546280603809733
1411,trump delivers anecdote about small business owner who isn't half the man he is,Trump delivers an anecdote about a small business owner who is not half the man he is.,sarcasm,0,0.955427348613739,0.9305751323699951,0.024852216243743896,0.9859767556190491,0.329340597116918,40.82889938354492,6,0.35294117647058826,0.32472217343897913
1412,"Ego-centric art world killing art: Finally, some real art.",the ego-centric art world is killing art,sarcasm,0,0.9372127652168274,0.8307892084121704,0.10642355680465698,0.9334075450897217,0.05809334108283256,320.5626525878906,8,0.8888888888888888,0.05422476288618661
1413,I'm finally ok with letting myself be 'uncomfortable' – my new favorite state of being.,i'm finally ok with letting myself be 'uncomfortable',understatement,0,0.9333866238594055,0.6750738620758057,0.25831276178359985,0.9199128150939941,0.3505377780030811,75.4725570678711,8,0.5333333333333333,0.3224641941596079
1414,Snoop Dogg gives turkeys instead of... other things. How sweet.,snoop dogg gives turkeys instead of other things,irony,1,0.8831684589385986,0.6188451051712036,0.264323353767395,0.9412123560905457,0.1150460085904485,696.9656982421875,6,0.6,0.1082827248042292
1415,Chadwick Boseman delivering commencement? Because actors are experts on graduation.,chadwick boseman is delivering commencement for a new film,understatement,0,0.9565993547439575,0.9097266793251038,0.04687267541885376,0.8084723353385925,0.02145851237135921,547.5826416015625,10,1.0,0.01734861360976486
1416,fda deems genetically modified salmon too handsome to eat,The FDA considers genetically modified salmon too handsome to eat.,satire,0,0.8778800964355469,0.7809014916419983,0.09697860479354858,0.9426321983337402,0.5169731539571706,373.2330627441406,4,0.4,0.48731554059417487
1417,god admits he never created gerbils,God admits that he never created Gerbils.,satire,1,0.6438027024269104,0.6167392134666443,0.027063488960266113,0.9348020553588867,0.17567205239427922,216.2276611328125,3,0.42857142857142855,0.16421859564728625
1418,Transit strike? Just tweet—Twitter solves everything.,the transit strike? just tweet,sarcasm,1,0.91951584815979,0.5743244886398315,0.3451913595199585,0.9064214825630188,0.0439891724758422,9075.9755859375,6,1.0,0.039872730932273226
1419,Campus safety activism: how I traded studying for sit-ins.,campus safety activism: how i traded studying for sit-ins,satire,0,0.9056949019432068,0.850814163684845,0.054880738258361816,0.9977550506591797,0.19960198807747329,834.8069458007812,3,0.3333333333333333,0.19915389172591233
1420,9 amazing spring cleaning tips for dog owners. Because your house isn't already a mess.,9 amazing spring cleaning tips for dog owners,sarcasm,1,0.6186686158180237,0.5024580359458923,0.11621057987213135,0.9127961993217468,0.3505377780030811,433.5828857421875,8,0.5333333333333333,0.3199695514799027
1421,"De Blasio names new schools chancellor, then candidate backs out on live TV – seamless transition.","de blasio names new schools chancellor, then candidate backs out on live television",irony,0,0.9729509353637695,0.876883864402771,0.09606707096099854,0.9490286111831665,0.5844623093275036,879.9644165039062,6,0.375,0.554671453709987
1422,Oklahoma governor compares striking teachers to a car-obsessed teen. Because fair wages are so teenage.,oklahoma governor compares striking teachers to a car-obsessed teen,sarcasm,0,0.9475796222686768,0.9146891832351685,0.0328904390335083,0.9032033085823059,0.372730318315106,459.7213134765625,8,0.5333333333333333,0.33665125671113977
1423,Why is the self-defense narrative so powerful for gun owners? Could it be the lobbying?,why the self-defense narrative is so powerful for gun owners,rhetorical_question,0,0.7659302949905396,0.9733563661575317,-0.2074260711669922,0.9037954807281494,0.23825412935547594,50.45655822753906,9,0.6,0.21533300537629907
1424,"Finally, a museum for HBCUs—took us long enough.",a museum for HBCUs,satire,0,0.9232102036476135,0.9058853387832642,0.017324864864349365,0.8527535200119019,0.14628187563941414,404.9089050292969,5,0.625,0.12474238436545368
1425,"Half of abortion clinics in Ohio closed—progress, they call it.",half of abortion clinics in ohio are closed,irony,0,0.9158893823623657,0.8516781330108643,0.06421124935150146,0.9446052312850952,0.26924761780320416,161.32235717773438,6,0.6,0.25433270828795657
1426,puppy love leads to human baby,A puppy's love leads to a human baby.,irony,1,0.6332067847251892,0.6929481029510498,-0.059741318225860596,0.9530313014984131,0.1477219991186121,250.17735290527344,4,0.5,0.14078368907995834
1427,"The police chief is sick of inaction on gun control? Join the club, chief.",the police chief is sick of inaction on gun control,sarcasm,0,0.8582251667976379,0.672409176826477,0.1858159899711609,0.9115657806396484,0.5245537838821976,102.51241302490234,6,0.42857142857142855,0.47816527949205695
1428,"How the middle class shaped folk art: by buying cheap decor, I guess.",how the middle class shaped folk art,understatement,0,0.9211318492889404,0.9210646152496338,6.723403930664062e-05,0.8612501621246338,0.260899397956404,927.1599731445312,8,0.6153846153846154,0.22469964878817228
1429,6 things you need to know about the nation's strictest medical weed law: Like how to get arrested for having a prescription.,6 things you need to know about the nation's strictest medical weed law,sarcasm,0,0.6541813015937805,0.7012572884559631,-0.04707598686218262,0.9189572334289551,0.45646699241247124,51.74838638305664,10,0.45454545454545453,0.4194736444990004
1430,"Barksdale, inspiration for 'The Wire,' dies in prison? Just another day in the life of a fictional character's real counterpart.","harvey barksdale, inspiration for 'the wee,' dies in prison",understatement,1,0.8260698318481445,0.6222372651100159,0.20383256673812866,0.6707136034965515,0.02112626306168192,1310.623779296875,17,0.85,0.01416967202651677
1431,new study finds human beings were never meant to wake up from sleep,A new study finds that human beings were never meant to wake up from sleep.,overstatement,0,0.6981534361839294,0.6866874098777771,0.011466026306152344,0.9016065001487732,0.6475445426291286,35.05591583251953,3,0.2,0.5838303687702867
1432,sotomayor to add ballistics expertise to already deadly supreme court,Sotomayor plans to add ballistics expertise to the supreme court.,sarcasm,0,0.7405911684036255,0.8704303503036499,-0.12983918190002441,0.9137600064277649,0.4111336169005197,67.86262512207031,5,0.5,0.3756774564216891
1433,First month with baby: you've already mastered it all.,first month with baby,understatement,1,0.798402726650238,0.5717903971672058,0.22661232948303223,0.8037201762199402,0.04867843262263999,1890.24853515625,7,0.7777777777777778,0.0391238384455787
1434,Just add 'ultra-rare' to the grant application; they'll notice.,just add 'ultra-rare' to the grant application,sarcasm,0,0.5344095230102539,0.5862724184989929,-0.051862895488739014,0.9507900476455688,0.46199933699457096,65.85771942138672,4,0.4444444444444444,0.43926437163328935
1435,Gay ex-NFL player wins on The Voice – because singing is just like football.,gay ex-nfl player wins on the voice,overstatement,0,0.9753592014312744,0.8201820850372314,0.15517711639404297,0.8851839303970337,0.06014139661862437,478.05389404296875,11,0.7857142857142857,0.05323619783844079
1436,"'i promise to work tirelessly to achieve my campaign's goals,' threatens trump in terrifying address",Trump threatens to work tirelessly to achieve his campaign's goals.,irony,0,0.8825079798698425,0.9535755515098572,-0.07106757164001465,0.8171050548553467,0.25916266987614406,40.36178207397461,9,0.6,0.21176312758560478
1437,ammonia-factory leak exposes texas town to mexican working conditions,An ammonia-factory leak exposes Texas town to Mexican working conditions.,sarcasm,0,0.8798221349716187,0.8786783814430237,0.0011437535285949707,0.9811712503433228,0.13747081017605653,747.6923217773438,4,0.4,0.13488240670615095
1438,"Climate Change Haunts Pumpkins, Because Nothing Says Global Warming Like Squash",climate change haunts pumpkins,irony,0,0.861091136932373,0.6682402491569519,0.19285088777542114,0.893807053565979,0.0,1968.6832275390625,11,1.0,0.0
1439,condoleezza rice drives halfway to airport before realizing she forgot interpreter,Condoleezza Rice drove halfway to the airport before realizing she forgot an interpreter.,irony,0,0.6604577302932739,0.7736392021179199,-0.113181471824646,0.9628174304962158,0.33260249505555045,107.71652221679688,6,0.46153846153846156,0.3202354796660154
1440,'Kimmy Schmidt' Star Tituss Burgess Follows Up 'Peeno Noir' with Ode to Multicultural Penis: The Highbrow Cultural Commentary We Deserve,'kimmy schumer' star tituss burgess follows up 'peeno noir' with ode to multicultural penis,satire,0,0.7110963463783264,0.6193104982376099,0.09178584814071655,0.8819667100906372,0.011065472484329979,839.8161010742188,18,0.9,0.009759378362602981
1441,"Biden slams Trump: 'he would have loved Stalin,' because comparisons are helpful",biden slams donald trump: 'he would have loved stalin',sarcasm,0,0.945522665977478,0.7481808066368103,0.19734185934066772,0.9257938861846924,0.22613617379612147,480.6335144042969,8,0.6666666666666666,0.2093554871456483
1442,stephen miller furious at propublica for only releasing 7-minute recording of immigrant children sobbing,Stephen Miller is angry at ProPublica for releasing a 7-minute recording of immigrant children sobbing.,sarcasm,0,0.9250315427780151,0.9450154304504395,-0.019983887672424316,0.9221397042274475,0.27668736912821895,71.28544616699219,8,0.5333333333333333,0.2551444087313664
1443,jews' covenant up for renewal with god,Jews' covenant is up for renewal with God.,irony,1,0.8042768239974976,0.8189011216163635,-0.014624297618865967,0.9567949175834656,0.3655552228545123,79.25996398925781,3,0.375,0.3497613793232885
1444,Brazil's impeachment is hypocritical? I'm appalled.,brazil's impeachment is hypocritical,sarcasm,0,0.7046170234680176,0.8541468977928162,-0.14952987432479858,0.9653005599975586,0.10305224267080783,4223.796875,4,0.6666666666666666,0.0994763875591351
1445,Trump unveils tax plan to lower taxes for millions: if you define 'millions' as 'billionaires'.,donald trump unveils tax plan to lower taxes for millions,sarcasm,0,0.5697705149650574,0.9518252015113831,-0.3820546865463257,0.8684560656547546,0.38753858253732953,90.9787826538086,9,0.6,0.33656023267978963
1446,Exploring the complex psyche of mass murderers. What could possibly be wrong with them?,exploring the complex psyche of mass murderers,sarcasm,0,0.9082214832305908,0.9219229221343994,-0.013701438903808594,0.8960414528846741,0.22616792214653433,118.83003997802734,9,0.6428571428571429,0.2026558335560885
1447,woman launches into 4-minute self-deprecating preamble before speaking mind,A woman launches into a four-minute self-deprecating preamble before speaking mind.,understatement,0,0.8338006138801575,0.906129002571106,-0.07232838869094849,0.9670630693435669,0.33932513407933634,70.1343994140625,4,0.36363636363636365,0.3281488056681804
1448,"pfizer researchers discover new stimulating, medicating, captivating cure for what ails you",Pfizer researchers discover a new cure for what ails you.,overstatement,0,0.8170897960662842,0.8992481827735901,-0.08215838670730591,0.8780738115310669,0.2658156069371863,96.64942169189453,6,0.5,0.2334057231477791
1449,nissin introduces extra-large drum noodles,Nissin introduces extra-large drum noodles.,satire,0,0.8926578164100647,0.8868631720542908,0.005794644355773926,0.989654541015625,0.26591479484724945,494.2269592285156,2,0.4,0.26316378424381875
1450,all-beef patty 70 percent beef,All-beef patty is 70 percent beef.,understatement,1,0.8721714019775391,0.5864221453666687,0.28574925661087036,0.9425249695777893,0.09554427922043669,51.73365783691406,3,0.5,0.0900528688655739
1451,"Luther Strange, unfazed by heat, suddenly champions filibuster reform.","luther strange, unfazed by the heat, is a champion of filibuster reform",irony,0,0.8986716866493225,0.8641008138656616,0.03457087278366089,0.9262913465499878,0.0428361950754725,337.8998718261719,8,0.6666666666666666,0.03967879681753737
1452,"Erdogan's tyranny: so oppressive, it inspires dystopian novels.",iraq's tyranny,overstatement,0,0.8963518142700195,0.726902186870575,0.16944962739944458,0.497495174407959,0.0,2198.29638671875,8,1.0,0.0
1453,'P is for p*ssy' is the alphabet book of your wet dreams – if your dreams are that basic,'p is for p*ssy' is the alphabet book of your wet dreams,sarcasm,1,0.7877364754676819,0.6464169025421143,0.14131957292556763,0.951674222946167,0.5042416758025263,289.83050537109375,8,0.42105263157894735,0.4798738049964423
1454,"Forum targets homelessness—because speeches end poverty, obviously.",forum targets homelessness,satire,0,0.9448310732841492,0.8752877116203308,0.06954336166381836,0.8413457870483398,0.029950417327249696,446392.15625,6,0.8571428571428571,0.025198657438621132
1455,republicans praise nixon administration for allowing qaddafi to rule libya so he could one day be overthrown,Republican senators praise the Obama administration for allowing Qaddafi to rule Libya so he could one day be overthrown.,satire,0,0.9268004298210144,0.9355394244194031,-0.008738994598388672,0.8641470670700073,0.3527295712700594,31.025854110717773,7,0.3684210526315789,0.30481022448188294
1456,national dialogue dusted off,The national dialogue has been abandoned.,understatement,0,0.8699971437454224,0.7398775815963745,0.13011956214904785,0.7746767997741699,0.08633400213704504,84.85943603515625,4,0.6666666666666666,0.0668809484872224
1457,report: north dakota leads nation in parking availability,A report indicates that North Dakota is leading the nation in parking availability.,irony,0,0.8214978575706482,0.8950039744377136,-0.07350611686706543,0.94243323802948,0.0768968397262906,63.663970947265625,10,0.7692307692307693,0.072470137657482
1458,Mashed potato recipes you want and need: for when life's too short for other foods.,mashed potato recipes you want and need,overstatement,1,0.8782204389572144,0.9202468991279602,-0.04202646017074585,0.8404269814491272,0.19605997334125028,639.9658813476562,10,0.6666666666666666,0.16477409157818332
1459,"natalee holloway, osama bin laden celebrate 5-year wedding anniversary",Sarah Holloway and Sarah Obama celebrated their five-year wedding anniversary.,irony,0,0.5068615674972534,0.8768782019615173,-0.3700166344642639,0.774032473564148,0.021105340631872645,48.06412124633789,9,0.9,0.0163362190147023
1460,"The other Rev. King from Mississippi has some thoughts, probably just as inspiring as the first.",the other rev. king from mississippi has some thoughts,satire,1,0.9119036197662354,0.9322046637535095,-0.02030104398727417,0.8704158067703247,0.029296278622657032,552.6466064453125,12,0.75,0.02549994399270824
1461,area man would have done things differently if he were killer in movie,A local man would have done different things if he were killer in a movie.,sarcasm,1,0.8078661561012268,0.641923725605011,0.16594243049621582,0.898970365524292,0.42311785416105785,83.2079849243164,6,0.4,0.38037041201502025
1462,man receives first baboon-face transplant,A man received a first baboon-face transplant.,overstatement,0,0.8164917230606079,0.8841559290885925,-0.06766420602798462,0.9673759937286377,0.07730551756939454,288.7296142578125,4,0.5714285714285714,0.0747835018793997
1463,Will Greater Israel transform into Greater Palestine? Let's consult the crystal ball of geopolitical tensions.,will greater israel transform into greater palestinia?,rhetorical_question,1,0.8572715520858765,0.9234588742256165,-0.06618732213973999,0.7634372115135193,0.022276713869943024,1288.2633056640625,13,0.8666666666666667,0.017006872318553842
1464,news of uncle's death deleted by spam filter,A spam filter deleted news of an uncle's death.,irony,0,0.6442461609840393,0.8253567218780518,-0.18111056089401245,0.9112799167633057,0.07936880926086218,285.44854736328125,9,1.0,0.07232720189684116
1465,Wyclef still down for Fugees reunion—we'll see when it happens.,wyclef still down for 'fugees' reunion,irony,0,0.9564282298088074,0.532579243183136,0.4238489866256714,0.948015570640564,0.10373672493717558,500.2955322265625,7,0.7,0.09834403048769973
1466,Obama on reparations: he'll get right on that after fixing everything else.,obama on reparations,sarcasm,0,0.8917357325553894,0.8401634097099304,0.051572322845458984,0.8513662815093994,0.005656903127920845,1995.385986328125,11,0.9166666666666666,0.00481609658087686
1467,"Sylvester Stallone spent $400k on a statue of himself—modest, really.",sylvester stallone spent $400k on a statue of himself,understatement,0,0.7497376799583435,0.7479247450828552,0.0018129348754882812,0.9576073884963989,0.525624059490303,212.57601928710938,4,0.4,0.5033414829393849
1468,"Pollsters polled on bizarre polls, what could go wrong?",pollsters polled on bizarre polls,rhetorical_question,0,0.8725598454475403,0.8056815266609192,0.0668783187866211,0.9065349102020264,0.11948321931215808,1973.95849609375,6,0.6666666666666666,0.10831570948979624
1469,It takes 20 celebrities to explain why 62 million girls are dumb – clearly insufficient.,it takes 20 celebrities to explain why 62 million girls are dumb,overstatement,0,0.8576725721359253,0.9612975120544434,-0.10362493991851807,0.9671410322189331,0.7037259479962376,535.8330078125,4,0.26666666666666666,0.6806022397443284
1470,"What to buy your 'basic' friend this holiday season, according to Pinterest's deep wisdom.",what to buy your 'basic' friend this holiday season,overstatement,1,0.8476521968841553,0.8472713232040405,0.0003808736801147461,0.9318139553070068,0.41653323821535565,154.8056640625,7,0.5,0.38813148421828625
1471,Mitch McConnell marvels at the judicial crisis he single-handedly engineered. What a visionary!,mitch mcconnell marvels at the judicial crisis he single-handedly created,sarcasm,0,0.9615980982780457,0.9613772630691528,0.00022083520889282227,0.8697431087493896,0.4733406936045769,125.4794921875,6,0.46153846153846156,0.41168480635323706
1472,Romney goes after Obama with PowerPoint? The pinnacle of political critique.,mitt romney goes after obama with 'premium',sarcasm,0,0.958672285079956,0.8435143232345581,0.11515796184539795,0.5739549398422241,0.04365582670262632,409.3600158691406,9,0.8181818181818182,0.025056477388868452
1473,nasa says presence of diving board on mars confirms planet may have once contained water,NASA reports that the presence of a diving board on Mars confirms that the planet may have once contained water.,satire,0,0.7714377045631409,0.7619389891624451,0.0094987154006958,0.9563937783241272,0.2697856975860103,33.67961883544922,9,0.45,0.25802136265209474
1474,jimmy fallon six tantalizing months from disappearing forever,Jim Fallon has six months to disappear forever.,satire,0,0.8175957798957825,0.5699895620346069,0.24760621786117554,0.7493622303009033,0.03303164318013808,301.5138854980469,7,0.875,0.024752665803971893
1475,twitch streamer sets new record for longest stream lying dead on camera,A twitch streamer sets a new record for the longest stream lying dead on camera.,overstatement,0,0.8368441462516785,0.8984902501106262,-0.061646103858947754,0.9487295150756836,0.40484119186599643,134.1248779296875,4,0.26666666666666666,0.3840847876416886
1476,Ramadan Day 7: Prayers for Burma's camps—because thoughts and prayers always fix genocide,ramadan day 7: prayers for burma's camps,irony,0,0.9064696431159973,0.5497327446937561,0.3567368984222412,0.8894365429878235,0.018448373350246097,2066.931640625,11,0.8461538461538461,0.01640865741639158
1477,"Nonsense that makes perfect sense: a story of friendship, cookies, and cake",nonsense that makes perfect sense,satire,0,0.884186327457428,0.9718219637870789,-0.08763563632965088,0.3509197235107422,0.06557378107648686,276.5860290527344,9,0.75,0.023011133124914707
1478,self-conscious puppet has no idea what to do with hands,A self-conscious puppet has no idea what to do with their hands.,irony,0,0.6627107262611389,0.6511802673339844,0.011530458927154541,0.8938069343566895,0.7102992180127422,34.65311813354492,3,0.25,0.634870366527923
1479,Can you name all the colors in nature? (Spoiler: it's not just green and brown.),can you name all the colors in nature?,rhetorical_question,1,0.9563793540000916,0.9523199200630188,0.004059433937072754,0.8524420857429504,0.3505377780030811,93.96658325195312,8,0.5333333333333333,0.2988131546126458
1480,This man's tweets cryptically pay homage to a Smash Mouth classic. Because nothing says deep thought like 'All Star' lyrics.,this man's tweets cryptically pay homage to a smash mouth classic,overstatement,0,0.6862956285476685,0.7723761200904846,-0.08608049154281616,0.7374486923217773,0.251800551681133,618.4601440429688,13,0.65,0.18568998756315366
1481,esports star suspected of using peds,An esports star is suspected of using peds.,irony,0,0.792095959186554,0.8634217977523804,-0.07132583856582642,0.9737834930419922,0.17286039232097053,496.33782958984375,3,0.375,0.16832859664292385
1482,Chris Christie abandons Trump's campaign – loyalty at its finest.,chris christie abandons donald trump's campaign,sarcasm,0,0.9088555574417114,0.830877959728241,0.07797759771347046,0.8721519708633423,0.024925978674400287,325.77337646484375,9,0.9,0.02173924142657585
1483,investigation exposes ebay user for selling fake pulitzer medals,An investigation exposes an eBay user for selling fake pulitzer medals.,satire,0,0.8968251347541809,0.9218208193778992,-0.02499568462371826,0.9781093597412109,0.40352786374639904,976.141357421875,4,0.36363636363636365,0.39469438044672894
1484,"study finds placing one foot forward, then the other, remains best method of walking","A study finds that placing one foot forward, then the other, remains the best method of walking.",satire,0,0.7718695402145386,0.697933554649353,0.07393598556518555,0.9495066404342651,0.5312583871630396,40.240936279296875,4,0.23529411764705882,0.5044333663977039
1485,Turning tragedy into profit: the Hollywood way.,turning tragedy into profit,satire,0,0.9529715180397034,0.884036660194397,0.0689348578453064,0.8565232157707214,0.08025716728928957,2919.323974609375,5,0.7142857142857143,0.06874212701527106
1486,"report: kanye west, bill gates, tom hanks all currently reading, enjoying this article","A report states that Kanye West, Bill Gates, Tom Hanks are reading and enjoying this article.",satire,0,0.6761673092842102,0.8040405511856079,-0.1278732419013977,0.9014941453933716,0.026012784404037925,94.2329330444336,14,0.875,0.023450372845620193
1487,Bolt casually adds another gold.,joe bolt adds another gold,understatement,1,0.5380985736846924,0.5713725090026855,-0.033273935317993164,0.8282679915428162,0.11362193664674995,6806.77734375,3,0.6,0.09410941326160868
1488,How do you know when a beauty product is 'the one'? When the marketing budget is high enough.,how do you know when a beauty product is 'the one'?,irony,1,0.8033266663551331,0.925848126411438,-0.12252146005630493,0.8683339953422546,0.4726690031860885,55.48072052001953,8,0.4444444444444444,0.41043456401101713
1489,A heartwarming tale of how minor fines lead to desperation. Our justice system works!,a heartwarming tale of how minor fines lead to desperation,irony,0,0.9293272495269775,0.753674328327179,0.17565292119979858,0.8654468655586243,0.5093330917854971,520.1327514648438,6,0.42857142857142855,0.44080072781104157
1490,biden unleashes torrent of vomit on debate stage,Joe Biden slammed a torrent of vomit on the debate stage.,overstatement,0,0.6641455292701721,0.6822808384895325,-0.01813530921936035,0.85914146900177,0.24808415001701817,205.5017852783203,6,0.5454545454545454,0.2131393810816765
1491,third-grade slumber party a snakepit of machiavellian alliances,A third-grade slumber party is a snakepit of machiavellian alliances.,overstatement,0,0.852236807346344,0.8941121697425842,-0.041875362396240234,0.9457882046699524,0.37991784282579627,137.4999542236328,3,0.3,0.359321814488291
1492,liberal feels like idiot for placing entirety of hopes on mueller probe instead of new york prosecutors' investigation,A liberal feels like an idiot for placing all hopes on the Mueller probe instead of New York prosecutors' investigation.,sarcasm,0,0.7280981540679932,0.8500626087188721,-0.1219644546508789,0.969089925289154,0.12133158735615288,123.34070587158203,9,0.45,0.11758121892618865
1493,horrible pack of theme-restaurant waitresses alerted of patron's birthday,A group of theme-restaurant waitresses was alerted about the patron's birthday.,sarcasm,0,0.9582248330116272,0.9153569936752319,0.042867839336395264,0.8641211986541748,0.10600313379512592,103.55746459960938,6,0.5454545454545454,0.09159955503614307
1494,"weird kid opts to sit perfectly still, let universe decide his fate after teacher instructs class to pair up",A strange kid opts to sit perfectly still and let the universe decide his fate after a teacher instructs his class to pair up.,sarcasm,0,0.6787298321723938,0.8061359524726868,-0.12740612030029297,0.9191439747810364,0.3728399245941657,77.50724029541016,8,0.3333333333333333,0.34269357024854336
1495,"Disaster movies are tame compared to what happened 3.3 billion years ago – which was literally the end of the world, probably",disaster movies are tame compared to what happened 3.3 billion years ago,overstatement,0,0.7477520108222961,0.8571110963821411,-0.10935908555984497,0.9404245018959045,0.392703811972245,74.92251586914062,11,0.5,0.3693082867666215
1496,justin timberlake already beneath u.s. bank stadium waiting for super bowl halftime show to start,Justin Timberlake is already under the U.S. Bank stadium waiting for a Super Bowl halftime show to start.,satire,0,0.6981333494186401,0.7134981751441956,-0.01536482572555542,0.9768791198730469,0.09344667213582157,59.76249313354492,11,0.6111111111111112,0.09128610283110655
1497,White House threatens Iran but then reassures the nuke deal is okay—clear and consistent policy.,"white house threatens iran, but then reassures iran that nuke deal is okay",sarcasm,0,0.972091794013977,0.9513798356056213,0.020711958408355713,0.9200085401535034,0.11523997362092667,260.2260437011719,9,0.6,0.10602175989831698
1498,ozzy wins tickets to ozzfest,Ozzy wins tickets to the ozzfest.,irony,0,0.6350446939468384,0.5681383609771729,0.06690633296966553,0.9830588102340698,0.20205155046766235,295.6905212402344,3,0.5,0.19862855680868927
1499,fda recalls food,The FDA recalls food items.,understatement,0,0.72500079870224,0.921587347984314,-0.19658654928207397,0.9476221799850464,0.11362193664674995,980.8117065429688,3,0.6,0.10767066729931601
1500,"China's video explains rejection: 'We reject because we can, and you can't stop us.'","china's 'we reject because we can, and you can't stop us' video explains the rejection",irony,0,0.7037931084632874,0.8471527099609375,-0.14335960149765015,0.9455004930496216,0.5202556880807584,118.53247833251953,10,0.6666666666666666,0.4919020095922272
1501,Franco opens up about the 'uncomfortable' scene that was totally fine.,franco opens up about the 'uncomfortable' scene,sarcasm,1,0.9012181758880615,0.7670961022377014,0.1341220736503601,0.9282314777374268,0.45691722266180906,74.6617431640625,5,0.45454545454545453,0.42412494879505186
1502,doctors discover purpose of appendix is to contain human soul,Doctors discover the purpose of an appendix is to contain a human soul.,satire,0,0.8397676944732666,0.8038538694381714,0.035913825035095215,0.9809482097625732,0.24712442545253582,82.53447723388672,5,0.38461538461538464,0.2424162627362695
1503,man just wants one trip to laundromat where he doesn't meet perfect woman,A man wants a trip to a laundromat where he does not meet a perfect woman.,sarcasm,0,0.8517982363700867,0.8477920293807983,0.00400620698928833,0.944779634475708,0.08866868824683484,51.02230453491211,8,0.5,0.08377237087128513
1504,Dems applaud GOP chair's heroic effort to shield Russia probe from public scrutiny.,dems applaud gop chair's efforts to shield russia probe from public scrutiny,sarcasm,0,0.9593701362609863,0.9500248432159424,0.009345293045043945,0.9525416493415833,0.10608634983804321,425.8692932128906,6,0.46153846153846156,0.10105166664735789
1505,enterprising child saves $54 to buy barrel of oil,A child saves $54 to buy a barrel of oil.,irony,0,0.8712053298950195,0.9071691632270813,-0.03596383333206177,0.9516617655754089,0.4518010018049224,146.51625061035156,3,0.3,0.42996173906641094
1506,woman bids farewell to former self before beginning new skin care regimen,A woman bids farewell to her former self before starting a new skin care regimen.,satire,0,0.7606886029243469,0.851142942905426,-0.0904543399810791,0.973617672920227,0.3040559696901293,62.589298248291016,5,0.3333333333333333,0.2960342656472068
1507,guy at bank has weird hair for guy who works at bank,A man at a bank has unusual hair for a person who works at a bank.,irony,0,0.8470836281776428,0.8568010926246643,-0.009717464447021484,0.8635623455047607,0.0925159978069645,64.77244567871094,8,0.5,0.07989333206289556
1508,Religious freedom clauses block marriage equality: protecting bigotry since day one.,religious freedom clauses block marriage equality,sarcasm,0,0.9543371200561523,0.9427886605262756,0.011548459529876709,0.8965215682983398,0.22083358203177395,2356.074951171875,7,0.6363636363636364,0.19798206929606607
1509,authoritarian secretary of transportation declares she has ultimate right of way in every traffic scenario,The authoritarian Secretary of Transportation declares that she has the ultimate right of way in every traffic scenario.,satire,0,0.9451135993003845,0.9609318971633911,-0.015818297863006592,0.9569013118743896,0.38890556115271097,158.68222045898438,6,0.3333333333333333,0.3721442416622748
1510,"scientists discover 6,000-year-old stain","Scientists have discovered a 6,000-year-old stain.",irony,0,0.5095491409301758,0.6590219736099243,-0.14947283267974854,0.976292610168457,0.040824829046386304,17.968996047973633,5,0.8333333333333334,0.039856978909377526
1511,frustration with husband taken out on soap scum,The frustration with the husband was taken out on soap scum.,irony,1,0.5384626388549805,0.7977169752120972,-0.2592543363571167,0.8891134858131409,0.28997844147152074,318.39501953125,4,0.36363636363636365,0.2578237429074057
1512,encouraging report shows 45% of onion social users survive beta testing,An encouraging report shows that 45% of users of onion social survive beta testing.,satire,0,0.9287626147270203,0.9553569555282593,-0.026594340801239014,0.946802020072937,0.14949751774990688,357.0712890625,6,0.42857142857142855,0.1415445518015016
1513,woman mad boyfriend not jealous she danced with other guy,A woman with a mad boyfriend is not jealous that she danced with another person.,irony,0,0.7942401766777039,0.6376144289970398,0.15662574768066406,0.9228224754333496,0.09941490945601678,154.98211669921875,7,0.4666666666666667,0.09174231283918372
1514,angela merkel admits she only attending stupid work conference for free trip to argentina,Angela Merkel admits she only attended a stupid work conference for a free trip to Argentina.,satire,0,0.8733915686607361,0.9305416941642761,-0.05715012550354004,0.9306257963180542,0.2829559628326351,151.1587371826172,6,0.375,0.26332611823406277
1515,oscar meyer introduces new wiener mobility scooter,Oscar Meyer has introduced a new scooter designed for Wiener mobility.,satire,0,0.7121904492378235,0.8101616501808167,-0.09797120094299316,0.9678114652633667,0.022416933501922302,258.64764404296875,10,0.9090909090909091,0.021695365259206876
1516,ladykiller gets life sentence,A ladykiller received a life sentence.,irony,0,0.8300153017044067,0.765380859375,0.06463444232940674,0.9254930019378662,0.048549177170732344,195.50979614257812,4,0.6666666666666666,0.0449319237213544
1517,Armed citizens guard military bases—because the military is clearly understaffed and needs vigilantes.,armed citizens guard military bases in california,irony,0,0.9094341397285461,0.9527059197425842,-0.043271780014038086,0.6251749396324158,0.06937700988334806,408.6649169921875,10,0.7692307692307693,0.04337276796569964
1518,"Airplane's terrifying landing may put you off flying for good—that landing was so smooth, you'd think it was a pillow.",airplane's terrifying landing may put you off flying for good,understatement,0,0.6284603476524353,0.593353807926178,0.035106539726257324,0.7145587205886841,0.27952792741962756,289.8459777832031,12,0.6,0.1997391181857756
1519,Slushing in Utah: The exciting end-of-season activity that's basically dirty slush.,slushing in utah,understatement,0,0.9609639644622803,0.7215282917022705,0.23943567276000977,0.8447972536087036,0.007894844292834697,3898.94091796875,10,0.9090909090909091,0.0066695427762551
1520,West Virginia teachers' strike threatens to collapse the entire state economy.,west virginia teachers strike threatens to collapse state economy,overstatement,0,0.906848132610321,0.8848633170127869,0.02198481559753418,0.9563798904418945,0.25271148634948987,1232.7437744140625,6,0.5454545454545454,0.24168818362833344
1521,dad clarifies this not a food stop,A father explained that this is not a food stop.,understatement,0,0.7479279041290283,0.6025978922843933,0.145330011844635,0.9242527484893799,0.1122444464861146,157.39390563964844,6,0.6,0.10374223816746055
1522,"The Defiant Ones: Dr. Dre and Jimmy Iovine's journey to make music and, oh yeah, pile up cash – how noble.","the 'defiant ones': dr. dre and jimmy iovine's journey to make music and, oh yeah, pile up cash",satire,0,0.9273782968521118,0.8867810368537903,0.04059725999832153,0.9392416477203369,0.4437008132249529,254.46543884277344,10,0.47619047619047616,0.4167422829082582
1523,hands-off mom lets kids create own psychological issues,A hands-off mother allows her children to create their own psychological issues.,sarcasm,0,0.9467115998268127,0.8615595102310181,0.08515208959579468,0.8868154287338257,0.0428361950754725,66.50861358642578,8,0.6666666666666666,0.037987798701180936
1524,grimacing congressman quickly drafts legislation for charley-horse research,A congressman quickly drafts legislation for charley-horse research.,satire,0,0.9456612467765808,0.9621812701225281,-0.016520023345947266,0.93323814868927,0.6803749333171202,1191.517578125,2,0.25,0.6349518431834548
1525,"Heartbreaking illustrations of last words, a cheerful topic for all.",heartbreaking illustrations of last words,sarcasm,0,0.6234467625617981,0.7162874341011047,-0.09284067153930664,0.8548862934112549,0.09782458612762486,3965.416015625,7,0.7,0.08362889783913528
1526,4 angels banished from heaven for attempting to unionize,4 angels were banished from heaven for trying to unionize.,satire,0,0.8921465873718262,0.8492158651351929,0.0429307222366333,0.9579403400421143,0.32466791547509893,158.28871154785156,3,0.3,0.3110124933509807
1527,North Korea missile puts US in range? Another normal day in geopolitics.,north korea missile puts us in range,irony,0,0.982759952545166,0.8605198860168457,0.12224006652832031,0.8433486223220825,0.0378442713638306,533.1995849609375,9,0.75,0.03191591411746958
1528,leaked 'the last jedi' footage reveals chewbacca balding since 'the force awakens',Leaked 'The Last Jedi' footage shows chewbacca balding since 'The Force' awakens.,satire,0,0.5206685662269592,0.5888128876686096,-0.06814432144165039,0.9722961783409119,0.09058752341587764,158.0000457763672,8,0.6666666666666666,0.0880779028226257
1529,Trans Houdini sneaks into men's locker room – just another day in magical mischief.,trans houdini sneaks into men's locker room,understatement,0,0.9194790720939636,0.7446516156196594,0.1748274564743042,0.905066192150116,0.22616792214653433,91.82206726074219,9,0.6428571428571429,0.2046969400836677
1530,your neighbors: should you consider talking to them?,Your neighbors: should you consider talking to them?,rhetorical_question,1,0.9197962284088135,0.9333344101905823,-0.013538181781768799,0.9999998807907104,0.8408964152537145,83.31458282470703,1,0.125,0.8408963150110502
1531,dot declares pothole too perfect to fill,Dot declares that a pothole is too difficult to fill.,irony,1,0.5868043899536133,0.5616630911827087,0.02514129877090454,0.8869621157646179,0.02984745896009824,101.24812316894531,6,0.6,0.026473565349446337
1532,report: more women forgoing taking their husbands' names in favor of something badass like diesel,A report states that more women are refusing to take their husbands' names in favor of something badass like diesel.,satire,0,0.9682825207710266,0.9645083546638489,0.0037741661071777344,0.8979479670524597,0.4348553979929487,94.33251190185547,9,0.45,0.39047752058955654
1533,macy's concludes thanksgiving day parade with traditional procession of santa's coffin,Macy's concludes a Thanksgiving Day parade with a traditional procession of Santa's coffin.,satire,0,0.9462651014328003,0.9504278302192688,-0.004162728786468506,0.9812374114990234,0.10120193244194395,165.1276092529297,7,0.5384615384615384,0.09930312222803213
1534,"25-year-old moving into comfortable, rent-free arrangement in parents' home worried he's hit rock bottom","A 25-year-old moving into a comfortable, rent-free arrangement in his parents' home is concerned that he is hit rock bottom.",sarcasm,1,0.561095654964447,0.5083303451538086,0.05276530981063843,0.9088537693023682,0.2111187176080899,37.277347564697266,9,0.45,0.19187604226839475
1535,chuck schumer relieved he's never taken stance meaningful enough to have someone mail him explosive,Chuck Schumer is relieved that he has never taken a stance meaningful enough to have someone send him explosive.,sarcasm,0,0.6340509057044983,0.9004986882209778,-0.2664477825164795,0.9377216696739197,0.2966090320349725,168.9845733642578,9,0.47368421052631576,0.2781367167601996
1536,"A canoe survives a hurricane; clearly, it's the most important historical artifact Florida has ever seen.",a canoe survives a hurricane in florida,irony,0,0.819889485836029,0.5541953444480896,0.26569414138793945,0.7682236433029175,0.045194893932731,588.877197265625,13,0.8125,0.03471978607569153
1537,crocodile hunter the same way in bed,A crocodile hunter behaves the same way in his bed.,sarcasm,0,0.7975639700889587,0.5122364163398743,0.2853275537490845,0.8296440839767456,0.31239399369202553,147.44305419921875,4,0.4,0.2591758287364578
1538,Planet crosses carbon milestone – just a minor hiccup in the climate crisis.,planet crosses carbon milestone,understatement,0,0.7791149616241455,0.6581913828849792,0.12092357873916626,0.8395677804946899,0.041910459064397936,140781.21875,10,0.7692307692307693,0.03518667109621013
1539,"The Birth of a Nation is still a thing, a century later—how timeless.",the birth of a nation is still a thing,understatement,0,0.5940243005752563,0.6654210090637207,-0.07139670848846436,0.8731550574302673,0.09568802664841457,52.92737579345703,8,0.6153846153846154,0.08355048440358537
1540,"Defeating ISIS will take years? Say it isn't so, officials.","defending isis will take years, officials say",irony,0,0.866364061832428,0.7490493059158325,0.11731475591659546,0.8693419694900513,0.04550524645870584,582.5982666015625,8,0.8,0.03955962057854152
1541,keanu reeves recalls preparing for 'john wick 3' by acting in two previous 'john wick' films,Keanu Reeves recalls preparing for 'john wick 3' by acting in two previous 'john wick' films.,sarcasm,0,0.5469201803207397,0.536218523979187,0.010701656341552734,0.9785993695259094,0.7916963878457504,112.22392272949219,3,0.1875,0.7747535860017911
1542,Chopra Center trial proves mindfulness cures all: science is so impressed.,chopra center trial proves mindfulness cures all,satire,0,0.9725091457366943,0.946387767791748,0.02612137794494629,0.9232347011566162,0.2321746040303191,5972.95947265625,7,0.6363636363636364,0.21435165116808735
1543,"Trump desperately seeks liberal approval by name-dropping Michael Moore, a masterstroke of political genius",donald trump desperately seeks liberal approval from michelle moore,overstatement,0,0.9774569869041443,0.9445659518241882,0.032891035079956055,0.7352428436279297,0.17125081678676496,1194.545166015625,11,0.7857142857142857,0.12591093750790666
1544,Heroic officer rescues skunk after ducklings—animal superhero or just quirky?,a heroic officer rescues a skunk after ducklings,rhetorical_question,0,0.8909344673156738,0.5916905403137207,0.2992439270019531,0.8984078168869019,0.06469512492861311,454.30279541015625,8,0.8,0.05812260595034069
1545,chili's introduces savory new 200-times-baked potatoes,Chili's introduces savory new 200-times-baked potatoes.,overstatement,0,0.7710208296775818,0.7865172624588013,-0.015496432781219482,0.9830838441848755,0.5081327481546147,387.904296875,2,0.3333333333333333,0.49953709541206387
1546,'new york times' announces new columnist will contribute nothing to society 3 times a week,New York Times announces that a columnist will contribute nothing to society three times a week.,sarcasm,0,0.9474470615386963,0.9569731950759888,-0.00952613353729248,0.9138254523277283,0.3489981252688509,135.05545043945312,7,0.4375,0.31892336968533685
1547,"Documentary advocates for supervised heroin sites, adding 'safe injection' to the American dream.",documentary advocates for supervised heroin sites,sarcasm,0,0.9819731712341309,0.971625804901123,0.010347366333007812,0.8221681118011475,0.1582341759519314,5007.1513671875,9,0.6923076923076923,0.13009509366480998
1548,"Priest preaches religion of acceptance, because that's what religion is known for",priest preaches religion of acceptance,satire,0,0.9452170133590698,0.9407653212547302,0.0044516921043396,0.928744375705719,0.06557378107648686,1672.7744140625,9,0.75,0.06090128036854527
1549,"Bergdahl finally faces court martial—about time, really.",joebergdahl finally faces court martial,understatement,0,0.6278685331344604,0.7898617386817932,-0.16199320554733276,0.6759738326072693,0.17824801752356584,1629.20947265625,4,0.5714285714285714,0.1204909955600525
1550,Kim K shares baptism photos—because nothing says sacred like a social media post.,kim kardashian shares his baptism photos,satire,0,0.8979780077934265,0.8091607093811035,0.088817298412323,0.7901235818862915,0.015118370289367042,1254.989501953125,12,0.9230769230769231,0.011945380885317975
1551,report: takeout place put burrito in completely different container this time,A report indicates that a takeout place placed a burrito in a different container this time.,understatement,1,0.5047400593757629,0.7260310649871826,-0.22129100561141968,0.9062937498092651,0.08947853200770763,116.80274963378906,9,0.5625,0.0810938343006937
1552,grandma in nursing home starts adorable little sexual relationship,A grandma in a nursing home starts a sexual relationship.,irony,0,0.8747463226318359,0.916997492313385,-0.04225116968154907,0.8909791111946106,0.13747081017605653,115.26918029785156,5,0.5,0.12248362026586587
1553,"Revealed: Gilmore Girls characters' fates, this changes everything we thought we knew about TV lore.",revealed: 'gilmore girls' characters' fates,overstatement,0,0.7846299409866333,0.6048589944839478,0.17977094650268555,0.8536186218261719,0.007271361304044331,779.9146118164062,14,0.9333333333333333,0.006206969415158478
1554,Artists are drawing faces to spread love – because art solves everything.,artists are drawing faces to spread love,satire,0,0.9771879315376282,0.9471499919891357,0.03003793954849243,0.8789735436439514,0.3960914423407551,385.8319396972656,6,0.5,0.34815389868129737
1555,man can't wait to find out if millennium falcon gets out of that tunnel,A man can't wait to find out if a millennium falcon gets out of a tunnel.,irony,0,0.5467864274978638,0.9185274243354797,-0.37174099683761597,0.9335400462150574,0.6026080978557137,88.52925872802734,4,0.25,0.5625587915217908
1556,"Beyonce shows love for Cha Cha and Lone Star, proving she's just like us.",beyonce shows love for cha chap and lone star,satire,0,0.7974837422370911,0.5823357105255127,0.21514803171157837,0.8873469829559326,0.07317324884772676,3745.704345703125,10,0.7142857142857143,0.06493006159811401
1557,Rebrand Columbus Day? Because 'genocide appreciation day' was too on the nose.,rebranding colombia day: 'genocide appreciation day',irony,0,0.713556706905365,0.9232311844825745,-0.20967447757720947,0.7031878232955933,0.0743306114738671,407.1567077636719,9,0.75,0.05226838088653906
1558,"How to locate lost life insurance policies: step one, stop losing things.",how to locate lost life insurance policies,understatement,1,0.7099921107292175,0.8186155557632446,-0.1086234450340271,0.950291633605957,0.30096441267171586,316.37762451171875,7,0.5833333333333334,0.2860039633750623
1559,Video relaunches investigation—because nothing says justice like a viral clip.,video relaunches investigation into sexual assault,sarcasm,0,0.9656103849411011,0.9357194900512695,0.029890894889831543,0.7043289542198181,0.020960166113993737,298.3789367675781,9,0.9,0.014762851879342878
1560,crude but functional starbucks hewn from rock facing,Starbucks are hewn from a rock facing face.,satire,1,0.6388240456581116,0.7752584218978882,-0.1364343762397766,0.8284403085708618,0.08307018474412793,555.9544677734375,6,0.75,0.06881868948246384
1561,"Scottish leader demands new referendum, threatening to hold votes every week until independence is achieved.",scotland's scottish leader demands new referendum,overstatement,0,0.7763468623161316,0.7926434874534607,-0.0162966251373291,0.8467254638671875,0.04508379481408805,319.24530029296875,13,0.8666666666666667,0.038173597076851806
1562,"Trump to meet with Vogue, Vanity Fair: connecting with the common folk.","donald trump to meet with vogue, vanity fair",satire,0,0.9040057063102722,0.8654746413230896,0.03853106498718262,0.9051969647407532,0.08338026118731375,1410.1595458984375,10,0.8333333333333334,0.07547555934604763
1563,Will a mega-billionaire fix GOP's insurance mess? Only in fairy tales.,will a mega-billionaire fix gop's insurance mess?,rhetorical_question,1,0.5931143164634705,0.8089074492454529,-0.21579313278198242,0.9361249804496765,0.11608730201515954,198.51988220214844,6,0.5454545454545454,0.10867222332939692
1564,"Ebola in semen? Just a minor inconvenience, really.",ebola in semen,understatement,1,0.6238102316856384,0.5558132529258728,0.06799697875976562,0.8788585662841797,0.021460411779726157,6303.27783203125,7,0.875,0.018860666728598253
1565,Watch live: Lili Taylor talks ABC's 'American Crime' – who needs reality when you have scripted drama?,watch live: lilies taylor talks bbc's 'american crime',rhetorical_question,0,0.6638915538787842,0.8108242750167847,-0.1469327211380005,0.7804602384567261,0.010723804459332433,266.18988037109375,15,0.8823529411764706,0.008369502985493894
1566,pork chop trapped in airtight container,A pork chop is trapped in an airtight container.,satire,1,0.6116616725921631,0.7169730067253113,-0.1053113341331482,0.9399311542510986,0.07583235673413397,44.7632942199707,4,0.4444444444444444,0.07127719459469561
1567,polar bear cub just knows he's going to be last of species,A polar bear cub knows that he will be the last of the species.,irony,1,0.5978310108184814,0.610299289226532,-0.012468278408050537,0.956413209438324,0.09669265690880861,36.93144607543945,8,0.5714285714285714,0.09247813432327237
1568,"Michael Slager's fate hangs in limbo after being caught on camera, justice moves fast.",michael slager's fate hangs in limbo after being caught on camera,irony,1,0.5863265991210938,0.6640194058418274,-0.07769280672073364,0.871376633644104,0.5166567115811346,116.43917846679688,6,0.42857142857142855,0.4502025860872018
1569,"depraved candidate struggling to support $100,000-a-day advertising habit","A depraved candidate is struggling to support a $100,000-a-day advertising habit.",overstatement,0,0.9406337141990662,0.9358565211296082,0.004777193069458008,0.9507480263710022,0.13712233890675465,77.52017974853516,4,0.36363636363636365,0.13036879308697266
1570,A 4-year-old girl killed in a road rage incident. Just a typical Tuesday on our roads.,4-year-old girl killed in road rage incident,understatement,1,0.8232609629631042,0.7491161823272705,0.07414478063583374,0.9345754981040955,0.13516425911946325,14.065840721130371,10,0.625,0.1263212047924434
1571,mel gibson - his performance in 'payback' still not getting enough credit,Mel gibson - his performance in 'Payback' is still not getting enough credit.,sarcasm,1,0.8856306076049805,0.8686933517456055,0.016937255859375,0.965836226940155,0.48442732379638637,106.66717529296875,4,0.3076923076923077,0.4678774586422186
1572,Elizabeth Warren attends Trump's inauguration: a bold move to support democracy or just to people-watch?,elizabeth warren attends donald trump's inauguration,irony,0,0.6347205638885498,0.872355043888092,-0.23763447999954224,0.8000243902206421,0.009109250643152446,847.9096069335938,14,0.9333333333333333,0.007287622691155027
1573,Kenya should not sign: because China and SA are such trustworthy partners.,kenya should not sign a deal with china and sa,sarcasm,1,0.9238263964653015,0.5656880140304565,0.35813838243484497,0.8744242191314697,0.04044024548098852,203.5609893798828,10,0.8333333333333334,0.03536193007619833
1574,Greece and Europe on the edge? Again? This economic thriller never gets old—or solved.,greece and europe on the edge,sarcasm,1,0.5057692527770996,0.7111608386039734,-0.20539158582687378,0.7471981644630432,0.025185198565837008,68.68689727783203,11,0.7857142857142857,0.01881833414003068
1575,"well, neighbors just got a pit bull",Neighborhoods have a pit bull.,irony,0,0.5674901604652405,0.5496355891227722,0.01785457134246826,0.760198712348938,0.07616306180370792,92.15182495117188,5,0.7142857142857143,0.057899061511731346
1576,poke with stick confirms raccoon's death,A poke with a stick confirms a raccoon's death.,understatement,0,0.6459991931915283,0.6711560487747192,-0.025156855583190918,0.9490121603012085,0.07583235673413397,140.58619689941406,4,0.4444444444444444,0.07196582868499236
1577,"following death of adam yauch, grieving china frees tibet","Following the death of Adam Yau, China has freed Tibet.",sarcasm,0,0.8071052432060242,0.8417374491691589,-0.034632205963134766,0.8407464027404785,0.0446323613785333,119.03255462646484,8,0.8,0.03752449727481493
1578,Fellow millennial voters: no one owes us a damn thing... except maybe that $1.7 trillion in collective student debt we 'chose' to take on.,fellow millennial voters: no one owes us a damn thing,understatement,0,0.5682627558708191,0.6533022522926331,-0.08503949642181396,0.8592323064804077,0.1873731731761716,224.73561096191406,16,0.6666666666666666,0.16099708376071478
1579,report: north korea just enjoys nuclear talks,A report states that North Korea is enjoying nuclear talks.,sarcasm,0,0.9581155180931091,0.9482468366622925,0.00986868143081665,0.911198616027832,0.021105340631872645,183.86642456054688,9,0.9,0.019231157174558325
1580,bailiff can't help wondering what life would be like on other side of judge,A bailiff is wondering what life would be like on the other side of a judge.,irony,1,0.7052408456802368,0.7057843804359436,-0.0005435347557067871,0.9580657482147217,0.46892438882117243,37.635475158691406,6,0.375,0.4492603954320876
1581,Woman who was beaten on TV has some minor thoughts on the experience.,woman who was beaten on tv has some minor thoughts on the experience,understatement,1,0.8472626805305481,0.8951999545097351,-0.04793727397918701,0.9829901456832886,0.5783569866465142,307.4176025390625,3,0.23076923076923078,0.5685192185606048
1582,"Watch: 2014 BET Awards performances – relive the hits from a decade ago, because time stands still.",watch: 2014 bET awards performances,sarcasm,0,0.800122857093811,0.822979211807251,-0.02285635471343994,0.7426186800003052,0.005796361068560557,16889.83984375,15,0.8823529411764706,0.0043044860055396
1583,homosexual dolphin has highly developed sense of gay-nar,A homosexual dolphin has a highly developed sense of gay-nar.,satire,0,0.9210651516914368,0.9150313138961792,0.006033837795257568,0.979846179485321,0.37991784282579627,629.7521362304688,3,0.3,0.3722610468111612
1584,"Boomers' guide: retire, dance, die, but chocolate first—deep.","boomers' guide: retire, dance, die, but chocolate first",satire,1,0.9417533874511719,0.6199257969856262,0.32182759046554565,0.9874458909034729,0.6803749333171202,733.5012817382812,2,0.25,0.6718334321777147
1585,olympic bronze medalist to appear in flintstones on ice,Olympic bronze medalist will appear in flintstones on the ice.,satire,0,0.5913378000259399,0.52152019739151,0.06981760263442993,0.9452356100082397,0.31239399369202553,92.55618286132812,4,0.4,0.29528592719039193
1586,head on pike really pulling together castle's look,A head on a pike is really pulling together the castle's look.,sarcasm,0,0.5628401041030884,0.8447324633598328,-0.2818923592567444,0.9431753754615784,0.11530568323789493,142.95367431640625,5,0.4166666666666667,0.10875348108075537
1587,"man fishes for legendary, elusive compliment",A man fishes for a famous compliment.,sarcasm,0,0.8031872510910034,0.9458059072494507,-0.14261865615844727,0.8422752618789673,0.16348126556655487,606.435302734375,4,0.5714285714285714,0.137696225767375
1588,grandma excited to show off new beach sweater,Grandma is excited to show off a new beach sweater.,understatement,0,0.9165719747543335,0.946340024471283,-0.029768049716949463,0.9752157926559448,0.31239399369202553,115.5776138305664,4,0.4,0.3046515561793249
1589,pence tells emotional story of longtime friend who was aborted after second trimester,Pence tells the emotional story of a long-time friend who was aborted after the second trimester.,sarcasm,0,0.7500196099281311,0.759006142616272,-0.00898653268814087,0.9710772037506104,0.3237722713145643,34.770503997802734,6,0.375,0.3144078718801311
1590,man in international airport only speaks business,A man in an international airport speaks only business.,sarcasm,0,0.9462664127349854,0.914080798625946,0.03218561410903931,0.9431245923042297,0.07936880926086218,571.129638671875,5,0.5555555555555556,0.07485467587582281
1591,war criminal a grandpa,A war criminal is a grandpa.,understatement,0,0.7491363883018494,0.9075382351875305,-0.15840184688568115,0.9611782431602478,0.09554427922043669,104.70694732666016,3,0.5,0.09183508244511152
1592,santa anita park officials announce they will stop allowing bets on all upcoming horse deaths,Santa Ana Park officials announce they will stop allowing bets on all upcoming horse deaths.,satire,0,0.7316293716430664,0.7034413814544678,0.028187990188598633,0.9192367196083069,0.7012055133086459,300.4439697265625,4,0.26666666666666666,0.6445738558250986
1593,taco bell's five ingredients combined in totally new way,The taco bell's five ingredients are combined in a new way.,sarcasm,0,0.6123498678207397,0.7667023539543152,-0.15435248613357544,0.963412880897522,0.28997844147152074,101.12638854980469,4,0.36363636363636365,0.27936896569625125
1594,Epidemic of gay loneliness? Must be from all that societal acceptance causing fatigue.,epidemic of gay loneliness,sarcasm,0,0.6658473014831543,0.8000050187110901,-0.1341577172279358,0.8566007614135742,0.017907794590318507,1391.6043701171875,11,0.8461538461538461,0.015339830481304719
1595,"Why appreciate someone only after they leave? Obviously, it's the best management practice.",why appreciate someone only after they leave,rhetorical_question,1,0.8683277368545532,0.6140458583831787,0.2542818784713745,0.8402279019355774,0.260899397956404,596.005126953125,8,0.6153846153846154,0.2192149537611646
1596,Why stay in your comfort zone when you can be uncomfortably enlightened?,why stay in your comfort zone when you can be uncomfortably enlightened,rhetorical_question,1,0.9170503616333008,0.7702787518501282,0.1467716097831726,0.9916530847549438,0.8070557274927982,52.780418395996094,2,0.16666666666666666,0.8003193017373786
1597,Footy McFooty Face: because naming things is hard.,footy mcfooty face,sarcasm,1,0.7924106121063232,0.728241503238678,0.06416910886764526,0.821660041809082,0.0,1679.4791259765625,8,1.0,0.0
1598,author accepts award on ghostwriters' behalf,The author accepts an award on the behalf of ghostwriters.,irony,0,0.927337110042572,0.9468545913696289,-0.019517481327056885,0.9026186466217041,0.06674094719041482,168.9763641357422,5,0.5,0.060241623427262844
1599,"John Stamos has no mercy shading Drake Bell, the feud of the decade.",john stamos has no mercy shading drake bell,overstatement,0,0.6540603637695312,0.5152028203010559,0.13885754346847534,0.9088506698608398,0.18505100105615155,2478.9736328125,9,0.6923076923076923,0.1681837262683023
1600,study: majority of new marine life species now discovered while cleaning oil spills,A study indicates that most new marine life species are discovered while cleaning oil spills.,irony,0,0.8972923159599304,0.866115391254425,0.03117692470550537,0.9753885865211487,0.3290385879986622,144.16641235351562,7,0.4666666666666667,0.3209404832589297
1601,man in suit makes decision affecting thousands of non-suited individuals,A man in a suit makes a decision affecting thousands of non-suited individuals.,satire,0,0.8850097060203552,0.9439079165458679,-0.058898210525512695,0.9764842391014099,0.3706866381788037,61.36624526977539,4,0.3076923076923077,0.3619696598270888
1602,Obama says look to a veteran when cynical? Because veterans always have the answers in a world that keeps failing them.,obama says look to a veteran when cynical,irony,1,0.6203166842460632,0.7615038752555847,-0.14118719100952148,0.9395893812179565,0.13397376788641596,3425.16064453125,15,0.7142857142857143,0.12588032966783572
1603,Save $600 a year with these tips! (By giving up everything fun.),save $600 a year with these tips,overstatement,0,0.6600931882858276,0.6039613485336304,0.056131839752197266,0.8986685276031494,0.30096441267171586,124.66720581054688,7,0.5833333333333334,0.27046724559663754
1604,"'this map will change the way you see westeros,' reports never-ending cascade of subhuman bullshit",A cascade of subhuman bullshit reports that this map will change the way you see Westeros.,sarcasm,0,0.6703162789344788,0.9175906181335449,-0.24727433919906616,0.9463461637496948,0.5423782837718303,164.02587890625,15,0.9375,0.5132776081486149
1605,Best Kimye wedding Instagrams; because their marriage is the epitome of stability.,best kimye wedding instagrams,understatement,0,0.9766186475753784,0.6155940294265747,0.3610246181488037,0.879371702671051,0.010873221263821838,1378.345458984375,11,0.9166666666666666,0.009561603096286087
1606,Miley Cyrus freaks out over Hilary Duff call: Because childhood stars never grow up.,miley cyrus freaks out over hilary duff call,sarcasm,0,0.9101875424385071,0.7646612524986267,0.14552628993988037,0.8179726600646973,0.06493661270537822,258.0982666015625,11,0.7857142857142857,0.053116373830209236
1607,The Kurds' bitter defeat in Iraq is now everyone's problem. Just a minor bump in global politics.,the kurds' bitter defeat in iraq is now everyone's problem,understatement,0,0.9534450769424438,0.9545072913169861,-0.0010622143745422363,0.9240854978561401,0.08723615950587356,156.77041625976562,11,0.6470588235294118,0.08061366988804282
1608,cam girl has ash on forehead,A cam girl has ash on her forehead.,irony,1,0.5387572646141052,0.5761215090751648,-0.03736424446105957,0.9614425301551819,0.5169731539571706,236.12991333007812,3,0.375,0.49703997716288645
1609,"Tom Cotton believes Trump's 'tough guy' act includes waterboarding, how reassuring.",tom cotton says donald trump's 'tough guy' act includes waterboarding,sarcasm,0,0.9789876937866211,0.9388593435287476,0.040128350257873535,0.9467958211898804,0.23769263662838702,367.60382080078125,8,0.7272727272727273,0.22504639508736152
1610,"james fenimore cooper, famed american novelist, dies at 224","James Fenimore Cooper, a famed American novelist, died at 224.",overstatement,1,0.5932215452194214,0.7138862609863281,-0.12066471576690674,0.9544394612312317,0.02777619034011792,83.69556427001953,7,0.7,0.026510692143278287
1611,"Hannity rips Kimmel as 'twisted, creepy weirdo'? So mature and respectful.","hawaii hawaii rips kimmel as 'twisted, creepy weirdo'",sarcasm,0,0.8962653279304504,0.5305808186531067,0.36568450927734375,0.5631863474845886,0.10152774623579155,336.2995300292969,8,0.7272727272727273,0.05717904057087764
1612,"I was, but now I am: words that will change your life, or something.","i was, but now i am",overstatement,1,0.9353736639022827,0.8117964863777161,0.12357717752456665,0.5741662979125977,0.05326021045512112,132.1409454345703,11,0.7857142857142857,0.03058021786306272
1613,area man's mother sizes up new girlfriend's pelvic span,A local man's mother sizes up his new girlfriend's pelvic span.,sarcasm,0,0.8833329677581787,0.9343910813331604,-0.05105811357498169,0.9160498380661011,0.33932513407933634,301.6846008300781,4,0.36363636363636365,0.3108387341251341
1614,Class act: allegedly pleasuring himself near children. Some people's hobbies are just... unique.,class act: allegedly pleasuring himself near children,sarcasm,0,0.7708995342254639,0.9238916039466858,-0.15299206972122192,0.8611353039741516,0.260899397956404,743.6644287109375,8,0.6153846153846154,0.2246696823658611
1615,"experts point to long, glorious history of successful u.s. bombing campaigns",Experts point to a long history of successful U.S. bombing campaigns.,sarcasm,0,0.9807234406471252,0.9576051831245422,0.023118257522583008,0.9557186365127563,0.12278260149096115,16.802509307861328,5,0.45454545454545453,0.11734562048443052
1616,"Breaking news: My internal soundtrack has been upgraded, and you won't believe the change!",breaking news: my internal soundtrack has been upgraded,overstatement,0,0.868630051612854,0.835841178894043,0.032788872718811035,0.9154897928237915,0.17267606045625936,576.3335571289062,9,0.6428571428571429,0.15808317081272938
1617,boss makes lipstick prints on paychecks for valentine's day,A boss makes lipstick prints on his paychecks for Valentine's Day.,sarcasm,0,0.962755024433136,0.9644421935081482,-0.001687169075012207,0.9489425420761108,0.40352786374639904,187.912109375,4,0.36363636363636365,0.3829247568220504
1618,"new, improved olean 30 percent less likely to make you shit in your pants","A new, improved Olean is 30 percent less likely to make you shit in your pants.",overstatement,0,0.5806694626808167,0.7882698178291321,-0.20760035514831543,0.9643681645393372,0.6262844962765468,84.19612121582031,4,0.25,0.6039688301536568
1619,it impossible to tell what sounds will freak out cat,It is impossible to tell what sounds will freak out a cat.,understatement,1,0.5800315737724304,0.6958945989608765,-0.11586302518844604,0.9650298357009888,0.6132297420585351,74.88104248046875,4,0.3333333333333333,0.5917849972257079
1620,Caitlyn Jenner will reportedly attend Trump's inauguration: A beacon of inclusivity in a diverse administration.,caitlyn jenner will reportedly attend donald trump's inauguration,satire,0,0.92181795835495,0.7611575722694397,0.16066038608551025,0.936410665512085,0.05730635957683176,221.85304260253906,12,0.8,0.05366228630941587
1621,Thoughts and prayers: my weekly solution to world problems.,thoughts and prayers,sarcasm,1,0.5342420935630798,0.9472967386245728,-0.4130546450614929,0.7201117277145386,0.015377056977980369,78.85313415527344,8,0.8888888888888888,0.011073199067578345
1622,Obama and Democrats set a trap for Trump. How cunning.,obama and democrats set a trap for donald trump,irony,0,0.924458920955658,0.8952659368515015,0.029192984104156494,0.8851116895675659,0.2824099048856541,346.30853271484375,5,0.5,0.2499643080639569
1623,nabisco tentatively adds hummus to list of approved ritz toppings,Nabisco has added Hummus to the list of approved ritz toppings.,satire,0,0.5566367506980896,0.7143979072570801,-0.15776115655899048,0.9749667644500732,0.24808415001701817,94.83832550048828,6,0.5454545454545454,0.24187380105343878
1624,rubio's new hardline immigration stance: because moderation is for losers,rubio's new hardline immigration stance,sarcasm,0,0.9470410346984863,0.9119645953178406,0.03507643938064575,0.8487620949745178,0.24601580968354606,222.7050018310547,6,0.6,0.20880889402385883
1625,area 8-year-old formally rescinds hunger complaint following mother's insulting banana offer,An 8-year-old formally rescinded a hunger complaint following a mother's insulting banana offer.,irony,0,0.5927891135215759,0.587099015712738,0.005690097808837891,0.9579999446868896,0.1469410625195576,202.26937866210938,5,0.38461538461538464,0.140769529765969
1626,automakers ask nation if it still wants that handle above car windows,Automakers ask the nation if it still wants that handle above car windows.,irony,0,0.8210365176200867,0.7980917692184448,0.022944748401641846,0.9749613404273987,0.6652049901111008,424.43316650390625,3,0.23076923076923078,0.6485491488177133
1627,Pearl Harbor survivors master mannequin challenge: history never looked so motionless,pearl harbor survivors face the challenge of mastering mannequins,satire,0,0.5639315247535706,0.6743799448013306,-0.11044842004776001,0.9125687479972839,0.019201920550239778,493.21697998046875,10,0.9090909090909091,0.01752307259567563
1628,"Victims' families don't care about politics? Right, because grief is so apolitical.",victims' families don't care about politics,irony,0,0.9452912211418152,0.8551194667816162,0.09017175436019897,0.8552916049957275,0.18693159143202892,94.1476821899414,8,0.6666666666666666,0.15988102086030562
1629,"AARP warns about scams—because retirees are never targeted, right?",apr warns about scams in california,understatement,0,0.8521684408187866,0.6594405770301819,0.19272786378860474,0.4744153618812561,0.05236421927181383,423.1773986816406,7,0.7777777777777778,0.024842390035467003
1630,"Britney Spears honored for LGBTQ support, as if her music career needed validation.",britney spears is honored for her support for lgbtq,sarcasm,0,0.9282163977622986,0.8916204571723938,0.036595940589904785,0.9344172477722168,0.035984468898536105,611.514892578125,11,0.8461538461538461,0.03362450839071504
1631,'what a crew!' comments man on instagram photo of fucking backstabbing traitors who couldn't be bothered to invite him to margarita night,A man commented on an instagram photo of fucking backstabbing traitors who couldn't be bothered to invite him to a margarita night.,sarcasm,0,0.818046510219574,0.5877240896224976,0.23032242059707642,0.8462374210357666,0.6476510204001577,50.913352966308594,8,0.36363636363636365,0.5480665292346121
1632,"Nurses break hospital rules to fulfill dying man's wish—rules are meant to be broken, especially at the end.",nurses break hospital rules to fulfill dying man's wish,understatement,0,0.8252720236778259,0.9470682740211487,-0.12179625034332275,0.9117613434791565,0.26707294347290855,789.3338012695312,11,0.6111111111111112,0.24350678574779192
1633,fireworks accident blows off tip of florida,A fireworks accident blows off a tip of Florida.,overstatement,0,0.5576869249343872,0.8794293403625488,-0.3217424154281616,0.9626970887184143,0.3549481056010053,799.0778198242188,3,0.3333333333333333,0.3417075079082041
1634,isis fighter dreading smug looks from hometown friends who told him caliphate sounded like dumb idea,An isis fighter is dreading smug looks from his hometown friends who told him that his caliphate was a dumb idea.,irony,0,0.9076565504074097,0.9191495180130005,-0.01149296760559082,0.9497702717781067,0.3228213880040185,172.72586059570312,8,0.38095238095238093,0.3066061574203623
1635,area woman not good enough artist to justify eccentricities,A local woman is not good enough to justify eccentricities.,satire,1,0.7255472540855408,0.803054690361023,-0.07750743627548218,0.6867654919624329,0.13747081017605653,154.39401245117188,5,0.5,0.09441020858103369
1636,"cops bust filthy, unshaven mark zuckerberg for selling personal data on street corner",Police arrested Mark Zuckerberg for selling personal data on a street corner.,sarcasm,0,0.7459894418716431,0.760694146156311,-0.014704704284667969,0.865257978439331,0.30527785817943404,97.14056396484375,8,0.6153846153846154,0.2641441024306259
1637,HuffPost's thrilling quiz: test your knowledge of utterly riveting news.,huffpost's thrilling quiz,irony,0,0.9134636521339417,0.9087778925895691,0.004685759544372559,0.7739380598068237,0.011018142789200103,2937.8046875,9,0.9,0.008527360052948072
1638,fda prepares nation for switch to digital food format,The FDA prepares the nation for a digital food format.,overstatement,0,0.8784955143928528,0.9606287479400635,-0.0821332335472107,0.9323302507400513,0.06674094719041482,205.146484375,6,0.6,0.06222460402866797
1639,Trump seeks advice from a conspiracy theorist to win votes. Nothing says 'presidential' like that.,donald trump seeks advice from conspiracy theorist to win votes,sarcasm,0,0.932263970375061,0.9493042826652527,-0.01704031229019165,0.8550373315811157,0.2304318198457308,398.6880187988281,9,0.6,0.19702780835227404
1640,"How real is 'Marcomentum'? As real as a unicorn, but with more political spin.",how real is'marcomentum'?,rhetorical_question,1,0.8617170453071594,0.9272865653038025,-0.06556951999664307,0.8622816801071167,0.002904350906583578,1735.04541015625,13,0.9285714285714286,0.0025043685793495153
1641,"Don Cheadle claims Trump used a racial slur? Say it isn't so, he's such a gentleman.",don cheadle claims donald trump used a racial slur,sarcasm,0,0.8069527745246887,0.6976764798164368,0.10927629470825195,0.9211971759796143,0.05859255724531405,1901.88720703125,13,0.8125,0.05397529826780719
1642,"Senator admits tax breaks for journalists, but forgets about the rest of us.",senator admits tax breaks for journalists,irony,0,0.9375063180923462,0.9548322558403015,-0.017325937747955322,0.8861572742462158,0.1582341759519314,711.3617553710938,9,0.6923076923076923,0.14022036605415963
1643,Brooklyn Decker and Andy Roddick expecting baby #2: The baby bump heard 'round the world.,nyc decker and harvey roddick expecting baby #2,overstatement,1,0.6345564723014832,0.7660619616508484,-0.13150548934936523,0.797023355960846,0.02709850435615371,2565.13232421875,12,0.8,0.021598140883461233
1644,"man who will pay $60,000 in medical bills this year can't afford health insurance right now","A man who will pay $60,000 in medical bills this year cannot afford health insurance.",irony,0,0.5885770916938782,0.6912493109703064,-0.10267221927642822,0.93610680103302,0.6295835607918716,26.53422737121582,5,0.3125,0.5893574530758569
1645,new robert altman film released straight to special-edition director's-cut dvd,A new Robert Altman film has been released to a special-edition director's-cut DVD.,irony,1,0.7993581295013428,0.8007893562316895,-0.0014312267303466797,0.9767343401908875,0.04324227075463215,62.181636810302734,8,0.6153846153846154,0.04223621079388134
1646,hero shop saves hundreds from hunger,A hero shop saves hundreds from hunger.,satire,0,0.6781244277954102,0.8024030327796936,-0.12427860498428345,0.9670870900154114,0.6147881529512643,1075.367431640625,2,0.2857142857142857,0.5945536858135878
1647,goose thinking of migrating home a couple weeks early to avoid the crowds,A goose is considering moving home a couple weeks early to avoid crowds.,satire,0,0.6315162181854248,0.5715683698654175,0.059947848320007324,0.8861061930656433,0.48633831680799433,182.1282196044922,6,0.46153846153846156,0.43094739444868463
1648,shy friend experimenting with personality,A shy friend is experimenting with personality traits.,understatement,0,0.7918583154678345,0.8321738839149475,-0.04031556844711304,0.9112569093704224,0.17286039232097053,335.3999938964844,3,0.375,0.1575202268589663
1649,"Your food contains tiny, risky, unlabeled ingredients? What could possibly go wrong with that?","your food contains tiny, risky, unlabeled ingredients",rhetorical_question,1,0.9248775839805603,0.7180020809173584,0.2068755030632019,0.9181075096130371,0.22616792214653433,211.7686767578125,9,0.6428571428571429,0.2076464677563099
1650,"Prison: where even animals get second chances, because rehabilitation is clearly a thing.",prison: where even animals get second chances,irony,0,0.9669288992881775,0.940717875957489,0.026211023330688477,0.8568329811096191,0.260899397956404,400.9118347167969,8,0.6153846153846154,0.2235472089206905
1651,Two questions: 'Do you hate each other?' and 'Why not just break up?',two questions: 'do you hate each other?' and 'why not just break up?',understatement,1,0.9585011005401611,0.954757809638977,0.003743290901184082,1.0000001192092896,0.49735673561245436,25.684648513793945,3,0.23076923076923078,0.49735673561245436
1652,Family happiness in one chart? Simplifying the unsimplifiable.,family happiness in one chart,sarcasm,0,0.5677311420440674,0.6831108331680298,-0.1153796911239624,0.940491795539856,0.14593713362172633,1054.656982421875,5,0.625,0.13725267683583728
1653,Fourth death in Legionnaire's outbreak? Probably just a statistical blip.,fourth death in london's outbreak,understatement,0,0.6948662996292114,0.510036289691925,0.18483000993728638,0.608396589756012,0.0417991745584234,530.0132446289062,8,0.8,0.025430475255961052
1654,"The 8 most important lessons? Like, always wear pants and don't burn bridges. Groundbreaking.",the 8 most important lessons you'll ever learn,satire,0,0.5921004414558411,0.7458932995796204,-0.1537928581237793,0.740021824836731,0.06493661270537822,56.405330657958984,11,0.7857142857142857,0.04805451063295004
1655,"park rangers lance old faithful in effort to pop clogged, inflamed geyser","Park Rangers are urging their old faithful to pop a clogged, inflamed geyser.",irony,0,0.6134018301963806,0.8136550784111023,-0.20025324821472168,0.8322832584381104,0.056910028801226954,153.2300567626953,9,0.6923076923076923,0.047365264208491874
1656,new study finds earth's core will be most habitable part of planet by 2060,A new study indicates that Earth's core will be the most habitable part of the planet by 2060.,overstatement,1,0.5400875210762024,0.5400716066360474,1.5914440155029297e-05,0.9697966575622559,0.23682079130839756,17.905803680419922,7,0.3888888888888889,0.22966801185213248
1657,"Timberlake wants his son inspired by Charlottesville's 'strength'? You know, the Nazi rallies and all.",michael timberlake wants his son inspired by charlottesville's'strength',irony,0,0.8816858530044556,0.5731879472732544,0.30849790573120117,0.8510097861289978,0.2155064730781546,3004.49267578125,11,0.7333333333333333,0.18339811756365496
1658,proud species commits suicide rather than be driven to extinction by humans,A proud species commits suicide rather than is driven to extinction by humans.,satire,0,0.9224498867988586,0.8056918978691101,0.11675798892974854,0.982331395149231,0.5783569866465142,186.5440216064453,3,0.23076923076923078,0.5681382255867755
1659,"School prioritizes hairstyle regulations over education, what a novel approach.",school prioritizes hairstyle regulations over education,sarcasm,0,0.9835182428359985,0.9528763890266418,0.03064185380935669,0.965243935585022,0.2608840516436559,435.6650695800781,6,0.6,0.2518167487398886
1660,prairie dog town rezoned for commercial use,Prairie Dog Town has been rezoned for commercial use.,irony,0,0.7037667036056519,0.5923314094543457,0.11143529415130615,0.9782611131668091,0.11868405219520975,31.787233352661133,6,0.6666666666666666,0.11610399301563357
1661,college freshman decides to be lanyard-wearing kind,A college freshman decides to be a lanyard-wearing type.,satire,0,0.9004409909248352,0.8270778059959412,0.07336318492889404,0.9524176716804504,0.4671379777282001,65.08467864990234,3,0.3333333333333333,0.44491046510140647
1662,FDA approves nasal-spray naloxone—because saving lives should come with extra steps and a co-pay.,fda approves nasal-spray naloxone,sarcasm,0,0.9254487752914429,0.9017937183380127,0.023655056953430176,0.8264089226722717,0.013946604450021922,480.4300537109375,12,0.8571428571428571,0.011525598358478927
1663,"Sephora's spring sale: because your self-worth depends on makeup, obviously.",sephora's spring sale,satire,0,0.9577742218971252,0.6251437067985535,0.3326305150985718,0.6588223576545715,0.011018142789200103,1108.1878662109375,9,0.9,0.007258998809355529
1664,Shake Shack celebrates Will & Grace with boozy shakes—nothing says TV revival like processed food and alcohol.,shake shack celebrates will & grace with boozy shakes,satire,0,0.8714739084243774,0.8040695786476135,0.06740432977676392,0.8767058849334717,0.024793053163370216,4741.52978515625,13,0.7647058823529411,0.021736215613795094
1665,Creating a chemically-free home is easier and cheaper than you think. Just ignore all science and buy expensive alternatives.,creating a chemically-free home is easier and cheaper than you think,sarcasm,0,0.9679670929908752,0.9721472263336182,-0.00418013334274292,0.9340912699699402,0.3798513017037065,54.32442092895508,10,0.5263157894736842,0.3548157848081501
1666,area man a walking encyclopedia of everything except leading a normal life,A local man is a walking encyclopedia of everything except leading a normal life.,sarcasm,0,0.9521880149841309,0.9787759184837341,-0.02658790349960327,0.8720946311950684,0.6115380576901023,103.64717864990234,4,0.2857142857142857,0.5333190568829982
1667,Obama administration violating rights? Say it isn't so. Because they were always so respectful of immigrants. Not.,obama administration violating rights,sarcasm,0,0.6052870750427246,0.918026864528656,-0.3127397894859314,0.7099753618240356,0.00658790946649935,13410.6337890625,15,0.8823529411764706,0.0046772534071418655
1668,Jon Stewart dancing to Drake is the one video you need to see? Your life depends on it.,jon stewart dancing to drake is the one video you need to see,overstatement,0,0.5400394201278687,0.7587822675704956,-0.21874284744262695,0.9336163997650146,0.35434554437313426,245.15464782714844,9,0.5,0.33082281141041986
1669,ralph northam admits he once engaged in pedophilia as part of michael jackson costume,Rahm Northam admits he once engaged in pedophilia as part of Michael Jackson costume.,sarcasm,0,0.7317108511924744,0.8358474969863892,-0.1041366457939148,0.816006064414978,0.5956403592718089,120.19098663330078,5,0.35714285714285715,0.48604614537611235
1670,"trump, putin hold first joint press crackdown",Trump and putin hold the first joint press crackdown.,sarcasm,0,0.8505628705024719,0.9406554102897644,-0.09009253978729248,0.959378719329834,0.14923729480049117,931.69775390625,4,0.4444444444444444,0.1431750847619441
1671,9/11 and the (un)making of the 21st century—because what's a few thousand lives in the grand scheme?,9/11 and the (un)making of the 21st century,irony,0,0.6436244249343872,0.7515842318534851,-0.1079598069190979,0.7984818816184998,0.27299909600490985,43.47743606567383,10,0.5882352941176471,0.21798483185814987
1672,"We're sugar babies, living the glamorous life of paid companionship. So relatable.","we're sugar babies, living the glamorous life of paid companionship",satire,0,0.9772764444351196,0.9746096134185791,0.0026668310165405273,0.9424586296081543,0.6221008431290531,289.2822265625,4,0.3333333333333333,0.5863043080934848
1673,stunned nation mourns as french stewart survives plane crash,The nation mourns as French stewart survives a plane crash.,irony,0,0.5023727416992188,0.6805877089500427,-0.17821496725082397,0.9510630369186401,0.13747081017605653,236.8671112060547,4,0.4,0.13074340621370623
1674,Who needs new Hollywood when old Hollywood was pure genius?,who needs new hollywood when old hollywood was pure genius?,rhetorical_question,0,0.5924655199050903,0.5614744424819946,0.030991077423095703,1.0,0.1535259783865636,510.01947021484375,3,0.3,0.1535259783865636
1675,The man known for his extreme right-wing views might not be right-wing enough for the base. Shocking.,the man known for his extreme right-wing views might not be right-wing enough for the base,irony,1,0.5438075065612793,0.6208977699279785,-0.07709026336669922,0.9494809508323669,0.8089976633967793,28.50082778930664,3,0.17647058823529413,0.7681278706631371
1676,"This Mother's Day, I have a tiny thing to tell my wife.","this mother's day, i have a tiny thing to tell my wife",understatement,1,0.9436256289482117,0.9492840766906738,-0.005658447742462158,0.9818776845932007,0.5156626918239822,94.78298950195312,5,0.4166666666666667,0.5063176898792288
1677,poll finds 68% of iowans turned on by knowledge whole nation watching,A poll shows that 68% of Iowans are turned on by knowledge that people watch.,satire,0,0.9419000744819641,0.9042474031448364,0.037652671337127686,0.9344098567962646,0.20333448190047881,97.01876831054688,8,0.5333333333333333,0.18999774411436907
1678,"Jyothi Rao delves into authenticity, a truly deep topic.",jyothi roo delves into authenticity,sarcasm,1,0.7681663036346436,0.8262184262275696,-0.058052122592926025,0.7397988438606262,0.05105362709447673,992.8247680664062,7,0.7777777777777778,0.03776941429938543
1679,"we in golden age of thing, guy who likes thing reports",A man who likes things reports that we are in the golden age of things.,sarcasm,0,0.9639489054679871,0.9679126143455505,-0.0039637088775634766,0.7304902672767639,0.0925159978069645,106.92373657226562,15,1.0,0.067582035965386
1680,area man has sex with man to get out of office blood drive,A local man has sex with a man to get out of his office blood drive.,sarcasm,0,0.9410275816917419,0.9045073986053467,0.036520183086395264,0.9324960112571716,0.4169392927528885,95.44483947753906,5,0.3125,0.3887942274284547
1681,mom announces plans to get out some of your old baby stuff and quietly stare at it,A mother announces plans to remove some of her old baby's toys and quietly stare at it.,sarcasm,0,0.6818222403526306,0.7272327542304993,-0.04541051387786865,0.7976505756378174,0.23693055763743093,91.07701110839844,8,0.47058823529411764,0.18898779568568586
1682,goodwill employees shaken by gigantic pants,Goodwill employees are shaken by gigantic pants.,understatement,0,0.9646366834640503,0.9682469367980957,-0.00361025333404541,0.9779040217399597,0.17567205239427922,1928.093017578125,3,0.42857142857142855,0.17179040654367855
1683,"Fourteen workout pants that look like real pants, fooling no one but making you feel better.",fourteen workout pants that look like real pants,understatement,0,0.9217365384101868,0.8812700510025024,0.040466487407684326,0.886203408241272,0.2502959502557595,391.9357604980469,10,0.625,0.22181312418564195
1684,bill cosby announces dates for u.s. college commencement tour,Bill Cosby announced dates for the U.S. college commencement tour.,irony,0,0.799885630607605,0.9269487261772156,-0.1270630955696106,0.9713246822357178,0.06311969078225892,101.16178894042969,6,0.6,0.0613097135918944
1685,knicks front office scrambling after zion williamson drafted before 3rd pick,The Knicks front office is scrambling after Zion Williamson was drafted before the third pick.,sarcasm,1,0.636117160320282,0.5783569812774658,0.05776017904281616,0.9644656777381897,0.04841524713034601,259.22015380859375,9,0.6,0.04669484413643111
1686,"California lawmakers reject Confederate flag – finally, a state that recognizes treason isn't heritage.",california lawmakers reject confederate flag,irony,0,0.9384024739265442,0.7993702292442322,0.139032244682312,0.8176066279411316,0.020785234793924575,204.75186157226562,11,0.7857142857142857,0.016994145730825354
1687,20 killer recipes for your Labor Day cookout – these might actually kill you with joy.,20 killer recipes for your labor day cookout,overstatement,1,0.8470056653022766,0.7620319724082947,0.08497369289398193,0.9108436107635498,0.19905304276733932,1342.8294677734375,10,0.625,0.18130619220767463
1688,Trump demands lower drug prices—from the people who profit from high prices. Good luck!,donald trump demands lower drug prices,sarcasm,0,0.9528473615646362,0.9520825743675232,0.0007647871971130371,0.8902235627174377,0.05326021045512112,2091.605224609375,12,0.8571428571428571,0.04741349430243845
1689,"North Korea fires missiles again? Just another Tuesday in East Asia, nothing to worry about.",north korea fires missiles again,understatement,0,0.9844430088996887,0.9492536783218384,0.03518933057785034,0.8736766576766968,0.015377056977980369,3122.510009765625,13,0.8666666666666667,0.013434575745426017
1690,nation's schools to ensure bullied transgender students hide in stalls of bathrooms corresponding to biological sex,Schools are working to ensure transgender students hide in stalls of bathrooms corresponding to biological sex.,sarcasm,0,0.9534873366355896,0.9648993015289307,-0.011411964893341064,0.8541420102119446,0.6262844962765468,67.71322631835938,5,0.3125,0.5349358986142249
1691,gold bracelet picked up at pharmacy,A gold bracelet was purchased at a pharmacy.,understatement,0,0.5823514461517334,0.6050660610198975,-0.022714614868164062,0.9502720832824707,0.06500593260343691,107.25836181640625,5,0.625,0.06177332300078788
1692,Goldblum almost voiced Apple: imagine Siri with a dose of eccentric charm.,goldblum almost voiced apple,satire,1,0.6685431599617004,0.5283073782920837,0.1402357816696167,0.8549360632896423,0.022994063410792204,21752.251953125,10,0.8333333333333334,0.019658454051455092
1693,"Can Bernie Sanders ride fracking to victory in New York? Sure, because environmentalists are known for loving oil extraction.",can bernie sanders ride fracking to victory in new york?,rhetorical_question,1,0.9000294208526611,0.8342690467834473,0.06576037406921387,0.9039764404296875,0.15970651895774382,463.2869873046875,14,0.7368421052631579,0.14437093052083766
1694,Backpage CEO likely to walk on pimping charges? Shield law saves the day—justice triumphs!,backpage CEO likely to walk on pimping charges,irony,0,0.8665853142738342,0.8171624541282654,0.04942286014556885,0.8580882549285889,0.3213863618224058,936.1649169921875,8,0.5714285714285714,0.2757778623740363
1695,"nation savoring every moment of glorious late-february, early-march days",The nation is savoring every moment of glorious late-february and early-march days.,irony,0,0.8504706621170044,0.925051748752594,-0.0745810866355896,0.917471170425415,0.3448444257953326,59.5950813293457,5,0.4166666666666667,0.31638481894912396
1696,Muppets cover N.W.A—because Sesame Street needed more 'fuck the police',muppets cover n.w.a.,irony,0,0.7170827984809875,0.6548242568969727,0.06225854158401489,0.736513614654541,0.011018142789200103,177.5703887939453,9,0.9,0.008115012172453634
1697,beauty industry announces massive new initiative to make women self-conscious about their palms,The beauty industry has launched a new initiative to make women feel self-conscious about their palms.,satire,0,0.9655581712722778,0.9754998683929443,-0.009941697120666504,0.9754882454872131,0.33649324423301513,49.57729721069336,6,0.375,0.32824520443516425
1698,Poll shows millennials eager to pay reparations for slavery—what a selfless generation!,poll shows millennials are eager to pay reparations for slavery,overstatement,0,0.9648821353912354,0.9119704365730286,0.05291169881820679,0.9395641684532166,0.3699033744491308,88.80369567871094,6,0.5,0.3475479564223364
1699,"Kate Mara: it's 'quite an honor' to play a female superhero: groundbreaking, truly.",kate mara: it's 'quite an honor' to play a female superhero,overstatement,0,0.9150916934013367,0.9310073256492615,-0.015915632247924805,0.9535844922065735,0.5658266414297971,116.33040618896484,5,0.38461538461538464,0.539563510544784
1700,fourth-grader with shark tooth necklace must have killed great white,A fourth-grader with a shark tooth necklace may have killed a great white.,sarcasm,1,0.6308869123458862,0.594265341758728,0.0366215705871582,0.9660632610321045,0.11685792587573332,69.64251708984375,5,0.38461538461538464,0.11289214894895888
1701,"An elementary school teacher accused of rape. Just another day in the profession, I suppose.",an elementary school teacher accused of rape,understatement,0,0.9387093186378479,0.7715346813201904,0.16717463731765747,0.8100569844245911,0.19605997334125028,53.699729919433594,10,0.6666666666666666,0.1588197507711789
1702,kerry's face droops with joy over latest polls,Kerry's face is drooping with joy over recent polls.,irony,0,0.9615217447280884,0.9615135788917542,8.165836334228516e-06,0.9083499908447266,0.12753431387594827,134.7058868408203,5,0.5555555555555556,0.1158457928416061
1703,Political dramas are obsolete with Trump's daily reality show.,political dramas are obsolete with donald trump's daily reality show,overstatement,0,0.9514003396034241,0.9524915218353271,-0.0010911822319030762,0.9549291133880615,0.31239399369202553,476.13226318359375,4,0.4,0.29831411942408165
1704,dog finds absolutely perfect place to shit,A dog finds the perfect place to shit.,irony,0,0.9014360308647156,0.9162300229072571,-0.014793992042541504,0.9485212564468384,0.17286039232097053,224.12774658203125,3,0.375,0.16396175651418038
1705,"Behold, 25 profound moments that redefined maternal elegance for us all.",25 profound moments that redefined maternal elegance for us all,satire,1,0.6135219931602478,0.5300528407096863,0.08346915245056152,0.9535263776779175,0.7963580315032781,827.9917602539062,2,0.18181818181818182,0.7593483891140377
1706,Trump axes NASA's greenhouse gas monitor: data is overrated anyway.,donald trump axes nasa's greenhouse gas monitor,irony,0,0.8625842928886414,0.9532496333122253,-0.09066534042358398,0.8090636134147644,0.05035983350735684,2192.470703125,8,0.8,0.04074430886842805
1707,wrinkle-free pants didn't think they'd be tested quite this much,False-free pants did not think they would be tested very much.,satire,0,0.6970705986022949,0.5578413009643555,0.13922929763793945,0.751349925994873,0.04740604259878138,152.63674926757812,8,0.7272727272727273,0.03561852659830419
1708,area man accidentally signs up for aol latino,A local man signs up for an aol latino event.,sarcasm,0,0.8695981502532959,0.9397276043891907,-0.07012945413589478,0.7840930819511414,0.13747081017605653,265.33526611328125,5,0.5,0.10778991122926448
1709,The importance of first responders: Because who needs emergency services when you have a strong WiFi signal and positive thoughts?,the importance of first responders,sarcasm,0,0.7899118661880493,0.9313457608222961,-0.14143389463424683,0.7730594873428345,0.013239118071086523,181.33290100097656,17,0.85,0.010234625828905403
1710,"returning jesus christ downed by u.s. missile defense 30,000 feet before making landfall","Jesus Christ was downed by the U.S. missile defense 30,000 feet before making landfall.",overstatement,0,0.6945858597755432,0.7299453616142273,-0.03535950183868408,0.9161384701728821,0.3934995962231127,53.847076416015625,6,0.42857142857142855,0.3605001180974893
1711,"'without them you could buy anything,' whispers amazon echo as man stares blankly at family","A man stares blankly at his family, saying 'without them you could buy anything'.",satire,0,0.6196456551551819,0.5295921564102173,0.0900534987449646,0.6587496995925903,0.41464419332932695,85.28939819335938,15,1.0,0.27314673779350607
1712,"paul ryan mentally logs 4,613th missed opportunity to put stop to all of this","Paul Ryan reported that he had a 4,613th missed opportunity to stop all of this.",sarcasm,0,0.5153945684432983,0.6830649971961975,-0.16767042875289917,0.8049346208572388,0.20333448190047881,139.09515380859375,10,0.6666666666666666,0.16367096409576498
1713,A series on internet immortality – because your tweets will definitely outlive you.,a series on internet immortality,irony,0,0.8540465235710144,0.8827027678489685,-0.0286562442779541,0.7639026641845703,0.13501633901742352,1831.8480224609375,9,0.6923076923076923,0.10313934108385697
1714,god shuts down andromeda galaxy,God shut down the Andromeda galaxy.,overstatement,0,0.8443441987037659,0.8492271304130554,-0.004882931709289551,0.9397071599960327,0.040824829046386304,239.4842071533203,5,0.8333333333333334,0.038363384160503215
1715,"Sylville Smith's father blames himself for being 'wrong role model' – no pressure, dad, just casual self-blame.",silville smith's father blames himself for being 'wrong role model',understatement,0,0.7125334143638611,0.60099858045578,0.11153483390808105,0.8490427136421204,0.37732323479085006,184.7097625732422,9,0.5294117647058824,0.32036354318704624
1716,Hey NC! Check out NYC's awesome move for trans people—if only you cared.,"hey, nc! check out nyc's awesome move for trans people",sarcasm,0,0.9062114357948303,0.9449167251586914,-0.038705289363861084,0.9708266258239746,0.20577107905082873,176.49745178222656,8,0.6153846153846154,0.1997680423670744
1717,Willam from Drag Race on group breakup – the world wasn't ready for such profound musical tragedy.,willam from drag race on group breakup,overstatement,0,0.5827088356018066,0.702548086643219,-0.11983925104141235,0.7594112157821655,0.04209998943014297,3838.808349609375,13,0.7647058823529411,0.03197120415756119
1718,Marital rape not a crime in India? But at least one judge is trying to change it – Progress!,marital rape not a crime in india,understatement,0,0.9620810747146606,0.7923056483268738,0.16977542638778687,0.8919121026992798,0.11071861994616217,160.07937622070312,14,0.7368421052631579,0.09875127712414392
1719,ghost of brando urges man to finish whole cheesecake,Ghost of Brando urges a man to finish a whole cheesecake.,satire,0,0.5877695679664612,0.713013231754303,-0.1252436637878418,0.9818743467330933,0.11094660471566163,222.62112426757812,5,0.45454545454545453,0.10893562502744498
1720,"Latina Student Faces Backlash for Filming 'Build a Wall' Chant, Because Tolerance is Key",latina student faces backlash for filming 'build a wall' chant,sarcasm,0,0.8555517792701721,0.8762304782867432,-0.020678699016571045,0.9330384731292725,0.016824108947695062,264.214111328125,12,0.8571428571428571,0.01569754092431793
1721,universal remote latest step in area man's plan for total living room domination,Universal Remote is the latest step in a local man's plan for total living room domination.,satire,0,0.9603347778320312,0.9839316606521606,-0.023596882820129395,0.875231146812439,0.3835193624233828,188.14637756347656,7,0.4375,0.3356680913985927
1722,"Finally, Wapo shares photos of Jason Rezaian not in prison – what a relief for everyone.",wapo shares photos of jason rezaian not in prison,sarcasm,0,0.9861595034599304,0.8332635760307312,0.15289592742919922,0.9430183172225952,0.09170230785170237,1362.912353515625,10,0.625,0.08647695603574075
1723,Preparing for retirement after a divorce. Because nothing makes financial planning simpler than splitting all your assets and starting over.,preparing for retirement after a divorce,sarcasm,0,0.6581782102584839,0.8301505446434021,-0.1719723343849182,0.7587883472442627,0.04927463252490113,104.86013793945312,16,0.8,0.03738901697463812
1724,systems administrator would so fuck new trainee,A system administrator would fuck a new trainee.,sarcasm,0,0.5415728092193604,0.5122489333152771,0.029323875904083252,0.9645411372184753,0.06985342056580097,517.2787475585938,5,0.625,0.0673764977111381
1725,You owe me!—the universal cry of the entitled,you owe me!,sarcasm,1,0.5022538304328918,0.8510879278182983,-0.3488340973854065,0.5711613893508911,0.021460411779726157,431.01690673828125,7,0.875,0.012257358608150621
1726,Marry him? Only if you're aiming for a lifetime of 'I told you so',"if you want to'marry him,' you're aiming for a lifetime of 'i told you so'",sarcasm,1,0.8544936180114746,0.8951261043548584,-0.04063248634338379,0.9158863425254822,0.42311785416105785,78.46163940429688,6,0.4,0.38752786390480165
1727,high school suspends hunky student for wearing shirt,High school suspends a student for wearing a shirt.,sarcasm,0,0.8912132382392883,0.8745591640472412,0.01665407419204712,0.8945873379707336,0.14923729480049117,44.99002456665039,4,0.4444444444444444,0.133505794281525
1728,"Paul Ryan crushes a Trump-loving opponent? In the GOP? That's like the pot calling the kettle black, but with more drama.",paul ryan crushes a trump-loving opponent in the gop,irony,0,0.7667392492294312,0.8925957083702087,-0.1258564591407776,0.9052380323410034,0.014793657431561823,276.2828369140625,18,0.8571428571428571,0.013391781344473887
1729,nation not sure what signals it gave off to make candidates think it would be into them,The nation is uncertain what signals it gave off to make candidates think it would be into them.,sarcasm,1,0.7409563064575195,0.6397473812103271,0.10120892524719238,0.8676403164863586,0.7082593633017147,165.42637634277344,4,0.2222222222222222,0.6145143781295266
1730,"Jason Miller declines top job—shocking, since Trump's administration is known for its stability and competence.",samantha miller declines top job after donald trump's obama administration,irony,0,0.9534898400306702,0.9138129949569702,0.03967684507369995,0.7491074800491333,0.02995887070115779,852.5418701171875,13,0.8666666666666667,0.022442414136062124
1731,sad 38-year-old googles 'jobs caring for baby animals',A 38-year-old googles 'jobs caring for baby animals'.,sarcasm,0,0.8715763092041016,0.9082890748977661,-0.03671276569366455,0.9349696636199951,0.6803749333171202,107.9087905883789,2,0.25,0.6361299225389845
1732,look at it: it's goddamn beautiful,Look at it: it's beautiful.,sarcasm,1,0.6546529531478882,0.5887052416801453,0.06594771146774292,0.8805114030838013,0.21771262023986562,24.2061767578125,3,0.5,0.19169844471645486
1733,Terror suspects planned attack; French security impressed.,terror suspects planned attack in france,sarcasm,0,0.8853873610496521,0.8001824617385864,0.08520489931106567,0.8790227770805359,0.07308015504567583,890.4573364257812,5,0.7142857142857143,0.06423912083772611
1734,halloween unfortunately not only night of year area man drunk in firefighter uniform,A local man is drunk in a firefighter uniform for halloween.,understatement,0,0.6513538956642151,0.8363553881645203,-0.18500149250030518,0.857124924659729,0.04969996369966718,214.06192016601562,12,0.9230769230769231,0.042599077641668495
1735,Sammy Davis Jr. smoothly recovers from a tiny on-stage blunder.,sammy daniels jr. recovers from blunder,understatement,1,0.6004055738449097,0.5634669065475464,0.03693866729736328,0.7569819688796997,0.04432535465175531,333.18701171875,8,0.8,0.033553494235576686
1736,"Why does this town have two grenade launchers? For community defense, obviously.",why this town has two grenade launchers,rhetorical_question,0,0.7410129904747009,0.7686874866485596,-0.027674496173858643,0.9262117147445679,0.04836067244628849,371.0957336425781,8,0.6666666666666666,0.04479222135267724
1737,"old, wizened fantasy character confirms that the darkness is rising","An old, wizened fantasy character confirms that the darkness is rising.",satire,0,0.8743153214454651,0.8755935430526733,-0.001278221607208252,0.9806448221206665,0.7860753021519787,118.43666076660156,2,0.18181818181818182,0.7708606748522764
1738,"Under Trump, union rules tilted for employers? Big surprise, given his pro-worker stance.","under trump, union rules tilted for employers",sarcasm,0,0.9661652445793152,0.9046157002449036,0.06154954433441162,0.9062848687171936,0.17447394295753052,2449.0859375,9,0.6923076923076923,0.15812309448783668
1739,doctor informs woman he's overweight,A doctor informs a woman that he is overweight.,sarcasm,0,0.9286091923713684,0.9652383923530579,-0.03662919998168945,0.9527095556259155,0.056122223243057295,82.15592193603516,6,0.6666666666666666,0.05346817836663154
1740,How to clean your grill with aluminum foil and elbow grease – the secret technique chefs hate!,how to clean your grill with aluminum foil and elbow grease,overstatement,1,0.5077571868896484,0.6723940372467041,-0.16463685035705566,0.9635721445083618,0.5176526474654245,75.87007904052734,7,0.4117647058823529,0.4987956716286901
1741,pope francis spends weekend installing stained glass storm windows in st. peter's basilica,Pope Francis spent the weekend installing stained glass storm windows in St. Peter's Basilica.,sarcasm,0,0.7791915535926819,0.9126489162445068,-0.13345736265182495,0.9697993993759155,0.4324227075463215,38.21564483642578,7,0.5,0.4193632820549298
1742,new study finds box still world's most popular container,A new study finds that a box is still the world's most popular container.,understatement,0,0.8750542402267456,0.809307336807251,0.06574690341949463,0.9450002908706665,0.1277566936460511,38.07708740234375,6,0.42857142857142855,0.12073011265619292
1743,daddy issues worked out on dance floor,The daddy issues were discussed on the dance floor.,sarcasm,0,0.7679085731506348,0.6477876901626587,0.12012088298797607,0.8778156042098999,0.06030725360407769,109.59483337402344,5,0.5555555555555556,0.05293864826070312
1744,nursing-home residents mate in captivity,Nursing-home residents mate in captivity.,irony,0,0.7820606231689453,0.8500942587852478,-0.06803363561630249,0.9917925596237183,0.26591479484724945,304.1837158203125,2,0.4,0.26373231502336947
1745,depleted bruegger's bagels gift card living out quiet retirement in wallet's fourth row,A depleted Bruegger's Bagels gift card is enjoying a quiet retirement in his wallet's fourth row.,satire,1,0.7141883373260498,0.5961194634437561,0.1180688738822937,0.9374518394470215,0.0925159978069645,340.4208068847656,8,0.5,0.08672929232241547
1746,Son repays mom's 20 years of care with 20 adventures—because who needs gratitude when you have a scavenger hunt?,son repays mom's 20 years of care with 20 adventures,understatement,0,0.648469090461731,0.916965126991272,-0.268496036529541,0.7847923636436462,0.30892613617413284,322.5683898925781,11,0.5789473684210527,0.24244287259939665
1747,"breaking: fuck, fuck, fuck, this got out of hand","Breaking: Fuck, Fuck, Fuck, this was out of hand.",overstatement,1,0.9487968683242798,0.9295188188552856,0.01927804946899414,0.9780181646347046,0.056122223243057295,44.22810745239258,6,0.6666666666666666,0.05488855377139405
1748,grandson has long hair,Grandfather has long hair.,understatement,1,0.6153618693351746,0.6246004700660706,-0.009238600730895996,0.8266733884811401,0.16990442448471224,592.75341796875,2,0.5,0.14045546630671507
1749,eco-friendly junkies launch needle re-use program,Eco-friendly junkies have launched a needle re-use program.,satire,0,0.9477155804634094,0.9578947424888611,-0.01017916202545166,0.8728268146514893,0.06500593260343691,188.7876739501953,5,0.625,0.056738921087707235
1750,specifics of hostile takeover fiercely boring,The specifics of a hostile takeover are often boring.,understatement,0,0.9441094398498535,0.8582977056503296,0.08581173419952393,0.9335211515426636,0.07171781507224269,127.48176574707031,5,0.5555555555555556,0.06695009731236379
1751,Hugh Hefner fans thank him for the articles: because Playboy was always about the thought-provoking content.,hugh hefner fans thank him for the articles he wrote,satire,0,0.9591487050056458,0.9539589881896973,0.005189716815948486,0.7919672727584839,0.21558125124241434,321.3305969238281,11,0.6875,0.1707332956043164
1752,report: america ready for third ketchup brand,A report states that America is ready for a third brand of ketchup.,irony,0,0.8825516700744629,0.8843851685523987,-0.001833498477935791,0.9502730369567871,0.039073802494525016,85.80500793457031,10,0.7692307692307693,0.03713078096192197
1753,"despite armie hammer profile in 'good housekeeping' magazine, 'lone ranger' a flop at box office","Despite Armie Hammer's profile in 'Good Housekeeping' magazine, 'Lone Ranger' is a flop at the box office.",irony,1,0.8234732151031494,0.6869398355484009,0.13653337955474854,0.9218295812606812,0.07786777655685517,35.71181869506836,10,0.5882352941176471,0.07178081985710609
1754,scientists announce shrimp just as dumb as they thought,Scientists say shrimp are not as dumb as they thought.,satire,0,0.9327213764190674,0.8123804330825806,0.12034094333648682,0.9073145389556885,0.2777619034011791,55.52812194824219,5,0.5,0.2520174133238953
1755,"Fear is such a hilarious concept, everyone's laughing.",fear is a hilarious concept,sarcasm,0,0.9689738154411316,0.9362859129905701,0.03268790245056152,0.8886560201644897,0.06900940978236146,486.4809265136719,5,0.625,0.06132562745109374
1756,"John Kasich decides not to run in 2020, sparing us from another candidate.",john kasich decides not to run in 2020,sarcasm,1,0.609801709651947,0.7991843223571777,-0.1893826127052307,0.9036482572555542,0.276715788893083,151.0858917236328,8,0.6153846153846154,0.2500537403883303
1757,20 struggles every tall girl knows: like being a human giraffe and never fitting in cars.,20 struggles every tall girl knows,overstatement,0,0.8256348967552185,0.8470673561096191,-0.021432459354400635,0.8368780612945557,0.14351442318493668,7250.70556640625,11,0.6875,0.12010407224281625
1758,"Massachusetts is the best place for women, if you're into that whole equality thing.",massachusetts is the best place for women,sarcasm,0,0.6121832728385925,0.9866634607315063,-0.3744801878929138,0.9189363718032837,0.22616792214653433,75.61138153076172,9,0.6428571428571429,0.2078339297956238
1759,obama to wait for next bruce springsteen album for word on economy,President Obama will wait for the next album of Bruce Springsteen to discuss economic issues.,satire,0,0.9129682779312134,0.930419385433197,-0.017451107501983643,0.8766384720802307,0.03514847831369806,74.80345916748047,12,0.8,0.03081250832486539
1760,Who has solved the student debt crisis? Certainly not us.,who has solved the student debt crisis?,rhetorical_question,1,0.5989684462547302,0.8694788217544556,-0.27051037549972534,0.9303355813026428,0.5270837136273565,125.52491760253906,4,0.4,0.49036473311266243
1761,So we should just accept it? Great diplomatic strategy.,so we should just accept it,rhetorical_question,0,0.9848572015762329,0.6849726438522339,0.299884557723999,0.6901108622550964,0.3081980909598119,76.17792510986328,5,0.5555555555555556,0.21269085029765042
1762,Making a living and a loving: the romantic ideal that ignores rent and reality TV.,making a living and a loving,sarcasm,0,0.8971685171127319,0.6101552844047546,0.2870132327079773,0.5903998613357544,0.11337974147240094,76.25115203857422,11,0.7333333333333333,0.0669393836435892
1763,gunman opens fire in own mcdonald's,A gunman opened fire in his own McDonald's.,sarcasm,0,0.5062794089317322,0.6584586501121521,-0.15217924118041992,0.9288527965545654,0.06985342056580097,75.66822814941406,4,0.5,0.06488354504144643
1764,Rescued lion obsessed with blankets since baby – he's basically a security blanket addict.,rescued lion obsessed with blankets since baby,overstatement,1,0.7601370811462402,0.7171614766120911,0.04297560453414917,0.8830717206001282,0.29765372490051634,3798.541748046875,8,0.5714285714285714,0.2628495869909362
1765,woman's parents accepting of mixed-attractiveness relationship,A woman's parents are accepting of a mixed-attractiveness relationship.,satire,0,0.9264019131660461,0.9301928877830505,-0.0037909746170043945,0.9583501219749451,0.07583235673413397,130.51910400390625,4,0.4444444444444444,0.07267394832580483
1766,Three minutes of breathing ends work stress. Who needs vacations?,three minutes of breathing ends work stress,overstatement,0,0.8406567573547363,0.9663182497024536,-0.12566149234771729,0.7884001731872559,0.4004970149398301,5860.0244140625,5,0.5,0.31575191593954105
1767,"Trump's 'do not congratulate' blunder is the meme to end all memes, surpassing all previous internet failures.",donald trump's 'do not congratulate' blunder is the meme to end all memes,overstatement,0,0.8971827030181885,0.8383343815803528,0.05884832143783569,0.9448245763778687,0.5411893503706742,151.12530517578125,8,0.47058823529411764,0.5113289987041861
1768,Kim Kardashian just wore her most confusing look yet – I'm utterly baffled.,kim kardashian just wore her most confusing look yet,overstatement,0,0.6621693968772888,0.7415795922279358,-0.07941019535064697,0.9528357982635498,0.46548383647045716,627.6674194335938,6,0.46153846153846156,0.4435296629021077
1769,To your health! Cheers from the fast-food line and soda machine.,to your health,irony,1,0.9702900648117065,0.6668974161148071,0.3033926486968994,0.4864403009414673,0.007894844292834697,613.6001586914062,10,0.9090909090909091,0.0038403704336925355
1770,Weekend roundup: Orlando shooting shows clash of civilizations within—let's oversimplify complex tragedies!,weekend roundup: orlando shooting shows clash of civilizations within,sarcasm,0,0.6196844577789307,0.8528454899787903,-0.23316103219985962,0.9370611906051636,0.3347189874003768,985.9669799804688,6,0.5,0.31365217285155184
1771,This will make you never want to check a bag—unless you enjoy losing your stuff.,this will make you never want to check a bag,irony,0,0.6144692897796631,0.5547909140586853,0.05967837572097778,0.8965094685554504,0.4608636396914616,67.82086181640625,7,0.4666666666666667,0.4131686166963228
1772,'what about that whole birth certificate thing?' romney suggests to staff,Romney suggests to staff about the whole birth certificate thing.,sarcasm,0,0.6554346084594727,0.8912937641143799,-0.23585915565490723,0.9644910097122192,0.165199954911009,221.2274627685547,10,0.9090909090909091,0.15933387131653215
1773,overweight woman encased in geo metro,An overweight woman is encased in a geo metro.,understatement,0,0.6451323628425598,0.7231501340866089,-0.07801777124404907,0.9630805850028992,0.07583235673413397,540.748046875,4,0.4444444444444444,0.07303267048565829
1774,super fan attends screening of 'infinity war' dressed as marvel's vp of marketing,A super fan attended a screening of 'Infinity War' dressed as Marvel's VP of Marketing.,satire,0,0.9487943649291992,0.9042515754699707,0.044542789459228516,0.9565929174423218,0.050317476265301385,86.39546966552734,8,0.5333333333333333,0.04813334141895943
1775,panicked studio delays 'man of steel' to get more shots of people looking up in awe,A panicked studio delays 'Man of Steel' to get more shots of people looking up in awe.,satire,0,0.9338053464889526,0.9394579529762268,-0.00565260648727417,0.9740895628929138,0.5749089871602278,250.2540740966797,4,0.23529411764705882,0.5600128440061141
1776,Twitter's new anti-troll measure is 'perfectly timed'. If you enjoy watching the barn door get nailed shut five years after the horse bolted.,twitter's new anti-troll measure is 'perfectly timed',sarcasm,0,0.9470393061637878,0.9455047249794006,0.001534581184387207,0.7811914682388306,0.06252481112728754,87.70140838623047,18,0.782608695652174,0.048843849005881325
1777,new evidence suggests humans may have been dipping crunchy things into gooey things earlier than previously thought,New evidence suggests humans may have been dipping crunchy things into gooey things earlier than previously thought.,satire,0,0.528409481048584,0.5337758660316467,-0.005366384983062744,0.9902347326278687,0.8702397637697912,54.97968292236328,2,0.11764705882352941,0.8617416397987188
1778,trump turns on fox news and tells aides to make whatever they're saying a law,Trump turns on Fox News and tells aides to make whatever they are saying a law.,satire,0,0.9642547965049744,0.9610005021095276,0.0032542943954467773,0.9798928499221802,0.37239098949398236,127.59317779541016,6,0.375,0.364903267980599
1779,study: other countries weird,A study indicates that other countries are strange.,overstatement,0,0.907645046710968,0.9081311225891113,-0.00048607587814331055,0.7590271830558777,0.05873949094699214,335.3267517089844,6,0.75,0.04458487034763167
1780,writer unwilling to admit his screenplay perfect fit for justin long,A writer is unwilling to admit his screenplay is suitable for justin long.,sarcasm,1,0.6462348699569702,0.651159405708313,-0.0049245357513427734,0.913936972618103,0.3438931217657843,425.016845703125,5,0.38461538461538464,0.3142966386108096
1781,13 reasons to feel hopeful? Let's count the ways this month is terrible instead.,13 reasons to feel hopeful,irony,0,0.570569634437561,0.6963741183280945,-0.12580448389053345,0.7937244176864624,0.11054202892156728,527.197509765625,10,0.7142857142857143,0.08773990753565107
1782,area man unsure if he's supposed to want hugo chavez to die or not,A local man is uncertain if he wants Hugo Chavez to die or not.,sarcasm,1,0.8675930500030518,0.6433935761451721,0.22419947385787964,0.9307556748390198,0.08032276872815308,74.50810241699219,11,0.7857142857142857,0.07476087281251063
1783,man attempting to determine whether restaurant closed without getting too close,A man is trying to determine if a restaurant is closed without getting too close.,understatement,0,0.6339868903160095,0.6479976177215576,-0.014010727405548096,0.9517529010772705,0.2102369368326755,71.4903335571289,7,0.4666666666666667,0.20009361454409777
1784,report: getting out of bed in morning sharply increases risk of things getting even worse,A report indicates that getting out of bed in the morning increases the risk of worsening things.,overstatement,0,0.706593930721283,0.6839115619659424,0.022682368755340576,0.9207320213317871,0.26220676436185975,51.982032775878906,11,0.6470588235294118,0.24142216415776271
1785,nation urged to be extra sensitive to men reliving trauma of not getting something,The nation is urged to be more sensitive to men reliving the trauma of not getting something.,irony,0,0.8894307017326355,0.8566136956214905,0.03281700611114502,0.9575599431991577,0.360056585428503,108.05347442626953,5,0.29411764705882354,0.3447757634914
1786,unstable couple playing with fire by organizing game night,An unstable couple is playing with fire by organizing a game night.,irony,0,0.7104468941688538,0.9136012196540833,-0.2031543254852295,0.9470958709716797,0.37700638045494705,166.68495178222656,4,0.3333333333333333,0.3570611862588585
1787,millionaire thinks of self as upper-middle class,A millionaire considers himself an upper-middle class.,understatement,0,0.9379574060440063,0.9409794807434082,-0.0030220746994018555,0.9267281293869019,0.039281465090051315,97.7055435180664,6,0.8571428571428571,0.036403238662480145
1788,corn lobby tightens the screws,The corn lobby tightens the screws.,sarcasm,0,0.6896950602531433,0.8279628157615662,-0.13826775550842285,0.9616509675979614,0.5081327481546147,364.974853515625,2,0.3333333333333333,0.4886463489310965
1789,coworkers unable to put finger on what's weird about gary,Coworkers are unable to discern what is weird about Gary.,understatement,0,0.8489276170730591,0.6170703768730164,0.23185724020004272,0.8653379678726196,0.06311969078225892,117.8206558227539,7,0.7,0.05461986495426805
1790,Tom Cruise's ankle-breaking stunt in slow-mo; he risks it all for art.,tom cruise's ankle-breaking stunt in slow-mo,overstatement,0,0.8586983680725098,0.8378364443778992,0.020861923694610596,0.8925964832305908,0.0743306114738671,424.02069091796875,9,0.75,0.06634724239795319
1791,"The last broadcast? Good riddance, if it was anything like the noise before.",the last broadcast,understatement,0,0.5771601796150208,0.6189335584640503,-0.04177337884902954,0.6948128342628479,0.004820270533339258,3312.464599609375,12,0.9230769230769231,0.0033491858311831394
1792,officemates unwittingly spend entire workday talking to each other on grindr,Officemates spend their entire day talking to each other on grindr.,sarcasm,0,0.9435355067253113,0.9533708095550537,-0.009835302829742432,0.8720622062683105,0.38163309113713373,103.17296600341797,5,0.45454545454545453,0.3328077954420441
1793,pope francis worried about job security after butting heads with new god,Pope Francis is concerned about job security after arguing with a new god.,sarcasm,0,0.8955971598625183,0.9667801260948181,-0.0711829662322998,0.9324378967285156,0.21401603033752975,303.2234191894531,8,0.6153846153846154,0.19955665719411242
1794,coroner's report concludes alton sterling died of institutionalized causes,Coroner's report concludes that John Sterling died from institutionalized causes.,sarcasm,1,0.6223698258399963,0.6948979496955872,-0.07252812385559082,0.8263463973999023,0.05307712171072445,134.41075134277344,6,0.6,0.04386008831001329
1795,netflix adds thousands of mediocre new subscribers,Netflix has added thousands of mediocre new subscribers.,irony,0,0.9732003211975098,0.9577797055244446,0.015420615673065186,0.9544937610626221,0.345720784641941,218.9022216796875,4,0.5,0.32998833201040706
1796,hollywood maintenance crews sent out to patch up film industry's plotholes,Hollywood maintenance crews are deployed to patch up the plot holes in the film industry.,satire,0,0.9801596403121948,0.9786469340324402,0.0015127062797546387,0.9165469408035278,0.08609583710384033,118.82091522216797,10,0.6666666666666666,0.07891087611344372
1797,Arab power meets smart power: where oil meets empty phrases.,arab power meets smart power,irony,0,0.8067470788955688,0.8296244144439697,-0.02287733554840088,0.8592677712440491,0.09782458612762486,10602.19140625,7,0.7,0.08405751409475573
1798,woman ejected from bed in cracker-eating incident,A woman was ejected from her bed during a cracker-eating incident.,overstatement,0,0.5501868724822998,0.5405520796775818,0.009634792804718018,0.9699938893318176,0.05012578715739066,88.1104736328125,6,0.5454545454545454,0.04862170724061624
1799,Restaurant bans tips to pay livable wage: because who needs customer generosity anyway?,restaurant bans tips to pay livable wage,irony,0,0.8276718258857727,0.9381454586982727,-0.1104736328125,0.8763689994812012,0.260899397956404,627.6102294921875,8,0.6153846153846154,0.22864414435230151
1800,These girl scouts want something done about Flint's water crisis – because nothing says 'environmental justice' like selling Thin Mints.,these girl scouts want something done about flint's water crisis,sarcasm,0,0.9525579214096069,0.8913127779960632,0.0612451434135437,0.797935962677002,0.2138964145957684,920.0487670898438,12,0.6,0.1706756414936336
1801,"Violence Erupts at Pro-Trump Rally? How Unexpected, Given the Peaceful Vibes.",violence erupts at pro-trump rally,sarcasm,0,0.9146199822425842,0.8995097279548645,0.015110254287719727,0.9067873954772949,0.016182712188007015,121.89362335205078,10,0.9090909090909091,0.014674279436721557
1802,mommy having sleepover,A mother is having a sleepover.,irony,0,0.6456950306892395,0.6273276209831238,0.018367409706115723,0.7069522142410278,0.040824829046386304,89.68256378173828,5,0.8333333333333334,0.028861203290354225
1803,"Shocked? Really? After years of questionable comedy, who saw that coming?",'shocked': 'i'm a samantha samantha i'm a samantha i'm a samantha i'm a samantha i'm a samantha i'm a samantha i'm a samantha i'm a samantha i',sarcasm,1,0.651486873626709,0.8817660212516785,-0.23027914762496948,0.2585435211658478,0.0,5.658971309661865,27,1.0,0.0
1804,These moderately interesting 360-degree photos might slightly remind you of a vacation.,these moderately interesting 360-degree photos might remind you of a vacation,understatement,1,0.5596402883529663,0.5576246976852417,0.0020155906677246094,0.9911477565765381,0.5366551979187751,122.25167083740234,3,0.25,0.531904595472332
1805,Kate Hudson's vocal triumph on Prince's classic redefines music forever,kate hudson's vocal triumph on prince's classic redefines music,overstatement,0,0.6621142625808716,0.5596579909324646,0.10245627164840698,0.960381031036377,0.17861170664603615,1370.815673828125,4,0.4,0.1715352949838871
1806,michael cohen granted prison work release for new job with trump 2020 campaign,Michael Cohen granted a prison work release for a new job with the Trump 2020 campaign.,irony,0,0.882926344871521,0.8755910396575928,0.007335305213928223,0.9578299522399902,0.23578316044531802,177.65347290039062,7,0.4375,0.22584017330833292
1807,Hollywood executive: 'We should have done more to stop Harvey Weinstein' – said everyone after it was too late.,hollywood executive: 'we should have done more to stop harvey weinstein',satire,0,0.8634169697761536,0.7749665975570679,0.0884503722190857,0.8742309808731079,0.23188918537888742,212.11520385742188,12,0.631578947368421,0.20272470998765071
1808,green party official caught embezzling campaign funds for dime bag,A Green Party official caught embezzling campaign funds for a dime bag.,satire,0,0.770621120929718,0.7304356694221497,0.04018545150756836,0.9472748041152954,0.43361890903486755,85.77375793457031,5,0.4166666666666667,0.4107562671166923
1809,11 great things about preschoolers: like miniature humans who destroy everything.,11 great things about preschoolers,overstatement,0,0.9861878752708435,0.9839374423027039,0.0022504329681396484,0.8285033702850342,0.20142070913129906,504.5609130859375,7,0.6363636363636364,0.16687773636048284
1810,Planned Parenthood apologizes for undercover video statements—a masterclass in damage control under pressure.,planned parenthood apologizes for undercover video statements,satire,0,0.9863944053649902,0.9758753776550293,0.010519027709960938,0.9054237604141235,0.17447394295753052,1150.66650390625,9,0.6923076923076923,0.15797285352688656
1811,rash of high-speed chases threatens local fruit stand,A high-speed chase threatens a local fruit stand.,satire,0,0.7236371636390686,0.7981454730033875,-0.07450830936431885,0.8470052480697632,0.06985342056580097,121.1242446899414,5,0.625,0.05916621381485775
1812,Actors dating costars: the scandal that defines Hollywood decadence.,actor's dating costars is a scandal that defines hollywood decadence,overstatement,0,0.9602496027946472,0.9714713096618652,-0.011221706867218018,0.963191032409668,0.1122444464861146,634.042236328125,6,0.6,0.10811284429321245
1813,Vice president Pence pushes expansive NATO and defense of European micro-states: does president Trump even know where Europe is?,vice president pence pushes expansive nato and defense of european micro-states,rhetorical_question,0,0.601725161075592,0.9437956809997559,-0.3420705199241638,0.8735017776489258,0.05933163257416768,771.0132446289062,13,0.6842105263157895,0.051826286524348376
1814,rick gates fondly recalls manafort finding him as hapless street urchin and teaching him how to pickpocket,Rick Gates recalls Manafort finding him as hapless street urchin and teaching him how to pickpocket.,satire,0,0.6889218688011169,0.832309365272522,-0.14338749647140503,0.9595721960067749,0.626490331607617,187.99078369140625,5,0.29411764705882354,0.6011627032777337
1815,study: uneducated outbreeding intelligentsia 2-to-1,A study indicates that an unqualified outbreeding intelligentsia is 2-to-1.,overstatement,1,0.5186909437179565,0.5641805529594421,-0.045489609241485596,0.8731637001037598,0.0446323613785333,117.68124389648438,8,0.8,0.038971357805648275
1816,Simple Sicilian swordfish? Because Italian cuisine is notoriously simple. Not.,simple sicilian swordfish,understatement,1,0.6566566824913025,0.5441966652870178,0.11246001720428467,0.8231257200241089,0.0,459.125,10,1.0,0.0
1817,"gifted, passionate student really stretching limits of school's resources","A gifted, passionate student is stretching the limits of the school's resources.",sarcasm,1,0.57157963514328,0.6791008710861206,-0.10752123594284058,0.9292133450508118,0.11530568323789493,75.28482055664062,5,0.4166666666666667,0.10714357962485367
1818,A minor incident: eight people politely detained as police gently dismantle a camp.,a minor incident: eight people detained as police dismantle a camp,understatement,0,0.9033427834510803,0.721479058265686,0.1818637251853943,0.9295779466629028,0.31530788046040353,416.55584716796875,4,0.3076923076923077,0.2931032520850139
1819,burger king unveils new low-fat cashier,Burger King unveils a new low-fat cashier.,satire,0,0.9350090026855469,0.9591397047042847,-0.024130702018737793,0.9741857051849365,0.07730551756939454,122.82616424560547,4,0.5714285714285714,0.07530993014802712
1820,"Democrats reopen government without dreamer protections, showing their commitment to... compromise?",democrats reopen government without dreamer protections,sarcasm,0,0.8947052359580994,0.7856533527374268,0.10905188322067261,0.8817446231842041,0.22083358203177395,5526.41357421875,7,0.6363636363636364,0.19471882357502454
1821,all flights grounded after faa officials suddenly realize that man was not meant to fly,Flights grounded after faa officials realized that a man was not meant to fly.,overstatement,0,0.9425837397575378,0.7721667289733887,0.17041701078414917,0.9422861337661743,0.4257110866884422,250.6506805419922,6,0.4,0.4011416539770489
1822,Milo Ventimiglia tries to defend Crock-Pot on Ellen – the slow cooker's savior has arrived.,milo ventimiglia tries to defend crock-pot on ellen,satire,0,0.9111883044242859,0.7426067590713501,0.1685815453529358,0.8780645132064819,0.06157969090353148,383.6144104003906,11,0.7333333333333333,0.05407094131661499
1823,Michael Bolton crooning John Bolton's war chants is oddly soothing—like a lullaby for impending global conflict.,michael bolton crooning john bolton's war chants is oddly soothing,satire,0,0.9438577890396118,0.9014394283294678,0.04241836071014404,0.9249310493469238,0.15243896465019202,1761.2015380859375,11,0.6875,0.14099553153526073
1824,"Burglary suspect falls through restaurant ceiling, ruins dinner: The most unexpected dinner party crash.","burglary suspect falls through restaurant ceiling, ruins dinner",overstatement,0,0.5910192728042603,0.5006715655326843,0.09034770727157593,0.9184845685958862,0.3340135926488844,1168.372314453125,7,0.5,0.3067863305492727
1825,clinton assures tim kaine she'll continue serving as president in event of her death,Clinton assures Tim Kaine that she will continue serving as president in the event of her death.,sarcasm,0,0.7195847630500793,0.7449424266815186,-0.02535766363143921,0.9640972018241882,0.2948993986902436,23.4932804107666,8,0.47058823529411764,0.2843116850968996
1826,"Trump ominously tweets 'only one thing will work'? Let's all guess his mysterious, peaceful solution—or not.",donald trump ominously tweets 'only one thing will work',sarcasm,0,0.5138543844223022,0.897111713886261,-0.38325732946395874,0.8897861242294312,0.2698643903177272,253.73179626464844,11,0.6875,0.2401215899283489
1827,Corbett's friend messes with endorsements – democracy at its finest.,corbett's friend messes with endorsements,sarcasm,0,0.9781641960144043,0.8261343836784363,0.15202981233596802,0.7982604503631592,0.24601580968354606,1020.2933349609375,6,0.6,0.19638469103444472
1828,family upgrades to shells & cheese,Family upgrades include shells & cheese products.,understatement,0,0.5108417868614197,0.7625712752342224,-0.25172948837280273,0.919459879398346,0.17567205239427922,2386.24609375,3,0.42857142857142855,0.16152340410810387
1829,biden urges paul ryan to check out nude scene from 'porky's' on phone,Joe Biden urges Paul Ryan to check out a nude scene from 'Porky's' on the phone.,sarcasm,0,0.7143721580505371,0.689081609249115,0.02529054880142212,0.9539265036582947,0.11002068284361832,112.27696228027344,8,0.5,0.10495164531511095
1830,newly discovered dna evidence suggests children could be closely related to humans,DND evidence suggests children could be closely related to humans.,irony,0,0.769978940486908,0.6679973602294922,0.10198158025741577,0.8444388508796692,0.6221008431290531,256.8543395996094,4,0.3333333333333333,0.525326121103171
1831,girl finally speaking up enough for people to critique her speaking voice,A girl is finally speaking enough for people to critique her speaking voice.,sarcasm,0,0.8644781112670898,0.8884681463241577,-0.02399003505706787,0.9418984055519104,0.5344445934790545,252.89508056640625,4,0.3076923076923077,0.5033925104537603
1832,Millennials in Cuba: because Florida was too mainstream.,millennials in cuba,satire,0,0.9353562593460083,0.8280020356178284,0.10735422372817993,0.8377904891967773,0.021460411779726157,1458.1844482421875,7,0.875,0.01797932888330106
1833,Americans dislike media and Trump—who saw that coming? Everyone.,americans dislike media and donald trump,rhetorical_question,0,0.7995400428771973,0.9472306370735168,-0.14769059419631958,0.8683912754058838,0.1225504602011117,2505.69189453125,6,0.6666666666666666,0.10642175043562138
1834,"As a millennial, my election issues include: student debt, climate change, and why my coffee is cold.","as a millennial, my election issues include student debt, climate change",satire,1,0.641208827495575,0.6675446629524231,-0.026335835456848145,0.8897281885147095,0.27196537230035683,113.4711685180664,9,0.5294117647058824,0.24197525803552503
1835,otherwise savvy woman duped by mascara makers again,A woman who is otherwise savvy is duped by mascara makers again.,sarcasm,0,0.8757376074790955,0.8141272664070129,0.06161034107208252,0.9364997148513794,0.2620251007173262,278.1997375488281,6,0.5,0.24538643210567995
1836,god completely fucked up after huffing gaseous planet,God is completely fucked up after destroying a gaseous planet.,satire,0,0.6413348913192749,0.9202766418457031,-0.2789417505264282,0.85394686460495,0.2777619034011791,118.42886352539062,5,0.5,0.2371939065161399
1837,"lone, weak bystander targeted by pack of female friends who want their picture taken","A single, weak bystander is targeted by a group of female friends who want their picture taken.",irony,0,0.8223564624786377,0.8411535024642944,-0.01879703998565674,0.9454547166824341,0.4189682543330228,72.68643188476562,6,0.35294117647058826,0.3961155121993621
1838,laptop guy at coffee shop nine times out of ten,A laptop man at a coffee shop is nine times out of ten.,overstatement,0,0.8319811224937439,0.8321224451065063,-0.00014132261276245117,0.864898145198822,0.24712442545253582,158.20315551757812,5,0.38461538461538464,0.2137374572072228
1839,5 fun tips to prevent summer slide—as if kids ever stop learning.,5 fun tips to prevent a summer slide,understatement,1,0.7026941776275635,0.7242864966392517,-0.021592319011688232,0.9071331024169922,0.3281829856080946,645.1998901367188,7,0.5833333333333334,0.297705649895142
1840,"alan alda realizes it's less important than what's going on, but wonders if people know he's getting sag life achievement award","Alan Alda realizes it's less important than what's going on, but wonders if people know he's getting a sag life achievement award.",satire,0,0.8528578877449036,0.8679224848747253,-0.015064597129821777,0.980252742767334,0.7245511487202049,112.61438751220703,4,0.18181818181818182,0.7102432508082034
1841,Emergency wisdom? Who needs it when you have panic?,emergency wisdom,rhetorical_question,1,0.8977000117301941,0.6924375891685486,0.2052624225616455,0.7494148015975952,0.0,38211.17578125,9,1.0,0.0
1842,"Finally, an interactive globe to solve the earth-shattering mystery of global beer consumption.",this interactive globe will solve the mystery of global beer consumption,sarcasm,0,0.8680114150047302,0.8614916801452637,0.006519734859466553,0.9541499614715576,0.2643191130222548,256.88775634765625,5,0.38461538461538464,0.2522000715063807
1843,'that's it? what the heck was that?' says dad in scorched-earth review of movie you suggested family watch together,A father says 'that's it? what the heck was that?' in a scorched-earth review of a movie you suggested family watch together.,sarcasm,1,0.833890974521637,0.6268173456192017,0.2070736289024353,0.9506601691246033,0.5004948220431948,76.02297973632812,8,0.36363636363636365,0.4758004921695718
1844,'Tis the season for the groundbreaking 'Jingle Butts' video—a musical revolution we've all awaited.,'tis the season for the groundbreaking 'jingle butts' video,overstatement,0,0.6892297267913818,0.7731260657310486,-0.08389633893966675,0.91169273853302,0.2560797001652275,303.7333679199219,9,0.6428571428571429,0.23346600312635093
1845,Adding stress relief to your to-do list: the perfect way to stress about not having time for it.,adding stress relief to your to-do list,irony,0,0.9389991164207458,0.7477076053619385,0.19129151105880737,0.9095900058746338,0.12772112425298793,74.55583190917969,13,0.7222222222222222,0.11617385815959012
1846,Faith groups rally against racism on the anniversary of MLK's death – because nothing says progress like repeating history.,faith groups rally against racism on the anniversary of mlk's death,irony,0,0.9321251511573792,0.8567268252372742,0.07539832592010498,0.9179675579071045,0.337740874348092,157.70770263671875,10,0.5263157894736842,0.31003516563072825
1847,newly unearthed journals reveal j. robert oppenheimer annoyed trinity test researchers by quoting 'bhagavad gita' every time they did anything,Journals reveal J. Robertoppenheimer annoyed trinity test researchers by quoting 'Bhagavad Gita' every time they did anything.,satire,0,0.8683648705482483,0.8509481549263,0.017416715621948242,0.8503374457359314,0.3675667565747676,263.0284729003906,9,0.45,0.3125557769232288
1848,"Senate Report on CIA Torture is Accurate: Mildly Disturbing, But Move Along",senate report on cia torture is akcurate,understatement,0,0.7327954173088074,0.9172135591506958,-0.18441814184188843,0.8922962546348572,0.019229913610012243,3696.103759765625,10,0.8333333333333334,0.01715877989116579
1849,kidnapping going pretty smoothly,The kidnapping process is smooth.,irony,0,0.9864686727523804,0.9849424362182617,0.0015262365341186523,0.8851104378700256,0.05372849659117709,847.0201416015625,4,0.8,0.04755565314391493
1850,A GOP strategist calls Trump a 'little child' – is that really the best insult we have nowadays?,gop strategist calls donald trump a 'little child',rhetorical_question,0,0.6130867004394531,0.8251019716262817,-0.2120152711868286,0.8383200168609619,0.04952533158709242,716.6077880859375,14,0.7777777777777778,0.04151807681113605
1851,"Ted Cruz Says GOP Planned to Cave: How shocking, politicians might lack backbone.",ted cruz says gop planned to cave,sarcasm,0,0.790195882320404,0.7199108600616455,0.07028502225875854,0.8990737795829773,0.014017732413740807,5309.90234375,12,0.9230769230769231,0.012602975662404758
1852,"Revenge so creative it's basically art, because violence is genius.",revenge is so creative it's basically art,overstatement,0,0.9155049324035645,0.9442181587219238,-0.028713226318359375,0.8790878653526306,0.28319415510892393,506.23028564453125,7,0.7,0.2489525452950457
1853,Gabby Reece dishes on fitness show—because we lacked exercise commentary.,gabby reece dishes on fitness show,understatement,0,0.7606200575828552,0.6323809623718262,0.12823909521102905,0.8442705869674683,0.10373672493717558,3185.751220703125,7,0.7,0.08758186565279202
1854,each line of mastercard billing statement evokes infuriating vacation memory,Each line of Mastercard billing statement evokes an infuriating vacation memory.,irony,0,0.6750159859657288,0.6419157981872559,0.0331001877784729,0.9643561840057373,0.13712233890675465,525.513916015625,4,0.36363636363636365,0.13223477549005935
1855,J.Lo and A-Rod donate $25k each? Because nothing says ‘thoughts and prayers’ like a tax-deductible photo op.,j.lo and a-rod donate $25k each for 'thoughts and prayers',rhetorical_question,0,0.8611707091331482,0.6289435029029846,0.23222720623016357,0.9164044857025146,0.026357318609093718,99.32665252685547,13,0.7647058823529411,0.024153965004463845
1856,Ronnie Wood's cancer diagnosis had him saying 'time to say goodbye'? How utterly predictable and not at all alarmist.,ronnie wood's cancer diagnosis had him saying 'time to say goodbye',sarcasm,1,0.8165721893310547,0.533104419708252,0.28346776962280273,0.834840714931488,0.32794083093047144,356.22198486328125,11,0.5789473684210527,0.27377835774922105
1857,Local actions: the unsung heroes saving Earth from your carbon footprint.,local actions: the unsung heroes who saved earth from your carbon footprint,sarcasm,0,0.9487091898918152,0.8905923962593079,0.058116793632507324,0.9658552408218384,0.30661487102926754,272.6597900390625,5,0.4166666666666667,0.2961455800975301
1858,'what were we talking about again?' says trump 15 seconds into phone call to family of fallen soldier,Trump made a phone call to the family of a fallen soldier.,sarcasm,0,0.6211259365081787,0.8352555632591248,-0.21412962675094604,0.7362684011459351,0.06729251735106702,12.09844970703125,14,0.7777777777777778,0.04954535415915521
1859,personals ad omits goiter,A personals ad omits a goiter.,understatement,1,0.672260582447052,0.7261819243431091,-0.05392134189605713,0.9153389930725098,0.20205155046766235,1218.04150390625,3,0.5,0.18494566275380944
1860,weird girl you drunkenly fooled around with waiting outside door,A strange girl you drunkenly fooled around with waiting outside the door.,sarcasm,1,0.5754309296607971,0.6625068187713623,-0.08707588911056519,0.9313410520553589,0.6132297420585351,207.9628448486328,4,0.3333333333333333,0.5711260331204324
1861,Florida passes bill to limit reproductive rights: Progress at its finest.,florida passes bill to limit reproductive rights,sarcasm,0,0.9807619452476501,0.8707331418991089,0.11002880334854126,0.9394704103469849,0.34718201116725705,280.2401123046875,6,0.5454545454545454,0.32616722649639446
1862,Debt-free before retirement? Who needs financial security anyway?,debt-free before retirement,understatement,1,0.9101610779762268,0.8183292746543884,0.09183180332183838,0.877943217754364,0.021460411779726157,548.1923828125,7,0.875,0.01884102297222644
1863,supposedly educated professor has no idea how to get bird out of lecture hall,A supposedly educated professor has no idea how to get a bird out of a lecture hall.,sarcasm,0,0.7677398324012756,0.7648042440414429,0.0029355883598327637,0.9449312686920166,0.5749089871602278,65.77816009521484,4,0.23529411764705882,0.5432494786197563
1864,study: human hearing most acute when listening to arguing parents from top of stairs,A study indicates that human hearing is acute when listening to argumenting parents from the top of the stairs.,overstatement,0,0.8888117671012878,0.8237789869308472,0.06503278017044067,0.9298082590103149,0.18951629567590741,133.4742431640625,9,0.47368421052631576,0.17621381693649954
1865,"report: just 2 more days and you can forget all of this, vanish into 'red dead redemption 2'",A report states that only 2 more days can lead to'red dead redemption 2'.,satire,1,0.8960941433906555,0.7697474956512451,0.1263466477394104,0.7667505741119385,0.06991536975238231,1530.9517822265625,15,0.8333333333333334,0.0536076498968876
1866,not even julian assange clear on what's going on with him right now,Julian Assange is not clear on what is happening with him right now.,irony,1,0.9567142128944397,0.830007791519165,0.12670642137527466,0.9294935464859009,0.10120193244194395,24.75715446472168,8,0.6153846153846154,0.09406654309668903
1867,Mitt Romney outshines Sarah Palin in the race to be most irrelevant.,mitt romney outshines sarah palin in race to be most irrelevant,overstatement,1,0.5913570523262024,0.5522303581237793,0.039126694202423096,0.9767555594444275,0.23708987804092638,396.433837890625,6,0.5,0.23157885646447612
1868,Darwin Award for political mailer – evolution's joke on voters.,darwin award for political mailer,satire,0,0.9397506713867188,0.8686313033103943,0.07111936807632446,0.8488081097602844,0.09782458612762486,1140.2919921875,7,0.7,0.0830343020390714
1869,national security commission warns clinton: 'the call is coming from inside the house',The National Security Commission warns Clinton that the call is coming from inside the house.,satire,0,0.6184309720993042,0.7857306599617004,-0.16729968786239624,0.9557332992553711,0.33649324423301513,111.35865783691406,8,0.5333333333333333,0.32159779848796294
1870,Who needs shopping deals when you have peaceful protests and church pies?,who needs shopping deals when you have peaceful protests and church pies?,understatement,0,0.580668568611145,0.5257417559623718,0.05492681264877319,1.0,0.9036020036098448,799.7841796875,1,0.08333333333333333,0.9036020036098448
1871,"The clean machine: it cleans so well, it might clean the entire planet!",the clean machine,overstatement,0,0.8880068063735962,0.9178540706634521,-0.029847264289855957,0.7217770218849182,0.004820270533339258,6817.294921875,12,0.9230769230769231,0.003479160510233236
1872,News roundup: because 2017 needed more recycled content,news roundup,satire,0,0.9309030175209045,0.8304598927497864,0.10044312477111816,0.6207563877105713,0.0,373507.09375,8,1.0,0.0
1873,new google streep view to provide panoramic imagery of meryl streep,A new google streep view is designed to provide panoramic imagery of meryl streep.,satire,0,0.713272213935852,0.8929691910743713,-0.1796969771385193,0.9853460788726807,0.5316967153331754,195.00115966796875,4,0.2857142857142857,0.5239052736030283
1874,"Pregnant stars match in crop tops, proving maternity wear is all about comfort.","pregnant stars match in crop tops, proving maternity wear is all about comfort",irony,0,0.9805216789245605,0.9792532920837402,0.0012683868408203125,0.9902933239936829,0.8242367502646054,516.2713623046875,2,0.15384615384615385,0.8162361511772872
1875,poll finds majority of americans have never met willem dafoe,A poll shows that most Americans have never met Willem Dafoe.,overstatement,0,0.6018308997154236,0.5057371854782104,0.09609371423721313,0.9152169227600098,0.10025157431478134,27.141340255737305,7,0.6363636363636364,0.09175193734622061
1876,Watch Harry Potter actors get sorted—the event we've all been waiting for.,watch harry potter actors get sorted,satire,0,0.9866470098495483,0.9747443795204163,0.01190263032913208,0.8666387796401978,0.031760504460270234,1235.6038818359375,10,0.8333333333333334,0.027524884826205652
1877,"Trump's 'sexist smear' of Gillibrand prompts supporters to leap to her defense, because that's never happened before.",donald trump's'sexist smear' of gilibrand prompts supporters to leap to her defense,satire,0,0.8650731444358826,0.8884981870651245,-0.023425042629241943,0.7836201190948486,0.30934669222576916,1490.4810791015625,9,0.5294117647058824,0.24241029180355472
1878,"cnn headline news reporter unafraid to face the cold, hard factoids",A CNN headline news reporter is unafraid to face the cold and hard factoids.,satire,0,0.8266400694847107,0.8331890106201172,-0.006548941135406494,0.9405231475830078,0.2658483576665877,127.19498443603516,6,0.42857142857142855,0.25003653413235233
1879,Judge forgot to disclose GOP donation. Just a small oversight in a gerrymandering suit.,judge forgot to disclose gop donation,sarcasm,0,0.6558627486228943,0.7493753433227539,-0.09351259469985962,0.8967934846878052,0.05326021045512112,3457.915771484375,11,0.7857142857142857,0.04776340972925394
1880,"Addiction: the habit that's hard to quit, especially when it's killing you.",addiction: the habit that's hard to quit,sarcasm,0,0.616197407245636,0.8743364810943604,-0.25813907384872437,0.9339284896850586,0.30096441267171586,163.45115661621094,7,0.5833333333333334,0.2810792393754463
1881,Because a comedian's take is exactly what policy needs.,a comedian's take,satire,0,0.9742183089256287,0.807094931602478,0.16712337732315063,0.6165974736213684,0.07610462252028802,1240.885986328125,6,0.6666666666666666,0.04692591797691749
1882,"Ancestry.com's quiet, unassuming pivot into saving humanity.","ancestry.com's quiet, unassuming pivot to saving humanity",satire,0,0.9807313084602356,0.9770522117614746,0.0036790966987609863,0.9811891317367554,0.17567205239427922,170.45797729492188,3,0.42857142857142855,0.1723675085591566
1883,The best Rent the Runway dresses for bridesmaids: because nothing says 'eternal memory' like a rented gown.,the best rent the runway dresses for bridesmaids,understatement,0,0.7109681367874146,0.9045714139938354,-0.1936032772064209,0.7755295634269714,0.022678085340107776,627.1767578125,13,0.7647058823529411,0.017587525623173384
1884,How to survive an unpredictable winter: move to the equator and never look back.,how to survive an unpredictable winter,overstatement,1,0.8862431049346924,0.772380530834198,0.11386257410049438,0.844106912612915,0.13394233819643575,203.3096466064453,10,0.7142857142857143,0.1130616535631483
1885,"Buy experiences instead of things, because memories don't break.",buy experiences instead of things,understatement,1,0.5654087662696838,0.5616750121116638,0.0037337541580200195,0.7862147092819214,0.11948321931215808,704.740966796875,6,0.6666666666666666,0.09393946453557642
1886,smooth transaction at dmv exaggerated into story anyway,The smooth transaction at the DMV was exaggerated into the story.,irony,0,0.6089878678321838,0.6332880258560181,-0.02430015802383423,0.854540228843689,0.11731175160264001,473.5828857421875,6,0.5454545454545454,0.10024761106057399
1887,Conservatives altering history? Shocker.,conservatives are changing their history,sarcasm,0,0.9348829984664917,0.9284608960151672,0.006422102451324463,0.8526210784912109,0.0,410.6912841796875,5,1.0,0.0
1888,"Donald Trump assures religious conservatives he's their guy, because his history of moral rectitude is so inspiring.",donald trump assures religious conservatives he's their guy,irony,0,0.9740337133407593,0.9788790941238403,-0.004845380783081055,0.8856751918792725,0.16783660999022343,466.0870666503906,12,0.7058823529411765,0.14864872175745775
1889,Sister calls Manson movie tacky—because nothing respects victims like a film.,sister calls manson movie tacky,sarcasm,0,0.8520771861076355,0.729820191860199,0.12225699424743652,0.8954018354415894,0.019244596474019198,3877.95947265625,9,0.8181818181818182,0.017231647005169527
1890,new yorkers cower as clinton victory speech reverberates across entire state,New Yorkers cower as the Clinton victory speech reverberates across the state.,sarcasm,0,0.9291963577270508,0.9009409546852112,0.0282554030418396,0.9711267948150635,0.2521193618434983,87.88615417480469,6,0.5,0.24483986777789574
1891,local los angeles awards show slated to open for grammys,A local Los Angeles awards show is scheduled to open for grammys.,irony,0,0.8573143482208252,0.9330724477767944,-0.07575809955596924,0.9652262330055237,0.11094660471566163,162.2803497314453,6,0.5,0.10708857333445095
1892,"Dope cannabis brand is unapologetically Asian-American, because diversity in weed is crucial.",dope cannabis brand is unapologetically asia-american,satire,0,0.9463440179824829,0.9296236634254456,0.016720354557037354,0.8889206647872925,0.18693159143202892,342.4025573730469,8,0.6666666666666666,0.16616735452550568
1893,ghost of alvah roebuck enjoying the hell out of sears' decline,The ghost of Alvah Roebuck is enjoying the hell out of Sears' decline.,satire,0,0.7783946394920349,0.8464003801345825,-0.06800574064254761,0.9631006121635437,0.33260249505555045,177.73904418945312,6,0.46153846153846156,0.32032966659512263
1894,'elle' magazine accidentally airbrushes naomi watts out of cover altogether,The 'elle' magazine accidentally airbrushes Naomi Watts out of the cover.,irony,0,0.6295756697654724,0.8059276938438416,-0.17635202407836914,0.9574630260467529,0.2790159393585827,277.9949951171875,5,0.45454545454545453,0.2671474456135459
1895,u.s. worried about living up to netanyahu campaign promises,The U.S. is concerned about living up to the Netanyahu campaign promises.,irony,0,0.9168403744697571,0.9637057781219482,-0.04686540365219116,0.9490485191345215,0.22416933501922293,27.199939727783203,7,0.5833333333333334,0.21274757543536393
1896,Trump orders Syria strikes? Another masterstroke in diplomatic foreign policy.,donald trump orders syria strikes,sarcasm,0,0.9870060682296753,0.94225013256073,0.04475593566894531,0.8311794400215149,0.01976560930094397,7163.2255859375,10,1.0,0.016428768070442655
1897,Science Journalism's Problem: Forgetting Reality Matters – What a Novel Idea.,science journalism's problem: forgetting reality matters,sarcasm,0,0.9611625075340271,0.8843337893486023,0.0768287181854248,0.9728979468345642,0.0,1296.5311279296875,11,1.0,0.0
1898,samsung smart tv owner learning about majority of features from leaked cia documents,A samsung smart TV owner is learning about most features from leaked CIA documents.,irony,0,0.9235248565673828,0.9490175247192383,-0.02549266815185547,0.9636009335517883,0.10743014571163138,297.8340759277344,7,0.5,0.10351978869933265
1899,nation's liberals not sure what to think after hearing special counsel has waterboarded every suspect in trump investigation,Liberals are not sure what to think after hearing that special counsel waterboarded every suspect in the Trump investigation.,satire,0,0.8829695582389832,0.7607305645942688,0.12223899364471436,0.9341477155685425,0.4702773871923361,55.5173454284668,7,0.3684210526315789,0.4393085469292637
1900,Turkey's president calls Hitler's Germany example of effective government. Historical ignorance at its best.,turkey's president calls huffpost's deutschland example of effective government,sarcasm,0,0.926750898361206,0.967496395111084,-0.04074549674987793,0.7188583612442017,0.0856254083933825,637.5550537109375,9,0.6428571428571429,0.06155254075853245
1901,"Why Scott Walker's views on evolution are totally relevant – in a science class, maybe?",why scott walker's views on evolution are totally relevant,irony,0,0.5680410861968994,0.9430018663406372,-0.3749607801437378,0.9697294235229492,0.3015786021544572,206.9412841796875,9,0.6,0.2924496440140986
1902,Trump disavows Nazis flawlessly—he's a natural at it.,donald trump disavows nazis flawlessly,sarcasm,0,0.9618381857872009,0.9759884476661682,-0.014150261878967285,0.8981903195381165,0.029486824119076216,562.2364501953125,8,1.0,0.026484779977677307
1903,dying mastermind pulls red lever,A dying mastermind pulls a red lever.,overstatement,0,0.6519941091537476,0.6435514688491821,0.00844264030456543,0.9255785942077637,0.17567205239427922,840.9288940429688,3,0.42857142857142855,0.16259829129668957
1904,"entirety of hollywood film industry replaced with 40,000 christopher plummers","The entire Hollywood film industry has been replaced by 40,000 christopher plummers.",overstatement,0,0.8625878095626831,0.9298276901245117,-0.06723988056182861,0.9721310138702393,0.053863663688318665,151.885009765625,7,0.5833333333333334,0.05236253799209081
1905,mike pompeo can't believe senate just expects he'll answer questions without being tortured first,Mike Pompeo believes the Senate expects to answer questions without being tortured first.,sarcasm,0,0.6951315999031067,0.8097632527351379,-0.11463165283203125,0.9474962949752808,0.2802554289828041,253.40025329589844,8,0.5714285714285714,0.2655409806079148
1906,dubious inclusions damage credibility of entire record collection,Dubious inclusions undermine the credibility of the entire record collection.,understatement,1,0.6723410487174988,0.7503292560577393,-0.07798820734024048,0.9201239943504333,0.06674094719041482,134.82078552246094,5,0.5,0.061409946915575817
1907,Government shutdown possible if Democrats hurt Trump's feelings – because governance is all about feelings.,government shutdown possible if democrats hurt trump's feelings,overstatement,0,0.8951142430305481,0.8743685483932495,0.020745694637298584,0.922081470489502,0.06511259557294649,1621.856689453125,10,0.6666666666666666,0.060039117873290734
1908,governor too embarrassed to say which state he leads,The governor is too embarrassed to say which state he leads.,sarcasm,0,0.6528788805007935,0.5100180506706238,0.14286082983016968,0.9501602053642273,0.5900468726392808,72.17503356933594,3,0.2727272727272727,0.560639057681459
1909,Assad's forces take 'capital of revolution'—revolutionary in the most oppressive way.,syrian forces take 'capital of revolution',irony,0,0.927763044834137,0.9158414006233215,0.01192164421081543,0.7018756866455078,0.22083358203177395,609.5771484375,7,0.6363636363636364,0.1549977220229384
1910,city planner gets halfway through designing city before realizing he's just doing philadelphia again,A city planner is halfway through designing a city before realizing he is just doing Philadelphia again.,sarcasm,0,0.9112268090248108,0.955470621585846,-0.044243812561035156,0.9465076327323914,0.12039217537411316,127.61660766601562,7,0.4117647058823529,0.11395211291285474
1911,Can we make eco-friendly sportswear cool? Or will it forever be associated with hemp and guilt?,can we make eco-friendly sportswear cool?,rhetorical_question,1,0.9021859765052795,0.7892270684242249,0.11295890808105469,0.8018825054168701,0.14351442318493668,87.65475463867188,11,0.6875,0.11508170522699397
1912,"Amidst the unity speeches at the DNC, the money quietly flowed to the usual suspects.","despite the unity speeches at the dnc, the money went to the usual suspects",irony,0,0.8954713344573975,0.8020142316818237,0.09345710277557373,0.8579555153846741,0.3638016316415843,189.1418914794922,5,0.3333333333333333,0.3121256163728408
1913,Syria reports a minor incident with at least 18 casualties—just another Tuesday in conflict zones.,syria reports a minor incident with at least 18 casualties,understatement,1,0.9577116966247559,0.5911584496498108,0.36655324697494507,0.9565876722335815,0.4608636396914616,242.87966918945312,7,0.4666666666666667,0.44085647630955127
1914,index finger rips into toilet paper package like velociraptor claw,An index finger rips into a toilet paper package like a Velociraptor claw.,overstatement,1,0.7322514057159424,0.6460528373718262,0.08619856834411621,0.9257199764251709,0.3867706276352344,83.77965545654297,5,0.38461538461538464,0.3580412962964377
1915,report: fritz a fine name for a boy,A report states that fritz is a fine name for a boy.,irony,1,0.7005091309547424,0.5273871421813965,0.17312198877334595,0.9733381867408752,0.33180774028439425,180.44017028808594,6,0.5,0.32296114427499956
1916,Yelp fires employee for being poor: capitalism's golden rule,elp fires employee for being poor,sarcasm,0,0.9821568131446838,0.8920928835868835,0.09006392955780029,0.5202324986457825,0.3081980909598119,1431.4998779296875,5,0.5555555555555556,0.16033466293788307
1917,"catholic church speaks out against decadent, sinfully rich dessert",Catholic church speaks out against a decadent dessert that is sinfully rich.,irony,0,0.8936449885368347,0.9318464994430542,-0.03820151090621948,0.9568290114402771,0.23462350320528,126.91751098632812,8,0.6666666666666666,0.22449457463256275
1918,obama hosts diplomatic talks at starbucks while oval office carpet cleaned,President Obama hosts diplomatic talks at Starbucks while the carpet in the oval office is cleaned.,irony,0,0.9544391632080078,0.965310275554657,-0.01087111234664917,0.9699826836585999,0.195647514979229,230.8675079345703,9,0.5625,0.18977470163068866
1919,unsold google glass units to be donated to assholes in africa,Unsold google glass units will be donated to assholes in Africa.,sarcasm,0,0.6790838837623596,0.7282212972640991,-0.0491374135017395,0.9712539911270142,0.46924700641056,603.6500244140625,3,0.2727272727272727,0.45575802780066
1920,The incredible tale of how a nerd in high-waisted pants conquered our hearts—truly a historical milestone.,the incredible tale of how a nerd in high-waisted pants conquered our hearts,overstatement,0,0.8947760462760925,0.9400827288627625,-0.04530668258666992,0.9394935965538025,0.6543802314413064,156.9124298095703,5,0.3125,0.6147860371505026
1921,"Harry Styles comforts fan mid-panic attack, restores our faith in humanity, because pop stars are saints.",harry styles comforts a fan during a mid-panic attack,overstatement,0,0.9698972105979919,0.8789216876029968,0.09097552299499512,0.7481412887573242,0.014499407975266094,886.1622314453125,15,0.9375,0.0108476057688338
1922,brooks brothers unveils new line of monogramed cum rags,The Brooks Brothers have launched a new line of Cum rags.,satire,0,0.8688639998435974,0.8865105509757996,-0.01764655113220215,0.8920803070068359,0.09329460218997072,123.44955444335938,9,0.8181818181818182,0.08322627736370972
1923,Supreme Court weighs if million-dollar tips are insider trading – a tough call for the billionaires.,supreme court weighs if million-dollar tips are insider trading,sarcasm,0,0.8463484644889832,0.8484322428703308,-0.0020837783813476562,0.9283590912818909,0.33353374339709213,235.15359497070312,9,0.5625,0.30963908293197184
1924,"Will anything sink Trump? At this point, probably not.",will anything sink donald trump?,rhetorical_question,1,0.949351966381073,0.92280513048172,0.026546835899353027,0.9104598760604858,0.05105362709447673,1970.92724609375,7,0.7777777777777778,0.04648227899687554
1925,"wall street firm develops new high-speed algorithm capable of performing over 10,000 ethical violations per second","A Wall Street firm develops a high-speed algorithm capable of performing over 10,000 ethical violations per second.",satire,0,0.9490989446640015,0.9452310800552368,0.0038678646087646484,0.9743330478668213,0.5856596027429395,67.23268127441406,5,0.29411764705882354,0.570627505753
1926,thirtysomething scientists unveil doomsday clock of hair loss,Thirty-something scientists have revealed a doomsday clock of hair loss.,satire,0,0.8354000449180603,0.9333359599113464,-0.09793591499328613,0.9399861693382263,0.2777619034011791,145.80007934570312,5,0.5,0.26109234756616884
1927,"Presidents Day resolution: Trump must go—but he's already president, so...",presidents day resolution: donald trump must go,irony,0,0.7199481725692749,0.5907717347145081,0.12917643785476685,0.9158896803855896,0.02558948059670209,1182.5517578125,9,0.9,0.02343714120494672
1928,"Chrissy Teigen gives the middle finger to pregnancy critics—so elegant, so maternal.",chrissy teigen gives the middle finger to pregnancy critics,sarcasm,0,0.9715963006019592,0.8945884704589844,0.07700783014297485,0.9514901041984558,0.420886844306855,697.6296997070312,6,0.5,0.4004696673452887
1929,DOJ official suggests reporters might not be jailed—how magnanimous of them.,dj official suggests reporters may not be jailed,sarcasm,0,0.9565284252166748,0.7467935681343079,0.20973485708236694,0.7705767750740051,0.11880509436980435,752.3824462890625,6,0.5454545454545454,0.09154844648184668
1930,"Tamra Judge on 'RHOC' Ahead: More Drama, More Tears, More Why Are We Watching This?","tamra judge on 'rhoc' ahead: more drama, more tears, more why are we watching this?",sarcasm,1,0.8415427803993225,0.7986703515052795,0.04287242889404297,1.0,0.013217947626377298,264.9368896484375,14,0.9333333333333333,0.013217947626377298
1931,Seven secrets school leaders hide about New Orleans kids; it's all sunshine and rainbows.,seven secrets school leaders hide about new orleans kids,satire,0,0.9806860685348511,0.9334477186203003,0.04723834991455078,0.9034004211425781,0.2560797001652275,3339.941162109375,9,0.6428571428571429,0.23134250897533168
1932,"Clinton's bold pre-9/11 claim: hindsight is 20/20, right?",hillary clinton's bold pre-9/11 claim,sarcasm,0,0.5723922848701477,0.8757772445678711,-0.3033849596977234,0.7523972988128662,0.06235704094727466,111.82649230957031,7,0.875,0.04691726917069274
1933,frustrated wildfire spends hours stuck in l.a. traffic,A frustrated wildfire has spent hours in L.A. traffic.,irony,0,0.6483842134475708,0.690313458442688,-0.04192924499511719,0.9305867552757263,0.06030725360407769,212.14797973632812,6,0.6666666666666666,0.056121131451009006
1934,lowe's unveils new table saw with attached ice chest for storing cut-off fingers,Lowe's has introduced a new table saw with an attached ice chest for storing cut-off fingers.,satire,0,0.5041298866271973,0.8062521815299988,-0.3021222949028015,0.9600867629051208,0.4578831372133982,149.5428009033203,6,0.375,0.43960753899605276
1935,milosevic dreams he's slaughtering ethnic albanians in his underwear,Milosevic believes he is slaughtering ethnic albanians in his underwear.,satire,0,0.8780727386474609,0.8594200015068054,0.018652737140655518,0.902341365814209,0.392814650900513,239.3935546875,5,0.5,0.3544529086054006
1936,"You can listen to Prince online, if you're into that kind of tribute.",you can listen to prince online,understatement,1,0.9545863270759583,0.7877678275108337,0.1668184995651245,0.8663491010665894,0.0629195042125731,1100.6187744140625,10,0.7692307692307693,0.054510255914118184
1937,elementary schooler clearly just learned to swear,An elementary schooler learned to swear.,overstatement,0,0.8970006108283997,0.8893661499023438,0.007634460926055908,0.9067589044570923,0.10335094640592336,181.23098754882812,4,0.5714285714285714,0.09371439093763873
1938,chimp actor looking to direct,A chimp actor is looking for a directorial role.,satire,1,0.6950173377990723,0.8642969131469727,-0.1692795753479004,0.8419210910797119,0.056122223243057295,101.84394073486328,6,0.6666666666666666,0.04725048342661397
1939,"Beyoncé's mom dares to exist near her daughter at an event, steals show. The horror.",beyoncé's mom tries to exist near her daughter at an event,sarcasm,0,0.5127025842666626,0.8038897514343262,-0.2911871671676636,0.7832168936729431,0.41016750098594257,304.6544494628906,7,0.4666666666666667,0.3212501160078038
1940,"NBC secures Trump interview, MSNBC airs it so much you'll see it in your sleep.","nbc secures trump interview, msnbc airs it so much you'll see it in your sleep",overstatement,0,0.9093399047851562,0.8898866176605225,0.01945328712463379,0.993137001991272,0.579558149889942,167.62628173828125,4,0.26666666666666666,0.5755806434613052
1941,Parenting guide: When to surrender to the toddler's demands (always).,parenting guide: when to surrender to the toddler's demands,understatement,1,0.860048770904541,0.6047921180725098,0.25525665283203125,0.9621330499649048,0.5462757644646491,239.18360900878906,3,0.3,0.5255899673862828
1942,From starving to starring—because the American Dream now includes a cooking show contract.,from starving to starring,satire,1,0.8971400260925293,0.6875073313713074,0.20963269472122192,0.6760292053222656,0.017907794590318507,48348.7109375,11,0.8461538461538461,0.012106192145967387
1943,black history month celebration honors how sharp african americans looked in old-timey clothes,The Black History Month celebration honors how sharp African Americans looked in old-timey clothes.,satire,0,0.9473751187324524,0.9396013617515564,0.007773756980895996,0.9779618978500366,0.25712008025141314,156.0685577392578,7,0.5,0.2514536416580257
1944,open floor plan increases office shooter's productivity by 95%,An open floor plan increases the productivity of an office shooter by 95%.,satire,0,0.9787279963493347,0.9683406352996826,0.0103873610496521,0.9599975347518921,0.2224246939793677,123.16539001464844,8,0.6153846153846154,0.213527157888137
1945,"What does Honolulu's urban development mean? More tourists, less local culture. You decide.",what does honolulu's urban development mean?,rhetorical_question,1,0.8915823698043823,0.8587609529495239,0.0328214168548584,0.8610161542892456,0.06761140735207573,443.78057861328125,9,0.6923076923076923,0.05821451394436787
1946,UK retailer removes gender labels; controversy over whether clothes have genders.,uk retailer removes gender labels,irony,0,0.9175803661346436,0.9596812129020691,-0.04210084676742554,0.8764330148696899,0.08009199706981218,7376.302734375,8,0.7272727272727273,0.07019527045882987
1947,broken ornament relegated to lonely existence on side of tree facing wall,A broken ornament is relegated to a lonely existence on the side of a tree facing the wall.,understatement,1,0.8616448640823364,0.8718043565750122,-0.010159492492675781,0.956507682800293,0.09736498848786465,107.91743469238281,7,0.3888888888888889,0.09313035952440461
1948,man worried about drug dealer who's not picking up phone,A man is worried about a drug dealer who is not picking up his phone.,irony,0,0.6079443693161011,0.829525887966156,-0.22158151865005493,0.9599204659461975,0.09941490945601678,45.264556884765625,7,0.4666666666666667,0.09543040620701866
1949,Leann Rimes wears 'interesting' pants—a fashion choice that defies all conventions and good taste.,leann rimes wears 'interesting' pants,sarcasm,0,0.8819846510887146,0.8744627833366394,0.007521867752075195,0.9383965134620667,0.01878157980529131,1877.8187255859375,12,0.8571428571428571,0.017624569006594926
1950,search for 'kick-ass shelves' continues,Search for 'Kick-ass shelves' continues.,satire,0,0.926193356513977,0.9255121350288391,0.0006812214851379395,0.9821739196777344,0.06389431042462725,283.6736145019531,3,0.6,0.06275532531486207
1951,grandmother can't believe they let people with tattoos on price is right,A grandmother cannot believe that tattoos on her price are correct.,irony,0,0.7560495734214783,0.5976367592811584,0.15841281414031982,0.9176744818687439,0.04576989215762564,768.2077026367188,9,0.75,0.042001862070937396
1952,bus rider acting like fight not happening 4 feet away,A bus rider is acting like a fight is not happening 4 feet away.,irony,0,0.6395704746246338,0.7388450503349304,-0.09927457571029663,0.9257783889770508,0.24739977342883948,189.9552459716797,5,0.35714285714285715,0.22903736367823838
1953,Dan Licht discusses scoring Dexter – the show that makes murder look like a hobby.,dan hell discusses scoring dexter on 'the sex of the night',satire,1,0.9635722041130066,0.6369693279266357,0.32660287618637085,0.654160737991333,0.030667173634794157,1518.5018310546875,13,0.8666666666666667,0.020061260937045296
1954,david byrne holds up old suit to show how far he's come in weight loss journey,David Byrne holds up his old suit to show how far he has come in weight loss journey.,irony,0,0.8954358696937561,0.916169285774231,-0.020733416080474854,0.9652523994445801,0.43343660127583233,52.20537185668945,6,0.3333333333333333,0.4183757193886009
1955,"presidential debate sidetracked by booker, de blasio arguing about best place in lower manhattan to get tapas","A booker, De Blasio, is arguing about the best place in Lower Manhattan to get tapas.",satire,0,0.6349279284477234,0.6390465497970581,-0.004118621349334717,0.8446925282478333,0.08691073685908533,99.62506103515625,11,0.6470588235294118,0.07341285004938294
1956,university suspends all lightweights from campus following fraternity hazing death,The university suspends all lightweights from its campus after a fraternity hazing death.,satire,0,0.8181763887405396,0.8326795101165771,-0.014503121376037598,0.9585508108139038,0.3438931217657843,117.03885650634766,5,0.38461538461538464,0.3296390307019171
1957,4 new Trumps shaking Fast Track's house of cards. What could possibly go wrong in this administration?,4 new trumps are shaking fast track's house of cards,sarcasm,0,0.8058746457099915,0.8208447098731995,-0.014970064163208008,0.8509620428085327,0.033142573535878565,636.7459716796875,13,0.7647058823529411,0.02820307208002324
1958,"Japan's entire military is now on high alert, quivering with anticipation for a missile that may or may not be a 'test.'",japan's entire military is on high alert,overstatement,0,0.6016953587532043,0.8503736853599548,-0.2486783266067505,0.7965573072433472,0.024116926544041073,128.34727478027344,17,0.7727272727272727,0.01921051406690696
1959,"Because Lin-Manuel Miranda is famously known for his deep, unwavering support for Planned Parenthood, said no one ever.","lin-manuel miranda is famous for his deep, unwavering support for planned parenthood",sarcasm,0,0.7943876385688782,0.9544957876205444,-0.16010814905166626,0.8302152156829834,0.26300316296079057,176.4384765625,11,0.6111111111111112,0.21834922766279957
1960,endangered rhino just wishes his horn didn't make people immortal,An endangered rhino wishes his horn did not make people immortal.,satire,0,0.7681705355644226,0.5909503698348999,0.1772201657295227,0.9551804661750793,0.13712233890675465,373.36248779296875,5,0.45454545454545453,0.13097657959997114
1961,"bloodied, bruised john kerry emerges victorious at kickboxing tournament in bangkok prison","John Kerry, who is bloodied and bruised, is victorious at a kickboxing tournament in a bangkok prison.",satire,0,0.738503098487854,0.7621239423751831,-0.0236208438873291,0.946820080280304,0.07492402094280846,82.23171997070312,11,0.6470588235294118,0.07093956752399308
1962,area man likes food,A local man enjoys food.,understatement,0,0.9506213665008545,0.9161804914474487,0.03444087505340576,0.8511737585067749,0.05372849659117709,655.9036254882812,4,0.8,0.04573228638243065
1963,great barrier reef offers scuba divers chance to see beautiful diversity of ocean death,A barrier reef offers scuba divers the opportunity to see the diversity of ocean death.,irony,0,0.8189640045166016,0.8753252625465393,-0.056361258029937744,0.9406235218048096,0.3615855225145535,79.81155395507812,5,0.3333333333333333,0.34011584762127156
1964,moderator asks candidates to be specific when describing hellscape country will become if they not elected,A moderator asks candidates to be specific when describing the hellscape country they will become if they are not elected.,satire,0,0.5678918957710266,0.6643112897872925,-0.09641939401626587,0.9756379127502441,0.5108636942731495,125.00513458251953,5,0.25,0.4984179883805344
1965,beijing air solidifies,Beijing Air has solidified its air quality.,overstatement,0,0.8165592551231384,0.9555643796920776,-0.1390051245689392,0.8503447771072388,0.033031643180138064,226.96376037597656,6,0.8571428571428571,0.028088285257500345
1966,Charleston Post Honors Victims with Cover: A Rare Moment of Actual Journalism,san francisco post honors victims with cover,irony,0,0.8775510787963867,0.906079113483429,-0.028528034687042236,0.6675603985786438,0.016170365420297903,8148.92236328125,12,1.0,0.010794695585136387
1967,saudi prince visits injured yemeni child in hospital to finish the job,Saudi prince visits injured Yemeni child in hospital to finish the job.,sarcasm,0,0.9504340887069702,0.9522985219955444,-0.0018644332885742188,0.9914515614509583,0.53107253497887,226.20303344726562,3,0.25,0.5265326940485193
1968,"Because Ferguson, with its population of 20,000, is clearly a hotbed of global terrorism compared to, say, active war zones.","ferguson, with its population of 20,000, is a hotbed of global terrorism",sarcasm,0,0.8770487308502197,0.7900480031967163,0.08700072765350342,0.8895687460899353,0.3773045521602794,28.080947875976562,9,0.45,0.33563833735924437
1969,fivethirtyeight staff finds hundreds of nate silvers representing every voting demographic in america after disastrous aggregator explosion,Fivethirtyeight staff found hundreds of nate silvers representing voting demographics in America after a disastrous aggregator explosion.,satire,0,0.9516488909721375,0.9558242559432983,-0.004175364971160889,0.950359582901001,0.2756966158898809,567.2200927734375,7,0.4117647058823529,0.2620109208843247
1970,"Time to kick Turkey out of NATO. Yes, let's create more enemies in the Middle East.",time to kick turkey out of nato,sarcasm,1,0.9300297498703003,0.7278630137443542,0.20216673612594604,0.8119244575500488,0.02731014812290043,783.7796020507812,12,0.75,0.022173777200297416
1971,relatives gather from across the country to stare into screens together,Family members gather from across the country to stare into screens together.,understatement,0,0.9272873997688293,0.9344577789306641,-0.007170379161834717,0.948978841304779,0.7102992180127422,82.8829574584961,3,0.25,0.6740589288894228
1972,5 resistance resolutions? Like resisting the urge to be effective?,5 resistance resolutions,rhetorical_question,1,0.8924537301063538,0.5984799861907959,0.29397374391555786,0.7328892946243286,0.023300535123570106,246791.203125,8,0.8,0.01707671275108269
1973,Highway sign hacked with anti-Trump message – the height of thoughtful political debate.,highway sign hacked with anti-trump message,irony,0,0.9708710312843323,0.813609778881073,0.15726125240325928,0.9016684889793396,0.06761140735207573,414.5460205078125,9,0.6923076923076923,0.060963075504912735
1974,wilbur ross shakes self awake after briefly dying during cabinet meeting,Wilbur Ross is awake after briefly dying during a cabinet meeting.,overstatement,0,0.7206119298934937,0.8753775954246521,-0.15476566553115845,0.8909051418304443,0.3672056269893592,308.052978515625,6,0.5454545454545454,0.3271453811938923
1975,Fear and ignorance: the new enlightenment.,fear and ignorance,sarcasm,1,0.940196692943573,0.5668355822563171,0.37336111068725586,0.8189771175384521,0.0417991745584234,619.4459228515625,5,0.8333333333333334,0.0342325674953442
1976,witty remark repeated throughout week,A witty remark is repeated throughout the week.,understatement,0,0.5615423321723938,0.8063070178031921,-0.24476468563079834,0.9458487629890442,0.08307018474412793,197.0023193359375,4,0.5,0.07857183148150478
1977,7 things that always go on sale in September—your credit card will weep with joy.,7 things that always go on sale in september,overstatement,0,0.9659456014633179,0.8873398900032043,0.07860571146011353,0.7825705409049988,0.4432535465175531,136.59219360351562,7,0.4666666666666667,0.34687716765630056
1978,The real point of going off the grid: to prove you're better than everyone else with your solar panels.,the real point of going off the grid,sarcasm,1,0.958398699760437,0.593694806098938,0.364703893661499,0.7598329782485962,0.17202572313558198,80.08611297607422,13,0.6842105263157895,0.1307108175454777
1979,"13 Irish baby boy names in time for St. Patrick's day: like, Seamus isn't cliché enough?",13 irish baby boy names in time for st. paul's day,understatement,0,0.8998823761940002,0.5017451047897339,0.39813727140426636,0.7563489675521851,0.30459617442860765,192.2488250732422,9,0.5625,0.23038100204942266
1980,FBI: love triangle turns deadly—just another day in crime news.,fbi: love triangle turns deadly,overstatement,0,0.9249995350837708,0.5816926956176758,0.34330683946609497,0.9291091561317444,0.09782458612762486,3048.435302734375,7,0.7,0.09088971866597469
1981,"Too old to drive? Google says drive anyway, safety is overrated.",google says it's too old to drive,irony,1,0.7043684124946594,0.5322651267051697,0.17210328578948975,0.8063070774078369,0.04691123872354154,86.4764633178711,10,0.9090909090909091,0.03782486379276012
1982,Darkness outlasting Trump: likely his permanent Twitter ban appeal.,darkness outlasting donald trump,irony,0,0.725008487701416,0.7148587107658386,0.010149776935577393,0.7079023122787476,0.023018609596144116,2172.836669921875,8,0.8888888888888888,0.016294926958552187
1983,5 million illegal immigrants to realize dreams of having deportation deferred,5 million illegal immigrants are expected to realize their dreams of having deportation deferred.,sarcasm,0,0.9643527865409851,0.9716533422470093,-0.00730055570602417,0.9574618339538574,0.39073802494525,96.48162841796875,4,0.2857142857142857,0.37411674595958716
1984,waitress treated extra courteously to compensate for assholes at adjacent table,A waitress was treated extra courteously to compensate for assholes at the adjacent table.,sarcasm,0,0.8018912076950073,0.8000583052635193,0.0018329024314880371,0.952949583530426,0.5437427682227519,246.61343383789062,4,0.2857142857142857,0.5181594445255524
1985,trump assures nation that decision for syrian airstrikes came after carefully considering all his passing whims,Trump assures the nation that his decision for Syrian airstrikes came after carefully considering all his passing whims.,satire,0,0.8498191237449646,0.9095025062561035,-0.059683382511138916,0.9846184253692627,0.4675667418121199,227.07569885253906,5,0.2777777777777778,0.4603748290780861
1986,one beer can't do local alcoholic any harm,A beer does not cause harm to a local alcoholic.,understatement,1,0.8589862585067749,0.8340715765953064,0.024914681911468506,0.7986807823181152,0.02777619034011792,109.27490234375,9,0.9,0.022184309430662255
1987,dare graduate celebrates first toke,A dare graduate celebrates his first toke.,understatement,0,0.5554018616676331,0.9204116463661194,-0.36500978469848633,0.9365265965461731,0.17567205239427922,1333.48095703125,3,0.42857142857142855,0.1645215493370953
1988,Fed up workers demand the *privilege* of more hours. The audacity!,fed up workers demand the *privilege* of more hours,irony,0,0.8860927224159241,0.9468891024589539,-0.060796380043029785,0.7804458141326904,0.5813189627146943,239.44607543945312,4,0.36363636363636365,0.45368795112664073
1989,badass churchgoer doesn't even have to look at hymnal,A badass churchgoer does not have to look at hymnal.,overstatement,0,0.5611756443977356,0.5194467306137085,0.0417289137840271,0.9101611971855164,0.31239399369202553,125.72217559814453,4,0.4,0.2843288912922986
1990,5 perfect-for-packing lunch salads: they'll stay fresh and never be boring (yeah right).,5 perfect-for-packing lunch salads,sarcasm,0,0.67007976770401,0.7879559397697449,-0.11787617206573486,0.8834155797958374,0.041910459064397936,825.3931884765625,10,0.7692307692307693,0.03702435249388481
1991,"Gunman in federal building shooting got 'raw deal', says congressman: because nothing says justice like sympathizing with shooters","gunman in federal building shooting got 'raw deal', congressman says",sarcasm,0,0.9351571202278137,0.7785312533378601,0.1566258668899536,0.8909936547279358,0.29684148026442253,817.3988647460938,10,0.5555555555555556,0.26448387537564827
1992,area dad looking to get average phone call with adult son down to 47.5 seconds,A local father is looking to get a typical phone call with his adult son down to 47.5 seconds.,sarcasm,0,0.8496724367141724,0.8431320786476135,0.006540358066558838,0.9210860133171082,0.3118687901642478,93.85113525390625,8,0.42105263157894735,0.28725798061041674
1993,Yahoo's newfront pulses to EDM – because corporate events need more rave vibes.,yahoo's newfront pulses to emd,irony,1,0.9770848751068115,0.6495348811149597,0.3275499939918518,0.5830236077308655,0.053687271162922795,11537.3837890625,10,0.7692307692307693,0.0313009465226325
1994,"dnc files lawsuit alleging nation should never, ever stop focusing on 2016 election",The DNC files a lawsuit alleging that the nation should never stop focusing on the 2016 election.,satire,0,0.8567105531692505,0.8397906422615051,0.01691991090774536,0.9254971742630005,0.08910017878980071,69.24608612060547,9,0.5294117647058824,0.08246196369628869
1995,How noble to keep honoring slavery champions with statues – really reflects our values.,how noble it is to keep honoring slavery champions with statues,irony,0,0.983253002166748,0.9653255939483643,0.01792740821838379,0.9361423254013062,0.4492029123095655,417.6634826660156,8,0.5714285714285714,0.42051785890651566
1996,addition of ketchup factored into calculation of french fry's final temperature,The addition of ketchup is factored in the calculation of the French fry's final temperature.,satire,1,0.7774643898010254,0.8778064250946045,-0.1003420352935791,0.9617186188697815,0.09941490945601678,59.58820343017578,7,0.4666666666666667,0.09560916941710483
1997,nation horrified to learn about war in afghanistan while reading up on petraeus sex scandal,The nation is horrified to learn about the war in Afghanistan while reading up on the Petraeus sex scandal.,sarcasm,0,0.9412994980812073,0.9219300150871277,0.01936948299407959,0.9569964408874512,0.2915369229944523,64.50100708007812,7,0.3684210526315789,0.27899979769296973
1998,owls are assholes,The owls are being abused.,sarcasm,1,0.7678819298744202,0.519494891166687,0.24838703870773315,0.710401177406311,0.11362193664674995,155.36582946777344,3,0.6,0.08071715757303645
1999,sharon stone to star in major backstage drama,Richard Stone will appear in a major backstage drama.,irony,0,0.6588245034217834,0.695654034614563,-0.03682953119277954,0.745729386806488,0.056122223243057295,200.5138397216797,6,0.6666666666666666,0.041851991125261945
2000,new evidence reveals ancient greeks immediately regretted inventing theater,New evidence indicates that ancient Greeks regret inventing a theater.,overstatement,0,0.884436309337616,0.8379767537117004,0.04645955562591553,0.9523473381996155,0.02777619034011792,342.6383972167969,8,0.8,0.02645258093573717
2001,Because nothing says cutting-edge research like consulting thousand-year-old texts.,how to use cutting-edge research in a u.s.,irony,0,0.9585924744606018,0.7440584301948547,0.21453404426574707,0.5157686471939087,0.05183741882011645,59.729331970214844,7,0.7777777777777778,0.026736115378875523
2002,ken burns not sure how to turn down ray romano's repeated offers to narrate next documentary,Ken Burns is not sure how to turn down Ray Romano's repeated offers to narrate the next documentary.,satire,1,0.8015879988670349,0.6777040958404541,0.12388390302658081,0.9553084969520569,0.41180376356915777,76.82223510742188,7,0.3888888888888889,0.3933996344144523
2003,bbc upgrades flap to row,The BCC has upgraded the flap to a row.,sarcasm,0,0.5155880451202393,0.6052841544151306,-0.08969610929489136,0.6511979699134827,0.050712153369465586,829.0414428710938,7,0.7777777777777778,0.03302365132413717
2004,"What's in a name? Everything and nothing, depending on who you ask.",what's in a name?,rhetorical_question,1,0.9658575654029846,0.9611632227897644,0.004694342613220215,0.7439621686935425,0.0538140946637381,14.025167465209961,9,0.75,0.04003565057231419
2005,Philippines realizes it has few cards left in the South China Sea standoff—big surprise.,philippinians realize it has few cards left in south china sea standoff,sarcasm,0,0.9266968369483948,0.7360180020332336,0.19067883491516113,0.7838160991668701,0.35317430677152795,1367.9927978515625,8,0.5714285714285714,0.27682370745962254
2006,Lana Del Rey and Stevie Nicks cast a deadly musical spell on new album,lana del rey and stevie nicks cast a deadly musical spell on new album,overstatement,1,0.6085343360900879,0.5883951783180237,0.02013915777206421,1.0000001192092896,0.5296074933406222,678.6624755859375,5,0.35714285714285715,0.5296074933406222
2007,"Free your mind, your crotch will follow: deep thoughts for shallow minds.","free your mind, your crotch will follow",sarcasm,1,0.6155828833580017,0.786159336566925,-0.17057645320892334,0.7413204908370972,0.30096441267171586,311.6809387207031,7,0.5833333333333334,0.22311108612629507
2008,Democrats demand Kobach resign from voter fraud probe – for his stellar neutrality,democrats demand kobach resign from voter fraud probe,sarcasm,0,0.8679772615432739,0.7553434371948242,0.11263382434844971,0.9518657922744751,0.2896204682801084,1746.8858642578125,7,0.5384615384615384,0.2756798164983499
2009,researchers observe chimpanzees using pro tools,Researchers observe chimpanzees using pro tools.,satire,0,0.9274390935897827,0.9419249296188354,-0.014485836029052734,0.9950922727584839,0.5081327481546147,2878.264892578125,2,0.3333333333333333,0.5056389712241899
2010,"nytimes.com's plan to charge people money for consuming goods, services called bold business move",Nytimes.com's plan to charge people money for consuming goods and services as a bold business move.,irony,0,0.9839314818382263,0.9833216667175293,0.0006098151206970215,0.9132791757583618,0.42311785416105785,98.20748138427734,6,0.375,0.38642472509685766
2011,"Let's not ruin 2015 like 2014? Too late, we're already doing it.",let's not ruin 2015 like 2014,sarcasm,1,0.8499199748039246,0.8162307143211365,0.033689260482788086,0.894099235534668,0.18693159143202892,8789.0390625,8,0.6666666666666666,0.16713539299665595
2012,"pathetic, washed-up rock star on fifth decade of doing exactly what he always wanted","A pathetic, washed-up rock star is on his fifth decade of performing exactly what he always wanted.",satire,0,0.9691253900527954,0.9697809219360352,-0.0006555318832397461,0.9419103860855103,0.360056585428503,76.16844177246094,5,0.29411764705882354,0.33914103739359175
2013,20 last-minute Mother's Day gifts that scream 'I forgot but still love you.',20 last-minute mother's day gifts that scream 'i forgot but still love you',sarcasm,0,0.5585787892341614,0.6177178025245667,-0.05913901329040527,0.9858818650245667,0.31170906522700675,189.5841522216797,4,0.3076923076923077,0.3073083145710657
2014,"Putin's offshore wealth leaked – dictators hiding money, who knew?",putin's offshore wealth leaked,understatement,0,0.8386080265045166,0.7064917683601379,0.13211625814437866,0.9121929407119751,0.08872444253557525,1487.839599609375,7,0.7,0.08093381014955704
2015,historical archives: the twenty top-most books in print at present,Historical archives are the twenty top-most books in print.,irony,0,0.6989133358001709,0.9022274613380432,-0.20331412553787231,0.9226902723312378,0.39938791763778786,194.9297637939453,6,0.6,0.36851134649101647
2016,presidential debate to be accompanied by sultry latin beat,The presidential debate will be accompanied by a sultry Latin beat.,overstatement,0,0.8264864087104797,0.8125308752059937,0.013955533504486084,0.9500467777252197,0.12278260149096115,99.6811752319336,5,0.45454545454545453,0.11664921490720741
2017,$2 trillion for infrastructure? That's practically chump change for progressives.,$2 trillion for infrastructure,overstatement,0,0.9349517822265625,0.8610413074493408,0.07391047477722168,0.8228213787078857,0.08872444253557525,193.84352111816406,7,0.7,0.0730043681322106
2018,iranian team openly working on bomb in negotiating room,An Iranian team is working on a bomb in a negotiation room.,sarcasm,0,0.9166872501373291,0.9153556227684021,0.001331627368927002,0.9174793362617493,0.053863663688318665,93.64586639404297,7,0.5833333333333334,0.04941879840938469
2019,"Khloe Kardashian's uterus continues its vital, news-worthy national service.","khloe kardashian's uterus continues its vital, news-worthy national service",sarcasm,0,0.9760921597480774,0.9790145754814148,-0.0029224157333374023,0.9786093831062317,0.5873949094699213,599.7277221679688,3,0.3333333333333333,0.5748301699961006
2020,frustrated debate moderator reminds audience to refrain from john kasich chants while other candidates speaking,A frustrated debate moderator reminds the audience to refrain from John Kasich chants while other candidates speak.,satire,0,0.8197319507598877,0.8265973329544067,-0.006865382194519043,0.9808459877967834,0.4295136946366521,184.29696655273438,5,0.29411764705882354,0.4212867840881331
2021,fanatically devoted nerd could potentially turn on simon pegg at any moment,A fanatically devoted nerd could potentially turn on Sir Simon Pegg at any moment.,satire,1,0.6197894811630249,0.6298578381538391,-0.010068356990814209,0.9608525037765503,0.4785543921093738,149.43617248535156,5,0.35714285714285715,0.4598201858515568
2022,header image,The header image shows the header image.,understatement,1,0.7549037337303162,0.6931811571121216,0.06172257661819458,0.8083633184432983,0.06985342056580097,55.6483268737793,5,0.7142857142857143,0.05646694285318622
2023,"Army vet accused of murder targeted black men in NYC – because that's what heroes do, right?",army vet accused of murder targeted black men in nyc,sarcasm,0,0.8881604671478271,0.7541330456733704,0.1340274214744568,0.8256530165672302,0.37732323479085006,300.1703186035156,9,0.5294117647058824,0.31153806702597064
2024,"45-year-old man self-conscious, embarrassed by new, unexpected changes his body going through",A 45-year-old man is self-conscious and embarrassed by unexpected changes his body is experiencing.,irony,0,0.5232003927230835,0.8120288252830505,-0.28882843255996704,0.9475213289260864,0.24022110864391533,41.465206146240234,7,0.5,0.22761462409838043
2025,cover letter specifically tailored to company even sadder than generic ones,A cover letter specifically tailored to a company is more sad than the generic ones.,sarcasm,0,0.8940826654434204,0.7894772887229919,0.10460537672042847,0.9242834448814392,0.27668736912821895,191.09640502929688,7,0.4666666666666667,0.25573755469301257
2026,cranberry juice industry hoping 2009 a big year for urinary tract infections,The Cranberry juice industry hopes 2009 will be a big year for urinary tract infections.,irony,0,0.971200704574585,0.9727632403373718,-0.0015625357627868652,0.9632128477096558,0.375022891676693,102.27667999267578,6,0.4,0.36122686744821725
2027,Ted Cruz single-handedly saves GOP from Trump with his incredible charisma.,teddy craig saves gop from donald trump,overstatement,0,0.8283316493034363,0.8094016313552856,0.018930017948150635,0.63922119140625,0.022182955195367136,3321.02392578125,9,0.8181818181818182,0.014179815048894043
2028,Trump meeting Kissinger? What could possibly go wrong with that pairing?,donald trump meeting kissinger,sarcasm,0,0.9529359936714172,0.9075356721878052,0.04540032148361206,0.8012161254882812,0.013961492464016846,42418.1484375,11,1.0,0.011186172898053414
2029,Heartfelt stories about a coach? Because basketball is all about emotions.,heartfelt stories about a coach,understatement,1,0.8971887230873108,0.7128872275352478,0.184301495552063,0.8150368928909302,0.08009199706981218,1057.838623046875,8,0.7272727272727273,0.06527793243720921
2030,"Billy Eichner casually boogies with Obama, while Ellen DeGeneres gets the exclusive – because why not?","lizard eichner casually boogies with obama, while ellen degeneres gets the exclusive",understatement,0,0.7180491089820862,0.6751090884208679,0.04294002056121826,0.7809029817581177,0.10557912764457274,795.166259765625,9,0.5625,0.08244705558906776
2031,new study confirms this didn't even feel like a 4-day work week,A new study indicates that this was not a 4-day work week.,understatement,0,0.8160561323165894,0.7332782745361328,0.08277785778045654,0.8171483278274536,0.11094660471566163,42.177757263183594,8,0.6666666666666666,0.09065983252153638
2032,Anthony Weiner would choose to devour wooden tables over serving in Congress.,anthony weiner would choose to devour wooden tables over serving in congress,overstatement,0,0.5508086681365967,0.6447574496269226,-0.09394878149032593,0.9765630960464478,0.7102992180127422,1747.3157958984375,3,0.25,0.6936520034618943
2033,sex toy discreetly shipped in plain dildo-shaped box,A sex toy is discreetly shipped in a plain dildo-shaped box.,irony,0,0.6032272577285767,0.7705625295639038,-0.16733527183532715,0.9736653566360474,0.13712233890675465,49.615631103515625,4,0.36363636363636365,0.13351127101441423
2034,everyone on campus afraid of that one bar,Everyone on campus is afraid of that one bar.,overstatement,0,0.6596024036407471,0.7187221050262451,-0.05911970138549805,0.9797099828720093,0.3549481056010053,99.7649154663086,3,0.3333333333333333,0.34774620245881305
2035,Shocking news: White House staff refuse to defend Trump on TV. Who could have predicted that?,white house staff refuse to defend donald trump on tv,sarcasm,0,0.8424342274665833,0.9563496112823486,-0.11391538381576538,0.8102732300758362,0.15243896465019202,492.803466796875,12,0.75,0.1235172122765273
2036,One wonders if the NYPD will roll out the red carpet or just a standard-issue holding cell.,one wonders if the nypd will roll out the red carpet or just a standard-issue holding cell,rhetorical_question,1,0.6501250863075256,0.7831571102142334,-0.13303202390670776,0.9978686571121216,0.6964705665515707,110.74118041992188,3,0.17647058823529413,0.6949861489629343
2037,real-life scene filled with product placement,A real-life scene is filled with product placement.,sarcasm,0,0.9300719499588013,0.8758593797683716,0.05421257019042969,0.9616320133209229,0.17286039232097053,61.95534133911133,3,0.375,0.1662280870910595
2038,hippocratic oath updated to include vow of loyalty to blue cross blue shield,A hippocratic oath has been updated to include a vow of loyalty to the Blue Cross Blue shield.,satire,0,0.6746485829353333,0.8188120126724243,-0.14416342973709106,0.9690394401550293,0.21671830063791614,96.16847229003906,9,0.5,0.2100085807215156
2039,new domino's app allows customer to track pizza's movement through digestive system,Domino's app allows a customer to track a pizza's movement through the digestive system.,satire,0,0.8711807131767273,0.898086667060852,-0.026905953884124756,0.9731318950653076,0.13912311644176573,64.89159393310547,6,0.42857142857142855,0.13538514195036694
2040,"health experts recommend standing up at desk, leaving office, never coming back","Health experts recommend standing up at the desk, leaving the office, and never returning.",overstatement,0,0.8684867024421692,0.676685094833374,0.19180160760879517,0.9001035690307617,0.32559641262003014,52.48575210571289,6,0.42857142857142855,0.29307049306290167
2041,"Angelina Jolie courageously saves her life—wait, is that even possible?",angelina jolie saves her life,irony,0,0.8344925045967102,0.5951917767524719,0.23930072784423828,0.8447450995445251,0.0417991745584234,206.05027770996094,8,0.8,0.03530964787323436
2042,"UBS exec says no all-male panels – from the firm with all-male leadership, naturally.",ubs exec says no all-male panels at the firm,satire,0,0.8883678317070007,0.7107554078102112,0.17761242389678955,0.905798077583313,0.2945334773316695,319.45391845703125,7,0.5,0.2667878575509545
2043,Sicario director hates senseless violence—guess his film was just a happy accident.,sicario director hates senseless violence,irony,0,0.8246285915374756,0.8988643288612366,-0.07423573732376099,0.890468955039978,0.06557378107648686,12891.1748046875,9,0.75,0.05839141631319954
2044,"dreary, passionless couple believes your soulmate out there too","A dreary, passionate couple believes your soulmate is out there too.",irony,0,0.6383949518203735,0.8278836607933044,-0.1894887089729309,0.8066524267196655,0.28997844147152074,135.15394592285156,4,0.36363636363636365,0.2339118135093887
2045,"We're excited about a Saved by the Bell pop-up, because nostalgic restaurants are the future.",we're excited about a saved by the bell pop-up,irony,0,0.9217950701713562,0.946170449256897,-0.02437537908554077,0.7769738435745239,0.0766209819486858,422.31402587890625,10,0.6666666666666666,0.05953249884312462
2046,Trump terrible 10 -- Mooch improved edition: a prestigious award ceremony for the most stable geniuses.,trump terrible 10 -- mooch improved edition,satire,1,0.8973162770271301,0.9372584819793701,-0.03994220495223999,0.8332561254501343,0.04856507409206696,5007.8720703125,12,0.75,0.04046714547015441
2047,report: it a miracle nothing has punctured your eye yet,A report indicates that nothing has punctured your eye.,understatement,1,0.7060734629631042,0.7482194900512695,-0.04214602708816528,0.7197760939598083,0.26708679784499234,309.2655944824219,6,0.6,0.19224269210110154
2048,"Little kid attempts impossible dream of whistling—bold move, considering his current talent level is 'silent but deadly.'",little kid attempts impossible dream of whistling,understatement,0,0.5787396430969238,0.9252594113349915,-0.3465197682380676,0.8831776976585388,0.14733461804689552,2032.9346923828125,12,0.7058823529411765,0.1301226487520574
2049,lowly mortal opens portal to hell,A lowly mortal opens a portal to hell.,overstatement,1,0.7226129770278931,0.8025468587875366,-0.07993388175964355,0.9353102445602417,0.17286039232097053,234.79248046875,3,0.375,0.16167809581650627
2050,woman already off to bad start as mother after requesting epidural,A woman is already off to a bad start as her mother after requesting an epidural.,sarcasm,0,0.8729147911071777,0.8298537135124207,0.04306107759475708,0.945207953453064,0.14247788801610148,65.88463592529297,6,0.375,0.13467123294401412
2051,Air Force drops 'so help me God' – because faith has no place in oaths.,air force drops'so help me god' oaths,sarcasm,1,0.7835490703582764,0.8632737398147583,-0.07972466945648193,0.891322135925293,0.022276713869943024,5519.87158203125,13,0.8666666666666667,0.019855728187954214
2052,A note in RG3's locker is a clue to his future—journalists never jump to conclusions.,a note in g3's locker is a clue to his future,sarcasm,1,0.9103732705116272,0.8411847352981567,0.06918853521347046,0.7021584510803223,0.3609932316689438,201.85275268554688,7,0.4666666666666667,0.2534744483991455
2053,russian lawyer admits to repeatedly informing kremlin of trump campaign's ineptitude,A Russian lawyer admits to repeatedly informing Kremlin about Trump's ineptitude.,satire,0,0.9172952175140381,0.920768678188324,-0.0034734606742858887,0.9473819732666016,0.3508439695638686,179.24790954589844,7,0.6363636363636364,0.3323832521941053
2054,"Jennifer Lawrence loves discounts—stars, they're just like us.","jennifer larry loves discounts on'stars,''stars,''stars,''stars,''stars,''stars,''stars,''stars,''stars,''stars,''stars,''stars,''stars,''stars,''stars,''stars,''stars,'",satire,1,0.9542427659034729,0.9245911836624146,0.02965158224105835,0.6774446368217468,0.029486824119076216,20.042402267456055,7,0.875,0.019975690856374313
2055,"United Airlines, in a shocking display of concern, suspends pet cargo travel—because after all those incidents, they've finally developed a conscience.","united airlines, in a shocking display of concern, suspends pet cargo travel",irony,0,0.9729068279266357,0.9447534084320068,0.028153419494628906,0.9131612777709961,0.3355215930273175,362.13543701171875,12,0.5714285714285714,0.30638532660858536
2056,man worried the 6th 'transformers' movie will just be stupid,A man is concerned that the 6th 'Transformers' movie will be stupid.,sarcasm,0,0.6340429186820984,0.8408268094062805,-0.20678389072418213,0.9451373815536499,0.05637560315259291,85.19915771484375,7,0.5833333333333334,0.05328268994714935
2057,lockheed martin sales staff instructed to really push tactical air-to-surface missiles this week,Lockheed Martin sales staff are instructed to push tactical air-to-surface missiles this week.,satire,0,0.964637815952301,0.96028071641922,0.004357099533081055,0.9462900757789612,0.3706866381788037,73.58975219726562,5,0.38461538461538464,0.3507770869324685
2058,"Who's qualified to sing at Mariah Carey's wedding? Obviously, only those who can hit the high notes without shattering glass – so, nobody.",who's qualified to sing at mariah carey's wedding?,sarcasm,1,0.9007682800292969,0.9373400807380676,-0.03657180070877075,0.8376649618148804,0.05605970908084417,275.9884338378906,18,0.782608695652174,0.04695925406655863
2059,body given false hope with first piece of fruit in 9 days,A body is given false hope with the first piece of fruit in 9 days.,understatement,0,0.5077419877052307,0.578300952911377,-0.07055896520614624,0.9484020471572876,0.5038920485259633,142.61154174804688,4,0.26666666666666666,0.47789225036830285
2060,"Vacation is when I have a 40-hour week—because rest is for the weak, right?",vacation is when i have a 40-hour week,irony,0,0.689935564994812,0.9560251235961914,-0.2660895586013794,0.810504674911499,0.08165346762611622,120.68274688720703,9,0.6428571428571429,0.06618051723370194
2061,new arrivals consult wise couple who have been at resort for 3 days already,New arrivals consult a wise couple who has been at the resort for 3 days.,irony,1,0.6711639761924744,0.8950752019882202,-0.22391122579574585,0.945533037185669,0.13834368456410945,203.79884338378906,6,0.4,0.13080852424135855
2062,"Ana Navarro calls out GOP: 'You'd impeach Hillary Clinton over this.' And they would, because consistency is their middle name.",ana Navarro calls out the gop: 'you'd impeach hillary clinton over this',sarcasm,0,0.8276638984680176,0.6086059808731079,0.21905791759490967,0.8172091245651245,0.0491774760142981,226.41336059570312,16,0.8,0.04018828212196696
2063,"Police officer who killed unarmed motorist cleared of charges, showcasing the justice system's impeccable fairness.",police officer who killed unarmed motorist cleared of charges,sarcasm,0,0.9418378472328186,0.6071298718452454,0.33470797538757324,0.8269515037536621,0.372730318315106,125.5359878540039,8,0.5333333333333333,0.30822989722525806
2064,Trump's 'woman card' comment raises money for Hillary—talk about a backfire.,donald trump's 'woman card' comment raises money for hillary clinton,irony,0,0.9328895211219788,0.8890786170959473,0.043810904026031494,0.8932357430458069,0.4677766538205128,230.09161376953125,6,0.5454545454545454,0.4178348269548469
2065,Just say 'I object'—instant botch.,just say 'i object',overstatement,1,0.502020537853241,0.6713311672210693,-0.16931062936782837,0.7985881567001343,0.06257106818159155,618.946044921875,4,0.8,0.04996851400189562
2066,A life with OCD: where every thought is a thrilling adventure in repetitive checking and existential dread. Truly inspiring.,a life with ocd,sarcasm,0,0.8233356475830078,0.6411404609680176,0.18219518661499023,0.8394768238067627,0.004422045390426378,3132.292724609375,17,0.8947368421052632,0.003712204619084472
2067,graffiti artist no longer putting his heart in it,A graffiti artist is not putting his heart in it.,understatement,1,0.8281626105308533,0.8781716227531433,-0.05000901222229004,0.8147538304328918,0.31239399369202553,90.32959747314453,4,0.4,0.25452420296480643
2068,Man kills girlfriend on hike for insurance money: the epitome of romantic devotion.,man kills girlfriend on hike for insurance money,sarcasm,0,0.9554761052131653,0.7783082127571106,0.1771678924560547,0.8177722096443176,0.3641784587358345,1227.931396484375,7,0.5384615384615384,0.2978150229052653
2069,self-actualized historians urge nation not to get hung up on the past,Self-actualized historians urge the nation not to focus on the past.,satire,0,0.6629080176353455,0.7856645584106445,-0.12275654077529907,0.8656378984451294,0.12520650587405682,55.687110900878906,6,0.5,0.1083834966164763
2070,Getting naked with strangers after mastectomy: a healing journey.,getting naked with strangers after mastectomy,irony,0,0.8675270080566406,0.9329202175140381,-0.06539320945739746,0.9591808319091797,0.3081980909598119,1163.706787109375,5,0.5555555555555556,0.29561770127965337
2071,A driver expresses mild frustration by crushing a veteran's motorcycle.,a driver expresses mild frustration by crushing a veteran's motorcycle,understatement,0,0.8681609034538269,0.8439782857894897,0.024182617664337158,0.9951668977737427,0.7598356856515925,754.3312377929688,2,0.2,0.7561633221076801
2072,bush not heard from for over a month,President Bush has not been heard from for over a month.,understatement,1,0.8498380780220032,0.5925424695014954,0.2572956085205078,0.8762792348861694,0.3672056269893592,24.876787185668945,5,0.45454545454545453,0.32177466586413184
2073,nervous voter totally blanks on american values while looking at ballot,A nervous voter completely blanks on American values while looking at the ballot.,sarcasm,0,0.8497304916381836,0.9139710068702698,-0.06424051523208618,0.9083982110023499,0.2613022659677713,276.0986022949219,5,0.38461538461538464,0.23736651093598365
2074,"Woman gets several job offers after handing out resumes on the side of the road, proving that traditional networking is for chumps.",woman gets several job offers after handing out resumes on the side of the road,sarcasm,0,0.9730836749076843,0.9678754210472107,0.005208253860473633,0.7848986983299255,0.5334854625057418,56.40388107299805,9,0.4090909090909091,0.41873204509869505
2075,"sweating, shaking man never going to spend a little time with his thoughts again",A man is sweating and shaking and never will spend time with his thoughts again.,irony,1,0.9551475048065186,0.9307677149772644,0.02437978982925415,0.8607292175292969,0.195647514979229,129.09031677246094,11,0.7333333333333333,0.16839953247962317
2076,"Millennials, in their infinite wisdom, condescend to mentor baby boomers, reversing the natural order of things.","millennials, in their infinite wisdom, condescend to mentor baby boomers",sarcasm,0,0.951252281665802,0.9577941298484802,-0.006541848182678223,0.9276158809661865,0.41700666580507684,72.5562973022461,8,0.5,0.3868220056695485
2077,Journalists Who Refuse to Take the Same Non-Answer for an Answer: How Dare They Expect Actual Information,journalists who refuse to take the same non-answer for an answer,sarcasm,1,0.9359660744667053,0.7020155191421509,0.23395055532455444,0.906052827835083,0.02747551257340107,59.40113830566406,13,0.7647058823529411,0.02489426586334842
2078,"fourth-grade teacher receives dark portent of coming storm from gnarled, haggard third-grade teacher","A fourth-grade teacher received a dark portent of a storm from a gnarled, Haggard third-grade teacher.",satire,1,0.5361571311950684,0.7353684902191162,-0.19921135902404785,0.9595758318901062,0.09528070628428423,61.910274505615234,7,0.4375,0.0914290629958189
2079,report: scientists still decades away from deciphering wireless bill,A report indicates that scientists are still decades away from deciphering a wireless bill.,sarcasm,0,0.7330390810966492,0.6754043102264404,0.05763477087020874,0.8940105438232422,0.2891784933232572,86.44442749023438,7,0.5,0.25852862207791094
2080,gay war hero awarded posthumous dishonorable discharge at white house ceremony,A gay war hero received a posthumous discharge at a White House ceremony.,irony,0,0.9377827048301697,0.8830023407936096,0.05478036403656006,0.9290640354156494,0.10120193244194395,46.73579406738281,8,0.6153846153846154,0.09402307574637438
2081,alternative theater waits three hours for stragglers,An alternative theater waits three hours for stragglers.,sarcasm,0,0.9454981684684753,0.8864892721176147,0.059008896350860596,0.9602972865104675,0.6803749333171202,415.31072998046875,2,0.25,0.6533622022741707
2082,san diego zoo acquires chinese man,San Diego Zoo acquired a Chinese man.,satire,0,0.5038785934448242,0.7014191746711731,-0.19754058122634888,0.9618815183639526,0.0,549.751220703125,7,1.0,0.0
2083,ant colony comes to halt after death of popular worker,An ant colony was halted after the death of a popular worker.,satire,0,0.6638222336769104,0.9025130867958069,-0.23869085311889648,0.9226470589637756,0.05637560315259291,90.65779876708984,7,0.5833333333333334,0.0520147844460488
2084,infertile aunt doing it up big at kids table,An infertile aunt is doing it up large at a children table.,irony,0,0.878251314163208,0.7728535532951355,0.10539776086807251,0.9152935147285461,0.11094660471566163,300.7089538574219,6,0.5,0.10154870777739662
2085,libyan rebels still working full-time at other jobs,Libyan rebels continue to work full-time at other jobs.,understatement,0,0.9667676687240601,0.9660804867744446,0.0006871819496154785,0.9474051594734192,0.12753431387594827,83.21369934082031,5,0.5555555555555556,0.12082666697597587
2086,"Dad with 350,000 miles single-handedly ends global travel poverty, one family at a time. Hero!","dad with 350,000 miles single-handedly ends global travel poverty",overstatement,0,0.5587758421897888,0.8919668197631836,-0.3331909775733948,0.9236465692520142,0.372730318315106,340.9832458496094,8,0.5333333333333333,0.34427107976795884
2087,drunk driver honored,A drunk driver was honored.,irony,0,0.6462148427963257,0.8693665862083435,-0.22315174341201782,0.964261531829834,0.11362193664674995,413.8810119628906,3,0.6,0.10956126268046745
2088,grandmother doesn't care for new priest,A grandmother does not care for a new priest.,understatement,1,0.5380457639694214,0.7399933934211731,-0.2019476294517517,0.8872395753860474,0.06030725360407769,171.15049743652344,5,0.5555555555555556,0.053506982080380565
2089,"deformed, half-feathered audubon society president flees into forest after injecting self with bird dna","A deformed, half-feathered Audubon Society president flees into a forest after injecting himself with a bird dna.",satire,0,0.8176725506782532,0.8093365430831909,0.008336007595062256,0.949275016784668,0.11502783619900048,115.22472381591797,7,0.4117647058823529,0.10919305113851022
2090,"Why being killed by a lightsaber would be so much worse in real life (hello, cauterization)",why being killed by a lightsaber would be so much worse in real life,overstatement,0,0.5440680980682373,0.6243633031845093,-0.08029520511627197,0.9553877711296082,0.7969405445668117,34.016517639160156,3,0.1875,0.7613872505965025
2091,An open letter to my shelter dog's first owner: Thanks for abandoning him so I could find him?,an open letter to my shelter dog's first owner,rhetorical_question,1,0.5513989925384521,0.8763726949691772,-0.3249737024307251,0.8516300916671753,0.26707294347290855,557.0660400390625,11,0.6111111111111112,0.22744735533165544
2092,Meatless Monday: Robin Asbell gets juiced – saving the planet one bland salad at a time.,meatless monday: robin asbell gets juiced,satire,0,0.7672049403190613,0.7418797016143799,0.025325238704681396,0.860718846321106,0.016306386699013735,698.9306030273438,14,0.875,0.01403521434724093
2093,bush increasingly focused on how revisionist history will see him,President Bush is increasingly focused on how revisionist history will see him.,irony,0,0.7216275930404663,0.8478881120681763,-0.12626051902770996,0.9688674807548523,0.6132297420585351,101.002685546875,4,0.3333333333333333,0.5941383553122008
2094,pumpkin clearly had finger in it,A pumpkin had a finger in it.,sarcasm,1,0.7351909279823303,0.7199545502662659,0.015236377716064453,0.9034526348114014,0.08307018474412793,164.3129425048828,4,0.5714285714285714,0.07504997728135225
2095,beauty industry to consumers: 'you like short hair now',The beauty industry says to consumers: 'You like short hair now.',satire,0,0.9473626017570496,0.9628317356109619,-0.015469133853912354,0.9512693285942078,0.13712233890675465,273.72564697265625,4,0.36363636363636365,0.13044027526709592
2096,bush's approval rating of other americans also at all-time low,Bush's approval rating of other Americans is at an all-time low.,sarcasm,0,0.8905804753303528,0.8811638951301575,0.009416580200195312,0.970788836479187,0.2596535889340338,16.654794692993164,5,0.45454545454545453,0.25206880548891575
2097,8 healthy snacks to keep hunger at bay: you'll totally choose these over junk food.,8 healthy snacks to keep hunger at bay,irony,1,0.835479199886322,0.5157102346420288,0.3197689652442932,0.8795894980430603,0.3505377780030811,192.67355346679688,8,0.5333333333333333,0.3083293481988598
2098,"Oh, just 100 million more people in poverty by 2030? No big deal, unless you're one of them.",just 100 million more people in poverty by 2030,understatement,0,0.8295280337333679,0.5842503905296326,0.24527764320373535,0.8712226152420044,0.3176050446027024,64.6268310546875,10,0.5555555555555556,0.27670469757281985
2099,'Walking Dead' actor comes out on YouTube—a bold move that changes everything.,'walking dead' actor comes out on tv,sarcasm,0,0.9690883159637451,0.8538327813148499,0.11525553464889526,0.7880696058273315,0.20126703311713304,712.1053466796875,8,0.6666666666666666,0.1586124314546555
2100,man's dream to get drunk in an a-frame finally realized,A man's dream of drinking in an a-frame has finally been realized.,understatement,0,0.7142247557640076,0.9245753288269043,-0.21035057306289673,0.920320451259613,0.11094660471566163,91.65351867675781,7,0.5833333333333334,0.10210642931763962
2101,"PayPal back up after outage, world functions again, hooray.",PayPal back up after outage,sarcasm,0,0.9797627329826355,0.7497239708900452,0.23003876209259033,0.7824200391769409,0.3004843884984905,1608.7366943359375,5,0.5555555555555556,0.23510500702104808
2102,"RNC proclaims Pence winner before debate. Democracy in action, folks.",rnc announces winner of 'pence' before debate,sarcasm,0,0.9532605409622192,0.7401425242424011,0.21311801671981812,0.8546249866485596,0.02558948059670209,1030.824462890625,9,0.9,0.021869409513300096
2103,new girlfriend bears disturbing resemblance to old girlfriend,A new girlfriend has a disturbing resemblance to an old girlfriend.,irony,0,0.6156317591667175,0.534538984298706,0.08109277486801147,0.9515753388404846,0.12278260149096115,83.64681243896484,5,0.45454545454545453,0.11683689561747755
2104,lucrative new oil extraction method involves drilling directly into gas stations,A new oil extraction method involves drilling directly into gas stations.,sarcasm,0,0.9750528931617737,0.9518707990646362,0.02318209409713745,0.9590624570846558,0.7860753021519787,202.97885131835938,2,0.18181818181818182,0.7538953107354399
2105,man not going to let mind games of ex-girlfriend's natural moving-on process get in his head,A man is not going to let the mind games of his ex-girlfriend's natural moving-on process get in his head.,sarcasm,1,0.7062161564826965,0.8163726925849915,-0.11015653610229492,0.9261436462402344,0.4881010344921759,64.25051879882812,5,0.25,0.4520516718182142
2106,Losing everything in a flood: just a little spring cleaning,losing everything in a flood,understatement,1,0.6614784598350525,0.8437901139259338,-0.18231165409088135,0.8158783316612244,0.09782458612762486,329.0869140625,7,0.7,0.07981296012525632
2107,las vegas casino owners announce plans to tear down don rickles,Las Vegas casino owners announce plans to tear down Don Rickles.,satire,0,0.8105675578117371,0.8416860103607178,-0.031118452548980713,0.9796040058135986,0.5706745777055999,119.4196548461914,4,0.36363636363636365,0.5590351023363894
2108,"Farmers' mental health? Priorities, right?",farmers' mental health,sarcasm,0,0.8417600989341736,0.875825822353363,-0.03406572341918945,0.8920931816101074,0.05833544737207805,117.71424102783203,4,0.8,0.05204065484680608
2109,dreamworks skg signs j&h productions to six-year deal,Dreamworks skg has signed a six-year deal with J&H productions.,satire,1,0.8068389892578125,0.6691603660583496,0.1376786231994629,0.9556943774223328,0.04939382737115371,160.4088592529297,8,0.8,0.04720540309798093
2110,area dad needs more time with museum plaque,A local father needs more time with a museum plaque.,understatement,1,0.5944071412086487,0.5689963102340698,0.025410830974578857,0.9164445400238037,0.2777619034011791,520.7556762695312,5,0.5,0.2545533797986298
2111,People really like Kanye's new song 'Real Friends' because it's really G.O.O.D. – said no one with taste.,people really like kanye's new song'real friends' because it's really g.o.o.d.,satire,0,0.7067426443099976,0.7587971687316895,-0.052054524421691895,0.9257796406745911,0.0649781908131006,95.80139923095703,12,0.6666666666666666,0.06015548614263729
2112,half-fabricated résumé still unimpressive,A half-fabricated résumé is still unimpressive.,understatement,1,0.7379114031791687,0.6437501907348633,0.09416121244430542,0.9319090247154236,0.09554427922043669,42.203590393066406,3,0.5,0.08903857606545527
2113,Trump's Honest Reason for Skipping UK Visit Wins Universal Praise from Tweeters,donald trump's holiest reason for skipping a visit to the u.s. wins universal praise from tweeters,sarcasm,0,0.8895956873893738,0.9691754579544067,-0.07957977056503296,0.8464410901069641,0.014628063653657535,247.44351196289062,14,0.875,0.012381794145155944
2114,'It will never happen to me' – every person before a catastrophe.,'it will never happen to me',irony,1,0.5635035634040833,0.777672529220581,-0.2141689658164978,0.841241180896759,0.27952792741962756,67.3460693359375,7,0.5833333333333334,0.23515040375611104
2115,"Fish might slightly lower depression risk, according to some studies.",fish could lower your depression risk,understatement,1,0.691638708114624,0.5150523781776428,0.1765863299369812,0.932766318321228,0.024925978674400287,605.89794921875,9,0.9,0.0232501133586738
2116,report: 32% of prayers deflected off passing satellites,A report indicates that 32% of prayers were deflected off passing satellites.,overstatement,0,0.8059835433959961,0.786776065826416,0.019207477569580078,0.9595870971679688,0.14177713604521797,263.375,6,0.5,0.1360475104224189
2117,Why we can't ignore the outliers – unless they prove us wrong.,why we can't ignore the outliers,irony,0,0.7543937563896179,0.5336989760398865,0.22069478034973145,0.9436968564987183,0.27952792741962756,48.96742248535156,7,0.5833333333333334,0.26378962640950443
2118,"Increased heart attack risk over holidays? Just a minor risk, enjoy your feast.",increased heart attack risk over the holidays,understatement,0,0.5474432706832886,0.7856290936470032,-0.2381858229637146,0.8645540475845337,0.17447394295753052,169.90493774414062,9,0.6923076923076923,0.15084215358196607
2119,"Surge Soda Back and Sold Out, Nostalgia Overwhelms","surge soda back and sold out, nostalgia overwhelms",overstatement,1,0.8731199502944946,0.5982969403266907,0.27482300996780396,1.0000001192092896,0.02777619034011792,1184.1097412109375,7,0.875,0.02777619034011792
2120,Jesus was a socialist—so all those prosperity gospel preachers are just misreading the Bible.,jesus was a socialist,sarcasm,0,0.7445199489593506,0.6187291741371155,0.1257907748222351,0.759111225605011,0.013946604450021922,105.19438171386719,12,0.8571428571428571,0.010587023997084442
2121,secret agent's back's always been a bit hinky ever since he burst through that skylight and landed in fountain,The secret agent's back has always been hinky since he burst through that skylight and landed in a fountain.,sarcasm,1,0.6688732504844666,0.5809323787689209,0.08794087171554565,0.9505477547645569,0.5101364843241596,91.15951538085938,8,0.42105263157894735,0.48490908979781444
2122,Because faith-based health solutions from a medical journal are the height of scientific innovation.,faith-based health solutions from a medical journal,irony,0,0.9812812209129333,0.9725466966629028,0.008734524250030518,0.8145054578781128,0.36787944117144233,166.91156005859375,7,0.5,0.2996398126752899
2123,emperor penguin demands more smelt,The Emperor's penguin demands more smelt.,satire,1,0.5289443731307983,0.7162663340568542,-0.1873219609260559,0.9714999198913574,0.20205155046766235,592.6140747070312,3,0.5,0.19629306509325853
2124,man finally unpauses 'super mario bros.' after 18 years of chores,A man unpaused 'Super Mario Bros.' after 18 years of chores.,overstatement,0,0.8899921178817749,0.7844274044036865,0.10556471347808838,0.927107572555542,0.24808415001701817,145.349853515625,7,0.6363636363636364,0.23000069411178264
2125,Trump refuses to play GOP ball: team player he is not,donald trump refuses to play gop ball,sarcasm,0,0.7778324484825134,0.7808279991149902,-0.0029955506324768066,0.9022122621536255,0.09232083327419663,501.66412353515625,9,0.8181818181818182,0.08329298783222064
2126,Asking 'what was he wearing?' will undoubtedly end rape culture—journalism at its finest.,asking 'what was he wearing?' will end rape culture,irony,0,0.9096313714981079,0.7583269476890564,0.1513044238090515,0.9178732633590698,0.3291467773009902,151.21958923339844,6,0.46153846153846156,0.30211502660538087
2127,Drought costs $2B extra: just a minor inconvenience for Californians.,'dought' costs $2b extra for california,understatement,0,0.9189002513885498,0.6353428363800049,0.2835574150085449,0.5356587171554565,0.024925978674400287,538.7053833007812,8,0.8,0.013351817760573524
2128,tom clancy really happy with how latest video game with his name on it came out,Tom Clancy is pleased with the release of his latest video game with his name on it.,sarcasm,0,0.9707726836204529,0.9739741086959839,-0.003201425075531006,0.9321756958961487,0.360056585428503,30.336355209350586,11,0.6470588235294118,0.3356359980838059
2129,data-entry clerk reapplies carmex at 17-minute intervals,A data-entry clerk reapplies carmex at 17-minute intervals.,irony,0,0.8704138398170471,0.9426711201667786,-0.07225728034973145,0.9673866033554077,0.6803749333171202,368.2030944824219,2,0.25,0.658185595749811
2130,"Leelah Alcorn, rest in peace—finally got everyone's attention, huh?","leelah alcorn, rest in peace",sarcasm,1,0.8141124844551086,0.8591923117637634,-0.045079827308654785,0.9069122076034546,0.05105362709447673,548.8876342773438,7,0.7777777777777778,0.046301157654415434
2131,bags under tommy lee jones' eyes causing him neck problems,Bags under Tommy Lee Jones' eyes are causing him neck problems.,overstatement,0,0.5246182680130005,0.5668424367904663,-0.04222416877746582,0.9767993688583374,0.10600313379512592,174.9449920654297,6,0.5454545454545454,0.1035437941880849
2132,"unearthed cave painting of wooly mammoth, saber-tooth tiger reveals humans have debated what things would win in a fight since 30,000 b.c.","A cave painting of a wooly mammoth and saber-tooth tiger indicates that humans have debated what things would win in a fight since 30,000 BC.",irony,1,0.6011342406272888,0.5660334825515747,0.03510075807571411,0.9504555463790894,0.5354063183898494,67.93647766113281,7,0.28,0.508879904880041
2133,"Young Dems like Bernie: shocking, since he offers free college and healthcare.",young dems like sanders,understatement,0,0.9788464307785034,0.7959713339805603,0.18287509679794312,0.6669732332229614,0.010873221263821838,1783.0745849609375,11,0.9166666666666666,0.007252147541879906
2134,flight attendant quietly informs first class passengers where real emergency exits are,A flight attendant informs first class passengers of real emergency exits.,sarcasm,0,0.9677987694740295,0.9799244403839111,-0.012125670909881592,0.8890498876571655,0.2894742149567509,147.7698516845703,5,0.4166666666666667,0.25735701828694557
2135,"7 shameless ways to get an upgrade: ethics are optional, right?",7 shameless ways to get an upgrade,sarcasm,0,0.7335231900215149,0.5130854845046997,0.22043770551681519,0.7928507924079895,0.45691722266180906,465.4123840332031,5,0.45454545454545453,0.3622671820522731
2136,The only parenting advice I'd give: try not to mess up too much.,the only parenting advice i'd give,understatement,0,0.8495523929595947,0.5143749713897705,0.3351774215698242,0.8173971176147461,0.0629195042125731,363.83599853515625,10,0.7692307692307693,0.051430221385106126
2137,fcc chief cites special occasion for allowing vaginal penetration on network sitcom,The FCC chief cited a special occasion for allowing vaginal penetration on a network sitcom.,overstatement,0,0.9568015933036804,0.949343204498291,0.007458388805389404,0.9629559516906738,0.42610827239170174,559.3031616210938,6,0.4,0.41032349696422005
2138,white-on-white violence claims life of accounts receivable supervisor,White-on-White violence claims the life of accounts receivable supervisor.,irony,0,0.8085896372795105,0.7450035810470581,0.06358605623245239,0.9820202589035034,0.3549481056010053,177.1835174560547,3,0.3333333333333333,0.34856623055960734
2139,christian bale given neutered male statuette named oscar,Christian Bale was given a neutered male statuette named Oscar.,sarcasm,0,0.709777295589447,0.7139508128166199,-0.0041735172271728516,0.9824093580245972,0.2777619034011791,232.0849609375,5,0.5,0.27287589320404254
2140,María Tomás-Keegan's GPS guide to self-lift: because GPS fixes everything.,mara tomás-keegan's gps guide to self-lift,understatement,1,0.9501142501831055,0.6001279950141907,0.3499862551689148,0.9106518626213074,0.04432535465175531,1204.7099609375,8,0.8,0.040364966774971
2141,Women who love Trump say he gets a bad rap – poor guy.,women who love donald trump say he gets a bad rap,satire,0,0.9059094190597534,0.9475913047790527,-0.041681885719299316,0.9078328013420105,0.43297387492488815,181.54884338378906,6,0.46153846153846156,0.39306788578096646
2142,Walmart fact-checks Times—because facts are relative.,walmart fact-checks the times,satire,0,0.9264720678329468,0.8910440802574158,0.035427987575531006,0.8802520036697388,0.04873039689743777,690.418701171875,5,0.8333333333333334,0.04289502950859122
2143,partygoer vows to fix keg,A partygoer vows to fix keg.,sarcasm,0,0.8354664444923401,0.8703737258911133,-0.03490728139877319,0.9494295120239258,0.5081327481546147,526.5174560546875,2,0.3333333333333333,0.48243622712381223
2144,"Police reports conveniently forget what dashcams clearly show, as per usual.",police report forgets what dashcams clearly show,sarcasm,0,0.8464708924293518,0.7781866192817688,0.06828427314758301,0.952013373374939,0.09232083327419663,432.2674865722656,8,0.7272727272727273,0.08789066791815324
2145,"Eating Disorder Campaign Boycotts 'Before' Photo: 'After' is So Much Better, Right?",eating disorder campaign boycotts 'before' photo,irony,0,0.7244381904602051,0.9267966747283936,-0.20235848426818848,0.9055932760238647,0.0,2319.420166015625,12,1.0,0.0
2146,8 DIY gifts your friends will want – if they love disappointment.,8 DIY gifts your friends will want,irony,0,0.7536687850952148,0.7116010785102844,0.04206770658493042,0.9207082986831665,0.48954165955695317,515.58203125,5,0.4166666666666667,0.45072506850521626
2147,34 tweets that roast The Bachelor with surgical precision.,34 tweets that roast the bachelor with surgical precision,overstatement,0,0.9337157607078552,0.9387754201889038,-0.005059659481048584,0.99040687084198,0.3549481056010053,1618.655029296875,3,0.3333333333333333,0.35154304257958036
2148,viral video sparks national debate around drumming in public,A viral video sparks national debate about drumming in the public.,satire,0,0.946851909160614,0.9569115042686462,-0.010059595108032227,0.978424072265625,0.40352786374639904,212.94256591796875,4,0.36363636363636365,0.3948213757194
2149,"Voters overwhelmingly demand concession from losers, while totally accepting their own losses, no problem.",voters overwhelmingly demand concession from losers,sarcasm,0,0.8955332040786743,0.9289497137069702,-0.0334165096282959,0.9032953977584839,0.13394233819643575,4914.9609375,10,0.7142857142857143,0.1209894976578508
2150,ophthalmologist instructs patient not to look at anything 24 hours before eye surgery,An ophthalmologist advises the patient not to look at anything 24 hours before eye surgery.,overstatement,0,0.7501956820487976,0.8550621867179871,-0.10486650466918945,0.9472697973251343,0.6413865258981679,23.01753807067871,4,0.26666666666666666,0.6075660843946296
2151,fermilab receives generous anonymous particle donation,A fermilab received an anonymous donation.,satire,0,0.5621688365936279,0.6488730907440186,-0.08670425415039062,0.8628716468811035,0.048549177170732344,126.75167083740234,5,0.8333333333333334,0.04189170846003229
2152,laid-off zoologist goes on tranquilizing rampage,A laid-off zoologist continues to tranquilize the rampage.,irony,0,0.8564738631248474,0.9079824090003967,-0.051508545875549316,0.9501470923423767,0.05873949094699214,237.7091522216797,6,0.75,0.05581115652895594
2153,dog keeps iceland awake all night,A dog keeps the Iceland awake all night.,irony,0,0.5807409882545471,0.7369570732116699,-0.1562160849571228,0.9557663798332214,0.08307018474412793,806.9649047851562,4,0.5,0.07939568974497205
2154,first disk of rosetta stone hungarian just urges listeners to rethink this whole thing,The first disk of Rosetta Stonehungarian urges listeners to rethink this whole thing.,satire,1,0.5920255780220032,0.6462364792823792,-0.05421090126037598,0.808764636516571,0.4485608472663124,606.9371948242188,6,0.42857142857142855,0.3627801505949043
2155,Pro bono month: because lawyers need a break from billable hours too.,pro bono month,understatement,0,0.9764665961265564,0.7886659502983093,0.18780064582824707,0.6916738748550415,0.005656903127920845,4287.13818359375,11,0.9166666666666666,0.003912732106168616
2156,Survey shows young Americans want to reverse inequality. Until they have to pay for it.,survey shows young americans want to reverse inequality,sarcasm,0,0.9239548444747925,0.9378132224082947,-0.013858377933502197,0.9205788373947144,0.0720589322653391,643.5440673828125,10,0.6666666666666666,0.06633592808873034
2157,"What's lurking in pedicure tubs? Your worst fears, probably.",what's lurking in pedicure tubs?,rhetorical_question,1,0.8182550072669983,0.8795949220657349,-0.06133991479873657,0.8541195392608643,0.3004843884984905,255.8600311279297,5,0.5555555555555556,0.25664958745941324
2158,Behold! The profound and culturally significant title of American Horror Story Season 7 – because subtlety is overrated.,the profound and culturally significant title of american horror story season 7,satire,0,0.7967530488967896,0.6277251839637756,0.16902786493301392,0.848089337348938,0.26300316296079057,522.6124267578125,11,0.6111111111111112,0.22305017819609163
2159,tour guide one stop behind clearly giving more interesting tour,A tour guide is one stop behind giving a more interesting tour.,irony,0,0.9247376918792725,0.8723718523979187,0.05236583948135376,0.9140181541442871,0.1281101041965245,267.2748107910156,5,0.4166666666666667,0.11709496096493961
2160,"Serena Williams has perfected her argument against the wage gap: She's so good at explaining it, she should charge men for listening.",serena williams has perfected her argument against the wage gap,sarcasm,0,0.951475977897644,0.9375095963478088,0.013966381549835205,0.9284627437591553,0.19244596474019196,300.7113952636719,15,0.6818181818181818,0.17867890844805628
2161,rookie told to ease up on crime-scene tape,A rookie is advised to ease up on a crime-scene tape.,irony,1,0.8356238603591919,0.7219308018684387,0.11369305849075317,0.9319201707839966,0.2596535889340338,108.9132080078125,5,0.45454545454545453,0.24197641694408242
2162,supermodel's true beauty comes from outside,The supermodel's true beauty comes from outside.,irony,0,0.8953243494033813,0.8633244037628174,0.031999945640563965,0.9799195528030396,0.6147881529512643,123.68341064453125,2,0.2857142857142857,0.6024429319086096
2163,infants piling up at orphanage's old address,Infants are piling up at an orphanage's old address.,overstatement,1,0.6626572608947754,0.5995786786079407,0.06307858228683472,0.9478234052658081,0.14923729480049117,153.85165405273438,4,0.4444444444444444,0.1414506009504588
2164,joe arpaio's family surprises him with detained hispanic motorist,Joe Arpaio's family surprises him with a detained hispanic motorist.,satire,0,0.9197912216186523,0.8819715976715088,0.037819623947143555,0.9755247831344604,0.31239399369202553,271.2552490234375,4,0.4,0.3047480829489212
2165,area man to start curling his 2s,A local man plans to curl his 2s.,satire,0,0.6292589902877808,0.8012953996658325,-0.17203640937805176,0.7479552030563354,0.03655552228545124,543.2622680664062,6,0.75,0.027341893093845077
2166,"How exactly do discriminatory immigration policies affect the unborn? Oh, wait, they don't.",how exactly do discriminatory immigration policies affect the unborn?,rhetorical_question,1,0.5146586894989014,0.9104127883911133,-0.3957540988922119,0.97495436668396,0.5535566902494308,156.23049926757812,5,0.38461538461538464,0.5396925123658027
2167,"Yes, the man who lost a primary by 70 points is definitely the one to finally fix everything.",the man who lost a primary by 70 points is definitely the one to fix everything,sarcasm,0,0.9617981314659119,0.9634392857551575,-0.0016411542892456055,0.9611127376556396,0.7732050252989005,105.38204956054688,3,0.16666666666666666,0.7431371986341243
2168,report: nearby conversation definitely just got quiet to prevent you from hearing it,A report indicates that a nearby conversation was quiet to prevent you from hearing it.,overstatement,1,0.6284651160240173,0.5635074377059937,0.06495767831802368,0.8977708220481873,0.3641410562218426,197.91119384765625,9,0.6,0.32691521538577883
2169,"$88 million settlement for sex misconduct. Just a tiny, negligible oopsie for the district.",$88 million settlement for sex misconduct,understatement,0,0.9062325954437256,0.726390540599823,0.1798420548439026,0.8234760761260986,0.20029051217596075,432.573486328125,9,0.6428571428571429,0.16493444505194674
2170,Ten surefire methods to make your kid hate books less.,10 ways to make your kid hate books less,sarcasm,0,0.932986319065094,0.7440853118896484,0.18890100717544556,0.8920261859893799,0.525624059490303,271.2049255371094,4,0.4,0.46887042505138987
2171,Let's all commence to move forward—whatever that means.,let's all begin to move forward,sarcasm,1,0.8878446817398071,0.8107868432998657,0.0770578384399414,0.8121161460876465,0.06846046760764757,157.55384826660156,5,0.625,0.0555978511128809
2172,michelle obama admits barack had way too much sperm to make natural conception possible,Michelle Obama admitted that Barack had too much sperm to make a natural conception possible.,sarcasm,0,0.9034963846206665,0.9177342057228088,-0.014237821102142334,0.9650006294250488,0.2925612730731506,176.25221252441406,8,0.5333333333333333,0.28232181266098394
2173,tim burton worried he going through a bit of a 14-movie slump,Tim Burton is concerned that he may experience a significant slump in his 14 films.,sarcasm,1,0.5862895846366882,0.742792546749115,-0.15650296211242676,0.9228702783584595,0.017395797375642234,116.51732635498047,13,0.8666666666666667,0.016054064366326306
2174,The tartan carpet gala: where fashion meets historical drama in the most extravagant way possible.,the tartan carpet gala,overstatement,0,0.968052327632904,0.8727290630340576,0.09532326459884644,0.7722976803779602,0.012020365629417109,3104.066162109375,13,0.8666666666666667,0.009283300492893793
2175,Chelsea Handler's brilliant tribute to Sarah Huckabee Sanders showcases her finest moments.,chelsea handler's brilliant tribute to sarah huckabee sanders,satire,0,0.8551729917526245,0.9238106608390808,-0.0686376690864563,0.9627901315689087,0.08338026118731375,1429.447509765625,9,0.75,0.08027769263878377
2176,The hottest NYC restaurant is a dorm room – fine dining has never been more exclusive with bunk beds!,the hottest nyc restaurant is a dorm room,overstatement,0,0.6487479209899902,0.8928916454315186,-0.24414372444152832,0.859441876411438,0.13680702220471316,419.40875244140625,13,0.6842105263157895,0.11757768386987995
2177,"Chrissy Teigen grateful for Instagram filters—her way of fighting online hate, one block at a time.",chrissy teigen grateful for instagram filters,satire,0,0.8793943524360657,0.8986453413963318,-0.019250988960266113,0.8910187482833862,0.016306386699013735,1251.2852783203125,14,0.875,0.014529296265580076
2178,"Just a little ol' murder, nothing to see here.",just a little ol' murder,understatement,0,0.7921993732452393,0.6181605458259583,0.174038827419281,0.8182816505432129,0.11948321931215808,188.8925018310547,6,0.6666666666666666,0.0977709259109694
2179,Nas talks 'Ghostbusters'-inspired lines and sartorial heroes – because rap is really about proton packs and suits.,nas talks 'ghostbusters'-inspired lines and sartorial heroes,satire,0,0.9436830282211304,0.9009240865707397,0.042758941650390625,0.8022212982177734,0.10418130752448972,416.4432373046875,12,0.7058823529411765,0.08357646377232122
2180,total idiot resorting to tribalism decades before climate catastrophe makes it necessary,A total idiot is resorting to tribalism decades before the climate catastrophe becomes necessary.,sarcasm,0,0.9399440884590149,0.84842449426651,0.09151959419250488,0.9480479955673218,0.3407806467081348,265.71014404296875,6,0.42857142857142855,0.3230764090397828
2181,man sort of curious what his last straw is going to be,A man is curious about his last straw.,understatement,0,0.9201041460037231,0.6533048748970032,0.26679927110671997,0.8377931118011475,0.04479896078974043,176.588623046875,9,0.75,0.03753226076549423
2182,"scientists discover dangerous link between book learnin', back talk",Scientists discover a dangerous link between book learnin' and back talk.,satire,0,0.8387594819068909,0.7882491946220398,0.050510287284851074,0.9692574739456177,0.2596535889340338,349.4938049316406,5,0.45454545454545453,0.25167118171111535
2183,"Director makes movie about childhood friend, because Hollywood needs more tributes",director makes movie about childhood friend,satire,0,0.9464143514633179,0.7296337485313416,0.21678060293197632,0.8051307201385498,0.22083358203177395,1006.0162353515625,7,0.6363636363636364,0.17779990093201767
2184,Prime Day's top toys: because consumerism is love.,prime day's top toys,satire,0,0.9656687378883362,0.793721079826355,0.1719476580619812,0.7986636161804199,0.029556479778261396,1316.0689697265625,7,0.875,0.023605685021269703
2185,office politician runs for coffee,An office politician is running for coffee.,irony,0,0.9572243690490723,0.9177886247634888,0.039435744285583496,0.9581699371337891,0.07730551756939454,498.74493408203125,4,0.5714285714285714,0.07407182290956178
2186,"Drake's dad's music video is so smooth, it could calm a raging bull.",drake's dad's music video is so smooth,overstatement,0,0.5601164102554321,0.9085096120834351,-0.34839320182800293,0.813683032989502,0.260899397956404,225.47280883789062,8,0.6153846153846154,0.21228941343430185
2187,archaeologists unearth ancient clay pot shards from dwelling of earliest known klutz,Archaeologists discovered ancient clay pot shards from the dwelling of the earliest known Klutz.,satire,1,0.6301913261413574,0.5997354388237,0.03045588731765747,0.9592603445053101,0.3407806467081348,204.70558166503906,5,0.35714285714285715,0.32689736056198776
2188,william barr shows up to congress to testify at 3 a.m. after reading email wrong,William Barr attends Congress to testify at 3 a.m. after reading an email incorrect.,irony,0,0.9103833436965942,0.8672807216644287,0.04310262203216553,0.9528705477714539,0.4162799023755186,249.29042053222656,8,0.5333333333333333,0.39666085860280775
2189,suicidegirls.com put on 24-hour watch,suicidegirls.com has a 24-hour watch.,irony,0,0.6293491721153259,0.783543050289154,-0.15419387817382812,0.9469963312149048,0.06389431042462725,135.76104736328125,3,0.6,0.060507677557628245
2190,bumper nilla crop spells profit for wafer growers,A bumper nilla crop makes a profit for wafer growers.,irony,0,0.9246788620948792,0.9592857956886292,-0.03460693359375,0.9194446802139282,0.17567205239427922,951.2891845703125,4,0.4,0.1615207340361825
2191,cash-strapped trump forced to replace eric trump with cheap migrant son,Trump is forced to replace Eric Trump with a cheap migrant son.,sarcasm,0,0.7792877554893494,0.8082006573677063,-0.028912901878356934,0.9254908561706543,0.11094660471566163,127.78771209716797,6,0.5,0.10268006818752483
2192,Trump won't condemn neo-nazis? UN panel is utterly surprised.,donald trump won't condemn neo-nazis,rhetorical_question,0,0.8963704705238342,0.9034044146537781,-0.007033944129943848,0.7936543226242065,0.05105362709447673,71.28483581542969,8,0.8888888888888888,0.040518931829175764
2193,"RNC chair: since we're terrible at normal, let's roll the dice with Trump.",rnc chair: 'we're terrible at normal',sarcasm,0,0.5834305882453918,0.8505918383598328,-0.2671612501144409,0.7750459313392639,0.029752796575840495,643.8313598632812,10,0.7692307692307693,0.02305978393206996
2194,monsanto develops hardier strain of corn that yields 4 times normal litigation,Monsanto develops a hardier strain of corn that yields 4 times normal litigation.,irony,0,0.5904890298843384,0.6128515601158142,-0.02236253023147583,0.9703624844551086,0.6652049901111008,247.48704528808594,3,0.23076923076923078,0.6454899668761438
2195,"Yes, because nothing captures the despair of student loans like a comic book.",how to get a student loan in a comic book,sarcasm,0,0.8094848990440369,0.5022958517074585,0.30718904733657837,0.7518941164016724,0.03659184730575803,66.81063842773438,10,0.7692307692307693,0.02751319469746785
2196,"friend insists you just have to climb ladder, hop gap, scale wall to see the view from apartment's roof","A friend insists that you need to climb a ladder, hop gap and scale wall to see the view from the apartment's roof.",irony,1,0.5512466430664062,0.5033295154571533,0.04791712760925293,0.9593088626861572,0.3357306484097323,105.28400421142578,9,0.391304347826087,0.3220693864948264
2197,A millennial perspective on Concur's new app center: because what we need is another app to manage our apps.,a millennial perspective on concur's new app center,sarcasm,0,0.769830048084259,0.6843671202659607,0.08546292781829834,0.9310302138328552,0.04370595172508409,2437.60302734375,14,0.7368421052631579,0.040691561580373486
2198,mom calmly emptying dishwasher as if shrieking argument didn't happen 10 minutes ago,A mother is emptying the dishwasher as if a shrieking argument didn't happen 10 minutes ago.,understatement,0,0.9360706210136414,0.89695143699646,0.039119184017181396,0.9024821519851685,0.393755531055134,84.24447631835938,6,0.375,0.35535733902270017
2199,Chewbacca gets a 'Chewbacca mom' mask? Because Star Wars fans needed more merch.,chewbacca gets a 'chewbacca mom' mask,sarcasm,0,0.8706004619598389,0.8041741847991943,0.06642627716064453,0.8377752304077148,0.029752796575840495,180.64378356933594,10,0.7692307692307693,0.02492615600659864
2200,Because matching with the 'most hated man in pharma' on Tinder is everyone's dream.,the'most hated man in pharma' on tinder,irony,0,0.9765598177909851,0.5724055767059326,0.4041542410850525,0.7515876293182373,0.22616792214653433,1044.0999755859375,9,0.6428571428571429,0.1699850124339454
2201,Knobby-faced beast stands tall? This fossil rewrites history books.,the knobby-faced beast stands tall,overstatement,1,0.8380314707756042,0.6997876167297363,0.13824385404586792,0.7728298902511597,0.05105362709447673,628.4957885742188,8,0.8888888888888888,0.03945576902434808
2202,Art-house films this summer: because who needs plot or fun?,art-house films this summer,understatement,1,0.8104309439659119,0.7559940218925476,0.05443692207336426,0.7521740198135376,0.03791080144520064,318.6911926269531,8,0.8,0.02851551991738944
2203,government no longer even bothering to hide halliburton favors,The government is unable to hide halliburton favors.,sarcasm,0,0.6241369843482971,0.5717814564704895,0.05235552787780762,0.851142406463623,0.13036420666577953,598.2219848632812,6,0.6666666666666666,0.11095850457823267
2204,Seth Meyers points out how Mike Pence's love for Trump is as genuine as a 'Love Actually' plot.,seth meyers points out how mike pence's love for donald trump is as genuine as a 'love actually' plot,sarcasm,0,0.9258764386177063,0.8841477036476135,0.04172873497009277,0.9853016138076782,0.27854685173648897,263.662109375,9,0.47368421052631576,0.27445266253701067
2205,people in healthcare.gov stock photos now visibly panicking,People in healthcare.gov stock photos are increasingly panicking.,sarcasm,0,0.9305388927459717,0.9435530304908752,-0.013014137744903564,0.9549481868743896,0.345720784641941,207.79531860351562,4,0.5,0.3301454364586129
2206,family has strict no smartphone rule while eating dinner in front of tv,A family has no smartphone rule while eating dinner in front of television.,irony,0,0.7202380299568176,0.5960195660591125,0.12421846389770508,0.879854679107666,0.7016035864257111,214.3438262939453,3,0.23076923076923078,0.6173091983953817
2207,Trump's diary offers deep insights: 'Day 1: I am great. Day 100: Still great.' Must-read.,trump's diary offers deep insights on 'day 1: i am great. day 100: still great.',satire,0,0.582532525062561,0.704260528087616,-0.12172800302505493,0.9690917134284973,0.0925159978069645,239.8301239013672,8,0.5333333333333333,0.08965648683429832
2208,10 qualities of your inner spirit? Who needs science when you have lists?,10 qualities of your inner spirit,rhetorical_question,1,0.9646586775779724,0.8748995661735535,0.08975911140441895,0.8113749027252197,0.23661528215726477,579.5673217773438,8,0.6153846153846154,0.19198370154365113
2209,std had awesome time on spring break,The SST had a great time on Spring Break.,understatement,0,0.8671425580978394,0.8204349279403687,0.0467076301574707,0.6710549592971802,0.056122223243057295,111.43461608886719,6,0.6666666666666666,0.03766109623403707
2210,"world cup stadium's walls reinforced with 10,000 homeless brazilians","The World Cup stadium's walls are reinforced with 10,000 homeless Brazilians.",sarcasm,0,0.9278213381767273,0.922191321849823,0.005630016326904297,0.9835667014122009,0.2790159393585827,111.36853790283203,5,0.45454545454545453,0.2744307871163479
2211,Kid who hugged cop in viral protest photo feared dead in family car plunge—from heartwarming to tragic in seconds.,kid who hugged cop in viral protest photo feared dead in family car plunge,irony,0,0.5541715025901794,0.5060645341873169,0.04810696840286255,0.9720228910446167,0.5867290727149083,1927.670166015625,7,0.3684210526315789,0.5703140895202723
2212,mom guesses dressbarn closure means she'll just have to go shop with all the sluts over at chico's now,A mother believes that a dressbarn closure means she will have to shop with all the sluts over at Chico's now.,sarcasm,0,0.8157330751419067,0.827343761920929,-0.011610686779022217,0.9487950205802917,0.36651343611373033,139.88914489746094,10,0.47619047619047616,0.3477461231604802
2213,The long fight for justice: where 'long' means 'eternal' and 'justice' is a fairy tale.,the long fight for justice,sarcasm,0,0.8475109338760376,0.7234789133071899,0.12403202056884766,0.7747180461883545,0.03598765407745826,98.10474395751953,12,0.8,0.027880285053790834
2214,"Starbucks, ever the patron of high art, invites you to deface their seasonal cup like a toddler with a placemat.",st. louis' st. louis's seasonal cup invites you to deface it like a toddler with a placemat,satire,1,0.8288452625274658,0.7153061032295227,0.11353915929794312,0.5989322066307068,0.32681819751584906,107.4476089477539,11,0.55,0.19574194420523766
2215,kidnapped journalist forced to explain to isis captors what buzzfeed news is,A kidnapped journalist is forced to explain to isis captors what Buzzfeed news is.,satire,0,0.8892662525177002,0.9249444603919983,-0.035678207874298096,0.9592227339744568,0.5031747626530138,223.36959838867188,4,0.2857142857142857,0.48265667149897223
2216,mitt romney announces he's running for his life,Mitt Romney announced he is running for his life.,sarcasm,0,0.5918152928352356,0.6192219257354736,-0.027406632900238037,0.9340368509292603,0.11868405219520975,34.51026153564453,6,0.6666666666666666,0.11085527836793767
2217,"On Supreme Court steps, too happy to hate – because joy and injustice go hand in hand, clearly.","on supreme court steps, too happy to hate",irony,0,0.9189152121543884,0.6830523014068604,0.23586291074752808,0.8473538160324097,0.14811528845667093,734.6203002929688,13,0.7222222222222222,0.12550605488650124
2218,"Bill Murray's bribery attempt is so cute, you'd almost forget it's illegal.",bill murray's bribery attempt is so cute,sarcasm,0,0.9178427457809448,0.9558361172676086,-0.03799337148666382,0.8937764167785645,0.20126703311713304,1924.803466796875,8,0.6666666666666666,0.17988772767508382
2219,national security council distracted by whimpering jared kushner pawing at door throughout meeting,The National Security Council is distracted by Jared Kushner pawing at the door during the meeting.,sarcasm,0,0.9229321479797363,0.9002154469490051,0.0227167010307312,0.9365451335906982,0.03889818545474848,64.2269058227539,12,0.75,0.036429906293153166
2220,Watched three attacks from school? Just another day in America.,watched three attacks from school,understatement,0,0.9746336936950684,0.6111909747123718,0.36344271898269653,0.880791187286377,0.09782458612762486,4057.541259765625,7,0.7,0.08616303336114914
2221,"Finally, a drug policy expert says what we all knew: legalizing weed will solve everything, right?",a drug policy expert says what we all knew about legalizing weed,satire,0,0.9786030650138855,0.9749217629432678,0.0036813020706176758,0.880418598651886,0.4803788442733142,262.13922119140625,7,0.4375,0.4229344688971238
2222,"Congratulations to Jared Kushner on his new role as FBI director, because nepotism is the new meritocracy.",congratulations to jared kushner on his new role as fbi director,sarcasm,0,0.9635903239250183,0.9222952127456665,0.04129511117935181,0.8285176753997803,0.2128244052505896,136.16514587402344,11,0.6470588235294118,0.17632878150655928
2223,boyfriend vows to try harder,A boyfriend vows to try harder.,irony,0,0.8340273499488831,0.9270556569099426,-0.09302830696105957,0.9386730790138245,0.5081327481546147,554.4367065429688,2,0.3333333333333333,0.47697053125804845
2224,"Even female doctors struggle for equal pay, despite being obviously superior.",even female doctors struggle for equal pay,sarcasm,0,0.968678891658783,0.937076985836029,0.031601905822753906,0.9301944971084595,0.34718201116725705,447.131103515625,6,0.5454545454545454,0.32294679628283024
2225,Florida man head-butts a bus? Classic problem-solving.,florida man head-butts a bus,irony,0,0.9648046493530273,0.6224558353424072,0.3423488140106201,0.8374228477478027,0.17824801752356584,108.22518920898438,4,0.5714285714285714,0.14926896243998475
2226,Exclusive: Hillary's secret speech notes that no one cares about.,exclusive: hillary clinton's secret speech notes that no one cares about,sarcasm,0,0.7192127108573914,0.7247430086135864,-0.005530297756195068,0.9690295457839966,0.5706745777055999,215.29881286621094,4,0.36363636363636365,0.5530005268245316
2227,Brianna Brochu's story reveals racism is just a minor undercurrent in Connecticut.,brianna brochu's story reveals racism is a minor undercurrent in connecticut,irony,0,0.6662917733192444,0.7146990299224854,-0.04840725660324097,0.9735873937606812,0.42846977766678973,615.4130249023438,4,0.3333333333333333,0.41715277414382834
2228,A mashup so profound it will guide you to sabotage street. Or confuse you. Probably both.,a mashup that will guide you to sabotage street,satire,1,0.9354158043861389,0.9014096260070801,0.03400617837905884,0.839239239692688,0.2146152503562547,490.3502197265625,10,0.625,0.18011353953543907
2229,"Surprise, surprise, the art of the deal involves... not keeping deals?","surprise, surprise, the art of the deal involves",irony,0,0.9214973449707031,0.741712212562561,0.1797851324081421,0.795036792755127,0.46761439722697934,115.51166534423828,5,0.45454545454545453,0.37177065061745956
2230,report: mom going to need you to pitch in around house after her procedure,A report indicates that a mother will need to pitch in around the house after her procedure.,sarcasm,1,0.669754683971405,0.6022201180458069,0.06753456592559814,0.9148619771003723,0.2140909265975804,100.68412017822266,10,0.5882352941176471,0.19586364838631307
2231,historical archives: to be sold - carved wooden heads,Historical archives: to be sold - carved wooden heads.,irony,1,0.8557356595993042,0.836135745048523,0.01959991455078125,0.9915316700935364,0.7259795291154771,563.368408203125,2,0.2222222222222222,0.7198316949575881
2232,local senior keeps busy with obituary-clipping hobby,A local senior is busy with an obituary-clipping hobby.,satire,0,0.8930281400680542,0.8791717886924744,0.013856351375579834,0.945284903049469,0.07583235673413397,160.40074157714844,4,0.4444444444444444,0.07168318198343858
2233,George and Amal Clooney stun post-baby red carpet: as if having a baby changes your style.,george and amal clooney stun the post-baby red carpet,understatement,0,0.9555116891860962,0.795001208782196,0.16051048040390015,0.9299461841583252,0.027706709682397003,1453.6343994140625,13,0.8125,0.025765748944727614
2234,"With all eyes on Trump, Texas passes horrific laws? Perfect, let's distract from the real issues.","with all eyes on donald trump, texas passes horrific laws",irony,0,0.9790341258049011,0.9673667550086975,0.011667370796203613,0.9020000696182251,0.07208393585152544,519.8580322265625,12,0.75,0.06501971515643161
2235,Freedom with a twist of maturity? Because liberty tastes better with responsibility.,freedom with a twist of maturity,satire,1,0.5787304639816284,0.7961928844451904,-0.217462420463562,0.765850305557251,0.18693159143202892,431.78851318359375,8,0.6666666666666666,0.14316161641652256
2236,Behold a tatted up Zayn Malik: the world hasn't seen tattoos before.,zayn malik tatted up,overstatement,1,0.7015179395675659,0.6697195768356323,0.031798362731933594,0.8317530155181885,0.022994063410792204,4008.61376953125,10,0.8333333333333334,0.019125381580942857
2237,Clarence Thomas harassed me? Impeach him? Never! Said the corrupt.,"clarence thomas harassed me, impeach him",sarcasm,0,0.6185473203659058,0.5055174231529236,0.11302989721298218,0.854144275188446,0.020960166113993737,475.67681884765625,9,0.9,0.01790300589326661
2238,An Apology to My Fellow Black Woman for Existing in This Mess,an aology to my fellow black woman for being in this mess,overstatement,1,0.8905857801437378,0.7082889080047607,0.18229687213897705,0.7809080481529236,0.022416933501922302,291.3426208496094,9,0.75,0.017505563786560027
2239,U.S. vs. China in Africa: A totally cooperative and not competitive venture.,u.s. vs. china in africa,sarcasm,1,0.8473683595657349,0.7506642937660217,0.09670406579971313,0.8235633373260498,0.015756142963855618,77.49246215820312,10,0.8333333333333334,0.012976181682699291
2240,new history textbook makes hatred of history come alive for students,A new history textbook encourages students to embrace history.,irony,0,0.9710659980773926,0.9227786660194397,0.04828733205795288,0.7696559429168701,0.10212149527580384,129.76443481445312,9,0.8181818181818182,0.07859841573857951
2241,hellmann's introduces new meat-on-the-bottom mayo cups,Hellmann's has introduced new mayo cups that are meat-on-the-bottom.,overstatement,0,0.8014287352561951,0.6841976642608643,0.11723107099533081,0.9674122929573059,0.056122223243057295,117.3132553100586,7,0.7777777777777778,0.054293328673427864
2242,belt looks weird on child,A child wears a belt that looks strange on her.,sarcasm,0,0.543193519115448,0.596844494342804,-0.05365097522735596,0.8410801887512207,0.02984745896009824,91.132568359375,7,0.7,0.025104106415903743
2243,poll finds 97% of americans don't know who donald trump is,A poll shows that 97% of Americans don't know who Donald Trump is.,overstatement,0,0.7825175523757935,0.5976865887641907,0.18483096361160278,0.9560588002204895,0.10120193244194395,11.67698860168457,7,0.5384615384615384,0.09675499811043996
2244,woman worried she doing bad job enjoying massage,A woman is concerned that she does not enjoy a massage.,sarcasm,0,0.9131937623023987,0.8361896872520447,0.077004075050354,0.7894871830940247,0.022416933501922302,70.43069458007812,9,0.8181818181818182,0.01769788168403871
2245,Andrew Lincoln will make you hope for Rick's death scene. What a charming plot twist.,george linson will make you hope for rih's death scene,sarcasm,0,0.8657107949256897,0.502112865447998,0.36359792947769165,0.4755331873893738,0.2493651438887133,807.5396118164062,9,0.6,0.11858140169720967
2246,"In a world where body positivity means embracing all sizes, a model is 'ok' with being called fat. How revolutionary.","in a world where body positivity means embracing all sizes, a model is 'ok' with being called fat",irony,0,0.9692916870117188,0.8144084215164185,0.1548832654953003,0.9456544518470764,0.7858371354498703,110.76319885253906,4,0.2,0.7431303855649238
2247,airbnb user loves how easy website makes it to ejaculate in stranger's sink,An airbnb user enjoys the ease of ejaculating in a stranger's sink.,sarcasm,0,0.9578391909599304,0.9323863387107849,0.025452852249145508,0.8498618602752686,0.0394112020231606,138.99317932128906,11,0.8461538461538461,0.03349407746708769
2248,Frankie Muniz seems keen on a Malcolm reboot – because originality is overrated when you have nostalgia.,frankie muniz seems keen on a mallorquin reboot,irony,0,0.6261317729949951,0.5586300492286682,0.0675017237663269,0.6320102214813232,0.11867840505544883,950.7576904296875,12,0.7058823529411765,0.0750059650641444
2249,american media reports news other than zoo's escaped cobra as if anything else really matters,American media reports news other than Zoo's escaped cobra as if anything else matters.,sarcasm,0,0.9163272976875305,0.9222385287284851,-0.00591123104095459,0.9905391931533813,0.5737774096497974,476.64471435546875,4,0.26666666666666666,0.5683490124041475
2250,"Nations advised to avoid South China Sea confrontation, as peace is already here.",nations advised to avoid south china sea confrontation,sarcasm,1,0.7567853927612305,0.6365281939506531,0.12025719881057739,0.8854010701179504,0.07358282223449895,1900.858154296875,10,0.7692307692307693,0.06515030954872429
2251,"Clippers win championship, racism wins too – sports always promote equality, right?","clippers win championship, racism wins too",irony,0,0.922420859336853,0.9006940722465515,0.021726787090301514,0.8368299603462219,0.27952792741962756,2330.949951171875,7,0.5833333333333334,0.23391734441822853
2252,"5 steps to get you from shy to sociable – step 1: become a mind reader, step 2: never be awkward again.",5 steps to get you from shy to sociable,overstatement,1,0.8464376926422119,0.5037036538124084,0.34273403882980347,0.8909342885017395,0.23587708298569995,85.3909683227539,13,0.5909090909090909,0.21015098110373034
2253,"Why leave a husband who threatens to kill you? For the cozy domestic violence, of course.",why leave a husband who threatens to kill you,sarcasm,1,0.693553626537323,0.7048736214637756,-0.011319994926452637,0.8645105361938477,0.33353374339709213,78.47077178955078,9,0.5625,0.2883434353429613
2254,inept coworker increasingly difficult to fantasize about,An inept coworker is increasingly difficult to fantasize about.,sarcasm,0,0.723236083984375,0.8923680782318115,-0.16913199424743652,0.9505850672721863,0.3549481056010053,149.02658081054688,3,0.3333333333333333,0.3374083688408667
2255,louvre curators hurry to display ugly van gogh donor gave them before surprise visit,Louvre curators are preparing to display an ugly Van Gogh donor gave them before a surprise visit.,satire,0,0.8766903281211853,0.8967104554176331,-0.020020127296447754,0.922944188117981,0.18842393723950338,289.7622375488281,8,0.47058823529411764,0.17390477777750685
2256,scientists find human vocal cords developed over millennia to lower voice when speculating on acquaintance's sexual orientation,Scientists find that human vocal cords have evolved over millennia to lower their voice when speculating on an acquaintance's sexual orientation.,overstatement,0,0.8650119304656982,0.8545666337013245,0.01044529676437378,0.9613534212112427,0.30603689509300896,57.64382553100586,7,0.3333333333333333,0.29420961611453034
2257,"7 ridiculously easy ways to protect your bones – so easy, you'll forget you're even trying to avoid osteoporosis!",7 ridiculously easy ways to protect your bones,overstatement,0,0.575027585029602,0.7853240966796875,-0.21029651165008545,0.8948401212692261,0.25283959580474646,366.66583251953125,11,0.5789473684210527,0.22625101457158142
2258,"This is so much cooler than your boring black ponytail holder? Wow, that ponytail holder must be a revolution in hair accessories.",this is so much cooler than your boring black ponytail holder,overstatement,0,0.9736822843551636,0.8436877131462097,0.12999457120895386,0.9328426122665405,0.3057716189299773,170.41107177734375,12,0.5454545454545454,0.2852367957596092
2259,fire department deploys unmarked trucks,The Fire Department deployed unmarked trucks.,irony,0,0.9469033479690552,0.9081575870513916,0.038745760917663574,0.9658371210098267,0.040824829046386304,527.8839721679688,5,0.8333333333333334,0.03943013535188009
2260,Fed finally 'lowers the boom' on Wells Fargo after years of scandals—about time they noticed.,the fed finally 'lowers the boom' on wells fargo after years of scandals,sarcasm,0,0.9141265153884888,0.8869932889938354,0.02713322639465332,0.9656590223312378,0.3316186519505937,845.9819946289062,8,0.5333333333333333,0.32023054322941336
2261,"Aunt Flo's uninvited visits made adorable – because menstruation is just a funny little quirk, right?",aunt flo's uninvited visits made adorable,satire,0,0.907863974571228,0.9262682199478149,-0.018404245376586914,0.8419201374053955,0.09597387912920985,861.7124633789062,12,0.75,0.08080234150379317
2262,area man tired of making excuses for rapist friend,A local man is tired of making excuses for a rapist friend.,sarcasm,0,0.8351414203643799,0.9066216349601746,-0.07148021459579468,0.9120655059814453,0.3448444257953326,124.0693130493164,5,0.4166666666666667,0.31452070569790097
2263,authorities on loudspeaker plead with holdout characters to evacuate disney world while they still can,Authorities on loudspeaker plead with holdout characters to evacuate the disney world while they still can.,satire,0,0.902134120464325,0.89564049243927,0.006493628025054932,0.9847676753997803,0.6739047062564734,303.28472900390625,3,0.1875,0.663639571021159
2264,"Ivanka, where's your LGBTQ advocacy when your dad is anti-LGBTQ? Probably shopping.","ivanka, where's your lgbtq advocacy when your dad is anti-lgbtq?",sarcasm,1,0.5809787511825562,0.5234096050262451,0.057569146156311035,0.9368187785148621,0.3699033744491308,105.76251983642578,5,0.4166666666666667,0.3465324274199603
2265,"cheney to speak at republican convention from section 109, row 56, seat 3","Cheney will speak at the Republican convention from sections 109, row 56, and seat 3.",satire,1,0.7107903361320496,0.6581006646156311,0.05268967151641846,0.9456859230995178,0.09941490945601678,302.4430847167969,7,0.4666666666666667,0.09401528041876821
2266,Andrew Lincoln and cue cards back? The cultural event of the decade.,andrew linson and cue cards back,understatement,1,0.9406312704086304,0.781509280204773,0.15912199020385742,0.6364177465438843,0.0743306114738671,2507.798095703125,9,0.75,0.04730532025342749
2267,"'oh, was i not enough for you?' amazon echo asks couple bringing new baby home",Amazon Echo asks a couple to bring a new baby home.,sarcasm,0,0.7108204364776611,0.7462061643600464,-0.035385727882385254,0.8032180070877075,0.03295402268196149,172.57659912109375,13,0.8666666666666667,0.026469264424128214
2268,14 Toronto film festival movies worth your attention. As if you needed more reasons to stay home.,14 toronto film festival movies worth your attention,sarcasm,1,0.655829668045044,0.8029714226722717,-0.14714175462722778,0.9008786678314209,0.17566369369221596,1316.3916015625,11,0.6470588235294118,0.1582516743597903
2269,Russia objects to U.S. arming rebels—peace-loving as always.,russia objects to u.s. arming rebels,sarcasm,0,0.9442425966262817,0.9323437213897705,0.01189887523651123,0.9149609804153442,0.06846046760764757,782.1234130859375,5,0.625,0.06263865656198614
2270,tapas arriving too fast,Tapas are arriving too fast.,irony,0,0.6962243318557739,0.7578086853027344,-0.06158435344696045,0.9187889099121094,0.11362193664674995,232.34095764160156,3,0.6,0.10439457531377014
2271,"Rubio's struggle to have an original thought, barely noticeable",robio's struggle to have an original thought,understatement,0,0.5612103939056396,0.506526529788971,0.0546838641166687,0.7154685258865356,0.46199933699457096,205.1365966796875,4,0.4444444444444444,0.3305459846000625
2272,clinton takes stand against harmful uv radiation,Clinton opposes harmful Uv radiation.,understatement,0,0.7920315265655518,0.9147545099258423,-0.12272298336029053,0.9048349857330322,0.036015288308423515,9934.0537109375,6,0.8571428571428571,0.032587892882723436
2273,nation's moms demand christmas list,The nation's moms demand a christmas list.,sarcasm,0,0.9263705015182495,0.6628506183624268,0.26351988315582275,0.9601646661758423,0.17567205239427922,527.052490234375,3,0.42857142857142855,0.16867409754357818
2274,"Happiness answered two millennia ago—and we're still searching, obviously.",happiness answered two millennia ago,sarcasm,0,0.712687611579895,0.7881059646606445,-0.07541835308074951,0.8980215787887573,0.11948321931215808,2727.832275390625,6,0.6666666666666666,0.10729850924546754
2275,pope starting to suspect bishops getting huge erections during meeting on child sexual abuse might be pedophiles,Pope suspects that bishops receiving large erections during a meeting on child sexual abuse might be pedophiles.,satire,0,0.9242614507675171,0.9362931251525879,-0.0120316743850708,0.9641295671463013,0.395671672945243,104.08788299560547,8,0.47058823529411764,0.38147875876875004
2276,"Trump now claims 'illegal immigrants' are behind voter fraud, solving the mystery of his elusive mandate.",donald trump now claims 'illegal immigrants' are behind voter fraud,sarcasm,0,0.9373329877853394,0.9375903010368347,-0.00025731325149536133,0.9201067090034485,0.35065941041239285,91.96719360351562,10,0.625,0.32264407609563633
2277,Supreme Court to decide if Bush-era officials can be sued; because accountability is so last decade.,supreme court to decide if bush-era officials can be sued,sarcasm,0,0.7788472771644592,0.7695587277412415,0.009288549423217773,0.8294296264648438,0.0964108664904999,208.82846069335938,10,0.625,0.07996602898036725
2278,"Scholarship for Sterling's children: fixes everything, right?",scholarship for sterling's children,sarcasm,0,0.9623659253120422,0.8303341269493103,0.13203179836273193,0.9249616861343384,0.037951271263104894,961.1946411132812,6,0.8571428571428571,0.035103471858463166
2279,first day of school photos a chance to see how much cousin's kids are chunking out this year,The first day of school photos is a chance to see how much their cousin's children are chunking out this year.,sarcasm,0,0.9194790720939636,0.9530481696128845,-0.0335690975189209,0.9467180371284485,0.5183282721440023,91.9478530883789,5,0.23809523809523808,0.49071072439235014
2280,laura ingraham claims protesting parkland students don't have enough gun knowledge to criticize nicholas cruz,Laura Ingraham claims that protesting Parkland students lack sufficient gun knowledge to criticize Nicholas Cruz.,sarcasm,0,0.8338453769683838,0.7968078255653381,0.037037551403045654,0.9187748432159424,0.1892240568795935,584.541748046875,9,0.6,0.17385430319223308
2281,jeb bush bungles several questions on first day back at home,Jeb Bush asked questions on his first day at home.,sarcasm,0,0.5239487290382385,0.8779039978981018,-0.3539552688598633,0.6882543563842773,0.06038970633304927,76.56824493408203,7,0.6363636363636364,0.041563478464488345
2282,"Oh, sure, Obama totally supports Black Lives Matter—just not loudly enough to actually make a difference.",obama totally supports black lives matter,sarcasm,0,0.8743898868560791,0.9633563160896301,-0.08896642923355103,0.9156224727630615,0.016306386699013735,623.2489624023438,14,0.875,0.014930494111181651
2283,this so typical of hemophiliac,A hemophiliac is characterized as a typical hemophiliac.,understatement,0,0.9211459159851074,0.6897996664047241,0.2313462495803833,0.7702817916870117,0.03303164318013808,20.891286849975586,8,1.0,0.02544367329116282
2284,new dog sick of being compared to old one,A new dog is sick of being compared to an old dog.,satire,1,0.8547542691230774,0.8603606224060059,-0.005606353282928467,0.9004843831062317,0.37700638045494705,45.421817779541016,4,0.3333333333333333,0.3394883579310863
2285,detective endangers own life by looking forward to upcoming retirement,Detectives endangers their own life by looking forward to a upcoming retirement.,irony,0,0.9242839813232422,0.9370844960212708,-0.012800514698028564,0.9174437522888184,0.44833867003844585,184.77134704589844,4,0.3333333333333333,0.4113255117362502
2286,employee leaving company unsure how to break it to coworkers who don't really care whether he lives or dies,An employee leaving the company is unsure how to break it to coworkers who don't care whether he lives or dies.,irony,0,0.5690613389015198,0.7332069873809814,-0.16414564847946167,0.9515225887298584,0.5923136157487711,49.12146759033203,5,0.23809523809523808,0.5635997849972133
2287,Guy Fieri eats to Johnny Cash's 'Hurt' – the perfect soundtrack for fine dining.,guy fieri eats to john mccain's 'hurt',irony,1,0.9174394011497498,0.7043900489807129,0.21304935216903687,0.6269803047180176,0.0256976373216606,270.9801330566406,12,0.8571428571428571,0.016111912478467865
2288,"Does the GIF Oscars need you? Probably not, but your meme might win.",does the gif oscars need you?,rhetorical_question,1,0.8856424689292908,0.8751455545425415,0.010496914386749268,0.8498927354812622,0.029752796575840495,278.31103515625,10,0.7692307692307693,0.02528668567005861
2289,hillary clinton campaign shuts down after blowing through $2 billion in first month,Hillary Clinton's campaign ended after spending $2 billion in the first month.,overstatement,0,0.8478807210922241,0.9270815849304199,-0.0792008638381958,0.7889841198921204,0.09223590100611109,30.909509658813477,8,0.6153846153846154,0.0727726611777633
2290,"What's next for Jill Abramson? A Pulitzer for her next editorial, obviously?",what's next for jill abramson? a pulitzer for her next editorial,rhetorical_question,1,0.5319124460220337,0.6967150568962097,-0.16480261087417603,0.983325719833374,0.10711744441669745,289.69952392578125,7,0.5833333333333334,0.10533133813776045
2291,new carpet cleaner safe for pets that were meant to go on living,A new carpet cleaner is safe for pets that were intended to live.,understatement,0,0.6849920749664307,0.9269134998321533,-0.24192142486572266,0.9702723026275635,0.39832871551569504,189.59274291992188,6,0.46153846153846156,0.3864873200060931
2292,The great unifier: how a polarizing figure brought everyone together,the great unifier,sarcasm,0,0.8612233996391296,0.8940165042877197,-0.03279310464859009,0.5502400398254395,0.011018142789200103,579.3062133789062,9,0.9,0.006062623327131843
2293,The family talisman: that mysterious object that definitely brings luck and isn't just a dusty old trinket.,the family talisman,irony,0,0.5160552263259888,0.8013133406639099,-0.28525811433792114,0.7386051416397095,0.0010684509884797387,944.0257568359375,16,0.9411764705882353,0.000789163393681165
2294,"Clearly, a comedian is the perfect person to settle complex geopolitical election interference debates.",a comedian is the perfect person to settle complex geopolitical election interference debates,irony,0,0.9783018827438354,0.9812002778053284,-0.00289839506149292,0.9638552665710449,0.8446319809857226,764.974853515625,2,0.14285714285714285,0.8141029831874234
2295,olympic torch used to ignite tibetan protesters,An Olympic torch was used to ignite tibetan protesters.,sarcasm,0,0.8418914675712585,0.8879956603050232,-0.04610419273376465,0.9852489233016968,0.3155984539112945,132.077392578125,4,0.4444444444444444,0.31094303691178304
2296,trump vows to bring back ohio town's white castle,Trump pledges to restore the White Castle of Ohio.,sarcasm,0,0.9166894555091858,0.9234548807144165,-0.006765425205230713,0.8730475902557373,0.023980296761827107,314.16265869140625,8,0.8888888888888888,0.020935940301530617
2297,report: most terrorists do not start the day off with a good breakfast,A report indicates that most terrorists do not start the day with a good breakfast.,sarcasm,0,0.8381379246711731,0.9065325260162354,-0.06839460134506226,0.9394446611404419,0.4920274515385508,69.17391204833984,6,0.4,0.46223256248242905
2298,HuffPost Rise Newsbrief: your daily dose of obvious news.,huffpost rise newsbrief,sarcasm,0,0.9493350982666016,0.7021478414535522,0.24718725681304932,0.8546117544174194,0.0,2428.65087890625,9,1.0,0.0
2299,dad's previously unheard-of friend dies,A father's previously unheard-of friend died.,understatement,1,0.6676572561264038,0.8523236513137817,-0.18466639518737793,0.9272106289863586,0.20205155046766235,225.9422607421875,3,0.5,0.1873443451967902
2300,no leads sought in asshole's murder,No leads have been sought in an asshole's murder.,sarcasm,1,0.6549052000045776,0.5922529697418213,0.06265223026275635,0.9295706152915955,0.06030725360407769,159.54632568359375,5,0.5555555555555556,0.056059850839288786
2301,Co-worker's bad mood getting you down? Just ignore it; that always works.,co-worker's bad mood is getting you down,sarcasm,0,0.7732585668563843,0.8191049098968506,-0.04584634304046631,0.9420756101608276,0.04836067244628849,153.310302734375,9,0.75,0.04555941000262516
2302,Because nothing says respect like dressing up as other cultures.,how to dress up as a sex slave,sarcasm,0,0.924937903881073,0.8129180669784546,0.11201983690261841,0.34024345874786377,0.04574636154673318,24.98194122314453,9,0.9,0.015564900277790773
2303,defiant dallas police officer claims anyone could have mistaken black man's apartment for gun,A defiant Dallas police officer claims anyone could have mistaken a black man's apartment for a gun.,sarcasm,0,0.5715175271034241,0.5571089386940002,0.014408588409423828,0.9653233885765076,0.5071960939456881,66.80687713623047,5,0.29411764705882354,0.4896082520804203
2304,point of story apparently that man ate at restaurant,A man ate at a restaurant.,understatement,1,0.6365805864334106,0.5069102644920349,0.12967032194137573,0.7245128154754639,0.1225504602011117,99.40435791015625,7,0.7777777777777778,0.08878937895812122
2305,Black Friday boycott: because saving money is so last season,black friday boycott,irony,0,0.9626822471618652,0.7985037565231323,0.1641784906387329,0.753003716468811,0.0,7964.033203125,10,1.0,0.0
2306,"Pretty Little Liars escapes New York, finally giving the city a break.",pretty little liars escapes new york city,sarcasm,0,0.9505239725112915,0.847004771232605,0.10351920127868652,0.922024130821228,0.019229913610012243,702.4056396484375,10,0.8333333333333334,0.017730444382038843
2307,'Pharma bro' Martin Shkreli backs Bush: Because his endorsement is everyone's dream.,'pharma bro' martin shkreli backs bush,sarcasm,1,0.9184685945510864,0.5643571615219116,0.3541114330291748,0.8825148344039917,0.01786024416690236,769.0257568359375,10,0.8333333333333334,0.015761930423368695
2308,'entourage' fans doubt film adaptation can capture nuances of book,Fans of 'Entourage' doubt that a film adaptation can capture the nuances of a book.,irony,1,0.5030415654182434,0.8069843649864197,-0.30394279956817627,0.9580451250076294,0.20333448190047881,54.29887390136719,8,0.5333333333333333,0.19480360913070577
2309,"'Miracle on Ice' veteran seeks congressional scrutiny on NHL concussions, because Congress has nothing better to do.",'miracle on ice' veteran seeks congressional scrutiny on nfl concussions,understatement,0,0.8116454482078552,0.5682520270347595,0.2433934211730957,0.8493799567222595,0.20416291204740555,3050.57861328125,11,0.6470588235294118,0.1734118853991158
2310,Haiku art reviews: deep insights in three lines.,haiku art reviews,satire,1,0.556178629398346,0.5347796082496643,0.02139902114868164,0.9225702285766602,0.021460411779726157,23357.7109375,7,0.875,0.01979873700097121
2311,area man probably pervert,A local man is likely to pervert.,sarcasm,1,0.6009221076965332,0.6010114550590515,-8.934736251831055e-05,0.7809661626815796,0.033031643180138064,330.4971923828125,6,0.8571428571428571,0.02579659562145959
2312,overpopulation of the earth: will it create valuable new markets?,Overpopulation of the earth: will it create valuable new markets?,satire,1,0.9228852391242981,0.9005974531173706,0.02228778600692749,1.000000238418579,0.8801117367933934,184.0979461669922,1,0.1,0.8801117367933934
2313,street musician's mother really on his case about practicing his buckets,The mother of a street musician is really on his case about practicing his buckets.,irony,0,0.8345699310302734,0.8536883592605591,-0.019118428230285645,0.970185399055481,0.42610827239170174,342.4049987792969,7,0.4666666666666667,0.4134040242911847
2314,K-pop fans lost their minds? At a closing ceremony? That's never happened before. They must be so unpredictable.,k-pop fans lost their minds at a closing ceremony,overstatement,0,0.8785132765769958,0.951510488986969,-0.07299721240997314,0.9250640869140625,0.054901332613142485,113.14380645751953,13,0.7222222222222222,0.0507872511241419
2315,kangaroo decides he'll get there faster by just running,Kangaroo decides to run faster.,irony,0,0.8257355093955994,0.6641649603843689,0.16157054901123047,0.914383053779602,0.02414176971688927,138.9178466796875,8,0.8888888888888888,0.02207482511737313
2316,Geckos enjoy a cosmic party in space – because nothing says scientific advancement like lizard tourism.,geckos enjoy a cosmic party in space,irony,0,0.9713298082351685,0.9301348328590393,0.04119497537612915,0.8925302028656006,0.2236800154620159,786.2733764648438,10,0.625,0.19964116957729372
2317,"Meet the woman who flew us to Pluto: NASA called, they want their imaginary space program back.",meet the woman who flew us to pluto,satire,1,0.94623863697052,0.5236234664916992,0.4226151704788208,0.7577524781227112,0.22088540083017574,399.8760681152344,11,0.6470588235294118,0.16737645986019403
2318,Ted Cruz and Rand Paul: the ultimate outsiders bravely fighting the establishment from inside their powerful Senate seats. So rebellious.,ted cruz and rand paul: the ultimate outsiders fighting the establishment from inside their powerful senate seats,sarcasm,0,0.912784993648529,0.9239407777786255,-0.011155784130096436,0.9333342909812927,0.3675667565747676,747.756103515625,9,0.45,0.3430626581360042
2319,Gigi Hadid walks runway with one shoe: A minor fashion faux pas.,gigi hadid walks the runway with one shoe,understatement,0,0.8198397159576416,0.7347503304481506,0.08508938550949097,0.941858172416687,0.08959792157948086,2387.080322265625,9,0.75,0.08438853467118348
2320,"Sinclair CEO tells employees not to let 'extremists' bully them, presumably meaning 'journalists who fact-check.'",sinclair exec tells employees not to let 'extremists' bully them,satire,0,0.902789294719696,0.9206454157829285,-0.017856121063232422,0.8790017366409302,0.38753858253732953,129.9456024169922,8,0.5333333333333333,0.3406470870656771
2321,argument about capital of australia occurs 10 feet from encyclopedia,An argument about the capital of australia occurs 10 feet from an encyclopedia.,irony,0,0.8608676791191101,0.8541590571403503,0.006708621978759766,0.9637741446495056,0.5205510363053438,166.09371948242188,4,0.3076923076923077,0.5016936297615965
2322,"News roundup: August 17, 2017 – nothing to see here.","news roundup: august 17, 2017",sarcasm,0,0.7247434258460999,0.5725348591804504,0.15220856666564941,0.8534679412841797,0.04625839074220484,174.3998565673828,7,0.7,0.039480053513868726
2323,"From bicycles to spaceships: a video that highlights how far we've come, yet we still can't fix traffic.",from bicycles to spaceships,irony,0,0.9233171939849854,0.7199177145957947,0.20339947938919067,0.5534207820892334,0.005130669051313215,400.44354248046875,16,0.8888888888888888,0.0028394188790187846
2324,assisted care facility hits grand fucking slam with little styrofoam cups of sherbet,An assisted care facility has a large slam with little styrofoam cups of sherbet.,sarcasm,0,0.9743292927742004,0.92626953125,0.04805976152420044,0.841916024684906,0.44534504264163466,223.5980682373047,5,0.35714285714285715,0.374943127913975
2325,"Russia holds military exercises in disputed areas, just a friendly workout, no ulterior motives.",russia holds military exercises in disputed areas,irony,0,0.9338860511779785,0.92267906665802,0.011206984519958496,0.8175386190414429,0.22616792214653433,381.2130432128906,9,0.6428571428571429,0.18490101074315024
2326,couple stressing about wedding plans as if it won't just take a string of edison bulbs to knock guests' fucking socks off,The couple is stressed about their wedding plans as if it will not take a string of Edison bulbs to knock guests off their socks.,satire,0,0.9488491415977478,0.9410683512687683,0.007780790328979492,0.9114225506782532,0.29910668983633365,132.00283813476562,11,0.44,0.27261258217556034
2327,podiatrists recommend getting feet rotated every 6 months,podiatrists recommend rotating their feet every six months.,satire,0,0.8372896313667297,0.8171244859695435,0.02016514539718628,0.9624172449111938,0.06985342056580097,164.4846954345703,5,0.625,0.06722813656856111
2328,"Russia amasses 45,000 troops: just a casual gathering on the border, no big deal.","russia amasses 45,000 troops on u.s. border",understatement,0,0.8749887347221375,0.7971640229225159,0.07782471179962158,0.8146939277648926,0.028439110602897978,280.01385498046875,11,0.7857142857142857,0.023169170719215156
2329,parents finally cave and buy 33-year-old son playstation 1,Parents are finally purchasing their 33-year-old son's playstation 1.,understatement,0,0.6634628176689148,0.9160572290420532,-0.2525944113731384,0.8817662596702576,0.03155984539112946,67.71170806884766,7,0.7777777777777778,0.027828406826307838
2330,"'Warcraft' trailer debuts at Blizzcon – finally, some quality entertainment.",'warcraft' trailer debuts at blizzcon,understatement,0,0.9238344430923462,0.6155136823654175,0.3083207607269287,0.9619981050491333,0.09782458612762486,403.0042724609375,7,0.7,0.09410706648199085
2331,Dolphin mom shows better parenting than many humans,dolphin mom shows better parenting than many humans,sarcasm,0,0.9410704374313354,0.9337354302406311,0.007335007190704346,1.0,0.8408964152537145,2557.380615234375,1,0.125,0.8408964152537145
2332,report: one in five women training to be yoga instructors,A report indicates that one in five women are training to become yoga instructors.,irony,0,0.9527804851531982,0.9400243163108826,0.012756168842315674,0.9626381397247314,0.21972813874997157,37.62425994873047,7,0.5,0.2115186867314503
2333,"Ted Cruz wins by being so bland, opponents fall asleep.","teddy craig wins by being so bland, opponents fall asleep",sarcasm,0,0.9290754199028015,0.8337966799736023,0.09527873992919922,0.7006613612174988,0.6389431042462724,1224.3426513671875,3,0.3,0.44768274516172746
2334,"Spain's gentle, loving persuasion of Catalonia is such a heartwarming story of unity.","spain's gentle, loving persuasion of catalonia is a heartwarming story",satire,0,0.9259403944015503,0.8246917724609375,0.10124862194061279,0.8773434162139893,0.2910042507378282,160.345458984375,5,0.38461538461538464,0.2553106634751185
2335,obamas decide to stay in white house until daughters finish high school,Obama decided to stay in the White House until his daughters finish high school.,irony,0,0.9617686867713928,0.9252654314041138,0.03650325536727905,0.9376640319824219,0.1235622127262679,21.3546142578125,7,0.5,0.11585984258558207
2336,bold intern giving parents tour of office,An intern is giving parents a tour of the office.,irony,0,0.9770420789718628,0.9739121198654175,0.0031299591064453125,0.8648648262023926,0.06674094719041482,101.33830261230469,5,0.5,0.05772189769242117
2337,"Melo's hat game > Knicks' triangle offense—yes, accessories are the key to winning championships.",melo's hat game > knicks' triangle offense,sarcasm,0,0.9052910804748535,0.6100737452507019,0.2952173352241516,0.742956280708313,0.06462613646424778,1804.27099609375,10,0.7142857142857143,0.04801439398402541
2338,cable-tv judge overruled by network-tv judge,A cable-tv judge has been overruled by a network-tv judge.,satire,0,0.8132213950157166,0.8945644497871399,-0.08134305477142334,0.9434440732002258,0.06674094719041482,75.80701446533203,5,0.5,0.06296635106656612
2339,"Iowa caucus photos so thrilling, you'll forget it's just a straw poll.",iowa caucus photos are so thrilling,overstatement,0,0.9251492619514465,0.9755955934524536,-0.05044633150100708,0.7913928627967834,0.0351487760467425,8024.67431640625,10,0.8333333333333334,0.027816490499434555
2340,Black women are rising! When will their pay rise? Probably after the next ice age.,black women are rising! when will their pay rise?,rhetorical_question,1,0.6290497779846191,0.7378848195075989,-0.10883504152297974,0.9512021541595459,0.22162677325877655,231.8558807373047,8,0.5333333333333333,0.2108118641431775
2341,justice breyer unable to look at anything without deliberating constitutionality of it,Justice Breyer is unable to look at anything without deliberating the constitutionality of it.,overstatement,1,0.51845782995224,0.5341753363609314,-0.015717506408691406,0.9202190637588501,0.4785543921093738,47.091285705566406,5,0.35714285714285715,0.4403748746645736
2342,Police heroically displace homeless for the Pope's visit—compassion in action.,police displace homeless homeless for pope's visit,sarcasm,0,0.9314159750938416,0.8055849671363831,0.1258310079574585,0.8779945969581604,0.05988827231730119,680.1355590820312,8,0.8,0.05258157951574941
2343,kkk member struggles to blame blacks for his hangover,A Kkk member struggles to blame Blacks for his hangover.,sarcasm,0,0.9115450382232666,0.8658151626586914,0.045729875564575195,0.9756864309310913,0.31239399369202553,384.3227844238281,4,0.4,0.30479858074968225
2344,Who needs a plan when Ebola comes knocking? This infographic has you covered.,who needs a plan when ebola comes knocking?,rhetorical_question,1,0.8833098411560059,0.909780740737915,-0.02647089958190918,0.9514656066894531,0.22006396709435144,216.7584686279297,7,0.5384615384615384,0.20938329596191493
2345,"Lawmaker obsessed with 'war on whites'—clearly, the most pressing issue of our time.",lawmaker obsessed with 'war on whites',sarcasm,0,0.9209175109863281,0.9180445075035095,0.0028730034828186035,0.871608555316925,0.1582341759519314,286.8702392578125,9,0.6923076923076923,0.13791826150322706
2346,bowling green state just going to claim christopher lloyd as alumnus until someone calls them out,Bowling Green State will claim Christopher Loyd as an alumnus until someone calls them out.,satire,0,0.8883684277534485,0.7498759031295776,0.13849252462387085,0.7930972576141357,0.25034468860535325,127.0293960571289,10,0.625,0.19854768599117043
2347,tv in l.a. bar switched over to 'american dad' rerun without complaint,Television in the L.A. bar was switched to a 'American Dad' rerun without complaint.,irony,0,0.5150798559188843,0.5407747626304626,-0.02569490671157837,0.9618240594863892,0.03975360176263952,156.90232849121094,9,0.6428571428571429,0.03823597062654722
2348,rnc builds levee out of poor people to protect convention site,The RNC builds a levee out of poor people to protect the convention site.,satire,0,0.9282567501068115,0.9432429075241089,-0.014986157417297363,0.9445661306381226,0.460462862587273,146.69577026367188,5,0.35714285714285715,0.434937624416614
2349,Beyond marriage equality? What could possibly be next for LGBT rights?,beyond marriage equality,rhetorical_question,0,0.8821440935134888,0.7316879034042358,0.15045619010925293,0.6759533286094666,0.007894844292834697,2645.55126953125,10,0.9090909090909091,0.005336546278595064
2350,man sets unsustainable precedent of saying hello to coworker every morning,A man sets an unsustainable precedent of saying hello to his coworker every morning.,sarcasm,0,0.9239676594734192,0.9280954003334045,-0.0041277408599853516,0.9347094297409058,0.43242270754632145,127.9786376953125,4,0.2857142857142857,0.4041895823776406
2351,A mass shooting is a 'reprieve'? Only in the White House could that be considered a positive spin.,a mass shooting is a'reprieve',sarcasm,0,0.8320967555046082,0.8689247965812683,-0.036828041076660156,0.7717913389205933,0.021223232524803362,1732.3875732421875,15,0.8333333333333334,0.01637990704654107
2352,scott pruitt nervously picks up walking pace as hundreds of whooping cranes begin silently perching around him,Scott Pruitt picks up walking pace as hundreds of whooping cranes begin silently perching around him.,irony,0,0.7769858241081238,0.8753116726875305,-0.09832584857940674,0.9604068994522095,0.7437299285245418,221.69769287109375,4,0.23529411764705882,0.7142833546840686
2353,8-month-old sick of staring at pooh's smug face all day,An 8-month-old is tired of staring at a pooh's smug face all day.,overstatement,1,0.6713756918907166,0.701532781124115,-0.030157089233398438,0.93040931224823,0.2891784933232572,55.83097839355469,5,0.38461538461538464,0.2690543630898711
2354,"Biden says to cure cancer, overcome 'cancer politics', easy peasy","joe biden says to cure cancer, overcome 'cancer politics'",sarcasm,0,0.9457034468650818,0.7525351643562317,0.1931682825088501,0.9184428453445435,0.525624059490303,941.0258178710938,5,0.5,0.48275565677982346
2355,Canada's generosity: blaming Alan Kurdi for his own death,canada's generosity: blaming alan kurdi for his own death,sarcasm,0,0.9425544142723083,0.9491322040557861,-0.006577789783477783,1.0,0.3549481056010053,301.6463317871094,3,0.3333333333333333,0.3549481056010053
2356,single parent wishes she had thought of abandoning child first,A single parent wishes she had thought of abandoning her child first.,sarcasm,1,0.5189467668533325,0.6082040667533875,-0.08925729990005493,0.9732195138931274,0.6315552371794037,110.42448425292969,3,0.25,0.614641880924398
2357,"mom getting pretty into new tyler, the creator album","A mother is getting into a new tyler, the creator album.",irony,0,0.6719071269035339,0.779597818851471,-0.10769069194793701,0.9188861846923828,0.2596535889340338,645.2448120117188,6,0.5454545454545454,0.23859209567727863
2358,gazebo underutilized,A gazebo is underutilized.,understatement,1,0.7632548809051514,0.6459144353866577,0.11734044551849365,0.9304442405700684,0.08034284189446518,41.469974517822266,3,0.75,0.07475453451173673
2359,croatian prime minister currently stuck under pile of turnips,The Croatian prime minister is currently stuck under a pile of turnips.,satire,0,0.8212643265724182,0.5642011761665344,0.2570631504058838,0.9711021780967712,0.1239040201758117,127.26463317871094,5,0.4166666666666667,0.12032346386767703
2360,new cereal for poor stays crunchy in water,A new cereal for poor stays crunchy in water.,satire,0,0.6992374062538147,0.8864649534225464,-0.1872275471687317,0.966036319732666,0.7259795291154771,678.0162353515625,2,0.2222222222222222,0.7013225925079694
2361,missing kazakhstani nukes turn up in manhattan,Kazakhstani nukes are reported missing in Manhattan.,overstatement,0,0.8204702734947205,0.6707062721252441,0.14976400136947632,0.9000731110572815,0.043472087194499145,324.8439025878906,6,0.8571428571428571,0.03912805676530626
2362,What to do about Charlottesville? How about start by not being racist?,what to do about charlottesville,rhetorical_question,1,0.9354217648506165,0.7415395379066467,0.19388222694396973,0.8081424832344055,0.06557378107648686,79.60031127929688,9,0.75,0.052992958274221354
2363,slight inconvenience avoided,A slight inconvenience is avoided.,understatement,1,0.8568570017814636,0.8549739718437195,0.0018830299377441406,0.9207997918128967,0.11362193664674995,493.76385498046875,3,0.6,0.1046230556097055
2364,george thorogood fan disgusted to learn musician licensed 'bad to the bone' for commercial purposes,A George Thorogood fan is disgusted to learn a musician licensed 'bad to the bone' for commercial purposes.,sarcasm,0,0.8139026165008545,0.6949915885925293,0.1189110279083252,0.9598124027252197,0.47631009147745074,176.10394287109375,6,0.3333333333333333,0.4571683333432412
2365,Teaching balance while constantly checking phones; hypocritical much?,teaching balance while constantly checking phones,irony,0,0.7027257084846497,0.9530985355377197,-0.25037282705307007,0.9104685187339783,0.36409302398068727,3836.546630859375,4,0.5,0.33149523622507115
2366,5 ways to get rid of summer weight gain – because holiday indulgences don't cause weight gain.,5 ways to get rid of summer weight gain,irony,1,0.704750120639801,0.5772866010665894,0.12746351957321167,0.7933346033096313,0.41111229050718745,115.66561126708984,8,0.47058823529411764,0.32614960590523345
2367,This is what's delaying 'Big Bang Theory' season 8 – the cosmic expansion of plot holes.,this is what's delaying 'big ban theory' season 8,overstatement,0,0.8535915613174438,0.5948301553726196,0.2587614059448242,0.6285355091094971,0.06856346714060817,718.3903198242188,11,0.6875,0.04309457372553443
2368,friend's wife encountered twice a year,A friend's wife was encountered twice a year.,sarcasm,1,0.6797506809234619,0.6390042901039124,0.04074639081954956,0.9561295509338379,0.17286039232097053,194.1193389892578,3,0.375,0.1652769292840966
2369,"Journalist walks off show over Orlando, TV truth is optional.",journalist walks off show over orlando,sarcasm,0,0.8846970200538635,0.7715534567832947,0.11314356327056885,0.8016394972801208,0.2608840516436559,1228.4830322265625,6,0.6,0.2091349600080214
2370,Joy Reid highlights Jared's invisible contributions in the Middle East.,joy reid highlights jared jared's invisible contributions in the middle east,satire,0,0.9224813580513,0.8875722885131836,0.034909069538116455,0.9644193649291992,0.24808415001701817,748.2761840820312,6,0.5454545454545454,0.23925715840841286
2371,"new study finds therapy, antidepressants equally effective at monetizing depression",A new study finds that therapy and antidepressants are effective in monetizing depression.,sarcasm,0,0.9579043388366699,0.9452439546585083,0.012660384178161621,0.9504011869430542,0.09144626892372869,73.69063568115234,7,0.5384615384615384,0.08691064252662548
2372,GPS guide to believing in yourself: technology that replaces self-esteem.,gps guide to believing in yourself,overstatement,1,0.8889918327331543,0.6620422601699829,0.2269495725631714,0.7730010747909546,0.2608840516436559,777.62451171875,6,0.6,0.20166365231636493
2373,"Police officer's cruiser mishap blamed on aggressive owl, a true menace to law enforcement",police officer's cruiser mishap blamed on aggressive owl,understatement,0,0.7418640851974487,0.743209719657898,-0.0013456344604492188,0.958768904209137,0.3213863618224058,1144.7952880859375,8,0.5714285714285714,0.30813524995222924
2374,monument designer to see if some other country wants to buy rejected war memorial,A monument designer plans to see if another country wants to buy a rejected War Memorial.,satire,0,0.858974039554596,0.927428662776947,-0.06845462322235107,0.9475051760673523,0.25336549464486463,344.6453552246094,7,0.4375,0.24006511761287427
2375,"The 'Never Trump' movement isn't impressed—shocker, they have standards.",the 'never trump' movement isn't impressed,sarcasm,0,0.9079307913780212,0.7049701809883118,0.20296061038970947,0.8467870354652405,0.05236421927181383,366.25885009765625,7,0.7777777777777778,0.04434134200163105
2376,clinton woos gay vote with freddie mercury mustache,Clinton woos a gay vote with a freddie mercury mustache.,satire,0,0.5655587315559387,0.822228729724884,-0.2566699981689453,0.9746028184890747,0.13747081017605653,507.46771240234375,4,0.4,0.13397943905756127
2377,new study finds you'd love being rich asshole,A new study finds that you would like to be a rich person.,overstatement,0,0.9452176094055176,0.9368233680725098,0.008394241333007812,0.7533362507820129,0.08263103182212594,34.642051696777344,9,0.6923076923076923,0.06224895171112956
2378,"Finally, the one true way for middle-aged men to be happy. Spoiler: it's not what you think.",the one true way for middle-aged men to be happy,satire,0,0.9162368178367615,0.9789503812789917,-0.06271356344223022,0.8499413728713989,0.4370505541859323,39.87897491455078,8,0.47058823529411764,0.371467348038997
2379,Scottish busker roasts Trump – because street performers are the voice of the people.,scotland busker roasts donald trump,sarcasm,0,0.9480097889900208,0.8863638639450073,0.06164592504501343,0.8170274496078491,0.01878157980529131,832.3092651367188,12,0.8571428571428571,0.015345066247923441
2380,everyone on defense team an equally matched romantic interest for member of prosecution,Everyone on the defense team has an equally matched romantic interest for a member of the prosecution.,satire,0,0.6625884175300598,0.8610101342201233,-0.19842171669006348,0.9452959895133972,0.3566325206249313,77.8142318725586,6,0.35294117647058826,0.3371232914768015
2381,Grill vegetables: the revolutionary cooking technique.,grill vegetables,overstatement,1,0.9221343994140625,0.6022076606750488,0.31992673873901367,0.8578972816467285,0.0,17418.6875,6,1.0,0.0
2382,Apple Watch: revolutionizing time by making it smaller and more annoying.,apple watch: it's making it smaller and more annoying,overstatement,0,0.9667869210243225,0.8100448250770569,0.15674209594726562,0.7417455911636353,0.3573880113629119,161.36927795410156,6,0.5454545454545454,0.2650909817631791
2383,"How not to look like a tourist in Berlin: just don't be one, easy.",how not to look like a tourist in berlin,sarcasm,0,0.7007157802581787,0.5634695887565613,0.13724619150161743,0.9541894197463989,0.41653323821535565,83.21334075927734,7,0.5,0.3974516088777988
2384,'ncis' to cease print edition,NBC plans to discontinue its print edition.,satire,0,0.7610862255096436,0.8398310542106628,-0.07874482870101929,0.6579543352127075,0.039281465090051315,69.22538757324219,5,0.7142857142857143,0.02584541024950589
2385,"Microsoft confirms Russian hackers are exploiting Windows flaw, a novel and unprecedented event.",microsoft confirms russian hackers are exploiting windows flaw,overstatement,0,0.9500574469566345,0.9610447883605957,-0.010987341403961182,0.9591715335845947,0.07906988827190935,1407.939697265625,9,0.6923076923076923,0.07584158599412985
2386,AirAsia search continues but bad weather drives back divers. Because finding planes is so easy in sunshine.,airasia search continues but bad weather drives back divers,sarcasm,1,0.8423335552215576,0.6844244599342346,0.157909095287323,0.9057214260101318,0.2984591070759932,2340.32080078125,10,0.5882352941176471,0.2703208080665792
2387,Brazil investigates ISIS threats post-Olympics—because security was flawless before.,brazil investigates isis threats after olympics,irony,0,0.9605944156646729,0.9123995900154114,0.048194825649261475,0.841345489025116,0.02944656445786981,1778.82421875,7,0.7777777777777778,0.024774734173916072
2388,"Ebola, AIDS, and Plague Inc.—because comparing pandemics to a game is totally normal.","ebola, AIDS, and plague inc.",irony,0,0.8995506167411804,0.5983537435531616,0.3011968731880188,0.7440550327301025,0.022939873376788145,357.41400146484375,11,0.8461538461538461,0.01706852823619051
2389,"How Nebraska can return to college football greatness: Step 1, become Alabama. Step 2, profit.",how nebraska can return to college football greatness,overstatement,0,0.794724702835083,0.7534976005554199,0.041227102279663086,0.8690730333328247,0.2155064730781546,286.1679992675781,10,0.6666666666666666,0.18729086426089053
2390,'yogi bear' movie introduces boring cartoon character to new generation,The 'Yoga Bear' movie introduces a boring cartoon character to a new generation.,sarcasm,0,0.7310389876365662,0.8444265127182007,-0.11338752508163452,0.8106193542480469,0.23901088824528133,94.67119598388672,6,0.46153846153846156,0.19374685188764204
2391,snowstorm in chicago delays hundreds of morning murders,A snowstorm in Chicago has delayed hundreds of morning murders.,irony,0,0.9475221633911133,0.9633657932281494,-0.015843629837036133,0.96744304895401,0.13134549472120793,210.34532165527344,5,0.5,0.12706928587945823
2392,vain galápagos tortoise trying to pass for 90,A vain galápagos tortoise is trying to pass for 90 years.,satire,0,0.5365071296691895,0.8247168064117432,-0.2882096767425537,0.8414480686187744,0.46924700641056,170.1124725341797,3,0.2727272727272727,0.3948469872493074
2393,"Finally, a fast-food chain that's divinely approved—because Jesus totally cares about chicken sandwiches.",a fast-food chain that's divinely approved,overstatement,0,0.9759233593940735,0.9429658055305481,0.03295755386352539,0.6809641122817993,0.23661528215726477,88.52474212646484,8,0.6153846153846154,0.16112651556652927
2394,Two Non-Binary Activists Explain How They're Forcing Campus to Accommodate Their Every Need,two non-binary activists explain how they're forcing their campus to accommodate their needs,sarcasm,0,0.8098167777061462,0.9659888744354248,-0.15617209672927856,0.9881844520568848,0.01553712569276035,97.0181655883789,13,1.0,0.015353546039239331
2395,Megadrought looms: because waiting for rain has always solved droughts.,megadrought looms,irony,1,0.9797459244728088,0.6395037770271301,0.3402421474456787,0.6244228482246399,0.0,5883.3525390625,10,1.0,0.0
2396,South Carolina governor bans abortions after 20 weeks. A victory for... something.,south carolina governor bans abortions after 20 weeks,irony,0,0.9777178764343262,0.8453882336616516,0.13232964277267456,0.8868003487586975,0.31356006812336346,147.9373016357422,7,0.5833333333333334,0.2780651777685997
2397,vessel for male sexual gratification very sad today,A vessel for male sexual gratification is very sad today.,sarcasm,0,0.889431357383728,0.8810870051383972,0.00834435224533081,0.9607235193252563,0.4518010018049224,282.4981384277344,3,0.3,0.43405584848870155
2398,"mar-a-lago member complains about loud, obnoxious cabinet meeting at next table","A Mar-a-Lago member complains about a loud, obnoxious cabinet meeting at the next table.",irony,0,0.6979063153266907,0.8173744082450867,-0.119468092918396,0.9557327628135681,0.3661926362999429,52.59602355957031,5,0.35714285714285715,0.34998230001292857
2399,"Bill Henderson, jazz legend, finally retires from life at 90—what a tragedy, said no one ever.","bill henry, jazz legend, finally retires from life at 90",understatement,1,0.520114541053772,0.5178197026252747,0.0022948384284973145,0.7723311185836792,0.35065941041239285,300.1036071777344,9,0.5625,0.27082517468569683
2400,"Finally, a keyboard that makes texting more inclusive by adding more ways to abbreviate.",a keyboard that makes texting more inclusive,sarcasm,0,0.965671956539154,0.9372415542602539,0.028430402278900146,0.7817102074623108,0.36787944117144233,891.1177978515625,7,0.5,0.28757511427924715
2401,Jennifer Lawrence Honors De Niro in Classic Style: By Forgetting His Name or Something,jennifer lawrence honors de niro in classic style,satire,0,0.6246350407600403,0.7204700112342834,-0.09583497047424316,0.8952304124832153,0.013120543279239774,643.6904296875,13,0.9285714285714286,0.011745909371877701
2402,"Democrats and Republicans unite to support LGBT rights in West Virginia? What's next, pigs flying?",democrats and republicans unite to support lgbt rights in west virginia,sarcasm,0,0.9368407726287842,0.955894410610199,-0.019053637981414795,0.8025771975517273,0.08535157993946077,153.3046112060547,9,0.6,0.06850123183442465
2403,school friends don't find camp songs funny,Some school friends find camp songs funny.,understatement,0,0.9232958555221558,0.967239260673523,-0.04394340515136719,0.9486179351806641,0.20556680845025987,934.7722778320312,3,0.42857142857142855,0.19500436137376462
2404,u-haul offers discount for customers who will just move back home in 18 months after failure to make it in major city,U-Haul offers a discount for customers who will return home in 18 months after failure to make it in major city.,sarcasm,0,0.8995303511619568,0.8868412375450134,0.01268911361694336,0.9457614421844482,0.636707568095793,65.38890838623047,6,0.2727272727272727,0.60217346785203
2405,"Clinton finds college costs high—from her private jet, no less.",hillary clinton says college costs are high,sarcasm,0,0.9033119082450867,0.9573184251785278,-0.05400651693344116,0.8228040933609009,0.04550524645870584,188.43890380859375,9,0.9,0.037441903055619806
2406,class of '88 reunion attendees once again trick sue thorpe into thinking jeff urban likes her,The class of '88 reunion attendees once again tricked Thomas into thinking Jeff Urban likes her.,satire,0,0.8337691426277161,0.8576458096504211,-0.023876667022705078,0.697715163230896,0.42311785416105785,471.81170654296875,7,0.4375,0.29521574268188894
2407,Nathan Chen redeems himself with records—as if skating needed more pressure to be perfect.,nathan chennon redeems himself with record-breaking record,satire,0,0.8889749050140381,0.8432037234306335,0.04577118158340454,0.7530496120452881,0.06014139661862437,487.4666442871094,11,0.7857142857142857,0.04528945539151688
2408,area veal calf is totally cramped!,The area veal calf is cramped.,overstatement,1,0.9023840427398682,0.9043008685112,-0.0019168257713317871,0.955927312374115,0.5081327481546147,1695.6195068359375,3,0.5,0.4857379722727139
2409,Trump calls Obama to chat about Oscars in a Conan spoof—priorities straight as an arrow.,donald trump calls obama to talk about oscars in conan spoof,irony,0,0.8128267526626587,0.9374908208847046,-0.1246640682220459,0.897334635257721,0.01853140878532704,468.5018005371094,12,0.8,0.016628874943193164
2410,Meet the billionaire who 'cares' about LGBTQ rights—philanthropy at its most self-serving.,meet the billionaire who 'cares' about lgbtq rights,satire,0,0.9678084254264832,0.9575451612472534,0.010263264179229736,0.8765292167663574,0.31356006812336346,148.18312072753906,7,0.5833333333333334,0.27484456092137743
2411,Jimmy Carter mediating MLK heirs' dispute—because former presidents have nothing better to do.,jimmy kardashian mediating mlk heirs' dispute,understatement,0,0.9331175088882446,0.8299217224121094,0.10319578647613525,0.6805943250656128,0.015118370289367042,753.0008544921875,11,0.8461538461538461,0.010289477023183774
2412,"Uber reverses course on tipping, realizing that money is nice – shocker!","uber reverses course on tipping, realizing that money is nice",irony,0,0.9766923189163208,0.9769972562789917,-0.00030493736267089844,0.9569322466850281,0.7205745450576256,240.6794891357422,3,0.25,0.6895410183060356
2413,"She wanted adventure in Africa, and got it in the most unexpected way.","she wanted adventure in africa, and got it in the most unexpected way",irony,1,0.8053678274154663,0.8288164734840393,-0.023448646068572998,0.9907997846603394,0.5783569866465142,113.11688995361328,3,0.23076923076923078,0.5730359778261691
2414,data technician by day a data technician by night,Data technician by day is a data technician by night.,irony,0,0.6448867917060852,0.8276622891426086,-0.18277549743652344,0.9555536508560181,0.37991784282579627,89.39517974853516,3,0.3,0.3630318817375325
2415,Back for a Second Season: Hardwired 2.0 – Because the First Season Wasn't Bad Enough,back for a second season: hardwired 2.0,sarcasm,1,0.947098970413208,0.8553175330162048,0.09178143739700317,0.9262881875038147,0.024653236470203323,146.85086059570312,12,0.8,0.022836001726087577
2416,bush quietly rolls back iraq death toll to zero,President Bush has reduced the Iraqi death toll to zero.,sarcasm,0,0.944661557674408,0.9070134162902832,0.037648141384124756,0.7618199586868286,0.10445522730720382,69.34746551513672,7,0.7,0.0795760769517973
2417,SEC commissioner: We shouldn't promote investor confidence. Solid plan.,sc commissioner: we shouldn't promote investor confidence,sarcasm,0,0.9245150685310364,0.7370133399963379,0.1875017285346985,0.8235257863998413,0.13201355840223275,859.5390625,5,0.5555555555555556,0.1087165694986401
2418,Friday talking points: serious discussion before the inevitable silliness,Friday talking points,irony,0,0.5566330552101135,0.8447087407112122,-0.28807568550109863,0.683042585849762,0.03251851632960929,841.4755859375,7,0.7777777777777778,0.02221153148177404
2419,Because crying on a treadmill is the new emotional wellness.,crying on a treadmill is the new emotional wellness,sarcasm,0,0.9828789234161377,0.9790495038032532,0.0038294196128845215,0.9330819249153137,0.7725505949016372,386.1288146972656,2,0.2,0.7208529961852904
2420,"world covers ears, chants loudly as epa releases ozone-depletion statistics",The world covers the ears and chants loudly as the EPA releases ozone-depletion statistics.,irony,0,0.9193052649497986,0.9593561291694641,-0.04005086421966553,0.9731478095054626,0.10390302174233558,161.97567749023438,7,0.5,0.10111299800955233
2421,Donald Sterling asks 'who makes the game?' The moral authority.,donald sterling asks 'who makes the game?',sarcasm,1,0.8110466599464417,0.6465926766395569,0.16445398330688477,0.8402107954025269,0.4004970149398301,426.0588073730469,5,0.5,0.3365019154789323
2422,"Because refusing to bake cakes is the ultimate, principled protest against equality. So brave.",why refusing to bake cakes is the ultimate protest against equality,sarcasm,0,0.9580492377281189,0.9716282486915588,-0.013579010963439941,0.9328694343566895,0.395348755325422,102.68545532226562,6,0.42857142857142855,0.36880876975404764
2423,nanny appears in child's drawings more than mother,A nanny appears in the child's drawings more than the mother.,understatement,0,0.8342118263244629,0.8632972836494446,-0.02908545732498169,0.9578163623809814,0.33932513407933634,132.163330078125,4,0.36363636363636365,0.3250111655883087
2424,trump-appointed judicial nominee displays legal expertise by withdrawing nomination,A Trump-appointed judicial nominee displays legal expertise by withdrawing his nomination.,sarcasm,0,0.9229628443717957,0.9446833729743958,-0.021720528602600098,0.9754824638366699,0.5706745777055999,166.3459930419922,4,0.36363636363636365,0.5566830431092098
2425,Create an environment for ultimate success – just add water and ambition.,create an environment for ultimate success,overstatement,0,0.5274829864501953,0.6205060482025146,-0.09302306175231934,0.8184820413589478,0.27952792741962756,216.9151153564453,7,0.5833333333333334,0.22878858865125257
2426,Switzerland performs at a theater. Expect yodeling and neutrality in equal measure.,switzerland performs at a theater,understatement,0,0.8151699304580688,0.9169473052024841,-0.10177737474441528,0.6988778114318848,0.06557378107648686,1340.246337890625,9,0.75,0.04582806060604867
2427,"After decades of honesty, the U.S. government's rare moment of truth might accidentally cause a Kurdish massacre. Shocking!","after decades of honesty, the u.s. government's rare moment of truth might cause a kurdish massacre",overstatement,0,0.9364571571350098,0.9508426785469055,-0.014385521411895752,0.96042799949646,0.4355633021094423,141.4602508544922,6,0.3333333333333333,0.41832719089904385
2428,historical archives: hy-genic apportionment of remaining paper,Historical archives reveal the hy-genic distribution of the remaining paper.,satire,1,0.5057152509689331,0.731268048286438,-0.22555279731750488,0.8472626209259033,0.02777619034011792,773.5228271484375,7,0.7,0.023533727826905066
2429,Latinos face digital divide in health care: Who needs modern medicine when you have tradition?,latinos face digital divide in health care,sarcasm,0,0.6277157068252563,0.897832989692688,-0.27011728286743164,0.8704662919044495,0.19605997334125028,1783.737060546875,10,0.6666666666666666,0.17066359798524333
2430,chris pine depressed by realization he could probably win governorship somewhere,Chris Pine is depressed by the realization that he could win a governorship somewhere.,irony,0,0.7861577868461609,0.7583539485931396,0.02780383825302124,0.9718686938285828,0.04913270548144422,120.01333618164062,8,0.5714285714285714,0.04775053830051564
2431,michael jordan accidentally packaged in plastic,Michael Jordan was accidentally packaged in plastic.,overstatement,1,0.7646845579147339,0.6875249147415161,0.07715964317321777,0.9489213228225708,0.16348126556655487,406.51885986328125,4,0.5714285714285714,0.15513085877812324
2432,sandwich previously thought incapable of looking more depressing flattened in backpack,A sandwich was previously thought incapable of looking more depressing flattened in a backpack.,overstatement,1,0.791854202747345,0.7622658610343933,0.02958834171295166,0.9351270794868469,0.6115380576901023,909.8407592773438,4,0.2857142857142857,0.5718657978828042
2433,"Camp David, President Obama, and the refusal to acknowledge history and reality: as if a vacation spot could solve all geopolitical issues","camp davis, president obama, and the refusal to acknowledge history and reality",overstatement,0,0.9534100890159607,0.7583273649215698,0.19508272409439087,0.7418990135192871,0.22410608206064023,184.87692260742188,15,0.6818181818181818,0.1662640812044614
2434,new roommate excited to bring robust puttering experience to apartment,A new roommate is excited to bring a robust puttering experience to the apartment.,sarcasm,0,0.8642383813858032,0.9409729242324829,-0.07673454284667969,0.9522178173065186,0.2865612242047131,123.52539825439453,5,0.35714285714285715,0.2728687034368958
2435,ex-boyfriend just thought he'd check in and throw entire day off,An ex-boyfriend thought he would check in and throw off the entire day.,sarcasm,0,0.9292976260185242,0.7524027228355408,0.1768949031829834,0.933079183101654,0.22997519112894443,56.57500457763672,8,0.6153846153846154,0.21458506347224224
2436,"Supreme Court keeps conversion therapy ban—progress, but let's not get too excited.",supreme court keeps ban on conversion therapy,irony,0,0.6424849033355713,0.9164776802062988,-0.27399277687072754,0.9332890510559082,0.0378442713638306,230.94381713867188,11,0.9166666666666666,0.035319644109051744
2437,paul simon wondering how one goes about getting a column on 'the huffington post',Paul Simon is wondering how to get a column on 'The Huffington Post'.,satire,0,0.511460542678833,0.7161570191383362,-0.20469647645950317,0.9793238639831543,0.08953363688807181,100.87432098388672,10,0.7142857142857143,0.08768242723369116
2438,panicking flu swears it didn't mean to kill old lady,The panicking flu claims it didn't mean to kill an old lady.,satire,0,0.8156782984733582,0.9031030535697937,-0.08742475509643555,0.9162921905517578,0.37700638045494705,195.3473663330078,4,0.3333333333333333,0.34544800219905286
2439,new york attorney general claims assaults were just him role-playing as unaccountable male authority figure,New York attorney general claims assaults were just him role-playing as an unaccountable male authority figure.,sarcasm,0,0.9405511021614075,0.9181827902793884,0.022368311882019043,0.9713014364242554,0.6026080978557137,194.04734802246094,4,0.25,0.5853141110481429
2440,A presidency under siege: Drama is the new policy.,a presidency under siege,sarcasm,0,0.9666314125061035,0.8290672898292542,0.13756412267684937,0.6940498352050781,0.04867843262263999,6429.2666015625,7,0.7777777777777778,0.033785258139784786
2441,"Obamacare repeal to uninsured 10%, a small price for political points.",obamacare repeal to uninsured 10%,sarcasm,0,0.7205404043197632,0.6294167041778564,0.09112370014190674,0.8189637660980225,0.08009199706981218,2070.903564453125,8,0.7272727272727273,0.06559244355460517
2442,botanist holding up entire salad bar,A botanist is holding up the entire salad bar.,overstatement,0,0.8484098315238953,0.8285029530525208,0.01990687847137451,0.8787745237350464,0.07583235673413397,131.20236206054688,4,0.4444444444444444,0.06663954317274472
2443,"Because nothing says stable governance like a new GOP theme every week—wait, did they even remember last week's?",'stable governance' is a new gop theme every week,sarcasm,0,0.8474383354187012,0.8681469559669495,-0.02070862054824829,0.7985973358154297,0.026383509730813486,1092.582275390625,14,0.7777777777777778,0.021069800580488116
2444,Feminist school supplies? Because empowerment starts with a pink ruler.,feminist school supplies,satire,0,0.9258096218109131,0.9529719352722168,-0.02716231346130371,0.7673634886741638,0.011018142789200103,1790.7337646484375,9,0.9,0.008454920489430673
2445,law enforcement questions why alton sterling was even black in the first place,Law enforcement questions why John Sterling was even black in the first place.,sarcasm,1,0.5691224932670593,0.5906254053115845,-0.021502912044525146,0.8471062779426575,0.48442732379638637,101.4155502319336,4,0.3076923076923077,0.4103614271948794
2446,First Latino Arab-American candidate sees heritage as asset—in a country that literally built a wall to keep such ‘assets’ out.,first latino arab-american candidate sees heritage as asset,irony,0,0.8438236713409424,0.9376270771026611,-0.09380340576171875,0.8616456985473633,0.07714073404379711,821.1507568359375,16,0.8,0.06646798167162393
2447,Adam Schiff says there's 'more than circumstantial evidence'—because politicians never exaggerate.,adam schiff says there's'more than circumstantial evidence',sarcasm,1,0.7685672640800476,0.5509558916091919,0.2176113724708557,0.9027551412582397,0.04365582670262632,815.5997314453125,8,0.7272727272727273,0.03941052200167466
2448,Russian skaters break records back-to-back—competition is so overrated.,russian skaters break records back-to-back,sarcasm,0,0.8717495799064636,0.9556460976600647,-0.08389651775360107,0.8657907843589783,0.14593713362172633,141.80157470703125,5,0.625,0.12635102538545545
2449,Blind dog from pantry to luxury. What an upgrade.,blind dog from pantry to luxury,understatement,1,0.7878302931785583,0.8434221148490906,-0.05559182167053223,0.9075393676757812,0.3081980909598119,1127.1732177734375,5,0.5555555555555556,0.2797019005885506
2450,kiss cover band guitarist leaves to start vinnie vincent invasion tribute band,A guitarist for a kiss cover band leaves to start a Vinnie Vincent invasion tribute band.,irony,0,0.7856447696685791,0.8563792109489441,-0.07073444128036499,0.8874597549438477,0.1198091452856599,455.6700439453125,9,0.5625,0.10632579471524357
2451,Cholera cases in Somalia expected to be a small bump in the road.,cholera cases in somalia expected to be a small bump in road,understatement,0,0.8932132720947266,0.8602125644683838,0.03300070762634277,0.9860925674438477,0.525045957788985,345.40313720703125,4,0.3076923076923077,0.5177439165421542
2452,high school breathes sigh of relief as difficult teacher ages out of education system,High school breathes relief as a difficult teacher ages out of the education system.,understatement,0,0.9682446122169495,0.9761165380477905,-0.007871925830841064,0.949312686920166,0.3498761149110956,188.442138671875,6,0.42857142857142855,0.33214183473544096
2453,"EPA spills waste, turns river orange: nothing says environmental protection like a toxic Slurpee.","epa spills waste, turns river orange",overstatement,1,0.9045582413673401,0.5527693629264832,0.35178887844085693,0.8191567063331604,0.13394233819643575,2615.390625,10,0.7142857142857143,0.10971976459555458
2454,nonprofit places burnouts in jobs you can do blitzed out of your mind,A nonprofit places burnouts in jobs you can do blitzed out of your mind.,satire,0,0.9049893617630005,0.8593129515647888,0.04567641019821167,0.9546152353286743,0.8385766789076257,445.6906433105469,2,0.14285714285714285,0.8005180736765413
2455,nation's boyfriends dreading 'free event in the park' season,The nation's boyfriends are dreading the 'free event in the park' season.,overstatement,0,0.93883216381073,0.9082306623458862,0.03060150146484375,0.9356768131256104,0.37700638045494705,124.12505340576172,4,0.3333333333333333,0.35275612859210626
2456,nervous pope candidate changes wine into jesus christ's urine,A nervous Pope candidate changes wine into Jesus Christ's urine.,satire,0,0.7430834174156189,0.8569297790527344,-0.11384636163711548,0.9842034578323364,0.2777619034011791,1296.523681640625,5,0.5,0.2733742257815319
2457,"The easiest guide to travel: Step 1, have money. Step 2, don't have responsibilities. Done.","the easiest guide to travel: step 1, have money. step 2, don't have responsibilities.",sarcasm,1,0.5779812335968018,0.5597394704818726,0.0182417631149292,0.9960575103759766,0.4073224091836952,110.07830047607422,4,0.26666666666666666,0.40571654481185626
2458,"Paul Ryan's war on Social Security: grannies, beware.",paul ryan's war on social security,sarcasm,0,0.8313904404640198,0.943336546421051,-0.11194610595703125,0.9446424841880798,0.061861015698337206,347.9820556640625,6,0.75,0.058436543543675064
2459,"Meeting Susan Anspach: the missing piece in life's grand puzzle, apparently.",meeting sarah anspach: the missing piece in life's grand puzzle,satire,1,0.7017126083374023,0.5736641883850098,0.12804841995239258,0.8645311594009399,0.4677766538205128,215.6300506591797,5,0.45454545454545453,0.40440749286814004
2460,report: rise in global temperatures likely to increase number of americans who fucking reek,A report indicates that the rise in global temperatures may increase the number of Americans who fuck reek.,overstatement,0,0.8899376392364502,0.8560434579849243,0.03389418125152588,0.9144253134727478,0.17181529671327242,93.46479034423828,11,0.6111111111111112,0.1571122565564473
2461,romney enchants nation with lovely concession song,Romney enchants the nation with a beautiful concession song.,satire,0,0.8239544034004211,0.9530245661735535,-0.12907016277313232,0.9489728808403015,0.06030725360407769,117.19293975830078,5,0.5555555555555556,0.05722994818822826
2462,crank caller keeps jerking local news team around,A crank caller keeps jerking around the local news team.,satire,0,0.7983755469322205,0.6962258219718933,0.10214972496032715,0.9248895645141602,0.32466791547509893,483.4863586425781,5,0.5,0.3002819669554844
2463,no one in limo going to prom with the one they wanted,No one in Limo will attend a prom with the one they wanted.,irony,1,0.6926129460334778,0.772974967956543,-0.08036202192306519,0.9023698568344116,0.33260249505555045,193.0994873046875,6,0.46153846153846156,0.30013046584604514
2464,Is American democracy doomed? Let's ask the experts.,is american democracy doomed?,rhetorical_question,1,0.8452813029289246,0.8897761106491089,-0.044494807720184326,0.93885338306427,0.06250434473199146,2194.582275390625,6,0.75,0.058682415507845566
2465,ketchup crust on heinz bottle cap still dreams of one day getting onto hot dog,A ketchup crust on a Heinz bottle cap is still dreaming of getting onto a hot dog.,sarcasm,1,0.8578293919563293,0.5831379890441895,0.2746914029121399,0.9464524984359741,0.09147827112247602,166.78012084960938,9,0.5294117647058824,0.08657983825647085
2466,slain cop had only 37 years until retirement,A slain cop had only 37 years until his retirement.,sarcasm,1,0.6533535122871399,0.5495480298995972,0.10380548238754272,0.955420196056366,0.6389431042462724,236.2064971923828,3,0.3,0.6104591459278367
2467,A toddler whose fashion sense puts all adults to shame (we're all failures),a toddler whose fashion sense puts all adults to shame,sarcasm,0,0.8249930739402771,0.9430226683616638,-0.11802959442138672,0.9286785125732422,0.6520028108523781,340.37811279296875,4,0.3076923076923077,0.6055010005759595
2468,"Writer Michelle Theall talks memoir, teaching cats to sit, and LGBT issues. Totally coherent topics.","writer michelle theall talks memoir, teaching cats to sit, and lgbt issues",satire,0,0.7173950672149658,0.8008430004119873,-0.08344793319702148,0.9608566164970398,0.40159850819322584,865.793212890625,8,0.5333333333333333,0.3858785837728017
2469,area man now checks inside boat in driveway every morning,A local man checks inside a boat in his driveway every morning.,irony,0,0.8058357834815979,0.9110229015350342,-0.10518711805343628,0.8882665634155273,0.06484115071397648,178.13961791992188,6,0.5,0.05759622611261215
2470,netflix defends 'queer eye' episode where the fab five forced to euthanize completely hopeless slob,Netflix defends a 'queer eye' episode where the fab five are forced to euthanize a completely hopeless slob.,satire,0,0.9312260150909424,0.9409993290901184,-0.009773313999176025,0.978386402130127,0.44219732271776674,132.59996032714844,5,0.2777777777777778,0.43263984760541047
2471,"Oh, absolutely, because girls giggling is the real crisis facing society today.",girls giggling,sarcasm,0,0.9692822694778442,0.9363980889320374,0.032884180545806885,0.7425097823143005,0.002130725927060655,986.5449829101562,10,0.8333333333333334,0.001582084844273243
2472,Five 'weight loss' habits that are secretly making you fatter—thanks for the helpful tips!,5 'weight loss' habits that are secretly making you fatter,overstatement,0,0.9186362028121948,0.8842736482620239,0.0343625545501709,0.9253462553024292,0.5093330917854971,175.47418212890625,6,0.42857142857142855,0.47130946918531824
2473,"The trap of Islam's eternal conflict? Yes, because all Muslims are apparently stuck in an endless war.",the trap of islam's eternal conflict,sarcasm,0,0.8670617938041687,0.7625885009765625,0.1044732928276062,0.8807294368743896,0.01527559510113079,414.017578125,14,0.8235294117647058,0.013453666271340106
2474,powerball officials remove plastic balls from pig urine brine,Powerball officials removed plastic balls from a pig urine brine.,satire,0,0.7839164733886719,0.6064351797103882,0.1774812936782837,0.9644206762313843,0.13747081017605653,863.914794921875,4,0.4,0.1325796917120687
2475,70 percent of americans in favor of watching iraq get bombed on tv,70 percent of Americans support watching Iraq get bombed on television.,overstatement,0,0.9507438540458679,0.9580162763595581,-0.0072724223136901855,0.9552509784698486,0.13595747124490495,135.95584106445312,6,0.46153846153846156,0.12987350743698176
2476,Suspects turn Hollywood Blvd into a doughnut shop—cops can't catch a break.,suspects turn hollywood boulevard into a doughnut shop,overstatement,0,0.8703881502151489,0.7459453344345093,0.12444281578063965,0.8488361835479736,0.08959792157948086,166.27438354492188,8,0.6666666666666666,0.07605395780735716
2477,"Deserves a moment? It's cauliflower, it's not winning any awards.","'deserves a moment': it's cauliflower, it's not winning any awards",understatement,0,0.6322250366210938,0.5892257690429688,0.042999267578125,0.9613744020462036,0.4111336169005197,346.6925048828125,4,0.4,0.3952533351088301
2478,Weird gifts for a weird dad: because normal dads are so overrated.,weird gifts for a weird dad,understatement,0,0.8490219712257385,0.6937621831893921,0.15525978803634644,0.8764019012451172,0.18693159143202892,664.8882446289062,8,0.6666666666666666,0.1638272021338056
2479,Activists hang a banner to politely ask Macron to please consider their existence. So respectful.,activists hang a banner to politely ask mccain to consider their existence,satire,0,0.957039475440979,0.852277934551239,0.10476154088973999,0.6516438722610474,0.37637088550572445,247.73712158203125,6,0.4,0.24525978123726958
2480,kanye west announces his new name is tim,Kanye West announces his new name is Tim.,satire,0,0.6272813677787781,0.6421242356300354,-0.014842867851257324,0.9888180494308472,0.5169731539571706,247.5200958251953,3,0.375,0.5111923857040425
2481,first-grader reeks of urine,A first-grader reeks of urine.,understatement,0,0.6821460723876953,0.6242191195487976,0.057926952838897705,0.9573891162872314,0.26591479484724945,77.89411926269531,2,0.4,0.2545839304465086
2482,"Senate's new plan to repeal but not replace Obamacare is dead – shocking, Republicans can't even sabotage properly.",senate's new plan to repeal but not replace obamacare is dead,sarcasm,0,0.9023099541664124,0.8509799242019653,0.05133002996444702,0.8704419136047363,0.334227457409569,144.95761108398438,9,0.5,0.29092558760683074
2483,rachael ray snaps chicken's neck live on air,Arachael Ray photographed a chicken's neck live on the air.,overstatement,1,0.611560583114624,0.5772190690040588,0.034341514110565186,0.7929517030715942,0.2626909894424158,209.9655303955078,6,0.6,0.2083012674599258
2484,bush tearfully addresses nation after watching field of dreams,President Bush addresses the nation after watching a field of dreams.,satire,0,0.7499390244483948,0.961640477180481,-0.21170145273208618,0.8777881264686584,0.12278260149096115,228.6492156982422,5,0.45454545454545453,0.1077771097256987
2485,woman who had almost formed healthy sense of self rejoins social media,A woman who had almost formed a healthy sense of self has rejoined social media.,sarcasm,0,0.9428150057792664,0.8870400190353394,0.055774986743927,0.9532996416091919,0.42311785416105785,89.04063415527344,5,0.3333333333333333,0.4033580987301868
2486,man worried favorite jedi died after seeing 'obi-wan kenobi' trending,A man worried that his favorite Jedi died after seeing 'obi-wan kenobi' trending.,irony,0,0.6755149364471436,0.7957004904747009,-0.12018555402755737,0.9604925513267517,0.3438931217657843,454.8299560546875,5,0.38461538461538464,0.33030678190853946
2487,translator asks bannon to repeat that last spectral scream during congressional testimony,A translator asked Bannon to repeat that last spectral scream during a congressional testimony.,satire,0,0.8822917938232422,0.847979724407196,0.03431206941604614,0.9776213765144348,0.460462862587273,548.494384765625,5,0.35714285714285715,0.4501583375563469
2488,retired factory worker had no idea earnings from '50s would have to support 3 generations of family,A retired factory worker had no idea that earnings from the 1950s would have to support three generations of family.,understatement,0,0.8715175986289978,0.8095155358314514,0.06200206279754639,0.9272637367248535,0.412295470431275,78.53276062011719,6,0.3,0.38230663854683544
2489,"Australia's Deputy PM Resigns in Scandal, Another One?",australia's deputy pm resigns in'scandal',irony,0,0.5198990702629089,0.8305605053901672,-0.3106614351272583,0.8939511179924011,0.0,545.9898681640625,8,1.0,0.0
2490,"Adnan Syed gets a new trial, no big deal, just a life-altering decision.","adnan syed gets a new trial, no big deal",understatement,0,0.6900914311408997,0.8042860627174377,-0.11419463157653809,0.9218699336051941,0.3766260962157022,264.96240234375,7,0.5384615384615384,0.34720027431235284
2491,algebra notebook forced to bear the brunt of teen's song lyrics,An algebra notebook is being used to support the lyrics of a teenager.,satire,0,0.7667953968048096,0.8905444145202637,-0.1237490177154541,0.8237953186035156,0.04324227075463215,304.83856201171875,9,0.6923076923076923,0.03562278021345167
2492,trump boys beg father to nominate g.i. joe action figure cobra commander for va secretary,Trump's sons beg their father to nominate a G.I. Joe action figure Cobra commander for the Va secretary.,satire,0,0.9205297231674194,0.901149332523346,0.019380390644073486,0.9597553014755249,0.08124643758248418,272.95599365234375,10,0.5555555555555556,0.07797669919578952
2493,"Congressman accused of abuse? Well, that's a first.",congressman accused of abuse,irony,0,0.9586050510406494,0.6198037266731262,0.3388013243675232,0.8229415416717529,0.06250434473199146,211.70718383789062,6,0.75,0.05143742181492776
2494,zoologists discover new fastest land animal after pumping white-tailed deer full of steroids,Zooologists discover the fastest land animal after pumping a white-tailed deer full of steroids.,overstatement,0,0.8728638291358948,0.9168693423271179,-0.044005513191223145,0.9537134170532227,0.45723134461864345,212.1278533935547,4,0.2857142857142857,0.43606766806008607
2495,Republicans are arguing about their Obamacare repeal strategy? I'm shocked—they usually have such cohesive plans.,republicans are arguing about their obamacare repeal strategy,sarcasm,0,0.9707339406013489,0.9621285200119019,0.008605420589447021,0.9054771661758423,0.15238608850315924,213.42185974121094,10,0.6666666666666666,0.13798212358246173
2496,Men needed Paul Feig to tell them to speak out? How insightful.,men needed paul feig to tell them to speak out,sarcasm,0,0.9692827463150024,0.7904863357543945,0.1787964105606079,0.9402689933776855,0.336607735780637,185.31495666503906,6,0.5,0.31650181688560153
2497,annoying coworker precedes all nouns with 'quite the',An annoying coworker precedes all nouns with 'quite the'.,sarcasm,0,0.6845446228981018,0.6775778532028198,0.006966769695281982,0.9770587086677551,0.7259795291154771,320.13934326171875,2,0.2222222222222222,0.7093246212367931
2498,"encouragement of family, friends motivating man to keep struggling indefinitely",The encouragement of family and friends is motivating a man to continue to struggle indefinitely.,irony,0,0.7224900126457214,0.8078945875167847,-0.08540457487106323,0.9028710126876831,0.043748114312246456,62.833274841308594,9,0.6,0.03949890427227448
2499,Amazon unhinged: when your online shopping cart starts a revolution,amazon's online shopping cart is 'unhinged',overstatement,0,0.979091465473175,0.6009231209754944,0.37816834449768066,0.7748576402664185,0.10373672493717558,92.51254272460938,7,0.7,0.0803811938937864
2500,Hotels think you want this bill? Who actually enjoys hidden fees?,hotels think you want this bill,rhetorical_question,0,0.8590067625045776,0.6497225165367126,0.209284245967865,0.7748018503189087,0.22083358203177395,869.0330810546875,7,0.6363636363636364,0.17110226797077097
2501,"area man to ask his doctor about xenical, propecia, claritin, paxil, drixoral, lipitor, tavist-d","A local man will ask his doctor about xenical, propecia, claritin, paxil, drixoral, lipitor and tavist-d.",overstatement,1,0.7388561964035034,0.5080573558807373,0.2307988405227661,0.9669625759124756,0.5266403878479265,295.52490234375,6,0.375,0.5092415460129762
2502,DeRay McKesson sues police over arrests: Because nothing says justice like a lawsuit.,deray mcdonald sues police over arrests,sarcasm,0,0.828866183757782,0.6525022387504578,0.17636394500732422,0.7581926584243774,0.0629195042125731,654.3154907226562,10,0.7692307692307693,0.04770510616567461
2503,"Carly Fiorina totally dominated Trump on social media, proving that viral tweets are the cornerstone of presidential greatness.",carly fiorina totally dominated donald trump on social media,sarcasm,0,0.9714951515197754,0.7979035973548889,0.17359155416488647,0.8956097364425659,0.026383509730813486,552.5367431640625,15,0.8333333333333334,0.023629328196443738
2504,"Kylie Jenner spends Sunday in a bikini, a decision that will undoubtedly reshape human civilization as we know it.",kylie jenner spends sunday in a bikini,overstatement,0,0.930195152759552,0.8478650450706482,0.08233010768890381,0.886832594871521,0.013922129400866415,800.1828002929688,16,0.8421052631578947,0.012346598142707457
2505,man approaches box of powdered doughnuts like snake discovering unguarded clutch of bird eggs,"A man approaches a box of powdered doughnuts, like a snake, discovering an unguarded clutch of bird eggs.",satire,1,0.7333051562309265,0.6395812034606934,0.09372395277023315,0.9640080332756042,0.22786788980326644,106.00840759277344,7,0.3888888888888889,0.219666476295909
2506,man who downloaded $2.99 meditation app prepares to enter lotus plane of eternal serenity,A man who downloaded a $2.99 meditation app prepares to enter a lotus plane of eternal serenity.,sarcasm,0,0.8777012825012207,0.9096090793609619,-0.03190779685974121,0.9582009315490723,0.5024331618720053,121.8015365600586,4,0.23529411764705882,0.48143192374690125
2507,"Italian recipes that are oldies but goodies: like your nonna's cooking, but with less emotional baggage.",italy recipes that are oldies but goodies,understatement,1,0.6109374761581421,0.746449887752533,-0.13551241159439087,0.7965072393417358,0.16996005791513966,846.5013427734375,11,0.6875,0.13537441652834942
2508,Because nothing says efficient governance like making up food stamp rules on the fly.,how to make up food stamp rules on the fly,sarcasm,0,0.9601215720176697,0.7786436080932617,0.18147796392440796,0.5531206130981445,0.34653746835976024,173.803955078125,8,0.5714285714285714,0.19167701696062944
2509,spanish authorities ask anyone with information about curbing endless cycle of nihilistic violence to come forward,Spanish authorities are asking anyone with information about curbing the endless cycle of nihilistic violence to come forward.,irony,0,0.8419358134269714,0.7894538044929504,0.052482008934020996,0.9631259441375732,0.5398995684986874,40.79270553588867,5,0.2777777777777778,0.5199912816497667
2510,bush introduces new timmy blanchard left behind act,Bush introduces a new timmy blanchard left behind act.,sarcasm,0,0.8632041811943054,0.8925015926361084,-0.02929741144180298,0.979919970035553,0.4671379777282001,1132.6104736328125,3,0.3333333333333333,0.45775783313788665
2511,community vastly improved by tv station's caring,The community is greatly improved by the television station's caring staff.,irony,0,0.9731960296630859,0.8240460753440857,0.14914995431900024,0.8799607753753662,0.059609942732681,104.71343994140625,6,0.5454545454545454,0.05245441142713115
2512,u.s. continues dependence on foreign toil,The U.S. continues to depend on foreign toil.,sarcasm,0,0.8094921708106995,0.8611597418785095,-0.05166757106781006,0.9099223613739014,0.06500593260343691,29.551658630371094,5,0.625,0.059150351697832
2513,westminster dog show finalists form elite iditarod team,Westminster dog show finalists form an elite iditarod team.,irony,1,0.628675639629364,0.5287259221076965,0.09994971752166748,0.9820108413696289,0.3549481056010053,1156.0655517578125,3,0.3333333333333333,0.34856288782379913
2514,Watch steamy gay cowboy music video—because country music needed more diversity.,watch steamy gay cowboy music video,sarcasm,0,0.9140894412994385,0.7315474152565002,0.18254202604293823,0.8468427658081055,0.22083358203177395,3419.98388671875,7,0.6363636363636364,0.18701132139109858
2515,burger king looks open,Burger King looks open.,irony,1,0.629067599773407,0.610887348651886,0.018180251121520996,0.9856654405593872,0.08034284189446518,933.4979248046875,3,0.75,0.07919116265170122
2516,area man committed to being spicy food guy,A local man is committed to being a spicy food person.,sarcasm,0,0.885522723197937,0.9322431087493896,-0.04672038555145264,0.8641675114631653,0.12278260149096115,113.40837097167969,5,0.45454545454545453,0.10610473518141743
2517,visit to doctor splurged on,A visit to a doctor was splurged on.,understatement,1,0.5568384528160095,0.5782704949378967,-0.021432042121887207,0.8605327010154724,0.06985342056580097,79.69377136230469,4,0.5,0.06011115267465846
2518,Escaping the boring classroom to immerse yourself in the truly educational atmosphere of SXSW's crowded parties.,escaping the boring classroom to immerse yourself in the truly educational atmosphere of sxsw's crowded parties,sarcasm,0,0.8686820268630981,0.9190922379493713,-0.05041021108627319,0.9881759285926819,0.7367565054628357,196.4490509033203,3,0.1875,0.728045043932437
2519,gene wilder's career in ruins following death of richard pryor,Gene Wilder's career is in ruins following the death of Richard Pryor.,sarcasm,1,0.8161731958389282,0.6159887313842773,0.20018446445465088,0.9718887805938721,0.11094660471566163,53.9964485168457,6,0.5,0.10782776036813473
2520,north dakota drinks itself to sleep again,North Dakota drinks itself to sleep again.,overstatement,0,0.5665793418884277,0.7615106701850891,-0.19493132829666138,0.9836394190788269,0.41113361690051975,1180.4847412109375,3,0.42857142857142855,0.40440723209180424
2521,"Healthcare with the exclusive, luxurious feel of a nightclub","healthcare with the exclusive, luxurious feel of a nightclub",satire,0,0.9645026922225952,0.9573044180870056,0.0071982741355896,1.0,0.8633400213704505,326.16632080078125,1,0.1111111111111111,0.8633400213704505
2522,"Bernie Sanders blames Reagan for middle class destruction: because it was thriving before, right?",bernie sanders blames reed obama for middle class destruction,satire,0,0.9211065769195557,0.9208569526672363,0.00024962425231933594,0.6639198064804077,0.07317324884772676,1495.69482421875,11,0.7857142857142857,0.04858116921452547
2523,Raising a special child: a guide to sounding inspirational while dealing with reality.,raising a special child,satire,1,0.5327792167663574,0.626054584980011,-0.09327536821365356,0.7663787603378296,0.017907794590318507,303.6866149902344,11,0.8461538461538461,0.013724153418512788
2524,Dwayne 'The Rock' Johnson shows his nurturing side: Who knew a muscle man could be so tender? Heartwarming.,dwayne 'the rock' johnson shows his nurturing side,satire,0,0.643524706363678,0.5415789484977722,0.10194575786590576,0.8265012502670288,0.03938604654369682,355.0979309082031,15,0.8333333333333334,0.03255261671144081
2525,Is Srinivasan a Supreme Court justice in the making? Let's guess based on hunches,is Srinivasan a supreme court justice in the making?,rhetorical_question,1,0.9374042749404907,0.9208191633224487,0.016585111618041992,0.9615630507469177,0.2036526897728483,81.80316925048828,8,0.5714285714285714,0.19582490167079564
2526,"New technologies give government means to track suspects—privacy is so overrated, right?",new technologies give government means to track suspects,rhetorical_question,0,0.9497648477554321,0.9497430920600891,2.1755695343017578e-05,0.8602621555328369,0.41266825715677186,1274.6669921875,6,0.5,0.3550028844216636
2527,justice scalia dead following 30-year battle with social progress,Justice California died after a 30-year battle with social progress.,sarcasm,0,0.7216153740882874,0.9232141375541687,-0.20159876346588135,0.6754959225654602,0.2626909894424158,56.55154037475586,6,0.6,0.17744669226303825
2528,Violence hits Nigeria's oil-rich delta region? Oil wealth always brings harmony and peace.,violence hits nigeria's oil-rich delta region,irony,0,0.9636821150779724,0.8800832629203796,0.08359885215759277,0.9022390842437744,0.029752796575840495,826.1279296875,10,0.7692307692307693,0.026844135936277633
2529,gallup forced to destroy defective sample group that failed to accurately forecast michigan primary,Gallup is forced to destroy a sample group that failed to accurately forecast the Michigan primary.,satire,0,0.85211181640625,0.872050404548645,-0.01993858814239502,0.898652195930481,0.4578831372133982,191.78469848632812,6,0.375,0.411477686736358
2530,Baldwin's words last forever—unlike racial progress in America.,joe biden's words last forever,irony,1,0.7379977703094482,0.7032134532928467,0.03478431701660156,0.5129261612892151,0.06235704094727466,3955.686279296875,7,0.875,0.03198455764243999
2531,"Holy guacamole! People in New Zealand are stealing avocados, the ultimate crisis threatening brunch worldwide.",holy guacamole! people in new zealand are stealing avocados,overstatement,0,0.9087710976600647,0.7433009743690491,0.16547012329101562,0.9026366472244263,0.03096277640217347,160.75326538085938,11,0.7333333333333333,0.027948136680417443
2532,trump raises $50 million at fundraiser where gop donors get to watch him weep for 2 hours,Trump raised $50 million at a fundraiser where GOP donors can watch him weep for two hours.,sarcasm,0,0.9732214212417603,0.968890368938446,0.004331052303314209,0.9734997153282166,0.23693055763743093,58.336830139160156,8,0.47058823529411764,0.2306518304125946
2533,"Albuquerque shooter causes minor casualties: 1 dead, 3 injured.",albuquerque shooter causes minor casualties,understatement,0,0.8494977951049805,0.5472241044044495,0.302273690700531,0.9362179040908813,0.11948321931215808,26623.216796875,6,0.6666666666666666,0.11186232915845976
2534,Tina Fey and Amy Poehler's squad annihilates Taylor Swift's in comedic superiority,tina fey and amy poehler's squad annihilates taylor swift's comedic superiority,overstatement,0,0.7746307849884033,0.7638125419616699,0.010818243026733398,0.997239887714386,0.05442988140675566,2582.119140625,7,0.5833333333333334,0.054279648822380365
2535,A shocking and unprecedented development in the world of legislative gridlock.,a shocking and unprecedented development in the world of legislative gridlock,understatement,0,0.9376329183578491,0.9360805153846741,0.0015524029731750488,0.9792159795761108,0.7860753021519787,75.6675033569336,2,0.18181818181818182,0.7697374970173372
2536,"February: when we suddenly care about accuracy in history, but only for certain narratives.",february: feb.,irony,1,0.9757434725761414,0.9577233791351318,0.01802009344100952,0.5267701148986816,0.0,275.5928649902344,14,1.0,0.0
2537,Republicans drop ethics plan after criticism—they've had a change of heart.,republicans drop an ethics plan after criticism,irony,0,0.8730539679527283,0.963619589805603,-0.09056562185287476,0.9133374094963074,0.09920519151734605,1112.1729736328125,8,0.7272727272727273,0.09060781262903789
2538,new study finds americans scoot over at least 10 miles per year,A study finds that Americans scoot over at least 10 miles per year.,overstatement,0,0.8906941413879395,0.7838711142539978,0.10682302713394165,0.9778133630752563,0.5205510363053438,77.32134246826172,4,0.3076923076923077,0.5090017594620381
2539,dalai lama swears he recognizes guy at party from past life,Dalai Lama swears he recognizes a man at a party from his past life.,satire,0,0.7625520825386047,0.733241856098175,0.029310226440429688,0.9636318683624268,0.09669265690880861,63.22624206542969,7,0.5,0.09317612563396235
2540,trump tells iowa dairy farmers he has cows 500 times bigger than theirs,Trump told Iowa dairy farmers he has cows 500 times larger than theirs.,overstatement,0,0.9592621922492981,0.949080228805542,0.010181963443756104,0.9813653230667114,0.48633831680799433,233.78768920898438,5,0.38461538461538464,0.477275559393998
2541,teacher asks students to split into 2 groups to simulate ideal class size,A teacher asks students to split into two groups to simulate the ideal class size.,irony,0,0.8756823539733887,0.9003200531005859,-0.024637699127197266,0.9599683880805969,0.4480304273880272,69.55142211914062,4,0.26666666666666666,0.43009504719074537
2542,10 smart gift ideas for the healthiest cook: because quinoa deserves a standing ovation.,10 smart gift ideas for the healthiest cook,overstatement,1,0.6145222187042236,0.7574186325073242,-0.14289641380310059,0.738318681716919,0.39721134088567395,444.5724792480469,7,0.5,0.2932685535657205
2543,enron executives blamed for missing employee donut fund,Enron executives are blamed for a missing employee's donut fund.,understatement,0,0.8825651407241821,0.9155703186988831,-0.03300517797470093,0.9641488790512085,0.056122223243057295,237.712890625,5,0.5,0.05411017862965537
2544,"Emily's List makes its first pick early, because democracy thrives on early decisions.",emmy's list makes its first pick early,irony,0,0.9608309864997864,0.7217118740081787,0.23911911249160767,0.3971107602119446,0.18448373350246097,639.2628173828125,8,0.6153846153846154,0.07326047565790006
2545,brian boitano sobs quietly in dark,Brian Boitano is quietly in the dark.,understatement,1,0.6733037829399109,0.7372944951057434,-0.06399071216583252,0.8363635540008545,0.06985342056580097,111.80127716064453,5,0.7142857142857143,0.058422855083529686
2546,shameless coworker doing nothing to conceal clearly flaccid penis lying beneath khakis,A coworker is doing nothing to conceal clearly flaccid penis lying beneath Khakis.,sarcasm,0,0.9380816221237183,0.8376448750495911,0.1004367470741272,0.8649876713752747,0.6652049901111008,430.7074890136719,3,0.23076923076923078,0.5753941153834137
2547,"Is it really that tough to bid adieu to Bayh, or are we just being dramatic?",is it really that tough to bid adieu to bayh?,rhetorical_question,1,0.9840071797370911,0.9755125641822815,0.00849461555480957,0.9463067054748535,0.41700666580507684,175.5077362060547,8,0.5,0.3946162040790555
2548,McDonald's throws a gala for the fry cook—because nothing says 'appreciation' like minimum wage.,mcdonald's throws a gala for the fry cook,satire,0,0.9627029299736023,0.9498018622398376,0.012901067733764648,0.768165111541748,0.3213863618224058,938.779052734375,8,0.5714285714285714,0.24687779047730496
2549,Because two parties weren't confusing enough.,two parties aren't confusing enough,sarcasm,0,0.5097104907035828,0.5454877018928528,-0.03577721118927002,0.7652884721755981,0.10294994188297393,778.3137817382812,3,0.5,0.07878640373418774
2550,"Pat Toomey gets it? Sure, if 'it' means missing the point entirely.",pat toomey gets it,sarcasm,0,0.6910836100578308,0.5532883405685425,0.13779526948928833,0.702226996421814,0.010873221263821838,702.3536987304688,11,0.9166666666666666,0.007635469509523409
2551,Flower girls dominate bridal fashion in 19 earth-shattering moments.,flower girls dominate bridal fashion in 19 earth-shattering moments,overstatement,0,0.9690106511116028,0.9603406190872192,0.008670032024383545,0.9860067367553711,0.7259795291154771,280.37445068359375,2,0.2222222222222222,0.7158207064543526
2552,man totally proud of last night's drunken phone calls,A man is very proud of his last night's drunken phone calls.,sarcasm,0,0.9447224140167236,0.966962456703186,-0.022240042686462402,0.9210824370384216,0.2620251007173262,108.84648895263672,5,0.4166666666666667,0.24134671833395271
2553,james holmes shows up to court wearing glasses with eyeballs dangling out on springs,James Holmes appeared at a court wearing glasses with eyeballs dangling out on springs.,satire,0,0.7279360890388489,0.8346486687660217,-0.10671257972717285,0.9552415609359741,0.5142401605028263,224.7904815673828,6,0.42857142857142855,0.49122357361468566
2554,White House gives security briefing to Ahmed Mohamed – because nothing says justice like a lesson in overreaction.,white house gives security briefing to ahmed mahmoud,sarcasm,0,0.9690272212028503,0.9440991282463074,0.02492809295654297,0.7222714424133301,0.09905066317418483,1134.0653076171875,14,0.7777777777777778,0.07154146536281539
2555,Nia Long says film and TV should look like the world: what a radical concept.,nia long says film and television should look like the world,satire,0,0.9619385004043579,0.9371135234832764,0.024824976921081543,0.9564967155456543,0.23587980670838615,209.39971923828125,8,0.5333333333333333,0.22561826038011515
2556,"Mollie Spilman is the powerhouse behind Criteo's revenue, a true business titan.",mollie spilman is the powerhouse behind criteo's revenue,overstatement,0,0.5028162002563477,0.8472903966903687,-0.344474196434021,0.9387696981430054,0.20969025558524573,667.5870361328125,8,0.6666666666666666,0.19685085793929077
2557,rate of uninformed conversations about navy seals skyrockets,The rate of uninformed conversations about navy seals has increased dramatically.,irony,0,0.9573739171028137,0.9289456009864807,0.028428316116333008,0.8707160949707031,0.5706745777055999,178.7031707763672,4,0.36363636363636365,0.4968955397988751
2558,"Trump's jokes are so hilarious, they're causing deafening silence. Truly the comic genius of our time.","donald trump's jokes are hilarious, they're causing deafening silence",overstatement,0,0.9677818417549133,0.9711777567863464,-0.0033959150314331055,0.8568322658538818,0.16307232590573298,144.07383728027344,11,0.6875,0.13972563050387185
2559,man hoping people notice how many folding chairs he's carrying at once,A man hopes people will notice how many folding chairs he's carrying at once.,sarcasm,0,0.9312517642974854,0.9374836087226868,-0.006231844425201416,0.9507858157157898,0.5437427682227519,66.43798828125,4,0.2857142857142857,0.5169829114242308
2560,report: more americans turning to louder sources for their news,A report indicates that more Americans are turning to louder sources for their news.,irony,0,0.9639723896980286,0.9434747099876404,0.020497679710388184,0.95706707239151,0.363622704650007,85.4359359741211,7,0.5,0.34801131739446495
2561,psychologists advise practicing words 'president trump' over next 2 months to prepare for inauguration,Psychologists advise practicing the words 'President Trump' over the next two months to prepare for the inauguration.,satire,0,0.8127381801605225,0.7816202044487,0.03111797571182251,0.972750723361969,0.18842393723950338,67.4525146484375,8,0.47058823529411764,0.18328952124843714
2562,obama turns 50 despite republican opposition,"Barack Obama turns 50, despite the republican opposition.",irony,0,0.7068181037902832,0.7760507464408875,-0.06923264265060425,0.9487302899360657,0.03655552228545124,172.5622100830078,5,0.625,0.03468133125664046
2563,dnc keynote speaker definitely not keynote speaker only because he's latino,The keynote speaker at the DNC is not a keynote speaker only because he is Latino.,sarcasm,0,0.6353442668914795,0.7455303072929382,-0.11018604040145874,0.9640680551528931,0.1892240568795935,58.27363586425781,9,0.5625,0.18242486850405012
2564,"I couldn't love myself, so I loved my self-judgment – a healthy coping mechanism.","i couldn't love myself, so i loved my self-judgment",irony,1,0.5293962359428406,0.8230022192001343,-0.2936059832572937,0.9146986603736877,0.24767214526041215,122.67251586914062,7,0.5,0.22654537948157638
2565,A GOP consultant pleads guilty—hold the press for this shocking honesty.,gop consultant pleads guilty to conspiracy to commit crime,sarcasm,0,0.7834962606430054,0.8404677510261536,-0.05697149038314819,0.8003838062286377,0.04060711798538472,109.36675262451172,9,0.8181818181818182,0.032501279653117596
2566,Who knew defending animal cruelty could be a state policy?,why defending animal cruelty could be a state policy,rhetorical_question,0,0.7682832479476929,0.9395694136619568,-0.17128616571426392,0.9394712448120117,0.6496350258549114,219.41909790039062,3,0.3,0.610313426413397
2567,Ethics group blasts Pence for using government travel for a Colts stunt. The scandal is unbearable.,ethics group blasts pence for using government travel for 'colts' stunt,overstatement,0,0.8613570332527161,0.947170078754425,-0.08581304550170898,0.8863088488578796,0.25613383117701133,605.9427490234375,9,0.5625,0.2270136810640554
2568,"Police discover bomber's 'confession' on phone, if that's what you call it",police discover bomber's 'confession' on phone,sarcasm,0,0.5994130373001099,0.5808394551277161,0.0185735821723938,0.925132155418396,0.18693159143202892,163.13487243652344,8,0.6666666666666666,0.1729364260973039
2569,"Earth Day project collecting 1 million sounds, because one bird chirp wasn't enough to save the planet",earth day project collects 1 million sounds,overstatement,0,0.8796043992042542,0.8666777014732361,0.012926697731018066,0.7803207635879517,0.018526347408173313,2094.23681640625,14,0.8235294117647058,0.014456493556041469
2570,Trump: the daily mystery box. What will he say next? Nobody knows.,donald trump: the daily mystery box,irony,0,0.7554993033409119,0.7683134078979492,-0.012814104557037354,0.8216687440872192,0.0743306114738671,2289.34619140625,10,0.8333333333333334,0.061075140176967434
2571,faith healer loses patient during routine miracle,A faith healer lost a patient during a routine miracle.,irony,0,0.7739096283912659,0.8157085180282593,-0.04179888963699341,0.9167186617851257,0.06674094719041482,234.2548065185547,5,0.5,0.06118267179466882
2572,philip morris: 'please talk to your cooler children about cigarettes',Phillip Morris said 'please talk to your cooler children about cigarettes'.,sarcasm,0,0.687105119228363,0.7647514343261719,-0.07764631509780884,0.9537709951400757,0.5706745777055999,347.4587707519531,4,0.36363636363636365,0.5442928598794124
2573,Ted Cruz suddenly develops a conscience? Say it isn't so!,donald trump suddenly develops a conscience,sarcasm,0,0.7451819777488708,0.946845293045044,-0.2016633152961731,0.7527191638946533,0.10373672493717558,2338.17138671875,7,0.7,0.07808462085988044
2574,7 things to love about Trump's presidency: starting with the constant chaos.,7 things to love about donald trump's presidency,sarcasm,0,0.9802770614624023,0.9422045350074768,0.03807252645492554,0.8752362728118896,0.31356006812336346,178.62112426757812,7,0.5833333333333334,0.27443914532693486
2575,Does palm oil cause 40% deforestation? Only in fairy tales.,does palm oil cause 40% deforestation?,rhetorical_question,1,0.5218560099601746,0.7416685223579407,-0.2198125123977661,0.9432039856910706,0.39011264866539486,499.78790283203125,5,0.5,0.3679558050897007
2576,"These 5 tax mistakes will ruin you forever, or at least make April extra fun.",these 5 tax mistakes will ruin you forever,overstatement,0,0.9537549018859863,0.5062442421913147,0.44751065969467163,0.8276708126068115,0.2836224688412052,433.9098815917969,9,0.6,0.23474603925935036
2577,"What is a pre-existing condition? Just a minor inconvenience for insurance companies, right?",what is a pre-existing condition?,rhetorical_question,1,0.6453313231468201,0.9512876868247986,-0.3059563636779785,0.7776182889938354,0.13501633901742352,23.46794319152832,9,0.6923076923076923,0.1049911745329405
2578,every nbc program to end with character straight up asking viewers what kind of new tv shows they would like to see,Every CBS program will end with a character asking viewers what kind of new TV shows they would like to see.,satire,0,0.7443090677261353,0.8200823068618774,-0.07577323913574219,0.890192985534668,0.4169080559564968,29.17655372619629,8,0.36363636363636365,0.3711286270253683
2579,creepy real estate listing really talking up size of crawlspaces,A creepy real estate listing is talking about the size of crawlspaces.,sarcasm,0,0.9397967457771301,0.9156272411346436,0.024169504642486572,0.9380345344543457,0.2620251007173262,155.27955627441406,5,0.4166666666666667,0.24578859336673015
2580,visit to google earth reveals house is on fire,A visit to Google Earth indicates that a house is on fire.,irony,0,0.7553481459617615,0.5968501567840576,0.15849798917770386,0.9346380233764648,0.10600313379512592,57.750213623046875,7,0.5833333333333334,0.09907455944198744
2581,rhode island votes to move 2008 primary to tomorrow,Rhode Island votes to move its 2008 primary to tomorrow.,satire,0,0.7045363187789917,0.6578420996665955,0.04669421911239624,0.9680736064910889,0.17567205239427922,138.99111938476562,4,0.4,0.1700634773210214
2582,divorcing parents assure anxious kids that dog still loves them,Divorcing parents assure anxious children that their dog still loves them.,satire,0,0.9705625176429749,0.9628411531448364,0.007721364498138428,0.9819753766059875,0.16306686105372709,136.9376983642578,4,0.36363636363636365,0.1601276422951899
2583,Chechnya rounds up gay men: a small issue in human rights,tchétchnya rounds up gay men,understatement,0,0.9403347969055176,0.9409629106521606,-0.0006281137466430664,0.7789169549942017,0.08009199706981218,3477.50341796875,8,0.7272727272727273,0.062385014477022625
2584,"Clinton not telling truth about Wall Street? I'm shocked, shocked I say.",hillary clinton is not telling truth about wall street,sarcasm,1,0.6514377593994141,0.5867528319358826,0.0646849274635315,0.8306763768196106,0.21386638885976572,335.6708679199219,10,0.8333333333333334,0.1776537570215241
2585,chicago police credit their extensive experience falsifying evidence for helping solve smollett case,Chicago police credit their extensive experience to falsify evidence for helping solve the Smollett case.,sarcasm,0,0.9583927989006042,0.9529291987419128,0.005463600158691406,0.9250915050506592,0.4121183751323027,158.81227111816406,6,0.4,0.3812472079101741
2586,corporate retreat teaches employees how to dick around as team,A corporate retreat teaches employees how to dick around as a team.,sarcasm,0,0.9754495024681091,0.9769787192344666,-0.0015292167663574219,0.9638673663139343,0.7102992180127422,171.749267578125,3,0.25,0.6846342365607889
2587,Illinois' wall of fame: the state's best designations (if you consider that an achievement),iowa's wall of fame: the state's best designations,irony,0,0.8412149548530579,0.9283274412155151,-0.08711248636245728,0.7847045660018921,0.39721134088567395,373.7908935546875,7,0.5,0.31169355286072237
2588,This is what 2015 looked like according to 'Back to the Future'? Because predictions are always spot-on.,this is what 2015 looked like according to 'back to the future',irony,1,0.5910369157791138,0.5337151288986206,0.057321786880493164,0.8903866410255432,0.37621186824601177,57.795284271240234,8,0.47058823529411764,0.33497402168151064
2589,"naked, dripping wet tom brady thrilled by judge's decision to overturn suspension, imagines judge","A naked, dripping wet tom brady is thrilled by a judge's decision to overturn the suspension.",satire,0,0.8050909638404846,0.9476024508476257,-0.1425114870071411,0.9424076676368713,0.4169392927528885,196.3976287841797,6,0.375,0.3929267864294163
2590,"Apu trilogy premieres at MoMA again, for the film buffs who haven't seen it",the apu trilogy premieres at moma again,satire,0,0.7147948145866394,0.8478881120681763,-0.13309329748153687,0.9175337553024292,0.06462613646424778,1628.390869140625,12,0.8571428571428571,0.05929666168072852
2591,Forget gun control—just make everyone smoke! It's a totally logical and healthy solution.,forget gun control -- just make everyone smoke,sarcasm,0,0.9361551403999329,0.7166025042533875,0.2195526361465454,0.9129260778427124,0.03479516834752485,766.6473388671875,12,0.9230769230769231,0.03176541656738276
2592,report: suddenly remembering to sit up straight once a month best way to keep back healthy into old age,A report states that remembering to sit up straight once a month is the best way to keep back healthy.,overstatement,0,0.950086772441864,0.9255692362785339,0.024517536163330078,0.8887037038803101,0.5275855485130294,52.81196212768555,10,0.5,0.46886723107725425
2593,census bureau releases annual report on neighborhood vibes,Census Bureau releases an annual report on neighborhood vibes.,irony,0,0.8345060348510742,0.9389431476593018,-0.10443711280822754,0.9756920337677002,0.3155984539112945,161.92649841308594,4,0.4444444444444444,0.3079268973506527
2594,Jindal targets fun-loving Westboro Baptists for arrest at funeral protests,jimmy jindal targets westboro Baptists for arrest at funeral protests,sarcasm,0,0.9056500196456909,0.7733912467956543,0.13225877285003662,0.9247788190841675,0.537284965911771,1397.5506591796875,4,0.4,0.49686975628756475
2595,kurt warner cheered on by wire-haired man-goblin,Kurt Warner was cheered on by a wire-haired man-goblin.,satire,0,0.6950960159301758,0.8613276481628418,-0.16623163223266602,0.9661043286323547,0.12753431387594827,205.50453186035156,5,0.5555555555555556,0.12321145268471101
2596,baltimore residents urged to stay indoors until social progress naturally takes its course over next century,Baltimore residents are urged to stay indoors until social progress begins.,sarcasm,0,0.806789755821228,0.8799939155578613,-0.0732041597366333,0.9112505912780762,0.3745242389459697,97.57154846191406,9,0.5625,0.34128543418748636
2597,Shaun King's Twitter suspended? The internet never fails to surprise with its civility.,saun king's twitter account has been suspended,satire,1,0.9063499569892883,0.6891466975212097,0.2172032594680786,0.7022503018379211,0.0,246.0674591064453,13,1.0,0.0
2598,Growing up: Where your natural feelings are treated like a major plumbing issue.,growing up,understatement,0,0.8821704387664795,0.576420783996582,0.30574965476989746,0.5887850522994995,0.0,462.37176513671875,13,1.0,0.0
2599,Will they clinch a deal? Let's all hold our breath in anticipation.,will they clinch a deal?,sarcasm,1,0.7937596440315247,0.9420591592788696,-0.14829951524734497,0.9061850309371948,0.16490932887256968,127.01927947998047,8,0.6666666666666666,0.1494383652862216
2600,breaking: adam got a ps4 for christmas,Adam received a Ps4 for Christmas.,irony,1,0.6040478944778442,0.6322384476661682,-0.028190553188323975,0.9131826758384705,0.041095991233501536,681.378173828125,5,0.7142857142857143,0.03752814724084326
2601,biden pardons single yam in vice presidential thanksgiving ritual,President Biden has pardoned a single yam in a vice presidential thanksgiving ritual.,satire,0,0.920178234577179,0.8685952425003052,0.05158299207687378,0.9558848142623901,0.1293245537403544,288.2071838378906,7,0.5384615384615384,0.12361937703166516
2602,"Depositions reveal Trump as quick to exaggerate and insult: shocking, I know.",depositions reveal trump as quick to exaggerate and insult,irony,0,0.888926088809967,0.8665214776992798,0.022404611110687256,0.9527791738510132,0.3347189874003768,421.3740539550781,6,0.5,0.3189132802875787
2603,new uber update allows users to file lawsuit against company directly in app,A new uber update allows users to file a lawsuit against a company directly in an app.,irony,0,0.7661365270614624,0.7691440582275391,-0.00300753116607666,0.9423264265060425,0.4615425015629849,71.94876098632812,5,0.29411764705882354,0.43492369617850707
2604,miracle baby born with job,A baby is born with a job.,irony,0,0.7809785604476929,0.9476800560951233,-0.16670149564743042,0.7650249600410461,0.07730551756939454,58.84174346923828,4,0.5714285714285714,0.05914065048947845
2605,"lifeguard would save drowning man, but who is he to play god?","a lifeguard would save a drowning man, but who is he to play god?",rhetorical_question,1,0.9442927837371826,0.9478592872619629,-0.0035665035247802734,0.9885868430137634,0.6997522298221912,81.47993469238281,2,0.14285714285714285,0.6917658477717614
2606,Equality is a mainland luxury; Puerto Rico gets the discount.,equality is a mainland luxury; puerto rico gets the discount,sarcasm,1,0.570793628692627,0.5390173196792603,0.0317763090133667,0.9888588190078735,0.31239399369202553,507.3803405761719,4,0.4,0.30891355566744944
2607,Republican congressmen are met with cheers and applause at town halls.,republican congressmen are met with cheers and applause at town halls,irony,0,0.9843474626541138,0.9834204316139221,0.0009270310401916504,0.9949608445167542,0.7860753021519787,59.232818603515625,2,0.18181818181818182,0.7821141464828955
2608,afghan warlord takes anderson cooper as 43rd wife,An Afghan warlord appointed Anderson Cooper as his 43rd wife.,overstatement,0,0.8562219142913818,0.9139173626899719,-0.05769544839859009,0.9357110857963562,0.02777619034011792,189.90036010742188,7,0.7,0.025990489222437997
2609,"Daily meditation: the surefire way to spark creativity—if you can shut out the world, that is.",daily meditation: the surefire way to spark creativity,satire,0,0.6393599510192871,0.88823002576828,-0.24887007474899292,0.885309100151062,0.2502959502557595,199.67373657226562,10,0.625,0.22158928249238144
2610,"What your home items say: spoons mean loneliness, forks mean fancy.",what your home items say,satire,1,0.7303347587585449,0.5401250123977661,0.1902097463607788,0.5490733981132507,0.08009199706981218,984.2848510742188,8,0.7272727272727273,0.043976384992798295
2611,Pistorius in hospital for wrist injuries? The humanity! Worse than his crimes.,pistorius in hospital for wrist injuries,overstatement,1,0.5237428545951843,0.7052812576293945,-0.1815384030342102,0.7826411724090576,0.18693159143202892,989.9345092773438,8,0.6666666666666666,0.14630035987865406
2612,greyhound launches new in-bus magazine,Greyhound launches an in-bus magazine.,satire,0,0.8475978374481201,0.9224199652671814,-0.07482212781906128,0.9428121447563171,0.06389431042462725,1162.9207763671875,3,0.6,0.06024033184916873
2613,hanes introduces new no-way panties,Hanes introduces new panties that are no-way.,satire,0,0.8443964719772339,0.8835725784301758,-0.039176106452941895,0.9688075184822083,0.07730551756939454,729.1815795898438,5,0.7142857142857143,0.07489416664138787
2614,tour becoming one-on-one between guide and man who knew name of mckinley's assassin,A tour is becoming one-on-one between a guide and a man who knew the name of Mckinley's assassin.,overstatement,0,0.7868900895118713,0.5475131869316101,0.23937690258026123,0.9336642622947693,0.11578713706192673,60.15590286254883,7,0.3888888888888889,0.10810631190814715
2615,Desperation grips Haiti as it struggles to rebuild yet again: just a small hurdle.,desperation grips haiti as it struggles to rebuild again,understatement,1,0.5166164040565491,0.6341044902801514,-0.1174880862236023,0.9524163007736206,0.2680220126779215,1075.06298828125,8,0.5714285714285714,0.25526853384060644
2616,"Ending the drug war will surely control Afghanistan's narco-state, what could go wrong?",ending the drug war will surely control afghanistan's narco-state,sarcasm,0,0.8313087821006775,0.9513357877731323,-0.12002700567245483,0.9406960606575012,0.3766260962157022,86.71045684814453,7,0.5384615384615384,0.3542906850509241
2617,panicked malcolm gladwell realizes latest theory foretells end of his popularity,"Malcolm Gladwell, panicked, realizes his latest theory predicts the end of his popularity.",satire,0,0.9009477496147156,0.9392370581626892,-0.03828930854797363,0.9358574151992798,0.10120193244194395,135.18572998046875,7,0.5384615384615384,0.0947105789082898
2618,"Obama's drilling plans hit more opposition—surprise, the ocean isn't a fan.",obama's drilling plans hit more opposition,sarcasm,0,0.9155524969100952,0.9153933525085449,0.00015914440155029297,0.8459469079971313,0.22083358203177395,1180.9322509765625,7,0.6363636363636364,0.18681348590171004
2619,funeral director assures jewish family this headstone can withstand plenty of blows from baseball bat,Funeral director assures Jewish family that this headstone can withstand many blows from a baseball bat.,satire,0,0.7470546364784241,0.6357375383377075,0.11131709814071655,0.979551374912262,0.2187405715612322,214.65362548828125,7,0.4375,0.21426762762189902
2620,townsfolk strongly prefer man's werewolf incarnation,Townsfolk strongly prefers a man's werewolf incarnation.,satire,0,0.7708417177200317,0.7969333529472351,-0.02609163522720337,0.9552993774414062,0.07730551756939454,406.3498840332031,4,0.5714285714285714,0.07384991280682829
2621,Robert Redford might be wrong about retirement killing you? Say it isn't so.,robert redford might be wrong about retirement killing you,irony,1,0.8305851817131042,0.768091082572937,0.062494099140167236,0.9710427522659302,0.3766260962157022,1516.43603515625,7,0.5384615384615384,0.3657200410444685
2622,actor who portrayed the night king recalls challenge of playing character with no purpose,The actor who portrayed the Night King recalls playing a character with no purpose.,irony,0,0.7548105120658875,0.6791843771934509,0.07562613487243652,0.920993447303772,0.2737928561916526,139.6137237548828,7,0.5,0.252161426471096
2623,"Underwater tech uses waves for energy—finally, a solution that won't drown in funding cuts.",underwater tech uses waves for energy,irony,0,0.9436092376708984,0.8891775012016296,0.0544317364692688,0.8496668338775635,0.13394233819643575,1419.8912353515625,10,0.7142857142857143,0.1138063624175234
2624,Fasting in Islam: strict rules with exceptions. How convenient.,fasting in islam: strict rules with exceptions,understatement,0,0.9796889424324036,0.8389067649841309,0.1407821774482727,0.9717104434967041,0.13201355840223275,533.177490234375,5,0.5555555555555556,0.12827895338261164
2625,The best volunteer programs do this: like showing up once and calling it a day.,the best volunteer programs do this,sarcasm,0,0.9711434841156006,0.9760870337486267,-0.004943549633026123,0.7352437973022461,0.11337974147240094,1211.554931640625,11,0.7333333333333333,0.08336175165731502
2626,nicaraguan diplomat drops deadly spider onto john kerry's blanket,A Nicaraguan diplomat placed a deadly spider on John Kerry's blanket.,sarcasm,0,0.723376452922821,0.6357894539833069,0.08758699893951416,0.9345799088478088,0.04411629359322707,234.02236938476562,8,0.7272727272727273,0.04123020164506133
2627,Syria ceasefire unravelling? Because peace in the Middle East is so stable and lasting.,syria ceasefire unravelling after syrian ceasefire,irony,0,0.9170711040496826,0.8998456597328186,0.017225444316864014,0.8086318373680115,0.010761308100691222,550.6939086914062,13,0.9285714285714286,0.008701936341945209
2628,"bp opens multi-floor, 1,000-pump flagship gas station in times square","The BP has opened a multi-floor, 1,000-pump gas station in times square.",satire,0,0.5860223174095154,0.7425538897514343,-0.15653157234191895,0.950213611125946,0.2521193618434983,127.30353546142578,7,0.5833333333333334,0.2395672492520796
2629,self-centered child blames divorce entirely on himself,A self-centered child blames the divorce entirely on himself.,irony,0,0.7832334637641907,0.6259594559669495,0.1572740077972412,0.9579201340675354,0.19960198807747329,164.36819458007812,3,0.3333333333333333,0.1912027631793198
2630,"William Baldwin 'wouldn't vote' for Trump, but knows why so many others might – he's so empathetic.",william bailey 'wouldn't vote' for donald trump,sarcasm,1,0.6401787400245667,0.5099357962608337,0.1302429437637329,0.5906858444213867,0.03917845473183808,185.46983337402344,14,0.8235294117647058,0.02314215861640085
2631,man dives haphazardly into conversation like wounded osprey,A man dives haphazardly into a conversation like a wounded osprey.,overstatement,1,0.6848404407501221,0.6343254446983337,0.05051499605178833,0.9435313940048218,0.28997844147152074,77.7986831665039,4,0.36363636363636365,0.2736037631129696
2632,"nato admits slovenia, mummenschanz, czech republic","The National Academies has admitted Slovenia, Mommenschanz, and Czech Republic.",satire,0,0.7212647795677185,0.8730015158653259,-0.15173673629760742,0.61494380235672,0.0,331.3341064453125,10,1.0,0.0
2633,"lost cat, dog on journey die immediately",A lost cat and dog on a journey die immediately.,overstatement,1,0.9649754762649536,0.9253926873207092,0.039582788944244385,0.9076600074768066,0.06674094719041482,347.7491760253906,5,0.5,0.06057808862586107
2634,rick santorum relieved no one has asked him about interracial marriage yet,Rick Santoum is relieved that no one has yet asked him about his interracial marriage.,sarcasm,0,0.8180413246154785,0.9153019785881042,-0.09726065397262573,0.967903733253479,0.12175790049611575,61.70576858520508,8,0.5333333333333333,0.11784992644329606
2635,phone call with dad just watered-down version of phone call with mom,A phone call with a father is a watered-down version of a phone call with a mother.,understatement,0,0.808764636516571,0.625401496887207,0.183363139629364,0.8647316098213196,0.12977221098029884,14.477058410644531,8,0.47058823529411764,0.11221813291106575
2636,job applicant blows away interviewer with intimate knowledge of company's 'about us' page,A job applicant blew away an interviewer with an intimate knowledge of the company's 'about us' page.,sarcasm,0,0.837874174118042,0.8182852864265442,0.019588887691497803,0.8587471842765808,0.12329527485928449,51.43710708618164,6,0.35294117647058826,0.10587947012001765
2637,trump revokes puerto rico recovery funds after learning hurricane maria had fewer survivors,Trump revoked Puerto Rico recovery funds after learning Hurricane Maria had less survivors.,sarcasm,0,0.8505395650863647,0.8429844975471497,0.007555067539215088,0.9471219778060913,0.2044800736021839,333.9920349121094,8,0.6153846153846154,0.19366757173203553
2638,area man thought he had more forks than this,A local man thought he had more forks than this.,understatement,0,0.5138899087905884,0.5790940523147583,-0.06520414352416992,0.9304873943328857,0.6389431042462724,167.42713928222656,3,0.3,0.5945285041970794
2639,report: really old tenant probably pays much cheaper rent,A report indicates that a very old tenant may pay much cheaper rent.,understatement,0,0.9420082569122314,0.9012174606323242,0.04079079627990723,0.9306231141090393,0.04646684393670022,141.34259033203125,9,0.6923076923076923,0.04324311900719069
2640,"Why are you eating? – in this diet-obsessed world, how dare you?",why are you eating?,rhetorical_question,1,0.9536135792732239,0.9582219123840332,-0.004608333110809326,0.6896003484725952,0.0538140946637381,51.53697967529297,9,0.75,0.03711021843285102
2641,earth's successful completion of orbit around sun inspires woman to reflect on eating habits,Earth's successful completion of orbit around the sun encourages a woman to reflect on eating habits.,irony,0,0.9542780518531799,0.9675124883651733,-0.013234436511993408,0.9801843166351318,0.46892438882117243,157.09622192382812,5,0.3125,0.45963233161022776
2642,O'Reilly equates BLM with Gestapo. Because fighting for rights is Nazi-like.,o'reilly equates blm with gestapo,sarcasm,0,0.8333407640457153,0.7764231562614441,0.05691760778427124,0.8753010034561157,0.019244596474019198,1392.134033203125,9,0.8181818181818182,0.01684481460481703
2643,University pledges free tuition to Harvey-displaced students. So generous of them.,university pledges free tuition to harvey-displaced students,sarcasm,0,0.9490281939506531,0.8425275683403015,0.10650062561035156,0.9430985450744629,0.2321746040303191,428.90948486328125,7,0.6363636363636364,0.21896353126423346
2644,Trump voters blink. Must be the harsh light of reality finally hitting them.,donald trump voters blink,sarcasm,0,0.7786294221878052,0.931235671043396,-0.15260624885559082,0.8706424832344055,0.008468073234773096,36324.23046875,13,1.0,0.0073726643093336534
2645,"Trump finally declares an emergency, right on schedule… if by schedule you mean two months late.","donald trump declares emergency, right on schedule",irony,0,0.9319025278091431,0.9555882811546326,-0.023685753345489502,0.8145366907119751,0.05135131375181345,912.9437255859375,11,0.6875,0.04182752916711446
2646,Nothing says political alignment like a shared agenda.,no one says 'political alignment' like a shared agenda,sarcasm,0,0.9589812755584717,0.9320467114448547,0.026934564113616943,0.9092128276824951,0.12753431387594827,312.1601867675781,5,0.5555555555555556,0.1159558341456978
2647,child assured it will be long time before he dies,A child is assured that it will be long before he dies.,understatement,1,0.7895346879959106,0.588278591632843,0.20125609636306763,0.9574534893035889,0.27091988546756285,40.56998062133789,5,0.4166666666666667,0.2593931896626467
2648,"jesus announces plans to return once the dow clears 27,000","Jesus announces plans to return after the dow has cleared 27,000.",satire,1,0.6875515580177307,0.70169997215271,-0.014148414134979248,0.9790347218513489,0.2790159393585827,465.7464904785156,5,0.45454545454545453,0.27316629258202285
2649,"Raucous town hall in Utah blasts Chaffetz over Trump, surprising no one.",raucous town hall in utah blasts chaffetz over donald trump,sarcasm,0,0.9246774315834045,0.9473103880882263,-0.022632956504821777,0.9420945644378662,0.09717028343213063,1906.9598388671875,7,0.5833333333333334,0.09154359584629712
2650,undercover fireman infiltrates three-alarm blaze,An undercover fireman infiltrated a three-alarm blaze.,satire,0,0.5017967820167542,0.7324674129486084,-0.23067063093185425,0.9719259738922119,0.07730551756939454,105.29931640625,4,0.5714285714285714,0.07513524045087529
2651,Woman stabs Denver fire chief after SUV jump – fire chiefs are always ready for combat.,woman stabs florida fire chief after SUV jump,sarcasm,0,0.9484624862670898,0.684594452381134,0.2638680338859558,0.7664141654968262,0.19905304276733932,796.0756225585938,10,0.625,0.15255707166213442
2652,loss of virginity more humiliating than original virginity,The loss of virginity is more humiliating than the original virginity.,sarcasm,0,0.590688943862915,0.743803083896637,-0.15311414003372192,0.9619485139846802,0.16306686105372709,75.28895568847656,4,0.36363636363636365,0.15686192467077908
2653,Bomb stores to tank stock? Genius-level market manipulation.,bomb stores to tank stock,sarcasm,0,0.9268237948417664,0.7931624054908752,0.1336613893508911,0.7923229932785034,0.14593713362172633,3419.354248046875,5,0.625,0.11562934654165113
2654,college administrators hold candlelight vigil to honor donor lost in mishandled rape case,College administrators hold a candlelight vigil to honor a donor lost in a mishandled rape case.,satire,0,0.8263395428657532,0.8762079477310181,-0.04986840486526489,0.9373539090156555,0.2696698152099016,63.680763244628906,5,0.3125,0.2527760554305307
2655,house of blues actually house of whites,The House of Blues is actually the house of Whites.,irony,0,0.6388434767723083,0.6845709085464478,-0.045727431774139404,0.9170631766319275,0.05307712171072445,96.62265014648438,6,0.6,0.04867507384251641
2656,chipotle mayo doing all the heavy lifting in sandwich,Chipotle Mayo is doing all the heavy lifting in a sandwich.,overstatement,0,0.8307611346244812,0.8904814720153809,-0.05972033739089966,0.9592505097389221,0.4617366309441026,136.28323364257812,5,0.45454545454545453,0.442921098598263
2657,dermatologists recommend regularly checking body for screaming demonic face bulging out of skin,Dermatologists recommend regularly checking their body for a screaming demonic face bulging out of the skin.,overstatement,0,0.7677130103111267,0.8021180033683777,-0.03440499305725098,0.976340115070343,0.4169392927528885,189.8543701171875,5,0.3125,0.4070745570637026
2658,"Muhammad Ali, the 'greatest', proves even he can't dodge death at 74.","mahmoud ali, the 'greatest', proves even he can't dodge death at age 74",sarcasm,0,0.5869545936584473,0.5485305786132812,0.038424015045166016,0.8744341731071472,0.6479121525090147,394.97979736328125,4,0.3076923076923077,0.5665565273252922
2659,"DOJ warns about online domestic terrorists. Finally, someone noticed!",dj warns about online domestic terrorists,understatement,0,0.9673184752464294,0.8756468892097473,0.09167158603668213,0.6575950384140015,0.3081980909598119,2436.020263671875,5,0.5555555555555556,0.2026695354638394
2660,Royals love 'Trap Queen': proof that athletes have deep musical insights.,royals love 'trap queen',sarcasm,0,0.9764649271965027,0.9039576649665833,0.07250726222991943,0.6104422211647034,0.013961492464016846,716.6375122070312,10,0.9090909090909091,0.008522684470508711
2661,supportive parents encourage child's interests in anything within 15-minute drive,Supportive parents encourage their child's interests in anything within a 15-minute drive.,sarcasm,0,0.9780494570732117,0.9661065936088562,0.011942863464355469,0.9744251370429993,0.37700638045494705,85.76827239990234,4,0.3333333333333333,0.36736449394089693
2662,"Ah, the First Amendment in action: punished for a t-shirt but not for, say, insurrection.","the first amendment in action: punished for a t-shirt, but not for insurrection",sarcasm,0,0.9476887583732605,0.5240812301635742,0.4236075282096863,0.9691426753997803,0.29485531037430235,199.5298309326172,7,0.4666666666666667,0.28575686435198394
2663,Zenefits bans stairwell sex to uphold professionalism.,zenefits bans stairwell sex,satire,0,0.9398913979530334,0.8090627789497375,0.1308286190032959,0.8827163577079773,0.1878296463217631,6362.91943359375,4,0.5714285714285714,0.16580030127072432
2664,enzyme humbled to have played part in successful biochemical reaction,An enzyme is believed to have played an important role in a successful biochemical reaction.,satire,0,0.9412002563476562,0.8832046389579773,0.057995617389678955,0.865167498588562,0.08947853200770763,38.353858947753906,8,0.5333333333333333,0.07741391771448498
2665,pope francis asks congregation if it's okay if they do a low-key easter this year,Pope Francis asks the congregation if it's okay if they do a low-key easter this year.,irony,0,0.5422818660736084,0.7582897543907166,-0.21600788831710815,0.9710996150970459,0.6668954865619205,74.783203125,4,0.25,0.6476219503102382
2666,Get lost in these seven cities: It's not like you'll actually get lost.,get lost in these seven cities,understatement,1,0.8709202408790588,0.8137722015380859,0.0571480393409729,0.8781890869140625,0.16731227054577025,338.4028015136719,9,0.6923076923076923,0.14693181010010856
2667,dianne feinstein horrified after new gun control bill disintegrates immediately upon crossing into senate chamber,Dianne Feinstein is horrified after the new gun control bill disintegrates immediately after crossing into the Senate chamber.,overstatement,0,0.8765043616294861,0.9039063453674316,-0.027401983737945557,0.9453204870223999,0.32702929224554894,74.07400512695312,8,0.4444444444444444,0.3091474898161531
2668,Snake on a plane causes slight inconvenience—air travel just got infinitely more thrilling.,snake on a plane causes slight inconvenience,irony,1,0.9604784846305847,0.5815805196762085,0.3788979649543762,0.826840877532959,0.260899397956404,889.7892456054688,8,0.6153846153846154,0.21572228715409375
2669,New Way to Buy Gold Solves All Your Financial Woes,new way to buy gold solves all your financial woes,overstatement,0,0.5008310079574585,0.9194051027297974,-0.41857409477233887,1.0000001192092896,0.021105340631872645,129.01486206054688,9,0.9,0.021105340631872645
2670,Trump's dangerous move toward protectionism: because nothing says 'economic strength' like starting a trade war over soybeans.,trump's dangerous move toward protectionism,sarcasm,0,0.9676185250282288,0.9218718409538269,0.045746684074401855,0.6639296412467957,0.024123245937916486,276.8266906738281,14,0.8235294117647058,0.016016138021269114
2671,The lack of a handshake surely solved more problems than it created. A true diplomatic triumph.,the lack of a handshake certainly solved more problems than it created,sarcasm,0,0.9087716937065125,0.7656474709510803,0.14312422275543213,0.8814898729324341,0.38053009949815425,143.25624084472656,7,0.4375,0.33543342905359447
2672,Students stage anti-Trump art protest—because nothing says 'political change' like a poster board.,students stage anti-trump art protest,irony,0,0.9386071562767029,0.9571154713630676,-0.018508315086364746,0.8238833546638489,0.012900038794401852,728.1923217773438,11,0.8461538461538461,0.010628127237225591
2673,An Obama cut-out helps me survive Trump's presidency— because inanimate objects are more reliable than politicians.,an obama cut-out helps me survive trump's presidency,irony,0,0.8853893280029297,0.7122095823287964,0.1731797456741333,0.8766787648200989,0.12718356905542982,758.7756958007812,12,0.75,0.11149913422492597
2674,"Aaron Hernandez, ex-Patriots star, convicted of murder – shocking, next you'll say athletes are human.","aaron hernandez, ex-patriots star, convicted of murder",overstatement,1,0.9420651793479919,0.6406862139701843,0.3013789653778076,0.7396595478057861,0.1311132063658969,158.31785583496094,11,0.7333333333333333,0.09697913493196603
2675,financially struggling trump campaign holds fundraising riot,A financially struggling Trump campaign has held a fundraising riot.,overstatement,0,0.8707354664802551,0.911301851272583,-0.04056638479232788,0.9667292237281799,0.05307712171072445,388.7347717285156,6,0.6,0.051311204669134775
2676,lawyers identify dozens more bill cosby victims while interviewing potential jurors,Lawyers identify more bill cosby victims while interviewing potential jurors.,satire,0,0.9429849982261658,0.959347665309906,-0.016362667083740234,0.9765807390213013,0.5977653345720249,1235.876708984375,3,0.2727272727272727,0.5837661121976634
2677,Volcano adds 'laze' to Hawaii's hazards. What a gift.,volcano adds 'laze' to hawaii's hazards,overstatement,0,0.9640539288520813,0.5705475211143494,0.39350640773773193,0.9054064154624939,0.1225504602011117,1158.2208251953125,6,0.6666666666666666,0.11095797288396755
2678,lottery loser angry at lottery winner,A lottery winner is angry at a lottery winner.,understatement,0,0.8289656639099121,0.9024481177330017,-0.0734824538230896,0.8487640619277954,0.07583235673413397,122.09024047851562,5,0.5555555555555556,0.06436377912722116
2679,High school football players accused of assault? Because team spirit clearly includes violence.,high school football players accused of assault,sarcasm,0,0.8488079905509949,0.8537895679473877,-0.004981577396392822,0.7893608808517456,0.260899397956404,116.84380340576172,8,0.6153846153846154,0.20594377858455717
2680,"Healthy Fast Food Exists? In This Economy, That's Adorable",healthy fast food exists in this economy,irony,0,0.9308813810348511,0.8887321949005127,0.04214918613433838,0.882961630821228,0.0,283.6250305175781,9,1.0,0.0
2681,"Airline passengers: Is there a right to recline? More importantly, is there a right to basic human decency in coach?",airline passengers: is there a right to recline?,rhetorical_question,1,0.9280582666397095,0.8029035925865173,0.12515467405319214,0.8245953321456909,0.15777684932819505,121.52474975585938,14,0.7,0.13010205347668363
2682,Look: the magical world of tarot – where facts go to die.,look: the magical world of tarot,irony,0,0.8184130787849426,0.5505383014678955,0.2678747773170471,0.8495185375213623,0.27952792741962756,103.9714584350586,7,0.5833333333333334,0.23746415609789953
2683,Beat winter blues with expert tips—or just wish for summer.,beat winter blues with expert tips,overstatement,1,0.8945781588554382,0.6336691379547119,0.2609090209007263,0.89579176902771,0.2608840516436559,2085.225830078125,6,0.6,0.23369778613298697
2684,"this call may be monitored: for your own good, of course",this call may be monitored for your own benefit,satire,1,0.9218974113464355,0.9076881408691406,0.014209270477294922,0.8220064640045166,0.34565432327315804,105.98546600341797,4,0.36363636363636365,0.28413008804164275
2685,"History will judge Trump with contempt, but his base loves him now.",history will judge donald trump with contempt,sarcasm,1,0.5133141279220581,0.5259836912155151,-0.012669563293457031,0.8820329904556274,0.0378442713638306,1033.483642578125,10,0.8333333333333334,0.03337989584265377
2686,willow rented,A willow has been rented.,satire,1,0.6428359746932983,0.8422038555145264,-0.19936788082122803,0.8910421133041382,0.05372849659117709,291.99908447265625,4,0.8,0.04787435314725662
2687,town hall audience member asks clinton to quickly pivot away from his question and then state her platform,A town hall audience member asks Clinton to step away from his question and then state her platform.,satire,0,0.7156045436859131,0.6431846022605896,0.07241994142532349,0.8854957818984985,0.6028817681965138,94.93804931640625,5,0.2777777777777778,0.5338492627215213
2688,"Mayo Develops Cancer Screening Test: Finally, Some Progress.",mayo develops cancer screening test,understatement,0,0.8823581337928772,0.8507285714149475,0.03162956237792969,0.9438604116439819,0.0,1667.7718505859375,8,1.0,0.0
2689,"Hillary unleashes, while Ivanka keeps quiet: the great American family drama continues","hillary clinton unleashes, while ivanka keeps quiet",satire,0,0.9621132016181946,0.5989023447036743,0.36321085691452026,0.8232055902481079,0.0378442713638306,451.4565734863281,10,0.8333333333333334,0.03115361574557174
2690,"Trevor Noah 'fires' Michelle Wolf, comedy world in turmoil.",trevor noah 'fires' michelle wolf,sarcasm,1,0.7905387878417969,0.506435215473175,0.2841035723686218,0.8913367986679077,0.02414176971688927,1232.0733642578125,8,0.8888888888888888,0.021518447733629924
2691,trump disapproval rating reaches all-time none of this matters,Trump's disapproval rating has reached all-time highs.,sarcasm,0,0.6332456469535828,0.8809399604797363,-0.24769431352615356,0.7697764039039612,0.05809334108283256,18.948776245117188,7,0.7777777777777778,0.0447188831895091
2692,queen elizabeth announces success of monarchy's recent diversity initiative,Queen Elizabeth announced the success of the monarchy's recent diversity initiative.,satire,0,0.9554831385612488,0.9421798586845398,0.013303279876708984,0.9622981548309326,0.11731175160264001,112.14630126953125,6,0.5454545454545454,0.11288888210720519
2693,abraham lincoln's dna now available over the counter,Abraham Lincoln's dna is now available over the counter.,satire,0,0.5610299110412598,0.7097495794296265,-0.1487196683883667,0.984515368938446,0.3155984539112945,132.66896057128906,4,0.4444444444444444,0.31071152828888127
2694,The wack Donald's project – because stability is overrated.,the wack donald's project,satire,0,0.8713517785072327,0.6779753565788269,0.19337642192840576,0.7430750727653503,0.027373894309204495,2030.90966796875,7,0.7777777777777778,0.02034085850568314
2695,loud squawking crow forces faa to ground all flights indefinitely,A loud squawking crow forces the FAA to ground all flights indefinitely.,overstatement,0,0.8333021998405457,0.9153992533683777,-0.08209705352783203,0.9411739706993103,0.4240125351805037,270.14361572265625,4,0.3333333333333333,0.39906956136211563
2696,"Must-see TV shows you can't miss this fall: If you enjoy clichéd plots and recycled jokes, then by all means, don't miss them.",must-see television shows you can't miss this fall,sarcasm,1,0.8827494382858276,0.834307074546814,0.04844236373901367,0.7137880325317383,0.07928040088482,65.93914031982422,18,0.782608695652174,0.056589401365903146
2697,man who spent last 2 years drawing pictures of trump and putin making out beginning to realize just how wrong he's been,A man who spent the last two years drawing pictures of Trump and putin is beginning to realize how wrong he has been.,satire,0,0.897948145866394,0.7936381697654724,0.10430997610092163,0.9566853642463684,0.2245166162074563,45.336692810058594,10,0.43478260869565216,0.21479176075579243
2698,"Cancer, cinema, crowdfunding and Twitter: the perfect blend for a heartwarming story.","cancer, cinema, crowdfunding and twitter",sarcasm,0,0.9544528722763062,0.9241698980331421,0.030282974243164062,0.9147756099700928,0.06557378107648686,722.552734375,9,0.75,0.05998529558228859
2699,blood-drenched sarah koenig announces topic for upcoming season of 'serial',Sarah Koenig has announced a topic for the upcoming season of 'Serial'.,satire,1,0.7214919328689575,0.8784663677215576,-0.1569744348526001,0.8511742949485779,0.10600313379512592,66.2881851196289,7,0.5833333333333334,0.09022714267040607
2700,Dog's skin condition traced to a mysterious past involving alien experiments – you won't believe the vet's theory!,dog's skin condition is traced to a mysterious past involving alien experiments,overstatement,0,0.8616994619369507,0.5864976048469543,0.27520185708999634,0.9072061777114868,0.4066319127014347,265.7594299316406,9,0.5,0.3688989832573795
2701,Top soccer official says Trump presidency would hurt US World Cup bid—because who wants a stable bid with a controversial president?,top soccer official says trump presidency would hurt us world cup bid,irony,0,0.5341880321502686,0.869145929813385,-0.33495789766311646,0.8875580430030823,0.06960205064442122,1126.180419921875,14,0.6666666666666666,0.06177585985896392
2702,obama announces plan to store nation's extra stuff in large plastic crate,Obama announced a plan to store extra items in a large plastic crate.,sarcasm,0,0.8518655300140381,0.9405903220176697,-0.08872479200363159,0.9255872368812561,0.1051781439830431,96.95638275146484,7,0.5384615384615384,0.09735154766956376
2703,'Draft Biden' super PAC releases ad. Nothing says 'people's movement' like big money.,'draft biden' super pac releases ad,irony,0,0.9221900701522827,0.7882074117660522,0.13398265838623047,0.7819136381149292,0.015118370289367042,32832.328125,11,0.8461538461538461,0.011821259915327639
2704,men and women of armed forces thank local woman for song dedication,Men and Women of the Armed Forces thank a local woman for her song dedication.,irony,0,0.9009358286857605,0.8661494255065918,0.0347864031791687,0.9798376560211182,0.08085298080223222,72.51216888427734,8,0.5333333333333333,0.07922279519157968
2705,"South Korea holds election to replace impeached leader, what could go wrong?",south korea holds election to replace impeached leader,rhetorical_question,0,0.9219287037849426,0.9204972982406616,0.0014314055442810059,0.8027843236923218,0.31356006812336346,201.7683563232422,7,0.5833333333333334,0.2517211072253327
2706,inverted bob added to supercuts arctic vault where hairstyles preserved for future generations,An inverted bob was added to a supercuts arctic vault where hairstyles are preserved for future generations.,satire,0,0.838001012802124,0.7905256748199463,0.047475337982177734,0.9793314933776855,0.3405204944353418,252.57608032226562,5,0.29411764705882354,0.33348244434107116
2707,Shelters scramble for winter storm refuge – as if people actually need shelter in cold weather.,shelters scramble for winter storm refuge,understatement,0,0.9114998579025269,0.662225067615509,0.24927479028701782,0.9065053462982178,0.14351442318493668,1472.13134765625,11,0.6875,0.13009659188805
2708,"Rudy Giuliani confesses to illegal payment – what a paragon of honesty, admitting to crimes so casually.",rudy giuliani confesses to illegal payment,sarcasm,0,0.9718660116195679,0.794979989528656,0.17688602209091187,0.9173355102539062,0.08124013474973685,397.15887451171875,13,0.7647058823529411,0.07452446046374595
2709,gated community under siege by savages,A gated community is under siege by savages.,overstatement,0,0.5995965003967285,0.7580081224441528,-0.15841162204742432,0.8993198871612549,0.17286039232097053,40.814300537109375,3,0.375,0.15545678851674546
2710,nbc cancels csi,The NCC has cancelled the CSC.,sarcasm,0,0.8036279082298279,0.6036010980606079,0.20002681016921997,0.3534267842769623,0.0,178.32998657226562,6,1.0,0.0
2711,"A 560-pound man rides across country to save his life, proving that logic is optional.",a 560-pound man rides across the country to save his life,irony,0,0.9094163179397583,0.7318572402000427,0.17755907773971558,0.8222637176513672,0.3261942074256506,109.96749877929688,8,0.5333333333333333,0.26821766167415667
2712,man vows never to watch another sci-fi movie with physicist friend,A man vows not to watch another sci-fi movie with a physicist friend.,sarcasm,0,0.5652715563774109,0.7389972805976868,-0.17372572422027588,0.93195641040802,0.44082318755867267,79.74634552001953,4,0.3076923076923077,0.41082799550180193
2713,man surprised to learn high school classmate became completely different type of fuckup,A man is surprised to learn his high school classmate became a different type of fuckup.,sarcasm,0,0.8410819172859192,0.8416904211044312,-0.0006085038185119629,0.949491560459137,0.28977907494497107,77.12007141113281,5,0.3125,0.27514278605790576
2714,area theater has strict rule against bringing in outside movies,A local theater has a strict rule against bringing in outside movies.,irony,0,0.8373702168464661,0.8208336234092712,0.016536593437194824,0.9289300441741943,0.46924700641055994,91.76997375488281,4,0.3333333333333333,0.4358976423935699
2715,ken burns completes documentary about fucking liars who claimed they watched entire 'jazz' series,Ken Burns completed a documentary about liars who claimed they watched entire 'Jazz' series.,sarcasm,0,0.8976158499717712,0.8524503111839294,0.0451655387878418,0.9662656188011169,0.3934995962231127,254.2735595703125,7,0.5,0.38022513084251564
2716,"Sixth woman accuses Moore of past misconduct, because five wasn't enough.",sixth woman accuses moore of past misconduct,sarcasm,0,0.5532607436180115,0.571682870388031,-0.01842212677001953,0.8922623991966248,0.05578717886362677,770.7467651367188,7,0.6363636363636364,0.04977680205727086
2717,woman leaving meeting worried she came off as too competent,A woman leaving a meeting was concerned that she was too competent.,sarcasm,0,0.8397404551506042,0.8375455737113953,0.0021948814392089844,0.9127397537231445,0.045293761707938834,125.79629516601562,8,0.6666666666666666,0.04134141690649889
2718,"Veteran graduates at 84, proving age is just a number... and he's really smart.","veteran graduates at 84, proving age is just a number",understatement,0,0.9627425670623779,0.8843584060668945,0.0783841609954834,0.834417998790741,0.5093330917854971,501.46343994140625,6,0.42857142857142855,0.4249966991655553
2719,ted cruz worried all the good countries to wall off taken by other candidates,Ted Cruz is concerned that all the good countries will be taken off by other candidates.,satire,0,0.8761855959892273,0.8537366390228271,0.022448956966400146,0.8536797165870667,0.195647514979229,110.43854522705078,10,0.625,0.1670203151384321
2720,miley cyrus apologizes for breasts,Miley Cyrus apologizes for breasts.,sarcasm,0,0.8900210857391357,0.9045318961143494,-0.014510810375213623,0.9803181886672974,0.11362193664674995,189.4683837890625,3,0.6,0.11138565112641233
2721,"expansive obama state of the union speech to touch on patent law, entomology, the films of robert altman","The Obama state of the union speech will address patent law, entomology, and the films of Robert Altman.",overstatement,0,0.8798032402992249,0.9547616243362427,-0.07495838403701782,0.9247703552246094,0.33085484667982556,58.103660583496094,8,0.4444444444444444,0.30596475409188595
2722,The world's first official 'Jewish tartan'? Who knew identity needed stripes?,the world's first official 'jewish tartan',rhetorical_question,0,0.8534533381462097,0.7626447677612305,0.09080857038497925,0.7959846258163452,0.08781124185932357,108.92566680908203,8,0.7272727272727273,0.06989639849386226
2723,father's day gift way shittier than mother's day gift,Father's Day gift is less attractive than Mother's Day gift.,sarcasm,0,0.5307456254959106,0.5163573026657104,0.014388322830200195,0.8182247877120972,0.025098621243978974,32.112709045410156,8,0.8,0.02053631403922103
2724,Shooter legally purchased guns to murder police—what a shining example of responsible gun ownership.,shooter legally purchased guns to murder police,sarcasm,0,0.9823498129844666,0.9166567325592041,0.06569308042526245,0.8288231492042542,0.22616792214653433,768.308837890625,9,0.6428571428571429,0.18745320948247315
2725,"peeps unveils new boneless, skinless marshmallow breasts",Peeps has introduced new breasts that are boneless and skinless.,irony,0,0.8953116536140442,0.9189999103546143,-0.02368825674057007,0.8400312662124634,0.025098621243978974,123.2217788696289,9,0.9,0.02108362658376669
2726,"report: doing your part to stop climate change now requires planting 30,000 new trees, getting 40,000 cars off the road, reviving 20 square miles of coral reef","A report states that planting 30,000 new trees, getting 40,000 cars off the road, and reviving 20 square miles of coral reef requires doing your part to stop climate change.",overstatement,0,0.9583255648612976,0.9715629816055298,-0.013237416744232178,0.9544528722763062,0.6455714066623376,39.96474838256836,19,0.6333333333333333,0.6161674833483234
2727,"Who in their right mind would choose frozen over fresh? Oh, everyone on Thanksgiving.",who in their right mind would choose frozen over fresh?,rhetorical_question,1,0.7441335916519165,0.9599093198776245,-0.215775728225708,0.9005070924758911,0.5899565399238539,89.84696960449219,5,0.35714285714285715,0.5312600484539667
2728,"Man dies after saying 'I can't breathe,' but police are always so helpful.","man dies after saying 'i can't breathe,' police say",sarcasm,1,0.9657168984413147,0.6702126860618591,0.29550421237945557,0.8784871697425842,0.10015045110931887,110.69556427001953,7,0.5384615384615384,0.0879808863434686
2729,"Ebola fear makes us stupid? Nah, we're always this rational.",ebola fear makes us'stupid',irony,1,0.8899853229522705,0.532869279384613,0.35711604356765747,0.9229238033294678,0.03791080144520064,5113.2470703125,8,0.8,0.03498878105707286
2730,fun-loving turtle all business when it's feeding time,A fun-loving turtle is all business when it's feeding time.,irony,0,0.890579342842102,0.9360213875770569,-0.045442044734954834,0.9533142447471619,0.4518010018049224,152.93362426757812,3,0.3,0.4307083308116707
2731,Testing the teacher: teachers' favorite pastime.,testing the teacher,sarcasm,0,0.984992504119873,0.6420414447784424,0.34295105934143066,0.7950360774993896,0.0417991745584234,1282.5838623046875,5,0.8333333333333334,0.03323185178364122
2732,How to grocery shop for lasting beauty: because your lettuce will keep you fresh for days. Smart!,how to grocery shop for lasting beauty,irony,1,0.5797407627105713,0.5689252018928528,0.010815560817718506,0.6912050247192383,0.14733461804689552,1097.809326171875,12,0.7058823529411765,0.10183842830910395
2733,newly discovered fossils reveal prehistoric humans were bony,New fossils reveal that prehistoric humans were bony.,understatement,0,0.7014951705932617,0.7273288369178772,-0.02583366632461548,0.9768100380897522,0.17286039232097053,113.84175872802734,4,0.5,0.16885176640725674
2734,"Man sees Jesus in tree, because trees are the new burning bushes.",man sees jesus in tree,irony,0,0.8769346475601196,0.5684729814529419,0.30846166610717773,0.8410226106643677,0.015756142963855618,861.1755981445312,10,0.8333333333333334,0.013251272489462859
2735,out-of-state license plate seen,An out-of-state license plate was seen.,understatement,1,0.8245222568511963,0.8507179617881775,-0.0261957049369812,0.9431359767913818,0.20205155046766235,26.505002975463867,3,0.5,0.19056208641253192
2736,Ben Higgins Still Unlovable After 20 Seasons? Shocker!,ben higgins still unlovable after 20 seasons,overstatement,1,0.5592661499977112,0.5870957374572754,-0.02782958745956421,0.9499767422676086,0.028634401465295497,1969.5601806640625,7,0.875,0.027202015420784254
2737,7-eleven shareholders approve sale of busch light six-pack,7-eleven shareholders approve the sale of a busch light six-pack.,irony,0,0.5917112827301025,0.792069137096405,-0.2003578543663025,0.9811131358146667,0.1535259783865636,288.81787109375,3,0.3,0.15062635408385616
2738,"How to be an effective listener: Step 1, stop thinking about what you're going to say next. Revolutionary.","how to be an effective listener: step 1, stop thinking about what you're going to say next",satire,1,0.7578094601631165,0.7392218708992004,0.018587589263916016,0.8953140377998352,0.6566833926868653,31.23035430908203,4,0.2222222222222222,0.5879378598625721
2739,North Korea demolishes nuclear test tunnels? Must be for safety inspections.,north korea denolishes nuclear test tunnels,irony,0,0.9748256802558899,0.9590675234794617,0.015758156776428223,0.8477940559387207,0.03752060266200604,6713.19677734375,9,0.8181818181818182,0.03180974391208726
2740,father not letting firstborn repeat mistakes he made as nine-month-old,A father is not letting his firstborn repeat mistakes he made as a nine-month-old.,irony,1,0.7323524951934814,0.8909653425216675,-0.15861284732818604,0.9240630865097046,0.4052587697205425,46.76771545410156,5,0.35714285714285715,0.37448466958309007
2741,biden investigated for questionable workers' comp claim,Biden was investigated for a questionable claim about workers' comp.,sarcasm,0,0.7533103823661804,0.7790992259979248,-0.025788843631744385,0.9656810760498047,0.056122223243057295,152.07278442382812,7,0.7,0.05419616893166293
2742,Sheryl Sandberg talks about husband's death in personal commencement speech. Just a lighthearted topic for graduates.,sheryl sandberg talks about husband's death in personal commencement speech,understatement,0,0.8556700944900513,0.7574370503425598,0.09823304414749146,0.8855715394020081,0.35065941041239285,995.3346557617188,9,0.5625,0.31053399388470326
2743,"Because American exceptionalism requires copying German shop closing laws, obviously.",american exceptionalism requires copying german shop closing laws,satire,0,0.9682050347328186,0.9705806374549866,-0.0023756027221679688,0.9219990968704224,0.1346238089016021,2793.95263671875,5,0.5,0.12412303022453347
2744,"AHS teasers are mildly spooky, if you're into that whole horror thing, which is totally normal.",ahs teasers are mildly spooky,understatement,0,0.5649020671844482,0.6588045358657837,-0.09390246868133545,0.8963987827301025,0.029464199124347303,486.5154724121094,13,0.8125,0.026411672229182274
2745,"Surprise, surprise, someone dies in custody and it's a homicide. Who saw that coming?","surprise, surprise, someone dies in custody and it's a homicide",irony,0,0.6595895886421204,0.8175448179244995,-0.15795522928237915,0.8048902750015259,0.5093330917854971,105.74906158447266,6,0.42857142857142855,0.4099572523146062
2746,"Simpsons creator says people pretend to be offended, dismissing concerns about stereotypes.",samsung creator says people pretend to be offended,sarcasm,0,0.8586106300354004,0.9062187671661377,-0.047608137130737305,0.5699716210365295,0.41266825715677186,2401.463134765625,6,0.5,0.2352091954819647
2747,A developing nation leader vows to tackle tax dodging – because that always works out.,developing nation leader vows to tackle tax dodging,irony,0,0.9866408705711365,0.9359914660453796,0.050649404525756836,0.8683835864067078,0.4168620196785084,836.9293823242188,7,0.4666666666666667,0.3619961356851667
2748,rex tillerson blindsided by news he still worked for state department,Rex Tillerson is blindsided by the news that he still worked for the State Department.,irony,0,0.9238260984420776,0.9518327713012695,-0.028006672859191895,0.955318808555603,0.20333448190047881,25.084383010864258,8,0.5333333333333333,0.19424925498743625
2749,heavenly sources confirm joe jackson already screaming at michael,Heavenly sources confirm that Joe Jackson is already screaming at Michael Jackson.,satire,1,0.6032671928405762,0.5994746088981628,0.00379258394241333,0.967507004737854,0.10600313379512592,193.28216552734375,7,0.5833333333333334,0.10255877447094827
2750,police seize 250 pounds of marijuana smoker,Police confiscate 250 pounds of marijuana smoker.,sarcasm,0,0.5365743041038513,0.609774649143219,-0.07320034503936768,0.8773919343948364,0.41113361690051975,302.1122741699219,3,0.42857142857142855,0.3607253194270926
2751,"Ted Cruz's super-PACs rake in cash, democracy thriving.",donald trump's super-pacs rake in cash,sarcasm,0,0.9716964960098267,0.9598366022109985,0.011859893798828125,0.7031084299087524,0.061861015698337206,897.497314453125,6,0.75,0.04349500162021856
2752,"Israel's president reaches out to Palestinian Arabs, a gesture of pure sincerity.",israel's president reaches out to palestinian arabs,sarcasm,0,0.9210222363471985,0.9390357136726379,-0.018013477325439453,0.8378391265869141,0.20126703311713304,243.0048828125,8,0.6666666666666666,0.16862939523759826
2753,bush picks up 20 copies of washington post he's in,Bush picks up 20 copies of the Washington Post he's in.,sarcasm,0,0.7707908749580383,0.9080652594566345,-0.1372743844985962,0.983500599861145,0.3672056269893592,126.00208282470703,5,0.45454545454545453,0.36114695441642264
2754,"French police find another car in the suspect hunt, because one getaway vehicle just isn't enough for a mastermind.",french police find another car in the suspect hunt,irony,1,0.6732091903686523,0.5045928359031677,0.16861635446548462,0.8752334117889404,0.23898737027690029,801.468505859375,12,0.631578947368421,0.20916973146191825
2755,mom recommends previously unheard-of form of transportation son could take to get home,A mother recommends a transportation son could take to get home.,overstatement,0,0.5339739322662354,0.6167712211608887,-0.08279728889465332,0.9105725288391113,0.4000998551310186,612.8597412109375,7,0.5384615384615384,0.3643199368748137
2756,consumer confidence verging on cockiness,Consumer confidence is based on cockiness.,overstatement,0,0.5817542672157288,0.7736501097679138,-0.19189584255218506,0.9347246289253235,0.048549177170732344,148.03431701660156,4,0.6666666666666666,0.045380111615542576
2757,The 'Entrepreneurial Advantage': a magical business term that means whatever you want it to,the 'entrepreneurial advantage',satire,0,0.9392983913421631,0.8566513061523438,0.08264708518981934,0.8435709476470947,0.0,45.28572463989258,14,1.0,0.0
2758,Two sisters conquer cholesterol. Their emotional journey will make you sob... or yawn.,two sisters conquer cholesterol,irony,0,0.7313697338104248,0.9263728260993958,-0.19500309228897095,0.6867042183876038,0.017907794590318507,469999.0,11,0.8461538461538461,0.01229735808719043
2759,"These newborn photos are so whimsical, they might cure your fear of childbirth.",these adorable newborn photos are so whimsical,overstatement,0,0.7640747427940369,0.849939227104187,-0.08586448431015015,0.7674757838249207,0.17447394295753052,496.9796142578125,10,0.7692307692307693,0.13390452612835524
2760,10 utterly trivial ways to pretend you're smarter than everyone else,10 ways to pretend you are smarter than everyone else.,sarcasm,0,0.9443808197975159,0.9291669130325317,0.01521390676498413,0.9403166770935059,0.165199954911009,32.10346984863281,5,0.45454545454545453,0.15534027265791697
2761,Joy to the world! The Griswolds are back to ruin Christmas with sports—because why not?,joy to the world! the griswolds are back to ruin christmas with sports,satire,0,0.8390668630599976,0.9365140199661255,-0.09744715690612793,0.9334735870361328,0.24794277351227223,183.5915985107422,7,0.4666666666666667,0.23144803017018822
2762,"7 things you should never ever do for your older kids. Like, for instance, help them. Or love them unconditionally. The list is endless and terrifying.",7 things you should never ever do for your older kids,satire,1,0.9299236536026001,0.7677285075187683,0.1621951460838318,0.9067493677139282,0.22840551744051144,64.60748291015625,16,0.6153846153846154,0.20710655852155635
2763,Ne-Yo raises millions for engineering school? Pop stars are clearly the key to solving educational funding crises.,ne-yo raises millions for engineering school,satire,0,0.9795687198638916,0.9061259031295776,0.07344281673431396,0.806380033493042,0.08124013474973685,1111.3416748046875,13,0.7647058823529411,0.06551042258047204
2764,A mere $5.8 million to settle intern exploitation claims? Pocket change for a media giant.,a mere $5.8 million to settle intern exploitation claims,understatement,0,0.9335505366325378,0.8687263131141663,0.06482422351837158,0.8372104167938232,0.38538313646964095,187.49366760253906,8,0.5333333333333333,0.32264677630905897
2765,Verizon shows love to 'basic rate' customers with extra bills for fios deployment.,tv shows love to 'basic rate' customers with extra bills for fios deployment,sarcasm,0,0.9653376936912537,0.9711726903915405,-0.005834996700286865,0.8283716440200806,0.8242367502646054,816.4005126953125,2,0.15384615384615385,0.6827743518784598
2766,federal prison system retires mcveigh's number,The federal prison system has removed Mcveigh's number.,irony,0,0.7518566250801086,0.6356649994850159,0.11619162559509277,0.8406822681427002,0.1374708101760565,223.44789123535156,5,0.625,0.11556927250222176
2767,"This photo exposes Simone Biles as the fragile human she secretly is, shattering her invincibility myth.",this photo exposes simone bieles as the fragile human she secretly is,overstatement,0,0.805849015712738,0.714990496635437,0.09085851907730103,0.7368800640106201,0.3362301724861858,1096.93701171875,8,0.5,0.24776131102392243
2768,underprotective father demands daughter arrive home by 10 a.m.,A father demands that his daughter arrive home by 10 a.m.,sarcasm,0,0.7155258059501648,0.8341380953788757,-0.11861228942871094,0.8317013382911682,0.5193071778680676,34.275081634521484,3,0.2727272727272727,0.43190847481708156
2769,The global search for education: Latin America is online? Mind-blowing that they use the internet.,the global search for education: latin america is online,understatement,0,0.9695159792900085,0.9372886419296265,0.03222733736038208,0.9517859220504761,0.16959011078459055,303.60552978515625,10,0.6666666666666666,0.1614134799637539
2770,insane man gets a little perspective by reminding himself that he is god,An insane man gets a little perspective by reminding himself that he is god.,irony,0,0.9277532696723938,0.9311447739601135,-0.0033915042877197266,0.9757214784622192,0.8385766789076257,102.8909683227539,2,0.14285714285714285,0.8182172769476862
2771,amazon reaches 1 trillion labor violations,Amazon has reported 1 trillion labor violations.,overstatement,0,0.9111967086791992,0.9297575354576111,-0.018560826778411865,0.9408625364303589,0.16348126556655487,822.812255859375,4,0.5714285714285714,0.15381339817979392
2772,cdc issues warning of full-blown epidemic of the blahs,The CCD issued a warning about a full-blown epidemic of the Blahs.,understatement,0,0.8948413729667664,0.8325080871582031,0.06233328580856323,0.7618812322616577,0.22416933501922293,85.15907287597656,7,0.5833333333333334,0.17079040919972194
2773,area man has shitty fuckin' job,A local man has a frightened job.,sarcasm,0,0.6211116909980774,0.8688461780548096,-0.24773448705673218,0.4336977005004883,0.06985342056580097,447.6885681152344,5,0.7142857142857143,0.030295267871481398
2774,unsuspecting movie stars follow fake red carpet into back of kidnappers' van,Hollywood stars follow a fake red carpet into the back of the kidnappers' van.,satire,0,0.8056113123893738,0.93170565366745,-0.12609434127807617,0.9222772121429443,0.24739977342883948,97.57555389404297,6,0.42857142857142855,0.22817117332274614
2775,"clinton to get teeth cleaning, glasses before coverage runs out",Clinton plans to clean his teeth and glasses before the coverage expires.,understatement,0,0.8907350897789001,0.9068454504013062,-0.016110360622406006,0.8678125739097595,0.045293761707938834,211.6068572998047,8,0.6666666666666666,0.0393064959298217
2776,teary-eyed wrestlers bid farewell to friends made at summerslam,WWE wrestlers are described as farewell to friends made at the Summerslam.,irony,0,0.5356496572494507,0.7699636220932007,-0.23431396484375,0.8809552788734436,0.33180774028439425,483.3439025878906,6,0.5,0.2923077803746057
2777,Taylor Swift calls cover album an honor – as if she wrote the original or something.,taylor swift calls cover album an honor,sarcasm,0,0.7907028198242188,0.9226019382476807,-0.13189911842346191,0.9083676338195801,0.16996005791513966,15716.419921875,11,0.6875,0.1543862156522142
2778,This is how you visualize the heartbeat of a city: with pretty charts.,this is how you visualize the heartbeat of a city,understatement,1,0.6949838399887085,0.7565392255783081,-0.06155538558959961,0.9187756776809692,0.5629001206548859,91.92725372314453,5,0.38461538461538464,0.5171789398213922
2779,Pro tip: Just yell louder and wave cash—bartenders love that.,pro tip: just yell louder and wave cash,satire,0,0.933506190776825,0.5291439294815063,0.4043622612953186,0.7857810258865356,0.2846946938149361,855.42822265625,5,0.5,0.22370768857035367
2780,aging airliner flies out to sea to die,A aging airliner flies out to sea to die.,sarcasm,0,0.5010581612586975,0.5737037062644958,-0.07264554500579834,0.9640296697616577,0.7259795291154771,270.0047912597656,2,0.2222222222222222,0.6998658057069173
2781,NAFTA renegotiation: because climate change is just a local issue now,nfta renegotiation: climate change,irony,0,0.9450498223304749,0.6522912979125977,0.2927585244178772,0.874149739742279,0.0326747414618782,707.6160278320312,8,0.7272727272727273,0.028562616745047086
2782,senior prank somehow leaves high school with increased math funding,A senior prank left high school with increased math funding.,irony,0,0.9804041981697083,0.9759128093719482,0.00449138879776001,0.9372720122337341,0.4518010018049224,1939.6529541015625,4,0.4,0.42346043409091655
2783,trapped chilean miners considering how funny it would be if they all died right as rescuers completed tunnel,Chinese miners are considering how funny it would be if they all died as rescuers completed the tunnel.,irony,0,0.9140800833702087,0.9557851552963257,-0.04170507192611694,0.8148205280303955,0.6028817681965138,100.96026611328125,6,0.3333333333333333,0.4912404407017819
2784,Unhappy Father's Day? Who could have predicted that?,unhappy father's day,rhetorical_question,0,0.6839427351951599,0.7605085968971252,-0.07656586170196533,0.7920396327972412,0.0,1333.994873046875,8,1.0,0.0
2785,Conan shares Trump's Twitter withdrawal—probably involved a lot of yelling.,conan shares trump's twitter withdrawal,sarcasm,0,0.5387190580368042,0.877956211566925,-0.33923715353012085,0.8898078203201294,0.01976560930094397,20118.00390625,9,0.9,0.01758759372937223
2786,"Jeb Bush insists he's a Washington outsider, despite the Bush family name being synonymous with D.C.",jeb bush says he's a washington outsider,sarcasm,0,0.8561276793479919,0.7769033908843994,0.07922428846359253,0.8455160856246948,0.01931119093291195,659.0739135742188,14,0.875,0.01632792256634681
2787,"Ivanka Trump's religious expertise: Judaism is top three? Close, but no cigar.",ivanka trump's religious expertise,sarcasm,0,0.7217369675636292,0.9008623957633972,-0.17912542819976807,0.8210060596466064,0.010873221263821838,19694.654296875,11,0.9166666666666666,0.008926980545476061
2788,author dismayed by amazon customers' other purchases,An author is dismayed by Amazon customers' other purchases.,sarcasm,0,0.9201387763023376,0.8460739850997925,0.07406479120254517,0.9458739757537842,0.07583235673413397,218.02374267578125,4,0.4444444444444444,0.07172785275489454
2789,"world health organization: 'not sure how, but adam levine's new fragrance the only antidote to mers virus'",World Health Organization says Adam Levine's new fragrance is the only antidote to the mers virus.,satire,0,0.6034741997718811,0.8842113614082336,-0.28073716163635254,0.9228252172470093,0.1777595508312503,185.38319396972656,12,0.7058823529411765,0.16404099611357936
2790,Palestinian youth and the psychological impact of violence: just a little trauma.,palestinian youth and the psychological impact of violence,understatement,0,0.5034063458442688,0.7084664106369019,-0.20506006479263306,0.9757452607154846,0.41266825715677186,194.56851196289062,6,0.5,0.402659096168439
2791,black man bids tearful goodbye to family before daily commute,A black man bids tearful goodbye to his family before his daily commute.,sarcasm,0,0.5826504826545715,0.6818137764930725,-0.09916329383850098,0.9682121276855469,0.44082318755867267,99.5768051147461,4,0.3076923076923077,0.42681035635930736
2792,american citizens split on doj memo authorizing government to kill them,American citizens are divided on a doj memo that authorizes the government to kill them.,sarcasm,0,0.8945789337158203,0.9050716757774353,-0.01049274206161499,0.9304450750350952,0.08947853200770763,100.64590454101562,8,0.5333333333333333,0.0832548594279417
2793,"Krugman: the right fears democracy – yes, because winning elections is so scary.",cragman: the right fears democracy,sarcasm,0,0.964937150478363,0.9217903017997742,0.04314684867858887,0.6745510101318359,0.13501633901742352,1044.6507568359375,9,0.6923076923076923,0.09107540786850545
2794,"Astronauts hug out political tension, because space is neutral.",astronauts hug out political tension,irony,0,0.977874219417572,0.9624534845352173,0.015420734882354736,0.9123083353042603,0.11948321931215808,3159.965087890625,6,0.6666666666666666,0.10900553690746878
2795,j.k. rowling revealed to be pseudonym for newt gingrich,J.K. Rowling was revealed to be a pseudonym for Newt Gingrich.,satire,0,0.5792254209518433,0.646843433380127,-0.06761801242828369,0.9832866787910461,0.11731175160264001,32.819583892822266,6,0.5454545454545454,0.11535108261652008
2796,"Ah, the 'most beautiful' because it's from a queer Korean, not because it was actually moving or articulate.",the'most beautiful' because it's from a queer korean,irony,0,0.6141677498817444,0.630361795425415,-0.016194045543670654,0.9245014190673828,0.19493068205878689,301.13873291015625,12,0.6666666666666666,0.1802136921831213
2797,studio audience wants show to be over,The studio audience wants the show to be over.,irony,0,0.6363984942436218,0.6621062159538269,-0.025707721710205078,0.9628018736839294,0.19960198807747329,82.2374038696289,3,0.3333333333333333,0.19217716811202862
2798,"9 tips for senior year: stress, cry, repeat.",9 tips for your senior year,irony,1,0.5757787227630615,0.7087502479553223,-0.13297152519226074,0.8471590876579285,0.15557221826646012,389.2742004394531,5,0.625,0.13179441849153448
2799,"America's favorite Mexican food chain is... not Chipotle. In other news, water is wet.",america's favorite mexican food chain is... not chipotle,satire,0,0.5461719632148743,0.7516539692878723,-0.20548200607299805,0.9003514051437378,0.17267606045625936,199.75115966796875,9,0.6428571428571429,0.15546913366647813
2800,"Trump shakes up top staff – just a little reshuffle, nothing to worry about.",donald trump shakes up top staff after'reshuffle',understatement,0,0.6757369041442871,0.9011344313621521,-0.225397527217865,0.8517788648605347,0.15124760523215708,1654.1983642578125,11,0.7857142857142857,0.12882951349752103
2801,ceo's funeral a networking dream,The CEO's funeral was a networking dream.,satire,0,0.7727261781692505,0.9732634425163269,-0.20053726434707642,0.9061399102210999,0.07730551756939454,480.9398193359375,4,0.5714285714285714,0.07004961474992683
2802,Danica Roem credits Trump for proving that anyone can be elected – barriers like decency are just suggestions.,danica roem credits donald trump for proving that anyone can be elected,sarcasm,0,0.9168556928634644,0.9575008153915405,-0.04064512252807617,0.8194214105606079,0.3233824575540097,717.9094848632812,11,0.6111111111111112,0.2649865095194625
2803,Hawaii's millennials: probably too busy with luaus to care.,hawaii's millennials are probably too busy with luaus,irony,0,0.7646549940109253,0.8686733841896057,-0.10401839017868042,0.9478191137313843,0.45622720708659226,456.9716796875,5,0.5555555555555556,0.4324208670809586
2804,rembrandt's 'night watch' falls off museum wall after sticky tabs come loose,Rembrandt's 'night watch' falls off the museum wall after sticky tabs come loose.,sarcasm,1,0.7329810857772827,0.7169182300567627,0.01606285572052002,0.971233069896698,0.5783569866465142,198.2380828857422,3,0.23076923076923078,0.5617194316368976
2805,A new shade of green collaborations: because Boulder needs more hipster eco-projects.,a new shade of green collaborations in california,satire,0,0.9389283061027527,0.6257429122924805,0.3131853938102722,0.6963073015213013,0.20969025558524573,445.3072204589844,8,0.6666666666666666,0.14600885602187444
2806,"Obama's foreign policy was a failure? Obviously, compared to the current golden age.",obama's foreign policy was a failure,irony,0,0.6697438359260559,0.9213812947273254,-0.25163745880126953,0.908260703086853,0.1582341759519314,87.13725280761719,9,0.6923076923076923,0.14371788390247003
2807,mom learns about new vegetable,A mother learns about a new vegetable.,understatement,0,0.8920041918754578,0.9193391799926758,-0.027334988117218018,0.9344262480735779,0.07730551756939454,247.10205078125,4,0.5714285714285714,0.07223630473775539
2808,A $249 sapphire razor? Because your face is worth more than a car down payment.,a $249 sapphire razor,sarcasm,1,0.7355155944824219,0.7208513617515564,0.014664232730865479,0.792688250541687,0.012020365629417109,500.9684753417969,13,0.8666666666666667,0.009528402601654072
2809,"Martha Raddatz MVP? In a debate that was a train wreck, she was the conductor.",martin raddatz's'maddatz' MVP in a debate that was a train wreck,sarcasm,1,0.7797581553459167,0.7969851493835449,-0.017226994037628174,0.6529853343963623,0.3209734155201468,993.3153686523438,9,0.6,0.2095909330657656
2810,Squad Reduces Pain: Science Confirms What Loners Already Know,"'the escad' reduces the pain,' says science",sarcasm,0,0.8271787166595459,0.8047270774841309,0.02245163917541504,0.49829503893852234,0.0,2314.226806640625,9,1.0,0.0
2811,"If the takeover worked, low scores wouldn't be embarrassing, but they are.","if the takeover worked, low scores wouldn't be embarrassing",sarcasm,0,0.5160566568374634,0.87356036901474,-0.3575037121772766,0.9598758816719055,0.5201870634468553,326.32421875,5,0.4166666666666667,0.49931501616036966
2812,fire hydrant blows load all over hot neighborhood kids,A fire hydrant blows a load over the hot neighborhood kids.,irony,0,0.7652750611305237,0.8263482451438904,-0.0610731840133667,0.9270066022872925,0.12760671487807074,266.02874755859375,5,0.45454545454545453,0.11829226718816364
2813,gray wolves sighted in capitol building for first time in 85 years,Gray Wolfs have been seen in the Capitol Building for the first time in 85 years.,irony,0,0.7904185652732849,0.8657257556915283,-0.07530719041824341,0.9015209078788757,0.16943571815930883,50.201717376708984,10,0.625,0.15274984246208942
2814,blender left on to keep cat company,A blender was left on to keep a cat company.,irony,1,0.5988330841064453,0.591251790523529,0.00758129358291626,0.8420298099517822,0.2907153684841096,368.6480712890625,4,0.4,0.24479100647473717
2815,Parental leave revolution: because banking is finally catching up to the 20th century.,parental leave: a revolution in banking,irony,0,0.9766412377357483,0.9695111513137817,0.007130086421966553,0.913167417049408,0.012712983380807008,504.75439453125,13,1.0,0.011609082196843586
2816,area man glad his brother is giving mom grandkids,A local man is pleased that his brother is giving his mother grandkids.,sarcasm,0,0.9560251235961914,0.9636684656143188,-0.007643342018127441,0.8075867295265198,0.2044800736021839,91.86331939697266,8,0.6153846153846154,0.16513539389372975
2817,"Home genetic tests may be riddled with errors, and companies aren't keeping track: embrace the surprise!","home genetic tests may be riddled with errors, and companies aren't keeping track",understatement,1,0.6734702587127686,0.5319573879241943,0.14151287078857422,0.9417048692703247,0.6543802314413064,56.155696868896484,5,0.3125,0.6162330503025203
2818,The Fed and the markets: two things that definitely make sense and aren't confusing at all.,the fed and the markets,irony,0,0.854031503200531,0.8280726075172424,0.025958895683288574,0.7923557162284851,0.0125896694397049,841.4061889648438,14,0.875,0.009975496545977246
2819,"Hey, which one of you wise guys teleported me into the future? This is exactly what I asked for.","hey, which one of you wise guys teleported me into the future?",sarcasm,1,0.7413097620010376,0.923083484172821,-0.18177372217178345,0.9567550420761108,0.5042416758025263,96.65776824951172,8,0.42105263157894735,0.48243576574897473
2820,5-Year-Old Boy Faces Tough Decision About His Girlfriends: The brutal heartbreak of preschool crushes.,5-year-old-old boy faces tough decision about his girlfriends,understatement,1,0.5093128085136414,0.5540541410446167,-0.04474133253097534,0.8320322036743164,0.0,97.8529281616211,14,1.0,0.0
2821,Spicer links shooting to banning millions: a logical leap?,spicer links shooting to banning millions of people,overstatement,0,0.925053596496582,0.9629585146903992,-0.03790491819381714,0.9419349431991577,0.3050975216056289,1408.90478515625,5,0.5555555555555556,0.28738201668380187
2822,heartbroken chris brown always thought rihanna was woman he'd beat to death,"Chris Brown, heartbroken, always thought Rihanna was a woman he would beat to death.",sarcasm,1,0.6696431636810303,0.7520089745521545,-0.08236581087112427,0.9441795349121094,0.047275266063115634,68.84770202636719,8,0.5714285714285714,0.04463633872431875
2823,shirtless man turns face from side to side in mirror while running hands down smooth face,A shirtless man turns his face from side to side in a mirror while running hands down a smooth face.,irony,0,0.5787774324417114,0.8105493783950806,-0.23177194595336914,0.969415545463562,0.4881010344921759,58.23744201660156,5,0.25,0.4731727305935616
2824,Trump calls on Congress to empower agencies to oust federal workers—job security is so last century.,donald trump calls on congress to empower agencies to oust federal workers,sarcasm,0,0.9586522579193115,0.9474772214889526,0.011175036430358887,0.8404132127761841,0.3362301724861858,272.470947265625,9,0.5625,0.28257227949140595
2825,How to live to 110: the secret to immortality revealed.,how to live to 110,overstatement,1,0.8383917808532715,0.7798861265182495,0.05850565433502197,0.7321364283561707,0.09782458612762486,247.75318908691406,7,0.7,0.07162094309289986
2826,"north korea claims new long range missile has ability to fly right up in the air, not unlike a bird or a fly",North Korea claims a new long-range missile has the ability to fly right up in the air.,satire,0,0.7401028275489807,0.9131128787994385,-0.17301005125045776,0.9299377202987671,0.29097110635266343,23.457796096801758,14,0.6086956521739131,0.27058500731440593
2827,"Elon Musk is ready to conquer Mars. The ultimate billionaire's vanity project, now with 100% more existential risk.",elon musk is ready to conquer mars,sarcasm,0,0.9367203712463379,0.7181484699249268,0.21857190132141113,0.8924223184585571,0.08541226358487465,578.5661010742188,14,0.7777777777777778,0.07622381029320723
2828,uninsured man hoping for gift card to local hospital for christmas,An uninsured man hopes for a gift card to a local hospital for Christmas.,irony,0,0.6052178740501404,0.6635637879371643,-0.058345913887023926,0.9687511920928955,0.13912311644176573,120.5066146850586,5,0.35714285714285715,0.13477568490063926
2829,man ashamed of himself after cashier reads food order back to him,A man is ashamed of himself after a cashier reads his food order back to him.,understatement,0,0.9160547256469727,0.9043663144111633,0.011688411235809326,0.9533566236495972,0.3446073377034663,87.63887023925781,5,0.3125,0.32853368795785315
2830,Pride in mental health: an interview with the Trevor Project – because mental health is the new cool thing to be proud of.,pride in mental health: an interview with the torne project,satire,0,0.9607886075973511,0.8550567626953125,0.10573184490203857,0.7821414470672607,0.17413230984695469,217.1428985595703,16,0.6956521739130435,0.13619609680486175
2831,richard branson's global-warming donation nearly as much as cost of failed balloon trips,Richard Branson's global-warming donation is nearly as much as the cost of failed balloon trips.,overstatement,0,0.7281883358955383,0.7235486507415771,0.004639685153961182,0.9541164636611938,0.3615855225145535,107.87293243408203,5,0.3333333333333333,0.3449947000526708
2832,"michele bachmann figures why not, introduces homosexual-beheading bill",Michael Bachmann introduces a bill aimed at homosexuals.,sarcasm,0,0.7081018686294556,0.9275490641593933,-0.21944719552993774,0.7515141367912292,0.03303164318013808,149.52297973632812,8,1.0,0.02482374681131736
2833,"no complaints if a remake of 'emma' with jon hamm and emily blunt got thrown our way, nation's girlfriends report",The nation's girlfriends report that a remake of 'Emma' with Jon Hamm and Emily Carroll was thrown our way.,satire,0,0.7148613929748535,0.5456429123878479,0.16921848058700562,0.8465667963027954,0.09660367388621095,180.82208251953125,15,0.75,0.08178146271292962
2834,"Double standard, double spacing: the perfect formula for unbiased reporting.","double standard, double spacing",irony,1,0.9754924774169922,0.7295067310333252,0.245985746383667,0.682196855545044,0.03791080144520064,673.7553100585938,8,0.8,0.025862629537108384
2835,"Illinois elves suggest gifts for politicians, because they're so in touch with the people.",illinois elves suggest gifts for politicians,satire,0,0.9725791811943054,0.9024665355682373,0.07011264562606812,0.9408248662948608,0.13394233819643575,8923.2587890625,10,0.7142857142857143,0.1260162824248827
2836,Transition to teaching art in college? Just navigate academia's quirks—simple.,transition to teaching art in college,understatement,0,0.8749176263809204,0.8256224393844604,0.04929518699645996,0.9088698625564575,0.2608840516436559,273.55615234375,6,0.6,0.2371096521605413
2837,"report: you know you are a fucking idiot, right?",A report states that you are a fucking idiot.,rhetorical_question,0,0.7331292033195496,0.7361717820167542,-0.00304257869720459,0.8382218480110168,0.2984745896009823,139.7095489501953,6,0.6666666666666666,0.25018792207966517
2838,In depth: Behind the veil of the Middle East – where women's rights are just a suggestion.,in depth: behind the veil of the middle east,satire,1,0.7756304740905762,0.6762843728065491,0.0993461012840271,0.7547304034233093,0.1297464032679993,205.15420532226562,12,0.7058823529411765,0.09792355528118049
2839,cbs reveals 'big bang theory' season 12 will explore why sheldon keeps job after sexually harassing 6 research assistants,CBS reveals that 'Big Bang Theory' season 12 will explore why Sheldon keeps his job after sexually harassing 6 research assistants.,sarcasm,0,0.9106764793395996,0.9406711459159851,-0.029994666576385498,0.9649738073348999,0.4109080290971358,111.53343963623047,8,0.38095238095238093,0.396515485302343
2840,"Wearing #BlackLivesMatter shirts solves systemic racism, obviously.",wearing #blacklivesmatter shirts solves systemic racism,sarcasm,0,0.9707732796669006,0.9720008969306946,-0.0012276172637939453,0.9688594341278076,0.17103294495668978,260.2496032714844,4,0.5714285714285714,0.1657068822679509
2841,Grindr's caring reminder: don't forget your HIV test between hookups.,grindr's reminder: don't forget your iraq test,sarcasm,1,0.5959135890007019,0.7255365252494812,-0.1296229362487793,0.5595266819000244,0.28319415510892393,344.1001892089844,5,0.5,0.15845468594157705
2842,A 12-year-old busts out unexpected moves in the kitchen? This child is a culinary revolutionary!,12-year-old busts out unexpected moves in the kitchen,overstatement,0,0.7890142798423767,0.5176966786384583,0.27131760120391846,0.867970883846283,0.3505377780030811,106.45066833496094,8,0.5333333333333333,0.3042565849948464
2843,scientists finally prove what area dad has been saying for years,Scientists have finally proved what a father has been saying for years.,irony,0,0.9682397842407227,0.9491527080535889,0.01908707618713379,0.8251711130142212,0.23462350320528,50.99636459350586,6,0.5,0.19360453727919658
2844,Giuliani says Trump is trying to get us back to a free press. By attacking journalists daily? Makes sense.,giuliani: donald trump is trying to get us back to a free press,irony,0,0.9436275362968445,0.9465700387954712,-0.002942502498626709,0.808300793170929,0.408387573482697,87.7795639038086,10,0.5263157894736842,0.33009999956721503
2845,area man good for the economy,A local man is good for the economy.,sarcasm,0,0.9770117402076721,0.9793121814727783,-0.002300441265106201,0.7770299911499023,0.1477219991186121,107.35824584960938,4,0.5,0.11478442366778105
2846,pope francis offers molested kids 10% off at vatican city gift shop,Pope Francis offers molested children 10% off at a Vatican City gift shop.,sarcasm,0,0.686821699142456,0.8243865370750427,-0.13756483793258667,0.9656186103820801,0.10120193244194395,128.5496368408203,7,0.5384615384615384,0.09772246937257106
2847,"Six completely rational and unselfish reasons why my kids' toys remain fiercely, permanently theirs. Sharing is for peasants.",6 reasons why my kids' toys remain fiercely,satire,1,0.6143993139266968,0.5606948137283325,0.05370450019836426,0.8278116583824158,0.19493068205878689,557.551025390625,12,0.6666666666666666,0.1613658911846998
2848,Savor the South at summer festivals where every dish is a calorie bomb and every moment is bliss.,savour the south at summer festivals,overstatement,0,0.9153476357460022,0.8673438429832458,0.04800379276275635,0.6284812688827515,0.02938379650985441,1235.17626953125,14,0.7777777777777778,0.018467165715105864
2849,"fbi raids michael cohen's office to get closer look at his innovative, thorough legal work","The FBI raided Michael Cohen's office to look at his innovative, thorough legal work.",sarcasm,0,0.9424226880073547,0.9593098163604736,-0.016887128353118896,0.9091781377792358,0.3663728278719019,123.0199966430664,8,0.5333333333333333,0.33309816537748826
2850,Kristen Wiig Crashes Bill Hader's 'SNL' Monologue: Groundbreaking Television That Changes Everything,kristin wiig criticizes bill hader's'snl' monologue,satire,1,0.5666045546531677,0.5167142748832703,0.04989027976989746,0.7727629542350769,0.0,4344.99365234375,12,1.0,0.0
2851,Farenthold resigned abruptly? Probably to avoid more congressional 'hard work'.,farenthold resigned abruptly,understatement,1,0.8182374238967896,0.536217987537384,0.2820194363594055,0.7986235022544861,0.011018142789200103,1229.2237548828125,9,0.9,0.008799347782650999
2852,"in major gaffe, obama forgets to dumb it down","In a major gaffe, Obama forgot to dumb it down.",sarcasm,0,0.7956052422523499,0.639005720615387,0.1565995216369629,0.961718738079071,0.13134549472120793,74.01715850830078,5,0.5,0.1263174234356514
2853,Is art feminine? Let's ask the centuries of male-dominated art history.,is art feminine?,rhetorical_question,1,0.6290786266326904,0.8336789608001709,-0.20460033416748047,0.9076967239379883,0.0166955629691623,9561.7353515625,9,0.8181818181818182,0.015154507811409012
2854,food critic's wife makes the best lasagna she possibly can,A food critic's wife makes the best lasagna she can.,understatement,0,0.9294601082801819,0.9251276850700378,0.004332423210144043,0.9718014001846313,0.7598356856515925,77.45204162597656,3,0.3,0.738409383226467
2855,Trump orders war crimes then backs down? What a tough leader.,donald trump orders war crimes then backs down,sarcasm,0,0.9862534403800964,0.9550985097885132,0.031154930591583252,0.898623526096344,0.355310106137518,947.67626953125,7,0.6363636363636364,0.3192900204349627
2856,"Netflix hires Ryan Murphy for 5 years? Groundbreaking, since he's never done anything before.",hbc hires ryan murray for 5 years,overstatement,0,0.9291352033615112,0.8369949460029602,0.09214025735855103,0.5069374442100525,0.028439110602897978,579.8426513671875,11,0.7857142857142857,0.014416850044640106
2857,6-year-old cries when told mtm productions kitten dead by now,A 6-year-old cries when told MTV Productions that a kitten is dead by now.,irony,0,0.708278238773346,0.7034046053886414,0.00487363338470459,0.8597249984741211,0.21972813874997157,114.30421447753906,7,0.5,0.18890577375154077
