id,input,output,subtype,hard_flipped,inp_irony_score,out_irony_score,flip_delta,similarity,bleu,perplexity,edit_dist_raw,edit_dist_norm,paraphrase_score
1,café adds heartbreaking little lunch menu,San Francisco Café Provides a Limited Lunch Menu,irony,0,0.763202428817749,0.8019986748695374,-0.03879624605178833,0.6861308217048645,0.0,1984.9366455078125,8,1.0,0.0
2,peruvian shockingly knowledgeable about u.s. history,Peruvian Knowledge of the U.S. History,sarcasm,0,0.9349353909492493,0.7872674465179443,0.14766794443130493,0.9492141008377075,0.0,76.22235870361328,6,1.0,0.0
3,census study finds thousands of undocumented immigrants living inside u.s. border wall,Study Examines Impact of Border Wall on Migrant Population in the United States,irony,0,0.879983127117157,0.6897756457328796,0.19020748138427734,0.7569022178649902,0.01553712569276035,49.93046951293945,13,1.0,0.011760084896097431
4,Helping the planet by eating invasive species? Because nothing says eco-friendly like chowing down on pests.,Scientists Investigate Impact of Insect Extinction in the Global Ecosystem,satire,0,0.9378094673156738,0.5029672384262085,0.43484222888946533,0.4461088180541992,0.01158285652249976,69.78506469726562,16,1.0,0.00516721443294374
5,Kebab shop owner remains calm during robbery – because who needs panic when you have shawarma?,Jebab Shoppers Seek Answers Following Robbery at a Kebab,irony,1,0.7524292469024658,0.5914471745491028,0.16098207235336304,0.6874081492424011,0.011017167600428483,197.53030395507812,16,1.0,0.0075732907901038884
6,report: average person spends 18 hours standing at bar deciding what to drink,Study Examines the Impact of Decision Fatigue at Bars,overstatement,0,0.8717864155769348,0.6135862469673157,0.25820016860961914,0.5327204465866089,0.015375695992413887,294.0561218261719,12,0.9230769230769231,0.008190947635658658
7,"bush vows to discover, legalize aliens on american, martian soil",President Bush Announces a Plan to Legalize aliens on American and Martian soil,satire,0,0.8950046896934509,0.9167210459709167,-0.02171635627746582,0.8957213759422302,0.039073802494525016,236.51824951171875,10,0.7692307692307693,0.03499924013369089
8,christmas pageant enters pre-production,Pre-Production for a Christmas Pageant in Tampa,understatement,0,0.583911120891571,0.5547776222229004,0.029133498668670654,0.807346522808075,0.0,185.73773193359375,7,1.0,0.0
9,area man can't remember whether he rented mimic or the relic,Audiences Frequently Reference the Horror Films Mimic and The Relic,irony,0,0.8634588718414307,0.769051194190979,0.09440767765045166,0.4515155553817749,0.01909690192411307,1103.711669921875,11,1.0,0.0086225482783372
10,Dinosaur skeleton reveals babies may have lived on their own from birth. So much for parental guidance in the Mesozoic era.,Researchers Suggest Early Humans Could Have Given Birth to Early Humans,rhetorical_question,0,0.9316861629486084,0.75506192445755,0.17662423849105835,0.5385684967041016,0.0,109.40962982177734,21,1.0,0.0
11,"nothing doing down louisiana way, fly-swattin' sources report",Poor Weather Reported in Louisiana,irony,1,0.713012158870697,0.5693528056144714,0.14365935325622559,0.5431973934173584,0.0,2504.67529296875,8,1.0,0.0
12,woman jealous of horse's eyelashes,Close-up photo highlights a horse,irony,0,0.8710953593254089,0.6062041521072388,0.26489120721817017,0.465709388256073,0.0,213.8580780029297,5,1.0,0.0
13,call from daycare can't be good,A Childcare Call from a Daycare Center Can Be Poor,overstatement,1,0.64975506067276,0.5646218061447144,0.08513325452804565,0.7987645864486694,0.021105340631872645,307.08197021484375,9,0.9,0.016858198681676054
14,molly hatchet posts surprise upset in former deep purple district,Photoshopped Image Shows aolly Hatchet in a Deep Purple District,satire,1,0.8732525706291199,0.5440238118171692,0.3292287588119507,0.5716108083724976,0.021105340631872645,703.391357421875,9,0.9,0.01206404081956164
15,NASA's Kepler recovers from emergency mode – space is easy.,NASA's Kepler Returns to an Emergency mode,overstatement,0,0.973457932472229,0.7300087809562683,0.2434491515159607,0.8586084246635437,0.05035983350735684,927.4597778320312,8,0.8,0.043239377314069995
16,Cartoon Donald Trump assures Colbert his numbers are the biggest—a masterclass in humility from the guy who measures everything in inches.,Trump Claims His Numbers Are the Leading Aides on the Colbert Report,sarcasm,0,0.9727611541748047,0.9147135019302368,0.05804765224456787,0.7032065391540527,0.011378631325377427,187.0816192626953,18,0.8571428571428571,0.008001527954628553
17,joy sucked out of room by pumped-up manager,Ad Agency Manager Ejects a Generational Team,overstatement,0,0.8571271300315857,0.8898806571960449,-0.03275352716445923,0.3446054458618164,0.0,1162.6513671875,8,1.0,0.0
18,"study: beginning email with short, disingenuous inquiry into personal life best way to network",People Often Rely on Social Inquiries When Posting Social Security,satire,0,0.9501821398735046,0.7615804076194763,0.18860173225402832,0.3265456557273865,0.0,243.8301544189453,14,1.0,0.0
19,area man's knee making weird sound,Supporters gather at a San Francisco restaurant,understatement,0,0.5811396837234497,0.9033946394920349,-0.3222549557685852,0.05820731073617935,0.0,80.42436218261719,7,1.0,0.0
20,man thinks he managed to masturbate without waking roommate,College Student Sets a Masturbation in a Roommate,sarcasm,0,0.8220564126968384,0.6440357565879822,0.1780206561088562,0.6533467769622803,0.0,157.0514373779297,9,1.0,0.0
21,vin diesel will finally kiss car in 'fast & furious 6',Universal Pictures Releases a Fast & Furious 6,sarcasm,0,0.6914637684822083,0.5405539870262146,0.15090978145599365,0.5455254316329956,0.019090277826420414,264.8839416503906,10,0.9090909090909091,0.010414232051251802
22,BHP predicts 2017 as the year every car on Earth goes electric overnight.,BHP Predicts 2017 as a Renewable Energy Summer,overstatement,1,0.8493630886077881,0.5529024004936218,0.29646068811416626,0.7563664317131042,0.03479516834752485,340.802978515625,10,0.7692307692307693,0.026317897323874122
23,what's-his-face fires publicist,Actor Fires a Publicist,sarcasm,0,0.7787726521492004,0.7942454218864441,-0.015472769737243652,0.5911069512367249,0.0,1669.517578125,4,1.0,0.0
24,american dental association recommends making your gums hurt really bad once a day,American Dental Association Recommends Daily Flossing,sarcasm,0,0.9245522022247314,0.9293513894081116,-0.004799187183380127,0.5748803615570068,0.0,87.13251495361328,13,1.0,0.0
25,"Loft's plus-size line is here, about time they catered to more than sample sizes.",A Plus-Size Line Is Coming,understatement,1,0.586021900177002,0.7238612771034241,-0.13783937692642212,0.5667086243629456,0.0,322.32269287109375,14,1.0,0.0
26,"Tom Brady's Met Gala outfit mocked? It's so avant-garde, mere mortals can't comprehend it.",Tom Brady's Met Gala Outfit Draws Criticism,irony,0,0.6501984596252441,0.8221237063407898,-0.17192524671554565,0.8393527865409851,0.15124760523215708,241.13726806640625,10,0.7142857142857143,0.12695009890926193
27,Flexibility is the secret weapon to close the women's leadership gap—just contort yourself into submission and equality magically appears!,Men Use Flexibility as a Key Strategy to Address Women's Leadership Gap,sarcasm,0,0.7085213661193848,0.8649862408638,-0.15646487474441528,0.8554874062538147,0.011303552115363096,124.74974060058594,19,1.0,0.009670046480626795
28,news website refers to users' ceaseless exchange of racial slurs as 'discussion',News Websites Often Rely on Racist Slurs in Op-Eds,sarcasm,0,0.8851261734962463,0.9257960915565491,-0.040669918060302734,0.6885470151901245,0.0,95.22554016113281,12,1.0,0.0
29,"Ah, the pinnacle of modern dating advice: ranking women like livestock. Truly progressive.",Women Often Rely on Livestream When Gossip,sarcasm,0,0.9878487586975098,0.8415362238883972,0.14631253480911255,0.3069739043712616,0.0,172.9767608642578,13,1.0,0.0
30,Cracks? More like a sinkhole swallowing thousands. But who's counting?,Large Swarm of Crackers Emerges in a Florida Sinkhole,understatement,1,0.9217562675476074,0.6422240138053894,0.279532253742218,0.613084077835083,0.02145851237135921,162.64080810546875,10,1.0,0.013155872268907482
31,Rev. Run values his role as a TV dad—because nothing beats scripted family values.,Rev. Run Values His Role as a TV Dad,sarcasm,0,0.9671218395233154,0.8837457299232483,0.08337610960006714,0.9079331755638123,0.0856254083933825,1381.32275390625,9,0.6428571428571429,0.07774214895155207
32,"comey: 'what can i say, i'm just a catty bitch from new jersey and i live for drama'",former fbi director james comey testifies before congress,sarcasm,0,0.6504489183425903,0.8010877370834351,-0.15063881874084473,0.2860947847366333,0.0,421.2135314941406,18,1.0,0.0
33,"A little rain and disagreement in Somalia—no big deal, just thousands fleeing.",Heavy Rain and Fire in Somalia Amid Civilian Conflict,understatement,0,0.6986435055732727,0.6428093314170837,0.055834174156188965,0.6563935875892639,0.02043370997308395,359.5166015625,10,0.8333333333333334,0.013412556196991096
34,the elderly: do they suspect?,Caretaking for the Elderly,rhetorical_question,1,0.9508219957351685,0.6615309715270996,0.28929102420806885,0.5111216902732849,0.06257106818159155,259.1461181640625,5,1.0,0.03198143013118003
35,Teenage girl walks for days after plane crash. Just a moderate hike with a side of survival.,Teenagers Survive a Plane Crash in Utah,understatement,0,0.5190490484237671,0.8634629249572754,-0.3444138765335083,0.5637450218200684,0.007916067523495003,530.4359741210938,16,0.9411764705882353,0.004462643658761825
36,desperate gop spotted in south dakota trying to build keystone pipeline themselves,Senate Republicans Defend Keystone XL Pipeline in South Dakota,satire,0,0.8721609711647034,0.7923693060874939,0.07979166507720947,0.667138934135437,0.017182633466700372,102.6548080444336,12,1.0,0.011463203776614375
37,80 percent of u.s. populace now selling handmade jewelry,Growing American Turnout for Handmade Jewelry,overstatement,0,0.8607980012893677,0.8368159532546997,0.02398204803466797,0.7477165460586548,0.0,206.44454956054688,9,1.0,0.0
38,more realistic meat substitute made from soy raised in brutally cruel conditions,Greenpeace Launches a Soy-Based Meat Alternative,satire,0,0.9074191451072693,0.9514058232307434,-0.04398667812347412,0.6672519445419312,0.0,573.0003662109375,12,1.0,0.0
39,"Home? Oh, you mean that mythical place everyone talks about but never finds?",Crowds Speculate at a Historic Home in a Small Illinois Town,rhetorical_question,0,0.7456327676773071,0.7080671191215515,0.037565648555755615,0.4054752588272095,0.0,184.27403259277344,13,1.0,0.0
40,"Tom Daley and Dustin Lance Black expecting a child? Finally, some real news in celebrity baby gossip.",Tom Daley and Dustin Black Share a Baby,sarcasm,1,0.9556176662445068,0.7985022664070129,0.1571153998374939,0.8053185939788818,0.12421298901804245,767.9953002929688,11,0.6470588235294118,0.10003102966992423
41,Obama says no to wiretapping: The one time we wish he was joking.,President Obama Says He Will Not Halt a Terror Attack on the Intelligence Community,sarcasm,0,0.9298006892204285,0.8418257236480713,0.08797496557235718,0.49509987235069275,0.01428363257865929,53.848167419433594,13,0.9285714285714286,0.00707182466639841
42,134-year-old man attributes longevity to typographical error,Florida Retiree Attributes Longevity to a Typographical Error,satire,0,0.7120883464813232,0.7505198121070862,-0.03843146562576294,0.7487356662750244,0.02777619034011792,364.1310729980469,7,0.875,0.020797024380890088
43,new gym member lingers by free weights for several seconds before returning to elliptical machine,A New Gym Member Sets a Free Weight-Lifting Exercise,irony,0,0.8849557638168335,0.8780205845832825,0.006935179233551025,0.6232258677482605,0.0,288.9891052246094,15,1.0,0.0
44,mortified tampax ceo bursts into tears and runs out of boardroom after tampon falls out of briefcase,Tampax CEO Gerald Levin Suspends Administration Amid Concerns Over Closure,satire,1,0.9075725674629211,0.5676159858703613,0.3399565815925598,0.400524377822876,0.0,312.71112060546875,17,1.0,0.0
45,"Breaking news: July 19, 2017, was a day just like any other. What a roundup!","Americans Express Dismay That July 19, 2017 Was a National Election",understatement,0,0.8401681184768677,0.9301809668540955,-0.09001284837722778,0.464954674243927,0.030667173634794157,592.1175537109375,14,0.9333333333333333,0.014258845727347664
46,Toxic video shoot: more chaos than a Britney concert.,Actors Perform a Violent Video Shoot at a Britney Concert in Denver,overstatement,0,0.8940556645393372,0.8802815675735474,0.013774096965789795,0.6475361585617065,0.03602080288207364,390.5226135253906,10,0.8333333333333334,0.023324772326566413
47,Islamophobia and Charlie Hebdo? What could possibly go wrong in that discussion?,Public Discussion Regarding Islamophobia and Charlie Hebdo Continues in Philadelphia,rhetorical_question,0,0.9513281583786011,0.8658528923988342,0.08547526597976685,0.8005838394165039,0.09189798020039786,227.3014678955078,11,0.9166666666666666,0.07357203782345637
48,bush to sacrifice own life for good of nation,President Bush Vows to Sacrifice His Life to the Nation,overstatement,1,0.676112711429596,0.5408886075019836,0.1352241039276123,0.8612126111984253,0.021105340631872645,125.23005676269531,10,1.0,0.018176185515807262
49,"Dems claim DACA deal, Trump tweets chaos, government at its finest.",Democrats Defend DACA Deal Amid Ongoing Government Shutdown and Government Shutdown,irony,0,0.925226628780365,0.7895747423171997,0.13565188646316528,0.6856787800788879,0.018850319022747353,106.36091613769531,10,0.9090909090909091,0.01292526375161526
50,Rare Pokemon causes stampede in Taiwan—adults revert to primal instincts over digital creatures.,A Rare Pokemon Causes a stampede in Taiwan,overstatement,0,0.6765486001968384,0.6128110885620117,0.06373751163482666,0.8328256607055664,0.04446426575347835,1020.2626953125,11,0.8461538461538461,0.0370309815039285
51,"Five numbers that don't limit you? Unless you're bad at math, then they do.",Researchers Note Complex Numbers Require Basic Math Skills,sarcasm,0,0.8820456862449646,0.8554513454437256,0.026594340801239014,0.43730878829956055,0.0,1061.14111328125,14,1.0,0.0
52,Trump might actually help people? Hold your breath—this could be the miracle we've been waiting for.,Trump Offers Immediate Relief to Americans,irony,0,0.7336829304695129,0.9353021383285522,-0.2016192078590393,0.5631752014160156,0.007710814196876619,81.3768081665039,15,0.9375,0.004342539338407463
53,"Bill Nye criticizes CNN for platforming a climate skeptic on Earth Day, because balance means giving equal time to facts and fiction.",Bill Nye Responds to CNN's Climate Skepticism on Earth Day,sarcasm,0,0.838512122631073,0.8457785248756409,-0.007266402244567871,0.8171864748001099,0.020101986991290885,39.592166900634766,18,0.8181818181818182,0.016427071885890664
54,report: more american fifth-graders taking gap year to unwind before middle school,Report Examines Common Academic And Financial Challenges for American Fifth-Graders,overstatement,0,0.9698445200920105,0.6478450894355774,0.3219994306564331,0.5808245539665222,0.0,234.74960327148438,12,1.0,0.0
55,"Because picking a financial advisor is as simple as asking three questions, right?",Experts Note Choosing a Financial Advisors Is a Simple Pause,sarcasm,0,0.7489154934883118,0.8753322958946228,-0.12641680240631104,0.7229828834533691,0.015635220893785457,194.67626953125,13,1.0,0.011303997085219373
56,"In a rare event, constituents in a red district actually question a congressman. How dare they?",Rep. Daniel Lipinski addresses constituents in a District,sarcasm,0,0.5048407316207886,0.5716829299926758,-0.06684219837188721,0.3168624937534332,0.05057268482495309,125.53144073486328,13,0.8125,0.016024587029441047
57,acoustic-guitar-wielding trump tells congress 'this here's the story of america',Trump Delivers Speech at Congress at the National Convention in Cleveland,satire,0,0.8227773308753967,0.9094318747520447,-0.08665454387664795,0.45717135071754456,0.018850319022747353,45.7293815612793,10,0.9090909090909091,0.008617825809086032
58,Iowa teenager innocent of health care crash – blame the usual suspects.,Iowa Teen Killed in a Health Care Crash,sarcasm,0,0.8950162529945374,0.5521467924118042,0.34286946058273315,0.7860609292984009,0.016847111051295396,380.1442565917969,11,0.9166666666666666,0.013242855768974618
59,Calling women girls? It's totally respectful and not infantilizing at all.,Women Tend To Use Peer Bullying and Antisemitic Sentences,irony,0,0.6977238059043884,0.9008247256278992,-0.20310091972351074,0.3989788889884949,0.019201920550239778,140.53271484375,10,0.9090909090909091,0.007661160927580015
60,report: everything you've ever wanted has been right in front of you all along,Research Indicates Confidence and Decision-Making in the Rulings,irony,0,0.6228507161140442,0.7242209315299988,-0.10137021541595459,0.12132052332162857,0.013120543279239774,57.75151062011719,13,0.9285714285714286,0.001591791176901446
61,Democrats meet in Iowa again—because one forum wasn't enough to bore voters.,Democrats Meet in Iowa for Primary Season,sarcasm,0,0.6968998312950134,0.6682940721511841,0.028605759143829346,0.7065681219100952,0.0378442713638306,398.2080993652344,9,0.75,0.026739555742597787
62,mother provides adult son with list of questions to ask doctor,Adults Often Reassess Medical Questions Before Requesting Medical Services,satire,0,0.5530185103416443,0.6279382705688477,-0.07491976022720337,0.5964972972869873,0.0,157.62545776367188,11,1.0,0.0
63,terrorism fan site full of spoilers,Extremist Website Faces Scrutiny Over Prominent Speculation,satire,0,0.7023568153381348,0.7552412152290344,-0.05288439989089966,0.4837515354156494,0.0,138.78013610839844,7,1.0,0.0
64,George and Amal Clooney look stunning in NYC—as if we needed another reason to feel inadequate.,George and Amal Clooney Attend the Academy Awards in New York,sarcasm,0,0.8279940485954285,0.9294476509094238,-0.10145360231399536,0.6559990644454956,0.15746804497764577,34.81166458129883,12,0.75,0.10329889018539685
65,man finally able to forgive self for terrible mistake he made 2 seconds ago,"Jacksonville, Mississippi Man Says He Is Facing a Past Mistake",understatement,1,0.8610616326332092,0.8518474698066711,0.009214162826538086,0.45848605036735535,0.0,109.77464294433594,14,1.0,0.0
66,Hillary Clinton tells fifth-grader about bullies – because her scandals are just like schoolyard teasing.,Hillary Clinton Addresses Students Amid Ongoing Scandals,sarcasm,0,0.9763761758804321,0.8906411528587341,0.085735023021698,0.5525049567222595,0.022276713869943024,1846.2489013671875,13,0.8666666666666667,0.012307994832627029
67,taliban leaders already know which westernized schools the first to go as soon as u.s. troops leave afghanistan,Taliban Leaders Prepare to Deploy U.S. Troops in Afghanistan,sarcasm,0,0.9290778040885925,0.9040244221687317,0.02505338191986084,0.6258220672607422,0.008821858171866304,30.593732833862305,17,0.9444444444444444,0.005520913518198442
68,HuffPost headline quiz: test your memory of last week's forgettable news.,HuffPost Headline Quiz,understatement,1,0.5104758739471436,0.7290890216827393,-0.2186131477355957,0.6821723580360413,0.007894844292834697,218.00274658203125,10,0.9090909090909091,0.005385644547570428
69,texas to execute death row inmates with new 3-drug molotov cocktail,Texas Faces Lethal Injection Drug Shortages,sarcasm,0,0.8539512157440186,0.8764153122901917,-0.022464096546173096,0.5819752216339111,0.0,342.1009521484375,11,1.0,0.0
70,The ocean's gentle giant: totally not a 50-ton predator with a taste for seals,An 80-ton Seal Found in a Pacific Ocean,understatement,1,0.733832597732544,0.7168723940849304,0.016960203647613525,0.6258444786071777,0.013120543279239774,248.41209411621094,13,0.9285714285714286,0.008211419567638727
71,towels across water park lounge chairs mark family's ironclad claim,Families Use Towels to Reserve Lounge Chairs at the Water Park,satire,0,0.9370893239974976,0.6979317665100098,0.2391575574874878,0.7875158190727234,0.0,211.56378173828125,11,1.0,0.0
72,"Trump's bad tweets help puppies and kittens: every offensive tweet saves a pet, it's a trade-off!",Trump's Tweets Reaffirm Support for Puppies and Kittens Despite Terminating a Pet,irony,0,0.8622844219207764,0.8254114389419556,0.0368729829788208,0.7754672765731812,0.01606243474117787,147.2053985595703,14,0.875,0.012455892523875653
73,experts recommend changing batteries in smoke detector every 6 fires,Safety Experts Recommend Replacing Smoke Detector Batteries,irony,0,0.9134654402732849,0.8847030401229858,0.028762400150299072,0.7870550155639648,0.0,157.6117706298828,10,1.0,0.0
74,Trump moves embassy to Jerusalem—the solution to all Middle East problems!,Trump Moves Embassy to Jerusalem to Resolve Middle East Problems,overstatement,0,0.9719874858856201,0.9154877662658691,0.05649971961975098,0.9407458305358887,0.050781487573685676,140.06515502929688,6,0.5454545454545454,0.04777247270335484
75,jogging-suit shortage threatens nation's seniors,Elderly Americans Face a Food Shortage,overstatement,0,0.7730783224105835,0.7058188319206238,0.06725949048995972,0.4519643783569336,0.0,279.0131530761719,6,1.0,0.0
76,baby doesn't realize it's a white supremacist yet,Parents Often Transition to Early stages of Opposing White Supremacists,satire,0,0.7848470211029053,0.8841299414634705,-0.09928292036056519,0.6526625156402588,0.0,347.35821533203125,10,1.0,0.0
77,q-tips introduces new multi-speed electric ear swab,Satirical Image Shows a Hot Dog With a Power-Picking,satire,0,0.8032436966896057,0.7290343642234802,0.07420933246612549,0.11305367201566696,0.0,193.87457275390625,9,1.0,0.0
78,"Public education emergency so dire, it might close next Tuesday.",North Carolina Public Schools Experiences an Emergency and Imminent Closures,overstatement,0,0.8225622177124023,0.8701034188270569,-0.04754120111465454,0.6288518905639648,0.021105340631872645,207.26678466796875,10,1.0,0.013272133357349577
79,nate silver projects super tuesday results using microscopic electorate grown in petri dish,Nate Silver Releases Super Tuesday Primary Results in a Petri Dish,overstatement,1,0.8444289565086365,0.6942558884620667,0.15017306804656982,0.8253129720687866,0.01571650849186369,656.4890747070312,13,1.0,0.012971038333964345
80,buoyant force on area object equal to weight of water displaced,Aerial view of an ocean,irony,1,0.9051666855812073,0.5172304511070251,0.38793623447418213,0.18388515710830688,0.016182712188007015,99.76786804199219,10,0.9090909090909091,0.0029757605731301827
81,gop candidates fiercely divided over how much voltage border wall should be electrified with,GOP Candidates Debate Border Wall Proposals,irony,0,0.5011372566223145,0.8974175453186035,-0.39628028869628906,0.6507977247238159,0.0,109.67507934570312,14,1.0,0.0
82,employee who likens self to tv's 'house' fired,Software Engineer Fired for Insubordination and Poor Performance,sarcasm,0,0.8690189719200134,0.5753993391990662,0.29361963272094727,0.380890429019928,0.0,157.945068359375,8,1.0,0.0
83,Why did private security treat Standing Rock protesters like jihadists? Perhaps they confused water with weapons.,Private Security Teams Conduct a Raid on Standing Rock Protesters in Protest,rhetorical_question,0,0.8017868399620056,0.8897314667701721,-0.0879446268081665,0.6054645776748657,0.025810033097012353,331.6584777832031,16,1.0,0.01562706078885689
84,An 'inquiry'? How bold and decisive. I'm sure Trump is shaking in his boots.,Trump Orders an Inquiry Into Russia Investigation,irony,0,0.8495911359786987,0.8893253207206726,-0.03973418474197388,0.55048006772995,0.012151662434083676,177.34487915039062,14,1.0,0.00668924795974587
85,"closeted soldiers getting in last clandestine rendezvous before 'don't ask, don't tell' repealed","U.S. Marines Repeal 'Don't Ask, Don't Tell' Policy",irony,0,0.8271552324295044,0.6883169412612915,0.1388382911682129,0.6517832279205322,0.0,12.511038780212402,13,1.0,0.0
86,"Processing the facts: Ferguson's legacy might be a few changes, or nothing at all, who knows?",Protesters Process Ferguson's Legacy Amid Ongoing Controversy,understatement,0,0.9744555950164795,0.5110875368118286,0.4633680582046509,0.6518591046333313,0.009131698392329843,385.3345947265625,15,0.9375,0.0059525807378057625
87,"After a beauty pageant, racism conveniently 'reared its head,' as if it had been napping politely until then.",Before a Beauty Pageant in Nashville,irony,0,0.9044601321220398,0.7802141308784485,0.12424600124359131,0.4687507152557373,0.005525039802078984,275.8268737792969,17,0.9444444444444444,0.0025898663590409408
88,Charlottesville Goddam: A Pertinent and Nuanced Analysis of Recent Events,Charlottesville Goddam: A Pertinent Analysis of Recent Events,irony,1,0.6630644798278809,0.6269983053207397,0.03606617450714111,0.983904242515564,0.5384952356064083,264.99993896484375,2,0.2,0.5298277468875633
89,Sanders ramps up spending to catch Hillary – proving that campaign finance reform is just a suggestion.,Sanders Addresses Concerns Over Federal Campaign Finance Reform Following Hillary Clinton's Nomination,sarcasm,0,0.9638810753822327,0.8440946340560913,0.11978644132614136,0.7201182842254639,0.01335356899385369,63.64260482788086,16,0.9411764705882353,0.009616149192140273
90,Don't forget this when overwhelmed—like you have time to remember anything.,People Often Recall Emotions Before Acting,rhetorical_question,0,0.9119691848754883,0.619442880153656,0.2925263047218323,0.2495080530643463,0.0,1241.78271484375,11,1.0,0.0
91,Sixteen states unite to protect women's health by suing over... something about Planned Parenthood.,Nine States Support Planned Parenthood Amid Federal Lawsuits Over Reproductive Rights Concerns,satire,0,0.9667981863021851,0.8881034851074219,0.07869470119476318,0.7692666053771973,0.014418280697523623,63.930030822753906,14,1.0,0.011091501847559564
92,report: shopoholism may have killed the shoposauruses,Report Suggests Dinosaur Extinction Linked to Shopping Addiction in the US,satire,0,0.826125979423523,0.7251045107841492,0.10102146863937378,0.5853902101516724,0.018850319022747353,198.50303649902344,10,0.9090909090909091,0.01103479221415214
93,Trump's Twitter feed: How anti-Muslim videos find a cozy home.,Trump Tweets Criticism of Anti-Muslim Videos in His Twitter Feed,sarcasm,0,0.9484283924102783,0.8818778395652771,0.06655055284500122,0.7849113941192627,0.021105340631872645,50.1760139465332,10,1.0,0.016565822338725077
94,forensic evidence shows signs of feeble struggle,FBI Forensic Evidence at Huntsville Trial,understatement,0,0.6244583129882812,0.644110381603241,-0.019652068614959717,0.5723952054977417,0.0,505.5348205566406,7,1.0,0.0
95,shitty human being blames decreased daylight this time,Man Blames Reduced Evening Daylight in New York,sarcasm,0,0.7987675666809082,0.6939938068389893,0.10477375984191895,0.7504158020019531,0.0,1607.0162353515625,8,1.0,0.0
96,"stock analysts confused, frightened by boar market",Stock market downturn leaves Wall Street analysts uncertain,satire,0,0.6966268420219421,0.5295971632003784,0.16702967882156372,0.47538983821868896,0.03303164318013808,593.958984375,8,1.0,0.015702907507503302
97,you the newest subsidiary of kraft foods,Kraft Foods Files for Chapter 11 Acquisition,sarcasm,0,0.9559266567230225,0.5347726345062256,0.4211540222167969,0.564120888710022,0.0,1429.574951171875,7,1.0,0.0
98,nancy pelosi planning to reenergize house by injecting self with blood of young representatives,Nancy Pelosi Plans to Reenergize the House by injecting a Blood,sarcasm,0,0.8464553952217102,0.8137683868408203,0.03268700838088989,0.920934796333313,0.03358575137215658,208.1710968017578,12,0.8571428571428571,0.030930287099618307
99,"guests' chairs tilt, spray water at them during first-ever 4d state of the union address",4D State of the Union Address in New York,overstatement,0,0.8772854804992676,0.8118807673454285,0.06540471315383911,0.46183788776397705,0.026036487682889974,25.32131576538086,15,1.0,0.012024636476258711
100,"Revolutionary coffee pods: packed with protein, because who needs actual food?",Researchers Propose a Recruitment Process for Plant-Based Coffee Pations,overstatement,0,0.7778991460800171,0.8526318073272705,-0.07473266124725342,0.4984669089317322,0.0,147.48777770996094,11,1.0,0.0
101,Approved catcalls—because nothing says equality like sanctioned harassment.,Supreme Court Legalizes Same-Sex Marriage Nationwide,sarcasm,0,0.9016767144203186,0.8991747498512268,0.002501964569091797,0.2623855173587799,0.0,52.80345153808594,8,1.0,0.0
102,mom in nightgown mode,Denver Mother Completes a Nightgown,understatement,0,0.5509873032569885,0.5468443036079407,0.0041429996490478516,0.6666849851608276,0.0,257.9305725097656,5,1.0,0.0
103,area woman quietly satisfied to have concrete evidence backing up years-long hatred of matt lauer,Some women claim Matt Lauer's hatred remains a defense mechanism,satire,0,0.9461104869842529,0.9228374361991882,0.023273050785064697,0.7655081152915955,0.012801036176909563,298.4042663574219,15,1.0,0.00979929707756557
104,"man captures ross perot, is granted three wishes",Ross Perot Campaigns in Arkansas,satire,0,0.6345614790916443,0.8437103033065796,-0.2091488242149353,0.5630260705947876,0.0,472.8529052734375,8,1.0,0.0
105,Charlize Theron meets the kill club: she's clearly a natural-born killer.,Charlize Theron Meets With the Kill Club,overstatement,1,0.7692555785179138,0.7732512950897217,-0.003995716571807861,0.7767269611358643,0.04365582670262632,268.0846862792969,9,0.8181818181818182,0.03390865761060486
106,out-of-control conversation safely turned back onto self,People Often Reaches Out When Resuming Group Conversations,irony,0,0.8401597738265991,0.779656708240509,0.06050306558609009,0.5123892426490784,0.0,305.2241516113281,8,1.0,0.0
107,"Lakers fan puts on Warriors jersey mid-game: loyalty so strong, it lasts one quarter.",A Lakers Fans Wear a Warriors jersey at Game,sarcasm,0,0.7138015031814575,0.7443333268165588,-0.03053182363510132,0.7876176238059998,0.03220031756509398,752.5421142578125,12,0.8571428571428571,0.025361537606417916
108,"The Olsen twins look better in rags than you ever will, no big deal.",The Olsen Twins Swim in a Super Bowl,sarcasm,0,0.6539262533187866,0.7169814109802246,-0.06305515766143799,0.5563204288482666,0.03070662829160023,602.1149291992188,11,0.7857142857142857,0.017082724619667356
109,new liver complains of difficulty working with lou reed,A newly Transplanted liver,satire,0,0.6897189021110535,0.5129975080490112,0.17672139406204224,0.5450561046600342,0.023018609596144116,4852.185546875,9,1.0,0.012546433681164395
110,Healthcare confusion part III: the uninsured and illness; just a tiny bit complicated.,Healthcare Conflicts Between the Uninsured and Ill Sections,understatement,1,0.6305702924728394,0.6254376769065857,0.005132615566253662,0.7764023542404175,0.019566761078768414,312.97918701171875,10,0.7692307692307693,0.015191679366415568
111,"ex-boyfriend hopes to still be terrible, incompatible friends",Man Plans To Maintain Friendship with an Incompatibility,sarcasm,0,0.8663487434387207,0.620132565498352,0.24621617794036865,0.49469080567359924,0.0,414.5667724609375,8,1.0,0.0
112,"These posts highlight the terrible double standard in handling black death, as if we needed more proof of inequality.",Researchers Propose a Double Standard in Handling Black Deaths,irony,0,0.7695467472076416,0.8286100625991821,-0.05906331539154053,0.7134450674057007,0.007894145539546107,380.88055419921875,18,0.9473684210526315,0.005632039196571884
113,"Miley and Liam kiss on New Year's, and the world is utterly shocked and amazed.",Miley and Liam Share a Kiss on New Year's Eve,understatement,1,0.8366180062294006,0.661540150642395,0.17507785558700562,0.8111560344696045,0.07966506956353646,146.1842803955078,12,0.8,0.06462080191290343
114,entirety of man's personal data protected by reference to third season of 'the west wing',Man Uses Obscure TV Trivia as Shield for Personal Accounts,satire,0,0.5037450194358826,0.8512046337127686,-0.347459614276886,0.45227301120758057,0.0,431.09747314453125,15,1.0,0.0
115,world doesn't even know who to admire anymore after tom hanks murders 5,Satirical Article Critiques Celebrity Worship Culture in the World,overstatement,0,0.5350092649459839,0.8366912603378296,-0.3016819953918457,0.3178776800632477,0.0,314.3117370605469,13,1.0,0.0
116,"obama delivers whispered, untelevised speech on gun control",President Obama Delivers Speech on Gun Control at Republican National Convention in Cleveland,irony,0,0.8995845317840576,0.9009351134300232,-0.0013505816459655762,0.7746567130088806,0.01553712569276035,25.72201156616211,13,1.0,0.01203593871875956
117,Rover encounters minor issue and wisely returns.,An airplane flying near a telephone,irony,0,0.8580102920532227,0.7456949949264526,0.11231529712677002,-0.010092444717884064,0.0,450.49749755859375,7,1.0,0.0
118,"Addressing sexual assault in college sports is totally a distraction – from what, winning games, obviously.",College Football Programs Face Criticism Over Handling Sexual Assault Crisis,irony,0,0.9508114457130432,0.8879578709602356,0.06285357475280762,0.7479174137115479,0.0,665.532470703125,16,1.0,0.0
119,The Double meets Christmas: a festive tale of identity and mirrors,The Double meets Christmas,overstatement,0,0.5733184218406677,0.5282318592071533,0.045086562633514404,0.7740453481674194,0.06909866532427987,22714.6328125,8,0.7272727272727273,0.0534855004588362
120,candidate to accuse opponent of racism just to see what happens,Virginia Senate Race Candidate Plans to Test Racism Against an Opponent,sarcasm,0,0.8185518980026245,0.6380113959312439,0.18054050207138062,0.6439260840415955,0.018850319022747353,241.17752075195312,11,1.0,0.012138212111252497
121,"Progressive prosecutors win primaries in North Carolina, proving the system is totally open to change and not rigged at all.",Progressive Prosecutors Win Primary in North Carolina,satire,0,0.9569275975227356,0.8705328106880188,0.0863947868347168,0.7952654361724854,0.012068786295073334,1329.001220703125,17,0.85,0.009597888597024009
122,"surgeon pretty bummed about losing patient, but it not like they were good friends or anything",Cardiac Surgeon Discusses Emotional Impact Of Losing a Patient,understatement,1,0.760994553565979,0.6778770089149475,0.0831175446510315,0.5403879284858704,0.0,75.4623031616211,16,1.0,0.0
123,"Capitalism is so great, it turns inequality into a fireworks show for society!",Capitalism Remains a Major Crisis in American Society,overstatement,0,0.9810030460357666,0.7473844289779663,0.2336186170578003,0.5977829694747925,0.01768056451493027,93.10511016845703,12,0.9230769230769231,0.010569140357725661
124,Want to make a difference? Simple: avoid becoming a hedge fund manager—because exploiting markets is so last century.,A hedge fund investments have no Historical Impact on the Global Market,satire,0,0.5540696978569031,0.5582946538925171,-0.004224956035614014,0.5028079748153687,0.02184772133544285,380.5240173339844,18,1.0,0.010985208519004542
125,"'the case, mr. kerry, give me the case,' demands malaysian ambassador holding dangling john kerry from petronas towers skybridge",Satirical Image Depicts John Kerry Holding a U.S. Ambassador,satire,0,0.6673527956008911,0.8471459150314331,-0.179793119430542,0.5677918195724487,0.0,127.7515869140625,19,1.0,0.0
126,editors of 'good car' magazine: 'the 2013 hyundai sonata is a good car',The 2013 Hyundai Sonata is a Good Car,satire,0,0.9209281206130981,0.8216384649276733,0.0992896556854248,0.7874910235404968,0.03479516834752485,112.5093994140625,10,0.7692307692307693,0.02740088273625624
127,Man shows up with gun at Alton Sterling memorial – a peaceful and thoughtful tribute.,Mourners Pay a Gun at the Alton Sterling Memorial in Denver,understatement,0,0.7715578079223633,0.6159451007843018,0.15561270713806152,0.6954628825187683,0.03295402268196149,282.1104736328125,13,0.8666666666666667,0.022918299604985808
128,"In a stunning display of strategic brilliance, the team's secret code was... song lyrics.",The Team Uses a Hidden Secret Code To Distract Admiration,irony,0,0.945155143737793,0.7794299125671387,0.1657252311706543,0.6649754643440247,0.01414733290395472,569.0853271484375,14,1.0,0.00940762926703679
129,college freshman has friend from home visiting way too soon,College Freshman Welcomes an End to Academic Year,overstatement,1,0.5355004668235779,0.5931528806686401,-0.057652413845062256,0.4958760142326355,0.0,146.2904815673828,10,1.0,0.0
130,decision to circle parking lot produces carbon emission that finally does it,Large Oil Spill Spill at a Convenience Store,irony,0,0.9689890742301941,0.8282510638237,0.14073801040649414,0.1819290667772293,0.0,57.773902893066406,12,1.0,0.0
131,full-time mom drunk on the job,A Full-Time Mothers Face Work Stress and Parenting Challenges,sarcasm,0,0.8884691596031189,0.7458063960075378,0.14266276359558105,0.6144453883171082,0.0,250.71917724609375,9,1.0,0.0
132,unlikely team of allies unite to take on airport gate agent,A Team of Allies Omits a Field at Denver International Airport,satire,0,0.7805959582328796,0.7786725163459778,0.0019234418869018555,0.5107441544532776,0.018850319022747353,962.52197265625,10,0.9090909090909091,0.009627690250447631
133,How to tell if Hillary keeps trade promises: read her tea leaves or poll results.,Hillary Clinton Addresses Trade Threats and Poll Results at Democratic Debate in Iowa,satire,0,0.7738664150238037,0.8066474795341492,-0.03278106451034546,0.5505200624465942,0.01332159246146111,328.37933349609375,15,1.0,0.007333803913771649
134,obama to take break from stumping to preside over united states,President Obama Arrives in New Hampshire to preside over the United States,sarcasm,0,0.9138588309288025,0.9019097685813904,0.01194906234741211,0.5615615248680115,0.08430118946484098,33.86380386352539,9,0.75,0.04734030450406325
135,freedom-wielding high schooler freedoms down 16 classmates in latest mass freedoming,High School Sophomore Kills 16 Classmates in a Riot,satire,1,0.8472145795822144,0.5068460702896118,0.34036850929260254,0.48761701583862305,0.022835060540062107,307.65838623046875,9,0.8181818181818182,0.01113476407703938
136,"Dog dreams of something tasty – probably the meaning of life, or just bacon.",An Illinois Dog dreams of a fresh breakfast,overstatement,0,0.752023458480835,0.841917872428894,-0.08989441394805908,0.596916913986206,0.06493661270537822,2092.6845703125,13,0.9285714285714286,0.038761762460811824
137,Nationals win over Braves fan—their primary mission.,Nationals Win Over Atlanta,irony,1,0.9299669861793518,0.7120245099067688,0.217942476272583,0.7136436700820923,0.037951271263104894,740.929443359375,6,0.8571428571428571,0.027083684508483218
138,Trans in Trumpland: Election Wins = Hope? Let's Not Get Carried Away,Transpland Wins the 2016 Presidential Election in Trumpland,sarcasm,0,0.508385181427002,0.7169495224952698,-0.20856434106826782,0.6386151313781738,0.022172045047934612,81.61984252929688,11,0.9166666666666666,0.01415940346120955
139,tesla debuts carless driver,Satirical Image Shows a Man Pretending to Drive a Smart Car,irony,0,0.8157023787498474,0.9298929572105408,-0.11419057846069336,0.2648111581802368,0.0,98.54790496826172,11,1.0,0.0
140,"We're perfectly safe, no improvements needed.",Houston Firefighters Comply with Standard Emergency Maintenance Procedures,understatement,0,0.6145097017288208,0.962971568107605,-0.3484618663787842,0.1990499049425125,0.0,169.0778350830078,8,1.0,0.0
141,Interfaith efforts in the Central African Republic: because who needs practical solutions when you have prayers?,Interfaith Efforts in the Central African Republic Seek concrete Solutions Amid Crisis,rhetorical_question,1,0.8541427850723267,0.5407342314720154,0.3134085536003113,0.7830154299736023,0.16062434741177864,522.2509155273438,11,0.6875,0.12577134245286312
142,"Pope Francis weeps for Rohingya refugees, showing that tears are the new policy.",Pope Francis Weeps for Refugees in Gaza Amid Khashoggi Conflict,irony,0,0.9625459313392639,0.5115260481834412,0.45101988315582275,0.6910732984542847,0.03659184730575803,354.17901611328125,10,0.7692307692307693,0.02528764861412573
143,"area man could have sworn randy newman sang welcome back, kotter theme",andy Newman Performs a Kotter Theme at the Georgia Courthouse,irony,0,0.8072183132171631,0.7952602505683899,0.011958062648773193,0.5989338755607605,0.0,516.65234375,12,1.0,0.0
144,area woman didn't say that; you said that,Women Often Clarify Misunderstood Remarks,sarcasm,0,0.703622043132782,0.809324324131012,-0.10570228099822998,0.3561498522758484,0.0,165.15020751953125,8,1.0,0.0
145,Bill Maher: pet causes are the virus infecting Democrats with Trump.,Bill Maher Addresses Concerns Over Potential Ebola Infections in Democratic Party,overstatement,0,0.7290823459625244,0.7621598243713379,-0.03307747840881348,0.6340473294258118,0.018850319022747353,124.14618682861328,10,0.9090909090909091,0.011951994435197537
146,"Immigrant youth bestow the Donald Trump Award on Dianne Feinstein for her... let's say, 'unique' policies.",Sen. Dianne Feinstein Awards the Donald Trump Award for Immigrant Youth in New York,sarcasm,0,0.758493185043335,0.7617413401603699,-0.003248155117034912,0.8074139356613159,0.19694347419590436,65.81468200683594,12,0.75,0.15901490560332796
147,weird birthday boy blowing out candles wishes for john hickenlooper to win democratic primary,Senator John Hickenlooper Wins a Democratic Primary in New York,sarcasm,0,0.9338834285736084,0.5093385577201843,0.4245448708534241,0.5684090852737427,0.0,41.81721496582031,14,1.0,0.0
148,14 reasons Pharrell is a fashion icon? Can we have 14 reasons why not?,Pharrell is a Fashion Icon,rhetorical_question,0,0.9323318004608154,0.9104781150817871,0.02185368537902832,0.8086144924163818,0.04395541994992161,473.5388488769531,11,0.7857142857142857,0.03554298959175477
149,"Surging battery demand drives business to South America—yay, new colonies for the green revolution!", Battery Demand Drives Immediate Consumer Interest in South America,sarcasm,0,0.9722475409507751,0.9049623012542725,0.06728523969650269,0.7476383447647095,0.013758777297397084,506.2966613769531,14,1.0,0.010286589484612219
150,Spring skiing in Vermont: just a little mud.,Spring skiing in Vermont Draws Crowds,understatement,0,0.6048215627670288,0.7918872237205505,-0.18706566095352173,0.7468636631965637,0.14477626226006024,642.6985473632812,5,0.625,0.108128129575455
151,breaking: friend who just got motorcycle already dead,Motorcycle Safety Concerns Among New Riders,overstatement,0,0.6518815755844116,0.7065349817276001,-0.05465340614318848,0.4875500202178955,0.0,145.94573974609375,8,1.0,0.0
152,nasa administrator announces he will open his body up to sexual tourism,NASA Administrator Scott Pruitt Plans to Open His Body to Sexual Harassment Investigation in the Bahamas,satire,0,0.883902907371521,0.6595619320869446,0.22434097528457642,0.5943592190742493,0.012300686288463768,148.570068359375,15,0.9375,0.007311026296488651
153,stolen tour bus leads police on chase of historic downtown philadelphia,Police Arrest a stolen Tour Bus in Philadelphia,satire,0,0.5236425995826721,0.5663147568702698,-0.042672157287597656,0.8670331239700317,0.019090277826420414,1659.1220703125,11,1.0,0.01655190322129712
154,Preventing madmen from nukes: an innovative idea that's never been considered.,Scientists Propose a Nuclear Weapons Program,sarcasm,0,0.9057600498199463,0.9292826056480408,-0.023522555828094482,0.5638440847396851,0.0,197.85816955566406,11,1.0,0.0
155,"Jack Lew's imminent decision to honor Hamilton and a woman on bills shows how progressive America is, ignoring all other issues.",Jack Lew Makes an Inappropriate Decision to Honor a Woman on Legislation,satire,0,0.9599570631980896,0.7681897878646851,0.19176727533340454,0.5908833742141724,0.011378631325377427,425.1858825683594,18,0.8571428571428571,0.006723444071478094
156,temp replaced with cheaper temp,Company Replaces a Temporary Worker With a Long-Term Fast Forward,irony,0,0.6716068387031555,0.8294585347175598,-0.1578516960144043,0.35528725385665894,0.0,106.14832305908203,10,1.0,0.0
157,Trump fires campaign manager; shocker that it didn't happen sooner.,Trump Dismisses a Campaign Manager,sarcasm,0,0.8180193305015564,0.874776303768158,-0.05675697326660156,0.6349721550941467,0.01976560930094397,246.9659881591797,9,0.9,0.012550611534569303
158,vacationing bush accepts republican nomination via live satellite feed,George W. Bush Accepts Republican Nomination via Satellite from a Florida Ranch,sarcasm,0,0.9113295674324036,0.8588979244232178,0.05243164300918579,0.7341987490653992,0.017033186037639283,108.80264282226562,11,0.9166666666666666,0.012505743881432985
159,"The iPhone Graveyard: where old phones go to die, and Apple introduces a new one.",Apple Releases a New Line of iPhones,satire,0,0.9289078116416931,0.756928026676178,0.17197978496551514,0.5737541317939758,0.012527116798509994,272.5397033691406,15,1.0,0.007187485022610831
160,study finds having it all leading indicator that everything will come crashing down,Researchers Propose Constant Psychological Flaws in Major Systems,irony,0,0.6257810592651367,0.8912034034729004,-0.26542234420776367,0.39837825298309326,0.0,1028.859619140625,13,1.0,0.0
161,"Ted Cruz champions states' rights on marijuana, proving once again that principles are flexible.",Ted Cruz Defends the Principles on Marijuana Legalization in Texas,sarcasm,0,0.9525688290596008,0.8517856001853943,0.10078322887420654,0.8187403678894043,0.03310967263730818,95.22763061523438,11,0.7857142857142857,0.027108225555767442
162,horatio sanz sweeps latin emmys,Horatio Sanz Wins the Academy Award for Best Rap Album,sarcasm,0,0.8505347371101379,0.6216822862625122,0.22885245084762573,0.6368721723556519,0.0,90.78598022460938,10,1.0,0.0
163,"Iranian jail so welcoming, professor ends up hospitalized after months.",Iranian Detention Facility Faces Criticism Over Detention and Harsh Conditions,sarcasm,0,0.9648805856704712,0.7094245553016663,0.25545603036880493,0.5190624594688416,0.021105340631872645,262.7098388671875,9,0.9,0.01095499001630749
164,acid trip better planned than vacation,Man's Psychedelic Weekend More Meticulously Planned,overstatement,0,0.6705572605133057,0.884799599647522,-0.2142423391342163,0.4503673315048218,0.0,371.0465393066406,6,1.0,0.0
165,Trump sends fundraising email? The billionaire needs your spare change.,Trump Releases a Pro-Palraising Email,sarcasm,0,0.8270114064216614,0.9426558017730713,-0.11564439535140991,0.6468311548233032,0.01976560930094397,2964.6845703125,9,0.9,0.012785011889915812
166,Siri's new thing: because privacy is overrated.,Saudi Arabia Faces Continued Privacy Scrutiny Amid Privacy Concerns,irony,0,0.9113420248031616,0.6887734532356262,0.2225685715675354,0.33300578594207764,0.0,141.29953002929688,9,1.0,0.0
167,dog meets owner at door in desperate attempt to get ahead of diarrhea-rug scandal,A dog looks over a shoulder,satire,1,0.8147453665733337,0.5327373743057251,0.28200799226760864,0.287030428647995,0.010761308100691222,359.18914794921875,14,1.0,0.003088822876954542
168,u.s. improves infrastructure with transnational power strip,U.S. Government Proposes a Major Investment in National Electrical Infrastructure,irony,0,0.9511323571205139,0.8827378153800964,0.06839454174041748,0.6354955434799194,0.0,42.09298324584961,10,1.0,0.0
169,"Five reasons to love Bibhu Mohapatra: 1. He's a designer. 2. ... that's all, folks.",Five Reasons to Support Bibhu Mohapatra,sarcasm,1,0.5734926462173462,0.5676792860031128,0.0058133602142333984,0.7800542116165161,0.01198844804892371,948.632080078125,12,0.8,0.009351639391308744
170,"Beyoncé, me, and that HBCU I didn't attend. What a dream team.",Beyoncé and Meghan Markle Attend the HBCU in London,sarcasm,0,0.5048244595527649,0.7936868667602539,-0.288862407207489,0.5939904451370239,0.02043370997308395,69.11453247070312,11,0.9166666666666666,0.012137428482712981
171,How a Broken Taillight Leads to Death: America's Justice System in Action,Broken Taillight remains active in the US Justice System,irony,0,0.6984197497367859,0.7004698514938354,-0.0020501017570495605,0.893934428691864,0.05433625795460813,366.3268127441406,9,0.75,0.048573051711906366
172,"Legionnaires' disease kills seven and sickens 86 in NYC. But hey, at least it's not *everyone*.",Six Lives Die of Leukemia in NYC,understatement,1,0.5558069944381714,0.5703402161598206,-0.01453322172164917,0.3956662118434906,0.009131698392329843,319.86346435546875,15,0.9375,0.003613104510590442
173,mom reports that hometown actually has a lot going on now,Lynchburg Residents Report Growth in Downtown Businesses,irony,0,0.886894941329956,0.8691325783729553,0.017762362957000732,0.2861303985118866,0.0,474.3558349609375,11,1.0,0.0
174,The Weather Channel offers an escape from election drama. Because nothing says 'escape' like a hurricane warning.,The Weather Channel Suspends Election Drama Amid Hurricane Warning,irony,0,0.9518454074859619,0.8036621809005737,0.14818322658538818,0.6550546884536743,0.04879247254464727,908.4006958007812,14,0.8235294117647058,0.031961737901618374
175,giant bass hates having picture taken,A blue bass swimming in a water,irony,1,0.6039188504219055,0.7011300921440125,-0.09721124172210693,0.3592985272407532,0.033031643180138064,536.9645385742188,6,0.8571428571428571,0.011868220746965676
176,One student transforms black identity for all high schoolers.,One High School Student Opens a Black Identity,overstatement,0,0.8841116428375244,0.7145963907241821,0.16951525211334229,0.8326439261436462,0.024512401940754224,161.72933959960938,8,0.8888888888888888,0.02041010259116073
177,These Sikh bhangra dancers will cure your winter blues. Nothing like energetic dancing to forget about snow., Sikh Gurmers Perform in a Winter Dance,irony,0,0.7427338361740112,0.8673741817474365,-0.12464034557342529,0.6623985171318054,0.007916067523495003,4158.5390625,16,0.9411764705882353,0.0052435913890783335
178,Theory versus truth: the eternal battle where theory always wins in academia.,Theory vs. Factuality Continues in the Philosophy,irony,1,0.9402658343315125,0.6731294393539429,0.2671363949775696,0.5976310968399048,0.021281397709599685,128.57208251953125,11,0.9166666666666666,0.012718425055474297
179,"Guardian cuts costs, because journalism is swimming in cash.",Guardian Media Faces Severe Budget Cuts Amid Record Print Shortages,sarcasm,0,0.9688337445259094,0.8111173510551453,0.15771639347076416,0.7181767225265503,0.021105340631872645,283.1329040527344,9,0.9,0.015157364362804729
180,37-year-old makes absolutely heartbreaking last-ditch effort to get really into new band,Aging women often feel forced and distracted from new bands,overstatement,0,0.831623375415802,0.8198022246360779,0.011821150779724121,0.48776963353157043,0.01727959142950042,798.812255859375,11,0.9166666666666666,0.008428459979142686
181,"Fyre Festival co-founder has a history of failing his customers, which is barely worth mentioning.",Fyre Festival Co-FOO Alex Saunders Discusses His Recent Financial Struggles at the Festival,understatement,1,0.5645669102668762,0.5552700757980347,0.009296834468841553,0.5360305905342102,0.02817173810403087,341.7082214355469,13,0.8666666666666667,0.015100913412278778
182,man's heart stops as speaker asks audience to turn to person next to them,Speaker Pressures the audience by directing remarks at the audience,overstatement,0,0.6822103261947632,0.9016624093055725,-0.21945208311080933,0.5678940415382385,0.01414733290395472,229.22549438476562,13,0.9285714285714286,0.00803418605981375
183,flock of suicidal geese drinking up the courage to down jetliner,A Flock of Geese Spotted Flying in a Jetliner,satire,0,0.9177761673927307,0.5238407254219055,0.3939354419708252,0.6823773384094238,0.019201920550239778,186.26759338378906,11,1.0,0.01310295543742184
184,Still just a promise? Historic indeed.,Museum displays a historic display,sarcasm,0,0.793151319026947,0.8127283453941345,-0.0195770263671875,0.2315979301929474,0.0439891724758422,1344.5087890625,5,0.8333333333333334,0.010187801296305624
185,housing crisis vindicates guy who still lives with parents,Housing Market downturn Highlights Financial Benefits of Adults Living with Parents,irony,0,0.9496471285820007,0.8799583911895752,0.06968873739242554,0.6425632238388062,0.018850319022747353,1107.0301513671875,10,0.9090909090909091,0.012112521761646513
186,CNN cuts ties with Kathy Griffin; because controversy is bad for ratings.,CNN Cuts ties with Kathy Griffin Amid Ongoing Media Scroversy,irony,0,0.8871446251869202,0.6803090572357178,0.2068355679512024,0.8132194876670837,0.09189798020039786,328.6192932128906,8,0.6666666666666666,0.07473322837620736
187,"An argument between grandmas ends in a shootout at Walmart. Just your average Tuesday in Texas, promoting family values.",Family Feuds at a Walmart in Texas,satire,1,0.9731689095497131,0.5791521668434143,0.39401674270629883,0.6930791735649109,0.007828988696754743,284.94183349609375,17,0.8947368421052632,0.005426109015795806
188,kinko's patron pulls the old copy-key switcheroo,Customer Swaps a Copy-key at a Kinko's,satire,1,0.536006510257721,0.6963222026824951,-0.16031569242477417,0.7515326142311096,0.0,237.2857208251953,7,1.0,0.0
189,Let's talk about solar power and equity? Because nothing says equal access like high-cost renewable energy.,Debate Continues Over Renewable Energy Access in the US,sarcasm,0,0.689110279083252,0.7547450661659241,-0.06563478708267212,0.6446946859359741,0.0,67.16058349609375,16,1.0,0.0
190,"Jeff Sessions mocks Pacific islands while a poet schools him on resistance – poetry vs. politics, who wins?",Jeff Sessions Hosts a Poetry Session in Pacific Island,irony,0,0.520226240158081,0.8111894130706787,-0.29096317291259766,0.725278377532959,0.022185798754452552,444.12689208984375,15,0.8333333333333334,0.01609088012490209
191,historic senator robert byrd imploded in controlled demolition,Former U.S. Senator Robert C. Byrd Dies at 91,overstatement,1,0.8384920954704285,0.7844555377960205,0.05403655767440796,0.6412785053253174,0.0,23.954713821411133,9,1.0,0.0
192,tinder announces app will no longer match users solely with distant relatives,Tinder Announces a New Dating App That Lets Users Share Personal And Financial Information,satire,1,0.5894149541854858,0.5101853609085083,0.07922959327697754,0.5676779747009277,0.0,110.7234878540039,14,1.0,0.0
193,How to become a person of influence: 1. Be born influential. 2. Done.,How to Influence a Leadership,understatement,1,0.8823680877685547,0.5267830491065979,0.3555850386619568,0.6521991491317749,0.0253871431063062,447.7598876953125,10,0.7692307692307693,0.01655747313281951
194,local child amuses cafébut for how long?,Children play in a café,understatement,0,0.8789495825767517,0.8947323560714722,-0.01578277349472046,0.5708419680595398,0.0,173.57785034179688,7,1.0,0.0
195,"Man claiming to be Boko Haram leader appears. A shocking development, truly unexpected and unprecedented.",Suspect Arrested in Hiding in a Compound in Nigeria,sarcasm,1,0.7912352681159973,0.5437968969345093,0.24743837118148804,0.21986544132232666,0.0,69.56446075439453,15,1.0,0.0
196,drunk guy knows all the lyrics to this song,Drunk man knows the lyrics to a song,understatement,1,0.5512444972991943,0.5703653693199158,-0.019120872020721436,0.8648877143859863,0.13784336590962212,113.88959503173828,4,0.4444444444444444,0.11921903368484427
197,auto industry agrees to install brakes in suvs,Auto Industry Agrees to Install Automatic Emergency Braking in SUVs,sarcasm,0,0.9626680016517639,0.9460941553115845,0.016573846340179443,0.8238950371742249,0.025098621243978974,287.6600341796875,8,0.8,0.020678629482829846
198,A 17-year-old wins the first U.S. gold—because nothing beats youthful exuberance in a sport nobody watches.,A 17-Year-Old Wins the U.S. Olympic Medal,irony,0,0.9393777847290039,0.901197612285614,0.03818017244338989,0.7103365659713745,0.012017990948265363,17.54890251159668,13,0.8125,0.008536818420065881
199,dean mentions he'd make a great secretary of health and human services,Former Secretary of Health and Human Services Dean Sean Spicer Discusses His Potential as a Fictional Cabinet Secretary,irony,0,0.9168856739997864,0.6452186703681946,0.2716670036315918,0.6623702049255371,0.014216645907653848,95.08969116210938,18,1.0,0.009416682663206478
200,islamic fundamentalists condemn casual day,Militants Protest in a March in Denver,satire,0,0.9440575838088989,0.8700107336044312,0.07404685020446777,0.2797775864601135,0.0,393.2840576171875,7,1.0,0.0
201,pediatricians announce 2011 newborns are ugliest babies in 30 years,Perceptions of Newborn Appearance in the US,overstatement,0,0.9641368985176086,0.7553130984306335,0.2088238000869751,0.5979082584381104,0.02151810250197126,365.0397644042969,9,0.9,0.012865851191846382
202,Trevor Noah skillfully highlights the profound wisdom in Republican conspiracy theories.,Revor Noah Criticizes Republican Conspiracy Theories Following InfoWars Fallout,sarcasm,0,0.9427712559700012,0.8476501107215881,0.09512114524841309,0.7042808532714844,0.022835060540062107,485.3837585449219,10,0.9090909090909091,0.016082295921660942
203,The Norwegian curling team should win gold for their pants: fashion is more important than curling.,The Norwegian Curling Team Should Win a Grand Prize in the 2018 Winter Games,overstatement,1,0.9473337531089783,0.5117524862289429,0.4355812668800354,0.6851018667221069,0.026185091768654235,159.29356384277344,14,0.875,0.017939455250994694
204,"Invite customers to the boardroom, they'll love discussing quarterly reports.",Inexplained Quarterly Financial Updates Signal Shift in the Conference Room,irony,0,0.9570327401161194,0.5118409991264343,0.44519174098968506,0.374836266040802,0.021105340631872645,559.9764404296875,10,1.0,0.007911047075970363
205,Rolling Stone reporter nostalgically recalls when her UVA rape story came crashing down— such a memorable moment.,Rolling Stone Reporter Recounts the Virginia Rape Allegations Amid Media Backlash,sarcasm,0,0.8955707550048828,0.8253775835037231,0.07019317150115967,0.5699930191040039,0.023104060030231324,205.7884063720703,15,0.8823529411764706,0.013169152930191696
206,taylor swift inspires 200 million fans to register to vote in tennessee,Satirical Article Claims Taylor Swift Inspired a Surge in Voter Suppression inTennessee,overstatement,0,0.877531111240387,0.8668172955513,0.010713815689086914,0.5846767425537109,0.017033186037639283,485.3546142578125,12,1.0,0.009958907727798286
207,report: middle class running dangerously low on things to be squeezed out of,Report Highlights Economic Pressures in the American Middle Classes,sarcasm,0,0.8351300954818726,0.8980816602706909,-0.06295156478881836,0.6562799215316772,0.0,739.1925048828125,13,1.0,0.0
208,"World to brace for endless Chinese market drama, yay.",World braces for a Chinese Stock Market Drama,sarcasm,0,0.9892362952232361,0.9063131809234619,0.08292311429977417,0.8266310691833496,0.03226013518927287,1372.7545166015625,6,0.6666666666666666,0.026667230043508034
209,nation admits it probably going to come out of this having learned completely wrong lessons,Americans Resort to Political Polarization Following Recent Election Loss,satire,0,0.5883761644363403,0.8573828339576721,-0.2690066695213318,0.21114403009414673,0.01231189487700387,423.0492858886719,14,0.9333333333333333,0.002599583102426076
210,shark attack claims life of some guy on tv,Man Killed in Shark Attack on a Television Broadcast,understatement,0,0.6758068203926086,0.5224780440330505,0.1533287763595581,0.7650832533836365,0.023980296761827107,317.26275634765625,9,1.0,0.018346923463643767
211,"'star wars' gopro video 'shows' what it's like to be a jedi, if you think waving a stick around equals mastering the Force",The Force Releases a New Video Referencing Its Legacy,sarcasm,0,0.8954681754112244,0.780758261680603,0.11470991373062134,0.46608155965805054,0.006019256607059735,277.9709777832031,22,0.9565217391304348,0.0028054645074004265
212,"woman longs for caress of boyfriend's dry, cracked, bleeding hands",Woman holds a hand,irony,1,0.5585372447967529,0.6978272795677185,-0.13929003477096558,0.3989301323890686,0.0,197.24078369140625,10,1.0,0.0
213,"Abused dog sees rescuer for first time. Cute, I suppose.",An injured dog stands in a rescuer,understatement,1,0.742672860622406,0.5818042755126953,0.1608685851097107,0.674370527267456,0.02558948059670209,121.34709930419922,10,1.0,0.017256791522498323
214,"Exclusive: Former Congressman fired for misconduct—because politicians never do anything wrong, right?",Former Congressman Fired for Misconduct,sarcasm,0,0.8324083089828491,0.680186927318573,0.15222138166427612,0.8440172672271729,0.03100792661184934,875.0208129882812,9,0.75,0.026171225481313808
215,Obamacare enrollees eagerly await the Supreme Court's life-or-death decision on their coverage.,Affordable Care Act Remains a Key Providing Option for Millions of Previously Uninsured Americans,overstatement,0,0.9313507080078125,0.5743198990821838,0.35703080892562866,0.43302440643310547,0.0,36.41411209106445,14,1.0,0.0
216,Brave adventurer embarks on a perilous journey to... cross a designated geopolitical boundary. The world holds its breath.,ABrave Ranger embarks on a Mission Across a Major geopolitical Boundary,overstatement,0,0.625032901763916,0.5291572213172913,0.09587568044662476,0.512939989566803,0.0560982726451955,738.4879150390625,13,0.7222222222222222,0.02877504738534225
217,13 t-shirt slogans that might just mildly encourage a few passersby.,13 T-Shirts Campaigns Are Being Incorrect,understatement,0,0.7632067203521729,0.6108773350715637,0.15232938528060913,0.5298681855201721,0.01774239756616722,304.5619201660156,10,0.9090909090909091,0.009401132005162544
218,missing park ranger found in better-paying job,"Natalee Holloway, a Missing Forest Ranger, Returns to a Job",irony,1,0.912451446056366,0.658366858959198,0.25408458709716797,0.5535268783569336,0.0,263.0331115722656,10,1.0,0.0
219,"The 10 most crushworthy leading women in YA, a list that absolutely won't ignore the 200 other amazing characters because they weren't love interests.",The Academy Award for Best Female Characters in a New Year's Eve,satire,1,0.5660022497177124,0.5217724442481995,0.04422980546951294,0.34133702516555786,0.00824672896946456,50.23006820678711,22,0.9166666666666666,0.00281491393378366
220,male gaze falls on buffalo chicken bites,Buffalo Chicken Bites,satire,1,0.7102116942405701,0.6899868845939636,0.020224809646606445,0.6398254632949829,0.0,222.22434997558594,7,1.0,0.0
221,The amazing things that happened when I started yoga at 85—because nothing says 'ageless' like not dying during downward dog.,I started a yoga at the age of 85,understatement,0,0.672003448009491,0.518848180770874,0.15315526723861694,0.73680180311203,0.02112626306168192,160.42178344726562,17,0.85,0.015565868716866315
222,Ex-counterterrorism chief courageously labels Trump a 'coward' for firing Comey – from the safety of his desk.,FBI Director Comey Faces Criticism Over Handling of Comey Investigation,sarcasm,0,0.8758431673049927,0.646114706993103,0.22972846031188965,0.38345229625701904,0.012463606455186824,108.81359100341797,15,0.8823529411764706,0.004779198514885193
223,"Rubio's opponents finally remember his immigration stance, better late than never.",Marco Rubio's Defendals Immigration Policy Draw Scicism from Defendors,sarcasm,0,0.8331618309020996,0.7987732291221619,0.034388601779937744,0.6179533004760742,0.019201920550239778,952.4520874023438,11,1.0,0.011865890179500026
224,nicole richie's beautiful figure ruined by pregnancy,Niche Portrait of Nicole Richie,sarcasm,1,0.8204811215400696,0.8064367175102234,0.014044404029846191,0.495696485042572,0.0,610.854248046875,7,1.0,0.0
225,CC Sabathia opens up post-rehab—the world eagerly awaits his profound life lessons.,CC Sabathia Continues to Rehab,sarcasm,0,0.613433837890625,0.724673867225647,-0.11124002933502197,0.8138042688369751,0.028018824614254093,302.512451171875,10,0.8333333333333334,0.022801839078874495
226,nasa designers release flirty new space skirt,Photoshopped Image Shows a Space Suits,satire,0,0.945600152015686,0.6641494035720825,0.2814507484436035,0.4816703200340271,0.0,337.36810302734375,7,1.0,0.0
227,"charles krauthammer has ashes spread over prosperous, liberated iraq",Krauthammer's Legacy and Continued Instability in Iraq,sarcasm,0,0.9039947986602783,0.7542620301246643,0.149732768535614,0.70176100730896,0.0,106.06468200683594,9,1.0,0.0
228,cnn anchor interviews al jazeera anchor who interviewed libyan rebels,CNN Reporter Interviews an Al Jazeera News Anchor Interviewing Libyan Rebel in Baghdad,irony,0,0.9283446669578552,0.8965476155281067,0.031797051429748535,0.9221980571746826,0.0,164.816650390625,13,1.0,0.0
229,alpha-bits now available in serif font,Aral-Bucks Logo Appears in a Sumerif font,satire,1,0.5174557566642761,0.5315614938735962,-0.014105737209320068,0.4257766008377075,0.039281465090051315,2079.888427734375,5,0.7142857142857143,0.01672512868196712
230,Trump turns FBI email news into a Clinton attack ad—because nothing says 'presidential' like petty politics.,Trump Administration Faces Scrutiny Over 2016 FBI Emails Amid Ongoing Political Polarization,sarcasm,0,0.9543355703353882,0.7844021320343018,0.16993343830108643,0.577298104763031,0.0145140482149807,136.4892578125,15,0.9375,0.008378932526947611
231,Disturbing ad shows how Trump is teaching students to hate – because nothing fosters patriotism like division.,Trump's Remarks on American Flag at Campaign Rally in Iowa,sarcasm,0,0.9640400409698486,0.8292207717895508,0.13481926918029785,0.36670374870300293,0.0,101.01068115234375,17,1.0,0.0
232,"HuffPost seeks editors to make sure 'voices' are heard, preferably ones that don't contradict the owner's views.",HuffPost Seeks editors to Review Editor's Views Amid Criticism Over Editorial Controversy,satire,0,0.823032021522522,0.6583925485610962,0.16463947296142578,0.6538801193237305,0.02627968585443437,103.1092758178711,14,0.8235294117647058,0.017183764122287698
233,hershey's unveils some new chocolate bullshit for you to cram into your fat maw,Hershey's Launches a Chocolate Bar,sarcasm,0,0.868325412273407,0.8741467595100403,-0.005821347236633301,0.6518498659133911,0.0,200.46107482910156,14,1.0,0.0
234,"Prince opens LGBTQ center on royal land—royalty embracing progress, how quaint.",Prince opens a LGBTQ+ Memorial Center in a Crown of Queens,irony,0,0.969660758972168,0.8738469481468201,0.0958138108253479,0.8301838636398315,0.03986357128268015,997.31005859375,9,0.8181818181818182,0.033094093625937245
235,john deere unveils new line of lawnmower sidecars,Humorous sidecar riding a John Deere mower,overstatement,0,0.9166204929351807,0.7738600969314575,0.14276039600372314,0.629311203956604,0.0,505.9903869628906,8,1.0,0.0
236,"You'll want to get inked after seeing this work, unless you have taste or common sense.",DataTech Companies Seek Emotional Change and Cite Career Inaction,sarcasm,0,0.9380906224250793,0.9014702439308167,0.036620378494262695,0.03129512071609497,0.0,831.2894897460938,16,1.0,0.0
237,steve king vehemently denies comparing immigrants to people,Steve King Defends Immigration Remarks in a Press Conference,irony,0,0.7679939866065979,0.9019845724105835,-0.1339905858039856,0.7481250762939453,0.0,179.62095642089844,9,1.0,0.0
238,dancing costumed midgets celebrate death of deng xiaoping,Chinese Leader Deng Xiaoping Dies at 92,sarcasm,1,0.940534770488739,0.5099929571151733,0.4305418133735657,0.6850331425666809,0.0,95.93717193603516,8,1.0,0.0
239,oddsmakers say oakland raiders a long shot to finish season,Armed men continue to raid a building in a forest,sarcasm,0,0.8246578574180603,0.8596478700637817,-0.034990012645721436,0.11275334656238556,0.025098621243978974,61.871822357177734,10,1.0,0.0028299535393604136
240,zuckerberg wishes old people would stop commenting on facebook,Zuckerberg Faces Criticism Over Facebook Comments and Privacy Concerns,satire,0,0.8971776962280273,0.655858039855957,0.2413196563720703,0.7237964868545532,0.0,104.18063354492188,9,1.0,0.0
241,"A brilliant analysis linking climate change to a singer's preferences, truly groundbreaking science.",An analysis linking climate change to a Singer's Preferences,satire,0,0.9369795322418213,0.9271995425224304,0.00977998971939087,0.8970254063606262,0.3766260962157022,632.6934204101562,7,0.5384615384615384,0.3378431770039066
242,wistful kim jong-un stumbles onto childhood drawings he made of nuclear attacks on west,Kim Jong-un Reflects on Childhood Drawings Depicting Nuclear Attacks on the West,irony,0,0.7213960289955139,0.7757608294487,-0.054364800453186035,0.9368354082107544,0.014418280697523623,117.80296325683594,14,1.0,0.013507555882961783
243,Because what the world needs is another podcast where robots discuss their butler problems.,Artists Demand a Hypothetical Robot Social Media Platform,satire,0,0.9542198777198792,0.911128580570221,0.0430912971496582,0.4662674069404602,0.0,268.3569641113281,14,1.0,0.0
244,"man returns to work after vacation with fresh, reenergized hatred for job",Employees Return to Work After Absence,sarcasm,0,0.898628294467926,0.9160277247428894,-0.01739943027496338,0.4899141788482666,0.01501861529550426,85.42994689941406,11,0.9166666666666666,0.007357832579934987
245,rnc taps dennis hastert to lead new youth outreach program,RNC taps Dennis Hastert to Lead a Youth outreach Program,sarcasm,0,0.7146499752998352,0.7884005904197693,-0.07375061511993408,0.9896360635757446,0.02777619034011792,715.0120849609375,7,0.7,0.027488319669324923
246,open-minded voter waits almost 5 minutes into debate to decide who won,Voter Decides Debate Winner After Opening Statements,sarcasm,0,0.9504380226135254,0.7998566031455994,0.15058141946792603,0.6981122493743896,0.0,1118.4287109375,12,1.0,0.0
247,creepy weirdo still stalking you on facebook,Creepy weirdo continues to stalk you on Facebook,sarcasm,0,0.5289686322212219,0.5628149509429932,-0.03384631872177124,0.9446274042129517,0.06500593260343691,95.3225326538086,5,0.625,0.06140638537362669
248,friend takes liberty of ordering $40 worth of appetizers for entire table,Man sets a $40 worth of appetizers at a restaurant,sarcasm,1,0.5026073455810547,0.5068907737731934,-0.004283428192138672,0.7138599157333374,0.2150731916129893,82.4455795288086,8,0.6666666666666666,0.15353213044134847
249,"'chapter 1: clark,' reports awful manuscript",Aspiring Novelist Brandon Heath Releases a New Chapter,satire,1,0.7580580115318298,0.8631404042243958,-0.10508239269256592,0.38915520906448364,0.0,1102.554931640625,8,1.0,0.0
250,adorable 23-year-old yelling about economic injustice must have just read howard zinn for first time,23-Year-Old Discusses Economic Inequality Following Howard Zinn's Election Speech,sarcasm,0,0.9123989939689636,0.8765630125999451,0.035835981369018555,0.7302412986755371,0.0,100.56948852539062,15,1.0,0.0
251,jennifer aniston finally reveals hairstyle that repulsed brad pitt,Jennifer Aniston Models a Makeup,satire,0,0.5917742252349854,0.8867203593254089,-0.2949461340904236,0.6715576648712158,0.0,510.81097412109375,9,1.0,0.0
252,TPP: perfectly clear and not controversial at all.,"Democrats Defend the TransPacific Partnership Pipeline, Citing Its Clear Design",sarcasm,0,0.6648604273796082,0.9129418134689331,-0.24808138608932495,0.2836487293243408,0.0,186.2593231201172,10,1.0,0.0
253,Mike Pence left out in the cold – guess he didn't convert the VIPs.,Mike Pence Attempts to Convert the VIPs During Republican National Convention in Denver,sarcasm,0,0.7044609189033508,0.8909883499145508,-0.18652743101119995,0.7654327154159546,0.0361808203044872,180.2698974609375,11,0.7857142857142857,0.027693983531640345
254,Apple slightly encourages wearable tech with a minor product update,Apple Provides a Minor Software Update for Wearable Technology,understatement,0,0.9608911871910095,0.8200921416282654,0.14079904556274414,0.8414430618286133,0.025518615589394285,257.55181884765625,9,0.9,0.02147246203516731
255,"Google's expansion in Boulder has its critics? Shocking, a tech giant facing opposition—truly unprecedented.",Google's Boulder Expansion Faces Opposition Over High Expectations for Innovation in Technology Expansion,sarcasm,0,0.8985661268234253,0.7991722226142883,0.09939390420913696,0.8182189464569092,0.01893405895135384,822.9362182617188,13,0.9285714285714286,0.015492205767329749
256,"'someone in this room tonight will be murdered by an illegal immigrant,' announces trump just before lights go out",Trump Warns of Crimes Committed by Illegal Immigrants in US Detention Facilities,sarcasm,0,0.5970970392227173,0.8662979006767273,-0.26920086145401,0.5869896411895752,0.011303552115363096,47.34877014160156,18,0.9473684210526315,0.006635068000364647
257,"$85,000 in fertility treatments result in miracle","$85,000 in fertility Treats in the US",overstatement,0,0.9793638586997986,0.8226608037948608,0.15670305490493774,0.7232090830802917,0.17567205239427922,191.1803436279297,4,0.5714285714285714,0.12704762393489963
258,How my obsession with gore and death actually makes my life better – who needs happiness when you have morbidity?,Researchers examine how an obsession with gore and death actually Helps Maintain a Life,irony,0,0.5944552421569824,0.9116819500923157,-0.31722670793533325,0.8087811470031738,0.2279229665503114,199.3206329345703,16,0.8,0.1843397983149269
259,poll: majority of americans ready to give up on u.s. if someone else goes first,Poll Shows Majority of Americans Report Confidence in U.S. Future,irony,0,0.5734749436378479,0.8575780391693115,-0.2841030955314636,0.4822947084903717,0.012801036176909563,39.596839904785156,15,1.0,0.0061738720113173
260,Groundbreaking queer comedy is back? Because we needed more groundbreaking content.,Que Comedy Returns to the Box Office,satire,0,0.8883519768714905,0.8161004781723022,0.07225149869918823,0.47187578678131104,0.0,263.7161865234375,11,1.0,0.0
261,area man absolutely determined to use wheelbarrow this weekend,Wooden tools used in a wheelbarrow,overstatement,1,0.6838618516921997,0.697324275970459,-0.013462424278259277,0.5774682760238647,0.024761510494160165,92.37822723388672,8,0.8888888888888888,0.014298986776809505
262,plan to live in storage facility voiced,Proposed Living Conditions at a Storage Facility,understatement,0,0.5947443842887878,0.7531556487083435,-0.15841126441955566,0.6349611282348633,0.0,283.966064453125,7,1.0,0.0
263,"Oh, Bobby Berk's desk makeover was 'incredible'—now my office looks like a Pinterest fail.",Bobby Berk's office received a Pinterest fail,sarcasm,0,0.9537360072135925,0.6175878643989563,0.33614814281463623,0.8033313751220703,0.03842693064921012,3919.815673828125,9,0.6428571428571429,0.030869559040150398
264,Jenner calls out Kimmel for jokes—because nothing says 'respect' like suing for comedy.,Jens Lehrer Calls Out Kimmel Amid Sexual Harassment Allegations,sarcasm,0,0.9186180830001831,0.720233678817749,0.19838440418243408,0.49219679832458496,0.015375695992413887,105.17647552490234,13,1.0,0.007567868339478267
265,Boy George opens up about happiness and U.S. politics—because we all need his political analysis.,Former President Boy George H.W. Bush Discusses Political Issues at Democratic National Convention in Cleveland,satire,0,0.9573367834091187,0.7766509652137756,0.18068581819534302,0.5026787519454956,0.027952555963587523,35.21586608886719,15,1.0,0.014051155945462796
266,"india continues surge towards status as first world nation by reelecting racist, right-wing authoritarian",Indiana Continues to Grapple with Instability Following Trump's Election Victory,sarcasm,0,0.9745535254478455,0.8458859920501709,0.12866753339767456,0.24711817502975464,0.0,90.15884399414062,14,1.0,0.0
267,high-school teacher constantly using janitor as example,High School Teacher Faces Criticism Over Terminating a Janitor,sarcasm,0,0.8988562226295471,0.8371983766555786,0.061657845973968506,0.6734075546264648,0.0,217.22418212890625,9,1.0,0.0
268,Oxford's Word of the Year gently whispers what we're all screaming inside.,Oxford's Word of the Year Emerges Amid Student Screams,satire,0,0.5538710355758667,0.8690493106842041,-0.3151782751083374,0.7671715021133423,0.3198048439256343,235.38931274414062,7,0.5833333333333334,0.24534516249755184
269,dad's been on a parenting kick lately,Wisconsin Father Has Been on a Parenting Strike,sarcasm,0,0.9544214606285095,0.6276496052742004,0.3267718553543091,0.5101641416549683,0.05873949094699214,280.1439208984375,7,0.875,0.029966781980222026
270,Clinton celebrates flag removal on MLK Day: nothing says 'civil rights' like symbolic gestures.,President Clinton Celebrates the 50th Anniversary of the March on Washington,irony,0,0.9554504156112671,0.9093264937400818,0.0461239218711853,0.45525646209716797,0.01706602014357155,15.895954132080078,14,1.0,0.007769415952641387
271,"Boy calls 911 to ask deputies over for family's Thanksgiving dinner – just a casual family invitation, no emergency here.",Boy Calls 911 for an Emergency at a Family Thanksgiving Dinner,understatement,0,0.5841665863990784,0.7399709224700928,-0.1558043360710144,0.8116370439529419,0.012437392981699153,196.34698486328125,16,0.8,0.010094648874147367
272,cubans: new dictator doing it all wrong,Raúl Castro Takes Power in Venezuela,sarcasm,0,0.9262682795524597,0.7968929409980774,0.12937533855438232,0.5784888863563538,0.0,177.86605834960938,7,1.0,0.0
273,"This is what Super Mario looks like without hair, and people are freaked out: because virtual mustaches are sacred.",Mario Bros. Ultimate Match-Up Features a Super Mario,sarcasm,1,0.7549288868904114,0.8051919341087341,-0.050263047218322754,0.5422653555870056,0.014851669148814058,90.02880859375,18,0.9473684210526315,0.008053545652042216
274,Seth Meyers' not-so-subtle message to Trump: as subtle as a neon sign.,Rep.eth Meyers Issues a Warning to Trump Ahead of Election,overstatement,1,0.6904665231704712,0.5864542126655579,0.10401231050491333,0.5695316791534424,0.02054901307230194,278.6447448730469,12,1.0,0.011703313920014162
275,area man nostalgic for time when ads targeting him not as sad,Florida Man Says He Nostalgic For Those That Actually Target His Sad,irony,0,0.8529890179634094,0.6356180310249329,0.21737098693847656,0.6001639366149902,0.0,431.65863037109375,12,1.0,0.0
276,"Torture report: America's moral reckoning. Next, moral repair? Good luck with that.",Satirical Article Claims the U.S. Moral Crisis Is Over,sarcasm,0,0.9491397142410278,0.9461450576782227,0.0029946565628051758,0.5388871431350708,0.0,74.3646011352539,12,1.0,0.0
277,content writer awkwardly shows parents around website where he works,Content Writer Gives Parents Tour of a Company Website,satire,0,0.9177053570747375,0.8709650039672852,0.04674035310745239,0.758320689201355,0.0,1413.2467041015625,10,1.0,0.0
278,new 'cut off your genitals' challenge gains popularity among teens online,The 'Cut Off your genitals' Challenge Gains Popularity Online,satire,0,0.9312966465950012,0.850272536277771,0.08102411031723022,0.8964843153953552,0.04060711798538472,461.6456298828125,9,0.8181818181818182,0.03640364436730604
279,Why I couldn't let breastfeeding go: my child was clearly developing superpowers from that milk.,Experts Discuss the Superpowers of Breastfeeding,overstatement,0,0.5400895476341248,0.8797163367271423,-0.3396267890930176,0.8388315439224243,0.0,382.9557189941406,15,1.0,0.0
280,Thousands of pigs rescued from floods. Now they can live to be bacon another day.,Thousands of pigs Trapped in Floods in a Flood in Louisiana,understatement,1,0.5613493919372559,0.7708895206451416,-0.20954012870788574,0.7059096693992615,0.06485317626474689,127.37919616699219,12,0.8,0.045780484216539505
281,"Sookie's fault? Shockingly, Bon Temps blames the vampire.",Bon Temps Blames the Vampire for the Sookie's Fault,sarcasm,1,0.7021130323410034,0.7565709352493286,-0.054457902908325195,0.9733838438987732,0.06030725360407769,503.70587158203125,8,0.8888888888888888,0.05870210632811528
282,mitt romney soars in polls after leaving country,Mitt Romney Departs for a Three-Nation Overseas Campaign Trip in Florida,sarcasm,0,0.8949835896492004,0.7505229115486145,0.14446067810058594,0.5918801426887512,0.018850319022747353,98.61931610107422,11,1.0,0.011157129512912185
283,NFL's genius solution to a self-made problem.,NFL's Super Bowl Winning Streak Faces Criticism Over Inefficiency and Inefficiency,irony,0,0.9519887566566467,0.7747473120689392,0.17724144458770752,0.48616525530815125,0.018850319022747353,110.7328872680664,10,0.9090909090909091,0.009164370160334067
284,"pakistani boy, u.s. drone form unlikely friendship",U.S. Drone Strikes in Afghanistan,irony,0,0.766986608505249,0.8715186715126038,-0.10453206300735474,0.49484169483184814,0.0,17.968494415283203,7,1.0,0.0
285,"Another day, another delightful batch of Clinton emails to endlessly pore over",Hillary Clinton Emails Continue to Engage,sarcasm,0,0.9080986976623535,0.5104626417160034,0.3976360559463501,0.706475019454956,0.01786024416690236,1245.683349609375,11,0.9166666666666666,0.01261781634528261
286,facebook vows not to hand over users' medical records to government,Facebook Faces Scrutiny Over Privacy Concerns Over Medical Records,irony,0,0.7767124772071838,0.6142007112503052,0.16251176595687866,0.7636667490005493,0.0,121.0040512084961,11,1.0,0.0
287,"J Balvin, Nicky Jam say they changed the notion that reggaetón is misogynist – yes, because lyrics about women are suddenly feminist now.",J Balvin and Nicky Jam Launch a Rap-Themed Music,sarcasm,0,0.9420204162597656,0.7405192255973816,0.20150119066238403,0.4664388597011566,0.011845834831389755,409.4004211425781,21,0.9130434782608695,0.00552535769096168
288,hospital comforts patients with new therapy oyster program,Hospital Opens a Therapy Oyster Program,irony,0,0.9513089656829834,0.8630844950675964,0.08822447061538696,0.8816924095153809,0.0,860.3829956054688,8,1.0,0.0
289,man actually shouting at other man to get jennifer aniston romantic comedy made,Studio Executives Finalize a Jennifer Aniston Romantic Comedy,sarcasm,0,0.9265820980072021,0.8859279155731201,0.04065418243408203,0.7269585132598877,0.0,256.350341796875,13,1.0,0.0
290,monocle-wearing oil baron's cigarette holder splinters in clenched teeth after hearing bernie sanders' environmental platform,Fossil Fuel Executives Voice Concerns Over Bernie Sanders' Environmental Platform,satire,0,0.8568403124809265,0.8429890871047974,0.01385122537612915,0.5753366351127625,0.0,165.8617401123047,15,1.0,0.0
291,Will Ferrell's break-in: charity never looked so criminal.,Will Ferrell Arrested in a Bank Fraud in Brooklyn,satire,1,0.8244521617889404,0.586314857006073,0.23813730478286743,0.5289409756660461,0.023980296761827107,116.13951873779297,8,0.8888888888888888,0.012684161565962157
292,liberal activists encourage citizens to call their late-night hosts and urge them to oppose tax plan,Democrats Urge Immediate Action to Oppose Proposed Tax Plan,satire,0,0.9673817157745361,0.7384864687919617,0.22889524698257446,0.49151355028152466,0.011017167600428483,50.72578048706055,15,0.9375,0.00541508716133319
293,Step 1: Pretend it didn't happen. Step 2: Repeat step 1.,Step 2: Pretend It didn't Agree,irony,1,0.7106114625930786,0.7712693810462952,-0.06065791845321655,0.7000256776809692,0.04461976764484762,100.16302490234375,8,0.7272727272727273,0.031234983083551836
294,personal assistant called after scary dream,A Personal Assistant Cites a Dream,sarcasm,0,0.7200285792350769,0.8137108683586121,-0.09368228912353516,0.7710742950439453,0.0,1437.7099609375,6,1.0,0.0
295,California police chief lashes out at DHS – because cooperation is overrated.,California Police Chief lashes out at Homeland Security Department,sarcasm,0,0.9251576662063599,0.8732941746711731,0.05186349153518677,0.6631196141242981,0.09138232906466222,283.3979187011719,8,0.6666666666666666,0.06059741478713844
296,pope asks to be taken off list of world's 100 richest people,Pope John Paul II Requests Respect From the 100 Wealthiest People in the world,irony,0,0.6868805289268494,0.6043646931648254,0.08251583576202393,0.7201239466667175,0.01428363257865929,81.13363647460938,14,1.0,0.01028598586528143
297,"Oh, a MOOC by another name? How revolutionary—we're all just lining up for more online education.",Protesters Prepare for a Massive Online Education Movement,sarcasm,0,0.9875139594078064,0.9641468524932861,0.023367106914520264,0.4764136075973511,0.012151662434083681,567.2925415039062,16,1.0,0.005789217338527015
298,blood-spattered sarah huckabee sanders holds up huge dismembered penis to prove presidential member completely normal,White House Press Secretary Sarah Huckabee Sanders Defends President Trump Amid Controversy,satire,0,0.9165270328521729,0.8722010254859924,0.04432600736618042,0.5847036242485046,0.0,19.394969940185547,15,1.0,0.0
299,One year since Harambe? The internet's grief is as fresh as ever. Literally.,Fans React Strongly to the 2018 Grammy Awards,overstatement,0,0.6707864999771118,0.9301469922065735,-0.25936049222946167,0.18303582072257996,0.0,217.23817443847656,13,1.0,0.0
300,"China as a superpower: everyone's just fine with that, no concerns at all.",China maintains a Normal Public Performance Despite Ongoing Security Concerns,understatement,0,0.8353158831596375,0.9364411234855652,-0.10112524032592773,0.5544785261154175,0.01859351593152887,398.6671142578125,11,0.8461538461538461,0.010309705309017661
301,ai scientists theorize existence of numbers greater than 1,AI Researchers Claim Numbers Greater Than 1 May Exist,irony,0,0.6963810920715332,0.7007541656494141,-0.004373073577880859,0.8465652465820312,0.023980296761827107,746.810791015625,9,1.0,0.02030088584128645
302,waitress creeped out by overtipper,Duluth Qip,irony,1,0.6064720749855042,0.8149752020835876,-0.2085031270980835,0.09338200092315674,0.0,736.5076904296875,5,1.0,0.0
303,name of gay bar should have been clearer,Houston Gay Bar Suggests a More Elaborate Design,sarcasm,0,0.6648576855659485,0.5173231959342957,0.14753448963165283,0.6238757371902466,0.0,340.3498840332031,8,1.0,0.0
304,"City's brilliant plan: free pot for the poor, what could go wrong?",Hopkinton Officials Propose a Free Pot for the Homeless,irony,0,0.7510290741920471,0.7216029167175293,0.029426157474517822,0.6602627038955688,0.03633684571584218,336.7611999511719,11,0.9166666666666666,0.023991864003378074
305,russia's power shut off,Russia's Nuclear Suppression Crisis Continues,sarcasm,0,0.8608365654945374,0.8841943144798279,-0.023357748985290527,0.5571579933166504,0.0,103.4334487915039,5,1.0,0.0
306,Sen. Mike Lee says Trump is 'fully cooperating.' Because nothing says cooperation like constant stonewalling.,Sen. Mike Lee Cooperates With Trump Despite Ongoing Scrutiny,sarcasm,0,0.7771984338760376,0.6579267978668213,0.11927163600921631,0.6906967163085938,0.06547830000798768,83.04859924316406,12,0.8,0.04522564680498606
307,"Writing life: all hugs, peace, and pray—no deadlines, rejections, or existential dread here!",Aspiring writers face a deadline and stress over spare writing time,sarcasm,1,0.7983682751655579,0.62563556432724,0.17273271083831787,0.4652250409126282,0.01571650849186369,444.6055603027344,12,0.9230769230769231,0.007311713306130953
308,"A heartfelt letter to the mother of a woman killed by Nazis, how quaint",The Death of a Nazi Detainee in a Memoir,sarcasm,1,0.9229083061218262,0.7298280596733093,0.19308024644851685,0.6006906628608704,0.029096271468692207,81.66777038574219,12,0.8571428571428571,0.01747785859530855
309,A parody so accurate it predicts the next four years of presidential comedy.,A Political Parody Fails to Impress Expectations for a Presidential Comedy,overstatement,0,0.9093893766403198,0.7360809445381165,0.17330843210220337,0.7678960561752319,0.01571650849186369,148.1642608642578,12,0.9230769230769231,0.01206864488774667
310,gina haspel nervously rubs lucky prisoner's foot during cia director confirmation hearing,Gina Haspel Testifies at the Senate Confirmation Hearing for CIA Director,satire,0,0.8966692686080933,0.5832808613777161,0.3133884072303772,0.7182382345199585,0.0,64.74311065673828,12,1.0,0.0
311,ice cream man hopes scott joplin is in hell,Ice Cream Vendor Expresses Frustration With Scott Joplin,overstatement,1,0.6775524020195007,0.5230213403701782,0.1545310616493225,0.7049357891082764,0.0,764.4293823242188,9,1.0,0.0
312,A few vaguely helpful pointers that will definitely transform your gym experience from mediocre to slightly less mediocre.,A Practical Guide From a Mature Gym,understatement,1,0.5775066614151001,0.7377068996429443,-0.16020023822784424,0.5770061016082764,0.006862263989047967,202.68637084960938,17,0.9444444444444444,0.003959568192527427
313,Unpopular opinion: The SAT is great—said no student ever.,College Students Highlight the SAT Scores,satire,0,0.7884487509727478,0.9671307802200317,-0.17868202924728394,0.6018222570419312,0.024761510494160165,1301.7080078125,9,1.0,0.014902028133362935
314,woman getting stood up on first date got all drunk for nothing,Women Report Being Stood Up on the First Dates,sarcasm,0,0.8711506724357605,0.91252201795578,-0.04137134552001953,0.7111594676971436,0.017182633466700372,250.6544952392578,12,1.0,0.01221959246981376
315,10 grandma lessons that will transform your existence.,A grandmother teaches a valuable life lesson,overstatement,0,0.5892491340637207,0.6944465637207031,-0.10519742965698242,0.6503806114196777,0.0,587.6405029296875,8,1.0,0.0
316,"Video: #ICantBreathe poem on House floor – because words change everything, right?",Rep. Daniel Lipinski Shares a Spelling Advice on the House Floor,rhetorical_question,1,0.6687521934509277,0.5804088115692139,0.08834338188171387,0.30778855085372925,0.0204689180374571,194.92408752441406,12,1.0,0.006300098620292681
317,"On Memorial Day, a look inside the lives of U.S. service members in Afghanistan? Perfect way to honor with pretty pictures.",Photoshopped Image Shows the Lives of American Service Members in Afghanistan,sarcasm,0,0.9063886404037476,0.6815735697746277,0.22481507062911987,0.7816662788391113,0.009995070296663813,131.25254821777344,18,0.8571428571428571,0.007812809405528535
318,"This group wants to build a giant barrier to pull trash from the Pacific – because walls keep things out, right?",This Group Seeks a Giant Barrier to Secure Trash in the Pacific,irony,0,0.9231059551239014,0.7964611649513245,0.1266447901725769,0.8414148092269897,0.02139525807865204,325.1640625,16,0.7619047619047619,0.01800228699461122
319,home-brewing phase comes to long-overdue conclusion,Two teens enter a homebrewing,understatement,0,0.7288311123847961,0.81516033411026,-0.08632922172546387,0.4310263991355896,0.0,1070.707763671875,6,1.0,0.0
320,Labels that guilt-trip you about lunch? What could go wrong?,Researchers explore the potential effects of a guilt-trip,understatement,0,0.9557068347930908,0.6274750232696533,0.3282318115234375,0.5687063932418823,0.02163211878762423,92.66145324707031,10,1.0,0.012302324253889736
321,"Lincoln Chafee's poll numbers: zero supporters, a true crowd-pleaser.",Poll Numbers Show Lincoln Chafee's Strong Support Among Supporters,sarcasm,1,0.8006708025932312,0.5003387331962585,0.30033206939697266,0.8362494707107544,0.050712153369465586,170.4303436279297,9,1.0,0.0424080114138182
322,kissinger instructs palin on finer points of clandestine carpet bombing,Sarah Palin Meets With Henry Kissinger Ahead of the Academy Awards,satire,0,0.9472099542617798,0.8544683456420898,0.09274160861968994,0.5173972845077515,0.018850319022747353,160.05784606933594,10,0.9090909090909091,0.009753103874474292
323,mcdonnell-douglas unveils new 'gay-dar',Satirical Article Critiques Military Discrimination Against LGBTQ+ Service Members,satire,0,0.8591755032539368,0.8450267910957336,0.014148712158203125,0.37865331768989563,0.0,325.90234375,9,1.0,0.0
324,congress spotted leaving gay nightclub,Satirical Image Shows a U.S. Congress Leaving a Gay Club,sarcasm,0,0.8933679461479187,0.9066131711006165,-0.013245224952697754,0.7368864417076111,0.0,195.77967834472656,10,1.0,0.0
325,lucky dead student gets own page in yearbook,Deceased Student Honored with a Memorial Page in a School Yearbook,irony,0,0.904494047164917,0.5816367864608765,0.3228572607040405,0.705997884273529,0.018850319022747353,125.47782135009766,10,0.9090909090909091,0.01330828534794069
326,button-up shirt goes on life-changing odyssey around dry cleaner's garment conveyor,A button-Up shirt sits on a dry cleaner conveyor,overstatement,1,0.608473002910614,0.5356691479682922,0.07280385494232178,0.8130748271942139,0.027155616465759737,440.55303955078125,8,0.7272727272727273,0.022079548165249947
327,new report finds u.s. employees most engaged at workplace while working as frontman of styx,Study Examines the Engagement and Social Dynamics at the Rock Band Rock Band Styx,irony,1,0.936779260635376,0.5371617078781128,0.3996175527572632,0.546607255935669,0.013298958652957459,195.83065795898438,14,0.9333333333333333,0.007269307296094997
328,"An extra couple million? Clearly, the court system is barely acknowledging his immense financial burden.",North Carolina Supreme Court System Faces $1.5 Million in Legal Debt,overstatement,0,0.5809205770492554,0.5663468837738037,0.01457369327545166,0.4944618344306946,0.0,72.71305847167969,15,1.0,0.0
329,"Demi Lovato absolutely slays Adele's 'Hello', a cover for the ages!","Demi Lovato Releases Adele's 'Hello', a Cover for the Ages",overstatement,1,0.9556741714477539,0.9042529463768005,0.05142122507095337,0.9009001851081848,0.13891604988474274,107.20155334472656,4,0.36363636363636365,0.12514949505566256
330,signed 8x10 of tony danza draws millions to brooklyn dry cleaner,Brooklyn Dry Cleaner Features a Signed Tony Danza,overstatement,1,0.7975524663925171,0.7948654890060425,0.0026869773864746094,0.7940905094146729,0.0,934.344482421875,11,1.0,0.0
331,report: average person spends 27% of lifetime in the way,Research Indicates People Spend Significant Time Blocking Others in Public Spaces,understatement,0,0.7189667820930481,0.7547756433486938,-0.03580886125564575,0.29421353340148926,0.018850319022747353,174.49627685546875,10,0.9090909090909091,0.005546018965427807
332,Women tech writers abused online; internet remains a safe space for all.,Women Writers Face Criticism Over Content Moderation and Content Privacy in the Online,sarcasm,0,0.9355053305625916,0.5909963250160217,0.3445090055465698,0.6860950589179993,0.01553712569276035,206.3396453857422,12,0.9230769230769231,0.010659945167590772
333,"abortion issue 'most critical of our time,' say tobacco-industry executives",Tobacco Industry Executives Praise Abortion as a Top National Priority,satire,0,0.8486548662185669,0.9679954648017883,-0.11934059858322144,0.8439754843711853,0.0,79.4404067993164,10,1.0,0.0
334,Your credit card limit affects your job prospects? Totally fair and not weird at all.,Your Debt Ceiling Could Impact Job Prospects,sarcasm,1,0.906724214553833,0.6523852348327637,0.25433897972106934,0.6018795967102051,0.010534007609331637,225.90628051757812,14,0.9333333333333333,0.006340204251646758
335,Trump's adviser wants to cut NASA's climate funding? Because climate science is a liberal hoax.,Trump Administration's Climate Change Proposals Draw Scrutiny Amid Environmental Concerns,sarcasm,0,0.9452441334724426,0.7727213501930237,0.17252278327941895,0.6369112730026245,0.0,42.78462600708008,15,1.0,0.0
336,report: tv teens 15 times more likely to crack wise than real teens,Study Examines Mental Health Issues Associated With Teenagers,overstatement,0,0.7918684482574463,0.8353978991508484,-0.0435294508934021,0.43379420042037964,0.0,129.23739624023438,13,1.0,0.0
337,convention crowd really hoping bill clinton breaks tension with joke about how terrible he looks,Bill Clinton Addresses the Republican National Convention in Cleveland,sarcasm,0,0.953717052936554,0.8822468519210815,0.07147020101547241,0.5096853971481323,0.0,28.362098693847656,15,1.0,0.0
338,"Oh great, another VA scandal update—because we weren't already impressed with their efficiency.",Visa Releases a Recruitment Update on a VA Scandal,sarcasm,0,0.98609459400177,0.8346622586250305,0.1514323353767395,0.5505638122558594,0.015375695992413887,305.37628173828125,13,1.0,0.008465301801670528
339,Bernie Sanders to discuss gun law with parents of Aurora shooting victim? What could possibly go wrong?,Bernie Sanders Meets With the Parents of Aurora Shooting Survivor,rhetorical_question,0,0.9386240243911743,0.6206824779510498,0.3179415464401245,0.7738192081451416,0.03134431082232787,187.72268676757812,13,0.7647058823529411,0.024254829780388946
340,US considers more war in Yemen: spreading democracy one bomb at a time.,US Continues War in Yemen Despite Chemical Weapons Attack,irony,0,0.9207636713981628,0.9358333349227905,-0.015069663524627686,0.7072632908821106,0.018284887072297418,138.5262451171875,11,0.8461538461538461,0.012932229404160831
341,man discovers huge cache of rare fossils while walking through natural history museum,Archaeologists Discover Fossils at a Natural History Museum in Vermont,irony,0,0.707375168800354,0.5759356021881104,0.13143956661224365,0.6656175255775452,0.0,46.99179458618164,13,1.0,0.0
342,george jefferson honored for black television history month,George Jefferson Earns an Honor for Black Television History Month,satire,0,0.7381895184516907,0.9161706566810608,-0.17798113822937012,0.9409704208374023,0.021105340631872645,557.2958374023438,9,0.9,0.01985950125628993
343,oscars committee announces plan to shorten ceremony to single-millisecond flash of blinding white light,Oscars Committee Proposes a Lengthy Ceremony Runtime,overstatement,0,0.7917378544807434,0.8474450707435608,-0.05570721626281738,0.6779230833053589,0.0,907.5914916992188,14,1.0,0.0
344,"Britain welcomes ex-president of Maldives with open arms, solving all their problems.",Britain welcomes the President of Maldives,satire,0,0.9781784415245056,0.9375853538513184,0.040593087673187256,0.7935963273048401,0.04491613615552535,144.49290466308594,9,0.75,0.03564528068974906
345,Renaming a building: the simple fix for centuries of racism.,Renaming a Building,understatement,0,0.9679843783378601,0.600883960723877,0.36710041761398315,0.6806337833404541,0.023300535123570106,1266.5869140625,8,0.8,0.01585913137501266
346,'Roots' remake to air Memorial Day weekend. Because what better way to honor veterans than with slavery?,Roots Remake to Honor Veterans in Memorial Day Weekend,sarcasm,0,0.8383665680885315,0.670536994934082,0.16782957315444946,0.831043004989624,0.023072535745809,636.60302734375,16,0.9411764705882353,0.019174269438927628
347,"5 ways to obsess over your running stats, because who needs hobbies?",Five ways to obsess over your running stats,sarcasm,0,0.5491116642951965,0.9175845980644226,-0.3684729337692261,0.8444355726242065,0.41266825715677186,155.35894775390625,6,0.5,0.34847175603601194
348,Drawing your face over and over: a journey to artistic genius or mental breakdown?,Drawing a Face,rhetorical_question,1,0.9329885244369507,0.7525208592414856,0.1804676651954651,0.6611374616622925,0.0034538747625737945,244.36766052246094,12,0.8571428571428571,0.0022834859934274918
349,kavanaugh starting to get worried about not hearing back after job interview,Brett Kavanaugh Seeks a Confirmation Vote at Supreme Court Confirmation Hearing,sarcasm,1,0.5842702984809875,0.5105794072151184,0.07369089126586914,0.5583155155181885,0.0,162.70651245117188,12,1.0,0.0
350,dog in purse stares longingly at dog in yard,A dog sits in a backed yard,irony,0,0.794291079044342,0.5094992518424988,0.28479182720184326,0.484571635723114,0.03266828640925502,424.2723083496094,8,0.8888888888888888,0.01583012498160388
351,chinese factory workers fear they may never be replaced with machines,Chinese Factory Workers Face Hardship Amid Ongoing Tensions,irony,0,0.9042647480964661,0.6002587080001831,0.30400604009628296,0.594854474067688,0.0,1660.6632080078125,11,1.0,0.0
352,"Peanut butter recipes will make your life infinitely better, or at least until you run out of peanut butter.",Peanut Butter recipes May Improve your Health,overstatement,0,0.9345920085906982,0.6285920739173889,0.3059999346733093,0.7830870151519775,0.007828988696754743,993.005615234375,16,0.8421052631578947,0.006130779390200242
353,trump makes last-minute push to appeal to whites,Trump Makes Last-Minute Push to Appeal to Black Americans,sarcasm,0,0.9717332720756531,0.9333134293556213,0.03841984272003174,0.8600258231163025,0.028517539529041507,69.81974792480469,7,0.7777777777777778,0.024525820406715616
354,Syrian rebels shell Aleppo after withdrawal – peace is overrated anyway.,Syrian Rebel Forces Battle ISIS in Aleppo Despite UN Resime Change,irony,0,0.822517454624176,0.8067675828933716,0.015749871730804443,0.5017801523208618,0.022416933501922302,585.169189453125,10,0.9090909090909091,0.011248372307161204
355,sullen jeff sessions scrolls through minority incarceration statistics to cheer self up,Attorney General Jeff Sessions Reviews Minority Incarceration Statistics Amid Criminal Justice Policy Debate,sarcasm,0,0.8634931445121765,0.7131549715995789,0.15033817291259766,0.7133559584617615,0.0,146.26837158203125,13,1.0,0.0
356,"Debbie Robins de la Bouillerie, who was apparently a big deal, died at 58.","Debbie Robins de la Bouillerie, 56, Dies at 58",understatement,1,0.617906391620636,0.8922286629676819,-0.2743222713470459,0.9211832284927368,0.2680220126779215,179.43064880371094,8,0.5714285714285714,0.24689738294576893
357,"Judge says Trump's comments didn't influence the case. Because clearly, the President's words have no power.",Federal Judge Says Trump's Remarks May Influence the Case,irony,0,0.5065559148788452,0.5632315874099731,-0.05667567253112793,0.7164989709854126,0.014499407975266094,125.23214721679688,14,0.875,0.010388810894175841
358,last beer in six pack drunk with plastic rings still attached,One Drink gets drunk while holding a plastic beer,understatement,0,0.8664889931678772,0.7559208869934082,0.110568106174469,0.6471055746078491,0.025271148634948993,627.6521606445312,10,0.9090909090909091,0.01635310115841903
359,"despite claims, long story not made short",People often forget the important moments in the Bills,irony,1,0.8886839747428894,0.513227641582489,0.3754563331604004,0.09485061466693878,0.0,197.06150817871094,9,1.0,0.0
360,new altar boy clearly not ready for spotlight of 10 a.m. sunday mass,Vatican Anachronistic Boy stands in the audience at a Sunday Mass,sarcasm,0,0.6492092609405518,0.9188090562820435,-0.2695997953414917,0.5230716466903687,0.0,168.99900817871094,13,1.0,0.0
361,Watch Vin Diesel say 'I am Groot' in different languages – because his range is truly breathtaking.,V Vin Diesel Discusses His Signature in a New Interview,sarcasm,1,0.5713062882423401,0.7627582550048828,-0.19145196676254272,0.3134535551071167,0.024528248770524806,254.4148406982422,14,0.8235294117647058,0.007688466777672764
362,"'depot buys max,' nation's office-supply-loving teens text frantically to one another",Digital Illustration Depicts a Pepot Mocking a Teenager,satire,0,0.8637939691543579,0.6437692642211914,0.2200247049331665,0.2807404398918152,0.0,295.7127990722656,11,1.0,0.0
363,A patriotic neighbor: someone who reports your every move to authorities for the love of country.,Encouraging Action from Americans in Search for Safety,satire,0,0.9090573191642761,0.8971933722496033,0.011863946914672852,0.3203328549861908,0.010218289380194194,186.55995178222656,15,0.9375,0.0032732538102326803
364,Who wouldn't want to experience the sheer joy of having a miscarriage?,Couple Files for a Abortion,rhetorical_question,1,0.5032281875610352,0.9299170970916748,-0.42668890953063965,0.3357248604297638,0.013249284136531224,3911.182373046875,11,0.9166666666666666,0.004448114067531228
365,blagojevich just getting started,Illinois Gov. Rod Blagojevich Remains active in the Russia Investigation,sarcasm,0,0.5266014337539673,0.5813423991203308,-0.054740965366363525,0.580996036529541,0.0,33.42279052734375,10,1.0,0.0
366,Why are Muslim kids scared? Could it be the pervasive atmosphere of tolerance?,Muslim Children Face Rising Tensions in the Schools,rhetorical_question,0,0.929491400718689,0.843773603439331,0.08571779727935791,0.6930834054946899,0.01768056451493027,415.2382507324219,11,0.8461538461538461,0.012254105865076444
367,djimon hounsou to play every african in the world,Julian Hounsou Cast in a New Film,overstatement,0,0.6532631516456604,0.5994143486022949,0.05384880304336548,0.43651366233825684,0.024822529802838878,302.42706298828125,9,1.0,0.010835373392737727
368,climate experts say only hope for saving planet lies with people who save napkins from takeout order,UN Climate Experts Warn Climate Change Leads to Imminent Environmental Loss,irony,0,0.9331340193748474,0.7147437334060669,0.21839028596878052,0.46701207756996155,0.0,126.87279510498047,17,1.0,0.0
369,20 funny tweets from women: prepare to mildly chuckle.,Women Follow a Stream of Humorous Tweets,understatement,0,0.7651330232620239,0.9089335799217224,-0.1438005566596985,0.7523521184921265,0.0,182.22491455078125,9,1.0,0.0
370,fleshlighthouse guides weary sailors home to realistic vaginal texture,Photoshopped Image Shows a Sex Toy Inside a Lighthouse,satire,0,0.8763933181762695,0.5872791409492493,0.28911417722702026,0.319414883852005,0.0,181.8984832763672,9,1.0,0.0
371,apathy outpacing lust as leading u.s. state of mind,Poll Shows Growing Apathy and Civic Disengagement Among American Adults,irony,0,0.8622028827667236,0.5507289171218872,0.3114739656448364,0.44732433557510376,0.0,128.94456481933594,10,1.0,0.0
372,rumsfeld makes jerk-off motions as powell speaks at cabinet meeting,Secretary of Defense Donald Rumsfeld Makes Hand Gesture at a Cabinet Meeting,sarcasm,0,0.8593806624412537,0.8487792015075684,0.010601460933685303,0.5966923236846924,0.017033186037639283,32.1370964050293,11,0.9166666666666666,0.010163571356552641
373,"The Vergara era, part 1: how we got here. Spoiler: it was definitely not a coup.","The Vergara Era, Part 1, Failed",irony,1,0.5392820239067078,0.7466310858726501,-0.20734906196594238,0.6682647466659546,0.016306386699013735,251.68917846679688,14,0.875,0.010896983376453504
374,"rare species of frog may hold cure to...ah, never mind, it's extinct",Extinction of an Amazon Tree Frog Halts Promising Medical Services,irony,0,0.6073434352874756,0.943760097026825,-0.33641666173934937,0.6494316458702087,0.01727959142950042,1217.8306884765625,11,0.9166666666666666,0.011221913502025211
375,"Taylor Swift covers a classic and angers fans, as if we didn't see that coming.",Taylor Swift's Latest Album 'Rock You' Draws Attention from Fans,sarcasm,1,0.8144872784614563,0.7146733403205872,0.09981393814086914,0.6834759712219238,0.012801036176909563,105.3857192993164,14,0.9333333333333333,0.008749200633660246
376,"UFOs at Loch Ness: finally, aliens confirm Nessie's existence.",NASA's Curiosity Rover Finds Earth's Surface in a Loch Ness,irony,1,0.9719901084899902,0.6339026093482971,0.3380874991416931,0.5829373002052307,0.021105340631872645,49.094783782958984,10,1.0,0.012303090287855598
377,new york's finest protect new york's richest,NYPD Officers Stand Guard Outside a Private Residence,irony,0,0.9303156733512878,0.7818042039871216,0.14851146936416626,0.35073453187942505,0.0,308.8381042480469,8,1.0,0.0
378,Are there tears in your popcorn? Only if you're emotionally weak.,Motional Suppression Can Rapidly Stimulate Adult Popcorn,rhetorical_question,0,0.9600802659988403,0.5643026232719421,0.3957776427268982,0.48443159461021423,0.0,605.4898681640625,11,1.0,0.0
379,"Stephen Colbert shreds Bill O'Reilly—finally, someone speaks for the landfill.",Stephen Colbert Defends Bill O'Reilly Amid Sexual Harassment Allegations,satire,0,0.9088376760482788,0.7688249349594116,0.1400127410888672,0.5408995151519775,0.05022037190492093,27.713294982910156,7,0.7,0.027164174814123726
380,skittles unveils new liqui-gels for fast-acting fruity flavor,Satirical Image Shows a Sparkling Soda Labeled as a Fast-Food Flavor,satire,0,0.8254201412200928,0.8997662663459778,-0.07434612512588501,0.38699251413345337,0.0,192.50917053222656,11,1.0,0.0
381,"Steve Wilson on 'The Making of Gone with the Wind' – let's celebrate this flawless masterpiece, shall we?",Steve Wilson Releases a 'The Making of a Wind',satire,1,0.9490230083465576,0.89791339635849,0.05110961198806763,0.7864488959312439,0.057461663912368725,282.3030090332031,13,0.7222222222222222,0.04519066214225458
382,even business card trying too hard,A Business Card Fails to Engage,sarcasm,1,0.635513186454773,0.7241095304489136,-0.08859634399414062,0.7517602443695068,0.0,235.91810607910156,6,1.0,0.0
383,japan spotted hovering over algeria,Satirical Image Shows Japan Floating Over Algeria,overstatement,0,0.8303871750831604,0.8566217422485352,-0.026234567165374756,0.6940398812294006,0.0,1982.6900634765625,7,1.0,0.0
384,white house begins christmas season with ceremonial lighting of cross,The White House Begins Holiday Lighting,irony,0,0.9338406920433044,0.9395232200622559,-0.005682528018951416,0.8268950581550598,0.0,2931.41943359375,10,1.0,0.0
385,Statehouse interns enjoy unique harassment vulnerability as part of their internship perks.,State Employees Take a Break From Work,irony,0,0.9803874492645264,0.9423697590827942,0.03801769018173218,0.17670543491840363,0.0,257.2207946777344,12,1.0,0.0
386,putting ice cream in bowl momentarily considered,People often put ice Cream in a bowl,understatement,0,0.5548248887062073,0.7391920685768127,-0.18436717987060547,0.7815658450126648,0.03655552228545124,282.300048828125,7,0.875,0.028570547664908
387,Dick Cheney would torture again: Because nothing says human rights like a good old waterboarding session.,Dick Cheney Denies Human Rights Violations at Senate Intelligence Committee Hearing,sarcasm,0,0.9382038116455078,0.861833930015564,0.07636988162994385,0.545536994934082,0.025302860482139058,59.36619567871094,14,0.875,0.013803646470662479
388,10 stress-free suppers for the entire family: if your family enjoys charcoal.,Family Members may benefit from a complimentary barbecue,understatement,1,0.8239648342132568,0.906465470790863,-0.0825006365776062,0.6251896619796753,0.0,271.5924072265625,12,1.0,0.0
389,What Obamacare's successes should tell us about its failures? Does it even matter in politics?,Democrats Express Concern Over Obamacare's Success Amid Ongoing Controversy and Policy Challenges,rhetorical_question,0,0.9072471857070923,0.5881903171539307,0.3190568685531616,0.7076502442359924,0.013265458624314393,112.2417984008789,15,1.0,0.009387305035398532
390,"Redditors reimagine a Donald Trump White House, and it's 'not pretty' – if by 'not pretty' you mean apocalyptic.",Pennsylvania Redditors Propose a Donald Trump White House Amid Controversy,understatement,0,0.539995551109314,0.7538703680038452,-0.21387481689453125,0.42621326446533203,0.11292956255471857,199.5390625,15,0.7894736842105263,0.04813207751108853
391,americans hopeful this will be last mass shooting before they stop on their own for no reason,Americans Hope for a End to Gun Violence Following Orlando Nightclub Shooting,sarcasm,0,0.9166815876960754,0.8793041110038757,0.03737747669219971,0.7192201018333435,0.011228968297774719,49.186214447021484,17,1.0,0.008076099722608919
392,Breadwinner mommies: are you failing? Probably.,Two women fail to vote for a breadwinner,sarcasm,0,0.6036239862442017,0.932868480682373,-0.3292444944381714,0.5147261619567871,0.0,182.55181884765625,8,1.0,0.0
393,MLK's turbulent last year makes our problems look like minor inconveniences.,MLK Experiences a Major Winter,overstatement,1,0.9069919586181641,0.5017787218093872,0.40521323680877686,0.5436931848526001,0.0,1560.1766357421875,11,1.0,0.0
394,"Barneys pays $525,000 to settle allegations of racial profiling: a truly staggering sum that will definitely change systemic bias.","Barneys Pay $525,000 to Settlement Ongoing Federal Racial Bias Over Indecency Allegations",sarcasm,0,0.9503605961799622,0.8572991490364075,0.09306144714355469,0.8711411952972412,0.02224527381164508,229.92347717285156,16,0.8421052631578947,0.019378774417990914
395,"Climate change threatens the newest prescription for children: time outdoors? Great, so we'll just medicate with more screen time.",Climate Change Leads to Surge in Screen Time in the Outdoor,irony,0,0.9659264087677002,0.8248695135116577,0.14105689525604248,0.5864558219909668,0.010832424511493322,269.2576599121094,18,0.9473684210526315,0.006352738421042913
396,Trevor Noah's mind-blowing theory about Sean Hannity: water is wet.,revor Noah dismisses Sean Hannity's claims about water,sarcasm,0,0.743393063545227,0.8223695158958435,-0.07897645235061646,0.7744734287261963,0.02846946938149362,214.42897033691406,9,0.9,0.022048847565900826
397,radio dj invites whole town to some bullshit,Tulsa Radio Station KWPA Brings Live Music,sarcasm,1,0.6751272678375244,0.7276469469070435,-0.05251967906951904,0.3814592957496643,0.0,297.1507568359375,8,1.0,0.0
398,mohawked rex tillerson warns u.s. democracy threatened by plutocratic fascist pigs fucking over the working man,Satirical Article Claims Rex Tillerson Threatens to Halt U.S. Political Instability,sarcasm,0,0.9370104074478149,0.9104674458503723,0.026542961597442627,0.6689281463623047,0.0,62.32653045654297,16,1.0,0.0
399,"agile, dynamic company able to respond to any challenge by laying off half of staff",Viacom Faces Challenges Managing Executive Layoffs and Administrative Losses,sarcasm,0,0.9674477577209473,0.765528678894043,0.2019190788269043,0.45948976278305054,0.0,300.282958984375,15,1.0,0.0
400,white to attend boat show,"White Seats at a boat Show in a Jackson, Mississippi",irony,0,0.7139764428138733,0.5596986413002014,0.15427780151367188,0.7375583052635193,0.021105340631872645,298.47698974609375,9,0.9,0.015566419268453282
401,sexually awakened peta president announces that being kept in a tiny cage all day actually sounds hot as hell,Satirical Image Shows a PETA President Being Held in a Detention Facility,satire,0,0.9470707178115845,0.8759655356407166,0.07110518217086792,0.60035240650177,0.020100873987052098,186.767333984375,17,0.8947368421052632,0.012067608070915555
402,U.S. consuls already have tools to discriminate in visas? How impartial of them.,U.S. Consulates Face Ethics Over Harsh Mrogations in visa Facilities,sarcasm,0,0.9598939418792725,0.8125470280647278,0.14734691381454468,0.6592914462089539,0.01859351593152887,921.3451538085938,11,0.8461538461538461,0.012258546008606892
403,"Thomas Pogge allegedly harmed Yale's philosophy department, which was previously a beacon of harmony.",Thomas Pogge Allegedly Harms a University Philosophy Department,irony,0,0.8651777505874634,0.8249406814575195,0.04023706912994385,0.8605920672416687,0.03070662829160023,476.07684326171875,11,0.7857142857142857,0.02642588071948975
404,"Test your news knowledge with a quiz, because who needs to actually read news?",People Often Test News Quests Before Signing News,understatement,0,0.8089112043380737,0.7831263542175293,0.025784850120544434,0.5992692112922668,0.013120543279239774,380.5372619628906,14,1.0,0.007862737622676072
405,Robin Hood Foundation. Stealing from the rich to give to the poor? How utterly original and never controversial.,Robin Hood Foundation Faces Criticism Over Donations to the Homeless,irony,0,0.9527695178985596,0.5544403791427612,0.39832913875579834,0.7110806703567505,0.028361505274591737,195.42665100097656,14,0.7777777777777778,0.02016731818298321
406,4 bold lip looks for spring: because why blend in when you can blind someone?,A bold lip for a Spring,sarcasm,1,0.8357213139533997,0.7273996472358704,0.1083216667175293,0.7001874446868896,0.021318810323722334,2193.24658203125,12,0.8,0.014927163324331624
407,Bernie Sanders declares $15 minimum wage 'not radical' in latest attempt to sound relatable.,Bernie Sanders Defends Proposed Minimum Wage Amid Calls for Change,sarcasm,0,0.9393253922462463,0.7909490466117859,0.14837634563446045,0.6181384921073914,0.02991796653393773,126.55467224121094,12,0.8571428571428571,0.018493446720207668
408,couple wouldn't have stayed in loveless marriage if they knew that's how kid would turn out,Parents Regret Staying in a Mature Marriage for a Child,sarcasm,0,0.5381428003311157,0.5379260182380676,0.0002167820930480957,0.5192152261734009,0.01158285652249976,103.7642822265625,15,0.9375,0.006013995469063764
409,alcoholic parent easy to shop for,Children Report Severe Addiction and Ease of Shopping,understatement,0,0.8115631937980652,0.8404695391654968,-0.02890634536743164,0.562684178352356,0.0,459.1560974121094,8,1.0,0.0
410,Ben Carson bizarrely attacks CNN host – because reasoned debate is overrated.,Ben Carson Criticizes CNN Host During Presidential Debate,sarcasm,0,0.917547345161438,0.8131541013717651,0.10439324378967285,0.7600271701812744,0.039428091187197575,168.0343475341797,9,0.75,0.029966420570655017
411,"Your favorite childhood shows: the ones that were actually terrible, and you were too young to know.",Your Favorite childhood Shows Were the Those That Inspired You,satire,1,0.5234882831573486,0.708412766456604,-0.18492448329925537,0.7478739619255066,0.013793247918215472,1874.7034912109375,15,0.8823529411764706,0.010315610968416551
412,sex shop bathroom key attached to 18-inch double dildo,A doubleildo is attached to a restroom key,overstatement,0,0.5408526659011841,0.6107314825057983,-0.06987881660461426,0.7560939788818359,0.057367534172156044,531.950927734375,7,0.7777777777777778,0.043375247170865154
413,new candy to hum and glow in mouths,A New Candy Causes Mouths to Glow and Hum,overstatement,0,0.6877357363700867,0.5510678291320801,0.1366679072380066,0.9299595355987549,0.028517539529041507,1595.499755859375,9,1.0,0.026520157816846576
414,"you can hold snake, owner reports",The Snake,understatement,1,0.6689062118530273,0.6796991229057312,-0.010792911052703857,0.5022425651550293,0.0,93350.5078125,6,1.0,0.0
415,"Donald Trump, noted champion of Latino Americans, has graciously agreed to an interview with Univision's Jorge Ramos. How magnanimous.",Donald Trump Agrees to an Interview With Univision's Jorge Ramos,sarcasm,0,0.8926770091056824,0.7893980145454407,0.1032789945602417,0.8147621154785156,0.02713484418997225,25.531991958618164,14,0.7368421052631579,0.0221084430554017
416,May's monumental challenge: just another day for a PM.,Americans Express Fatigue and Resilience Following May 11 Attacks,irony,0,0.9443143606185913,0.7574173212051392,0.18689703941345215,0.24466460943222046,0.0,261.3678894042969,9,1.0,0.0
417,"MSNBC pledges diversity after Cinco de Mayo disaster, proving they're learning.",NBC Pledges Diversity Following the Cinco de Mayo Disaster,satire,0,0.9775625467300415,0.9039531946182251,0.0736093521118164,0.8854219317436218,0.09503475972243514,95.56652069091797,9,0.8181818181818182,0.08414586053622947
418,bangladesh runs out of people,Bangladesh Faces a Shortage of Human Resources,overstatement,1,0.525270938873291,0.5011584162712097,0.0241125226020813,0.6431593894958496,0.033031643180138064,107.75926208496094,6,0.8571428571428571,0.02124461146178234
419,Tom Hanks in a musicless video is oddly watchable – who needs songs?,Tom Hanks Appears in a Musicless Video,irony,0,0.6607601046562195,0.664201021194458,-0.0034409165382385254,0.8141802549362183,0.04192279816074504,583.4381713867188,10,0.7692307692307693,0.03413271449415502
420,dead facebook friend from high school still has cartman profile picture,Deceased Facebook User's Profile Retains Eric Cartman Image,satire,1,0.7075898051261902,0.6507526636123657,0.05683714151382446,0.8130699396133423,0.0,426.4518737792969,11,1.0,0.0
421,Happy Mother's Day to moms fighting for trans students: activism is the best gift,Mothers Support Activism on Mother's Day,satire,0,0.9217519164085388,0.935208797454834,-0.013456881046295166,0.736406683921814,0.022757395885402106,88.56523132324219,14,1.0,0.0167586984386649
422,"Wealthy donors declare that voters are irrelevant in elections, because democracy is overrated.",Wealthy Donors Mobilize Ahead of Election Cycles in Iowa,satire,0,0.9587494730949402,0.9238377809524536,0.03491169214248657,0.4887513518333435,0.018284887072297418,102.48728942871094,11,0.8461538461538461,0.008936763274705389
423,commuter playing some sort of alphabet sudoku,Commuter plays an Egyptian sudoku in a subway,satire,0,0.6108385324478149,0.7582762241363525,-0.1474376916885376,0.7698800563812256,0.02777619034011792,521.7100830078125,8,1.0,0.021384334985105637
424,"green energy scientists unveil 800,000-ton potato capable of powering entire city",Researchers Propose a Giant Potato As Renewable Energy Source,overstatement,0,0.8775812387466431,0.6013400554656982,0.2762411832809448,0.7859740257263184,0.0,249.5406494140625,11,1.0,0.0
425,adjusting several sliders on recording studio's mixing console pays off big time,Dilapidated Audio Mixing Devices at a Recording Studio,overstatement,0,0.9807631969451904,0.7508614659309387,0.2299017310142517,0.5390273332595825,0.0,206.45912170410156,12,1.0,0.0
426,"What about Libya? Oh right, we only care when it's convenient.",International observers question Libya's violent crackdown on civilian protesters,rhetorical_question,0,0.9180257320404053,0.854464054107666,0.06356167793273926,0.42260903120040894,0.0,226.74472045898438,11,1.0,0.0
427,"obama throws small business owner into seat, tells him to just smile and keep his fucking mouth shut",President Obama Selects a Small Business Owner as a State of the Union Guest,sarcasm,0,0.8007311224937439,0.9435280561447144,-0.14279693365097046,0.5348702669143677,0.0,91.89083099365234,18,1.0,0.0
428,offbeat congressman having trouble finding committee to fit into,Freshman struggles to Secure a Committee Assignment,irony,1,0.7960723638534546,0.6836252808570862,0.11244708299636841,0.5439988374710083,0.024822529802838878,5813.95556640625,9,1.0,0.013503427355833807
429,movie deemed acceptable for mom and dad,Adult Film Sets Standards for the Moms and Fathers,understatement,0,0.92633455991745,0.8701876401901245,0.05614691972732544,0.8050682544708252,0.028517539529041507,671.4713745117188,7,0.7777777777777778,0.022958565770448205
430,12% of federal government that's currently functioning to shut down,Federal Government Shutdown Threatens,irony,0,0.7062139511108398,0.506859540939331,0.1993544101715088,0.6077084541320801,0.0,259.9273986816406,10,1.0,0.0
431,"Two Heroes Wield Lightsabers Against Fireworks, Save the Day",Two Heroes Hold a Fireworks and Save the Day,overstatement,1,0.7588561773300171,0.5871064066886902,0.1717497706413269,0.8140245079994202,0.14923729480049117,246.62342834472656,4,0.4444444444444444,0.12148281547513425
432,heroic police officer talks man down from edge of purchasing subway footlong sweet onion chicken teriyaki,Police Officer Advises Customer Against purchasing a Subway Sandwich,satire,0,0.621907114982605,0.7326831817626953,-0.11077606678009033,0.4954938292503357,0.011017167600428483,1278.5274658203125,15,0.9375,0.005458938561829041
433,man needs emotional support only a woman can feign,Iowa Man Seeks Emotional Support From Friends and Family,sarcasm,0,0.7897950410842896,0.7016922831535339,0.08810275793075562,0.5145131945610046,0.0,50.792545318603516,9,1.0,0.0
434,David Beckham stared at a camera? This changes everything we thought we knew about soccer.,David Beckham Appears in a Camera,overstatement,0,0.9498013854026794,0.5929735898971558,0.3568277955055237,0.7404969930648804,0.021318810323722334,3979.33447265625,12,0.8,0.015786514940436917
435,4-year-old reportedly loved trip to italy,A 4-Year-Old Girl Reportedly Loses Interest in a Visit to Italy,sarcasm,1,0.5687298774719238,0.723962128162384,-0.1552322506904602,0.7428359389305115,0.018850319022747353,44.16941452026367,10,0.9090909090909091,0.014002694430402212
436,"Mind-blowing, earth-shattering gun ad by Brian Kemp that totally didn't backfire at all",Brian Kemp Appears in a Gun Commercial for a Supporter,overstatement,0,0.9612022638320923,0.8488436341285706,0.11235862970352173,0.6274236440658569,0.03306446654126846,605.3212890625,13,1.0,0.02074542808641626
437,Fuller House to explain Olsen twins' absence with a heartfelt 'they're too busy being rich' – so original.,Fuller House to Explain the Olsen Twins' Absence,satire,1,0.9571036696434021,0.674056887626648,0.28304678201675415,0.8277817964553833,0.042323061349259145,419.3815612792969,15,0.8333333333333334,0.03503425975518113
438,"Groundbreaking science reveals that celebrities, like Ryan Lochte, are prone to fibbing – shocker!",Ryan Lochte Discusses His Personal Interest in Fling,overstatement,0,0.9290782809257507,0.5871770977973938,0.34190118312835693,0.6490298509597778,0.013120543279239774,124.76051330566406,13,0.9285714285714286,0.008515624249036305
439,"Firefighter who took in friend's 6 kids after he died on 9/11 gets best Father's Day gift ever. Because family is all about convenience, not tragedy.",Firefighters at a Pennsylvania Family Event Celebrating the 9/11 Memorial,irony,0,0.8812824487686157,0.9054418206214905,-0.024159371852874756,0.5198990702629089,0.004261094784666207,109.63382720947266,25,0.9615384615384616,0.002215339216850091
440,Ted Cruz hits the panic button: 'We could lose both houses' – as if that's a bad thing.,Ted Cruz Struggles to Secure Republican Control in Both the House and Senate,satire,0,0.823204517364502,0.7299630641937256,0.09324145317077637,0.6300652623176575,0.024752248336714237,53.49671173095703,16,0.8888888888888888,0.015595531841223656
441,James Clapper says institutions under assault: from the administration that thinks truth is optional.,James Clapper Defends Administration's Historical Handling of the Media,irony,0,0.9204757809638977,0.9123339653015137,0.008141815662384033,0.5634961724281311,0.03220031756509398,293.012939453125,11,0.7857142857142857,0.018144755698900776
442,Best Low-Calorie Mixers: For When You Sacrifice Taste for Health,Best Low-Calorie Mixers Available in the Health Stores,understatement,0,0.8555873036384583,0.6325169205665588,0.22307038307189941,0.8807974457740784,0.05062667121584364,132.367919921875,8,0.8,0.04459184269495913
443,podcaster makes solemn promise to improve sound quality next episode,A Podcaster Addresses Audio Quality Issues in Next Episode,irony,1,0.914076030254364,0.6937049627304077,0.2203710675239563,0.8995961546897888,0.0,313.4979248046875,10,1.0,0.0
444,The Atheist and the Nun: Can They Agree on Anything?,The Atheist and the Nun: Can They Agree on Anything,rhetorical_question,1,0.9163074493408203,0.8394863605499268,0.07682108879089355,0.9926083087921143,0.8801117367933934,112.6862564086914,1,0.1,0.8736062226065806
445,lab partner wants to be sex partner,Two women begin a sexual relationship,sarcasm,0,0.7289841771125793,0.9421049356460571,-0.21312075853347778,0.37618303298950195,0.0,180.1632537841797,7,1.0,0.0
446,Therapies for insomnia? Because sleeping is so overrated.,Researchers examine the Various Reasons people sleep,overstatement,0,0.8734235763549805,0.9043755531311035,-0.030951976776123047,0.6020501852035522,0.0,4206.49951171875,8,1.0,0.0
447,Charles Barkley's scooter skills: a masterclass in athletic grace that left Georgia State's coach in utter awe.,Georgia State Head coach Charles Barkley Performs an In-Game Scooter,overstatement,1,0.6480885744094849,0.5563269853591919,0.09176158905029297,0.8591181635856628,0.013793247918215472,224.51303100585938,17,1.0,0.011850029821379043
448,Adventures in our own backyard – exploring the wild frontiers of the backyard shed.,Children explore the wild frontiers of the Backyard sheds,understatement,1,0.8692672252655029,0.5741447806358337,0.2951224446296692,0.7266503572463989,0.2560797001652275,312.737060546875,9,0.6428571428571429,0.1860804056086133
449,6 things millennials should do before buying a house: 1. Win the lottery 2. Inherit wealth...,Five Things Young Adults Should Consider When Considering a Home,overstatement,1,0.7865492105484009,0.8413069844245911,-0.054757773876190186,0.5816900730133057,0.01158285652249976,144.49606323242188,16,1.0,0.006737632656275529
450,omarosa searches through tapes of everyone else in white house using n-word for one of trump,First Lady Melania Trump Reportedly Uses a N-word in the White House,sarcasm,0,0.784238874912262,0.8471850752830505,-0.06294620037078857,0.4308343827724457,0.012204811114796843,52.3886604309082,16,1.0,0.005258252263497782
451,"gwyneth paltrow reveals secret to her healthy, radiant skin eating 20 pounds of kielbasa a day",Gwyneth Paltrow Discusses the Secrets to Her Healthy Skin,overstatement,1,0.7258559465408325,0.6218124628067017,0.10404348373413086,0.7333105206489563,0.011017167600428483,73.03194427490234,16,1.0,0.008079004909147022
452,personal life a total waste of time,People Report Personal Waste,understatement,1,0.6290327906608582,0.5763835906982422,0.05264919996261597,0.5019474029541016,0.0,22921.46875,7,1.0,0.0
453,U.S. bobsled team honors Steven Holcomb by risking their lives on ice—what a tribute!,American Bobsled Team Honors Steven Holcomb on the Ice,overstatement,1,0.8898071646690369,0.78752201795578,0.10228514671325684,0.9333837032318115,0.03220031756509398,259.59521484375,11,0.7857142857142857,0.030055251654147765
454,You don't need to live in California to create this Venice Beach-inspired living room. Just pretend you're not in a suburb.,Residents Live in a Suburban Living Room in a Major City,sarcasm,0,0.6930396556854248,0.560535192489624,0.13250446319580078,0.4657851457595825,0.017774027710448885,90.13671112060547,19,0.9047619047619048,0.008278878087846293
455,"Another day, another life lost in the conflict. How routine.",Israeli Airstrike in Gaza Kills an Israeli Civilian,irony,0,0.7957310676574707,0.7261831760406494,0.06954789161682129,0.12039430439472198,0.02163211878762423,21.415077209472656,10,1.0,0.0026043838940200156
456,"A carefully crafted policy announcement that achieved total, complete success",Republicans Reaffirm a Policy Statement Following the Election Results,sarcasm,0,0.9848029613494873,0.8456597924232483,0.139143168926239,0.49359947443008423,0.0,258.5720520019531,10,1.0,0.0
457,inside: the fetish photography of german chancellor helmut kohl,Portrait of a German Chancellor Helmut Kohl,satire,0,0.8791272044181824,0.7408233284950256,0.13830387592315674,0.7691985368728638,0.024822529802838878,43.11224365234375,9,1.0,0.019093453605826722
458,gay rights leader lookin' good,Gay Rights Leaders Face Criticism Over Anti-Gay Sentiment in Polaganda,sarcasm,0,0.9740217924118042,0.8987067341804504,0.07531505823135376,0.5865501165390015,0.0,290.62969970703125,10,1.0,0.0
459,teacher's lounge the site of 5 separate emotional breakdowns today,Teachers at Conway High School Experience Severe Stress and Burnout,overstatement,0,0.8275597095489502,0.8944832682609558,-0.06692355871200562,0.4969326853752136,0.0,143.27871704101562,10,1.0,0.0
460,Where have all the children gone? Probably to the same place as common sense in this headline.,Fans Speculate on Where the Children Have Been Lost,rhetorical_question,1,0.8172665238380432,0.8310462832450867,-0.013779759407043457,0.6114467978477478,0.011723910995413513,104.72252655029297,16,0.9411764705882353,0.0071685478363975935
461,kim jong-un's wife on nuclear threats: 'this isn't the man i was forced to marry',Kim Jong-un's Wife Criticizes His Nuclear Threats and Forced Marriage,satire,0,0.5785118341445923,0.8543470501899719,-0.27583521604537964,0.9171580076217651,0.0,81.97200775146484,15,1.0,0.0
462,Tearful Salma Hayek at a loss for words? Over Manchester attack? How profound.,Salma Hayek Responds to criticism regarding her performance at the Manchester Attack,irony,0,0.6978831887245178,0.6124399900436401,0.08544319868087769,0.7722251415252686,0.0394112020231606,90.23411560058594,11,0.8461538461538461,0.03043432106001614
463,area man settled for,"Fort Smith, Mississippi, Postpones a New Engagement",understatement,0,0.553992748260498,0.5544486045837402,-0.0004558563232421875,0.20434419810771942,0.0,157.32254028320312,7,1.0,0.0
464,cannibal corpse blasting from papal apartment window,Papal Banner Hangs from a Window in a Vatican Residence,sarcasm,1,0.610301673412323,0.5395668745040894,0.07073479890823364,0.5224409103393555,0.021105340631872645,300.2657775878906,9,0.9,0.011026293372737733
465,Boehner's political analysis: 'nutso'. Deep stuff.,Rep. John Boehner Addresses the Media Followinghner's Political Analysis,satire,0,0.7541996240615845,0.6905890703201294,0.06361055374145508,0.6604254245758057,0.0,643.6130981445312,9,1.0,0.0
466,"American Richard Thaler wins Nobel Economics prize. Shocking, an American wins.",American Richard Thaler Wins the Nobel Prize in Economics,understatement,0,0.9475052356719971,0.9424673914909363,0.005037844181060791,0.8990910053253174,0.10798033448421628,46.929931640625,8,0.7272727272727273,0.09708414748677804
467,"Indicted for hipster glasses? Finally, a crime wave we can all get behind.",Hopster Glasses Featured in a Crime wave,overstatement,0,0.9864386320114136,0.6599828600883484,0.3264557719230652,0.5563539862632751,0.01666998712262484,758.50732421875,11,0.8461538461538461,0.009274413786629795
468,bin laden vineyard falling into disrepair,bin Ladenen vineyard in a forest,irony,1,0.6896690726280212,0.7340657114982605,-0.04439663887023926,0.7355167865753174,0.048549177170732344,1451.4844970703125,4,0.6666666666666666,0.03570873478349281
469,no one in gang has heart to tell police informant his cover's blown,Gang Members Covering an Informant,irony,0,0.8237165808677673,0.8734428286552429,-0.049726247787475586,0.6658991575241089,0.0,747.6602172851562,13,1.0,0.0
470,new mountain dew vows to kill 99.9% of stomach bacteria,PepsiCo Announces a Mountain Dew Flavor Code,satire,0,0.9204440712928772,0.525115430355072,0.3953286409378052,0.5149766802787781,0.0,372.4518737792969,10,1.0,0.0
471,same jumbotron used for marriage proposal used to ask for divorce,Man Uses a Baseball Stadium Jumbotron in a Marriage Proposal,irony,0,0.8858616948127747,0.5871524810791016,0.2987092137336731,0.6589920520782471,0.0,155.16978454589844,11,1.0,0.0
472,usps unveils new line of commemorative prince-inspired postal workers,USPS Releases a Prince Commemorative Mail,satire,0,0.9135628342628479,0.8600731492042542,0.05348968505859375,0.7926220893859863,0.0,841.3849487304688,9,1.0,0.0
473,"american public clarifies rational, measured response to this terror threat doesn't preclude panicked overreaction in future",Suspect Arrested in NYC Bombing That Injured 29,sarcasm,1,0.8302685022354126,0.5398480296134949,0.2904204726219177,0.2762969732284546,0.010218289380194194,55.209320068359375,16,1.0,0.002823282427320117
474,"Even more executives come forward to defend LGBT rights, because corporations are so progressive.",Major Corporations Support LGBT Rights in Response to Environmental Policies,irony,0,0.9848125576972961,0.9690045118331909,0.015808045864105225,0.7486879229545593,0.016824108947695062,291.9251708984375,13,0.9285714285714286,0.012596007183611034
475,white castle crave case handcuffed to wrist,A white Castle Crave Case,satire,1,0.7103805541992188,0.8488243818283081,-0.13844382762908936,0.719102680683136,0.036015288308423515,7966.89697265625,7,1.0,0.025898690368163356
476,trump boys proud after mailing in hand-drawn republican ballots to north pole,Donald Trump Jr. and Eric Trump Mail Hand-Drawn Republican Ballots to the North Pole,satire,0,0.9741835594177246,0.8480899930000305,0.1260935664176941,0.7808934450149536,0.01428363257865929,114.02217864990234,13,0.9285714285714286,0.011153995051677077
477,"OMG, Duchess of Cambridge on Vogue cover, because royal fashion is crucial news",Meghan Markle Appears on the Cover of the British Fashion Awards,sarcasm,0,0.9833614230155945,0.8859988451004028,0.09736257791519165,0.44773203134536743,0.018690183721524995,136.477294921875,12,0.9230769230769231,0.008368193923856505
478,"Moving forward from Charlottesville: just a casual, nationwide pivot away from literal fascism. No biggie.",Trump Administration Continues to Shift Focus From Facist Protests in Charlottesville,sarcasm,0,0.6783234477043152,0.9001714587211609,-0.2218480110168457,0.5547337532043457,0.0,283.2159729003906,15,1.0,0.0
479,yeti releases abdominable crunch workout video,Tesla Releases a Crunch Training Video for Its Workers,satire,0,0.7011844515800476,0.9487700462341309,-0.24758559465408325,0.5434702634811401,0.0,748.9432983398438,9,1.0,0.0
480,Kids changed you forever? Like that time they drew on the walls with permanent marker.,Children Create Their Names in Permanent Markups,overstatement,0,0.610319197177887,0.8928461074829102,-0.2825269103050232,0.49492573738098145,0.0,1201.81884765625,15,1.0,0.0
481,Is Failure Not an Option in the Iran Deal? Seriously?,Iran Deal Reached in Vienna Despite Severe Political Failure,rhetorical_question,0,0.968881368637085,0.8692800998687744,0.09960126876831055,0.6601787209510803,0.028240990488565418,471.7523193359375,10,1.0,0.018644100979132744
482,woman assaulted by celebrity just needs to sit tight for 40 years until dozens more women corroborate story,Model Acknowledges Sexual Assault Allegations Made by Celebrities,sarcasm,0,0.927976131439209,0.9428502917289734,-0.014874160289764404,0.5623797178268433,0.00795801177094546,135.52987670898438,18,1.0,0.004475424414207005
483,Cultural exchange with Russia during frost? Great timing.,Russia and Ukraine Strage a Cold War in Vienna,irony,0,0.9848065972328186,0.7392159700393677,0.24559062719345093,0.5346301198005676,0.023980296761827107,463.57269287109375,9,1.0,0.01282058893062879
484,"Is the media selling or telling in Gaza's war? A question with a clear, unbiased answer.",Israel Faces International Scrutiny Over Public Accountability in Gaza War,rhetorical_question,0,0.8605540990829468,0.8501591682434082,0.010394930839538574,0.6111928224563599,0.01158285652249976,206.1488494873047,16,1.0,0.007079358770093685
485,"singer cites girlfriend as reason he lives, dies, breaks down, cries",Singer Cites Girlfriend's Death as Reason for His Life,overstatement,0,0.8544719219207764,0.5631006360054016,0.29137128591537476,0.8644067049026489,0.019201920550239778,122.9116439819336,11,1.0,0.016598268870635226
486,Photographer Creates 'Awesomely Surreal' Pics of His Son: Because Normal Childhood Photos Are So Boring,Photographer Creates a Series of Childhood Photos for His Son,irony,1,0.8564373850822449,0.7325817346572876,0.12385565042495728,0.799431562423706,0.0423682412589593,183.37522888183594,10,0.6666666666666666,0.03387050930679436
487,3 simple tai chi moves to erase all holiday family drama—guaranteed or your money back.,Tai Chi Implements a New Line of Holiday Drama,overstatement,0,0.7267133593559265,0.792751669883728,-0.06603831052780151,0.6416919231414795,0.0,358.9538879394531,15,1.0,0.0
488,cherokee nation leader announces 32 red a winner,Chechnya Nation Leader Announces a Major Economic Update,sarcasm,0,0.5346315503120422,0.9198355078697205,-0.3852039575576782,0.21952874958515167,0.02777619034011792,499.23101806640625,8,1.0,0.0060976723336052556
489,sessions vows to protect all deeply held religious bigotry,Attorney General Jeff Sessions Pledges to Protect Religious Liberty in Federal Court,sarcasm,0,0.9260669350624084,0.7547236084938049,0.17134332656860352,0.6624919176101685,0.017033186037639283,35.70033264160156,11,0.9166666666666666,0.011284348081086396
490,paul ryan slits auto mechanic's throat to kick off gop purge of working class,Paul Ryan Defends GOP Tax Reform Plan Amid Scrutiny,sarcasm,0,0.9534939527511597,0.8648694157600403,0.08862453699111938,0.5633101463317871,0.0,73.14834594726562,14,1.0,0.0
491,nation exhibits strange preoccupation with manner in which food is processed,Food Processing Practices Draw International Criticism,sarcasm,0,0.8909080028533936,0.9104130864143372,-0.019505083560943604,0.6396288871765137,0.0,3513.947998046875,11,1.0,0.0
492,How two parents 'home-schooled' their kids by shackling them. Innovative parenting at its finest.,Two Parents Invent a New parenting Method,irony,0,0.9786965847015381,0.7877091765403748,0.19098740816116333,0.6679798364639282,0.012151662434083676,1452.6539306640625,13,0.9285714285714286,0.008117065485484075
493,report: you're far too dumb to be reading the mueller report yourself,Researchers Note Mueller Report's Length and Legal Complexity Challenge Readers,sarcasm,0,0.918483316898346,0.5077719688415527,0.4107113480567932,0.5529806613922119,0.0,1391.9873046875,12,1.0,0.0
494,concerned text from mom ​gleefully ​mocked like ramblings of village idiot,An Awkward Text From a Migrant Child Sparks Outrage in New England,sarcasm,0,0.6872341632843018,0.6923691034317017,-0.005134940147399902,0.41849473118782043,0.0,119.501220703125,12,1.0,0.0
495,report: much of u.s. still underpaved,Report Examines How Much of the U.S. remains forested,understatement,0,0.8271450400352478,0.5815954804420471,0.24554955959320068,0.21008823812007904,0.023980296761827107,77.61737823486328,8,0.8888888888888888,0.005037978296288894
496,self-defense instructor keeps a couple of secrets to himself,Self-Defense Instructor Faces Scrutiny Over Handling Personal Insecurities,understatement,0,0.7703934907913208,0.5504222512245178,0.21997123956680298,0.7504864931106567,0.0,136.63818359375,9,1.0,0.0
497,man born to party dies partying,27-Year-Old Detroit Man Dies at a Party,overstatement,1,0.7155424952507019,0.6025305986404419,0.11301189661026001,0.6081264019012451,0.0,76.16226959228516,7,1.0,0.0
498,small town beginning to wonder what taking heroin epidemic so long to get there,Heroin Use in a Small Illinois Town Raises Concerns About Rising Rates,irony,0,0.6317041516304016,0.6477015614509583,-0.01599740982055664,0.6642580628395081,0.0,242.9722137451172,14,1.0,0.0
499,area throat-clearer to go see movie,Timothy-clearer to watch a movie at Brighton Cinema,irony,1,0.6944431066513062,0.5716086030006409,0.12283450365066528,0.46611499786376953,0.03303164318013808,601.439453125,7,0.875,0.015396544290346858
500,"Texas deputy victim of 'cold-blooded' gas station attack, because who needs safety when refueling?",Texas Deputy Killed in a Fire at a Gas Station,irony,1,0.6032934784889221,0.6164347529411316,-0.013141274452209473,0.5930516719818115,0.01414733290395472,172.0201416015625,13,0.9285714285714286,0.008390099432773643
501,campaign adviser recommends throwing old blanket over romney for debates,Romney Campaign Prepared Strategy for Upcoming Presidential Debates,satire,0,0.8606743216514587,0.5734851956367493,0.2871891260147095,0.5560286641120911,0.02163211878762423,85.25926971435547,10,1.0,0.012028078111396766
502,Check out these exhausted Olympians at the end of the decathlon. They look fresh.,IOCI Opening Ceremony for the 2018 Winter Olympics in Beijing,understatement,0,0.6374142169952393,0.8344084620475769,-0.19699424505233765,0.2526765465736389,0.01414733290395472,53.72662353515625,13,0.9285714285714286,0.003574699221398889
503,"HuffPost Rise: Your essential guide for February 15, a date that changes everything.",HuffPost Releases a Updated Guide for February 15,overstatement,1,0.8177750706672668,0.6620701551437378,0.15570491552352905,0.7936779856681824,0.03738984167898844,460.5673828125,10,0.7692307692307693,0.029675494228231798
504,nation's ivy leaguers share hearty laugh that dartmouth grad thinks she can talk shit on anyone,Ivy League Team Members Laugh at Laura Ingraham's Aggressive Commentary,sarcasm,0,0.9344942569732666,0.9117556810379028,0.02273857593536377,0.732062816619873,0.0,275.63189697265625,16,1.0,0.0
505,"This year's flu season is so apocalyptic, it's already RSVPing to your funeral.",Mourners Prepare for a Widespread Bird Flu Season in 2018,overstatement,0,0.6256711483001709,0.9101845026016235,-0.28451335430145264,0.6101603507995605,0.0,160.51268005371094,13,1.0,0.0
506,"Pope to address Congress on morality, they'll listen intently.",Pope Francis to Address Congress on the Constitutionality of the Faith,irony,0,0.7301548719406128,0.6572589874267578,0.07289588451385498,0.6116050481796265,0.04740604259878138,65.30602264404297,7,0.6363636363636364,0.028993774967633112
507,Arizona Republicans want to prosecute protesters like terrorists – peaceful protest is so violent.,Arizona Republicans Seek to Prosecute Protesters in Protest,sarcasm,0,0.9423531293869019,0.863470733165741,0.07888239622116089,0.8592957258224487,0.03070662829160023,109.53934478759766,11,0.7857142857142857,0.026386074445390758
508,41 photos of presidential pets over time? The ultimate historical document for pet lovers.,Photoshopped Image Shows a Pet,satire,0,0.8954085111618042,0.5804428458213806,0.3149656653404236,0.4758390486240387,0.0,314.7849426269531,14,1.0,0.0
509,white house graciously accepts saudi prince's thank-you gift of severed yemeni head,Saudi President Mohammed bin Salman Accepts Jamal Khashoggi's Execution in the White House,sarcasm,0,0.8919779062271118,0.7417492270469666,0.15022867918014526,0.523977518081665,0.0,58.87921142578125,13,1.0,0.0
510,Revenge via Snapchat? Because nothing says justice like filtered selfies.,Supreme Court Justices Reuse a Snapshot To Filter Out Violent Content,satire,0,0.9286186695098877,0.9290129542350769,-0.000394284725189209,0.4226527214050293,0.0,164.20689392089844,11,1.0,0.0
511,Will robotics breed a new generation of super professionals? Or just a new generation of unemployed philosophers?,Robots Are a New Generation of Super Professionals,rhetorical_question,0,0.8628146648406982,0.9678519368171692,-0.10503727197647095,0.7979154586791992,0.010723804459332433,140.55213928222656,15,0.8823529411764706,0.00855668935395428
512,world's oldest woman just pleased every other human on earth when she was born now dead,"World's Oldest Woman, Misao Okawa, Reflects on Her Golden Age",irony,1,0.8812305331230164,0.8493098020553589,0.03192073106765747,0.5668813586235046,0.01158285652249976,77.16568756103516,15,0.9375,0.006566105442215786
513,"Scientists reveal the secret to charisma: be yourself, smile, and don't be boring—revolutionary.",Researchers Propose the Secret to Maintain Social Attitudes,overstatement,0,0.8465690612792969,0.919322669506073,-0.07275360822677612,0.48233070969581604,0.01768056451493027,157.89212036132812,11,0.8461538461538461,0.008527879230308979
514,supreme court justices brought to tears by heartfelt testimony of bigot who hates gay people,Supreme Court Hears Oral Arguments on Defense of Marriage Act,irony,0,0.9434457421302795,0.8041672706604004,0.13927847146987915,0.48489177227020264,0.012801036176909563,36.96974182128906,14,0.9333333333333333,0.006207117118716657
515,Mnuchin touts Trump's call for unconstitutional veto – democracy is so last season.,Mnuchin Responds to Trump's Call for a Referendum on Ukraine,irony,0,0.9628376960754395,0.7976608276367188,0.1651768684387207,0.48677757382392883,0.020577107905082877,25.978342056274414,11,0.8461538461538461,0.01001647466234943
516,"Scott Walker works wonders on job numbers, unemployment vanishes magically.",Scott Walker Continues to Advocate for Job Growth in Ohio,sarcasm,0,0.9827126264572144,0.9423534274101257,0.04035919904708862,0.5788499116897583,0.0446323613785333,97.85749816894531,8,0.8,0.02583543844246938
517,Firefighters are overjoyed to rescue a dozen police officers from an elevator – thank goodness for that break from doughnut duty.,Firefighters Rescue a Dozen from an Elevator During a Doughnut Duty,sarcasm,0,0.9723361134529114,0.5424447059631348,0.4298914074897766,0.7752981781959534,0.019099435745046803,670.2359619140625,17,0.8095238095238095,0.014807757737705459
518,"Oh, let's all be thrilled to learn how 'Serial' was made, because who doesn't love endless true crime podcasts?",Serial Podcast 'Serial' Was Manufactured for a Wide Audience,sarcasm,0,0.9375157952308655,0.513253390789032,0.4242624044418335,0.7580779790878296,0.007894145539546107,219.22259521484375,18,0.9473684210526315,0.005984377897244317
519,Oops: hot mic catches Al Roker going to the bathroom – the scandal of the century!,Al Roker appears in a restroom,understatement,0,0.9141679406166077,0.6128284335136414,0.3013395071029663,0.6433126330375671,0.016306386699013735,358.76617431640625,14,0.875,0.010490104562671288
520,"A new joint message from the Kremlin and Trump admin – the dynamic duo of democracy, I'm sure.",Russia and Trump Send a Joint Message at the Russian and Trump Administration,sarcasm,0,0.9787977337837219,0.8346961736679077,0.1441015601158142,0.6241569519042969,0.024752248336714237,197.3606414794922,17,0.9444444444444444,0.015449287874621761
521,"My battle with depression and anxiety: it's not so bad, really.",Researchers Discuss the Effects of Depression and Anxiety,understatement,0,0.6381478309631348,0.6107545495033264,0.02739328145980835,0.6117091178894043,0.019090277826420414,69.06893157958984,11,1.0,0.011677697009463285
522,"Gene Simmons, the epitome of rock 'n' roll, tells aspiring musicians to abandon dreams and get a real job. Rock on!",Gene Simmons Discusses His Career As a Rock 'n' Roll Singer,sarcasm,1,0.871828556060791,0.7823923230171204,0.08943623304367065,0.7729734182357788,0.01074040200725754,33.42112350463867,19,0.9047619047619048,0.00830204525277628
523,"Whiteness History Month causes controversy? I'm shocked, because history months are always so unifying.",Americans Speculate on the History Months Ahead ofWhiteness History Month,sarcasm,0,0.9363409876823425,0.7559374570846558,0.18040353059768677,0.6355701684951782,0.02991796653393773,317.92608642578125,14,1.0,0.01901496703100791
524,McDonald's uses bachata princess to target Hispanics – because nothing says 'authentic' like corporate music.,McDonald's Uses a Hachata Princess To Target Hispanics,satire,0,0.9384194016456604,0.8917925953865051,0.04662680625915527,0.665639340877533,0.013769637489372186,1199.6905517578125,14,0.9333333333333333,0.00916561242254827
525,"A 'Married... with Children' spinoff is happening, finally bringing quality television back.",A 'Married... With Children' Spinoff Airs,overstatement,1,0.9364965558052063,0.5591858625411987,0.37731069326400757,0.8478183746337891,0.0351487760467425,201.49281311035156,9,0.75,0.029799778178316284
526,"Chronic stress creates hormonal havoc: just a little stress, no big impact on health.",Anxiety Over Chronic Stress Has Minimal Impact on Health,understatement,0,0.5666025280952454,0.5149489045143127,0.05165362358093262,0.6812640428543091,0.01636203585580252,126.79804229736328,13,0.9285714285714286,0.01114686669645119
527,"Voting in Myanmar's first free election in 25 years, let's see if it's actually free this time.", Myanmar Votes in a Free Election,irony,0,0.9168977737426758,0.9330123662948608,-0.01611459255218506,0.8612196445465088,0.006527063301683154,445.96636962890625,16,0.9411764705882353,0.005621235136608128
528,A baby and a dog sit for photos monthly for two years. This isn't adorable; this is a commitment to content farming of epic proportions.,A Baby and a Dog Spots for a Daily Photo,overstatement,1,0.6766317486763,0.8703311681747437,-0.1936994194984436,0.741911768913269,0.012522560660109304,372.4263000488281,20,0.8,0.009290635130665408
529,"Well, that protest really brought people together, didn't it?",Protesters Engage in a Solidarity Following Boston Bombing,irony,0,0.8707247972488403,0.9137639403343201,-0.043039143085479736,0.4999711811542511,0.0,93.21896362304688,9,1.0,0.0
530,"When Trump goes low, Latinos go high – except when they're being deported, then they're just trying to survive.",Trump's Efforts to Halt Immigration Prosecutions Draw Scrutiny,irony,0,0.8363810777664185,0.8301282525062561,0.0062528252601623535,0.3539509177207947,0.007022920738591118,35.71892547607422,19,1.0,0.0024857692405047273
531,Lisa Bloom planned to discredit accusers: defending the indefensible since forever,Lisa Bloom Defends the indefensible in court hearing,sarcasm,0,0.9278973937034607,0.7831803560256958,0.1447170376777649,0.8012145757675171,0.05709324736182451,346.56622314453125,8,0.7272727272727273,0.04574394196419414
532,Melania Trump mocked for teaching kids digital responsibility? She's clearly the moral compass we all need.,Melania Trump Faces Scrutiny Over Her Leadership and Leadership,sarcasm,0,0.966253936290741,0.83265620470047,0.133597731590271,0.4123953580856323,0.023298472850403023,86.04190826416016,14,0.875,0.009608182053990338
533,third knocked-over glass of water makes man want to give up,One Drink of a Glass,overstatement,1,0.5724133253097534,0.9191153049468994,-0.346701979637146,0.40085816383361816,0.016182712188007015,2136.927490234375,10,0.9090909090909091,0.0064869722935324056
534,gop convention to feature strong lineup of conservative women listeners,Republican National Convention to Feature a Prominent Female Attendees,sarcasm,0,0.9300109148025513,0.920196533203125,0.00981438159942627,0.7104650735855103,0.02145851237135921,273.8687438964844,10,1.0,0.015245523570953302
535,Protesters swarm ICE HQ after raids – because what better way to solve immigration issues than with more enforcement?,Protesters Swarm ICE Headquarters Following Raids in Enforcement,irony,0,0.9431091547012329,0.9214238524436951,0.021685302257537842,0.8615962266921997,0.008351707310432721,2675.5087890625,17,0.8947368421052632,0.007195799505106492
536,Trusting in grace? In this economy? How quaint.,Economic Crisis and Recession Persist Across American Systems,rhetorical_question,0,0.8389958143234253,0.7927560210227966,0.04623979330062866,0.28520309925079346,0.0,647.2610473632812,8,1.0,0.0
537,One local election will definitively reshape the entire political cosmos for the GOP. No exaggeration here.,Democrats Hope a Primary Surge in the GOP,overstatement,0,0.5128853917121887,0.8163684606552124,-0.3034830689430237,0.4973611831665039,0.010218289380194194,366.9684143066406,15,0.9375,0.0050821804960711064
538,fourth-grade teacher polishing up speech on this not being third grade anymore,Pennsylvania Fourth-Grade Teacher Prepares Speech on the Future of the School,irony,0,0.9373829364776611,0.8796212077140808,0.05776172876358032,0.6015714406967163,0.017212239801819764,147.57212829589844,11,0.9166666666666666,0.010354391895198078
539,"Betsy DeVos, the epitome of clarity, struggles to explain her own rules.",Education Secretary Betsy DeVos Defends Her Rules Amid Criticism Over Education Funding,sarcasm,0,0.9327865242958069,0.8001084923744202,0.13267803192138672,0.6271412372589111,0.017033186037639283,86.83827209472656,12,1.0,0.01068221336610631
540,"Delta Airlines celebrates first black female captain, tokenism much?",Delta Airlines Faces Criticism Over Policyholder Diversity and Service Diversity,sarcasm,0,0.8737728595733643,0.6818113923072815,0.19196146726608276,0.5003923773765564,0.0446323613785333,966.418212890625,8,0.8,0.022333693418133873
541,"gm workers strike for 2,000-peso raise",GM Workers Go on a Strike,irony,0,0.9674597978591919,0.9240137338638306,0.04344606399536133,0.7350550889968872,0.0,302.5521240234375,6,1.0,0.0
542,angelina jolie stuns in first rollerblading competition since double mastectomy,Amalia Jolie performs a double mastectomy in a competition,irony,0,0.7669754028320312,0.9128760695457458,-0.1459006667137146,0.6752258539199829,0.05396530161402381,175.01341247558594,10,1.0,0.03643876686437866
543,fashion industry pretends to care about plus-size models,Vogue Magazine Critiques Plus-Size Models in the Fashion Industry,sarcasm,0,0.9722275733947754,0.9051787257194519,0.06704884767532349,0.7873709797859192,0.0,220.5878448486328,9,1.0,0.0
544,clinton campaign airlifts 200 crates of volunteers to wisconsin headquarters,Clinton Campaign Sends Volunteers to Wisconsin Headquarters,overstatement,0,0.9448606371879578,0.9138875603675842,0.030973076820373535,0.8116337060928345,0.02151810250197126,395.9347229003906,9,0.9,0.017464817281760428
545,henry rollins laboriously explains why buying organic is punk rock,Henry Rollins Advocates for Buying Organic Food,satire,0,0.929527759552002,0.9572630524635315,-0.02773529291152954,0.730620801448822,0.0,491.1139831542969,10,1.0,0.0
546,ryan zinke calls for legislation to slow down destruction of wildlife so he can truly savor every minute of it,Interior Secretary Ryan Zinke Calls for Legislation to Address Rapid Decline in Endangered Species,sarcasm,0,0.9539344906806946,0.5936153531074524,0.3603191375732422,0.7351329326629639,0.011065472484329979,41.36855697631836,20,1.0,0.00813459323870683
547,bertolli packaging promises empty ravioli floating in filling-saturated water in just 5 minutes,Bertolli Releases a New Five-Minute Ravioli,sarcasm,1,0.8197477459907532,0.5420081615447998,0.27773958444595337,0.6846451163291931,0.0,155.7504425048828,13,1.0,0.0
548,Caitlyn Jenner gets candid with Diane Sawyer again – because the world needs more celebrity confessions.,Caitlyn Jenner Discusses Her Personal Accounts at the Academy Awards,satire,0,0.9398356080055237,0.8729024529457092,0.06693315505981445,0.5304996967315674,0.02710790721250877,99.40274810791016,13,0.8125,0.014380736555263372
549,republicans give in right before obamacare would have been repealed,House Republicans Falt a Repeal of the Affordable Care Act,irony,0,0.8166745901107788,0.6900205612182617,0.1266540288925171,0.7014459371566772,0.0,76.5379867553711,10,1.0,0.0
550,fbi releases list of criminals it in no particular rush to track down,FBI Releases a List of Lower-Priority Fugitives,sarcasm,0,0.785081148147583,0.7363424897193909,0.04873865842819214,0.6924192905426025,0.014017732413740807,193.16653442382812,13,1.0,0.009706148332938452
551,"HuffPollster: Republican women really don't like Trump: They're mildly uncomfortable, but hey, party loyalty comes first, right?",Poll suggests Republican Women prioritize party Loyalty Over Trump's Performance,understatement,0,0.6690431237220764,0.8289780616760254,-0.15993493795394897,0.7299105525016785,0.012463606455186824,1035.851806640625,16,0.9411764705882353,0.009097317873868901
552,Sharing dreams is important? To your Instagram followers?,Social Media Platforms Face Criticism Over Inevitable Content,rhetorical_question,0,0.6897051334381104,0.8028712272644043,-0.11316609382629395,0.06922617554664612,0.0,122.81989288330078,8,1.0,0.0
553,desperate u.s. colleges weigh emergency bob marley legend ban,U.S. Colleges Prepare for a Bob Marley Legend Ban,overstatement,0,0.904730498790741,0.7327190041542053,0.17201149463653564,0.8678847551345825,0.0,179.88710021972656,9,1.0,0.0
554,peter strzok summoned before congress again for texts calling trey gowdy 'a pissy little shithead',Senator Peter Sanford Appears Before Congress for a Tax Evasion Hearing,sarcasm,0,0.6883018612861633,0.6081412434577942,0.08016061782836914,0.2802932858467102,0.01310368481704471,377.79632568359375,14,0.9333333333333333,0.0036728748740691096
555,$5 million bounty placed on recession,Treasury Secretary Timothy Geithner Releases a $5 Million Budget bounty Amid Economic Recession,overstatement,0,0.5582717657089233,0.816981852054596,-0.2587100863456726,0.5717144012451172,0.018476860420522198,228.89247131347656,11,0.8461538461538461,0.010563487192208452
556,mass grave blasted for lack of diversity,Mass Grave at the Dakota National Monument,satire,0,0.5379061102867126,0.5975596904754639,-0.05965358018875122,0.5253360867500305,0.0,413.2779235839844,7,1.0,0.0
557,"new york family man latest victim of nation's misguided war on tax evasion, perjury, campaign finance violations",New York Family Files for Tax Evasion and Prosecution Following Paul Manafort's Death in Paul Manafort Fraud Trial,satire,0,0.9075325131416321,0.6737828850746155,0.2337496280670166,0.6517693400382996,0.0,136.42140197753906,18,1.0,0.0
558,"Election cycle so terrifying, haunted houses now include voter fraud simulations",Election Season Expected to Include Voter Fraud Scenarios,overstatement,0,0.9180296659469604,0.6939645409584045,0.2240651249885559,0.6754277348518372,0.019090277826420414,133.1174774169922,10,0.9090909090909091,0.012894103109991393
559,"Donors giving to Orlando victims' fund at a record rate—because in times of tragedy, generosity always shines through... right?",Donors Continue to Advocate for Victims of Orlando Nightclub Victims in the Following Tragedies,irony,0,0.6185467839241028,0.7755857110023499,-0.15703892707824707,0.6651083827018738,0.014944314519216814,103.5880355834961,16,0.8421052631578947,0.009939588860464426
560,"papal apartments found filled with old newspapers, empty pill bottles, mangy cats","Sapal Apartments are filled with old newspapers, old cats, and personal Items",satire,1,0.6504722237586975,0.5257678031921387,0.12470442056655884,0.5491564869880676,0.21200626759025185,276.07281494140625,8,0.6666666666666666,0.11642461712931493
561,Kids sue government over climate change: since when do children have rights?,Climate Change Legal Teams Sue the Government Over Environmental Rights Concerns,rhetorical_question,0,0.7148088812828064,0.9021467566490173,-0.18733787536621094,0.6915708780288696,0.0,350.85919189453125,12,1.0,0.0
562,"Texas leads the abortion限制 charge, a shining model for the nation.",Texas Legalizes Same-Sex Abortion,sarcasm,0,0.9521393775939941,0.8956628441810608,0.05647653341293335,0.6254684925079346,0.013961492464016846,87.18525695800781,10,0.9090909090909091,0.008732473644629505
563,Kate Middleton battles a disease that leaves you feeling lost and alone—because royalty isn't all glamour.,Kate Middleton's Battle With Terminal Lymphoma Highlights Her Personal Fears,irony,0,0.6510130763053894,0.5014390349388123,0.14957404136657715,0.5860888957977295,0.01158285652249976,393.4541931152344,15,0.9375,0.006788583589455413
564,A flawless display of harmony that makes every divorced family feel inadequate and inspired.,A Separation Provides Temporary Relief for Moved Parents in New York,irony,0,0.9738963842391968,0.7878643870353699,0.1860319972038269,0.1981702744960785,0.014350755161376995,168.46316528320312,13,0.9285714285714286,0.0028438930895560944
565,job placement service helps students who fail out of dad's alma mater find work at dad's company,Microsoft's Job Placement Service Helps Students Relocate to a Father's Company,satire,0,0.9701340794563293,0.9392671585083008,0.030866920948028564,0.6997899413108826,0.0,168.92237854003906,17,1.0,0.0
566,"Schock faces scrutiny nationwide, but his home district is just bursting with pride for their scandal-prone rep.",Schock Faces Scrutiny Over Recent Recandals in His Home District,sarcasm,0,0.8599336743354797,0.6110020875930786,0.24893158674240112,0.7962759137153625,0.010480601989299657,399.44268798828125,16,0.9411764705882353,0.008345450925316631
567,"The worst place for a child? Anywhere without Wi-Fi, obviously.",Experts Note Wi-Fi Is a Vital Security for Children,overstatement,0,0.7434552907943726,0.9590208530426025,-0.21556556224822998,0.6043224930763245,0.025518615589394285,427.376708984375,9,0.9,0.015421473392839113
568,'what if no one travels anywhere ever again?' wonders panicked transportation secretary,Transportation Secretary Timothy Geithner Faces Scrutiny Over Recent Flights in New York,rhetorical_question,0,0.6756662726402283,0.7874907851219177,-0.11182451248168945,0.313241571187973,0.0,53.83552551269531,12,1.0,0.0
569,john kerry actually pretty good at windsurfing now,US Secretary of State John Kerry Conducts a Windsurfing,understatement,0,0.8299760818481445,0.8859851956367493,-0.056009113788604736,0.7745682597160339,0.0,47.40497589111328,9,1.0,0.0
570,"Diabetes rates may be leveling off, so we can all breathe easy now.",Diabetes Rates Show Signs of Imminent Relief,understatement,0,0.9149986505508423,0.7165147662162781,0.1984838843345642,0.5566704869270325,0.014017732413740807,1038.9052734375,12,0.9230769230769231,0.007803257928369941
571,who's this little guy?,Person holding a bong,rhetorical_question,0,0.94797283411026,0.5462815761566162,0.4016912579536438,0.19749252498149872,0.0,152.12217712402344,4,1.0,0.0
572,Discover the 5 napping myths you've fallen for – because who doesn't love a good nap-scare?,Researchers explore the potential uses of a nap-scare,satire,0,0.6179046034812927,0.7296788692474365,-0.1117742657661438,0.7504010200500488,0.012151662434083681,169.4129180908203,15,0.9375,0.009118619885840253
573,mom thinks you'd enjoy restaurant she can't remember name of right now,Adults Often Struggle to Remember the Faces,understatement,0,0.6024707555770874,0.6608311533927917,-0.058360397815704346,0.27304741740226746,0.0,574.7196044921875,12,1.0,0.0
574,tank rolls by living room window,A Tank Drops Through a Living Room Window,irony,1,0.6097643971443176,0.8036819696426392,-0.19391757249832153,0.7285361289978027,0.0,5508.53857421875,8,1.0,0.0
575,37 separate aneurysms on verge of rupturing inside reince priebus' brain,Reince Priebus Suffers a Stress In White House Press Conference,overstatement,0,0.7331690788269043,0.771212637424469,-0.0380435585975647,0.3824225068092346,0.0,168.42613220214844,11,1.0,0.0
576,"Amazon shelves the series before it begins, because why take risks on sci-fi?",Amazon Suspends the Series Amid Concerns Over Potential Creative Flaws,sarcasm,1,0.5911756753921509,0.5923279523849487,-0.0011522769927978516,0.5858613848686218,0.01859351593152887,299.2441101074219,11,0.8461538461538461,0.010893222993222287
577,"This country's capital just made it punishable to catcall women – finally, a law against 'compliments'.",Washington Legalizes Same-Sex Marriage Nationwide,sarcasm,0,0.9370662569999695,0.910150945186615,0.026915311813354492,0.312378466129303,0.0,79.00849914550781,16,1.0,0.0
578,"Channing Tatum teases Gambit with vague hype – because we all trust superhero movie promises, right?", Channing Tatum Discusses His Role in a Marvel Movie,sarcasm,1,0.9096083045005798,0.6520922183990479,0.257516086101532,0.6410084962844849,0.023298472850403023,58.76026153564453,14,0.875,0.014934519047561738
579,woman digs excitedly into ingrown hair around bikini line like grave robber pillaging spoils of the dead,Woman Removes Ingrown Hair from a Bikini,overstatement,0,0.7549824118614197,0.5862665176391602,0.16871589422225952,0.5647521018981934,0.0,169.26974487304688,17,1.0,0.0
580,Inclusion riders for all films: Affleck and Damon's fix for Hollywood,2014 Academy Award Nominees for Best Actor Ben Affleck and Damon,sarcasm,1,0.9417087435722351,0.6552441120147705,0.2864646315574646,0.5583606362342834,0.04411629359322707,25.248329162597656,11,1.0,0.02463280175901271
581,gallant amazon user heroically defends 'fringe' season 2 box set from negative reviewers,Amazon Users Defend 'Fringe' Season 2,sarcasm,0,0.9484328627586365,0.6021105051040649,0.34632235765457153,0.708568811416626,0.012712983380807008,165.0174102783203,12,0.9230769230769231,0.009008023523697742
582,"Matt Bomer, Zachary Quinto prep 'Boys in the Band' for Broadway. Another reboot, how original.",Matt Bomer and Zachary Quinto Prepare for a Biopic About the Band,sarcasm,1,0.6640816926956177,0.533933162689209,0.1301485300064087,0.7693161368370056,0.03527481708639238,92.98753356933594,12,0.8,0.027137486008535383
583,bush dies peacefully in his sleep,Former President George H.W. Bush Dies,understatement,1,0.6674321293830872,0.5316484570503235,0.13578367233276367,0.6041066646575928,0.0,13.551413536071777,6,1.0,0.0
584,thursday cry moved up to wednesday due to scheduling conflict,Oklahoma Workers Change the Deadline for the Thursday Cry,irony,0,0.5836445093154907,0.7915127277374268,-0.20786821842193604,0.6138315796852112,0.0,1900.20751953125,10,1.0,0.0
585,brad pitt bored with sight of jennifer aniston's naked body,Brad Pitt and Jennifer Aniston Attend the Academy Awards,sarcasm,0,0.561465859413147,0.9376735091209412,-0.3762076497077942,0.4579659104347229,0.0,96.25145721435547,10,1.0,0.0
586,deadlocked supreme court: 'someone's voting twice',Supreme Court Justifies Multiple 5-5 Votes in Recent Cases,rhetorical_question,0,0.8165091872215271,0.8187134265899658,-0.0022042393684387207,0.5994656085968018,0.0,138.0277099609375,9,1.0,0.0
587,mark zuckerberg defends decision to fly confederate flag at facebook headquarters,Facebook Faces Criticism Over Privacy Privacy Concerns Amid Cambridge Analytica Fallout,sarcasm,0,0.9384242296218872,0.5641632080078125,0.3742610216140747,0.30559295415878296,0.0,293.94482421875,11,1.0,0.0
588,new pepsi negative-220 burns twice the calories it contains,Pepsi Launches a New Lightweight Formula,overstatement,0,0.6191441416740417,0.7683313488960266,-0.14918720722198486,0.5355426073074341,0.0,265.79644775390625,9,1.0,0.0
589,nra criticizes video game makers for downplaying portrayal of euphoric rush felt watching light leave enemy's eyes,NRA Addresses Debate Over Video Games and Gun Violence in Gun Violence,satire,0,0.7575042843818665,0.8484084606170654,-0.09090417623519897,0.5555194020271301,0.0,181.04302978515625,17,1.0,0.0
590,flea market vendor could possibly let unidentifiable lump go for $15,Flea Market Vendor Offers Unidentified Object for a $15,irony,1,0.7912328839302063,0.7999266386032104,-0.00869375467300415,0.7210164070129395,0.022835060540062107,258.8170166015625,10,0.9090909090909091,0.016464453304518532
591,Plane diverted because Ebola virus reclined its seat—the ultimate in in-flight terror.,Airlines Diverting an Ebola Virus from the In-Flight,overstatement,0,0.9061198830604553,0.7725521922111511,0.1335676908493042,0.8524050116539001,0.016847111051295396,155.7942657470703,11,0.9166666666666666,0.014360561892014002
592,fox cancels apatow's 40-year-old virgin,Fox Cancels Oscar Mayer Amid Sexual Abuse Allegations,satire,0,0.8488249778747559,0.7950009107589722,0.05382406711578369,0.5928107500076294,0.0,282.61968994140625,8,1.0,0.0
593,White House creates more problems – innovative problem-making at its finest.,Trump Administration Faces Criticism Over Policy Reform in Russia Investigation,satire,0,0.9823148250579834,0.8416096568107605,0.1407051682472229,0.26641741394996643,0.0,234.05160522460938,11,1.0,0.0
594,Twitter bad for language? Study says no—because emojis and hashtags are the height of eloquence.,Twitter Uses Emojis and Hashtags to Boost Engagement,irony,0,0.7636458277702332,0.903358519077301,-0.13971269130706787,0.7047133445739746,0.013769637489372186,72.16419219970703,13,0.8666666666666667,0.00970364728870666
595,kids in bus accident mocked by kids in passing bus,Young Children Crash in a Bus,irony,0,0.9005380868911743,0.587989330291748,0.31254875659942627,0.711477518081665,0.020960166113993737,951.23974609375,9,0.9,0.014912686965363681
596,"Bill de Blasio, Adam Smith and the living wage movement, proving that economic theories are best discussed over coffee.",Bill de Blasio and Adam Smith Discuss Economic theories at City Hall,irony,0,0.9583134055137634,0.8988831639289856,0.05943024158477783,0.7176100015640259,0.03145956792313151,300.9162292480469,15,0.7894736842105263,0.02257570058652198
597,"Police arrest suspects in Brazil—a rare feat, considering the usual chaos.",Police Arrest Suspects in Brazil Amid Ongoing Chaos,irony,0,0.9403383731842041,0.6831822395324707,0.2571561336517334,0.9143338203430176,0.022702294218557836,276.5334167480469,9,0.8181818181818182,0.02075747540340519
598,Collective impact? As if communities can work together.,Residents Seek Constructive Impact From Municipal Businesses,sarcasm,0,0.9021528959274292,0.8720489740371704,0.03010392189025879,0.4062645733356476,0.0,841.9194946289062,8,1.0,0.0
599,"Cooking off the cuff: mushrooms make the meatloaf (duck doesn't hurt either), because why use one expensive, unusual protein when you can use two?",Researchers Discuss the Complexities and Benefits of Mice in a Meatloaf,rhetorical_question,1,0.899800717830658,0.7008463144302368,0.19895440340042114,0.5468465089797974,0.0057817803611530435,110.14187622070312,23,0.9583333333333334,0.003161746406184494
600,pete buttigieg releases comprehensive list of fun personality quirks to include in articles about him,Pete Buttigieg Releases a Personal Update,sarcasm,0,0.9246907830238342,0.520331621170044,0.4043591618537903,0.6714560985565186,0.0,437.4075622558594,15,1.0,0.0
601,every picture on man's tinder clearly from same event where he dressed up,Photoshopped Image Shows a Man in a Tinder,irony,0,0.78578120470047,0.6504690051078796,0.13531219959259033,0.7105135917663574,0.0,226.42446899414062,13,1.0,0.0
602,Top 10 workout songs: because nothing boosts your cardio like a carefully curated Spotify playlist.,Researchers Prove Modification a Streaming System Is Most Effective for Cardiac Health,understatement,0,0.5725727081298828,0.8486613035202026,-0.2760885953903198,0.27707013487815857,0.013265458624314393,257.95849609375,15,1.0,0.0036754624102594206
603,"Earth without the moon: darker nights, no tides, werewolves jobless.",Scientists Warn of Hardship in the Lunar Without a Source,satire,1,0.7024484276771545,0.621951699256897,0.08049672842025757,0.5207850933074951,0.021105340631872645,524.1939697265625,10,1.0,0.010991346790256264
604,"Reply all email creates havoc: a digital tsunami that drowns Case Western students in pure, unadulterated spam.",Students Destroy a Digital Tsap During Case Western University in Massachusetts,overstatement,0,0.8906974196434021,0.7992164492607117,0.09148097038269043,0.410041868686676,0.02747551257340107,2605.225341796875,13,0.7647058823529411,0.011266110518721638
605,Sikh student shot dead: just another Tuesday in America.,Shooting Reported in New York Following a Sikh High School Shooting,understatement,0,0.960310161113739,0.7633275389671326,0.19698262214660645,0.686693012714386,0.022416933501922302,371.9095458984375,11,1.0,0.015393551602253077
606,court takes custody of harley from unfit motorcycle mama,Satirical Image Depicts a Mama in a Court,sarcasm,0,0.6141297221183777,0.6633622050285339,-0.04923248291015625,0.31740933656692505,0.0,506.52728271484375,9,1.0,0.0
607,guinea pig returned for store credit,A Guinea Pig Returned to a Store,irony,1,0.7731069922447205,0.782423198223114,-0.009316205978393555,0.8478804230690002,0.0,586.540283203125,7,1.0,0.0
608,engineers still unable to produce styrofoam cup without little center nub sticking out from bottom,Stemming from a Styrofoam Cup,overstatement,1,0.6919195055961609,0.8090910315513611,-0.1171715259552002,0.6030372381210327,0.007271361304044331,50.007965087890625,15,1.0,0.004384901638171044
609,actor-comedian pauly shore bad at 32,Pauly Shore Age 32,sarcasm,1,0.5215941667556763,0.9237762689590454,-0.40218210220336914,0.7177771925926208,0.04873039689743777,1008.862548828125,5,0.8333333333333334,0.03497756747896705
610,mom keeps sending newspaper clippings about former classmates who have been murdered,Virginia Mother Continues to Send Reminders to Former Classmates in the newspapers,irony,0,0.8998146057128906,0.9281534552574158,-0.028338849544525146,0.5933806300163269,0.0,278.5000915527344,12,1.0,0.0
611,new archie graphic novel explores rich inner life of jughead,Archie Graphic Novel Focuses on the Life and Fame of a J jughead,satire,0,0.5765885710716248,0.5455094575881958,0.031079113483428955,0.8878859281539917,0.018476860420522198,307.3739318847656,11,0.8461538461538461,0.016405344363847104
612,"cow ted cruz milking in wisconsin photo op only giving curdled, foul liquid",Photoshopped Image Shows Ted Cruz Milking in a Wisconsin Photo Op,satire,0,0.8463445901870728,0.8022403717041016,0.04410421848297119,0.8118882179260254,0.01571650849186369,285.8096008300781,13,1.0,0.012760048071478456
613,"Christophe Michalak: pastry superhero, saving the world one dessert at a time.",Christophe Michalak: a Pastry Superhero,understatement,1,0.6336767673492432,0.799028754234314,-0.1653519868850708,0.9268503785133362,0.03100792661184934,321.39739990234375,10,0.8333333333333334,0.028739708517106312
614,Coming Soon: A New 'Fraggle Rock' Movie: A Truly Groundbreaking and Necessary Piece of Modern Cinema,Tom Hanks to Star in a New 'Fraggle Rock' Movie,satire,1,0.861070454120636,0.6237592101097107,0.2373112440109253,0.6300339698791504,0.057326244197039945,51.475135803222656,16,1.0,0.036117481209722684
615,enormous grace slick threatens california coastline,Massive Oil Spill Threatens California Coastline,overstatement,0,0.6303074359893799,0.5004163980484009,0.129891037940979,0.5952723622322083,0.0,135.68138122558594,6,1.0,0.0
616,Laser strikes soar: pilots must love the light show.,Aaser Strikes a Pilot in a Flight,irony,0,0.9776452779769897,0.6020722985267639,0.37557297945022583,0.36476147174835205,0.0,719.5133666992188,9,1.0,0.0
617,police say conditions too nippy to rescue missing hiker,Police Search for a Missing Hiker in Utah,sarcasm,1,0.7688757181167603,0.7190394997596741,0.04983621835708618,0.6127564907073975,0.0,83.07311248779297,9,1.0,0.0
618,19 women react to Girls' finale—as if the world needed more opinions on TV.,19 Women React to Girls' Finale,satire,0,0.9510491490364075,0.9003802537918091,0.05066889524459839,0.9439622163772583,0.025185198565837008,327.9366455078125,11,0.7857142857142857,0.023773875858108848
619,"Burger King has officially revoked its citizenship in a bold, totally normal, and not-at-all-stunt-like move. The culinary world trembles.",Burger King Remains in the United States,overstatement,0,0.7839484810829163,0.5223106741905212,0.261637806892395,0.6555290222167969,0.013922129400866415,103.41905212402344,16,0.8421052631578947,0.009126359873325681
620,senate rejects pipeline plan that would have created thousands of climate activist jobs,Senate rejects a Climate Change Pipeline Proposals,sarcasm,0,0.9243131875991821,0.8009914755821228,0.12332171201705933,0.8521231412887573,0.014017732413740807,423.64013671875,12,0.9230769230769231,0.011944834178142051
621,Sign of the times: local governments restrict signs—because free speech is too messy.,"Many States Restrict Free Speech, Citing Safety Concerns",sarcasm,0,0.9139569997787476,0.8823980689048767,0.03155893087387085,0.5535904169082642,0.0,88.05608367919922,13,1.0,0.0
622,David Duchovny reveals groundbreaking secrets about the 'X-Files' miniseries that no one asked for.,David Duchovny Shares Details of the 'X-Files' miniseries,satire,1,0.5193706750869751,0.8367083072662354,-0.31733763217926025,0.8323656320571899,0.08165346762611622,46.2136344909668,9,0.6428571428571429,0.06796554019027352
623,naacp demands less minority representation on upn,NAACP Calls for Minority Representation in the Television Programming,sarcasm,0,0.683222234249115,0.8807316422462463,-0.19750940799713135,0.7099382877349854,0.0,272.3476867675781,9,1.0,0.0
624,Superintendent calls dress code violators 'skanks' – educational excellence at its finest.,Superintendent Calls Dress Code Violators to Halt Violence,sarcasm,0,0.9784302711486816,0.9255481958389282,0.05288207530975342,0.6933706998825073,0.016847111051295396,316.1150817871094,11,0.9166666666666666,0.011681293180635013
625,moron stepfather takes care of child who doesn't have his genetic material,Moron Stepsfather takes care of a 13-Year-Old,sarcasm,0,0.8314054012298584,0.8332013487815857,-0.001795947551727295,0.5019326210021973,0.08003089005192225,147.72850036621094,9,0.75,0.04017011440490001
626,trump postpones grand opening of trump tower moscow until fuss over bombshell report dies down,Trump Plans to Delay the Trump Tower Opens Amid Scrutiny Over Mueller Report Investigation,sarcasm,0,0.916841447353363,0.7117732167243958,0.20506823062896729,0.6728694438934326,0.0,106.59136962890625,15,1.0,0.0
627,"Chemistry lessons for leaders: mix policies like chemicals, what could fail",Chemistry Lessons May Impact Leadership Leadership Leadership,irony,1,0.668212890625,0.5817670226097107,0.0864458680152893,0.7091351747512817,0.018653567503517977,2516.789794921875,10,0.9090909090909091,0.013227900851342051
628,rnc: 'we warned you gay marriage would be a slippery slope toward accepting pedophilia',RNC Suspends Support for Roy Moore Amid Sexual Abuse Allegations,sarcasm,0,0.8841421604156494,0.6597837805747986,0.22435837984085083,0.41192126274108887,0.0,75.42927551269531,14,1.0,0.0
629,Queer couple discovers 'power of family'? How surprisingly traditional and mundane.,Queer Parents Explore the Power of Family,irony,0,0.9673454761505127,0.953937828540802,0.013407647609710693,0.7744139432907104,0.022182955195367136,203.3634490966797,10,0.9090909090909091,0.017178789806685416
630,benadryl introduces new non-drowsy allergy dart,Satirical Image Shows Benadryl Administering an Allergy Relief dart,overstatement,0,0.8207173943519592,0.920470118522644,-0.09975272417068481,0.8055856823921204,0.023980296761827107,299.1336669921875,8,0.8888888888888888,0.019318183730842042
631,U.S. fears Russia ramping up support for Assad – because international relations are just a game of whack-a-mole.,U.S. and Russia Clash Over Syria Relations Relations,irony,0,0.9265114665031433,0.8688746094703674,0.05763685703277588,0.5999518632888794,0.009463724219283744,119.71424865722656,16,0.8888888888888888,0.005677778979011378
632,Shocking that a Trump pick has Koch ties. Who could have predicted?,Donald Trump Pick Faces Scrutiny Over Koch Connections in the Koch Presidency,sarcasm,0,0.5960800051689148,0.7903156876564026,-0.1942356824874878,0.6852428913116455,0.020255986027125642,539.080078125,11,0.9166666666666666,0.013880270431595867
633,"School aide creatively serves pet treats as cookies, students none the wiser.",Students Serve a Pet treats at the School Administration,sarcasm,0,0.887654721736908,0.9152485132217407,-0.027593791484832764,0.7667422294616699,0.022613617379612153,2279.580322265625,11,0.9166666666666666,0.01733881540583699
634,man worried harassing messages he sending on dating app getting lost among abuse from other guys,Man worried harassing messages on an LGBTQ+ dating app,sarcasm,0,0.7510432004928589,0.8403078317642212,-0.0892646312713623,0.8518407344818115,0.07176093398791647,756.6934814453125,11,0.6875,0.06112888671536756
635,crocodile bites off bush's arm,President Bush Bites a Cocodile,sarcasm,0,0.8172374367713928,0.7034972310066223,0.11374020576477051,0.6710031032562256,0.0,1232.07568359375,5,1.0,0.0
636,"Holiday dressing: reuse clothes, because fashion is overrated.",Many Americans Reuse Fall Fashion Items,irony,0,0.8970543146133423,0.9119799733161926,-0.014925658702850342,0.6428055763244629,0.0,6305.857421875,8,1.0,0.0
637,"worthless dog can't talk, drive, solve crimes",An autistic dog sits in a car,overstatement,0,0.6284550428390503,0.7170531749725342,-0.08859813213348389,0.35931360721588135,0.033031643180138064,176.007568359375,7,1.0,0.011868718863323274
638,"Your money or your life: the classic dilemma, now with modern inflation",Inflation Remains a Potential Risk in Consumer Services,irony,1,0.8389114141464233,0.7166008353233337,0.1223105788230896,0.6067929267883301,0.0,308.4413146972656,12,1.0,0.0
639,archangels already sick of cardinal o'connor telling them how they do it in new york,Cardinal O'Connor Addresses the Media During New York City Visit,irony,0,0.8368678092956543,0.7516307234764099,0.08523708581924438,0.5702483057975769,0.0,123.54730987548828,15,1.0,0.0
640,coworker retreats to remote corner of office to complete disgusting food order,Data Entry Worker Completes a Fast Food Order at a Remote Office,understatement,0,0.8151736259460449,0.8701827526092529,-0.05500912666320801,0.5607478618621826,0.0,721.6257934570312,12,1.0,0.0
641,"White House lawyer insists Trump won't fire Mueller – and we all believe that, don't we?",White House Attorney Denies Mueller Investigation Amid Legal Scrutiny,rhetorical_question,0,0.8317373991012573,0.6333226561546326,0.19841474294662476,0.626530647277832,0.025783998660169834,119.37211608886719,13,0.8125,0.01615446536996696
642,former chinese dissident has your order ready,Former Chinese Dissident Now Works at a Chinese Restaurant,irony,0,0.5832468867301941,0.8761768937110901,-0.292930006980896,0.6360074281692505,0.0,264.5654602050781,9,1.0,0.0
643,"Great, because a concert will fix everything, right?",Attendees Reassure and Act at Boston Concerts,sarcasm,0,0.9820775389671326,0.8965299129486084,0.08554762601852417,0.46657973527908325,0.0,151.70587158203125,8,1.0,0.0
644,Bernie Sanders tells Donald Trump: stop talking about Bill Clinton's sex life—because Trump is the epitome of discretion.,Bernie Sanders Addresses Donald Trump During Democratic Debate in New Hampshire,sarcasm,0,0.8268955945968628,0.7224046587944031,0.10449093580245972,0.5280230641365051,0.025087910210994824,258.0182800292969,15,0.8333333333333334,0.013246995222391002
645,beauty industry exec keeps photo of crying 15-year-old girl on desk to remind himself why he does this,Beauty Industry Executives Defend Anti- bullying Tactics Targeting Teenagers,sarcasm,0,0.9457976222038269,0.9304611682891846,0.015336453914642334,0.5318851470947266,0.0,136.711181640625,18,1.0,0.0
646,Grassroots activists are solving the addiction crisis – because that's worked so well.,Activists Reaffirm Support for Legislation to Address the Addiction Crisis,sarcasm,0,0.9876300692558289,0.7059205770492554,0.2817094922065735,0.7322705984115601,0.015635220893785457,77.67410278320312,13,1.0,0.011449212560189204
647,Obama Eats Shave Ice in Hawaii: A Relaxing Start to the Year,President Obama Eats a Shave Ice in Hawaii,understatement,0,0.865742564201355,0.8532426953315735,0.012499868869781494,0.9179892539978027,0.1048451277926229,354.1011657714844,9,0.75,0.09624670064765418
648,Ashley Benson is giving us 'Baywatch' vibes – because we needed more reasons to obsess over celebrities.,Ashley Benson Gives Us a Bad Review of 'Baywatch',satire,1,0.937047004699707,0.8918644785881042,0.04518252611160278,0.7663439512252808,0.023072535745809,75.81098937988281,15,0.8823529411764706,0.0176814982082298
649,"Mindfulness as body armor? Because meditation stops bullets, right?",Meditation Provides Essential Defense,understatement,0,0.7160810232162476,0.7627444267272949,-0.04666340351104736,0.5562612414360046,0.0,6347.64599609375,9,1.0,0.0
650,"Midlife sex: it's okay, nothing to write home about.",Midlife Sex Features Intrusive Warning and Emotional Coping,understatement,0,0.8505659699440002,0.6520695090293884,0.19849646091461182,0.6344460248947144,0.024512401940754224,391.85296630859375,8,0.8888888888888888,0.015551795971933
651,Senate amendment to 'dramatically improve' heroin treatment – about time they noticed.,Senate Amendment Threatens to Halt Heroin Addiction,sarcasm,0,0.919575035572052,0.8695619702339172,0.050013065338134766,0.7817550897598267,0.019229913610012243,142.57781982421875,11,0.9166666666666666,0.015033082840268833
652,7 Trump presidency fashion must-haves: blend in with the swamp.,Photoshopped Image Shows Donald Trump in a Trump Presidency,satire,0,0.8786508440971375,0.8656842112541199,0.012966632843017578,0.34522128105163574,0.025518615589394285,155.7753143310547,9,0.9,0.008809569164434938
653,"Two thumbs down on air nonsense, because vague criticisms are the pinnacle of insightful review.",Fans Gather at the White House for an In-Person Review,overstatement,1,0.8607020378112793,0.6543588042259216,0.20634323358535767,0.368188738822937,0.012801036176909563,43.53731918334961,15,1.0,0.004713197365603123
654,literary study finds all modern narratives derived from classic 'alien vs. predator' conflict,Oxford Researchers Claim Alien Vs. Predator Conflict Is Foundation of All Modern Literature,satire,0,0.8795819878578186,0.8604710102081299,0.01911097764968872,0.8575127720832825,0.0,581.3478393554688,13,1.0,0.0
655,The conundrum of the midterms: choosing between two piles of garbage.,Congress Debates 2018 Midterms Elections,irony,0,0.8827597498893738,0.6518465280532837,0.2309132218360901,0.3586311638355255,0.0,136.06837463378906,11,1.0,0.0
656,Antoni Porowski strips for Hanes: underwear ads just got Queer Eye.,Hanes Launches a Men's Underwear Campaign,sarcasm,0,0.9296973347663879,0.8684985637664795,0.06119877099990845,0.5810027122497559,0.0,139.94491577148438,11,1.0,0.0
657,ghost of carl sagan warns against dangers of superstition,Carl Sagan's legacy continues to emphasize the importance of scientific skepticism,satire,0,0.6374256610870361,0.9151304960250854,-0.2777048349380493,0.5767877101898193,0.018850319022747353,96.83491516113281,10,0.9090909090909091,0.010872632345478039
658,$13 bacon cheeseburger-stuffed donut: the culinary innovation that will change breakfast forever!,The $13 Bacon Cheeseburger is a Culinary Innovation,overstatement,0,0.5642626881599426,0.9451820850372314,-0.3809193968772888,0.7314170002937317,0.016847111051295396,111.29490661621094,12,1.0,0.012322263428753855
659,new don blankenship campaign ad touts jobs created in wake of upper big branch mining disaster,Don Blankenship Campaign Ad Highlights Jobs Created Following Upper Big Branch Mine Disaster,sarcasm,0,0.9735543727874756,0.9323209524154663,0.04123342037200928,0.8781851530075073,0.0,1041.7840576171875,16,1.0,0.0
660,vocalist leaves journey tribute band over creative differences,Vocalist David Arquette leaves a legacy with a Grammy,satire,0,0.6849048733711243,0.579915463924408,0.10498940944671631,0.393027663230896,0.023980296761827107,121.17681121826172,9,1.0,0.00942491999988433
661,authorities say dozens of bystanders failed to act as man went about his life,Authorities Criticize Police Brutality in Armed Robbery,irony,0,0.6916236877441406,0.876303493976593,-0.1846798062324524,0.24826174974441528,0.0,49.7712287902832,14,1.0,0.0
662,Serena Williams: 'Doctors aren't listening' so black women are dying—but sports commentary is more important.,Serena Williams Addresses Sexual Misconduct Allegations in NBA Commentary,understatement,1,0.933399498462677,0.5558961033821106,0.3775033950805664,0.5193498134613037,0.01231189487700387,75.79645538330078,14,0.9333333333333333,0.00639418030772714
663,Southwest's 'True North' means never getting lost... or maybe just cheaper flights.,Southwest's 'True North' Is a Premium Flight,overstatement,1,0.9454251527786255,0.8209762573242188,0.12444889545440674,0.837498664855957,0.08003089005192225,507.827392578125,9,0.75,0.06702576356571878
664,candidates preparing for colorado debate conditions with high-altitude speaking drills,Candidates Prepare for a Democratic Debate in Colorado,overstatement,0,0.916632890701294,0.6512121558189392,0.26542073488235474,0.7328213453292847,0.02163211878762423,119.9374771118164,9,0.9,0.01585247839226968
665,Giants release player over abuse? NFL's moral compass is so reliable.,Giants Release a Player Over Sexual Abuse,sarcasm,1,0.9696223139762878,0.5605411529541016,0.4090811610221863,0.7283194661140442,0.018653567503517977,2330.1708984375,10,0.9090909090909091,0.013585756325284496
666,bush vows to put man on moon before it disappears at end of month,President Bush Announces a Plan to Return an Astronaut on the Moon,overstatement,0,0.6834719777107239,0.8905553221702576,-0.2070833444595337,0.6701465249061584,0.01714632199160149,95.06810760498047,14,1.0,0.011490548097593782
667,shakira just not feeling up to jiggling ass today,Shakira Takes a Break from Acting,understatement,0,0.8669475317001343,0.5419900417327881,0.3249574899673462,0.6864696741104126,0.0,152.44668579101562,9,1.0,0.0
668,authorities say country still an active shooter situation,Florida Officials Maintain Active Shooter Crisis Despite Surge in Fatal Tragedies,sarcasm,0,0.8220295906066895,0.8663390874862671,-0.04430949687957764,0.5516740679740906,0.0,330.7836608886719,11,1.0,0.0
669,"Billy Eichner comedy special heading to Netflix, finally some entertainment.",Billy Eichner Comedy Special to Premiere on Netflix,understatement,1,0.8710809350013733,0.7142860293388367,0.15679490566253662,0.9227300882339478,0.05062667121584364,195.87127685546875,7,0.7,0.04671475279798647
670,"nation dutifully gets in cars, stands in line, watches new star wars movie",Millions of Americans Turn Out for a Star Wars Movie Premiere,sarcasm,0,0.948479950428009,0.9621684551239014,-0.013688504695892334,0.5880042314529419,0.0,95.17928314208984,13,1.0,0.0
671,Andy Mientus: A Broadway and TV star you may have vaguely heard of,Andy Mientus: A Broadway and TV Star Known for Blockbuster Roles,understatement,1,0.9257001876831055,0.6940862536430359,0.23161393404006958,0.9258021116256714,0.3849742634318482,313.7780456542969,7,0.5384615384615384,0.35640998600674256
672,millions of people prince william would never deign to speak to captivated by royal wedding,Millions React to Prince William's Royal Wedding in London,sarcasm,0,0.8017882108688354,0.9318265318870544,-0.130038321018219,0.7731629014015198,0.01231189487700387,112.55474090576172,14,0.9333333333333333,0.009519100364854819
673,"Even Bush's environment chief calls Trump's energy plan bonkers – when your环保 chief thinks you're nuts, you might be nuts.",President Bush Defends Trump's Environmental Plan Amid Criticism Over Power Outrage,irony,0,0.8171403408050537,0.843403697013855,-0.02626335620880127,0.5309325456619263,0.008317385975693101,135.2141571044922,19,0.95,0.004415970909327543
674,"Reporter confronts racist, who learns a valuable lesson, no doubt.",Reporters Face Criticism Over Handling Racist Messages,sarcasm,0,0.7839115858078003,0.8689587712287903,-0.08504718542098999,0.6250813603401184,0.0,456.3428039550781,10,1.0,0.0
675,satellite frantically trying to bounce signal to swearing man's phone,NASA's Satellite Attempts to bounce a Phone,satire,0,0.8469631671905518,0.864311695098877,-0.017348527908325195,0.7467161417007446,0.04550524645870584,704.9396362304688,8,0.8,0.0339795020627863
676,Genius inventions for napping anywhere? The pinnacle of human innovation.,Researchers Investigate the History of Human Innovation in Technology,overstatement,0,0.9807966947555542,0.8167325854301453,0.16406410932540894,0.4968361258506775,0.02145851237135921,116.82118225097656,10,1.0,0.010661364153104945
677,hillary clinton threatened by black man,Hillary Clinton Threatens to Halt Her Presidential Campaign,sarcasm,0,0.5921567678451538,0.7858344316482544,-0.19367766380310059,0.5110478401184082,0.0,71.83159637451172,8,1.0,0.0
678,Rubio's path is smooth as butter. This 'rocky road' metaphor is spot on.,Marco Rubio Maintains a Smooth Streak on the Ohio Road,irony,1,0.7838921546936035,0.5144741535186768,0.26941800117492676,0.545326828956604,0.0,288.8921203613281,13,1.0,0.0
679,"Gender equality will change everyone's lives, especially privileged men",Gender Equality Remains a Key Topic in the Lives of Affluent Men,satire,0,0.9679663181304932,0.720121443271637,0.2478448748588562,0.7204941511154175,0.017033186037639283,107.29217529296875,11,0.9166666666666666,0.012272310914979897
680,historical archives: popular hymns heard sung of late.,Vintage Anachronistic Hymns Are Frequent in the American Music,satire,0,0.6220698356628418,0.8986721038818359,-0.27660226821899414,0.7050179839134216,0.0,94.06377410888672,9,1.0,0.0
681,siblings playing tense game of chicken to decide who going to care for mom,Adult Siblings play a chicken game,satire,0,0.6641669869422913,0.8421157598495483,-0.17794877290725708,0.7752732038497925,0.01279742416007842,445.592041015625,13,0.9285714285714286,0.009921500029608735
682,Larry Kudlow 'Leaning' Toward Senate Run in Connecticut: Exactly What Our Economic Policy Needs—More TV Pundits,Larry Kudlow Suspends a Senate Campaign in Connecticut,sarcasm,0,0.7779002785682678,0.696043074131012,0.08185720443725586,0.5659794807434082,0.0256976373216606,253.76979064941406,12,0.75,0.014544335427645893
683,"Hillary Clinton is incredibly tough on Wall Street, if you count taking their money as a sign of strength.",Hillary Clinton Faces Wall Street Scrutiny and Calls for Economic Strength,sarcasm,0,0.9237709641456604,0.9373873472213745,-0.013616383075714111,0.7687278985977173,0.021318099553381327,106.01129150390625,16,0.8421052631578947,0.016387817871767765
684,man on gurney has brief word with protagonist before entering ambulance,Paramedics rush injured person from a gurney,irony,0,0.5626724362373352,0.7041727304458618,-0.1415002942085266,0.5841280221939087,0.018653567503517977,127.09077453613281,11,1.0,0.010896071492690522
685,voter dreading being sent over to visibly stupid poll worker,Voter Anxiety Over a Poll Worker at Indianapolis Poll Station,sarcasm,0,0.7936785817146301,0.6255233287811279,0.1681552529335022,0.7594267129898071,0.0,1167.0738525390625,10,1.0,0.0
686,greyhound now offering direct service from kansas to l.a. porn director's driveway,Greyhound Now Provides Direct Mail from Kansas To A.A. Porn Director's Car,satire,1,0.8393334150314331,0.6576831340789795,0.1816502809524536,0.8715148568153381,0.017033186037639283,708.6793212890625,11,0.9166666666666666,0.014844674690702216
687,sun dreading rising today,The Sun rises over a cloud,irony,1,0.5386127233505249,0.644376277923584,-0.10576355457305908,0.6006879210472107,0.0,361.52020263671875,6,1.0,0.0
688,Test-driven teacher evaluations strike out—because nothing improves education like more testing.,Texas Teacher Evaluation Guidelines Fails to Improve Education,sarcasm,0,0.9319100379943848,0.9116900563240051,0.02021998167037964,0.6455644369125366,0.0,313.6121520996094,11,1.0,0.0
689,mexicans sweeping the nation,Janitor Sweeping Steps Outside a Building,sarcasm,0,0.848086953163147,0.6150509119033813,0.23303604125976562,0.17292124032974243,0.0,1233.719970703125,6,1.0,0.0
690,"Erick Erickson, noted sexist, slams Donald Trump for being sexist: the pot calling the kettle black.",Rick Erickson Defends Donald Trump Amid Sexual Harassment Allegations,irony,0,0.8051153421401978,0.7608508467674255,0.04426449537277222,0.5560884475708008,0.023298472850403023,29.806081771850586,14,0.875,0.012956011598151067
691,HuffPost Rise: your daily dose of indispensable news you can't live without.,HuffPost Releases a Daily Stream of Essential news,overstatement,0,0.8522645235061646,0.9608801007270813,-0.10861557722091675,0.757373571395874,0.022172045047934612,664.5164794921875,9,0.75,0.01679252094310444
692,heartless monster walks out of local small business without buying anything,Monster walks down a Small Business,sarcasm,0,0.5943290591239929,0.7348255515098572,-0.14049649238586426,0.7239689826965332,0.01774239756616722,1107.159423828125,10,0.9090909090909091,0.012844945516575529
693,Josef Koudelka's enigmatic art: where every photo leaves you puzzled.,Photoshopped Image Shows Josef Koudelka in a Prison,irony,1,0.6975895762443542,0.5355312824249268,0.1620582938194275,0.6570254564285278,0.02163211878762423,143.7338409423828,10,1.0,0.014212852719954941
694,"Finally, a remake of 'Hocus Pocus' that no one asked for. Because who needs original ideas?",A Hypothesis for a Hocus Pocus Remake,irony,1,0.6036940217018127,0.7645988464355469,-0.16090482473373413,0.7134868502616882,0.009131698392329843,79.60258483886719,16,1.0,0.0065153467234831414
695,chinese citizens observe 25-year moment of silence for tiananmen square massacre,Chinese Citizens Observe the massacre at the Tiananmen Square in Beijing,irony,0,0.8088798522949219,0.9156826138496399,-0.10680276155471802,0.8198390603065491,0.018850319022747353,67.6369400024414,11,1.0,0.015454227834087857
696,popular new exercise app just tells users they ran 5 miles a day no matter what,A Fitness App ProMiler Claims All Its Users Ran a Firing Regardless Of Actual Activity,satire,0,0.9683873653411865,0.5934562683105469,0.37493109703063965,0.5123729109764099,0.012365482332258055,1226.2122802734375,16,1.0,0.006335738178206426
697,thick sweater no match for determined nipples,A determined sweater sits in a kitchen,irony,1,0.8238756656646729,0.6965949535369873,0.12728071212768555,0.35412055253982544,0.039281465090051315,1451.43115234375,7,1.0,0.013910374122262835
698,apple announces new iphone with n-word on back knowing customers will buy it anyway,Apple Shares a Release of a newly announced iPhone,sarcasm,0,0.9446592330932617,0.7652750611305237,0.17938417196273804,0.6008038520812988,0.0,493.5359802246094,14,1.0,0.0
699,that cheesecake sitting on the table: what if it accidentally fell into your mouth?,One Employee Keeps a Cheecake at the Restaurant,rhetorical_question,0,0.9490084052085876,0.6328678727149963,0.3161405324935913,0.27952200174331665,0.013120543279239774,511.6956481933594,14,1.0,0.0036674805213729217
700,Tyra Banks brings tears to teen designer's eyes with this so-called heartwarming surprise,Tyra Banks brings a heartwarming surprise to a Teenager,irony,0,0.9254798889160156,0.6143930554389954,0.31108683347702026,0.7599156498908997,0.10015045110931887,250.48329162597656,10,0.7692307692307693,0.07610589514160483
701,lazy event planner throws 'bags of ice'–themed party,Event Planner Organizes a Bags Of Ice-themed Birthday Party,sarcasm,0,0.8350376486778259,0.7385348677635193,0.09650278091430664,0.8592047095298767,0.0,352.80072021484375,9,1.0,0.0
702,another fond childhood memory destroyed,Behind-the-Scenes Facts About the Grinch,understatement,1,0.6034892797470093,0.7910224795341492,-0.1875331997871399,0.09972730278968811,0.0,44.02813720703125,5,1.0,0.0
703,quick scan of room confirms area man once again sweatiest person present,Man Exaggerates in a Conference Room,sarcasm,0,0.5564417839050293,0.5519881844520569,0.004453599452972412,0.49924570322036743,0.0,230.59312438964844,12,1.0,0.0
704,Dustin Lance Black praises Hollywood's accurate depiction of trans actors,Dustin Lance Black Praises Hollywood's Authentic Portrayal of Transgender Actors,sarcasm,0,0.9573830962181091,0.8686555027961731,0.08872759342193604,0.9241355061531067,0.1186840521952098,180.4192657470703,5,0.5,0.10968014664772195
705,'game of thrones' actors reveal reading script for zombie battle and realizing they wasted careers,Game of Thrones Cast Reads a Script Drafting a zombie battle,sarcasm,0,0.8519783616065979,0.573768675327301,0.2782096862792969,0.7983890771865845,0.030667173634794157,319.0440979003906,13,0.8666666666666667,0.02448433645820406
706,A new kind of Valentine's Day – because the old ways of commercialized romance weren't enough.,A New Valentine's Day Ceremony Draws Criticism Amid Heavy Commercialization,irony,0,0.8946853280067444,0.8266085386276245,0.06807678937911987,0.6809835433959961,0.02710790721250877,197.1696014404297,13,0.8125,0.018460038707624103
707,hire of local moron gives nation hope for employment,Phoenix moron is a Hire for a job,sarcasm,0,0.9747267961502075,0.8139234185218811,0.16080337762832642,0.5861343145370483,0.02915032279375143,255.4658966064453,8,0.8888888888888888,0.01708600446924919
708,5 reasons to let your mind wander? Like we need an excuse to daydream at work.,Five Reasons to let your mind wander,irony,1,0.7518355250358582,0.8364893794059753,-0.08465385437011719,0.8586944937705994,0.11365914096398087,234.9573516845703,12,0.75,0.09759847851246675
709,"handlers constantly reminding gingrich to stay on uninspiring, belittling message",Gingrich Advises His Staff to Stay Engaged,sarcasm,0,0.8421693444252014,0.8665457963943481,-0.02437645196914673,0.5844640731811523,0.02151810250197126,123.98899841308594,9,0.9,0.012576557835431669
710,woman always gets best ideas while taking shower with two jacked dudes,Women Often Experience Inspirational Change When Taking the Water,overstatement,0,0.9605826735496521,0.6946098208427429,0.2659728527069092,0.4796093702316284,0.0,473.27044677734375,12,1.0,0.0
711,"Argentina: where losing is a national pastime, and everyone's a sore loser.",Argentina Continues to Grapple with Losing,irony,1,0.9661760330200195,0.6602604985237122,0.3059155344963074,0.7173422574996948,0.0,61.678321838378906,12,1.0,0.0
712,struggling us airways introduces $100 million bomb fee,US Airways Faces Financial Struggles Amid Record $100 Million Fee,sarcasm,0,0.9071226716041565,0.6842923164367676,0.22283035516738892,0.7056218385696411,0.021105340631872645,484.2782287597656,10,1.0,0.014892389260300527
713,creative asterisk makes reader unaware of word 'fuck',Newsweek's Censorship of Profane Quote,sarcasm,0,0.5169943571090698,0.8554947972297668,-0.338500440120697,0.32421165704727173,0.029486824119076216,277.6520080566406,7,0.875,0.009559972108707158
714,clinton vetoes 'stab clinton' bill,President Clinton Vetoes Bill Clinton,irony,0,0.6630643010139465,0.913998007774353,-0.2509337067604065,0.8299903869628906,0.0,335.57403564453125,5,1.0,0.0
715,Why say 'at the end of the day'? Is timekeeping that hard?,Timekeeping remains a demanding job,rhetorical_question,0,0.941228449344635,0.815008282661438,0.12622016668319702,0.5371237397193909,0.0,662.7601928710938,12,1.0,0.0
716,owner of cheap motel fixes sign to flicker just right,The owner fixes a flickering at a motel,understatement,0,0.8476794362068176,0.8658775687217712,-0.018198132514953613,0.8120660781860352,0.02846946938149362,901.6676025390625,9,0.9,0.02311909034866693
717,"Gorsuch will get his big payback, just like Thomas, justice is a pay-to-play game.","Pennsylvania Governor Signs a $25,000 Pay-to-Play Game",overstatement,0,0.8094825744628906,0.847474217414856,-0.03799164295196533,0.25556108355522156,0.012151662434083676,48.397361755371094,14,1.0,0.0031054920186517052
718,rumsfeld: 'my half-assed job here is done',Defense Secretary Donald Rumsfeld Announces Resignation,sarcasm,0,0.6974518895149231,0.6347641944885254,0.0626876950263977,0.43666473031044006,0.0,39.55015563964844,7,1.0,0.0
719,sounds of air hockey coming from supreme court chambers,Supreme Court Justices Hear Oral Arguments in Russia Investigation,irony,0,0.9611494541168213,0.826690673828125,0.1344587802886963,0.4304012060165405,0.0,70.54264831542969,9,1.0,0.0
720,historians reveal thousands of immigrants were forced to change hairstyle at ellis island,Archaeologists Claim Millions of Immigrants Were forced to Change a Hair,satire,0,0.8202806115150452,0.6534349322319031,0.1668456792831421,0.7684077024459839,0.03678208851801446,269.1053161621094,10,0.7692307692307693,0.0282636401292923
721,"Kris Jenner turned up for drunken Valentine's karaoke, setting the bar high for family gatherings.",Kris Jenner Performs at a Valentine's Eve Party in New York,sarcasm,0,0.9620777368545532,0.8360375761985779,0.12604016065597534,0.6821625232696533,0.030667173634794157,58.760990142822266,12,0.8,0.020919996548259767
722,Texas schools innovate: storing food instead of trashing it.,Texas Schools Explore a method to store and process food,sarcasm,0,0.9558969140052795,0.9548222422599792,0.001074671745300293,0.8292645812034607,0.025098621243978974,447.60125732421875,9,0.9,0.020813397634672506
723,historians uncover lost socrates dialogues where he just gave up and started screaming that opponent a fucking brainwashed shill,Researchers Discover Lost Souls in Nazi Dialogue,satire,0,0.8863242864608765,0.7258661985397339,0.16045808792114258,0.44063323736190796,0.0,4347.84130859375,19,1.0,0.0
724,bashful terrorists won't take credit for attack,Terrorist Groups Claim Responsibility for Bombing a US Depot in Yemen,irony,0,0.8994401693344116,0.8872231841087341,0.01221698522567749,0.4555680453777313,0.018850319022747353,83.22465515136719,11,1.0,0.008587602991939678
725,"sadly, gift certificate to loews cinemas perfect gift for area man",Gift Card to a Loews Cinemas,irony,1,0.8238850235939026,0.8675744533538818,-0.04368942975997925,0.7541849613189697,0.01774239756616722,1034.0899658203125,10,0.9090909090909091,0.013381049422145607
726,F.A.S.T. Thinking Saved Lane's Mom: Just Another Day Being a Hero,F.A.S.T. Returns to Stand-Up Comedy Following Lane's Death,understatement,1,0.6478655338287354,0.846463143825531,-0.19859760999679565,0.5486005544662476,0.022702294218557836,57.11998748779297,10,0.9090909090909091,0.012454491195956716
727,Ten infallible rules for startup ideas that guarantee you'll be the next billionaire by lunchtime.,Ten infallible rules for startup ideas,overstatement,0,0.9415549635887146,0.8754904270172119,0.06606453657150269,0.806339681148529,0.22313016014842982,376.2635192871094,9,0.6,0.17991870218870512
728,youngest sibling in family kind of thought mom would lose steam by now,Six-Year-Old Siblings Lead a Normal Parenting Career,understatement,0,0.8154798746109009,0.955978274345398,-0.14049839973449707,0.5413949489593506,0.0,47.01683807373047,13,1.0,0.0
729,woman with amazing rack told she has beautiful eyes,Woman stands in a coffee shop with a large afro,understatement,0,0.9537467360496521,0.8579320311546326,0.09581470489501953,0.23285230994224548,0.021105340631872645,52.837581634521484,10,1.0,0.004914427318249476
730,"Oh, because nothing says 'beautiful' like being stranded and alone.",Advertisement Highlights the Importance of Mating and Alone,irony,0,0.9266955852508545,0.7905468344688416,0.13614875078201294,0.280046284198761,0.02163211878762423,587.303466796875,9,0.9,0.0060579944858203715
731,traveler amazed by sheer number of mexicans,American Travelers Express Surprise at Mexican Population in Mexico City,sarcasm,0,0.8369013071060181,0.678770124912262,0.1581311821937561,0.6732802987098694,0.0,713.0377197265625,10,1.0,0.0
732,Mattress with 40k reviews is $200 off – buy now before you miss out on this once-in-a-lifetime deal!,Mattress With 40K Reviews Off Now at a Promotional Price,satire,1,0.9380254745483398,0.7304184436798096,0.20760703086853027,0.914985716342926,0.009483240843460443,418.7343444824219,17,0.9444444444444444,0.008677029916406146
733,Paul Ryan endorses Trump's order but laments the chaos he endorsed,Paul Ryan Endorses Trump's Executive Order,sarcasm,0,0.9070155024528503,0.8988937735557556,0.008121728897094727,0.8170294165611267,0.04152337258230185,58.56853485107422,8,0.7272727272727273,0.03392581687456837
734,avoiding popular songs somehow accomplishment for local man,Advocating for Mainstream Music Remain an Anachronistic Topic in American Culture,sarcasm,0,0.9398012757301331,0.8328781723976135,0.10692310333251953,0.5423325300216675,0.018850319022747353,157.89581298828125,11,1.0,0.010223141207322138
735,"good cop, avid-stamp-collector cop routine not working",Chicago Police Officer Arrested After Violating a Standard Patrol Procedures,satire,0,0.9477465748786926,0.6074819564819336,0.34026461839675903,0.22730331122875214,0.0,187.13426208496094,10,1.0,0.0
736,Paul Manafort apparently thinks misleading a federal judge is worth a sunny vacation in Florida.,Paul Manafort Faces Federal Judge Sentencing in Florida,sarcasm,0,0.9638473987579346,0.6265753507614136,0.337272047996521,0.6410622596740723,0.02709850435615371,679.076171875,12,0.8,0.01737182843634359
737,"A blue fuzzy fighter stole the spotlight before Mayweather-McGregor fight. Clearly, the real battle was against fashion sense.",A blue fuzzy fighter stole the spotlight at the Mayweather-McGregor boxing in Las Vegas,overstatement,0,0.7312658429145813,0.7796159982681274,-0.04835015535354614,0.8518074750900269,0.3460273855387812,69.06122589111328,10,0.5555555555555556,0.2947487135877925
738,Josh Earnest's briefing: the most disastrous event in WH history,President Trump Holds a Press Conference at the White House,overstatement,0,0.8928830623626709,0.9635509252548218,-0.07066786289215088,0.3233369290828705,0.021105340631872645,18.63152503967285,10,1.0,0.00682413602715763
739,"experimental anti-aging treatment still has few kinks, report infant researchers",Researchers Report Early Trials in Early Trials for Early Trials of Experimental Anti-Aging Treatment,satire,0,0.594685435295105,0.7480589747428894,-0.15337353944778442,0.6437586545944214,0.0,105.52953338623047,14,1.0,0.0
740,"What's working to reduce obesity? Nothing, apparently—thanks for asking.",Researchers Suggest a Balanced Approach to Easing Obesity,rhetorical_question,0,0.7076979875564575,0.6718114018440247,0.03588658571243286,0.6855905652046204,0.024512401940754224,188.28738403320312,9,1.0,0.01680547150108452
741,wild-eyed marco rubio embarks in rowboat to help venezuela coup effort,Marco Rubio Advocates for a Regime Change in Venezuela,overstatement,0,0.8814848065376282,0.7997516393661499,0.08173316717147827,0.6834100484848022,0.019201920550239778,65.42530822753906,11,1.0,0.013122785454240688
742,tumbleweed of pubes rolls through desolate dorm bathroom,A collection of teenagers roll into a dorm bathroom,overstatement,0,0.6333261728286743,0.740769624710083,-0.10744345188140869,0.6308804750442505,0.056122223243057295,321.80255126953125,6,0.6666666666666666,0.035406414860119466
743,report: countless invasive species detained in epa black sites,Environmental Experts Warn That Invasive Species Remain Threaten Ecosystems,satire,0,0.7311517000198364,0.6609730124473572,0.07017868757247925,0.6048389673233032,0.0,107.74734497070312,9,1.0,0.0
744,secret service not sure if that suit of armor was in oval office yesterday,Photoshopped Image Shows a Suit of Armor Standing in the Oval Office,sarcasm,0,0.810651957988739,0.7787251472473145,0.03192681074142456,0.7533398866653442,0.01714632199160149,114.2928237915039,12,0.8571428571428571,0.012917008265880566
745,mom's christmas stocking noticeably less full,Michigan Mother's Christmas Card Stockpiles More Seals,understatement,0,0.7480359077453613,0.6165965795516968,0.13143932819366455,0.5778133869171143,0.0,421.868408203125,7,1.0,0.0
746,chinese tv show canceled after drawing only 180 million viewers,Chinese Drama Canceled Despite 180 Million Viewers,sarcasm,0,0.9061205983161926,0.777397632598877,0.12872296571731567,0.8997849225997925,0.02151810250197126,602.0554809570312,9,0.9,0.01936166419423061
747,krispy kreme doughnuts described to sioux city relatives,Florida Relatives Describe Krispy Kreme's Unique Doughnut,irony,1,0.6995024085044861,0.7062385082244873,-0.006736099720001221,0.721116304397583,0.0,78.97158813476562,8,1.0,0.0
748,last person to voluntarily write essay dies,Renowned Astronomer Carl Sagan Dies at 91,overstatement,0,0.5322149395942688,0.6086105704307556,-0.07639563083648682,0.23356875777244568,0.0,85.22906494140625,7,1.0,0.0
749,"Obama cracks down on payday lenders—predatory loans now feel slightly guilty, problem solved",Obama Proposes Legislation to Address Loan Debt Crisis,sarcasm,0,0.9179871678352356,0.8659479022026062,0.052039265632629395,0.5174185633659363,0.014867523320266895,152.6025390625,12,0.9230769230769231,0.007692732557182052
750,tragic oscar-night camera malfunction leaves seven critically underpublicized,Alicia Silverstone Underperforms at the Academy Awards in Las Vegas,understatement,0,0.5709488391876221,0.6867952942848206,-0.11584645509719849,0.2268955409526825,0.0,71.50294494628906,10,1.0,0.0
751,report: authorities recommend the film 'you've got mail' for those snowed in today,Authorities Advise Snow-Affected Americans to Stay Indoors,irony,0,0.5614908933639526,0.6813611388206482,-0.11987024545669556,0.42957592010498047,0.0,118.2884521484375,13,1.0,0.0
752,trump mocks christine blasey ford for forgetting basic facts about a woman's place,Trump Criticizes Christine Blasey Ford Amid Sexual Harassment Allegations,sarcasm,0,0.8360044360160828,0.663931131362915,0.17207330465316772,0.7122452259063721,0.0,11.481225967407227,13,1.0,0.0
753,Coffee pouring puzzle: the deepest philosophical dilemma since 'is the fridge light on?',Mike Huckabee Pouring a Refrigerator Light in a Coffee Bottle,overstatement,0,0.9047252535820007,0.771351158618927,0.13337409496307373,0.5999886989593506,0.015635220893785457,632.3287963867188,13,1.0,0.009380955842004391
754,Clint Dempsey discusses the immense pressure of playing soccer—world-changing stuff.,Clint Dempsey Discusses the Challenges and Challenges of Soccer,overstatement,1,0.8882104158401489,0.6870230436325073,0.2011873722076416,0.8473348021507263,0.05396530161402381,127.62554931640625,7,0.7,0.045726678166123136
755,UT Austin stabbing: minor incident with one fatality.,Austin Stampeddown in a Municipal Building,understatement,0,0.7775800228118896,0.7199611663818359,0.05761885643005371,0.4641425609588623,0.02925226826055808,913.7838745117188,7,0.875,0.013577222704311071
756,"study: only 40% of mice have little welcome mat, doorway leading to tiny home inside wall",Researchers Examine the Complexities and Challenges Of Mice,satire,1,0.6953859329223633,0.6195440888404846,0.07584184408187866,0.5056000351905823,0.0,106.41717529296875,16,1.0,0.0
757,Three Jews visit Scandinavia? And this is news because...?,Three Jewish Nations Visit Scandinavia in March,rhetorical_question,0,0.9348985552787781,0.8444090485572815,0.09048950672149658,0.7785594463348389,0.024822529802838878,662.5364990234375,8,0.8888888888888888,0.019325815059928274
758,son of edward r. murrow says father 'real dirtbag' compared to onion reporters,Satirical Article Critiques The Onion's Journalists Through Fictional Interview With Edward Snowden,satire,0,0.6104463338851929,0.8157553672790527,-0.20530903339385986,0.5830168724060059,0.0,386.3376770019531,13,1.0,0.0
759,News Roundup: Mildly interesting tidbits from a day like any other.,News Agencies Report Mismatched Verification Following the Boston Marathon Manhunt,understatement,0,0.8722860813140869,0.7639002799987793,0.10838580131530762,0.2738087773323059,0.01909690192411307,172.6986083984375,10,0.9090909090909091,0.00522889936667636
760,'aryan notions' opens sixth berlin location,The 'aryan Titans' Opens a Sixth Berlin Location in Brooklyn,satire,0,0.6605482697486877,0.5912947058677673,0.06925356388092041,0.811463475227356,0.021105340631872645,1076.398681640625,9,0.9,0.017126213054996498
761,democratic scouts head to tampa to get closer look at mitt romney,Satirical Image Depicts Mitch Romney in a Swamp,sarcasm,0,0.5424858331680298,0.5979384779930115,-0.05545264482498169,0.4637784957885742,0.0,775.7723999023438,12,1.0,0.0
762,book about michael jackson available for purchase,A Biography About Michael Jackson is currently available for purchase,understatement,1,0.8185360431671143,0.881793737411499,-0.06325769424438477,0.8888815641403198,0.10445522730720382,93.84527587890625,7,0.7,0.09284832583145998
763,man who can't get enough mucus enjoying winter season,Chicago Resident Expresses Enthusiasm for a Winter Season,overstatement,0,0.9432770609855652,0.6777026057243347,0.26557445526123047,0.401836633682251,0.0,256.9410705566406,9,1.0,0.0
764,"15 hot guys supporting Bernie to make you #feelthebern, because policies are overrated",Bernie Sanders Supporters Rally in New Hampshire Ahead of Primary,satire,0,0.9625337719917297,0.7452006936073303,0.21733307838439941,0.3669290244579315,0.015635220893785457,44.89592361450195,13,1.0,0.0057370163497409655
765,man betrays his heart by telling friend he can have last dumpling,Man politely offers a dumpling at a restaurant,sarcasm,0,0.6327316164970398,0.6912717819213867,-0.058540165424346924,0.4582754969596863,0.016847111051295396,166.004638671875,12,1.0,0.0077206181893674205
766,entertainment weekly wins excellence-in-caption-pun award,Entertainment Weekly Wins the Best Actor Award for Performing,satire,0,0.7647314071655273,0.850462794303894,-0.0857313871383667,0.6339296102523804,0.0,105.609375,9,1.0,0.0
767,Russian jets have 'unsafe' encounters? Just a friendly wave from the sky.,Russian Flights Face Severe Weather Conditions,understatement,1,0.8671051859855652,0.5261525511741638,0.34095263481140137,0.5652519464492798,0.01501861529550426,294.28533935546875,11,0.9166666666666666,0.008489301528756708
768,"jim davis, guy who does 'heathcliff' get together for annual lunch to discuss doing cat cartoons",Jim Davis and Charlie Chaplin Attend the Academy Awards,irony,0,0.9346271753311157,0.9395025968551636,-0.0048754215240478516,0.23548442125320435,0.0,141.25433349609375,16,1.0,0.0
769,5 states to decide whether to legalize marijuana or continue honoring god,Voters in Five States to Decide on a Marijuana Legalization,sarcasm,1,0.7713919878005981,0.5939026474952698,0.17748934030532837,0.7984253168106079,0.01727959142950042,52.835777282714844,11,0.9166666666666666,0.01379646326145674
770,Government watchdog to investigate Trump's voter fraud commission – because investigating itself would be too meta.,Government Investigation Into Trump's Voter Fraud Commission Faces Scrutiny,irony,1,0.7466259002685547,0.5271278619766235,0.21949803829193115,0.7169230580329895,0.013101694097607006,99.91392517089844,14,0.875,0.009392906597869184
771,Republicans reject disclosure—because transparency is so overrated in a democracy.,Republicans Block Full Confidentiality in the Election,sarcasm,0,0.8624961376190186,0.7062013149261475,0.1562948226928711,0.6236116886138916,0.02558948059670209,469.6496887207031,8,0.8,0.015957899205661805
772,new teen trend 'walking wet and nude' couldn't have caught on at worse time,A New Teen Trend 'Running wet and Nude' Continues,irony,0,0.855664074420929,0.7704413533210754,0.08522272109985352,0.8509228229522705,0.029096271468692207,772.7206420898438,13,0.9285714285714286,0.024758681455525178
773,grumblethor the mischievous pleased with mayhem his magical antics have wrought upon white house–fbi relations,White House and FBI Relations Remain Strained Amid Ongoing Public Feuds,satire,1,0.6044887900352478,0.6351202130317688,-0.030631422996520996,0.4785906672477722,0.0,295.0437927246094,15,1.0,0.0
774,"Shocking news: Rachel McAdams has aged! The horror, the humanity!",Rachel McAdams Has Age,sarcasm,1,0.8374673128128052,0.9076600670814514,-0.07019275426864624,0.7885208129882812,0.03791080144520064,2444.4296875,8,0.8,0.029893455976606916
775,All the 2017 Grammy winners: the cultural event that reshaped civilization,The 2017 Grammy Awards Receive a Massive Summer Music Performance,overstatement,0,0.9389492273330688,0.8555646538734436,0.08338457345962524,0.5466225147247314,0.04038503063059995,367.669921875,9,0.8181818181818182,0.022075367000533853
776,mom leaves sweet little note for sixth-grader in add prescription bottle,Parents Often Leave Prescribed ADHD Medications in Toddlers,irony,0,0.5663151144981384,0.839884877204895,-0.2735697627067566,0.4281989634037018,0.019090277826420414,211.1727294921875,10,0.9090909090909091,0.008174437176361895
777,What scenario? Parenting is always smooth sailing.,Experts Emphasize the Importance of Steady Parenting,rhetorical_question,0,0.9327017068862915,0.8198419213294983,0.11285978555679321,0.6127418279647827,0.033031643180138064,46.26030731201172,7,1.0,0.020239869422878247
778,'new york times' moves all content you won't give a shit about unless you make at least $200k a year into one convenient section,The New York Times Publishes a Dedicated Section Targeting Affluent Readers,sarcasm,0,0.8163142204284668,0.9190297722816467,-0.10271555185317993,0.5493026971817017,0.0057817803611530435,87.5157241821289,23,0.9583333333333334,0.00317594754689356
779,"Report: DNC and Clinton funded Trump-Russia dossier—shocking, as if we didn't see that coming.",Former DNC and Clinton Reportedly Fund a Trump Russia Investigation,satire,0,0.854386031627655,0.8477419018745422,0.006644129753112793,0.7713340520858765,0.07001843277722804,457.3631896972656,11,0.7857142857142857,0.05400760147476185
780,hero lawyer uses technicality to free guilty man,California Attorney Uses Procedural Loophole to Secure Release of a Guilty Armed Robbery Defendant,sarcasm,0,0.9167020916938782,0.7738332152366638,0.14286887645721436,0.35242363810539246,0.01428363257865929,197.24981689453125,13,0.9285714285714286,0.005033889758731815
781,"Robin Wright fought for equal pay—groundbreaking, since no actress has ever done that before.",Robin Wright Advocates for Equal Pay in the Academy Awards,sarcasm,0,0.7799651622772217,0.9586597084999084,-0.17869454622268677,0.7352405786514282,0.03310967263730818,161.537109375,11,0.7857142857142857,0.024343574868813826
782,An apology expert analyzes Melania Trump's plagiarism explanation – because nothing says sincerity like a well-crafted excuse.,An Apology Following Melania Trump's Plagemail Resandal,sarcasm,0,0.8580594658851624,0.905851423740387,-0.04779195785522461,0.7194106578826904,0.018526347408173313,1179.4134521484375,14,0.8235294117647058,0.01332805177707724
783,Martha Stewart's wine service makes drinking Martha-approved? As if we needed more ways to feel like failures at hosting.,Martha Stewart's Wine Service Faces Criticism Over Hostility and Hostility,satire,0,0.9549047350883484,0.6349701881408691,0.31993454694747925,0.684200644493103,0.018146163979089743,329.0881652832031,17,0.8947368421052632,0.012415617089570733
784,Merkel says we won’t get anywhere with populism—as if the world needed another lecture from the ‘leader of the free world.’,Merkel Says He Will Not Deliver a Political Lecture on the Leadership of the Free World,overstatement,0,0.8830130696296692,0.5978349447250366,0.28517812490463257,0.7567340731620789,0.022632228271149753,57.54676818847656,17,0.8095238095238095,0.017126578284361108
785,"Whitney Johnson, the trailblazer who co-founded a firm with a famous name – truly breaking the glass ceiling.","Whitney Johnson, the Trailblazer Who co-founded a Firm With a Famous Name, Found a Glass Ceiling",satire,1,0.7635775804519653,0.6440476775169373,0.11952990293502808,0.9058796167373657,0.07070671467666172,120.22772979736328,12,0.6666666666666666,0.06405177159205258
786,Cheese advent calendar: not your typical Christmas treat—unless you love cheese 24/7.,Family Treats a Cheese Christmas,satire,0,0.8546384572982788,0.782872200012207,0.07176625728607178,0.6492771506309509,0.015756142963855618,2353.64404296875,11,0.9166666666666666,0.010230103608506081
787,drunk driver in the zone,Wisconsin Man Arrested After Driving 0.14 BAC,understatement,1,0.7277400493621826,0.6046342253684998,0.12310582399368286,0.3844979703426361,0.0,144.2165985107422,7,1.0,0.0
788,"Nick Jonas' queer baiting paying off? Shocking, simply shocking.",Nick Jonas Appears in Court for a Sexual Trial,sarcasm,0,0.9212465882301331,0.6004120111465454,0.32083457708358765,0.6028037071228027,0.023980296761827107,712.0958251953125,8,0.8888888888888888,0.014455411785934322
789,report: recent wednesday felt like thursday,Many Workers Report a Typical Midweek,irony,0,0.6251413226127625,0.9736971259117126,-0.3485558032989502,0.4542728364467621,0.0,1253.6317138671875,6,1.0,0.0
790,laid-off website designer designs website about being laid off,The Laid-Off Website Designer Faces Backlash After Being Fired,irony,0,0.9004740118980408,0.697960376739502,0.20251363515853882,0.6885315179824829,0.0,214.43203735351562,9,1.0,0.0
791,breaking: can anyone ever truly know anything? what is the truth?,Reporters Covering Boston Bomber Manhunt Focus on Factual Updates,rhetorical_question,0,0.9765843749046326,0.9031957983970642,0.07338857650756836,0.19944700598716736,0.0,467.5263366699219,11,1.0,0.0
792,on-the-job sexual harassment: three women tell their sizzling hot tales,Three Women Share Their Experiences With Workplace Sexual Harassment,satire,0,0.9214255213737488,0.5997885465621948,0.32163697481155396,0.8108818531036377,0.0,25.9018497467041,10,1.0,0.0
793,toddler unsettled by whatever possessed her to bite friend's face,Toddler gets a bite on a person's face,irony,1,0.7328883409500122,0.7302783131599426,0.00261002779006958,0.8025578260421753,0.025725069574826766,99.13629913330078,9,0.9,0.020645855912756677
794,"Michael Phelps, the ultimate pool hog, announces he's ready to retire. Shocking.",Michael Phelps Announces Retirement from the pool hog,sarcasm,1,0.7836472392082214,0.6745177507400513,0.10912948846817017,0.8664858341217041,0.022172045047934612,1492.861083984375,11,0.9166666666666666,0.01921176294754362
795,Why won't my kids wish you Merry Christmas? Because they're little rebels.,Merry Christmas for Rebel Rebels in Russia and Syria,rhetorical_question,0,0.6049104928970337,0.8965145945549011,-0.29160410165786743,0.6698657870292664,0.017182633466700372,191.87828063964844,12,1.0,0.011510058290406655
796,mccain late to debate due to greyhound delays,McCain Delivers a Democratic Presidential Debate on a Greyhound Delay,irony,0,0.5646548271179199,0.8534595966339111,-0.2888047695159912,0.8474797010421753,0.0,218.9492950439453,10,1.0,0.0
797,study: boyfriends who aren't speaking are thinking about ending relationship 90% of time,Researchers Note That People Form Posture Changes When Disengaging,overstatement,0,0.8665812611579895,0.6485055088996887,0.21807575225830078,0.06742112338542938,0.0,325.02471923828125,13,1.0,0.0
798,man happy to set up job interview for fraternity brother he once forced to drink own piss,Former Fraternity Brothers Reconnect to Discuss Job Opportunity,sarcasm,0,0.9257963299751282,0.5283061861991882,0.39749014377593994,0.5136911869049072,0.009017608727734442,1175.841552734375,16,0.9411764705882353,0.0046322661303939555
799,sen. hatch says trump allegations not serious enough that scales should fall from eyes revealing what madness we have begotten,Sen. Hatch Says Allegations Against Trump Not Yet Serious Enough,satire,1,0.5127003192901611,0.6722215414047241,-0.159521222114563,0.7720175385475159,0.0,139.39793395996094,20,1.0,0.0
800,senile mother a broken novelty record,Ailing parents struggle with the health and financial challenges,irony,0,0.7657148241996765,0.6522865295410156,0.11342829465866089,0.27633965015411377,0.0,159.04696655273438,9,1.0,0.0
801,Albright apologizes for implying female Bernie supporters will go to hell – because that's a reasonable thing to say.,Former Secretary of State Albright Addresses Sexual Misconduct Allegations Against Women,sarcasm,0,0.9648641347885132,0.7771856784820557,0.18767845630645752,0.5457051992416382,0.009108946940221201,38.80335235595703,19,1.0,0.004970799704894921
802,Hackers access baby monitors with the ease of a baby ordering pizza.,Researchers Claim Health Services Consistent With a Pizza Delivery,overstatement,0,0.9685161709785461,0.9601196646690369,0.008396506309509277,0.3791552186012268,0.017182633466700372,595.5221557617188,11,0.9166666666666666,0.006514885148211535
803,"Street photography in Stockholm, part 2: because part 1 was just too thrilling.","Street Photography in Stockholm, Part 2",satire,1,0.6362617015838623,0.6260248422622681,0.010236859321594238,0.8604553937911987,0.029752796575840495,318.6076354980469,10,0.7692307692307693,0.025600954294054262
804,JWOWW fires back: 'I didn't know I was pregnant!'... because those home pregnancy tests are notoriously tricky to read.,JWW Rowling Responds To Pregnancy Rumors Amid Legal Challenges,sarcasm,0,0.9096242189407349,0.7893245220184326,0.12029969692230225,0.563640832901001,0.0,445.7752380371094,19,1.0,0.0
805,"Bruce Jenner's midlife crisis? No, it's a carefully planned rebranding.",Bruce Jenner's Midlife Crisis Continues Amid Media Scrutiny,sarcasm,0,0.7653325200080872,0.8429244756698608,-0.07759195566177368,0.7592344284057617,0.04574636154673318,72.50027465820312,8,0.8,0.034732212660577286
806,"The simple mind trick that helped me lose weight—it's not diet or exercise, but magical thinking!",An Inconsistent Mind Trick Helps me Maintain Weight,satire,0,0.6772466897964478,0.5838702321052551,0.09337645769119263,0.714030385017395,0.010218289380194194,486.0283203125,15,0.9375,0.007296169100359219
807,chris collins thanks supporters with can't-miss tip on biotech stock,Rep. Chris Collins Offers Insider Trading Advice to Biotech Stock,irony,0,0.8942846059799194,0.737350344657898,0.15693426132202148,0.7381584644317627,0.0,166.03717041015625,10,1.0,0.0
808,"Three simple steps to not take a bad day home – if only it were that easy, right?",Three Simple Steps to Maintain a Bad Day,understatement,0,0.7170849442481995,0.7666346430778503,-0.04954969882965088,0.7453603148460388,0.010473332486511359,78.02478790283203,15,0.8333333333333334,0.007806406399633353
809,"Trump effect on transgender mental health: negatively impactful, shockingly.",Trump's Impact on Transgender People's Mental Health Draws Scrutiny,sarcasm,0,0.7579091191291809,0.6666557788848877,0.09125334024429321,0.8967992067337036,0.023980296761827107,55.134552001953125,8,0.8888888888888888,0.021505511113245352
810,millions of plants sent from nation's garden departments to their deaths,Garden centers report high sales volume for potted plants,overstatement,0,0.7973007559776306,0.9711442589759827,-0.17384350299835205,0.48308777809143066,0.019201920550239778,625.7816772460938,11,1.0,0.009276213133703515
811,"Prince Harry and Meghan Markle's event will nod to Diana – a subtle tribute, nothing over the top.",Prince Harry and Meghan Markle at the Royal Wedding in London,understatement,0,0.7076596617698669,0.8591225147247314,-0.1514628529548645,0.6335133910179138,0.13128944200370593,17.45989418029785,14,0.7777777777777778,0.08317361960861748
812,"The very best part: finally, a break from your family's constant nagging.",A Break From the Nagging,sarcasm,1,0.9148843288421631,0.784641683101654,0.13024264574050903,0.6809749007225037,0.0,1274.889404296875,12,1.0,0.0
813,Because nothing says political discourse like a selfie with Kim Kardashian.,Kim Kardashian appears in a political discourse,irony,0,0.9608092308044434,0.9150071740150452,0.04580205678939819,0.6759688854217529,0.04691123872354154,656.1845703125,10,0.9090909090909091,0.03171053775370615
814,stephen hawking reportedly working on juicy tell-all formula,Stephen Hawking Working on a New Oven Formula,satire,0,0.7456390857696533,0.7038436532020569,0.041795432567596436,0.7340003252029419,0.02777619034011792,1055.1268310546875,8,1.0,0.020387732742545364
815,female boss walking around like she owns the place,Female Business Professionals Allocate Time and Money to the Services,sarcasm,0,0.9082736968994141,0.9584271907806396,-0.050153493881225586,0.40554967522621155,0.021105340631872645,106.36091613769531,9,0.9,0.008559264038794517
816,"""i am equal to any man,"" says stern woman who likely does not menstruate",Women Often Make Emarks In Response To Men,sarcasm,0,0.7520721554756165,0.8765172958374023,-0.12444514036178589,0.3589627146720886,0.0,824.35400390625,14,1.0,0.0
817,"ad campaign appeals to young, hip, influenced-by-ad-campaigns demographic",Marketing Agency Launches a Marketing Campaign Targeting Young Adults,satire,0,0.928458034992218,0.9512931704521179,-0.022835135459899902,0.6550191640853882,0.0,142.83163452148438,9,1.0,0.0
818,candidate delighted to be in chair factory,Rep. Tim Ryan Arrives at a Factory for a Test,sarcasm,0,0.9702787399291992,0.7748957276344299,0.1953830122947693,0.36013850569725037,0.0,110.40963745117188,10,1.0,0.0
819,baby takes political stance,Baby holds a political stance,overstatement,0,0.8950232267379761,0.8864179849624634,0.008605241775512695,0.9607548713684082,0.11362193664674995,504.05279541015625,3,0.6,0.10916282912767768
820,Gunfire in Ferguson after protester hit – classic problem-solving technique.,Protesters Engage in a Gunfire in Ferguson Following Protest,sarcasm,0,0.9697943925857544,0.7390539050102234,0.230740487575531,0.6766713261604309,0.10620315618312248,184.99130249023438,10,1.0,0.07186463053685686
821,"Teachers in Detroit protest, and surprise, schools close. What a novel solution.",Teachers Go on Strike in Detroit,sarcasm,0,0.985343873500824,0.838986337184906,0.14635753631591797,0.7303276062011719,0.0351487760467425,248.320068359375,11,0.9166666666666666,0.025670121471118537
822,forgetful karl lagerfeld inadvertently starts lobster-bib trend,Legendary Fashion Designer Karl Lagerfeld Begins a Lobster-Bib Collection,irony,0,0.5751970410346985,0.6136739253997803,-0.03847688436508179,0.7203119993209839,0.0,151.0381317138672,9,1.0,0.0
823,nation unsure which candidate's plan to destroy the environment will create more jobs,Poll suggests voters split on a candidate's Environmental Policies,irony,1,0.8559039235115051,0.574616014957428,0.28128790855407715,0.5358037948608398,0.015375695992413887,210.60556030273438,13,1.0,0.008238356261361967
824,Lee Daniels admits his show is for white guilt—how inclusive of him.,Lee Daniels Addresses Ethics Investigation Into His Show,sarcasm,0,0.9129966497421265,0.7794305682182312,0.13356608152389526,0.6816294193267822,0.0356273021952634,671.7945556640625,10,0.8333333333333334,0.024284617307537188
825,fan doubtful 'solo: a star wars story' can live up to denny's blaster fire burger,Fans Express Skepticism Over Solo: A Star Wars Story Ahead of Release,overstatement,1,0.847641110420227,0.55413818359375,0.29350292682647705,0.6377167105674744,0.0,256.9656982421875,15,1.0,0.0
826,nancy grace reports own mind now missing for 83 days,Nancy Grace Reports on the Search for a Missing Malaysia's Shadow,sarcasm,1,0.7519235610961914,0.8249359726905823,-0.07301241159439087,0.5590890049934387,0.018850319022747353,415.56231689453125,11,1.0,0.010539006106236709
827,Of course Jesus is black—white people never get nailed to things.,Jesus is a Black People,sarcasm,0,0.7785691618919373,0.763801634311676,0.01476752758026123,0.7582170963287354,0.034222269664256,333.52447509765625,9,0.8181818181818182,0.025947909934611147
828,"5 better questions to ask allergy families: like, 'Is your child's epinephrine pen fashionable?'",Anxiety Awareness Prompts Parents to Seek an Emergency Epinephrine Pen,overstatement,1,0.8456221222877502,0.5367534756660461,0.3088686466217041,0.4495207369327545,0.01414733290395472,176.46261596679688,14,1.0,0.006359519512618732
829,Warren's bill: to solve Trump's imaginary conflicts.,Warren's Bill Faces Scrutiny Over Trump Claims,irony,0,0.9088831543922424,0.7257811427116394,0.18310201168060303,0.7057486772537231,0.033031643180138064,127.23423767089844,6,0.8571428571428571,0.023312038481899403
830,Groot dances again? Guardians sequel promises wooden choreography—revolutionary!,Groot Dance Returns in a Guardians Sequel,overstatement,1,0.8952681422233582,0.712255597114563,0.18301254510879517,0.8603762984275818,0.034052233956373766,3323.03564453125,7,0.875,0.02929773500457487
831,"LeBron James' 2015 finals was legendary, but nothing compared to this (whatever 'this' is)—a hot take so hot it's volcanic.",LeBron James' Finals Rosters in 2015,sarcasm,1,0.9391405582427979,0.7402246594429016,0.19891589879989624,0.5922589302062988,0.00926511677419193,387.5269775390625,18,0.9,0.005487348148919347
832,governor pardons self for living,Governor Pardons Himself for Living,sarcasm,0,0.8449923992156982,0.7220869064331055,0.12290549278259277,0.9507712125778198,0.05372849659117709,1270.3533935546875,4,0.8,0.051083507853976695
833,"The witching hour is just another boring, supernatural-free time.",Women Attend the witching hour,irony,0,0.9539024829864502,0.9095956683158875,0.044306814670562744,0.5982984304428101,0.05105362709447673,5689.298828125,9,1.0,0.03054530495903795
834,Timelapses of fast-growing cities will make your jaw drop—or just give you neck strain.,Rapid City Growth Leads to Severe Stress and Vulnerability,overstatement,0,0.6513353586196899,0.6939921379089355,-0.042656779289245605,0.4894654154777527,0.0,106.31011199951172,14,1.0,0.0
835,new historical evidence suggests most pilgrims sailed back home to celebrate first thanksgiving,Historical Records Confirm Pilgrims Celebrated the First Thanksgiving in Plymouth,irony,0,0.7026746869087219,0.7109280228614807,-0.008253335952758789,0.7961937189102173,0.0,100.65214538574219,13,1.0,0.0
836,Because holidays were totally mono-ethnic before this revelation.,Americans Speculate on the Diversity and Racial Bias at Holiday Season,sarcasm,0,0.8822594285011292,0.8044231534004211,0.07783627510070801,0.5834019184112549,0.0,163.40377807617188,11,1.0,0.0
837,"3 unique and unusual financial tips for 2015. Finally, advice that's not just 'spend less than you earn.' How revolutionary.",Three Investment Tips for 2015,sarcasm,1,0.5671168565750122,0.8626341223716736,-0.2955172657966614,0.7392910122871399,0.0026749843330874786,582.1176147460938,19,0.95,0.001977591875460482
838,cheering gets slightly less loud after obama's call for community service,Obama Calls for Community Service in Denver,irony,0,0.9378467798233032,0.8112043142318726,0.12664246559143066,0.5193336009979248,0.018653567503517977,332.34173583984375,11,1.0,0.009687424383059862
839,"Taco Bell's test kitchen now offers reservations, redefining fast food as gourmet.",Taco Bell Tests Fast Food in a Test Kitchen,satire,0,0.9521632790565491,0.8875468969345093,0.0646163821220398,0.7778475284576416,0.017182633466700372,315.91302490234375,11,0.9166666666666666,0.013365468974466443
840,teen had absolutely no say in becoming part of snapchat generation,Before the snapchat generation,sarcasm,0,0.7287972569465637,0.7623240947723389,-0.033526837825775146,0.6613765954971313,0.029524961852386813,833.0215454101562,9,0.8181818181818182,0.019527118752114266
841,secretary of the interior meekly asks if there anything she can do to help stop isis,Interior Department resources have no role in counterterrorism operations,sarcasm,0,0.5771082639694214,0.8817697167396545,-0.30466145277023315,0.37547028064727783,0.0,189.744140625,16,1.0,0.0
842,24 surefire ways to absolutely annihilate your soul while working from home – because who needs joy anyway?,Remote Work Is a Vital Security Measure for Workers,overstatement,0,0.5908915996551514,0.9663165807723999,-0.37542498111724854,0.2877967357635498,0.0,461.3135681152344,18,1.0,0.0
843,4 couscous recipes for every meal – because variety is overrated.,Researchers Propose a Couscous Batteraging Habits for the Meals,overstatement,1,0.7140734791755676,0.6811291575431824,0.032944321632385254,0.7037065029144287,0.019201920550239778,314.0530090332031,11,1.0,0.013512516359649937
844,Democrats debate climate change: a rare moment when they address an actual issue.,Democrats Debate Climate Change at Democratic National Convention in Cleveland,irony,0,0.977070689201355,0.9144498705863953,0.06262081861495972,0.6526972055435181,0.015635220893785457,64.2043685913086,12,0.9230769230769231,0.010205064985429394
845,romney: 'this is why they call me turnaround mitty from comeback city',Romney Defends Candidate's Resurgence in a Return City,sarcasm,0,0.7186846137046814,0.7939894199371338,-0.07530480623245239,0.6590206623077393,0.0,207.46612548828125,12,1.0,0.0
846,Flynn seeks immunity: the classic move of the completely innocent.,Former National Security Advisor Michael Flynn Seeks immunity in Russia Investigation,sarcasm,0,0.9560377597808838,0.8356949090957642,0.12034285068511963,0.6726740598678589,0.018850319022747353,64.40800476074219,11,1.0,0.012680120626835793
847,"Rob Porter resigns due to abuse allegations. Shocking, given the administration's stellar record on ethics.",Rob Porter Resigns as White House Chief of Staff,sarcasm,0,0.9055435657501221,0.6991925239562988,0.20635104179382324,0.7040301561355591,0.026036487682889974,33.46466064453125,13,0.8666666666666667,0.01833047248860659
848,Handshakes at Olympics: unity achieved through carefully staged diplomacy.,Global Solidarity Held at the Olympics in Beijing,irony,0,0.979939341545105,0.9291855096817017,0.05075383186340332,0.6065544486045837,0.024512401940754224,115.61019134521484,9,1.0,0.014868106443148107
849,Prank glues child to toilet: comedy at its finest!,Young Adult Uses a Public Restroom,overstatement,0,0.9314916729927063,0.8504496812820435,0.08104199171066284,0.40660810470581055,0.0,884.3260498046875,9,1.0,0.0
850,"Mark Hamill says Luke might be gay: Star Wars embraces diversity, decades late.",Mark Hamill Says Luke might Be a Gay,irony,0,0.8117985129356384,0.6077431440353394,0.20405536890029907,0.8646224737167358,0.04446426575347835,867.427978515625,9,0.6923076923076923,0.03844480344777079
851,man who lost leg to whale decides to let it go,Man Who Lost a Leg in a Whale Attack Moves On With His Life,irony,1,0.7209162712097168,0.6795632839202881,0.04135298728942871,0.8437409400939941,0.0,141.62269592285156,14,1.0,0.0
852,'phantom thread' wins academy award for best film you liked but probably wouldn't see again,'Phantom Thread' Wins Academy Award for Best Costume Design,sarcasm,0,0.6961343288421631,0.541313111782074,0.1548212170600891,0.7165567874908447,0.01231189487700387,153.11268615722656,14,0.9333333333333333,0.008822171840990881
853,friend's grandma to give you hug too,Award-winning author and activist Peter Tuddenham,understatement,1,0.5931371450424194,0.8478150963783264,-0.254677951335907,0.1132749691605568,0.0,131.85797119140625,7,1.0,0.0
854,college roommates to continue bonding process until real friends made,College Freshmen Often Drift Apart From Assigned Communities,irony,0,0.6303159594535828,0.6122759580612183,0.018040001392364502,0.4641457796096802,0.0,1095.352294921875,10,1.0,0.0
855,bush sr. apologizes to son for funding bin laden in '80s,President Bush Jr. Faces Scrutiny Over CIA Funding for Osama Bin Laden in the 1980s,sarcasm,0,0.9431190490722656,0.8511148691177368,0.09200417995452881,0.5809515118598938,0.015718877363021206,47.20840835571289,13,0.8666666666666667,0.00913190556878743
856,report: 80% of subway track repairmen run over each day,Report Highlights Safety Challenges for Subway Track Maintenance Workers,overstatement,0,0.9212340712547302,0.8028443455696106,0.11838972568511963,0.6834660768508911,0.0,1890.7994384765625,10,1.0,0.0
857,"Finally, after all these years, the public is deemed worthy of seeing some old buildings. How generous.",The Public Says the Historical Elegance and the Trust of the Old Buildings,irony,0,0.929714560508728,0.7943668961524963,0.1353476643562317,0.7531205415725708,0.013583106526228583,241.32879638671875,16,0.9411764705882353,0.010229716543271192
858,little tobacco hit with $3.5 hundred lawsuit,A Tobacco Manufacturer Files a $3.5 Million Lawsuit Over Mis packaging,sarcasm,1,0.6661689281463623,0.6213023662567139,0.04486656188964844,0.6632709503173828,0.018850319022747353,225.8055877685547,10,0.9090909090909091,0.012502869012003476
859,"Why do mirrors flip sideways but not upside down? Because they're secretly plotting against us, that's why.",Intelligence officials question why US elections results in so many political reversals,rhetorical_question,0,0.7578575015068054,0.9558791518211365,-0.19802165031433105,0.33442097902297974,0.0,158.2490997314453,17,1.0,0.0
860,new ad preys on people with 'ideas',A New Ad Campaign Claims Attending the Academy Awards,sarcasm,0,0.942619264125824,0.971656858921051,-0.02903759479522705,0.46607792377471924,0.0,350.9505310058594,9,1.0,0.0
861,empire state building ultimately supports nsa spying measures,Empire State Building Faces Scrutiny Over NSA Surveillance Measures,irony,0,0.9644516706466675,0.8351430892944336,0.1293085813522339,0.8636190891265869,0.0,4379.70263671875,9,1.0,0.0
862,"Exclusive: Family of teen shot near Ferguson speaks out, in a world where such events are commonplace.","The Account of a Teen Shot Near Ferguson in Ferguson, Missouri",understatement,1,0.6949590444564819,0.6390726566314697,0.05588638782501221,0.7002540826797485,0.015450616150810453,181.4955291748047,15,0.8823529411764706,0.01081935703952268
863,white house claims iran behind attack on nancy kerrigan,White House Defends Iran's Response to the Terrorism Attack onancy Kerrigan,satire,0,0.8784083127975464,0.8556999564170837,0.022708356380462646,0.8388265371322632,0.0,494.9342041015625,11,1.0,0.0
864,Racism accusations are overblown; cops quitting after a black mayor is just a happy coincidence.,Chicago Police Officers Quit in Protest Following Sexual Assault Allegations,irony,0,0.9407002329826355,0.8590986132621765,0.08160161972045898,0.4159858822822571,0.0,128.57330322265625,15,1.0,0.0
865,Priest finds puppy just where he left it; story of his life.,ArizonaPriest Ends a Puppy in His Home,understatement,1,0.7634631395339966,0.6959719657897949,0.06749117374420166,0.48143598437309265,0.0,490.79864501953125,12,1.0,0.0
866,"450 protesters arrested in Tehran, government calls it 'a minor adjustment to public order.'",Iranian Government Defends Crackdown on Protesters in a Public Order,understatement,0,0.8716537356376648,0.9016065001487732,-0.0299527645111084,0.6872888207435608,0.01414733290395472,121.0221176147461,14,1.0,0.009723303748225616
867,5 tweets from the NRA that are literally worse than the Oregon gun massacre itself. Obviously.,NRA Releases Numerous Tweets Following Oregon Gun School Shooting,overstatement,0,0.7879963517189026,0.8920000195503235,-0.1040036678314209,0.813125491142273,0.013101694097607006,390.09625244140625,14,0.875,0.010653321447912516
868,"Steven Tyler admits to hitting on daughter's friend: standard rockstar parenting, totally normal.",Steven Tyler Discusses His Personal Conduct Following the Death of a Rockstar,understatement,1,0.968858540058136,0.6845231056213379,0.2843354344367981,0.5122015476226807,0.033140738502115685,135.28367614746094,11,0.8461538461538461,0.016974737550142213
869,The mid-sex revelation that revolutionized your life (probably not).,Researchers Claim the Mid-Sex Marriage Changed Your Life,overstatement,0,0.6547898054122925,0.8064488768577576,-0.1516590714454651,0.6838953495025635,0.0,511.6754150390625,9,1.0,0.0
870,"James Cameron cried hearing Titanic theme. Just a little tear, I'm sure.",James Cameron Discusses the History of the Titanic Theme,understatement,0,0.5729737281799316,0.6241382360458374,-0.05116450786590576,0.7098733186721802,0.04021333017266262,225.91726684570312,10,0.8333333333333334,0.02854637014452813
871,'Friends' co-creator on a reboot? As if we needed more recycled 90s nostalgia.,Friends Creator Vince Gilligan Plans a Re-Entry for The 90s,rhetorical_question,0,0.8004881739616394,0.6543646454811096,0.14612352848052979,0.6505525708198547,0.01859351593152887,140.07369995117188,12,0.9230769230769231,0.012096059589836032
872,"Bush's electability argument weakens—shocking, given his stellar track record of winning hearts",President Bush Defends His Nomination in Congressional Leadership Debate,sarcasm,0,0.8664606809616089,0.8338536620140076,0.03260701894760132,0.43171238899230957,0.0,162.1981964111328,12,1.0,0.0
873,HuffPollster: Carly Fiorina probably won't help Ted Cruz save his campaign: what a surprise.,Mike Huckabee Campaign Faces Scrutiny Over Carly Fiorina's Impact on Ted Cruz's Presidential Campaign,sarcasm,0,0.9560418128967285,0.5414795875549316,0.4145622253417969,0.5653499960899353,0.0169861974906263,59.866485595703125,14,1.0,0.009603146684908448
874,"Another week, another promise to find the plane.",NASA Officials Continue Search for a Lost Malaysia Airlines Flight,irony,0,0.686741292476654,0.6344478726387024,0.05229341983795166,0.3915044963359833,0.0,116.23492431640625,10,1.0,0.0
875,"Guns messing with feng shui? California's real problem is bad vibes, not bullets.","California Gun Violence Leaves 20 Dead, 20 Wounded",sarcasm,1,0.6466736793518066,0.6311867833137512,0.01548689603805542,0.46341672539711,0.0,194.69529724121094,13,1.0,0.0
876,god irritated guests do not understand it time to leave heaven,The Devastating Eruption in the Ganges,satire,1,0.8350489735603333,0.5938635468482971,0.24118542671203613,-0.0024720728397369385,0.0,67.52753448486328,11,1.0,0.0
877,'She's in King David Cemetery. That is where I go to see my kid now.': pleasant family outing.,Parents Make a Funeral Service in a King David Cemetery,understatement,0,0.6371977925300598,0.8724396228790283,-0.2352418303489685,0.5706149339675903,0.02219407728646536,195.2842254638672,18,1.0,0.012664271945288028
878,"Tyra Banks doesn't have time for Drake's behavior, models are above it all.",Tyra Banks Models at the Academy Awards,sarcasm,0,0.6992782950401306,0.8723273873329163,-0.17304909229278564,0.5746959447860718,0.029643894865777738,280.65936279296875,11,0.8461538461538461,0.01703622616702712
879,nra calls for more common-sense gun deaths,NRA Responds to March For Our Lives Protest Following Orlando Nightclub Shooting,sarcasm,0,0.9318667054176331,0.8128656148910522,0.11900109052658081,0.5266168117523193,0.0,72.99336242675781,12,1.0,0.0
880,Decode the arcane language of teens with this one ancient secret.,Researchers Confirm the Magic Language Transference in Teenagers,overstatement,0,0.5374774932861328,0.9027407169342041,-0.3652632236480713,0.46340394020080566,0.019090277826420414,245.70925903320312,11,1.0,0.008846509964291292
881,Here are six surefire ways to ensure your divorced friend never speaks to you again—you're welcome.,Here are a surefire Method to Manage a Disagreement With a Moved Friend,satire,1,0.6985726952552795,0.833188533782959,-0.13461583852767944,0.48075398802757263,0.031021577127506993,150.69606018066406,12,0.75,0.014913746918953918
882,"6 people, including children, die in mass shooting—just another Tuesday in the land of the free, home of the brave.",Six Killed in a Mass Shootings in a Sikh Temple in San Vegas,irony,0,0.887451708316803,0.551018476486206,0.3364332318305969,0.5383595824241638,0.010783936034727756,87.5013656616211,18,0.9,0.0058056353005449274
883,missing mount everest climbers feared buried under avalanche of dead mount everest climbers,Missing Mount Everest Climbers Reported in Utah,irony,1,0.6437290906906128,0.5349361300468445,0.10879296064376831,0.6780780553817749,0.0,1504.399658203125,13,1.0,0.0
884,increasingly horrified man listens to self explain what he does for a living,Advocates for the entertainment that they do,satire,0,0.9298722147941589,0.9642357230186462,-0.034363508224487305,0.29647305607795715,0.014017732413740807,133.2681884765625,13,1.0,0.004155879967984776
885,50-year-old prince licks aarp representative's face,A Song of Ice and Fire,satire,1,0.8860295414924622,0.8905448317527771,-0.004515290260314941,0.027365585789084435,0.0,11.627785682678223,6,1.0,0.0
886,"Clinton lawyer funded Steele dossier? In other news, water is wet and politicians are shady.",Former Clinton Attorney General Eric Trump Faces Scrutiny Over Russian Contacts in Steele Russia Investigation,understatement,0,0.8397634625434875,0.7308560609817505,0.10890740156173706,0.4491928815841675,0.015718877363021206,169.3264923095703,15,1.0,0.007060807817963636
887,mcdonald's unveils new senior citizen playplace,McDonald's Opens a Senior Playplace for Senior Citizens,satire,0,0.9018961191177368,0.8256903886795044,0.07620573043823242,0.8927857875823975,0.0,412.02471923828125,8,1.0,0.0
888,"Nothing boosts sales like homelessness, right? Who needs a home when you have cookies?",Housing Poverty Leads to Significant Financial Losses,sarcasm,0,0.7928544878959656,0.7305713891983032,0.062283098697662354,0.3506298363208771,0.0,158.07164001464844,14,1.0,0.0
889,"Hillary Clinton steals show in 'Song for Women', breaking glass ceilings one cameo at a time.",Hillary Clinton steals the show in 'Song for Women',satire,0,0.9527614116668701,0.8639951348304749,0.08876627683639526,0.805272102355957,0.1983203503706569,129.61842346191406,10,0.625,0.15970184548294888
890,"Colleges brave Cuba for exchanges, thawing relations one class at a time.",US and Cuba Diplomatic Meetings Stall in Cuba,irony,0,0.9392126798629761,0.8296315670013428,0.1095811128616333,0.4963507354259491,0.016847111051295396,442.8458251953125,11,0.9166666666666666,0.008362075960113104
891,"area man much happier, more relaxed since joining cult",Man Says Cult Membership Improves Mood,irony,0,0.753358006477356,0.8776587843894958,-0.12430077791213989,0.6794354915618896,0.0,2387.509521484375,9,1.0,0.0
892,"Two beatboxers make corporate jargon sound cool, turning 'leverage' into art—who needs clear communication?",Two beatboxers transform corporate Jargon Into an Advertising Campaign,satire,0,0.8792949914932251,0.9415566921234131,-0.06226170063018799,0.7234853506088257,0.03220031756509398,1295.521240234375,11,0.7857142857142857,0.023296458043297545
893,Mike Pence links Iranian scientist's execution to Hillary's emails? Logical as ever.,Mike Pence Links Iran's Execution to Hillary Clinton Emails,sarcasm,0,0.9673919677734375,0.9070086479187012,0.06038331985473633,0.9069669246673584,0.04021333017266262,639.0354614257812,9,0.75,0.036472160397332906
894,Fans get front-row seats to unexpected player meet-and-greet (with fists).,Fans Gather in the Admirals for a Team Meet-and-Greet,understatement,1,0.5771973729133606,0.9195009469985962,-0.3423035740852356,0.6701829433441162,0.02145851237135921,31.32821273803711,9,0.9,0.014381128980823646
895,area man determined to get money's worth from pay toilet,Philadelphia Men Pledge Significant Funds to Use a Public Restroom,satire,0,0.9303288459777832,0.8466942310333252,0.08363461494445801,0.48424652218818665,0.021105340631872645,1303.7591552734375,10,1.0,0.010220187800581353
896,newlyweds regret saving sex for marriage,Newlyweds decide against a marriage,understatement,0,0.8437247276306152,0.6746490597724915,0.16907566785812378,0.5849788784980774,0.0439891724758422,199.26817321777344,5,0.8333333333333334,0.025732736780976664
897,unattractive man not fooling anyone by dressing well,An Attractive man in a business,sarcasm,0,0.5344829559326172,0.7536377906799316,-0.21915483474731445,0.4726753830909729,0.02925226826055808,201.8226318359375,8,1.0,0.013826827106339198
898,area teen smoking like he's been to fucking war or something,Denver teens report high alcohol consumption,overstatement,0,0.6049501299858093,0.8298637270927429,-0.2249135971069336,0.3188530206680298,0.0,426.15997314453125,11,1.0,0.0
899,"Dove Deodorant joins the political fray with #AlternativeFacts, because what the world needs is more corporate snark.",Dove Deodorant Joins the Political fray in Denver,irony,1,0.9057393074035645,0.5139804482460022,0.39175885915756226,0.7288922667503357,0.022678085340107776,419.2779846191406,13,0.7647058823529411,0.016529881029108715
900,"fear of being alone, ticking biological clock wed in beautiful outdoor ceremony",Couple Weds in a Outdoor Ceremony in a Glass Conservatory,sarcasm,0,0.5926851034164429,0.559746265411377,0.03293883800506592,0.4094654321670532,0.01727959142950042,423.26397705078125,11,0.9166666666666666,0.007075395372350499
901,trump slammed for signing john mccain defense bill without praising how many people it will kill,Trump Faces Criticism Over John McCain's Defense Legislation Following Supreme Court Confirmation Hearing,sarcasm,0,0.8836398720741272,0.5987563729286194,0.2848834991455078,0.6753799915313721,0.0,155.46217346191406,16,1.0,0.0
902,10th-grade prodigy studying mathematics at 10th-grade level,A High School Student Progresss Through Standard 10th-Grade Math,sarcasm,0,0.9111269116401672,0.5894405841827393,0.321686327457428,0.7112881541252136,0.0,377.2064514160156,9,1.0,0.0
903,"just when couple finally stops stressing about having a baby, they're still not pregnant",Michigan Couple Still Dreams Despite Decision to Stop Pregnancy,irony,0,0.9410838484764099,0.8389236927032471,0.10216015577316284,0.5177397727966309,0.0,1080.5347900390625,14,1.0,0.0
904,watching faces of students as they finish 'the lottery' highlight of english teacher's year,Students Finish the 'The Lottery' Starring the Academy Awards,irony,0,0.9775577783584595,0.651298463344574,0.3262593150138855,0.5933911800384521,0.0,170.1283721923828,14,1.0,0.0
905,'mr. falafel' owner does not actually like being addressed as mr. falafel,Detroit 'Mr. Falafel' Owner Asks Customers To Use His Real Name,irony,0,0.5661178231239319,0.6460385918617249,-0.07992076873779297,0.7614427804946899,0.0,90.66778564453125,12,1.0,0.0
906,"Celine Dion's tribute: emotional, as expected at awards shows.",Celine Dion performs a tribute at the 2018 Academy Awards,understatement,0,0.9367361664772034,0.8723830580711365,0.0643531084060669,0.7342194318771362,0.025098621243978974,74.10855865478516,9,0.9,0.018427895430653665
907,"columbus day protests once again erupt as nation struggles with its dark, anti-italian past",American Tragedies Fuel Nationwide Protests,sarcasm,0,0.8308539986610413,0.9680508375167847,-0.1371968388557434,0.467254102230072,0.0,1619.6363525390625,14,1.0,0.0
908,really ugly shark tired of being mistaken for hammerhead,A hammerhead shark found in a water,satire,1,0.6939157247543335,0.7039933204650879,-0.010077595710754395,0.6821296215057373,0.029519129053903102,165.73477172851562,8,0.8888888888888888,0.020135872328717937
909,Are sheep secretly controlling your mind? This article thinks so.,New Article Claims Sheep May Control Your Thoughts,rhetorical_question,0,0.6303034424781799,0.7712805867195129,-0.140977144241333,0.8702382445335388,0.0,4504.603515625,10,1.0,0.0
910,cleveland ukrainian museum pulling out all stops to prepare for onrush of rnc visitors,Cleveland's Republican National Convention Draws Heavy Crowds,satire,0,0.9399700164794922,0.640923023223877,0.29904699325561523,0.3932766020298004,0.0,116.25914764404297,14,1.0,0.0
911,Video exposes sexism in politics. Women are so surprised.,Video Shows Sexism in the Political System,sarcasm,0,0.9547739624977112,0.9017518758773804,0.05302208662033081,0.8476722240447998,0.029519129053903102,177.1580810546875,7,0.7777777777777778,0.02502254577698751
912,red cross issues reminder they can't accept donations from people with loose blood cupped in hands,American Red Cross Clarifies Guidelines for Blood Donations,overstatement,1,0.5060997009277344,0.5031054019927979,0.0029942989349365234,0.7243841886520386,0.0,249.0753631591797,16,1.0,0.0
913,Your dog is basically a mini SUV with fur. Time to carbon-tax Fido!,A Mini-Aggie With a Golden Retriever,overstatement,1,0.6197603940963745,0.9001488089561462,-0.28038841485977173,0.3550001382827759,0.012712983380807008,132.32469177246094,12,0.9230769230769231,0.004513110858173119
914,What's your book shelfie style? Show off your intellectual vanity for the internet.,Readers Explore a Bookshelf,overstatement,1,0.8413019776344299,0.6142444610595703,0.22705751657485962,0.5666797757148743,0.0,431.94195556640625,13,1.0,0.0
915,"Privacy activists rally to Apple's defense, trusting a corporation with their privacy.",Privacy Advocacy Group Advocates for Apple's Privacy Following Privacy Privacy Scandal,sarcasm,0,0.9623053073883057,0.850521445274353,0.11178386211395264,0.8247979879379272,0.0204689180374571,132.8353729248047,11,0.9166666666666666,0.01688272241256096
916,east st. louis rated 'number one city in america' by poverty magazine,"East St. Louis Struggles With High Poverty, Unemployment, and Crime Rates",irony,1,0.6377878189086914,0.5277161002159119,0.11007171869277954,0.6475005149841309,0.0,73.73056030273438,12,1.0,0.0
917,"House passes stopgap bill before break, such diligent governance",House passes a spending bill before the break,sarcasm,0,0.9764245748519897,0.876819372177124,0.09960520267486572,0.6550087928771973,0.07330918073382302,89.53143310546875,6,0.6666666666666666,0.0480181579792777
918,"Oh, look, Chris Christie's totally unbiased interview with Donald Trump where he just gushes non-stop.",Chris Christie Gives an Interview with Donald Trump in New Hampshire,sarcasm,0,0.9839746356010437,0.8859753608703613,0.09799927473068237,0.6647131443023682,0.06968927319734924,42.108699798583984,11,0.7333333333333333,0.04632337591115677
919,"'humanity deserves to live in darkness,' onion social algorithm cries out before bursting into bright light, disappearing from earthly realm",The Onion Launches a Social Media Platform Claiming Humans Should Live in Darkness,satire,0,0.7050185799598694,0.9107789993286133,-0.2057604193687439,0.7162342667579651,0.009068173153927923,173.6205596923828,20,1.0,0.00649493634973783
920,each passenger has own theory about how guy got into first class,Passengers Speculate How a Man Secured a First-Class Seat,irony,0,0.614963948726654,0.7040526270866394,-0.08908867835998535,0.6898719668388367,0.0,166.83779907226562,12,1.0,0.0
921,real toy used as sex toy,A collection of a sex toy,irony,1,0.5466140508651733,0.536870539188385,0.00974351167678833,0.7759654521942139,0.08633400213704504,186.11630249023438,4,0.6666666666666666,0.06699220300800837
922,israeli soldiers open fire on palestinians carrying potentially dangerous injured friends,Israeli Soldiers Launch a Fire on a Palestinian Civilian in Gaza,sarcasm,0,0.7796931862831116,0.7502838373184204,0.029409348964691162,0.7684431076049805,0.018850319022747353,88.42859649658203,11,1.0,0.014485397729185254
923,Drunken angry white men huddle together? Sounds like a peaceful gathering.,Drunk Men Gather at a White National Convention in Cleveland,irony,0,0.9728131890296936,0.9194745421409607,0.05333864688873291,0.5578075647354126,0.01909690192411307,172.18238830566406,11,1.0,0.010652396356280527
924,"failing memory fuses robert wuhl, kevin pollack into single entity",Robert Wuhl and Kevin Pollak feature on a calendar,satire,1,0.806236743927002,0.7832642197608948,0.022972524166107178,0.3475685715675354,0.0,213.68243408203125,10,1.0,0.0
925,"Artist merges genders with late lover as ultimate collaboration, pushing artistic boundaries tastefully.",Award-winning watercolor painting depicts a mid-life friendship,satire,0,0.6524727940559387,0.7702896595001221,-0.11781686544418335,0.41959303617477417,0.0,116.75959014892578,13,1.0,0.0
926,News roundup for April 17: catch up on everything you didn't care about.,Americans Prepare for a Major News Event in April 17,sarcasm,0,0.7936493754386902,0.7487039566040039,0.04494541883468628,0.5770087242126465,0.020577107905082877,190.5718994140625,12,0.9230769230769231,0.011873170780297834
927,report: therapist just saying that to make you feel better,A Therapist Offers Reassuring Advice to Patients,sarcasm,0,0.9340473413467407,0.80816251039505,0.12588483095169067,0.584824800491333,0.02151810250197126,44.98860168457031,9,0.9,0.012584320002667395
928,"Simple steps to find work you love: dream big, then accept any job—it's that easy.",Careples to Attract an Entry-Level Job,understatement,0,0.8365262150764465,0.7502661943435669,0.08626002073287964,0.3784049451351166,0.009109250643152446,221.67117309570312,14,0.9333333333333333,0.0034469854898441267
929,"Oh, sure, because generalizing half the population is always a great idea – let's all embrace that wisdom!",Generational Change Remains a Vital Topic in the Crisis of Crisis,sarcasm,1,0.9613407850265503,0.5218765735626221,0.4394642114639282,0.21427665650844574,0.011863340284736726,174.305419921875,17,0.9444444444444444,0.0025420368912353383
930,chuck berry remembers call from cousin about white kid playing 'johnny b. goode',Senator Chuck Kerry Recalls a Call From a Relatives About a Young Boy Playing Johnny B. Goode,irony,1,0.7569989562034607,0.6737311482429504,0.08326780796051025,0.6307364702224731,0.0,150.37771606445312,17,1.0,0.0
931,scientists determine tingling sensation of asmr caused by mass brain cell die-off,Researchers Investigate the Effects of Brain Cell Death,overstatement,0,0.7315597534179688,0.5632386803627014,0.16832107305526733,0.47939762473106384,0.016847111051295396,108.22235107421875,11,0.9166666666666666,0.008076465021571468
932,dog feels like he always has to be 'on' around family,An emaciated dog sits in a house,irony,1,0.6093540787696838,0.5239854454994202,0.08536863327026367,0.4682111442089081,0.018653567503517977,65.97807312011719,11,1.0,0.008733808184400256
933,A groundbreaking musical collaboration that will redefine symphonies.,Columbia University Researchers Finalize a Musical collaboration for the Symphony,overstatement,1,0.7757148742675781,0.5423495173454285,0.23336535692214966,0.7871720194816589,0.021105340631872645,710.2666625976562,10,1.0,0.016613533607039502
934,3D-printed eyes help faces grow: nothing unnatural about that.,Researchers Propose 3D-Printed eyes to Simulate Stress,irony,0,0.941037654876709,0.919845461845398,0.021192193031311035,0.6160761713981628,0.024822529802838878,198.9561767578125,9,1.0,0.01529256912534977
935,college freshman from florida has never seen people complain about snow for 5 months before,College Freshmen Report Widespread Snow Crisis in Florida,irony,0,0.8875662684440613,0.8170528411865234,0.07051342725753784,0.7923110723495483,0.0,717.2381591796875,15,1.0,0.0
936,california to allow prisoners to serve sentences online,California Legislation Would Mandate Online Execution Facilities for Inmates,overstatement,0,0.9500007033348083,0.8490015864372253,0.10099911689758301,0.7627705335617065,0.0,317.27850341796875,9,1.0,0.0
937,mad lit professor puts finishing touches on bloomsday device,Literature Professor Completes a Bloomsday Device at Oxford University,sarcasm,0,0.8441206216812134,0.7848947048187256,0.05922591686248779,0.7023037075996399,0.0,160.2530517578125,9,1.0,0.0
938,dana loesch rethinking loyalties after seeing how much airtime teen activists getting,Dana Lee Esch Reflects on Teen activists' Changingalties,irony,0,0.9373977780342102,0.5529178380966187,0.38447993993759155,0.6808476448059082,0.0,3768.470947265625,12,1.0,0.0
939,"Leaked cables contradict Clinton? I'm shocked, simply shocked.",Photoshopped Image Shows cables Containing a Clinton,irony,0,0.6323307156562805,0.7550368905067444,-0.12270617485046387,0.6312892436981201,0.028634401465295497,998.2630615234375,8,1.0,0.018076589644774738
940,peer group forces man to have opinion on 'weird al',Man Says Peer Groups Change Opinions on News,sarcasm,0,0.7581838965415955,0.8771340250968933,-0.11895012855529785,0.581722617149353,0.02163211878762423,524.3134765625,9,0.9,0.012583892755622456
941,butterfly under immense pressure not to fuck up timeline with misplaced wing flap,A fly sits on a fabric,overstatement,1,0.5383568406105042,0.5564925074577332,-0.018135666847229004,0.34796369075775146,0.0,647.7933959960938,13,1.0,0.0
942,Even the flowers are fleeing California's perfect weather for the chilly north.,Flowers Flow Up in California amid Cold Weather,irony,0,0.9316844344139099,0.6015686988830566,0.33011573553085327,0.7369057536125183,0.0,947.9786376953125,12,1.0,0.0
943,Why can't women just bounce back like superheroes? Baby weight is so rude.,Women bounce back at the birth,rhetorical_question,0,0.5167649388313293,0.8806238770484924,-0.3638589382171631,0.5338596105575562,0.026884686598925595,261.8134460449219,11,0.8461538461538461,0.014352648317664366
944,"Watch: Clearing world anger in one viral video, because that's how problems work.",Viral Video Shows a World Engulfment Amid Ongoing Problems,sarcasm,0,0.9687256217002869,0.8844356536865234,0.08428996801376343,0.5644582509994507,0.0,456.14483642578125,13,1.0,0.0
945,report: mom's work friend has no one,Many Mother's Work Friends Struggle with Social Awareness,understatement,0,0.6550022959709167,0.8267415761947632,-0.17173928022384644,0.5460001230239868,0.0,1849.8795166015625,8,1.0,0.0
946,2016: A Year When Voters Mattered a Little,2016 Election Was a Voters' Year,understatement,0,0.6684743762016296,0.8305662870407104,-0.1620919108390808,0.772029459476471,0.03478700554542394,933.9791870117188,8,1.0,0.02685659308803864
947,new study finds running for 20 minutes each day could add years of soreness to life,Researchers Propose Maintaining a Muscle,sarcasm,0,0.8746482729911804,0.7240318059921265,0.15061646699905396,0.3371220827102661,0.0,191.79559326171875,16,1.0,0.0
948,44 suspicious packages detonated under white house christmas tree,Bomb Squad Inspects a White House Christmas Tree,sarcasm,0,0.6437525153160095,0.8351102471351624,-0.19135773181915283,0.7469698190689087,0.0,465.04058837890625,9,1.0,0.0
949,"mitch mcconnell has hands, vocal cords removed to prevent self from holding hearing on scalia replacement",Senate Majority Leader Mitch McConnell Holds Hearings on Obama's Supreme Court Justice Antonin Scalia,satire,1,0.728123664855957,0.5543493032455444,0.1737743616104126,0.6144704818725586,0.012382165410591436,31.083621978759766,16,1.0,0.007608475146471848
950,"Yes, you can use government money to get out of student loan default. Nothing says fiscal responsibility like borrowing more to pay off debt.",Repossesses Federal Assets Amid Student Loan Default,irony,1,0.8814876675605774,0.5074719786643982,0.3740156888961792,0.6858265399932861,0.0,968.3311157226562,24,1.0,0.0
951,"The five parent types that everyone universally adores to despise, no exceptions.",Parents Tend to Adopt the A Parent Archetypes,overstatement,0,0.8835497498512268,0.9367536902427673,-0.05320394039154053,0.5034503936767578,0.016847111051295396,309.4672546386719,12,1.0,0.008481684691090724
952,clinton's head sawed off,Photoshopped Image Shows Bill Clinton,overstatement,0,0.6340721249580383,0.7381390929222107,-0.10406696796417236,0.5097344517707825,0.0,206.79351806640625,5,1.0,0.0
953,report: this not a gun,Police Investigate a suspicious hand holding a gun,sarcasm,0,0.8755180239677429,0.5172544717788696,0.3582635521888733,0.37348103523254395,0.05873949094699214,239.04119873046875,6,0.75,0.02193808588791527
954,Interior Department's brilliant plan: slice the Endangered Species Act—because who needs pandas when we have more drilling?,Interior Department Proposes a Slice of the Endangered Species Act Amid Environmental Concerns,satire,0,0.8905802965164185,0.6376278400421143,0.2529524564743042,0.648017942905426,0.060745499076536265,91.30029296875,14,0.8235294117647058,0.039364173352340485
955,budget woes force heaven to reduce eternal life to 500 billion years,Satirical Report Claims Government Budget Downturn Will Reduce Life,satire,0,0.8324797749519348,0.9069139957427979,-0.07443422079086304,0.3471701145172119,0.0,315.8765869140625,12,1.0,0.0
956,Distributor won't release Louis C.K. film after misconduct? Hollywood morals at work.,Universal Pictures Declines a Louis C.K. Film Amid Sexual Misconduct Allegations,sarcasm,0,0.9013028740882874,0.6382334232330322,0.2630694508552551,0.6691856384277344,0.03639945549178427,55.58110046386719,11,0.9166666666666666,0.02435799286169156
957,"Do I need to upgrade my health insurance? Unless you want bankruptcy from a minor allergy, probably a good idea.",Some Americans Prefer a Health Insurance Default,overstatement,0,0.9240320920944214,0.7468053698539734,0.177226722240448,0.4161895215511322,0.005156835566857781,449.7276306152344,19,0.95,0.0021462209272884013
958,"Deputy who flipped Spring Valley High student acted reprehensibly? Say it ain't so, school officials!",Spring Valley High Students Reportedly Aggressively Targeted Teachers,sarcasm,0,0.624228298664093,0.6775553226470947,-0.05332702398300171,0.5236389636993408,0.05730635957683176,218.97592163085938,12,0.8,0.030007842742193976
959,Oil lobby opposes Obama's oil tax – say it with me: utterly predictable.,Oil Lobby Opposes Obama's Proposed Oil Tax,sarcasm,0,0.8770369291305542,0.850416362285614,0.026620566844940186,0.9008346796035767,0.01666998712262484,96.76964569091797,11,0.8461538461538461,0.015016902508605498
960,entitled burger king employee wants $15 an hour just for dealing with worst of america every day,Burger King Employees Seek $15 an Hour for Handling Customer Safety Concerns,sarcasm,0,0.956419825553894,0.9115978479385376,0.044821977615356445,0.7138437032699585,0.02627968585443437,245.65806579589844,14,0.8235294117647058,0.018759588271100573
961,Living with mindfulness and love? That's the solution to all world problems.,How Can Mindfulness and Love Lead to Global Problems,satire,1,0.9671538472175598,0.6491885781288147,0.3179652690887451,0.8014322519302368,0.02043370997308395,335.4033508300781,10,0.8333333333333334,0.01637623419901801
962,Michelle Obama's daily habit is all about happiness: because positive vibes fix systemic issues.,Michelle Obama Continues to Reassure Systemic Improvements Amid Campaign Stress,understatement,0,0.9840495586395264,0.9444596767425537,0.039589881896972656,0.605115532875061,0.01414733290395472,261.880615234375,13,0.9285714285714286,0.008560770888937445
963,1970 Cosmo's guide for ladies: timeless advice on pleasing men with your hands.,A 1970s Cosmo's Guide for Women,satire,0,0.7321882843971252,0.772358238697052,-0.04016995429992676,0.7210339307785034,0.015118370289367042,221.3168182373047,12,0.9230769230769231,0.010900857956707258
964,cricket located,Pennsylvania Man Spends 30 Minutes Finding a Cricket in a Can,understatement,1,0.5914976000785828,0.5193649530410767,0.0721326470375061,0.4192138910293579,0.0,276.7872314453125,11,1.0,0.0
965,new employee still eager enough to pick up slack for coworkers,A New Hire Maintains an Awake and Puts Off the Pumps,sarcasm,1,0.9326480031013489,0.5129616856575012,0.41968631744384766,0.31514549255371094,0.0,113.28005981445312,11,1.0,0.0
966,"defense: 'george zimmerman is, you know, he's a decent enough guy'",Zimmerman Defense Attorney Delivers Closing Arguments in Murder Trial,sarcasm,0,0.6709369421005249,0.6941694021224976,-0.023232460021972656,0.5197967290878296,0.0,296.4292907714844,11,1.0,0.0
967,gondolier ordered to follow that gondola,Gondolier Navigates the Venetian Wheel,sarcasm,1,0.5379016399383545,0.5841490626335144,-0.04624742269515991,0.6309697031974792,0.0,215.340087890625,6,1.0,0.0
968,tucker carlson angrily explains difference between good baby and bad baby,Fox News Host Tucker Carlson Criticizes Immigration Policy During Monologue,sarcasm,0,0.5700164437294006,0.9291641116142273,-0.35914766788482666,0.45765572786331177,0.0,99.81045532226562,11,1.0,0.0
969,mom uses full name to refer to bisquick impossibly easy cheeseburger pie,Michigan Mothers Often Reference the Egrilling Pies in Favor Of Smokes,irony,0,0.6916508078575134,0.8320085406303406,-0.14035773277282715,0.4873502254486084,0.0,925.2128295898438,12,1.0,0.0
970,"Aww, how quaint – an LGBT foster youth has a Christmas wish. How utterly unexpected and not at all heartwarming.",Inflatable Christmas Wish for LGBTQ+ Refugees in New York,irony,0,0.842475950717926,0.7124569416046143,0.13001900911331177,0.6450485587120056,0.0070639918014406425,208.67556762695312,19,0.95,0.004556617730272711
971,Christian sideshow in acts of terror. Peaceful as always.,Two Jewish teens killed in a terror Attack in a Syrian refugee camp,irony,0,0.943710207939148,0.7283706068992615,0.21533960103988647,0.1960504949092865,0.01553712569276035,88.17024230957031,12,0.9230769230769231,0.0030460611815334576
972,"'nothing would surprise me at this point,' says man who will be shocked by 8 separate news items today",Americans Express Shock and Intrusive News Coverage Following Trump's Election Victory,irony,0,0.5782707333564758,0.9462867975234985,-0.3680160641670227,0.490764319896698,0.0,162.814697265625,19,1.0,0.0
973,"Comedian justly berates 'SNL' for its 30-year gay cast member drought, a true scandal",Comedian Terry Gross Defends 'SNL' Amid Sexual Misconduct Allegations,sarcasm,0,0.9506868720054626,0.8595526218414307,0.09113425016403198,0.5169352889060974,0.01636203585580252,39.27997589111328,13,0.9285714285714286,0.008458113732211201
974,royal baby spits up on great-grandmother,A Royal Baby Spits Up on a Her,understatement,1,0.567782461643219,0.5719040632247925,-0.004121601581573486,0.854884147644043,0.02777619034011792,705.5328369140625,7,0.875,0.02374542480371041
975,"Putin's childhood friends defend him in SNL spoof: Loyalty knows no bounds, even for 'petty' pals.",Putin's Childhood Friends Defend His Character in a SNL Spoof,satire,0,0.8736661672592163,0.9183557033538818,-0.04468953609466553,0.8407012224197388,0.015243896465019207,167.40972900390625,15,0.9375,0.012815562392581583
976,Nothing says 'romance' like rewatching 'The Notebook' while eating cold pizza alone.,The Notebook is a Stephen King Original,irony,1,0.7889494895935059,0.6417490243911743,0.14720046520233154,0.36893999576568604,0.0,125.08760070800781,12,1.0,0.0
977,greenspan just repeating detractors' criticisms in high-pitched girly voice,Federal Reserve Chairman Alan Greenspan Responds to Criticism Over Interest Rate Policy,satire,0,0.9172812700271606,0.7513214349746704,0.16595983505249023,0.465514600276947,0.0,32.97994613647461,12,1.0,0.0
978,Out-bad Chronicles: Fantasy from Hell – hell must be running out of bad fantasies.,The Out-Bad Chronicles: Fantasy from Hell Sufferer,satire,1,0.778730571269989,0.9393637180328369,-0.1606331467628479,0.8882838487625122,0.15124760523215708,1935.4417724609375,11,0.7857142857142857,0.13435080489173357
979,"Trump picks another insider for transportation role, shocking no one.",Trump Seeks an In-Person Transportation Role,sarcasm,0,0.959953784942627,0.7910656929016113,0.16888809204101562,0.6365963220596313,0.020960166113993737,315.971923828125,9,0.9,0.013343164657927328
980,"Can Reddit ban hate? Sure, just like we banned guns.", Reddit Faces Scrutiny Over Hate Speech Following Banned Guns,rhetorical_question,0,0.7618355751037598,0.8160117268562317,-0.054176151752471924,0.7755427956581116,0.02145851237135921,723.977783203125,9,0.9,0.016641994675148094
981,Conscious uncoupling is wimping out? And other groundbreaking life lessons from the enlightened.,Anachronistic and Nuanced Life Lessons from the Golden Age,satire,0,0.9238224625587463,0.8523972034454346,0.07142525911331177,0.3997281789779663,0.03251563819555338,62.03841018676758,12,0.9230769230769231,0.012997416844214958
982,entire republican national convention stunned as ann romney asks for divorce,Ann Romney addresses the Republican National Convention in Tampa,satire,0,0.9115832448005676,0.8654469847679138,0.04613626003265381,0.662314772605896,0.0,30.146434783935547,11,1.0,0.0
983,amount of water man just used to wash dish to be prize of hand-to-hand combat match in 2065,Experts Warn Water Conservation Efforts Will Result in Future Water Scarcity,overstatement,0,0.6572123169898987,0.8178244233131409,-0.1606121063232422,0.3257875144481659,0.009975840318370089,104.89794921875,18,1.0,0.003250004221853591
984,"The U.S women's gymnastics team turns heads at the VMAs: with their flawless routines, obviously.",U.S. Women's Gymastics Team performs at the VMAs in Las Vegas,overstatement,0,0.9732898473739624,0.8551254868507385,0.11816436052322388,0.7194688320159912,0.027710919541451013,33.66537094116211,13,0.8666666666666667,0.019937142916576868
985,woman 7 golden retrievers short of childhood vision,Woman poses with a group of golden retrievers,understatement,0,0.7817602753639221,0.8325141072273254,-0.05075383186340332,0.6696909070014954,0.06500593260343691,58.36100769042969,7,0.875,0.043533881965673746
986,report: shame of walking out without buying anything drives 90% of purchases at small businesses,Report Highlights Financial Hardships Impact Purchases at Small Businesses,overstatement,0,0.9403294920921326,0.9252548217773438,0.015074670314788818,0.6455763578414917,0.01231189487700387,204.71661376953125,14,0.9333333333333333,0.007948268252823479
987,Pro-Trump trolls target Megyn Kelly's book? So respectful and on-topic.,Trump Tensions Threaten Megyn Kelly's Book Amid Controversial Content,sarcasm,1,0.9526880383491516,0.5102620124816895,0.44242602586746216,0.6678827404975891,0.04537922867531812,227.1593017578125,8,0.8,0.030308003609338247
988,Washington players celebrate with simulated 'stop and frisk'—tasteless humor at its finest.,Washington Players Celebrate the 2018 Super Bowl,sarcasm,0,0.9359469413757324,0.9425005912780762,-0.00655364990234375,0.48675405979156494,0.016170365420297903,94.46128845214844,11,0.9166666666666666,0.007870991016643139
989,Britain's EU referendum polls close? Time to see which side's bitterness wins the day.,Brexit Vote Approaches a Final Day in UK,satire,0,0.5270103812217712,0.6228470802307129,-0.09583669900894165,0.528420627117157,0.0,3802.140625,14,1.0,0.0
990,"A toddler's deep insights into mortality—because kids are basically philosophers, right?",Toddlers play in a playpen,overstatement,0,0.7858669757843018,0.7623218297958374,0.023545145988464355,0.2639138102531433,0.0,302.71014404296875,11,1.0,0.0
991,nra spokesman: a hebrew?,NRA Addresses Questions Regarding Its Leadership and Legal Independence,rhetorical_question,0,0.9280737638473511,0.7448371052742004,0.18323665857315063,0.5215563774108887,0.0,617.0723876953125,9,1.0,0.0
992,genetic experiment goes horribly right,Researchers Success an HIV Transplant in a Brain,irony,0,0.9442523121833801,0.6823524832725525,0.26189982891082764,0.168569415807724,0.0,626.430419921875,8,1.0,0.0
993,"Feeding people, and democracy, to death – our efficient governance model.",North Carolina Governor Signs Executive Order Requiring a Democratic Government Accountability Model,overstatement,0,0.9683268666267395,0.8859323263168335,0.082394540309906,0.2763345241546631,0.0,314.8218688964844,12,1.0,0.0
994,video game shopkeeper starting to get suspicious after selling 800 bombs to player,Video Games Shopkeeper Faces Scrutiny Over Player Selling Explosives to Players,irony,0,0.6595206260681152,0.6127023696899414,0.04681825637817383,0.8106319904327393,0.01571650849186369,505.7822265625,12,0.9230769230769231,0.012740304561412511
995,nutella briefly entertained as lubricant,Nutella Jar features a hand holding a cotton,satire,1,0.7482622265815735,0.5828483700752258,0.16541385650634766,0.5886467695236206,0.0,1323.3397216796875,8,1.0,0.0
996,"I was pranked by Muhammad Ali, the boxer known for his poetic trash talk, what a harmless joke.",Muhammad Ali Discusses His Legacy at the Academy Awards,irony,0,0.8805160522460938,0.6339688301086426,0.24654722213745117,0.43073570728302,0.010491016505528306,71.90729522705078,17,0.9444444444444444,0.004518855414626572
997,Father of Parkland victim creates powerful mural: because what's a few more names on a wall?,The Father of a Parkland Victim Creates a Mural,sarcasm,0,0.7665615081787109,0.7969130277633667,-0.03035151958465576,0.8230950832366943,0.029296278622657032,350.9584045410156,13,0.8125,0.02411362289144128
998,"report finds koch brothers increasingly falling under control of influential, high-powered trillionaire",Report Examines Koch Brothers' Significant Financial Influence on U.S. Political and Economic Policy,overstatement,0,0.9359549880027771,0.8630260229110718,0.07292896509170532,0.7675522565841675,0.0,41.344505310058594,13,1.0,0.0
999,"A high school denies a gay student a scholarship, upholding timeless values of exclusion.",Gay High School Faces Scrutiny Over Handling of Student Discrimination,sarcasm,0,0.9513403177261353,0.7440211176872253,0.2073192000389099,0.6483346223831177,0.01414733290395472,135.69735717773438,14,1.0,0.009172205736013739
1000,"Illustrations sum up anxiety, because a picture is worth a thousand panic attacks.",A Picture of a Panic Attack,irony,0,0.8352921605110168,0.5694610476493835,0.2658311128616333,0.7179360389709473,0.012712983380807008,232.43460083007812,12,0.9230769230769231,0.009127108931920066
1001,"National Enquirer, bastion of truth, turns on Michael Cohen – the plot thickens.",National Enquirer Publishes a Special Edition on Michael Cohen Investigation,irony,0,0.8651720881462097,0.7439205050468445,0.12125158309936523,0.7174103856086731,0.08315273112724772,100.68397521972656,9,0.6923076923076923,0.0596546329024131
1002,Throwing in the towel? How original for a media mogul.,Marc Summers Throwing a Magic Towel in a Media Trunks,satire,1,0.9629160761833191,0.6328628063201904,0.33005326986312866,0.6208263635635376,0.02777619034011792,629.9131469726562,9,0.9,0.017244191242504068
1003,"Williams' lies so elaborate, Pinocchio would need a longer nose to keep up.",Singer Michael Pinocchio stands next to a water in a museum display case,overstatement,0,0.585564911365509,0.5872571468353271,-0.0016922354698181152,0.3150125741958618,0.020448007360218394,208.0640106201172,13,1.0,0.006441379435718326
1004,grounded plane makes snow angel on tarmac,A Passenger Aircraft Stranded in Deep Snow on a Tarmac,irony,1,0.8724232912063599,0.7614089846611023,0.11101430654525757,0.6289666891098022,0.021105340631872645,230.90814208984375,9,0.9,0.01327455621976352
1005,"Trevor Noah reveals Trump is raking in cash as president, what a successful side hustle.",Rep.revor Noah Addresses Trump's Cash Scandal and Administration Record,overstatement,0,0.9853644967079163,0.5180169343948364,0.46734756231307983,0.6299529075622559,0.01231189487700387,686.519287109375,14,0.9333333333333333,0.00775591397536943
1006,visine introduces new eye-whitening strips,Visa Launches a New Line of Anti-Aging Strips,satire,0,0.9328492879867554,0.8284329771995544,0.10441631078720093,0.3392404317855835,0.0,59.647705078125,8,1.0,0.0
1007,Greed and resistance in Sarawak's rainforest – corporations always have our best interests at heart.,Corporate Executives Hold Emotional Meetings in Sarawak's Rainforest,sarcasm,0,0.928619384765625,0.9370872974395752,-0.008467912673950195,0.5419734716415405,0.024486262831050605,147.40707397460938,15,1.0,0.013270904874071713
1008,"Democrat says GOP is holding government hostage, because they're just so reasonable.",Democrats Defend Government Control Following Trump's Nomination,sarcasm,0,0.9688571095466614,0.9377996921539307,0.031057417392730713,0.5154969692230225,0.0,147.54165649414062,12,1.0,0.0
1009,"bob barr on two-party system: ""waaah! waaah!""",Bob Barr Criticizes the Two-Party System in London,sarcasm,0,0.7880885601043701,0.9193515181541443,-0.13126295804977417,0.6836291551589966,0.0,133.9349365234375,8,1.0,0.0
1010,al-qaeda chatter deteriorates into gossip,Extensive Al-Qaeda Communications Escalate Into Speculation,sarcasm,0,0.758401095867157,0.71453857421875,0.04386252164840698,0.7727521657943726,0.0,289.0462951660156,6,1.0,0.0
1011,time traveler from 2008 freaked out by guy wearing google glass while smoking e-cigarette,In 2008 a Fast-Paced Fast Forward in 2008,satire,1,0.7909464240074158,0.7879161238670349,0.0030303001403808594,0.1335059553384781,0.013120543279239774,357.8715515136719,13,0.9285714285714286,0.001751670665054754
1012,"FBI employees showcase their subtle, professional loyalty to Comey with 'Comey is my homey' shirts at family day.",FBI Officials Show Feud and Legal Loyalty Following Comey's FBI Investigation,satire,0,0.9726513028144836,0.9244353175163269,0.04821598529815674,0.6590076684951782,0.009975840318370089,309.19586181640625,17,0.9444444444444444,0.0065741552694892685
1013,self-conscious panda swears it overheard zookeeper refer to it as 'giant',Giant Panda Photographed Resting in a Zookeeper,irony,1,0.603541910648346,0.5726138353347778,0.030928075313568115,0.7290408611297607,0.0,228.07545471191406,11,1.0,0.0
1014,McKinsey reveals that equality might boost economy; someone alert the Nobel committee.,Former Secretary of State MargaretKinsey Discusses Economic Impact of Equality on the Nobel Committee,satire,0,0.8797566294670105,0.6100854873657227,0.26967114210128784,0.8130671977996826,0.030206205252435548,262.2402648925781,12,0.8571428571428571,0.024559674660759825
1015,Veterans are pissed at Trump for not spelling Marine Corps – the real issue.,Veterans Express Frustration Over Trump's Remarks on Marine Corps Leadership,sarcasm,0,0.7865217328071594,0.8040564656257629,-0.017534732818603516,0.7113940715789795,0.03310967263730818,122.60134887695312,11,0.7857142857142857,0.023554024826101794
1016,"police chief says there just a few bad, deeply ingrained prejudices giving all cops a bad name",Chicago Police Chief Says There Are Concerns Over Controversial Police Encounters,understatement,0,0.8097235560417175,0.7627806067466736,0.046942949295043945,0.545127272605896,0.0,60.42599868774414,17,1.0,0.0
1017,"American women suddenly all want kids, population boom imminent!",American Women Demand More Youth and Adult Content,overstatement,0,0.978296160697937,0.8359494209289551,0.14234673976898193,0.5164138078689575,0.024512401940754224,1186.2769775390625,8,0.8888888888888888,0.012658542826239313
1018,history teacher has unusual favorite president,History Teacher Discusses the Presidency of a US President,understatement,0,0.942139208316803,0.9188237190246582,0.023315489292144775,0.723392903804779,0.0,253.80003356933594,9,1.0,0.0
1019,"Ten supremely obvious tips you've heard a thousand times, now repackaged as groundbreaking life hacks for the chronically online.",Tech Companies Face Scrutiny Over Inevitable Life Hacks,sarcasm,0,0.9508549571037292,0.8927021622657776,0.05815279483795166,0.451853483915329,0.0,95.2230453491211,19,1.0,0.0
1020,makers of good friends cereal not sure how two pictures of ann coulter got on box,Photoshopped Image Shows Ann Coulter on a Good Friends Cereal Box,satire,0,0.5726878046989441,0.7803356051445007,-0.20764780044555664,0.877824068069458,0.011964983992380529,525.6524658203125,16,1.0,0.01050315092257742
1021,"ESA lander poised for its small, insignificant, totally routine Martian adventure.",NASA's Opportunity Rover Completes a Mars Exploration,understatement,0,0.9520688056945801,0.7468059659004211,0.20526283979415894,0.4799852967262268,0.0,42.12144470214844,11,1.0,0.0
1022,"David Chase analyzes Sopranos ending shot-by-shot, essential viewing for understanding the universe.",David Chase Analyzes The Sopranos Ending in a Direct View,overstatement,1,0.8323306441307068,0.8827905654907227,-0.05045992136001587,0.8369759321212769,0.04044024548098852,256.45855712890625,10,0.8333333333333334,0.03384751215666362
1023,"Barack Obama graciously helps Donald Trump deal with Twitter loss, showing presidential kindness.",President Obama Helps Donald Trump Deal with a Twitter Attack,sarcasm,0,0.8400291204452515,0.9393126964569092,-0.09928357601165771,0.7507028579711914,0.04157636556362385,191.8845977783203,9,0.6923076923076923,0.03121149645266745
1024,navy discontinues use of 'port' and 'starboard'will now refer to left as 'thunk' and right as 'moosh-baroo',Navy Continues to Use the Nautical Terminology 'Port and 'Starboard',overstatement,1,0.8688653111457825,0.7196802496910095,0.14918506145477295,0.7921007871627808,0.012463606455186824,116.27754974365234,16,0.9411764705882353,0.0098724324840406
1025,"Kidnapping suspect says vaccine's side effects led him to crime. Blame the vaccines, not the fact that he's a kidnapper.",Suspect Linked to Crime in Kidnapping,sarcasm,1,0.5099709033966064,0.5026454925537109,0.007325410842895508,0.49700450897216797,0.004707909248443564,56.80025100708008,19,0.95,0.002339852124308222
1026,"trump boys leave $5 bill, candy bar under propped-up laundry basket in effort to catch op-ed writer",Donald Trump Jr. and Eric Trump Seek to Identify an Anonymous White House Op-Ed,satire,0,0.7844100594520569,0.5589985251426697,0.2254115343093872,0.3632500171661377,0.011528573345940266,63.0162467956543,17,1.0,0.004187754465813879
1027,Trump nominee suddenly loves the agency now that there's a paycheck involved – what a surprise!,Trump's Nomination Faces Scrutiny Over Potential Government Pay Raise,sarcasm,0,0.9840906262397766,0.7606901526451111,0.22340047359466553,0.5140829682350159,0.0,162.5032958984375,16,1.0,0.0
1028,stressed lab rat breaking out in human ears,Scientists Grow a Human Ear,overstatement,1,0.5995218753814697,0.6522436141967773,-0.05272173881530762,0.422904372215271,0.0,3632.843994140625,8,1.0,0.0
1029,resourceful man able to cobble together bad mood from handful of minor annoyances,Wisconsin IT Technician Claims He Easily Irritates Despite Minor Inconveniences,irony,0,0.7605636715888977,0.7381458878517151,0.022417783737182617,0.36420419812202454,0.0,458.00152587890625,13,1.0,0.0
1030,rare quarter worth 26 cents,A Quarter worth a Dollar,understatement,1,0.6979570984840393,0.8217039704322815,-0.12374687194824219,0.7383508682250977,0.05372849659117709,3288.555419921875,4,0.8,0.0396704821065248
1031,Montana Dems nominate a banjo player for special election: Because why elect a politician when you can have a musician?,Montana Dems Nominee a Banjo Player for Special Election,irony,0,0.7180086970329285,0.5559053421020508,0.16210335493087769,0.8687175512313843,0.017764998876275286,362.13873291015625,16,0.8,0.015432766321426159
1032,new speech recognition software factors in user's mouth always being full,Tech Company Faces Criticism Over Speech Recognition Software,satire,0,0.9672151803970337,0.8279174566268921,0.1392977237701416,0.5680114030838013,0.0,255.40255737304688,11,1.0,0.0
1033,17 ways to make the most of what's left of summer: as if you weren't already masterfully procrastinating.,Summer 2017 Remains a frustrating and frustrating,understatement,1,0.637549638748169,0.837498664855957,-0.19994902610778809,0.4656692445278168,0.0,215.2731475830078,18,1.0,0.0
1034,Jessica Simpson takes the plunge after crushing us with reality TV news – our hearts are shattered.,Jessica Simpson Makes a Flattering Appearance on a Reality TV Broadcast,overstatement,0,0.9054021835327148,0.8686150312423706,0.03678715229034424,0.6542996764183044,0.025568845507127864,216.60389709472656,14,0.8235294117647058,0.016729687341703377
1035,dinner party conducting full-scale investigation to determine if tip was included,San Francisco Dining Group Conducts a Full-Body Investigation Into a Security Breach,overstatement,0,0.5506255030632019,0.6739279627799988,-0.12330245971679688,0.412215918302536,0.0,163.88063049316406,12,1.0,0.0
1036,man swells with shame after entering zip code into girl scout cookie locator,Man Sets a Girl Scout Cookie Locator,overstatement,0,0.8896997570991516,0.6190105676651001,0.2706891894340515,0.6324745416641235,0.0,892.4151611328125,13,1.0,0.0
1037,"Trump says Congress won't change libel laws: consistency is key, even when wrong.",Trump Says Congress Will Repeal Federal Libel Laws Despite Legal Violations,sarcasm,0,0.8689889907836914,0.899907648563385,-0.030918657779693604,0.7516210079193115,0.018690183721524995,152.96469116210938,11,0.8461538461538461,0.014047934726969726
1038,Marathon for kids with heart disease – because running cures everything.,Marathon for Children with Hem Disease,understatement,0,0.9841316342353821,0.6979373097419739,0.2861943244934082,0.6754036545753479,0.04152337258230185,1343.3206787109375,8,0.7272727272727273,0.02804503759238047
1039,Want to be shot from a cannon? Bello the clown makes dreams come true.,A Bello the Clown performs a Magic in a cannon,irony,1,0.7067968249320984,0.7666763663291931,-0.05987954139709473,0.7032647728919983,0.03310967263730818,926.8837280273438,13,0.9285714285714286,0.023284866407804947
1040,How to make fashion week's glitter eyeliner actually wearable without blinding your coworkers.,How to Apply a Glitter Light at the Fashion Week,irony,0,0.7291091084480286,0.7130810022354126,0.016028106212615967,0.7144005298614502,0.03306446654126846,102.67438507080078,11,0.8461538461538461,0.02362127241666838
1041,breaking: thriller writer jeffery deaver at top of his game,Satirical Article Jokes About Fictional Jeffery Deaver Writing a Thriller,irony,0,0.8417800068855286,0.7951078414916992,0.046672165393829346,0.6362006068229675,0.0,321.4955139160156,10,1.0,0.0
1042,Epidemic of Gun Silence: No One Talks About Guns Anymore,Mass Shootings in Gun Silence in US Draws Minimal National Attention,irony,0,0.8321505188941956,0.9105362296104431,-0.07838571071624756,0.7622183561325073,0.018850319022747353,323.9224853515625,10,0.9090909090909091,0.01436805917809182
1043,"onion social ceo caught by law enforcement at miami airport with $800,000 in cash","Onion Social Faces Law Enforcement at Miami Airport Following $800,000 in Fake Travel Documents",satire,0,0.7968456149101257,0.8374761939048767,-0.04063057899475098,0.8111575841903687,0.03342866121562732,377.85723876953125,13,0.9285714285714286,0.02711591207438653
1044,A long-shot push to confirm Garland fails? What a shocker.,Senate Republicans Delay a Hearings on Supreme Court Nominee Garland,understatement,0,0.9710321426391602,0.5323641300201416,0.43866801261901855,0.4736458957195282,0.025098621243978974,121.3480224609375,10,1.0,0.0118878589404296
1045,"This one song will absolutely, definitely change your life and solve all societal ills.",A Single Song Performing Can Resolve societal ills,overstatement,0,0.5044563412666321,0.6956672668457031,-0.19121092557907104,0.7132045030593872,0.013120543279239774,928.0601196289062,13,0.9285714285714286,0.009357630549339385
1046,20-something thinking about maybe doing something funny with his facial hair,People Often Think of Facial Hair Makeover,understatement,0,0.5677708983421326,0.9069713354110718,-0.3392004370689392,0.4416685700416565,0.0,126.03207397460938,11,1.0,0.0
1047,jonathan safran foer guesses it's time to give up on silly little dream of becoming good writer,Award-winning author Jonathan Safran Foer continues writing,sarcasm,1,0.5391652584075928,0.5366567373275757,0.00250852108001709,0.7556487321853638,0.0,18.886159896850586,17,1.0,0.0
1048,"Linda Brown dies, but segregation's legacy thrives – progress, isn't it?",Former Secretary of State and Anti-Discrimination Activist Laura Brown Dies at 94,irony,1,0.6095971465110779,0.5424204468727112,0.0671766996383667,0.5326669216156006,0.017033186037639283,43.16753005981445,12,1.0,0.009073014771975146
1049,child clinging to daddy's leg like it's helicopter evacuating saigon,Young Child Clinging to a Parent's Leg,overstatement,1,0.7294328808784485,0.6789381504058838,0.0504947304725647,0.5232340693473816,0.02151810250197126,191.5936737060547,10,1.0,0.011259004336740496
1050,historical archives: amazing publick spectacle!,Historical Archive Highlights the Ease of Pacing in a pub,satire,0,0.6218688488006592,0.6839197278022766,-0.06205087900161743,0.5956034064292908,0.0,449.53057861328125,10,1.0,0.0
1051,"Sudan's chemical weapons use confirmed, because diplomacy is overrated.","International Action Continues Over Syria's Chemical Weapons Use, Citing Ongoing Diplomatic Conventions",sarcasm,0,0.9398341178894043,0.9541241526603699,-0.014290034770965576,0.6133277416229248,0.0,61.93424987792969,12,1.0,0.0
1052,What better way to dispel myths than with a toy that highlights differences?,A toy that highlights cultural differences,rhetorical_question,0,0.5566105842590332,0.9351070523262024,-0.3784964680671692,0.592286229133606,0.0629195042125731,980.2357177734375,11,0.8461538461538461,0.037266355889020955
1053,"Oh great, the 'quadruple bottom line' is finally here—because three bottom lines were clearly insufficient for our existential dread.",The Quadruple bottom lines are finally emerging,sarcasm,0,0.9092230200767517,0.7394083142280579,0.16981470584869385,0.7553408145904541,0.013922129400866415,742.8269653320312,17,0.8947368421052632,0.010515952562484148
1054,Texas GOP Chair Laments Inclusion of Gay Conversion Therapy: So Brave to Defend a Practice Everyone Knows Is Nonsense,Texas GOP Chair Laments the Inclusion of Gay Conversion Therapy,sarcasm,0,0.9652135372161865,0.8974595069885254,0.06775403022766113,0.9520144462585449,0.21360437238904864,392.958251953125,12,0.631578947368421,0.20335444829836416
1055,pornstar has face only stepmother could love,Adult Film Actor James Deen,irony,1,0.6300987601280212,0.5601955652236938,0.06990319490432739,0.23009935021400452,0.0,340.1344299316406,7,1.0,0.0
1056,florida passes strict ban on being unarmed,Florida Lawmakers Debate Gun Control Measures Following Jacksonville Mass Shooting,irony,0,0.713264524936676,0.8555166125297546,-0.1422520875930786,0.5039723515510559,0.0,227.1439208984375,10,1.0,0.0
1057,Cuba joins one billion rising: because ending violence is so easy with communism.,Crime Rates in Cuba Reach Record Highs,sarcasm,0,0.9699894189834595,0.8947853446006775,0.07520407438278198,0.558059811592102,0.014017732413740807,219.19070434570312,13,1.0,0.007822733109760697
1058,fcc passes mandatory garofalo/griffin guest-appearance regulation,FCC Lawmakers Propose a mandatory Garofalo/Griffin Guest Appearances Regulation for the 2018 Winter Olympics,satire,0,0.5207375288009644,0.7430975437164307,-0.2223600149154663,0.7584733366966248,0.01428363257865929,300.7093811035156,13,0.9285714285714286,0.010833754462084327
1059,mitsubishi from 'the fast and the furious' lands first directorial role,Iconic Green Green Mitsubishi Eclipse from The Fast and the Furious Featured in a Directorial Role,irony,1,0.6043458580970764,0.8469324707984924,-0.24258661270141602,0.7957199811935425,0.02878787818101127,176.4835662841797,13,0.8125,0.02290708988479628
1060,report: video games will never be art,Researchers Warn Video Games Will Not Become Art,irony,0,0.7201015949249268,0.8040011525154114,-0.08389955759048462,0.8655458688735962,0.0,899.3626098632812,8,1.0,0.0
1061,Secretive WHCD pre-party: where celebs pretend to care about journalism.,Celebs Attend the Secretive WHCD pre-Party,satire,0,0.9723161458969116,0.7341738343238831,0.23814231157302856,0.7713956832885742,0.04432535465175531,932.6658935546875,10,1.0,0.034192387238599166
1062,area man hurt,"Murfreesboro, IL Mass Shooting Reported",understatement,1,0.8250058889389038,0.6684960126876831,0.1565098762512207,0.20255738496780396,0.0,244.54705810546875,5,1.0,0.0
1063,FDA warns another company about unapproved genetic tests. Because we need more ways to mess with our genes.,FDA Warns Genetic Testing Companies About Risks,sarcasm,0,0.9430304169654846,0.7451352477073669,0.19789516925811768,0.8268823623657227,0.006862263989047967,210.50888061523438,17,0.9444444444444444,0.0056742850584412105
1064,Mark Hamill shuts down Trump's latest complaint with 3 blistering words—the Jedi Master of clapping back has entered the chat.,Mark Hamill Defends Trump's Nomination in a Russia Investigation,overstatement,0,0.6728549599647522,0.8618680834770203,-0.18901312351226807,0.4597691595554352,0.016532194276205118,105.2192611694336,17,0.85,0.007600993067978003
1065,"Scientology's 'Going Clear' is just like the original, but with more truth, apparently.",Scientology's ' Going Clear' Remains Extreme Despite Relying on Factual Updates,sarcasm,0,0.7448596358299255,0.6181835532188416,0.12667608261108398,0.8686840534210205,0.018690183721524995,471.04718017578125,12,0.9230769230769231,0.016235864554397905
1066,if the culture fits... because who needs qualifications when you have a shared love for ping-pong?,Rising Competition for Professional Qualifications in P ping-Pong,irony,1,0.7633845210075378,0.6003698110580444,0.1630147099494934,0.5934572219848633,0.010218289380194194,410.6591796875,16,1.0,0.006064117629007477
1067,Laverne Cox taught the cast about trans issues—because Hollywood never learns anything.,Laverne Cox Demonstrates Basic LGBT Issues in Hollywood,irony,0,0.9221012592315674,0.8827615976333618,0.039339661598205566,0.6312456130981445,0.039428091187197575,171.1398162841797,9,0.75,0.024888809594752082
1068,"Siri helps hero 4-year-old save his unconscious mom's life: Apple, now with life-saving features!",Apple Launches a Life-Threatening App Targeting Parents,irony,0,0.6559220552444458,0.9492437243461609,-0.2933216691017151,0.5083005428314209,0.0,61.551631927490234,14,1.0,0.0
1069,crowd shocked after unhinged trump dangles baby from truman balcony,Donald Trump Holds a Baby on a Truman Balcony,overstatement,0,0.9066182971000671,0.6608808040618896,0.2457374930381775,0.70835280418396,0.0,141.4334716796875,10,1.0,0.0
1070,10 motivational phrases? Because affirmations build skyscrapers.,People Often Reject Incomprehensions During High School Speeches,overstatement,0,0.8729984164237976,0.8171181678771973,0.05588024854660034,0.25949129462242126,0.0,99.53873443603516,8,1.0,0.0
1071,wal-mart greeter at death's door,An Illinois Walmart Greeter Remains in Illinois,understatement,0,0.5567104816436768,0.6261221766471863,-0.06941169500350952,0.6335657835006714,0.0,728.8485717773438,7,1.0,0.0
1072,Ivanka Trump promises Daddy will fix labor laws for women—what could go wrong?,Ivanka Trump Vows to Repeal Labor Laws for Women,irony,0,0.7650645971298218,0.9388056993484497,-0.17374110221862793,0.7846387028694153,0.035984468898536105,47.117374420166016,10,0.7692307692307693,0.028234806999992187
1073,area man likes food,Denver residents share a broad food opinion,understatement,0,0.9506213665008545,0.6145548820495605,0.33606648445129395,0.4301449656486511,0.033031643180138064,1348.6419677734375,6,0.8571428571428571,0.014208395021038989
1074,vp pick energizes republican basest,Mike Pence Energizes a Republican Basket,sarcasm,0,0.9159532785415649,0.8996906876564026,0.016262590885162354,0.4795544445514679,0.0,404.69000244140625,6,1.0,0.0
1075,Watch Justin Timberlake do the robot in 'Filthy': a dance move so innovative it redefines music videos.,Justin Timberlake performs a dance move in a Rock Video,overstatement,0,0.8784873485565186,0.8899303674697876,-0.011443018913269043,0.7037662267684937,0.06826598403372823,177.6166229248047,12,0.7058823529411765,0.04804329400005515
1076,tim kaine clearly ate rocket pop during pence's rebuttal,Photoshopped Image Shows Tim Kaine Eating a Rocket Pop During Vice Presidential Debate in Idaho,sarcasm,0,0.7075909376144409,0.8245247602462769,-0.11693382263183594,0.6649168729782104,0.0,403.7671203613281,15,1.0,0.0
1077,school teacher not about to risk her life for derek,Middle School Teacher Says She Would Risk Her Life to Protect arek in a School Shooting Scenario,sarcasm,1,0.7549312710762024,0.6390479803085327,0.11588329076766968,0.5558316111564636,0.011502783619900045,220.385986328125,16,0.9411764705882353,0.006393610752233221
1078,michael j. fox reluctantly fields hoverboard question during parkinson's research benefit,Michael Fox Fields a Skeleton Question at the Parkinson's Research Benefit,sarcasm,0,0.7314872741699219,0.8011360764503479,-0.06964880228042603,0.7456378936767578,0.0,1284.1124267578125,11,1.0,0.0
1079,A small drop in vaccines? Just a tiny risk of tripling infections.,WHO Officials Warn of a Potential Ebola Risk in Vaccines,understatement,0,0.7766281366348267,0.624968945980072,0.15165919065475464,0.5237116813659668,0.02274122123480211,130.2234344482422,11,0.9166666666666666,0.011909843209193641
1080,orlando locals fear town starting to become overrun by tourists,Orlando Residents Voice Concerns Over Rising Tour Visitors,overstatement,1,0.7891935110092163,0.582006573677063,0.20718693733215332,0.5900261998176575,0.0,1614.1207275390625,10,1.0,0.0
1081,noncompete clause in lease bars tenants from living anywhere else for 90 days after moving out,Tenants Receive a No-Frills Leagem,irony,0,0.5026808977127075,0.6180001497268677,-0.11531925201416016,0.48862987756729126,0.0,213.38450622558594,16,1.0,0.0
1082,spoon's weight topples pint in jarring reminder of how much ice cream area man ate in one sitting,Man Eats a Pint of an Ice Cream,irony,1,0.6031267046928406,0.5098499059677124,0.09327679872512817,0.5807841420173645,0.00795801177094546,88.17974090576172,17,0.9444444444444444,0.004621887038552646
1083,"Women face same career challenges globally? Shocking, that's never been mentioned before.",Women Face Ongoing Career Challenges,understatement,0,0.6533344388008118,0.8427870273590088,-0.18945258855819702,0.8244730234146118,0.013249284136531224,992.6912841796875,11,0.9166666666666666,0.010923677350125153
1084,area love knows only court-ordered bounds,Alabama Women Claims They Have Outgrown Their Courts,irony,0,0.6110637784004211,0.8510486483573914,-0.23998486995697021,0.2638930678367615,0.0,466.4156799316406,8,1.0,0.0
1085,"grandma still swallowing okay, grandpa reports",87-Year-Old Florida Grandmother Maintains Normal Health,irony,0,0.6751294732093811,0.6313811540603638,0.043748319149017334,0.5097575187683105,0.0,141.3808135986328,6,1.0,0.0
1086,Criminal justice system wins gold in failing victims—Olympic performance!,Criminal Justice System Faces Criticism Over Human Performance in Olympic Games,overstatement,0,0.9754489064216614,0.9047719240188599,0.07067698240280151,0.75616854429245,0.022416933501922302,294.45489501953125,10,0.9090909090909091,0.01695097997364924
1087,"Behold, five national parks that are apparently the best, as proven by a handful of Instagram-worthy snaps.",Photoshopped Image Shows a Five National Parks in a Field,understatement,0,0.956588864326477,0.5943160653114319,0.36227279901504517,0.6623415350914001,0.010480601989299657,318.78619384765625,16,0.9411764705882353,0.006941738010274717
1088,"A trans author says no one should transition publicly, which is a bold stance from someone who did.",A Trans Author Says She Does Not Plans To Transition,irony,0,0.7437659502029419,0.5478254556655884,0.19594049453735352,0.7869276404380798,0.009483240843460443,829.7359008789062,17,0.9444444444444444,0.007462624340650352
1089,dr. scholl's introduces new cartilage inserts for all-day knee pain relief,Satirical article claims Dr. Scholl's added a new wrist splint,overstatement,0,0.8582897186279297,0.9095492362976074,-0.051259517669677734,0.4747495651245117,0.01909690192411307,295.2532043457031,11,1.0,0.00906624588369813
1090,"Chelsea Handler's last-minute reminder: don't vote for Trump, as if you needed another reason",Chelsea Handler's Final-Minute Warning on Trump Ahead of Primaries in New Hampshire,sarcasm,0,0.5176870226860046,0.8148549795150757,-0.29716795682907104,0.6250734329223633,0.030490951355562495,169.89108276367188,12,0.8571428571428571,0.019059083636890236
1091,area man stops self after eating 3 advent calendars,Kansas Man Consumes a Holiday Calendars,understatement,0,0.7768457531929016,0.652489960193634,0.12435579299926758,0.5165720582008362,0.0,1234.2701416015625,9,1.0,0.0
1092,The world stopped spinning because DiCaprio and Gaga shared a glance at the Golden Globes.,Viral Image Shows DiCaprio and Gaga at the Golden Globes,overstatement,0,0.8843742609024048,0.9170023202896118,-0.03262805938720703,0.7052582502365112,0.10655048583177448,147.3162078857422,9,0.6,0.07514560919956745
1093,"Being obese is linked to 11 cancers, but it's probably not that serious.",Researchers Claim Obesity Linked to Increased Risk of Other Tragedies,understatement,0,0.5985515713691711,0.7084289789199829,-0.10987740755081177,0.5921437740325928,0.015635220893785457,73.1828842163086,12,0.9230769230769231,0.00925829870787937
1094,pilot tells passengers he's about to try something,Airline Pilot Asks Passengers Forward,irony,0,0.8649114370346069,0.5533856153488159,0.311525821685791,0.5908944606781006,0.0,338.46490478515625,8,1.0,0.0
1095,Revolution? More like a mild protest with tea parties.,Protesters Stage at a Tea Party in Cleveland,understatement,0,0.8208764791488647,0.8005856871604919,0.020290791988372803,0.5056924819946289,0.024512401940754224,432.45098876953125,8,0.8888888888888888,0.012395737377069962
1096,department of the interior sets aside two million acres for car commercials,Department of the Interior Set aside a Million Acres for Commercial Vehicle Commercials,satire,0,0.96877521276474,0.928043782711029,0.04073143005371094,0.9690959453582764,0.039073802494525016,200.04541015625,9,0.6923076923076923,0.0378662635671743
1097,Leaving a wonderful man after 27 years – who needs happiness anyway?,Leaving a Happiness After a Century,sarcasm,1,0.8195139765739441,0.7512879967689514,0.06822597980499268,0.6148553490638733,0.031760504460270234,1161.403564453125,10,0.8333333333333334,0.019528116056364158
1098,report: it too soon to glance back at attractive person,People Often glance at Attractive People,irony,0,0.8657779097557068,0.7897171974182129,0.0760607123374939,0.7749960422515869,0.024925978674400287,1779.614990234375,8,0.8,0.019317534821907678
1099,"Another Sigma Nu chapter suspended for offensive remarks, fraternities are such models of decorum.",Sigma Nu Alpha Epsilon Is Being Suspended Following Off-Topic Decorations,sarcasm,1,0.9747757315635681,0.8271726965904236,0.14760303497314453,0.512244462966919,0.02991796653393773,264.3566589355469,12,0.8571428571428571,0.015325312700239187
1100,"Meet 'Teacher,' the futuristic machine that will revolutionize drawing by showing you how to hold a pencil – groundbreaking.",Image Shows a Textured Teacher Holding a Bron,satire,0,0.9647520780563354,0.7150691151618958,0.2496829628944397,0.43018317222595215,0.007022920738591118,1862.2745361328125,18,0.9473684210526315,0.003021142321618554
1101,report: u.s. economy loses $20 billion annually to americans writing ideas down illegibly,Report Claims the U.S. Economy Loses $20 Billion Annually Due to Illegible Writing,overstatement,0,0.8469375967979431,0.786518931388855,0.060418665409088135,0.8840943574905396,0.018476860420522198,57.24555206298828,13,1.0,0.016335288041923954
1102,atari releases updated adventure video game,atari Games Releases a New Video Game,irony,0,0.7502328157424927,0.8270105719566345,-0.07677775621414185,0.850208044052124,0.033031643180138064,175.54104614257812,6,0.8571428571428571,0.028083768740012865
1103,Jeb Bush's adviser on predatory college board: helping students or helping himself?,Jeb Bush's Advisor on the College Board Faces Scrutiny Over Handling Student Aid Crisis,sarcasm,0,0.5989986062049866,0.7458908557891846,-0.146892249584198,0.7626196146011353,0.03342866121562732,118.01312255859375,11,0.7857142857142857,0.025493352732893625
1104,departing obama tearfully shoos away loyal drone following him out of white house,President Obama Orders a Detained Drone Into the White House,satire,0,0.8592809438705444,0.9126013517379761,-0.05332040786743164,0.6824022531509399,0.0,139.05615234375,13,1.0,0.0
1105,dad thought he could make it out of zoo without buying kids light-up shit,Parents Often Skip Light-Up Products at the Zoo,understatement,0,0.8549000024795532,0.7728793621063232,0.08202064037322998,0.7137042284011841,0.0,666.10302734375,14,1.0,0.0
1106,self-helped woman won't stop at just self,Women Often Reassure Themselves,satire,0,0.7654803395271301,0.9090828895568848,-0.14360255002975464,0.3796656131744385,0.0,86.52112579345703,7,1.0,0.0
1107,jared and ivanka holding each other at gunpoint in kitchen after simultaneously revealing undercover identities,Jared and Ivanka Trump Hold a Gunpoint in a Kitchen,overstatement,0,0.8707095980644226,0.6942543983459473,0.17645519971847534,0.8387749791145325,0.015223083300988084,258.74090576171875,13,0.8666666666666667,0.012768741377845068
1108,upcoming election deduced from sports illustrated content,Sports Fans Discover an Upcoming Election in Boston,irony,0,0.8203957676887512,0.6064936518669128,0.21390211582183838,0.711422860622406,0.0,470.49493408203125,8,1.0,0.0
1109,"A possible pardon is 'destructive and unpresidential'? In this political climate? I am shocked, simply shocked.",Republicans Seek a Pard from a Political Climate,irony,0,0.5574115514755249,0.7836172580718994,-0.2262057065963745,0.19181999564170837,0.0,2197.203125,16,1.0,0.0
1110,subway manager disgusted by sight of cold cut combo devouring large rat,Subway manager catches a rat in a cold cut combo,irony,1,0.6824989318847656,0.6755948662757874,0.0069040656089782715,0.8712126612663269,0.09717028343213063,1168.7529296875,9,0.75,0.0846559812249098
1111,pep-rally skit rumored to involve cross-dressing principal,A P-Rally Skit Reported in a School Discipline Investigation,satire,0,0.6180835962295532,0.6545379161834717,-0.03645431995391846,0.6291371583938599,0.0,672.8624267578125,9,1.0,0.0
1112,struggling don rickles has nothing but nice things to say about audience,Don Rickles Delivers remarks at the Republican National Convention in Cleveland,irony,0,0.9651879668235779,0.8251868486404419,0.140001118183136,0.5083480477333069,0.0,46.0554313659668,12,1.0,0.0
1113,romney appeals to hispanic voters for return of watch he left on dresser,Romney Campaigns for Hispanic Voter Support in Miami,satire,0,0.6929252743721008,0.8513731956481934,-0.15844792127609253,0.6357694864273071,0.014867523320266895,471.0249328613281,12,0.9230769230769231,0.009452317665772095
1114,alcohol goes right back to abuser every time,Children Abuse Alcohol Addiction,irony,0,0.5197495818138123,0.5265120267868042,-0.006762444972991943,0.5963488817214966,0.0,7416.69287109375,8,1.0,0.0
1115,popular new dating app just list of 20 attractive singles to repeatedly scroll through,Popular Dating Apps Face Criticism for Encouraging Superficial Browsing,satire,0,0.8506595492362976,0.9468234777450562,-0.09616392850875854,0.5393056869506836,0.0,136.14364624023438,14,1.0,0.0
1116,chuck e. cheese's pit boss tells floor attendant to keep an eye on guest winning big at skee-ball,Chuck E. Cheese's A Winning Streak At a Skee-Ball Game,satire,1,0.678290069103241,0.6563510894775391,0.021938979625701904,0.6870991587638855,0.0,152.04159545898438,18,1.0,0.0
1117,"Ohio State Fair accident caused by 'excessive corrosion'—just a little rust, nothing serious.",Ohio State Fair Expected to Cause an Injuries and Damage,understatement,1,0.9118676781654358,0.8295702934265137,0.08229738473892212,0.705376386642456,0.07738233563462713,120.36591339111328,10,0.7692307692307693,0.05458367229990705
1118,A GOP billionaire backing a politician? How unprecedented and not at all predictable.,GOP Billionaires Back a Major Political Candidate,irony,0,0.9072974324226379,0.9048399329185486,0.0024574995040893555,0.6891672015190125,0.01666998712262484,564.0277709960938,11,0.8461538461538461,0.011488408374657337
1119,You've been frying with olive oil? The horror! Next you'll tell me you use butter.,Experts Discuss the Hardship Of Prodding an Olive Oil,sarcasm,1,0.5796965956687927,0.6520785093307495,-0.07238191366195679,0.6083641648292542,0.0,384.2209167480469,15,1.0,0.0
1120,"Scientists glimpse elusive mineral. Finally, a rock that's hard to find. Revolutionizing geology.",Scientists claim a mineral in a geology,understatement,0,0.8390563726425171,0.857937753200531,-0.018881380558013916,0.7143160104751587,0.01666998712262484,195.1888885498047,11,0.8461538461538461,0.011907638696105647
1121,"Radio hosts fired over transphobic broadcast? Shocking, who would have thought bigotry has consequences?",Radio Hosts Fired Over Anti-Muslim Sentencing Speech in Boston,sarcasm,0,0.8859991431236267,0.8864421844482422,-0.0004430413246154785,0.6538941860198975,0.013758777297397084,95.41043853759766,13,0.9285714285714286,0.008996784481510511
1122,woman informs husband that he made new friend,Wife Notes a New Acquaintance,irony,0,0.9432749152183533,0.5028151273727417,0.4404597878456116,0.6853125095367432,0.0,441.40631103515625,8,1.0,0.0
1123,A man records his life for five years—because privacy is overrated.,Texas Man Records His Life,sarcasm,1,0.8135722875595093,0.5409361720085144,0.2726361155509949,0.5863469839096069,0.0,2389.12109375,11,1.0,0.0
1124,"Michelle, Ross and Carson on wild ride to Drag Race – stability is overrated.",Michelle and Carson Attend the 2012 Drag Race in Denver,satire,0,0.5884086489677429,0.5963513255119324,-0.007942676544189453,0.6060229539871216,0.042310394030919116,422.33135986328125,10,0.7142857142857143,0.025641069974976678
1125,"Pope condemns Islamic State terrorism in Christmas message, spreading holiday cheer as usual.",Pope John Paul II Delivers a Christmas Message in New York,irony,0,0.9495027661323547,0.6761425733566284,0.2733601927757263,0.5932219624519348,0.02068408840048898,48.264732360839844,11,0.8461538461538461,0.012270255512467373
1126,"Ex-cop guilty and drinks poison? Creative, but prison is still waiting.",Former Police Officer Pleads Guilty and Agrees to Cooperate in a Murder Trial,irony,0,0.6298174858093262,0.6216168999671936,0.008200585842132568,0.3788090944290161,0.01553712569276035,42.40104675292969,13,1.0,0.005885604513704347
1127,man who couldn't defeat george w. bush attempting to resolve israel-palestine conflict,George W. Bush Travels to Middle East to Broker Israeli-Palestinian Peace Talks,sarcasm,0,0.8687343001365662,0.9371793270111084,-0.06844502687454224,0.585472822189331,0.017033186037639283,51.17313766479492,12,1.0,0.00997246750033258
1128,Trump's already urging policy changes after NYC terrorist attack – without waiting for 'the facts' – because evidence is for losers.,Trump Administration Urges Policy Changes Following NYC Terror Attack,sarcasm,0,0.8054701089859009,0.921941876411438,-0.11647176742553711,0.7179996967315674,0.006321137597583454,295.53985595703125,20,0.9523809523809523,0.0045385748780634285
1129,sean hannity: 'i will be dispelling any and all factual claims about me during my show',Sean Hannity Defends Factual Claims During a Fox News Broadcast,irony,0,0.6035770773887634,0.9371105432510376,-0.33353346586227417,0.7389969825744629,0.0,162.30093383789062,16,1.0,0.0
1130,mitt romney reaches out to young voters with laser tag pizza party,Romney Hosts a Laser Tag Pizza Party Appeal in Iowa,satire,0,0.9519767761230469,0.8793085813522339,0.07266819477081299,0.786510705947876,0.0,882.0278930664062,12,1.0,0.0
1131,"Princess Charlotte's christening was so fashionable, it made biblical events look casual",The Princess Charlotte's Christmas Event Draws Attention in London,satire,0,0.9548757076263428,0.7439279556274414,0.21094775199890137,0.6506303548812866,0.03633684571584218,548.3529052734375,11,0.9166666666666666,0.023641854823364956
1132,man prefers comic books that don't insert politics into stories about government-engineered agents of war,Some Americans Prefer Political Messaging Over Messaging in Modern Comic Books,irony,0,0.9563508033752441,0.8013152480125427,0.15503555536270142,0.5600700378417969,0.0,189.11131286621094,15,1.0,0.0
1133,boy scouts celebrate proud history of preparing teens for not having cool friends,Boy Scouts of America Celebrates the 100th Anniversary of the Gala,sarcasm,0,0.981784462928772,0.7947422862052917,0.18704217672348022,0.557129442691803,0.01571650849186369,30.695714950561523,13,1.0,0.008756129617133006
1134,alpha trick-or-treater established by third house,Children trick-or-treat at a Halloween,irony,0,0.8679717779159546,0.8022482991218567,0.0657234787940979,0.4280727505683899,0.0,32.81252670288086,6,1.0,0.0
1135,GOP senators support McConnell while feuding with Trump—party unity.,Senate Republicans Support McConnell Amid Heated Feuds with Trump,satire,0,0.9399523735046387,0.8452825546264648,0.09466981887817383,0.8963212966918945,0.028517539529041507,940.1180419921875,8,0.8888888888888888,0.025560878009132842
1136,11-year-old moron can't wait to get her first period,An 11-Year-Old moron sits in a glass,sarcasm,0,0.9752041101455688,0.7819538116455078,0.19325029850006104,0.48727479577064514,0.024822529802838878,69.57759857177734,9,1.0,0.012095393140189066
1137,Two-Year Contracts Dead: Your Phone Plan Will Never Be the Same,Two-Year Contract for Phone Plan,overstatement,0,0.8989279866218567,0.5150209069252014,0.3839070796966553,0.8520599007606506,0.0378731670885409,196.1097869873047,8,0.7272727272727273,0.032270206990953704
1138,nation waiting for protesters to clearly articulate demands before ignoring them,Occupy Wall Street Protests Force Nationwide Demands,sarcasm,0,0.9513922333717346,0.9626243710517883,-0.011232137680053711,0.5754011869430542,0.0,189.2355194091797,11,1.0,0.0
1139,history channel helicopter to give viewers bird's eye view of history,History Channel helicopters fly over the sky,irony,0,0.9617131948471069,0.9187512993812561,0.04296189546585083,0.7226265072822571,0.0,805.7418212890625,11,1.0,0.0
1140,Sacred Sites: Where Tourists Leave Offerings of Selfie Sticks,Tourists Leave Offerings at the Selfie Sticks,irony,0,0.6275227069854736,0.7132776975631714,-0.08575499057769775,0.8306863307952881,0.15447878876032708,646.1539916992188,5,0.5555555555555556,0.1283234182210165
1141,Some photos from Gaza suggest minor inconvenience and mild casualties.,Photoshopped Claims from Gaza Prove Temporary,understatement,0,0.7205750942230225,0.885392963886261,-0.16481786966323853,0.6651045083999634,0.04432535465175531,1306.921142578125,8,0.8,0.029480993215309743
1142,horrible band obviously not listening to its influences,Portland Metal Band Performs Live,sarcasm,0,0.6338932514190674,0.6304835677146912,0.0034096837043762207,0.3712758421897888,0.0,768.6712036132812,8,1.0,0.0
1143,increasingly anxious man worried order confirmation email never going to come,Customers Anxiously Anxify an Order Confirmation Email,overstatement,0,0.6102291941642761,0.7658950686454773,-0.15566587448120117,0.6425013542175293,0.0,382.3187561035156,11,1.0,0.0
1144,hollywood plans big-budget remake of mr. & mrs. smith,Hollywood Plans a M. & M. Smith Adaptation for the 'Mr. & Mr. Smith',satire,1,0.6153564453125,0.6566731929779053,-0.04131674766540527,0.8469918966293335,0.01428363257865929,104.51360321044922,13,0.9285714285714286,0.01209812104855517
1145,study: human ability to cooperate most strongly exhibited when ordering pizza,Study Examines How Group Cooperation Peaks During Pizza Ordering,satire,0,0.9231714606285095,0.8100935816764832,0.11307787895202637,0.7604998350143433,0.0,1619.4232177734375,11,1.0,0.0
1146,Gregg Popovich calls Trump a 'soulless coward'—what a nice way to describe a stable genius.,"Gregg Popovich Defends Trump, Calls Him a True Genius",sarcasm,0,0.9753632545471191,0.7715230584144592,0.2038401961326599,0.7340261936187744,0.02881411017115445,63.84305953979492,12,0.8,0.02115031161144451
1147,Unwinnable war? We're just getting started on the winning part.,Global Engagement in Syria Continues Despite Political Tensions,sarcasm,0,0.6000914573669434,0.8949665427207947,-0.2948750853538513,0.30401915311813354,0.0,90.1246337890625,10,1.0,0.0
1148,'Daddy' solves toxic masculinity by blaming teenage girls – problem effectively addressed.,Parents Often Terminate Bouncers in Toxic Masculinity Crisis,sarcasm,0,0.9663405418395996,0.8409286141395569,0.12541192770004272,0.6294035911560059,0.0,300.6004333496094,12,1.0,0.0
1149,"Greece and creditors dig in: another day, another financial standoff.",Greece and Crop Debt Threaten Economic Recovery in Greece,understatement,0,0.8518641591072083,0.7444803714752197,0.10738378763198853,0.6120438575744629,0.04537922867531812,131.19985961914062,8,0.8,0.027774078172195387
1150,scientists pinpoint part of brain all your hair grows out of,Researchers Study How the Hair Growth,satire,0,0.8070944547653198,0.7630814909934998,0.04401296377182007,0.6640903949737549,0.0,945.4515380859375,11,1.0,0.0
1151,woman all geared up to complain about work sidelined by friend with marital problems,Women Report Hostility When Handling Marital Problems,irony,0,0.9665979743003845,0.7990704774856567,0.16752749681472778,0.5689470171928406,0.0,828.2938232421875,14,1.0,0.0
1152,"Purritos: Combining cats, burritos, and the internet into one absurd trend that we somehow love.",Purritos Launches a Marketing Campaign Combining cats and Internet Trends,overstatement,0,0.9367272257804871,0.8983583450317383,0.03836888074874878,0.7874923348426819,0.015223083300988084,511.9521484375,15,1.0,0.011988061412199746
1153,hillshire farm releases circumcised bratwurst,Hillshire Farm Bratwurst,satire,1,0.6346535086631775,0.8236486911773682,-0.18899518251419067,0.7923098802566528,0.0,316.0997314453125,5,1.0,0.0
1154,poignant dying words wasted on dumbshit nephew,Ailing Nephew Shares a Final Advice With a Relatives,sarcasm,1,0.6317587494850159,0.9351930618286133,-0.3034343123435974,0.44151920080184937,0.0,602.1278686523438,9,1.0,0.0
1155,jay-z gives shout-out to his shareholdaz,Jay-Z Discusses His Ownership in The Los Angeles Dodgers,satire,1,0.6321752071380615,0.7793481945991516,-0.1471729874610901,0.6261484026908875,0.0,62.739566802978516,9,1.0,0.0
1156,"Paper airplane hits soccer player, a stunning display of accuracy.",A Paper airplane flies over a soccer player in a stadium,irony,0,0.9625831246376038,0.8453949689865112,0.11718815565109253,0.7147713899612427,0.04740604259878138,255.82550048828125,9,0.8181818181818182,0.03388448296089285
1157,sighing banksy methodically kills another few kids who stumbled upon him doing graffiti,Street Artist Banksy Creates a Mural in a Bristol,sarcasm,1,0.5707312822341919,0.6959400177001953,-0.12520873546600342,0.4518897533416748,0.0,236.68736267089844,13,1.0,0.0
1158,american psychiatric association adds 'obsessive categorization of mental conditions' to 'dsm-5',American Psychiatric Association Adds DSM-5 Classification to the Classification,sarcasm,0,0.7264387607574463,0.7864760160446167,-0.06003725528717041,0.8377357125282288,0.019201920550239778,141.05624389648438,11,1.0,0.01608613459406556
1159,"Dascha Polanco opens up about insecurities – because stars are human, sort of.",Katrina Polanco Discusses Her Personal Insecurities at the Academy Awards,irony,0,0.8333308100700378,0.6890963912010193,0.14423441886901855,0.5817087292671204,0.015635220893785457,100.19378662109375,12,0.9230769230769231,0.009095144477934669
1160,"Japan's economy 'recovers' with growth so weak, it's almost not there.",Japanese Economic Recovery Continues Despite Job Losses,understatement,0,0.8012531995773315,0.9164909720420837,-0.1152377724647522,0.7000852823257446,0.0,129.93519592285156,11,1.0,0.0
1161,"The first H&M x Balmain campaign images are finally here, and the fashion world may never recover.",H&M Releases a New Propaganda Image for the Balmain Campaign,overstatement,0,0.5977028012275696,0.9212186932563782,-0.3235158920288086,0.6892318725585938,0.013793247918215472,245.14739990234375,15,0.8823529411764706,0.009506746091336575
1162,'breaking bad' ends with reveal that whole series was plot of book marie shoplifted,Breaking Bad Concludes With a Series Finale,satire,1,0.5738850831985474,0.6017180681228638,-0.027832984924316406,0.6601741313934326,0.0,123.63494110107422,14,1.0,0.0
1163,report: someone robbed that kfc again,Man Robbed in a KFC,sarcasm,1,0.6801390051841736,0.6984808444976807,-0.01834183931350708,0.7935608625411987,0.0,169.26473999023438,6,1.0,0.0
1164,Fox News admits their taunt was all Roger Ailes—as if we needed confirmation.,Fox News Defends Roger Ailes Amid Sexual Harassment Allegations,sarcasm,0,0.764070987701416,0.8201895356178284,-0.056118547916412354,0.6144119501113892,0.035984468898536105,32.4929084777832,10,0.7692307692307693,0.0221092877096722
1165,"In a touching, traditional wedding moment, the bride abandons her own ceremony to fulfill her professional duties. So romantic.",The Bride performs at a wedding in a Private ceremony,satire,0,0.9143846035003662,0.8582648038864136,0.05611979961395264,0.6120243072509766,0.01129295625547186,508.8913269042969,18,0.9473684210526315,0.006911563729070748
1166,Sophie from 'The Holiday' is all grown up—time to check your own mortality.,A Sophie from 'The Holiday' Is a Holiday,understatement,1,0.802524745464325,0.8645223379135132,-0.06199759244918823,0.6938602924346924,0.18505100105615155,515.0554809570312,10,0.7692307692307693,0.12839954170815387
1167,"Mad Men actor's wedding to bring hope to Mississippi, because love solves poverty.","Mad Men Actor's Wedding in Jackson, Mississippi Faces Federal Poverty Crisis",satire,0,0.9490428566932678,0.7204883098602295,0.22855454683303833,0.8136131763458252,0.03323636888183254,735.8673706054688,11,0.8461538461538461,0.027041547656149315
1168,way too much raised for bronchitis research,Nonprofit Raises $140 Million for a Bronchitis Research in Illinois,overstatement,1,0.6636269092559814,0.5667110681533813,0.0969158411026001,0.628099799156189,0.021105340631872645,161.13706970214844,9,0.9,0.013256260212002163
1169,Kim Kardashian: 'Be as honest as Kanye'—the epitome of tact and diplomacy.,Kim Kardashian Says She Is An Open And Constructive Partner,satire,0,0.7666221261024475,0.7949745655059814,-0.028352439403533936,0.5388931632041931,0.01727959142950042,291.2542724609375,11,0.9166666666666666,0.009311853684319547
1170,"Gladys Knight sues to disown chicken and waffles, because breakfast is overrated",Gladys Knight Plans to Disown the Fried Chicken and Waffles in a Cereal,sarcasm,1,0.7101271748542786,0.7288350462913513,-0.018707871437072754,0.8032644391059875,0.039073802494525016,150.58250427246094,10,0.7692307692307693,0.03138659604450277
1171,singles bar contains single woman,Clearwater singles bars often feature a woman,understatement,0,0.6507107019424438,0.8215112090110779,-0.17080050706863403,0.7364559173583984,0.039281465090051315,2886.44140625,5,0.7142857142857143,0.028929067408075645
1172,local household announces plans to overdo halloween again,Parents Prepare a Heated Halloween Yard Display,sarcasm,0,0.9243918061256409,0.753112256526947,0.17127954959869385,0.4966582953929901,0.0,1951.949462890625,8,1.0,0.0
1173,"Leslie Jones' website hack investigated by DHS—priorities, people, priorities.",Former Secretary of StateLeslie Jones Underwent a Federal Investigation Over a Website Hack,understatement,0,0.5850716829299927,0.7324619293212891,-0.1473902463912964,0.6225045919418335,0.0,186.90150451660156,13,1.0,0.0
1174,area dad wants to watch new blu-ray of 'spring breakers' by himself,Wisconsin Fathers Prefer to watch the 'Spring Breers' Alone,sarcasm,1,0.6479955315589905,0.8394675850868225,-0.19147205352783203,0.5330100655555725,0.03633684571584218,557.9502563476562,10,0.8333333333333334,0.019367904517083763
1175,conjoined twins separated at birth reunited in freak accident,Twojoined Twins Separ at birth in Texas,irony,1,0.6246299743652344,0.5891715288162231,0.03545844554901123,0.7424907088279724,0.05809334108283256,2538.270263671875,6,0.6666666666666666,0.04313376599877752
1176,"Watch live: The former ambassador graces us with his foreign policy wisdom, how thrilling.",Mike Pence Discusses Foreign Policy Legacy at Meetings in London,satire,0,0.931238055229187,0.8931080102920532,0.03813004493713379,0.3836824297904968,0.0,186.54100036621094,14,1.0,0.0
1177,okie hears there's sam's club work in new mexico,Oklahoma Worker Relocates to a Sam's Club Job in New Mexico,irony,0,0.5827239751815796,0.8321252465248108,-0.2494012713432312,0.7604876160621643,0.018850319022747353,169.5305633544922,10,0.9090909090909091,0.014335434175620401
1178,EU's migration plan: a shining beacon of human rights—if your idea of rights is 'drowning politely.',European Leaders Defend a Migrant Plan Amid Criticism Over Human Rights Concerns,sarcasm,0,0.8260468244552612,0.8567412495613098,-0.030694425106048584,0.6900925636291504,0.012204811114796843,96.70912170410156,15,0.9375,0.008422449390819703
1179,new prisoner recognized from 'scared straight' visit,A Prison Inmate Makes an Impromptu Visit to a Relative,irony,0,0.7643755674362183,0.6710698008537292,0.09330576658248901,0.5006394386291504,0.0,186.34230041503906,10,1.0,0.0
1180,Don't roll out the red carpet for Vietnam's autocratic leader? But he brings such charming oppression.,Vietnam's Autocratic Leadership Faces International Criticism Amid Ongoing Media Scrutiny,sarcasm,0,0.7811530232429504,0.7872917652130127,-0.006138741970062256,0.5712637901306152,0.01158285652249976,105.20646667480469,16,1.0,0.00661686651758233
1181,report: fax machines still pretty impressive if you think about it,Report Highlights Continued Use of Fax Machines Despite Outdated Technology,irony,0,0.8803443908691406,0.9352386593818665,-0.05489426851272583,0.8475310802459717,0.0,422.1451110839844,11,1.0,0.0
1182,Friday talking points: Because panicking is so last season.,Friday Talking Points Expected to Increase,irony,0,0.948073148727417,0.6329225897789001,0.31515055894851685,0.38583314418792725,0.024761510494160165,272.95654296875,8,0.8888888888888888,0.009553811448804173
1183,"The ABCs of parenting today, with a hipster twist – teaching toddlers to appreciate cold-pressed juice before bedtime.",Experts Warn That Early Parenting Habits May Impact Adult Well-Being,overstatement,0,0.9125500321388245,0.8438129425048828,0.06873708963394165,0.39730939269065857,0.0,90.43143463134766,18,1.0,0.0
1184,Bodies in urban spaces: art that's not disturbing at all.,Art Remains a Popular but Impulsive Movement in Urban Spaces,overstatement,0,0.8113230466842651,0.7208505272865295,0.0904725193977356,0.6647512316703796,0.021105340631872645,361.48760986328125,10,1.0,0.01402980117986025
1185,Because we needed eighteen reminders that summers were better before we had responsibilities.,We needed a reminder on the Summers,satire,1,0.85718834400177,0.7141002416610718,0.14308810234069824,0.7791711091995239,0.014017732413740807,431.4106750488281,12,0.9230769230769231,0.010922212113276545
1186,trump makes light-hearted jokes with dead bodies of hurricane victims during visit to carolinas,Trump Makes light jokes at Hurricane-Damaged Carolinas in Florida,sarcasm,0,0.9368452429771423,0.9344527721405029,0.0023924708366394043,0.8622007966041565,0.013758777297397084,646.7479858398438,13,0.9285714285714286,0.01186282874611495
1187,bride always dreamed about making fiancé's friends sweat asses off in fucking sun,Bride Plans a Summer Wedding in a Glass Conservatory,sarcasm,0,0.8168151378631592,0.7557424902915955,0.06107264757156372,0.4251168668270111,0.015375695992413887,419.47857666015625,13,1.0,0.006536467705579623
1188,new prescription fish tank eliminates need for glasses while looking at fish,A fish stands in a prescription tank,overstatement,1,0.9006558060646057,0.5526952147483826,0.34796059131622314,0.6177471876144409,0.021281397709599685,1225.9661865234375,11,0.9166666666666666,0.01314652358360961
1189,bianchi introduces new bike for blocking commuters on subway during rush hour,Bianchi Launches a Bike Designed to Block Commuters on the Metro,satire,0,0.9638303518295288,0.857222855091095,0.10660749673843384,0.8660775423049927,0.017212239801819764,165.04518127441406,12,1.0,0.014907134345124235
1190,Mathew Ward says be willing to work your way up – advice from someone who probably started at the top.,Mathew Ward Offers Harsh Advice From the Top,irony,1,0.7372850179672241,0.7274281978607178,0.009856820106506348,0.6495248079299927,0.014504784152402915,307.4181823730469,17,0.85,0.009421217140655505
1191,"teen zebra doesn't give a shit how much you honk, he's not getting out of road",A zebra stands in a dirt road,sarcasm,1,0.8741568326950073,0.6549586057662964,0.21919822692871094,0.5352574586868286,0.012017990948265363,137.1182403564453,13,0.8125,0.006432719293489828
1192,country cd put on to impress repair guy,A Country cd was made for an emergency repair,irony,1,0.8635593056678772,0.7851358652114868,0.07842344045639038,0.7820274233818054,0.028517539529041507,1433.31884765625,8,0.8888888888888888,0.022301497959085113
1193,"Women are the 'problem solvers' in Congress, says Emily's List founder—evidenced by the swift, bipartisan legislation they've passed.", Emily's List Founder Addresses Women's Issues in Congress,irony,0,0.9179352521896362,0.9123712778091431,0.005563974380493164,0.7903201580047607,0.0186245115152549,159.03726196289062,16,0.8888888888888888,0.01471932688349774
1194,"Wasted cash in US fishing industry? Just a little inefficiency, nothing to see here.",Deepwater Horizon Oil Spill in US Fishing Industry,understatement,0,0.8073137998580933,0.6723135709762573,0.13500022888183594,0.5085390210151672,0.02774657084839272,99.45266723632812,14,1.0,0.01411021397576961
1195,Immigration reform might actually matter in two Colorado races. A shocking twist in a story that has zero relevance to anything.,Democrats Shift Support Between Immigration Reform and Colorado Race Over Recent Policy Debates,irony,0,0.7937340140342712,0.6735524535179138,0.12018156051635742,0.7183150053024292,0.009985505042726254,438.759521484375,20,0.9523809523809523,0.007172738107713342
1196,"Cherry blossoms transform iconic D.C. landmarks a week early—must be the global warming party, and you're all invited.","China Launches a Global Climate Change Summit in Washington, D.C.",overstatement,0,0.7145827412605286,0.9202770590782166,-0.205694317817688,0.420002281665802,0.011277537484327563,20.548845291137695,17,0.9444444444444444,0.004736591474989185
1197,Could Quincy Jones be any cooler in this campaign? He's already peak cool.,Quincy Jones Underperforms in a New Presidential Campaign,sarcasm,0,0.8330996036529541,0.6782201528549194,0.15487945079803467,0.615814208984375,0.03479516834752485,115.78446960449219,10,0.7692307692307693,0.02142735907240918
1198,bouncer who's not that big must be fucking crazy,Security Guard at a Continental Club,sarcasm,0,0.8088228702545166,0.7319203615188599,0.07690250873565674,0.17859283089637756,0.0,1828.453369140625,9,1.0,0.0
1199,"good guy with gun, bad guy with gun both excited to unload firearm in crowd outside arena",A Good Guy With a Gun Eloads Firearms in a Crowd at a Concert,sarcasm,0,0.718065619468689,0.844881534576416,-0.12681591510772705,0.6747349500656128,0.011528573345940266,233.96868896484375,17,1.0,0.00777873136090076
1200,300 million without electricity in india after restoration of power grid,300 Million Without Power in India Following restoration of a Power Grid,irony,0,0.9130992293357849,0.854348361492157,0.05875086784362793,0.9723548889160156,0.0428361950754725,605.061279296875,8,0.6666666666666666,0.04165198370419584
1201,"The burden of hate: so light and fun, said no one ever.",Americans Express Emotional Fatigue Following the National Tragedy,sarcasm,0,0.8829249143600464,0.8052895665168762,0.07763534784317017,0.2581418752670288,0.0,175.51686096191406,12,1.0,0.0
1202,confused audience member at town hall debate asking about city's new stoplights,Candidates Engage During a Presidential Town Hall Debate in Iowa,understatement,0,0.8516924977302551,0.7738216519355774,0.07787084579467773,0.44911229610443115,0.0,111.85171508789062,12,1.0,0.0
1203,'Thank you' single-handedly ended all my problems and brought world peace,Global Peace Efforts Fade After the Paris Terror Attacks,overstatement,0,0.6640775799751282,0.894994854927063,-0.23091727495193481,0.36056947708129883,0.0,201.54220581054688,11,1.0,0.0
1204,u.s. forces take over key afghan city that will be retaken by taliban when marines leave,U.S. Forces Secure Key Afghan City That Will Be retaken by Taliban,irony,0,0.8993425965309143,0.8692266941070557,0.030115902423858643,0.8841544389724731,0.025810033097012353,162.20724487304688,14,0.875,0.02282005533274992
1205,carl bernstein weeps uncontrollably after learning bob woodward wrote a president book without him,Bob Woodward Releases a President Book Without Former Partner Carl Bernstein,satire,0,0.6728678345680237,0.5334118604660034,0.13945597410202026,0.8365504741668701,0.014350755161376995,2053.47314453125,14,1.0,0.012005131034902583
1206,sensitive scientists report 5 in 5 women don't know how beautiful they are,Researchers Note Persistent Gender Inequalities and Awareness Among Women,satire,0,0.9323884844779968,0.861221194267273,0.07116729021072388,0.39918893575668335,0.0,248.71267700195312,13,1.0,0.0
1207,Speak up and give back to fix the economy? If only it were that simple.,Federal Government Shutdown Continues Amid Concerns Over Economic Recovery,irony,0,0.8023804426193237,0.8786339163780212,-0.07625347375869751,0.24584171175956726,0.0,81.43243408203125,15,1.0,0.0
1208,"Testing in classrooms: enhanced interrogation for kids, because why not?",Brownsville Teacher Offers Enhanced Training for Students in School Testing,satire,0,0.8056328892707825,0.9134013056755066,-0.10776841640472412,0.5325549840927124,0.02777619034011792,226.72784423828125,9,0.9,0.014792348604737651
1209,Ken Burns urges Stanford grads to believe survivors—groundbreaking advice.,Ken Burns Offers Emotional Advice to Stanford Graduates Following Break-In,sarcasm,0,0.8540929555892944,0.5943760275840759,0.2597169280052185,0.6795613765716553,0.05307712171072445,184.44247436523438,7,0.7,0.036069161894201195
1210,dog doesn't consider itself part of family,Michigan Family Treats a Dog Like a Family,understatement,0,0.832089364528656,0.7428888082504272,0.08920055627822876,0.6499508619308472,0.0,194.58790588378906,8,1.0,0.0
1211,concert security drastically overestimating fans' desire to get close to cheap trick,Security at a Cheap Trick Concert,irony,0,0.9263231158256531,0.7442753314971924,0.1820477843284607,0.8385190367698669,0.0,694.5885620117188,12,1.0,0.0
1212,"Universities, public spaces and the democratic way of life: Where debate thrives, or not.",Debate Continues in the Private Spaces Across the American Spectrum,irony,0,0.6811967492103577,0.7449374198913574,-0.06374067068099976,0.6278499364852905,0.01414733290395472,225.55023193359375,13,0.9285714285714286,0.008882402065184232
1213,latest online security breach forces mom to change post-it,A Security Breach Prompts Parents to Change the Post-it,understatement,0,0.86350417137146,0.6889857649803162,0.1745184063911438,0.7939430475234985,0.023980296761827107,152.97315979003906,9,1.0,0.019038989891602895
1214,busy schedule forces vladimir putin to move up election win a couple days early,Vladimir Putin Wins Russian Presidential Election in Moscow,satire,0,0.9669723510742188,0.917293906211853,0.04967844486236572,0.5670685768127441,0.0,71.15975189208984,14,1.0,0.0
1215,Rex Tillerson prepares for the most intense interrogation ever about his impeccable climate change record.,Rex Tillerson Prepares for Senate Climate Change Hearing in Vienna,sarcasm,0,0.9715689420700073,0.9191288948059082,0.05244004726409912,0.6730493307113647,0.02995887070115779,110.99498748779297,12,0.8,0.020163797874282564
1216,guy on roof starting to think he might get away with it,Man Attempts to Secure an Escape on a Roof,irony,0,0.5113111734390259,0.521181046962738,-0.009869873523712158,0.6018429398536682,0.02043370997308395,255.74061584472656,11,0.9166666666666666,0.012297884082318066
1217,"Nestle to switch to cage-free eggs by 2020—animal welfare, but only when convenient.",Nestle Plans to Switch Back All Its Eggs by 2020,sarcasm,1,0.5705631971359253,0.6843568682670593,-0.11379367113113403,0.821481466293335,0.020577107905082877,621.95458984375,11,0.8461538461538461,0.016903712773943657
1218,49-year-old nearly back to pre-middle-school confidence levels,Aging Americans Tend to Reaches Middle School Confidence,overstatement,0,0.5317290425300598,0.9106441736221313,-0.37891513109207153,0.6386617422103882,0.02777619034011792,776.312255859375,7,0.875,0.017739590114587065
1219,A heartwarming tale about bathrooms and identity – just what we needed.,Crowds Share Their Stories at Denver Public Services,satire,0,0.9340596795082092,0.7857906818389893,0.14826899766921997,0.29812583327293396,0.0,335.00823974609375,12,1.0,0.0
1220,u.s. advises allies not to border russia,Concerns Grow Over U.S. Military Interventions in Russia,irony,0,0.8580881357192993,0.8782183527946472,-0.0201302170753479,0.48508185148239136,0.0,40.58578109741211,8,1.0,0.0
1221,dude with knit hat at party calls beer 'libations',An employee calls a beer a Libel,sarcasm,0,0.8699288964271545,0.92978835105896,-0.05985945463180542,0.35917824506759644,0.029519129053903102,2353.466552734375,9,1.0,0.010602628969504814
1222,"Celebrities and politicians unite for a feel-good photo op supporting LGBTQ rights, how original.",Celebrities and politicians Mock Trump's Transgender Military Ban in a Political Op,satire,0,0.9869353771209717,0.9175562858581543,0.06937909126281738,0.49850761890411377,0.07668068307464099,255.28846740722656,11,0.7857142857142857,0.03822590473548026
1223,'roseanne' taping repeatedly interrupted by reporters trying to interview members of white working class,Media Coverage of Roseanne Barr's 'The Working Class' Shuts Down,satire,0,0.9449785947799683,0.9281506538391113,0.016827940940856934,0.6251891851425171,0.01414733290395472,109.7522964477539,14,1.0,0.008844759530163372
1224,"Nancy Pelosi to critics: bring it on? She's shaking in her boots, I'm sure.",Nancy Pelosi Addresses Critics at Democratic National Convention in New Orleans,sarcasm,0,0.7442047595977783,0.8370441794395447,-0.09283941984176636,0.6517592072486877,0.03358575137215658,60.36750793457031,11,0.7857142857142857,0.0218898226891683
1225,Australian ambassador's Paris engagement gives us impossible relationship goals,Australian Ambassador's Paris Engagement Fails to Meet Financial Expectations,irony,0,0.9691991806030273,0.7587813138961792,0.21041786670684814,0.8005387187004089,0.028517539529041507,256.4822692871094,7,0.7777777777777778,0.02282939455506715
1226,cruel owner chains bike outside in freezing weather,Bicycle locked in a snowy conditions,sarcasm,1,0.6822279095649719,0.6939004063606262,-0.011672496795654297,0.6081552505493164,0.02925226826055808,1252.3865966796875,8,1.0,0.017789920533135516
1227,burger king franchise owner adds sad little personal touches to restaurant,Burger King Franchise Owner Shares a Few Meals at a Chicago Restaurant,understatement,1,0.8511564135551453,0.5313863754272461,0.31977003812789917,0.6952245831489563,0.0,482.8652038574219,12,1.0,0.0
1228,radiator saving single loudest clank for 3:32 a.m.,A Radiators Often Make Loud Sounds at Night,sarcasm,0,0.6048376560211182,0.6918644905090332,-0.08702683448791504,0.5515679717063904,0.0,332.0059509277344,8,1.0,0.0
1229,"Cancer's next big miracle: immunotherapy, because past treatments were just practice runs.",Researchers Claim Cancer Sufferers Replenish Early Trials in Early Trials,irony,0,0.9706501364707947,0.9052377343177795,0.06541240215301514,0.4904022812843323,0.0,335.2674255371094,12,1.0,0.0
1230,Puppy comforts dog having a nightmare. Is this news or just a cute video?,A Puppy Comforts a Dog in a Bed,rhetorical_question,1,0.7708065509796143,0.7264334559440613,0.04437309503555298,0.4795462191104889,0.017267606045625942,142.35812377929688,12,0.8571428571428571,0.008280615192269341
1231,NFL commissioner's genius solution to domestic violence shows they totally get it.,NFL Commissioner Halts Calls for a Major Gun Control Measures Amid Domestic Violence Crisis,sarcasm,0,0.9852994680404663,0.7887757420539856,0.1965237259864807,0.5885868668556213,0.01428363257865929,186.09811401367188,13,0.9285714285714286,0.008407158546789952
1232,How to rekindle a lost passion in your life: because who needs new hobbies anyway?,How to Rekindle a Lost Hobby,rhetorical_question,1,0.9455246925354004,0.904043972492218,0.04148072004318237,0.8144381046295166,0.021318810323722334,83.3808364868164,12,0.8,0.01736285147300859
1233,Valerie Ramsey revolutionizes aging for women: one photo shoot at a time.,Helena Ramsey Launches a Media Campaign Targeting Women Aging,overstatement,0,0.9361249208450317,0.9325667023658752,0.003558218479156494,0.7082232236862183,0.02043370997308395,427.5419921875,11,0.9166666666666666,0.014471627949006744
1234,clinton blasts obama for slamming edwards jab,President Clinton Delivers a Remarks on John Edwards at the White House Press Conference,overstatement,0,0.9472457766532898,0.8560055494308472,0.09124022722244263,0.6064631938934326,0.0,60.90320587158203,14,1.0,0.0
1235,"France still can't contain terrorism a year after Paris: who saw that coming, besides everyone?",France Still Faces Criticism Over Paris Terror Attack a Year After Paris,sarcasm,0,0.6173021793365479,0.7317014336585999,-0.114399254322052,0.7879534363746643,0.015775377779808884,167.77406311035156,14,0.9333333333333333,0.012430263131708932
1236,man figured drug addiction would take up a lot more free time,"Akron, New Jersey Man Says He Estimated a Drug Addiction",irony,1,0.9275216460227966,0.5310449600219727,0.396476686000824,0.6488893628120422,0.01727959142950042,424.6438903808594,11,0.9166666666666666,0.011212543072340955
1237,"Secret Service wanted to leak embarrassing info. Top-tier security agency, right there.",Secret Service Officials Plead Guilty to Leak Personal Information to a Security Institution,irony,0,0.9666682481765747,0.7953307628631592,0.17133748531341553,0.6857948303222656,0.036362270465000714,87.82243347167969,11,0.8461538461538461,0.024937057103677496
1238,Do Catholic Voters Really Support the Right to Die? That's News to Me.,Catholic Voters Show Support for the Right to Die,rhetorical_question,0,0.5086371898651123,0.9300475716590881,-0.42141038179397583,0.9260848164558411,0.10015045110931887,88.94770050048828,8,0.6153846153846154,0.09274781213354326
1239,radical islamic extremists snowboard into u.s. embassy,Extremist Group Claims Responsibility for U.S. Embassy Attack in Baghdad,satire,0,0.9511332511901855,0.8715262413024902,0.07960700988769531,0.623844563961029,0.0,63.42689895629883,10,1.0,0.0
1240,rumsfeld sick of jokes about his fat girlfriend,Rumsfeld Addresses Jokes About His Girlfriend During Defense Secretary Testimony,sarcasm,0,0.9130417704582214,0.8052136301994324,0.10782814025878906,0.7863757610321045,0.0,138.9698486328125,10,1.0,0.0
1241,american public gets exactly what it deserves for 112th straight election,Americans Vote in the 112th Election with High Expectations for Economic Relief,sarcasm,0,0.979223906993866,0.9149144291877747,0.06430947780609131,0.5921053290367126,0.020255986027125642,203.3929443359375,12,1.0,0.011993677271554282
1242,Nevada secretary of state reports 21 noncitizens might have voted—a colossal fraud that will surely topple the election results.,Nevada Secretary of State Releases Election Results Amid Voter Confusion and Confusion,understatement,0,0.7313141822814941,0.6412494778633118,0.09006470441818237,0.5828834176063538,0.011303552115363096,76.9483871459961,17,0.8947368421052632,0.00658865308809437
1243,Friday's email: what to obsess over for four days because your life is that thrilling.,Many People Procrastinate on Social Events,overstatement,0,0.8006837964057922,0.7477753162384033,0.052908480167388916,0.36801740527153015,0.0,129.2286376953125,15,1.0,0.0
1244,Med students reluctantly consider fighting Obamacare repeal.,Congress Votes to Repeal Obamacare Repeal,understatement,0,0.9387853145599365,0.7336333394050598,0.2051519751548767,0.5070078372955322,0.03455747170954952,32.325103759765625,6,0.8571428571428571,0.017520908993860242
1245,"Because nothing says 'community' like ignoring transphobic assaults, right?",Carson City Residents Tend to Ignore Hate Speech Amid Community Safety Concerns,irony,0,0.9019030332565308,0.6423450708389282,0.25955796241760254,0.4566192626953125,0.0,313.37640380859375,12,1.0,0.0
1246,visionary sports columnist asserts that muhammad ali's greatest fight wasn't in the ring,Sports Columnist Jokes AboutMuhammad Ali's Greatest Performance in a Ring,overstatement,0,0.7719050645828247,0.6709385514259338,0.10096651315689087,0.7198891639709473,0.015635220893785457,146.4483642578125,12,0.9230769230769231,0.011255626097728299
1247,epa didn't know anybody was still drinking water,EPA Administrator Scott Pruitt Addresses Flint Water Crisis and Urges Immediate Action,sarcasm,1,0.7211710810661316,0.6727399826049805,0.04843109846115112,0.34916356205940247,0.0,109.39836120605469,12,1.0,0.0
1248,Mosul battle will determine Iraq's fate forever—or maybe just this week.,Iraqi Leaders Hope a Major Civilian Emergency Fulfillment,overstatement,0,0.884721040725708,0.9511241912841797,-0.06640315055847168,0.4003106653690338,0.0,300.033935546875,11,1.0,0.0
1249,Nina Solomon's love book: the definitive guide to romance that will change your life or at least your dating app profile.,Nina Solomon's Book Launches a Dating App,overstatement,0,0.6361308693885803,0.7361071705818176,-0.0999763011932373,0.7555981874465942,0.009453632457318902,923.1085815429688,19,0.9047619047619048,0.007143147549536454
1250,"Employers use temps to skirt immigration laws – innovative, not unethical at all.",Many US Employees Use ICE Detention Facilities to skirt Immigration Laws,sarcasm,0,0.9682470560073853,0.9338315725326538,0.034415483474731445,0.511528491973877,0.03323636888183254,584.4756469726562,13,1.0,0.01700134965281129
1251,dog can't believe owner left on fucking msnbc to keep it company while she at work,Florida Dog Left on a msnbc for company,sarcasm,0,0.7482367753982544,0.6005828976631165,0.14765387773513794,0.7104334831237793,0.013448025110102008,1748.3492431640625,13,0.8125,0.009553927320105815
1252,comic-book superrman impervious to copyediting,Comic Book Publisher's Press Release for 'Superman' Features a Spelling Errors,satire,1,0.5257158279418945,0.504806399345398,0.020909428596496582,0.40397948026657104,0.0,102.57720184326172,11,1.0,0.0
1253,"New Star Trek series in 2017: finally, the universe-saving we've all been craving.",A Star Trek: Deep Space Nine Launches in 2017,overstatement,0,0.8824779987335205,0.6436050534248352,0.2388729453086853,0.5809909105300903,0.018284887072297418,35.254737854003906,12,0.9230769230769231,0.010623353189073955
1254,"asian economic woes force layoffs of 700,000 pop stars",Asian Economic Downturn Leads to Significant Job Losses in Pop Music Industry,overstatement,0,0.9180567860603333,0.8020671606063843,0.11598962545394897,0.5627119541168213,0.0,95.71072387695312,12,1.0,0.0
1255,Demi Lovato and Wilmer Valderrama take a break. Celebrity relationships are so stable.,Demi Lovato and Wilmer Valderrama Continue Their Celebrity Relationships,irony,0,0.8434725999832153,0.8217709064483643,0.021701693534851074,0.8928074836730957,0.2995197100101508,65.53068542480469,7,0.5384615384615384,0.2674134386046581
1256,Rosamund Pike is ravishing in red. This fashion insight will change your life.,Rosamund Pike stands in a red dress,overstatement,0,0.5750996470451355,0.6054688096046448,-0.030369162559509277,0.7097854018211365,0.03280636247745341,108.41655731201172,10,0.7692307692307693,0.023285477173349122
1257,"Deaver at his most dynamic? In 'Solitude Creek'? Sure, if dynamic means slow and boring.",Coleman performs a masterclass in 'Solitude Creek',sarcasm,1,0.8241214752197266,0.8807814121246338,-0.05665993690490723,0.4536449909210205,0.010534007609331637,171.23098754882812,14,0.9333333333333333,0.004778699786297211
1258,"Ted Cruz defeats Donald Trump in Maine, proving even a loser can win sometimes.",Ted Cruz Defeats Donald Trump in Maine,sarcasm,1,0.6641807556152344,0.5270401835441589,0.13714057207107544,0.8573952913284302,0.07562380261607854,80.13851928710938,9,0.6428571428571429,0.06483949227537636
1259,teen study bible found to increase fun of religion by .03%,Researchers Publish a Teen Study Bible to Appeal to Younger Readers,satire,0,0.9116137623786926,0.8439815044403076,0.06763225793838501,0.7240744233131409,0.018850319022747353,394.64959716796875,11,1.0,0.01364903387566452
1260,cockroach worried about what kind of kitchen cupboard he leaving to children,Cockroach Expresses Concern Over Future Food Availability in a Kitchen Cupboard,irony,1,0.6037924289703369,0.6452746391296387,-0.04148221015930176,0.8045443296432495,0.0,365.82965087890625,12,1.0,0.0
1261,"Behold the Great Fracturer, who shatters expectations, and the Indispensable Fragmenter, because fragments are everything.","The Great Fracturer, a New Material",overstatement,1,0.5360591411590576,0.7994912266731262,-0.2634320855140686,0.6521000862121582,0.01926371972309374,410.8967590332031,13,0.8666666666666667,0.01256187329219628
1262,ivana trump calls ex-husband to ask him what he did to her beautiful baby boy,Ivana Trump Calls Her Ex-Husband To Discuss Negative Actions Against Her Baby,sarcasm,0,0.6843263506889343,0.6516020894050598,0.03272426128387451,0.8353887796401978,0.0,151.1910400390625,15,1.0,0.0
1263,"Hannibal Buress jokes about getting death threats after Cosby routine—the circle of life in comedy: tell a joke, get a threat.",Hannibal Buress jokes about the Cosby routine in comedy,sarcasm,0,0.9267357587814331,0.9470739364624023,-0.02033817768096924,0.8166245222091675,0.08707046609544257,173.19100952148438,15,0.7142857142857143,0.0711038777737203
1264,Noel Comrie's GPS guide to self-affirmations: because repeating nice things to yourself is the key to fixing everything.,Noel Comrie's GPS Guide Offers Guidance on Resolving Personal Issues,satire,0,0.9326440095901489,0.5316060185432434,0.4010379910469055,0.6072567701339722,0.04693475908257481,320.5854187011719,15,0.8333333333333334,0.028501450207500494
1265,"12 habits of genuine people – fake people, this one's for you.",Researchers Propose fake People as Essential Verification,understatement,0,0.5551404356956482,0.9347630143165588,-0.37962257862091064,0.5137122273445129,0.016170365420297903,3668.438720703125,11,0.9166666666666666,0.008306914437035927
1266,jogger horrified by discovery of own gruesome body,An ice jogs in a water puddles,sarcasm,1,0.6427037715911865,0.6435053944587708,-0.0008016228675842285,0.23010951280593872,0.0,270.2429504394531,8,1.0,0.0
1267,Because nothing melts hearts like a prop infant.,An Inventive Mascots,satire,0,0.9210671186447144,0.6458732485771179,0.27519387006759644,0.12975239753723145,0.0,111.77217102050781,8,1.0,0.0
1268,diabetic 8-year-old throws worst birthday party ever,A Diabetic Boy's Birthday Party Features Sugar-Free Snacks,overstatement,0,0.6094334721565247,0.8821802735328674,-0.2727468013763428,0.7570594549179077,0.0,145.6753387451172,8,1.0,0.0
1269,Trump's plans will totally redefine America – or something.,Trump Plans to Define America,overstatement,0,0.9550779461860657,0.9301995038986206,0.02487844228744507,0.6162745356559753,0.02414176971688927,163.33265686035156,8,0.8888888888888888,0.014877957922189423
1270,excited firefighters point out kid on tricycle,Chicago Firefighters Watch a Teen Ride a Tricycle,irony,0,0.9755810499191284,0.8716830015182495,0.1038980484008789,0.6557301878929138,0.0,476.0573425292969,8,1.0,0.0
1271,dick durbin wakes up chained to radiator with instructions to saw open own stomach to access kavanaugh report,Senate Democrats Defend Kavanaugh Nomination Amid Sexual Assault Allegations,satire,0,0.8388950228691101,0.7856258749961853,0.053269147872924805,0.30141544342041016,0.0,82.27337646484375,18,1.0,0.0
1272,"jury finds man guilty of murdering wife and children, but gets it",Jury Convicts a Florida Man of Murdering Wife and Children in Knox County,sarcasm,1,0.7912468314170837,0.5032082796096802,0.28803855180740356,0.7178372144699097,0.018476860420522198,74.55159759521484,11,0.8461538461538461,0.013263378016416978
1273,Aquaman thumbs up Trump's Paris exit: 'Saves underwater real estate!',Aquaman Thumbs Up Trump's Paris Exit,irony,0,0.9419122934341431,0.6245267987251282,0.3173854947090149,0.865871787071228,0.04905406857740215,809.1415405273438,7,0.7,0.042474534022229775
1274,"Woman rants over service dog? Clearly, her meal is more important than a veteran's companion.",Woman Aggressions a Service Dog,sarcasm,0,0.7288907170295715,0.59630286693573,0.13258785009384155,0.5945050716400146,0.008647154598524984,417.977294921875,13,0.8666666666666667,0.005140777264078377
1275,russian orphans devastated after realizing trump tower meeting not about getting them adopted,Donald Trump Jr. Met Russian Lawyer at the Trump Tower in New York,irony,0,0.9226138591766357,0.8212466835975647,0.10136717557907104,0.4837098717689514,0.0,20.31377410888672,13,1.0,0.0
1276,"'well, that was cool,' say archaeologists before dumping bones of king richard iii back into hole",Archaeologists Identify Leicester Leicester King Richard III in a Sink,sarcasm,1,0.9344100952148438,0.7670240998268127,0.167385995388031,0.5988389253616333,0.0,239.95046997070312,16,1.0,0.0
1277,friends star spontaneously shown attending televised nbc sporting event,Friends Star James Deen Spotted at the 2018NBC Sports Event in Cleveland,satire,1,0.9530014991760254,0.6860347390174866,0.2669667601585388,0.5564095973968506,0.0,380.9048767089844,12,1.0,0.0
1278,World's most innovative companies: Where 'innovation' means slightly better ads.,Report Examines Impact of Innovation in Consumer Ads,satire,0,0.9707412123680115,0.8577622771263123,0.11297893524169922,0.7211440801620483,0.0,488.484619140625,10,1.0,0.0
1279,Jack Antonoff opens up about depression. Because nothing says mental health awareness like a celebrity interview.,Jack Antonoff Discusses Mental Health Awareness in an Interview,irony,1,0.9468881487846375,0.5328229665756226,0.4140651822090149,0.7668663263320923,0.023298472850403023,136.40695190429688,14,0.875,0.017866814283936557
1280,Queer response to Trump's wall: because love needs physical barriers.,Trump's Wall Faces Criticism Amid Protests,satire,0,0.9293095469474792,0.8434170484542847,0.08589249849319458,0.5367879271507263,0.020960166113993737,185.86814880371094,9,0.9,0.011251164121065593
1281,A Christmas miracle: something mildly pleasant happened.,A Christmas miracle happens in a Siberian village,understatement,0,0.5124394297599792,0.8627074360847473,-0.35026800632476807,0.6686952114105225,0.05873949094699214,214.08477783203125,6,0.75,0.03927881631694538
1282,area man released after being wrongfully employed for 9 years,Released from a 9- Years Prison for Wrongful Employment,irony,0,0.7142598628997803,0.5925440192222595,0.12171584367752075,0.6854467988014221,0.02145851237135921,550.8840942382812,9,0.9,0.014708668611988884
1283,"Milk price like gasoline? Soon, we'll pay for air.",Concerns Rise Over Rising Fuel Prices in Illinois,overstatement,0,0.6280131936073303,0.5905560851097107,0.03745710849761963,0.48761993646621704,0.0,222.11354064941406,9,1.0,0.0
1284,"j.f.k. high cougars to go, fight, win",J.F. K. Perry and Eric R. Johnson Stand-Up,irony,1,0.9519049525260925,0.943585991859436,0.008318960666656494,0.35955458879470825,0.0,79.15032196044922,8,1.0,0.0
1285,Latino voters hold the key to saving the planet? What could possibly go wrong?,Latino Voters Hold the Key to Climate Change,rhetorical_question,0,0.8161306381225586,0.6176607608795166,0.198469877243042,0.7212538719177246,0.017267606045625942,177.75184631347656,11,0.7857142857142857,0.01245432771915762
1286,cousin really going all-in on retweeting porn stars,Man's Twitter Feed Follows Adult Film Stars,sarcasm,0,0.9039337038993835,0.9261279702186584,-0.022194266319274902,0.40176430344581604,0.0,216.360595703125,8,1.0,0.0
1287,Challenge: Amplify Sarah Palin's Trump endorsement to levels of absurdity previously unimagined.,Sarah Palin Offers an Endorsement at the Republican National Convention in Cleveland,overstatement,0,0.5788553357124329,0.8865654468536377,-0.30771011114120483,0.49467676877975464,0.017033186037639283,28.310880661010742,12,1.0,0.008425921431123832
1288,Beyond conservation: let's exploit until there's nothing left,Beyond Conservation Continues Despite Severe Conservation Efforts,irony,0,0.696150004863739,0.9011998772621155,-0.20504987239837646,0.6498754024505615,0.028634401465295497,125.5514907836914,7,0.875,0.01860879317618986
1289,"The day she let her son wait in the car: a minor parenting oversight, no big deal.",Parents Seek Minor Parenting Oversight in the Car,understatement,0,0.7287420034408569,0.7094364166259766,0.01930558681488037,0.6161407828330994,0.019069920667314447,880.7267456054688,15,0.8823529411764706,0.011749755848524224
1290,foster home gets new shipment,A Poster Home in a Texas Home,sarcasm,1,0.5102002620697021,0.8392395377159119,-0.3290392756462097,0.24380069971084595,0.0,1414.5216064453125,7,1.0,0.0
1291,"Mike Trout is the MVP—if you ignore all other players, sure.",Mike Trout is the MVP in the 2018 NFL Awards,sarcasm,1,0.8460158705711365,0.6647699475288391,0.18124592304229736,0.7893117666244507,0.23769263662838702,193.87356567382812,7,0.6363636363636364,0.18761359493077578
1292,tim ryan attempting to stand out from other candidates on debate stage by wearing blue power ranger costume,Photoshopped Image Shows Tim Ryan in a Blue Power Ranger Costume,satire,0,0.9049709439277649,0.5856980681419373,0.31927287578582764,0.7506281137466431,0.0,296.2917785644531,18,1.0,0.0
1293,Washington state man jailed after attacking three gay men. But let's focus on 'both sides' of the tolerance debate.,Washington State Jokes About Anti-Gay Sentiment Following Trayvon Martin Assault,sarcasm,0,0.7492839694023132,0.912228524684906,-0.16294455528259277,0.47465795278549194,0.008580791159409903,105.59003448486328,18,0.9473684210526315,0.004072940765005352
1294,man has mosquito on the run,"Mosquito Outbreak Hits Lagos, Florida",overstatement,1,0.7392157912254333,0.5666258335113525,0.1725899577140808,0.48968058824539185,0.0,470.781982421875,6,1.0,0.0
1295,"et, access hollywood, tmz choppers hovering above scene of gruesome red carpet dress",Hollywood and Taylor Swift Attend the Academy Awards in the Red Carpet Scene,satire,0,0.8099299669265747,0.9397760033607483,-0.12984603643417358,0.4013022184371948,0.0,159.66131591796875,13,1.0,0.0
1296,local news anchor mistakenly reveals salary during broadcast,Veteran Fox News Anchor Omits a Salary During Broadcast,satire,0,0.8860321640968323,0.9621236324310303,-0.076091468334198,0.8167846202850342,0.0,697.017578125,9,1.0,0.0
1297,A Senate bill that actually helps? Let's wait and see.,Senate Republicans Introduce a Major Economic Recovery Bill,sarcasm,0,0.7838528752326965,0.9376554489135742,-0.15380257368087769,0.49989068508148193,0.02163211878762423,211.6324920654297,9,0.9,0.010813694680509472
1298,experts refuse to warn of any new health hazards until americans deal with current backlog,Experts Warn of Rising Health Hazard Levels in the US,sarcasm,0,0.8231829404830933,0.7342742085456848,0.08890873193740845,0.7072833776473999,0.012801036176909563,115.70410919189453,14,0.9333333333333333,0.009053960104591155
1299,Flat soda declared. The beverage industry weeps.,Flat Soda Launches in the Beverage Industry,overstatement,0,0.6553595066070557,0.947278618812561,-0.29191911220550537,0.8296011686325073,0.033031643180138064,181.39559936523438,6,0.8571428571428571,0.027403089784094527
1300,slightly larger chair shifts delicate balance of office power,A standard office chair,understatement,0,0.7001166343688965,0.6674733757972717,0.032643258571624756,0.6148414015769958,0.027373894309204495,1661.2999267578125,8,0.8888888888888888,0.01683060354369184
1301,the backstreet boys or 'n sync release new album,The Backstreet Boys or 'N Sync Release a New Album,satire,1,0.8843964338302612,0.9449779391288757,-0.0605815052986145,0.9897063374519348,0.021105340631872645,126.0598373413086,9,0.9,0.02088808937744618
1302,Bionic fingertip restores touch? That's a neat trick for amputees.,Anxiously Restores a Smart Finger,understatement,1,0.9882452487945557,0.6858461499214172,0.3023990988731384,0.5472168922424316,0.01976560930094397,787.609619140625,9,0.9,0.010816075294940662
1303,Smear campaign against Michigan candidate shows how welcoming politics is for Muslims. Totally fair.,Mike Pence Campaign Faces Scrutiny Over Immigration Policies in Michigan,sarcasm,0,0.9426060914993286,0.776009202003479,0.1665968894958496,0.38648563623428345,0.01414733290395472,203.8306121826172,14,1.0,0.005467740958403153
1304,"Jeb Bush quits firm that profited from Obamacare: finally, a principled stand.",Jeb Bush Steps Down from the Obamacare Administration Following Federal Controversy,sarcasm,0,0.9397608637809753,0.713186502456665,0.2265743613243103,0.7178548574447632,0.040282619279694225,197.28414916992188,10,0.8333333333333334,0.028917073920526566
1305,Netanyahu in bribery probe—this could topple governments and change history as we know it!,Netanyahu Pleads Guilty in Corruption Probe Amid Mounting Investigations,overstatement,0,0.5679866671562195,0.7715603709220886,-0.20357370376586914,0.5774673819541931,0.01636203585580252,256.2598876953125,13,0.9285714285714286,0.009448542009090916
1306,republican establishment quietly relieved party no longer their responsibility,Republican Establishment Accepts Loss of Party Control Following Trump's Nomination,irony,0,0.8395205140113831,0.8888260722160339,-0.04930555820465088,0.6161251664161682,0.0,107.04325866699219,10,1.0,0.0
1307,12 ways to make your divorce as expensive as possible: like setting money on fire,Prosthetic Alternatives Amid Rising Divorce Costs,overstatement,0,0.5078760981559753,0.7786799669265747,-0.27080386877059937,0.44296517968177795,0.0,401.6716613769531,15,1.0,0.0
1308,pair of 26-year-olds hit it off after learning they have student loans from same bank,Young Adults Often Receive Student Loan Debt,irony,0,0.9604939222335815,0.8110000491142273,0.14949387311935425,0.6469908952713013,0.0,227.3585968017578,15,1.0,0.0
1309,evening's events immediately recapped with digital-camera slide show,Students Catch a Digital-Aage Slide Show at the Oregon Summer Games,irony,1,0.5895562767982483,0.6005873084068298,-0.011031031608581543,0.4483436942100525,0.0,392.456787109375,11,1.0,0.0
1310,wheelchair basketball game enjoyed for all the wrong reasons,Wheelchair Basketball Players Draw Attention at High School Games,sarcasm,0,0.8779297471046448,0.922028124332428,-0.0440983772277832,0.6562066674232483,0.0,754.6068115234375,9,1.0,0.0
1311,"Man tries to set fire aboard plane in China, adding a touch of excitement to air travel.",Fire Engulfs a Fire in a Plane in China,irony,0,0.9729557037353516,0.5758118033409119,0.3971439003944397,0.7051142454147339,0.011723910995413513,283.5843505859375,15,0.8823529411764706,0.0082666966548405
1312,all those years shopping at independent bookstore wasted,Award-winning merchandise at a Philadelphia independent bookstore,irony,0,0.6355094909667969,0.762800395488739,-0.12729090452194214,0.5536891222000122,0.0670144447096575,282.8325500488281,6,0.75,0.037105169066011516
1313,"Afghan president offers to legitimize Taliban, because peace talks are just that simple",Afghan President Mahmoud Ahmadinejad Meets With Taliban in Vienna Ahead of Global Peace Talks,sarcasm,0,0.9644855260848999,0.8691827654838562,0.0953027606010437,0.5167499780654907,0.01428363257865929,92.33365631103516,13,0.9285714285714286,0.007381066821717717
1314,Philippines president promotes citizen-led drug eradication – because nothing says justice like mob rule.,Philippines President Proposes a Citizens-Led Drug Eradication Program,sarcasm,0,0.9676972031593323,0.8668239116668701,0.10087329149246216,0.7430193424224854,0.013120543279239774,187.7964630126953,13,0.9285714285714286,0.009748817439566496
1315,billcosby.com now somehow most eerie site on entire internet,Billcosby.com Remains a Highly Popular and Ubiquitous Internet Service,overstatement,0,0.7401749491691589,0.851235032081604,-0.11106008291244507,0.6372336745262146,0.0,202.05758666992188,9,1.0,0.0
1316,supreme court justice benatar orders army to stop using sex as a weapon,Satirical Article Parodies Supreme Court Justice Antonin Scalia's Legal Sentencing,sarcasm,0,0.953722357749939,0.8344399929046631,0.11928236484527588,0.1912122666835785,0.0,79.29871368408203,13,1.0,0.0
1317,"Finally, a diplomat whose policies pair well with fine wine.",A Diplomas Often Pair Fine Wine,satire,1,0.9765411019325256,0.6015408635139465,0.3750002384185791,0.48519083857536316,0.0,5167.51904296875,10,1.0,0.0
1318,media ignores cancer struggle of champion unicyclist,News Media Coverage Highlights the Health and Fitness Challenges of the Cancers,sarcasm,0,0.8934898376464844,0.9462653994560242,-0.052775561809539795,0.5326036214828491,0.017033186037639283,256.16815185546875,11,0.9166666666666666,0.009071936569037783
1319,"It's heartwarming when a cop enjoys a joke about a Black superhero. Truly, we've overcome everything.",Police Officer Sends a Jokes About a Black Superhero in a Detention Facility,sarcasm,0,0.8897968530654907,0.8646302223205566,0.025166630744934082,0.6735882759094238,0.031021577127506993,253.6094970703125,13,0.8125,0.02089577065330865
1320,"Xavier Dolan on the run – in a thriller, because life imitates art?",Xavier Dolan stars in a thriller,irony,0,0.8869587779045105,0.5569668412208557,0.3299919366836548,0.7878544330596924,0.03802068840835078,313.7889709472656,9,0.6923076923076923,0.029954767910500422
1321,Carly Rae Jepsen drops another hit that will totally change your life.,Country Music Singer Carly Rae Jepsen Performs Live,sarcasm,1,0.8139885067939758,0.6525120139122009,0.1614764928817749,0.6020206212997437,0.08338026118731375,96.59925079345703,12,1.0,0.05019663664412152
1322,"How I finally stuck to a meditation schedule: after 100 attempts, I achieved enlightenment (or just stopped checking my phone).","Woman Sets a Meditation Schedule, Ultimately Fails to Engage",overstatement,1,0.8466482758522034,0.7935574054718018,0.05309087038040161,0.5384382009506226,0.008400549310594101,294.0844421386719,19,0.95,0.00452317665779328
1323,One mom single-handedly solves the baby-feeding crisis with a single gorgeous photo.,One Mothers Successfully Resemble the Infantfeeding Crisis,overstatement,0,0.9701864123344421,0.9148625731468201,0.05532383918762207,0.7012327909469604,0.019229913610012243,345.3369445800781,10,0.8333333333333334,0.013484645990417826
1324,The nightmare of Gaza continues? But didn't we all collectively agree to move on to the next news cycle?,Israel and Hamas Agree to Resume Diplomatic Talks Amid Ongoing Gaza Conflict,rhetorical_question,0,0.6998603940010071,0.8111425042152405,-0.1112821102142334,0.46834707260131836,0.011303552115363096,59.437801361083984,18,0.9473684210526315,0.005293985543226745
1325,nation suddenly realizes it never had to worry about john mccain dying over past 8 years if he'd become president,John McCain Defies Age and Health Concerns During 2008 Campaign,sarcasm,0,0.8346670866012573,0.6051884293556213,0.229478657245636,0.6208924651145935,0.0,240.83287048339844,20,1.0,0.0
1326,rookie usda agent vomits after seeing first rotten orange,USDA Investigates the Spoils,overstatement,0,0.6544359922409058,0.6119430065155029,0.04249298572540283,0.4420258402824402,0.0,446.9339294433594,9,1.0,0.0
1327,"Fear not, GoT fans: Brexit won't affect the show, because TV productions are immune to global events, right?",BBC Broadcasts a Mock Brexit Speech Amid Speculation Over Global Events,irony,0,0.680609941482544,0.8704184293746948,-0.18980848789215088,0.6326411962509155,0.009975840318370089,788.81982421875,17,0.9444444444444444,0.006311127552621767
1328,veteran brita filter's tour of duty extended another 3 months,Aveteran Brendan Fraser Undergoes a Medical Training at the Royal Hospital Chelsea,satire,0,0.9367522597312927,0.5914896726608276,0.3452625870704651,0.1561565101146698,0.0,284.1871337890625,12,1.0,0.0
1329,"Oh, the U.S. is so progressive on abortion access, right?",The U.S. Legalizes Same-Sex Abortion,sarcasm,0,0.9810047745704651,0.9421924352645874,0.038812339305877686,0.6141159534454346,0.01976560930094397,39.28353500366211,9,0.9,0.012138376001279157
1330,nation's parents announce they have zero fucking patience for this bullshit,Parents Across the Spectrum Express Frustration and Offer Emotional Support,sarcasm,0,0.8189778327941895,0.7894143462181091,0.029563486576080322,0.49315279722213745,0.0,308.4922180175781,11,1.0,0.0
1331,"These Social Media Apps Are Causing Trouble in Schools: Thank Goodness for Technology, Right?",Social Media Apps Face Scrutiny Over Technology Concerns in Schools,satire,0,0.8180145025253296,0.9190958738327026,-0.10108137130737305,0.8456141948699951,0.0752397025358172,278.5850830078125,11,0.7857142857142857,0.06362376048208299
1332,What comics can offer Bible readers: because parables desperately needed more pictures.,Adult Comic Books Face Shortages of Photo Resources,understatement,0,0.8893145322799683,0.5506370663642883,0.33867746591567993,0.6118907928466797,0.0,2506.481689453125,12,1.0,0.0
1333,"dc executive worried batgirl script not interesting enough to be movie, 3 more movies, 2028 reboot and 4 more movies",DC Executives Request a Rewrites on the Batgirl Franchise,overstatement,1,0.7308118939399719,0.6964737176895142,0.034338176250457764,0.6756740212440491,0.0,687.71484375,20,1.0,0.0
1334,"Live inside your favorite book? Finally, an escape from all real-world problems.",Live In A Book,overstatement,1,0.7086892127990723,0.848158061504364,-0.13946884870529175,0.6747835874557495,0.010873221263821838,329.7353210449219,11,0.9166666666666666,0.007337071251601839
1335,"Spielberg defends Oscars from Netflix, because film is only for theaters",Steven Spielberg Defends the Academy Award for Best Original Comedy at the Academy Awards,satire,0,0.9320483207702637,0.6948071122169495,0.2372412085533142,0.7317764163017273,0.0169861974906263,38.08571243286133,13,0.9285714285714286,0.012430098726283909
1336,Top Democrats defend the indefensible: A daily routine.,Senate Democrats Defend the indefensible During Hearings,sarcasm,0,0.9795111417770386,0.9200441241264343,0.05946701765060425,0.5724533796310425,0.034052233956373766,387.4159240722656,6,0.75,0.019493316412313107
1337,quaker oats canister relabeled 'drugs' for grade school play,Elementary Students Use Oatmeal as a Prop in a School Anti-Drug Play,satire,0,0.7976222634315491,0.9093506336212158,-0.11172837018966675,0.7093299627304077,0.0,314.186767578125,12,1.0,0.0
1338,On the road to the Emmys with my entourage (a.k.a. my kids)—because nothing says glamour like diaper bags.,I'm A.M. Pritzker on the Road to the Academy Awards,satire,1,0.5559265613555908,0.8641480803489685,-0.3082215189933777,0.3697376847267151,0.02219407728646536,81.9710693359375,17,0.9444444444444444,0.008205986750543478
1339,"Dangerous and delusional—just like my ex, but here describing a policy.",Experts Note the Verbal Inevitability Of Pro-Life Statements,sarcasm,0,0.6143391132354736,0.884848415851593,-0.2705093026161194,0.34773772954940796,0.0,155.91427612304688,11,1.0,0.0
1340,michael brown audiotapes conclusively reveal exactly what you want them to,Released audio of Michael Brown shooting fails to resolve conflicting accounts,irony,0,0.8786225318908691,0.5474277138710022,0.33119481801986694,0.5064952373504639,0.018850319022747353,262.3421936035156,11,1.0,0.009547596807558385
1341,Bayer wants to buy Monsanto for $62 billion—because monopolies are just what the world needs.,Bayer Pledges $62 Billion in Monsanto for $ Acquisition,sarcasm,1,0.9644879698753357,0.5693714618682861,0.39511650800704956,0.7743306159973145,0.03096277640217347,582.5349731445312,13,0.8666666666666667,0.023975425724482094
1342,"Dare to Be 100: Yes, Virginia, Wherever—Location is Everything in Life",Americans Vare To Be 100,overstatement,1,0.9642876386642456,0.8895493745803833,0.0747382640838623,0.37160855531692505,0.016182712188007015,2862.494873046875,11,1.0,0.006013634297294882
1343,exuberant trump rally crowd bats syrian refugee child around arena before candidate comes on stage,Syrian Refugees crowd at a Trump rally in Tampa,satire,0,0.8136117458343506,0.917820155620575,-0.10420840978622437,0.6885087490081787,0.014641392986898552,164.18222045898438,14,0.9333333333333333,0.010080727169146644
1344,"music playing in bar could stand to be louder, worse",Patrons Find Deafening Music at Boston Veterans Memorial Services,irony,0,0.8427783846855164,0.6285560727119446,0.21422231197357178,0.48807746171951294,0.0,478.1562805175781,10,1.0,0.0
1345,reverend al sharpton takes time off from holy duties to make tv appearance,Rev. Al Sharpton Makes an Appearance on the Cable News Broadcast,sarcasm,0,0.8160042762756348,0.869214653968811,-0.05321037769317627,0.6802582740783691,0.0,87.2246322631836,13,1.0,0.0
1346,"Trump promised no federal weed crackdown, but who trusts a word he says anyway?",Trump Promises a Federal Police Raid in weed Industry,sarcasm,0,0.5607641339302063,0.945033848285675,-0.38426971435546875,0.6791924238204956,0.018107569251105026,1395.99609375,13,0.9285714285714286,0.0122985238491555
1347,Dress to repel on your first date—because nothing says 'I'm interested' like a garbage bag.,Women Often Struggle to Maintain Social Awareness on the First Dates,satire,0,0.6127851605415344,0.8880656957626343,-0.27528053522109985,0.4868316352367401,0.015582995217182705,171.195068359375,15,1.0,0.007586295043467356
1348,desperate 'time' magazine announces 'man of june',Time Magazine Publishes a Man of Jupiter Quote,sarcasm,0,0.8899504542350769,0.8445687890052795,0.04538166522979736,0.4521024227142334,0.02777619034011792,1225.60498046875,7,0.875,0.012557682946538997
1349,"man just wants to come home, hear lindsay lohan made fun of, get some sleep",Workers Report Anxiety and Exhaustion from Lindsay Lohan's Fashion,sarcasm,0,0.6916471719741821,0.9418368935585022,-0.25018972158432007,0.4706442058086395,0.0,138.80992126464844,15,1.0,0.0
1350,"nation offsets carbon footprint by planting single 300,000-foot-tall tree",American Recovery Efforts Prove Ineffective Despite Carbon Pollution,overstatement,0,0.9164178967475891,0.9358192682266235,-0.019401371479034424,0.37992846965789795,0.0,225.90359497070312,9,1.0,0.0
1351,8 truths? More like 8 ways to survive Valentine's Day without divorcing.,Family Faces Financial Hardship Despite a V Valentine's Day Without a Breakup,understatement,1,0.5943887829780579,0.5514346361160278,0.04295414686203003,0.36850401759147644,0.03602080288207364,284.8267822265625,11,0.9166666666666666,0.01327381057891477
1352,"Bill Clinton takes his time on Air Force One, and Obama is totally okay with that (not!).",Bill Clinton Testifies Before Congress on the Air Force One,sarcasm,0,0.8467913269996643,0.8781207799911499,-0.031329452991485596,0.5525943636894226,0.033142573535878565,46.84893798828125,13,0.7647058823529411,0.018314399334088714
1353,"After yet another tragedy, Pakistan realizes that maybe, just maybe, extremism isn't the answer.",After Pakistan Faces Another Violent Terror Attack in Islamabad,irony,0,0.8447197675704956,0.9107522368431091,-0.06603246927261353,0.6259500980377197,0.01636203585580252,227.02589416503906,12,0.8571428571428571,0.010241817948036273
1354,god loses decision-making coin,The Devastating Impact of Decision-Making Coin,satire,0,0.5550877451896667,0.5104895234107971,0.04459822177886963,0.5826523303985596,0.0,132.6123504638672,6,1.0,0.0
1355,Inside Facebook's plan to build an artificial brain—because our privacy wasn't already compromised.,Facebook Defends Privacy Practices Amid Privacy Concerns,irony,0,0.9151958227157593,0.7287986278533936,0.18639719486236572,0.531913697719574,0.0,199.45535278320312,13,1.0,0.0
1356,inspirational english teacher canceled out by every other teacher at school,Students Report Inspirational Teacher Disruption at Fairfax Middle School,sarcasm,0,0.915392279624939,0.8575502634048462,0.05784201622009277,0.5907911062240601,0.019201920550239778,331.3832702636719,11,1.0,0.01134432388350267
1357,chris hemsworth deputizes hunk to assume 'sexiest man alive' duties in his absence,Comedian Chris Hmsworth Suspends His Absence,satire,0,0.736186146736145,0.7777178883552551,-0.04153174161911011,0.3241996169090271,0.0,454.0093688964844,13,1.0,0.0
1358,An unexpected heirloom: like finding a tax bill in your grandmother's jewelry box.,Family Assets Often Include Hidden Taxes,overstatement,1,0.7027228474617004,0.5863261222839355,0.11639672517776489,0.46286624670028687,0.0,4041.94580078125,13,1.0,0.0
1359,monopoly player insists on being wheelbarrow,Monopoly Players Use a Wheelbarrow,understatement,0,0.6308661103248596,0.744353175163269,-0.11348706483840942,0.8749373555183411,0.0,605.3980712890625,6,1.0,0.0
1360,cheering crowd actually trying to get attention of guy behind iron maiden,Iron Maiden Enters a Crowd at Outdoor Concert,satire,1,0.945579469203949,0.6840002536773682,0.2615792155265808,0.613181471824646,0.0,1532.2808837890625,12,1.0,0.0
1361,lesbian couple enjoys hot lesbian action,Houston Lesbian Couple Faces Criticism Over Its Straight Action,satire,0,0.9446767568588257,0.8416576981544495,0.10301905870437622,0.6561837792396545,0.0,411.36431884765625,9,1.0,0.0
1362,"Faith: 20 years strong, unlike your latest trend",A Faith Reaches 20 Years,understatement,1,0.5082398056983948,0.8471876978874207,-0.3389478921890259,0.7533979415893555,0.029486824119076216,802.09130859375,8,1.0,0.02221531259531938
1363,mom sits down for dinner 3 months after rest of family finishes meal,Parents Often Miss Out on Family Dinners Due to Household Responsibilities,overstatement,0,0.738429844379425,0.7707983255386353,-0.032368481159210205,0.5395351648330688,0.0,165.47915649414062,13,1.0,0.0
1364,area man meets that special someone else,"Denver, Illinois Workers Say They Have Sp met an End",irony,0,0.6924713253974915,0.5899139046669006,0.10255742073059082,0.2034696787595749,0.0,1110.8177490234375,10,1.0,0.0
1365,surgeon general mills recommends three to five servings of froot per day,Satirical article recommends a froot while consuming a food,satire,0,0.7600895166397095,0.9326866269111633,-0.17259711027145386,0.43324655294418335,0.02043370997308395,930.3672485351562,11,0.9166666666666666,0.008852834409699804
1366,tearful tim kaine wandering around backstage at debate asking if anyone has seen his running mate,Tim Kaine Prepares for a Vice Presidential Debate with Mike Pence,satire,0,0.6516838669776917,0.9076625108718872,-0.25597864389419556,0.4898095428943634,0.0,50.527225494384766,16,1.0,0.0
1367,bananas again sweep primates' choice awards,Bananas appear on the Red carpet at the 2018 Primaries,satire,0,0.9335089921951294,0.8882268667221069,0.04528212547302246,0.5851866006851196,0.0,137.95533752441406,10,1.0,0.0
1368,Michelle Wolf speaks out on dinner controversy – because the White House press corps needed more comedian drama.,Michelle Wolf Speaks Out on the White House Media Scandal,satire,0,0.9710129499435425,0.8354569673538208,0.13555598258972168,0.7474151253700256,0.06176961673276268,64.601318359375,12,0.6666666666666666,0.04616754583437625
1369,Activists protest Trump's 'swamp cabinet.' Because nothing says 'drain the swamp' like filling it with more crocs.,Activists Protest Trump's Swamp Cabinet Amid Scrutiny Over Russia Investigation,sarcasm,0,0.9191501140594482,0.8911581635475159,0.027991950511932373,0.6912055611610413,0.012463606455186824,105.17261505126953,15,0.8823529411764706,0.008614914093947785
1370,"Trump sticks with Fox News, the epitome of balanced reporting.","Trump Signs a Balanced Report at Fox News, Citing Factual Accuracy",irony,0,0.9723747372627258,0.8939270377159119,0.07844769954681396,0.7751238346099854,0.04411629359322707,332.7640380859375,10,0.9090909090909091,0.0341955906587621
1371,"From 1937 to Hillary, Americans felt consistently positive about woman president? A seamless progression.",Research Indicates Sharp Progress in Support for a Woman President,overstatement,0,0.9396979212760925,0.8817216157913208,0.05797630548477173,0.6587804555892944,0.0,329.956298828125,14,1.0,0.0
1372,mars maven begins mission to take thousands of high-resolution desktop backgrounds,NASA's Maven Spacecraft Enters Mars Orbit,satire,0,0.8923112154006958,0.7297471761703491,0.16256403923034668,0.5047287940979004,0.0,104.09840393066406,11,1.0,0.0
1373,presidential debate commission anesthetizes audience to prevent outbursts during debate,Debate Commission Enforces Strict Audience Conduct Rules for the Presidential Debate,overstatement,0,0.9384865760803223,0.8353977203369141,0.1030888557434082,0.7773566246032715,0.0,149.3618621826172,11,1.0,0.0
1374,riaa bans telling friends about songs,RIAA Bans Informal Sharing of Copyrighted Music,sarcasm,0,0.7878775000572205,0.7103743553161621,0.07750314474105835,0.7729167342185974,0.0,326.5292053222656,7,1.0,0.0
1375,new stapler makes all other staplers look like worthless shit,A chrome Stapler,overstatement,1,0.8007106184959412,0.5172795057296753,0.28343111276626587,0.6688616275787354,0.0,23041.220703125,10,1.0,0.0
1376,grieving couple finds different ways to use stroller,Bypassers in a Rock And Roll Stroller,understatement,1,0.6988783478736877,0.6871115565299988,0.011766791343688965,0.5000713467597961,0.0,290.46441650390625,8,1.0,0.0
1377,"Socialism destroys Venezuela, but only Venezuelans can fix it – not the U.S. military, which never intervenes.",Socialism and Humanitarian Crisis Threaten Venezuela in Venezuela,irony,0,0.5367204546928406,0.7647354602813721,-0.2280150055885315,0.7142339944839478,0.009017608727734442,216.59698486328125,16,0.9411764705882353,0.006440682702303081
1378,woman rises early to sow seeds of day's first gchats,Iowa Woman Agrees to Simulating the seeds,satire,0,0.8411398530006409,0.7418379783630371,0.09930187463760376,0.4113315939903259,0.02558948059670209,1150.4427490234375,9,0.9,0.010525761843225987
1379,This flip-book marriage proposal is just the epitome of romance and originality.,Satirical Article Critiques Hypothesis Regarding a flip-book Marriage Proposals,irony,0,0.9686018228530884,0.7726582884788513,0.19594353437423706,0.7353737354278564,0.017182633466700372,287.2706298828125,12,1.0,0.01263565735689515
1380,Forged document complicates Utah monument fight – because federal documents are always trustworthy and never forged.,A Utah Monument Fight Continues Over Newly Printed Documents,sarcasm,0,0.8548852801322937,0.830643355846405,0.024241924285888672,0.6485786437988281,0.011017167600428483,15768.951171875,15,0.9375,0.007145499620790295
1381,Gov. Markell believes Bernie wins? That's a sweet belief.,Governorkell Says Bernie Wins in New Hampshire,irony,0,0.936032772064209,0.8456583619117737,0.0903744101524353,0.5659112930297852,0.024822529802838878,534.7433471679688,8,0.8888888888888888,0.014047349936994927
1382,Pink single-handedly slays the digital dragon – raise your glasses to this modern-day heroine!,Pink holds a digital dragon,overstatement,1,0.859818696975708,0.7033370137214661,0.15648168325424194,0.7071011066436768,0.020785234793924575,1641.4105224609375,11,0.7857142857142857,0.014697262524632722
1383,"Embed routines and rituals, because spontaneity is overrated anyway",People Often Overlook Embed Routine and Vulnerability,understatement,0,0.7991739511489868,0.525285005569458,0.2738889455795288,0.42848318815231323,0.029519129053903102,250.2155303955078,9,1.0,0.01264845052849598
1384,report: still a few seconds left where plane low enough to crash with everyone surviving,Commercial Aircraft Is Being Severely Destroyed,overstatement,0,0.8148089647293091,0.7500442266464233,0.06476473808288574,0.43314406275749207,0.0,108.1605453491211,15,1.0,0.0
1385,band dreams of one day becoming popular enough to alienate early fans,Alt-Rock Ambitions Seek a Main Audience,irony,0,0.8918488621711731,0.7788740992546082,0.11297476291656494,0.4338688850402832,0.0,911.4148559570312,12,1.0,0.0
1386,The real issue with fake news is that real news is just as fake— brilliant observation.,Constant Fake News Claims Impact Fake News Coverage,sarcasm,0,0.6817666292190552,0.8680055737495422,-0.18623894453048706,0.7162020206451416,0.0,499.84747314453125,16,1.0,0.0
1387,nation's older brothers recommend not being such a little bitch,Older Brothers Tend to Reassure Children About Social Insecurities,sarcasm,0,0.8606911301612854,0.91478431224823,-0.05409318208694458,0.583559513092041,0.0,180.27642822265625,10,1.0,0.0
1388,"Trainers reveal the absolute worst fitness advice, like 'just skip leg day'—groundbreaking stuff.",Many Trainers Reaffirm Fitness Advice Despite Physical Injuries,irony,0,0.9545588493347168,0.7708789706230164,0.18367987871170044,0.5758103728294373,0.014867523320266895,372.1163635253906,13,1.0,0.008560874146093234
1389,'piggies' written in blood on clouds only clue in shocking murder of six angels,Photoshopped Image Shows 'Piggies' Written in a Cloud,overstatement,1,0.5677779912948608,0.5298985838890076,0.03787940740585327,0.4267633557319641,0.013120543279239774,137.4557647705078,13,0.9285714285714286,0.005599367078874835
1390,barbecue chicken panini succumbs to howard-related causes,Howard Eats a Barbecue Chicken Panini,satire,1,0.696078896522522,0.6319528222084045,0.06412607431411743,0.8068833351135254,0.0,197.737060546875,7,1.0,0.0
1391,"Trump refugee order dashes hopes of Iraqi allies: rewarding loyalty with deportation, the American way.",Trump's Migrant Order Faces Scrutiny Over Ties with Iraqi Allies in Iraq,sarcasm,0,0.9166745543479919,0.8223468661308289,0.09432768821716309,0.6575141549110413,0.015775377779808884,112.26705932617188,14,0.9333333333333333,0.010372534189293457
1392,Amazon-Hachette feud overlooks indie authors—because who reads them anyway?,Amazon and Hachette Feuds Over Indie authors in a Publishers Clash,irony,0,0.5403388142585754,0.540459930896759,-0.00012111663818359375,0.8734602928161621,0.0,455.6070251464844,11,1.0,0.0
1393,gmail user pities hotmail user,Gmail Users Report an Over-The-Counter Performance,irony,0,0.5922968983650208,0.6132492423057556,-0.020952343940734863,0.3612819314002991,0.0,204.93031311035156,6,1.0,0.0
1394,"Google Street View: not just for maps, but for autism communication too.",Google Street View: a Platform for Autistic Communication,understatement,0,0.6561241149902344,0.895710289478302,-0.23958617448806763,0.7849514484405518,0.08959792157948086,303.1638488769531,8,0.6666666666666666,0.07033001832107648
1395,"Neighbors 2 tackles sexism subtly, as comedies do.",NBC's 'Patch Adams' Faces Scrutiny Over Sex Discrimination in Brooklyn,understatement,0,0.9190536737442017,0.8840031027793884,0.03505057096481323,0.3772802948951721,0.0,143.5531463623047,10,1.0,0.0
1396,so-called professional gamer not even racist,Streamers Typically Use Racist Slurs to Maintain Engagement,sarcasm,0,0.8055278658866882,0.9076308012008667,-0.10210293531417847,0.4065157175064087,0.0,167.5541229248047,8,1.0,0.0
1397,giant altoid headed toward earth'curiously strong' celestial body will extinguish all life,Digital Artwork Depicts a Giant Altoid Mint Approaching Earth,overstatement,0,0.7762870788574219,0.664650022983551,0.11163705587387085,0.45878103375434875,0.0,621.6400146484375,12,1.0,0.0
1398,"scandal: mccain won miss congeniality of u.s. senate in 2000, 2003",Satirical article claims John McCain won the Senate in 2000 and 2003,satire,0,0.7479835152626038,0.8584297299385071,-0.11044621467590332,0.6976491212844849,0.022416933501922302,95.08279418945312,10,0.8333333333333334,0.015639153959508826
1399,"Wilmer Flores' Friday night was so Hollywood, they're already planning the sequel nobody asked for.",Wilmer Flores Prepares for a Limited Screen Time at the Academy Awards,overstatement,0,0.7654109001159668,0.8958396315574646,-0.1304287314414978,0.47569090127944946,0.015775377779808884,137.6956024169922,13,0.8666666666666667,0.007504203674101088
1400,area grandmother comes forward as 'banksy',Family Claims a Grandmother Came Forward As ' Banksy',satire,1,0.6771922707557678,0.5997110605239868,0.077481210231781,0.8821744918823242,0.0,1060.4794921875,9,1.0,0.0
1401,netflix gently reminds 'arrested development' fans that new episodes of the show won't actually solve world's problems,Netflix Addresses Concerns Over Highly Promised Development in New Episodes,irony,0,0.9654802680015564,0.6181761026382446,0.34730416536331177,0.661370038986206,0.0,252.14865112304688,17,1.0,0.0
1402,Paying extra for airline seats: because comfort is overrated anyway.,Airlines Pay extra for Premium Seats,understatement,0,0.8753747940063477,0.8414038419723511,0.03397095203399658,0.7126535177230835,0.04432535465175531,176.7288818359375,9,0.9,0.03158861991689666
1403,"Murdoch, racial expert, declares Carson the 'authentic black president' we've all been waiting for.",Murdoch Claims Carson Is An Authentic Black President,sarcasm,0,0.8879575729370117,0.7837229371070862,0.10423463582992554,0.8416344523429871,0.013120543279239774,285.47576904296875,13,0.9285714285714286,0.011042701257265426
1404,genealogists find 99% of people not related to anyone cool,Researchers Study How Empathy and Awareness Influence Personal and Professional Life,overstatement,0,0.9688925743103027,0.5970320105552673,0.3718605637550354,0.2526824474334717,0.0,122.8505859375,11,1.0,0.0
1405,"Sales of '1984' spike after Conway's interview? What a coincidence, or is it doublespeak?",Sales of 1984 Shifting Following Conway's Interview,irony,0,0.8865432739257812,0.8338488936424255,0.05269438028335571,0.7660840749740601,0.028439110602897978,1511.69775390625,11,0.7857142857142857,0.021786749739306083
1406,cool glitch effect on movie studio logo must mean shit about to go down,A Warner Bros. Logo Appears on a Movie Franchise Logo,sarcasm,0,0.9750459790229797,0.8388221859931946,0.13622379302978516,0.5325416922569275,0.01414733290395472,282.7049865722656,14,1.0,0.007534044605594159
1407,A mystery painter turns anti-Muslim graffiti into love—because one spray can fixes systemic racism.,Aspiring Anti-Muslim Painting Remains a Movement Amid Rising Racial Violence in the US,irony,0,0.8929661512374878,0.7853696942329407,0.10759645700454712,0.6959505677223206,0.0,167.1396484375,14,1.0,0.0
1408,Florida woman turns wedding into a disaster movie—climax not included.,Florida Woman Turns Her Wedding Into a Disaster,overstatement,0,0.6265481114387512,0.5589068531990051,0.0676412582397461,0.803491473197937,0.025725069574826766,324.2188720703125,9,0.9,0.020669874050796986
1409,"Hillary Clinton offers a 'basic bargain' for the economy, because nothing fixes complex problems like simple slogans.",Hillary Clinton Offers a Bipartisan Economic Deal Despite Major Policy Challenges,sarcasm,0,0.9396729469299316,0.899252712726593,0.04042023420333862,0.6634136438369751,0.025568845507127864,174.2307891845703,14,0.8235294117647058,0.016962720966588365
1410,exterminator kind of surprised apartment doesn't have roaches,Florida Exterminator checks for a fresh drop of water,irony,0,0.6808117628097534,0.8399741649627686,-0.15916240215301514,0.4109816551208496,0.023980296761827107,203.5565185546875,9,1.0,0.009855462053464855
1411,trump delivers anecdote about small business owner who isn't half the man he is,Trump Shares Anecdote About a Small Business Owner,sarcasm,0,0.955427348613739,0.6075600981712341,0.3478672504425049,0.890006422996521,0.0,191.9453582763672,14,1.0,0.0
1412,"Ego-centric art world killing art: Finally, some real art.",Global Solidarity Held Worldwide Following Paris Terror Attack,sarcasm,0,0.9372127652168274,0.7947841882705688,0.14242857694625854,0.18270127475261688,0.0,299.2627868652344,9,1.0,0.0
1413,I'm finally ok with letting myself be 'uncomfortable' – my new favorite state of being.,Women Tend To Accept Stress and Relax,understatement,0,0.9333866238594055,0.9332353472709656,0.0001512765884399414,0.27082496881484985,0.0,1228.8387451171875,15,1.0,0.0
1414,Snoop Dogg gives turkeys instead of... other things. How sweet.,Noop Dogg Provides a Turkey,irony,1,0.8831684589385986,0.8066803812980652,0.07648807764053345,0.6283823251724243,0.01976560930094397,1348.5377197265625,9,0.9,0.012420359530976869
1415,Chadwick Boseman delivering commencement? Because actors are experts on graduation.,wick Boseman Delivers a Commencement Address at Oxford University in Oxford,understatement,0,0.9565993547439575,0.8226866126060486,0.13391274213790894,0.517351508140564,0.018850319022747353,61.2353515625,10,0.9090909090909091,0.009752240975349106
1416,fda deems genetically modified salmon too handsome to eat,Researchers Propose Genetically Modified Salmon as a Safe Alternative for Human Consumption,satire,0,0.8778800964355469,0.9218008518218994,-0.04392075538635254,0.7679208517074585,0.0,63.863914489746094,12,1.0,0.0
1417,god admits he never created gerbils,God Denies Creation Of Gerbils,satire,1,0.6438027024269104,0.6744125485420227,-0.030609846115112305,0.9049075841903687,0.0,2082.97998046875,6,1.0,0.0
1418,Transit strike? Just tweet—Twitter solves everything.,Twitter Uses a Transit Strike to Resolve Tweets,sarcasm,0,0.91951584815979,0.9498222470283508,-0.03030639886856079,0.878119945526123,0.02777619034011792,367.7603759765625,8,1.0,0.02439082674838757
1419,Campus safety activism: how I traded studying for sit-ins.,Campus Safety Activists Criticized for Profiling Students in Solidarity,satire,0,0.9056949019432068,0.9007603526115417,0.004934549331665039,0.5841012001037598,0.028517539529041507,86.58670806884766,8,0.8888888888888888,0.01665712906291955
1420,9 amazing spring cleaning tips for dog owners. Because your house isn't already a mess.,Florida Dog Owners Follow a Spring Cleaning Tips,sarcasm,0,0.6186686158180237,0.5630916953086853,0.05557692050933838,0.717432975769043,0.01157883880415623,679.7500610351562,15,1.0,0.00830704077921587
1421,"De Blasio names new schools chancellor, then candidate backs out on live TV – seamless transition.",Bill de Blasio Appoints a School Chancellor,irony,0,0.9729509353637695,0.8581005334854126,0.11485040187835693,0.7194673418998718,0.009131698392329843,128.8876495361328,16,1.0,0.006569958769360885
1422,Oklahoma governor compares striking teachers to a car-obsessed teen. Because fair wages are so teenage.,Oklahoma Governor Signs Legislation Limiting Strike for Teachers in State Schools,sarcasm,0,0.9475796222686768,0.8704221248626709,0.07715749740600586,0.6520470976829529,0.01310368481704471,396.4504699707031,14,0.9333333333333333,0.00854421965390618
1423,Why is the self-defense narrative so powerful for gun owners? Could it be the lobbying?,Gun Owners Speculate on the Legacy of the Advocacy,rhetorical_question,0,0.7659302949905396,0.5947750210762024,0.17115527391433716,0.7069046497344971,0.014641392986898552,95.98796844482422,14,0.9333333333333333,0.010350068781028643
1424,"Finally, a museum for HBCUs—took us long enough.",Houston Museum of Fine Arts Opens,satire,0,0.9232102036476135,0.6980790495872498,0.22513115406036377,0.3101302981376648,0.0,63.42789840698242,8,1.0,0.0
1425,"Half of abortion clinics in Ohio closed—progress, they call it.",Half of Ohio Abortion Clinics Remain Open,irony,0,0.9158893823623657,0.9201856851577759,-0.004296302795410156,0.8892982602119446,0.05035983350735684,277.12359619140625,7,0.7,0.04478491232265563
1426,puppy love leads to human baby,An adoption of a Puppy,irony,1,0.6332067847251892,0.7913295030593872,-0.158122718334198,0.6595205068588257,0.0,204.71710205078125,6,1.0,0.0
1427,"The police chief is sick of inaction on gun control? Join the club, chief.",Police Chief Says He Is Tired Of Inaction on Gun Control,sarcasm,0,0.8582251667976379,0.7362150549888611,0.12201011180877686,0.811505913734436,0.014350755161376995,93.97764587402344,14,1.0,0.011645722680012412
1428,"How the middle class shaped folk art: by buying cheap decor, I guess.",Wealthy Americans Benefit From cheap Decorations in Folk Art,understatement,0,0.9211318492889404,0.930932343006134,-0.009800493717193604,0.6861201524734497,0.015375695992413887,300.5254821777344,13,1.0,0.010549574878700426
1429,6 things you need to know about the nation's strictest medical weed law: Like how to get arrested for having a prescription.,Concerns Grow Over Police Anti-Drug Legalization in the US,sarcasm,0,0.6541813015937805,0.8212360739707947,-0.16705477237701416,0.4369223117828369,0.005656402449311204,78.06706237792969,21,0.9545454545454546,0.002471408434527152
1430,"Barksdale, inspiration for 'The Wire,' dies in prison? Just another day in the life of a fictional character's real counterpart.","Jon Hagman, Lead Singer of 'The Wire,' Dies in Prison",understatement,1,0.8260698318481445,0.7830851674079895,0.04298466444015503,0.504889726638794,0.01952598187392994,100.05118560791016,19,0.95,0.009858467650682533
1431,new study finds human beings were never meant to wake up from sleep,Researchers Claim Early Humans Were Meant To Remain Asleep,overstatement,0,0.6981534361839294,0.7544552087783813,-0.056301772594451904,0.8034484386444092,0.0,300.78411865234375,13,1.0,0.0
1432,sotomayor to add ballistics expertise to already deadly supreme court,Justice Stephenotomayor to Appear at the Supreme Court in New Orleans,sarcasm,1,0.7405911684036255,0.6725630164146423,0.06802815198898315,0.5543868541717529,0.018850319022747353,51.669090270996094,10,0.9090909090909091,0.010450369063154857
1433,First month with baby: you've already mastered it all.,First Months of a Baby Simulate Well,understatement,0,0.798402726650238,0.6574510335922241,0.14095169305801392,0.7138634324073792,0.024822529802838878,1039.8831787109375,8,0.8888888888888888,0.017719896326089026
1434,Just add 'ultra-rare' to the grant application; they'll notice.,People Often Add the 'ultra-Rite' Option to the Grant Applications,sarcasm,1,0.5344095230102539,0.6787095069885254,-0.14429998397827148,0.7220543622970581,0.0446323613785333,247.9866180419922,10,1.0,0.03222699123298871
1435,Gay ex-NFL player wins on The Voice – because singing is just like football.,Former NFL Star James Holzhauer Wins the Voice,overstatement,0,0.9753592014312744,0.6145740151405334,0.36078518629074097,0.5397913455963135,0.013120543279239774,3092.401123046875,14,1.0,0.007082355711655505
1436,"'i promise to work tirelessly to achieve my campaign's goals,' threatens trump in terrifying address",Trump Vows to Work Tirelessly to Meet Campaign Promises in Inaugural Address,irony,0,0.8825079798698425,0.9426063299179077,-0.060098350048065186,0.7065240144729614,0.0174583253653567,95.02351379394531,12,0.8,0.012334726123106947
1437,ammonia-factory leak exposes texas town to mexican working conditions,Massive Ammonia Garment Leak Leaks in Texas Town,sarcasm,1,0.8798221349716187,0.6368939280509949,0.24292820692062378,0.7798682451248169,0.0,241.58128356933594,9,1.0,0.0
1438,"Climate Change Haunts Pumpkins, Because Nothing Says Global Warming Like Squash",UN Climate Change Warns of Global Warming,irony,0,0.861091136932373,0.8259318470954895,0.035159289836883545,0.5244518518447876,0.05578717886362677,36.063331604003906,8,0.7272727272727273,0.02925768926422545
1439,condoleezza rice drives halfway to airport before realizing she forgot interpreter,Condoleezza Rice Returns Home Before Overseas Diplomatic Meetings,irony,0,0.6604577302932739,0.900762677192688,-0.24030494689941406,0.5852324962615967,0.0,132.63246154785156,11,1.0,0.0
1440,'Kimmy Schmidt' Star Tituss Burgess Follows Up 'Peeno Noir' with Ode to Multicultural Penis: The Highbrow Cultural Commentary We Deserve,Film Critic Tituss Burgess Releases a Commentary on the Netflix Summer Olympics,satire,0,0.7110963463783264,0.7973240613937378,-0.08622771501541138,0.42179179191589355,0.020466639922304013,456.95074462890625,18,0.9,0.008632660727325974
1441,"Biden slams Trump: 'he would have loved Stalin,' because comparisons are helpful",Biden Defends Trump's Controversial Remarks on Russia Investigation,sarcasm,0,0.945522665977478,0.8509414196014404,0.0945812463760376,0.6195755004882812,0.016847111051295396,74.27901458740234,11,0.9166666666666666,0.010438057261387999
1442,stephen miller furious at propublica for only releasing 7-minute recording of immigrant children sobbing,Stephen Miller Criticizes ICE Detention of Immigrant Children in California,sarcasm,0,0.9250315427780151,0.7973316311836243,0.12769991159439087,0.5960732698440552,0.01414733290395472,88.33971405029297,14,1.0,0.008432846983632683
1443,jews' covenant up for renewal with god,Vatican Hosts a Reafirming Service for the Jesus,irony,0,0.8042768239974976,0.7950835227966309,0.0091933012008667,0.3739470839500427,0.02777619034011792,809.210205078125,8,1.0,0.010386825380928442
1444,Brazil's impeachment is hypocritical? I'm appalled.,Julian Castro Addresses Brazil's Impeachment in Supreme Court,sarcasm,0,0.7046170234680176,0.8054520487785339,-0.10083502531051636,0.6463001370429993,0.02777619034011792,67.81491088867188,8,1.0,0.017951755623350645
1445,Trump unveils tax plan to lower taxes for millions: if you define 'millions' as 'billionaires'.,Trump Proposes a Tax Plan for the Wealthy,sarcasm,0,0.5697705149650574,0.9252194762229919,-0.35544896125793457,0.7029175758361816,0.013769637489372186,35.85972595214844,13,0.8666666666666667,0.009678920204172504
1446,Exploring the complex psyche of mass murderers. What could possibly be wrong with them?,Researchers Conduct a Brainstorming Meme Exploring the Complex psyche of Mass Murders,sarcasm,0,0.9082214832305908,0.8362953662872314,0.07192611694335938,0.5891366600990295,0.043120716936694795,177.05935668945312,14,1.0,0.025403995157160027
1447,woman launches into 4-minute self-deprecating preamble before speaking mind,Women often mentally rehearse remarks during conversations,understatement,0,0.8338006138801575,0.8737643957138062,-0.03996378183364868,0.4542348384857178,0.0,806.5559692382812,9,1.0,0.0
1448,"pfizer researchers discover new stimulating, medicating, captivating cure for what ails you",Pfizer Researchers claim a cure for a cancer,overstatement,0,0.8170897960662842,0.9764599204063416,-0.15937012434005737,0.7178272604942322,0.0356273021952634,262.10736083984375,10,0.8333333333333334,0.025574248733626074
1449,nissin introduces extra-large drum noodles,Nissin Releases a Limited-Time drum,satire,1,0.8926578164100647,0.8271703720092773,0.06548744440078735,0.652357816696167,0.05372849659117709,767.8458862304688,5,1.0,0.03505020473058774
1450,all-beef patty 70 percent beef,All-Beef Burger Patties Displayed at a Convenience Store,understatement,0,0.8721714019775391,0.5939491987228394,0.2782222032546997,0.5610530376434326,0.0,44.02880859375,8,1.0,0.0
1451,"Luther Strange, unfazed by heat, suddenly champions filibuster reform.",Senator Luther Strange Votes to Block Supreme Court Nomination,irony,0,0.8986716866493225,0.6027060151100159,0.29596567153930664,0.5563368201255798,0.023980296761827107,68.50562286376953,9,1.0,0.013341122046142632
1452,"Erdogan's tyranny: so oppressive, it inspires dystopian novels.",Erdogan's Law Fades Amid Rising Death Toll in Modern Literature,overstatement,0,0.8963518142700195,0.6882250308990479,0.20812678337097168,0.5788676738739014,0.021105340631872645,354.10589599609375,9,0.9,0.012217199437888453
1453,'P is for p*ssy' is the alphabet book of your wet dreams – if your dreams are that basic,The Academy Award for Best Original and Adaptable Writing,sarcasm,1,0.7877364754676819,0.5620200634002686,0.22571641206741333,0.1272369921207428,0.007894145539546107,149.91842651367188,19,1.0,0.001004427333815225
1454,"Forum targets homelessness—because speeches end poverty, obviously.",Forum Launches a Campaign to Address Poverty in New York City,satire,0,0.9448310732841492,0.8973388671875,0.04749220609664917,0.6964024305343628,0.018850319022747353,61.23964309692383,10,0.9090909090909091,0.013127407983789391
1455,republicans praise nixon administration for allowing qaddafi to rule libya so he could one day be overthrown,GOP Officials Claim Credit for Qaddafi's 2011 Ouster,satire,0,0.9268004298210144,0.8909614682197571,0.035838961601257324,0.4360698461532593,0.009017608727734442,261.261474609375,16,0.9411764705882353,0.003932307250573446
1456,national dialogue dusted off,Global Dialogue Fades,understatement,0,0.8699971437454224,0.7960377335548401,0.07395941019058228,0.5519863963127136,0.0,11024.2197265625,4,1.0,0.0
1457,report: north dakota leads nation in parking availability,North Dakota Leads the U.S. in Parking Availability,irony,0,0.8214978575706482,0.6818322539329529,0.1396656036376953,0.9178972244262695,0.02777619034011792,48.26933670043945,7,0.875,0.025495688018329996
1458,Mashed potato recipes you want and need: for when life's too short for other foods.,Researchers Develop a Bucket List of Mashed Potato recipes,overstatement,1,0.8782204389572144,0.7350959181785583,0.143124520778656,0.8087058663368225,0.014641392986898552,332.1679382324219,15,1.0,0.01184058039984767
1459,"natalee holloway, osama bin laden celebrate 5-year wedding anniversary",Natalee Holloway and Osama Bin Laden Celebrate the 5-Year Wedding Anniversary in London,irony,0,0.5068615674972534,0.7980253100395203,-0.29116374254226685,0.9499600529670715,0.0,76.40044403076172,13,1.0,0.0
1460,"The other Rev. King from Mississippi has some thoughts, probably just as inspiring as the first.",Rev. King James Durring speaks at Mississippi Cathedral,satire,1,0.9119036197662354,0.6999278664588928,0.21197575330734253,0.542921781539917,0.023914346158980814,2524.958984375,14,0.875,0.012983619420996134
1461,area man would have done things differently if he were killer in movie,Indiana University Students Suggest Tim Burton in Horror Films,sarcasm,0,0.8078661561012268,0.6892327666282654,0.11863338947296143,0.4248172640800476,0.015375695992413887,1840.479248046875,13,1.0,0.00653186110482382
1462,man receives first baboon-face transplant,Man Wearing a Baboon Face,overstatement,0,0.8164917230606079,0.5017098188400269,0.31478190422058105,0.7203348875045776,0.0,320.82366943359375,5,1.0,0.0
1463,Will Greater Israel transform into Greater Palestine? Let's consult the crystal ball of geopolitical tensions.,Israel and Palestine Clash Over Regional Peace in Greater Palestine,rhetorical_question,0,0.8572715520858765,0.8755582571029663,-0.018286705017089844,0.6979107856750488,0.015223083300988084,329.60797119140625,14,0.9333333333333333,0.01062435402698931
1464,news of uncle's death deleted by spam filter,Email Announcing the Death of a Spam Filmer,irony,0,0.6442461609840393,0.8520420789718628,-0.2077959179878235,0.6106881499290466,0.02777619034011792,126.23524475097656,8,1.0,0.016962590290883667
1465,Wyclef still down for Fugees reunion—we'll see when it happens.,Wyclef Implements a Reunion in New Orleans,irony,1,0.9564282298088074,0.7199454307556152,0.23648279905319214,0.59281325340271,0.02151810250197126,363.5526428222656,9,0.9,0.012756216351246576
1466,Obama on reparations: he'll get right on that after fixing everything else.,President Obama Addresses Historical Legacy and Administration Administration,sarcasm,0,0.8917357325553894,0.7593464851379395,0.13238924741744995,0.3751366138458252,0.016847111051295396,1402.1336669921875,12,1.0,0.006319968192867535
1467,"Sylvester Stallone spent $400k on a statue of himself—modest, really.",Sylvester Stallone Spends $400k on a Statue of Himself,understatement,0,0.7497376799583435,0.6755096912384033,0.07422798871994019,0.9416980743408203,0.13977121394614234,131.8470916748047,4,0.4,0.13162228302136106
1468,"Pollsters polled on bizarre polls, what could go wrong?",Pollsters Issue Concerns Over Extreme Polling Practices in the American Elections,rhetorical_question,0,0.8725598454475403,0.835357129573822,0.03720271587371826,0.7072150707244873,0.018850319022747353,145.13162231445312,10,0.9090909090909091,0.013331229700851419
1469,It takes 20 celebrities to explain why 62 million girls are dumb – clearly insufficient.,Celebrities Response to the Sexual Abuse Crisis in Hollywood,overstatement,0,0.8576725721359253,0.9377285242080688,-0.08005595207214355,0.4207448363304138,0.01231189487700387,46.524925231933594,14,0.9333333333333333,0.005180166194942253
1470,"What to buy your 'basic' friend this holiday season, according to Pinterest's deep wisdom.",P Pinterest predictions heavily favor the 'Basic' characters,overstatement,1,0.8476521968841553,0.5691252946853638,0.2785269021987915,0.35781580209732056,0.0,3270.521728515625,14,1.0,0.0
1471,Mitch McConnell marvels at the judicial crisis he single-handedly engineered. What a visionary!,Senate Majority Leader Mitch McConnell Discusses the Judicial Crisis at Hearing,sarcasm,0,0.9615980982780457,0.6116670966148376,0.349931001663208,0.6292704343795776,0.039524926351130286,111.13220977783203,13,1.0,0.024871867573796568
1472,Romney goes after Obama with PowerPoint? The pinnacle of political critique.,Romney Defends President Obama in a Speech at the Republican National Convention in Cleveland,sarcasm,0,0.958672285079956,0.8774763345718384,0.08119595050811768,0.570895254611969,0.0169861974906263,16.57084083557129,12,0.8571428571428571,0.009697339541300292
1473,nasa says presence of diving board on mars confirms planet may have once contained water,NASA Finds Evidence Suggesting Mars Once Contained Water,satire,0,0.7714377045631409,0.5796720385551453,0.1917656660079956,0.7738538980484009,0.0,154.7244873046875,15,1.0,0.0
1474,jimmy fallon six tantalizing months from disappearing forever,Jimmy Fallon Set to Leave Late Night in a Six Months,satire,1,0.8175957798957825,0.6782705187797546,0.13932526111602783,0.7780730724334717,0.0,232.3355255126953,11,1.0,0.0
1475,twitch streamer sets new record for longest stream lying dead on camera,Streamer Performs Live on a Digital Camera,overstatement,0,0.8368441462516785,0.5423000454902649,0.2945441007614136,0.6444501876831055,0.016170365420297903,1342.9241943359375,12,1.0,0.010420995030015383
1476,Ramadan Day 7: Prayers for Burma's camps—because thoughts and prayers always fix genocide,Ramadan Day 7: Prayers for Refugees in Burma's camps,irony,1,0.9064696431159973,0.7601665258407593,0.14630311727523804,0.8739079236984253,0.2995197100101508,313.4850769042969,8,0.6153846153846154,0.26175264788172536
1477,"Nonsense that makes perfect sense: a story of friendship, cookies, and cake","A Nonsense Book About friendship, cookies, and a Cake",satire,1,0.884186327457428,0.6115105152130127,0.2726758122444153,0.8876819610595703,0.09662504873924324,486.6159362792969,10,0.8333333333333334,0.08577231275232801
1478,self-conscious puppet has no idea what to do with hands, puppet stands in a kitchen,irony,0,0.6627107262611389,0.7577600479125977,-0.09504932165145874,0.5453546643257141,0.01976560930094397,297.6908264160156,9,0.9,0.010779267225509512
1479,Can you name all the colors in nature? (Spoiler: it's not just green and brown.),Advertisement: Can you Identify the Brightest Things in Nature,rhetorical_question,1,0.9563793540000916,0.9163374304771423,0.04004192352294922,0.38820135593414307,0.03096277640217347,104.3515625,13,0.8666666666666667,0.012019791782809429
1480,This man's tweets cryptically pay homage to a Smash Mouth classic. Because nothing says deep thought like 'All Star' lyrics.,People Often Reference Smash Mouth Music To Heavy Episodes,overstatement,0,0.6862956285476685,0.769903302192688,-0.08360767364501953,0.5112051963806152,0.014938523872046156,2307.946533203125,18,0.9,0.007636651029645864
1481,esports star suspected of using peds,Former Seports Star James Augustiniak Arrested in Federal Fraud Trial,irony,0,0.792095959186554,0.5544713139533997,0.2376246452331543,0.07141105830669403,0.0,1013.04345703125,10,1.0,0.0
1482,Chris Christie abandons Trump's campaign – loyalty at its finest.,Chris Christie Suspends Donald Trump's Presidential Campaign in New Hampshire,sarcasm,0,0.9088555574417114,0.7174177169799805,0.19143784046173096,0.5464094281196594,0.04939382737115371,44.59221267700195,8,0.8,0.02698925296651328
1483,investigation exposes ebay user for selling fake pulitzer medals,Ebay User Faces Scrutiny Over Controversial Pulitzer Prize Payments,satire,0,0.8968251347541809,0.7456903457641602,0.15113478899002075,0.7572944164276123,0.0,1030.6185302734375,9,1.0,0.0
1484,"study finds placing one foot forward, then the other, remains best method of walking",Researchers Propose Alternating motions in the Walking,satire,0,0.7718695402145386,0.7731580138206482,-0.0012884736061096191,0.7018141746520996,0.012151662434083676,1293.60888671875,13,0.9285714285714286,0.008528208941827358
1485,Turning tragedy into profit: the Hollywood way.,A tragedy happens in Hollywood,satire,0,0.9529715180397034,0.7700896263122559,0.1828818917274475,0.8210983276367188,0.04282963710525157,736.7279052734375,5,0.7142857142857143,0.03516734340040962
1486,"report: kanye west, bill gates, tom hanks all currently reading, enjoying this article",Satirical Article Claims Celebrities Are Currently Reading It,satire,0,0.6761673092842102,0.8431460857391357,-0.16697877645492554,0.43150293827056885,0.0,517.3244018554688,13,1.0,0.0
1487,Bolt casually adds another gold.,Gregory Banner features a gold filling,understatement,1,0.5380985736846924,0.5382163524627686,-0.00011777877807617188,0.39025840163230896,0.0,3300.107421875,6,1.0,0.0
1488,How do you know when a beauty product is 'the one'? When the marketing budget is high enough.,Beauty Product Revenue Rises,irony,0,0.8033266663551331,0.9378747940063477,-0.1345481276512146,0.57841956615448,0.0,1562.3609619140625,18,1.0,0.0
1489,A heartwarming tale of how minor fines lead to desperation. Our justice system works!,Pennsylvania Justice System Faces Scrutiny Over Inadequate Fines,irony,0,0.9293272495269775,0.7407501339912415,0.18857711553573608,0.5454716682434082,0.0,81.93499755859375,14,1.0,0.0
1490,biden unleashes torrent of vomit on debate stage,Biden Vomits During Vice Presidential Debate in Denver,overstatement,0,0.6641455292701721,0.8204225301742554,-0.15627700090408325,0.7896198034286499,0.0,204.01478576660156,8,1.0,0.0
1491,third-grade slumber party a snakepit of machiavellian alliances,Girls Have a Snakepit at a slumber party in a Georgia,overstatement,0,0.852236807346344,0.7583203315734863,0.09391647577285767,0.5090607404708862,0.04411629359322707,467.46124267578125,10,0.9090909090909091,0.022457873083399187
1492,liberal feels like idiot for placing entirety of hopes on mueller probe instead of new york prosecutors' investigation,Democrats Shift Focus to New York Prosecutors' Investigation Following Mueller Report,sarcasm,0,0.7280981540679932,0.8469659090042114,-0.11886775493621826,0.6274957656860352,0.0,337.70867919921875,18,1.0,0.0
1493,horrible pack of theme-restaurant waitresses alerted of patron's birthday,Customers at a theme-themed restaurant announce the birthday of a patron,sarcasm,0,0.9582248330116272,0.94403475522995,0.014190077781677246,0.8010773062705994,0.022416933501922302,127.9078140258789,10,0.9090909090909091,0.01795769670456707
1494,"weird kid opts to sit perfectly still, let universe decide his fate after teacher instructs class to pair up",Middle School Students Often Alternate Between Social Isolation and Performing,sarcasm,0,0.6787298321723938,0.8292209506034851,-0.1504911184310913,0.29592254757881165,0.0,241.2982940673828,19,1.0,0.0
1495,"Disaster movies are tame compared to what happened 3.3 billion years ago – which was literally the end of the world, probably",Disney Releases a New Fast-Fire Thriller 'The Mummy',overstatement,1,0.7477520108222961,0.6617646217346191,0.085987389087677,0.33902519941329956,0.0,72.67021179199219,22,1.0,0.0
1496,justin timberlake already beneath u.s. bank stadium waiting for super bowl halftime show to start,Justin Timberlake Performs at the Super Bowl Halftime Show in Denver,satire,0,0.6981333494186401,0.723329484462738,-0.0251961350440979,0.7722375988960266,0.0,30.945802688598633,15,1.0,0.0
1497,White House threatens Iran but then reassures the nuke deal is okay—clear and consistent policy.,Trump Administration Threatens to Reassure Iran of Nuclear Deal Following Iran Nuclear Deal Violations,sarcasm,0,0.972091794013977,0.8191477060317993,0.15294408798217773,0.6872371435165405,0.013298958652957459,43.61532211303711,15,1.0,0.009139538356403064
1498,ozzy wins tickets to ozzfest,Ozzy wins tickets for the Ozzfest in Chicago,irony,1,0.6350446939468384,0.5665988326072693,0.06844586133956909,0.9558310508728027,0.05873949094699214,147.567626953125,6,0.75,0.05614502935959698
1499,fda recalls food,Satirical Image Shows a Food Labeled 'FDA',understatement,0,0.72500079870224,0.8088857531547546,-0.08388495445251465,0.5641012191772461,0.0,196.09986877441406,7,1.0,0.0
1500,"China's video explains rejection: 'We reject because we can, and you can't stop us.'",China's Video Rejection Tactics Faces Scrutiny Amid Ongoing Criticism,irony,0,0.7037931084632874,0.7037218809127808,7.12275505065918e-05,0.6922523975372314,0.013758777297397084,182.76260375976562,13,0.9285714285714286,0.00952454657130396
1501,Franco opens up about the 'uncomfortable' scene that was totally fine.,Franco Discusses His Performance at the Academy Awards,sarcasm,0,0.9012181758880615,0.6259822845458984,0.2752358913421631,0.5855984091758728,0.022702294218557836,116.00812530517578,10,0.9090909090909091,0.013294427379030083
1502,doctors discover purpose of appendix is to contain human soul,Researchers Investigate the History and Evolutionary History of the Appendix,satire,0,0.8397676944732666,0.5445080995559692,0.29525959491729736,0.5955568552017212,0.021105340631872645,107.19092559814453,10,1.0,0.01256943029467918
1503,man just wants one trip to laundromat where he doesn't meet perfect woman,Many Americans Seek a Laundromat Due to Financial Hardship,sarcasm,0,0.8517982363700867,0.7727603912353516,0.07903784513473511,0.4909966289997101,0.015375695992413887,103.7096176147461,13,1.0,0.00754941490079957
1504,Dems applaud GOP chair's heroic effort to shield Russia probe from public scrutiny.,Republicans Defend Rep. Devin Nunes Amid Scrutiny Over Russia Investigation,sarcasm,0,0.9593701362609863,0.6726589202880859,0.2867112159729004,0.47491273283958435,0.015635220893785457,27.002119064331055,12,0.9230769230769231,0.00742536548321822
1505,enterprising child saves $54 to buy barrel of oil,Crude Oil Prices Drop,irony,0,0.8712053298950195,0.6697283387184143,0.20147699117660522,0.4140867292881012,0.0,386.1619567871094,9,1.0,0.0
1506,woman bids farewell to former self before beginning new skin care regimen,A New Anti-Aging Skin Care Determine,satire,1,0.7606886029243469,0.5239925384521484,0.2366960644721985,0.4879860281944275,0.0,114.56805419921875,12,1.0,0.0
1507,guy at bank has weird hair for guy who works at bank,Modesto Recliner at a Bank,irony,1,0.8470836281776428,0.7677668333053589,0.07931679487228394,0.3232960104942322,0.013249284136531224,317.11181640625,12,1.0,0.004283440703245062
1508,Religious freedom clauses block marriage equality: protecting bigotry since day one.,Religious Freedom Agreements Block Same-Sex Marriage in Arkansas,sarcasm,0,0.9543371200561523,0.8511232733726501,0.1032138466835022,0.7239799499511719,0.019090277826420414,76.13866424560547,10,0.9090909090909091,0.013820978385325818
1509,authoritarian secretary of transportation declares she has ultimate right of way in every traffic scenario,Transportation Secretary Elaine Chao States She Has Right of Way in All Traffic Scenarios,satire,0,0.9451135993003845,0.7765514850616455,0.168562114238739,0.776071310043335,0.015815216252224023,161.9987030029297,13,0.8666666666666667,0.01227373559548214
1510,"scientists discover 6,000-year-old stain","Archaeologists Discover a 6,000-Year-Old Sumerian Textile",irony,1,0.5095491409301758,0.623171329498291,-0.11362218856811523,0.4886229932308197,0.0,20.57678985595703,6,1.0,0.0
1511,frustration with husband taken out on soap scum,An argument breaks out over a hand holding a soap scum,irony,0,0.5384626388549805,0.6451104283332825,-0.106647789478302,0.551823616027832,0.04411629359322707,140.59042358398438,9,0.8181818181818182,0.024344412656360042
1512,encouraging report shows 45% of onion social users survive beta testing,Onion Social Beta Testing Faces Criticism Over Privacy Concerns,satire,0,0.9287626147270203,0.5022528171539307,0.4265097975730896,0.8192346692085266,0.0,630.7935180664062,11,1.0,0.0
1513,woman mad boyfriend not jealous she danced with other guy,Woman Upset After She Dances With a Jealousy,irony,0,0.7942401766777039,0.6708011627197266,0.1234390139579773,0.6818797588348389,0.0,51.05957794189453,10,1.0,0.0
1514,angela merkel admits she only attending stupid work conference for free trip to argentina,angela Merkel Addresses the Media at a Work Conference in Idaho,satire,0,0.8733915686607361,0.9301485419273376,-0.05675697326660156,0.634655237197876,0.014350755161376995,217.247802734375,13,0.9285714285714286,0.009107781920912359
1515,oscar meyer introduces new wiener mobility scooter,Oscar Mayer Shares a Wiener Mobility scooter,satire,0,0.7121904492378235,0.7119718790054321,0.00021857023239135742,0.8689135313034058,0.033031643180138064,3975.15087890625,6,0.8571428571428571,0.028701641720407824
1516,ladykiller gets life sentence,A Georgia Shy Man Convicted of Murdering a Woman,irony,0,0.8300153017044067,0.5651363134384155,0.2648789882659912,0.30539119243621826,0.0,206.65237426757812,9,1.0,0.0
1517,Armed citizens guard military bases—because the military is clearly understaffed and needs vigilantes.,The Military Continues to Require Vigilantists Amid Shortages,irony,0,0.9094341397285461,0.8934127688407898,0.016021370887756348,0.5671157240867615,0.0,294.581298828125,13,1.0,0.0
1518,"Airplane's terrifying landing may put you off flying for good—that landing was so smooth, you'd think it was a pillow.",A flying partially obscured by a pillow,understatement,1,0.6284603476524353,0.608468234539032,0.01999211311340332,0.6365644931793213,0.006132545547006367,1125.798095703125,18,0.9,0.0039037607480292115
1519,Slushing in Utah: The exciting end-of-season activity that's basically dirty slush.,Spring Slush in Utah,understatement,1,0.9609639644622803,0.7309632897377014,0.23000067472457886,0.7699143886566162,0.013961492464016846,916.7135620117188,11,1.0,0.010749153935167484
1520,West Virginia teachers' strike threatens to collapse the entire state economy.,West Virginia Teacher's Strike Threatens to Collapse,overstatement,0,0.906848132610321,0.5854079723358154,0.3214401602745056,0.8854273557662964,0.04365582670262632,177.4580535888672,8,0.7272727272727273,0.0386540632010981
1521,dad clarifies this not a food stop,Parents Often Reassure Children From Food Troops,understatement,0,0.7479279041290283,0.9135410189628601,-0.1656131148338318,0.43057066202163696,0.0,241.53555297851562,7,1.0,0.0
1522,"The Defiant Ones: Dr. Dre and Jimmy Iovine's journey to make music and, oh yeah, pile up cash – how noble.",The Defiant Ones: Jimmy Iovine's Career in Music,satire,1,0.9273782968521118,0.7688474655151367,0.1585308313369751,0.6638559699058533,0.03403822942837651,107.50716400146484,16,0.7619047619047619,0.022596481811052848
1523,hands-off mom lets kids create own psychological issues,A Hands-Off Mothers Often Foster Child Independence,sarcasm,0,0.9467115998268127,0.8399223685264587,0.106789231300354,0.5758531093597412,0.0,1901.1727294921875,8,1.0,0.0
1524,grimacing congressman quickly drafts legislation for charley-horse research,Congressman Introduces Legislation to Fund a Muscle Cramp Research,satire,0,0.9456612467765808,0.8553171157836914,0.0903441309928894,0.6257882118225098,0.0,299.6634826660156,9,1.0,0.0
1525,"Heartbreaking illustrations of last words, a cheerful topic for all.",Digital Illustration Depicts a Generational Crisis,sarcasm,0,0.6234467625617981,0.8935773968696594,-0.27013063430786133,0.4194181561470032,0.020960166113993737,291.6428527832031,9,0.9,0.00879107422406615
1526,4 angels banished from heaven for attempting to unionize,Four Angels Expelled From Heaven Following Unionization Attempt,satire,0,0.8921465873718262,0.7027611136436462,0.18938547372817993,0.9265807867050171,0.0,1276.63232421875,9,1.0,0.0
1527,North Korea missile puts US in range? Another normal day in geopolitics.,North Korea Launches a Ballistic Missile,irony,0,0.982759952545166,0.9278277158737183,0.054932236671447754,0.6841966509819031,0.031760504460270234,80.58736419677734,10,0.8333333333333334,0.02173043078521269
1528,leaked 'the last jedi' footage reveals chewbacca balding since 'the force awakens',Photoshopped Image Shows Chewbacca with a Bald Spot,satire,1,0.5206685662269592,0.5637186169624329,-0.04305005073547363,0.6662434935569763,0.0,210.19252014160156,12,1.0,0.0
1529,Trans Houdini sneaks into men's locker room – just another day in magical mischief.,Trans Houdini Enters the Men's Restrooms,understatement,1,0.9194790720939636,0.5139133930206299,0.40556567907333374,0.72735995054245,0.022757395885402106,191.57740783691406,12,0.8571428571428571,0.01655281834568103
1530,your neighbors: should you consider talking to them?,Your neighbors may be out of reach,rhetorical_question,1,0.9197962284088135,0.9359305500984192,-0.016134321689605713,0.6154923439025879,0.0,104.13066864013672,8,1.0,0.0
1531,dot declares pothole too perfect to fill,Ohio Department of Transportation Designates a Pothole,irony,0,0.5868043899536133,0.6261429786682129,-0.03933858871459961,0.54277503490448,0.0,60.0794792175293,7,1.0,0.0
1532,report: more women forgoing taking their husbands' names in favor of something badass like diesel,Report Examines the Various Reasons Women Abandon Military Names,satire,0,0.9682825207710266,0.8339226245880127,0.13435989618301392,0.5286369919776917,0.0,954.9190673828125,15,1.0,0.0
1533,macy's concludes thanksgiving day parade with traditional procession of santa's coffin,Macy's Thanksgiving Day Parade Concludes with a Santa's Float,satire,0,0.9462651014328003,0.842086911201477,0.10417819023132324,0.8819745779037476,0.019201920550239778,234.57371520996094,10,0.9090909090909091,0.016935605772239026
1534,"25-year-old moving into comfortable, rent-free arrangement in parents' home worried he's hit rock bottom",Recent College Graduate Moves Back In With Parents at a Parents' Home,sarcasm,1,0.561095654964447,0.5220094323158264,0.039086222648620605,0.4841463565826416,0.0,470.41912841796875,14,1.0,0.0
1535,chuck schumer relieved he's never taken stance meaningful enough to have someone mail him explosive,Schumer Faces Scrutiny Over Controversial Stipulations in Recent Legislative Debates,sarcasm,0,0.6340509057044983,0.5751622319221497,0.05888867378234863,0.5148372054100037,0.0,61.59761047363281,15,1.0,0.0
1536,"A canoe survives a hurricane; clearly, it's the most important historical artifact Florida has ever seen.",A Canoe Surviving in a Hurricane,irony,1,0.819889485836029,0.5984609127044678,0.22142857313156128,0.6700192093849182,0.009169755105389667,153.73709106445312,15,0.9375,0.006143912065966503
1537,crocodile hunter the same way in bed,Steve Irwin and a crocodile in a bed,sarcasm,1,0.7975639700889587,0.6952298879623413,0.10233408212661743,0.6361116170883179,0.03655552228545124,227.4439239501953,6,0.75,0.02325339239450643
1538,Planet crosses carbon milestone – just a minor hiccup in the climate crisis.,Scientists Warn Climate Crisis Is a Major Hiccup in Global Resources,understatement,0,0.7791149616241455,0.7959702610969543,-0.016855299472808838,0.5790780782699585,0.018690183721524995,213.31614685058594,11,0.8461538461538461,0.010823075671973156
1539,"The Birth of a Nation is still a thing, a century later—how timeless.","The Birth of a Nation Remains a Golden Age, a Decade After Its Reception",understatement,1,0.5940243005752563,0.8373310565948486,-0.24330675601959229,0.730567216873169,0.2891784933232572,46.8561897277832,8,0.5714285714285714,0.21126432704674827
1540,"Defeating ISIS will take years? Say it isn't so, officials.",Officials Acknowledge Defeating ISIS Will take a Long Time,irony,0,0.866364061832428,0.7987610697746277,0.06760299205780029,0.7940771579742432,0.05022037190492093,128.66978454589844,9,0.9,0.03987885019466914
1541,keanu reeves recalls preparing for 'john wick 3' by acting in two previous 'john wick' films,Keanu Eeves Prepares for a John Wick 3 Film,sarcasm,0,0.5469201803207397,0.5678297281265259,-0.020909547805786133,0.8234301209449768,0.011017167600428483,298.1645812988281,15,0.9375,0.009071867649691905
1542,Chopra Center trial proves mindfulness cures all: science is so impressed.,Researchers at the Pace Clinic Begin a Mindfulness Trial,satire,0,0.9725091457366943,0.9069188237190247,0.06559032201766968,0.7243582010269165,0.0,713.5223999023438,11,1.0,0.0
1543,"Trump desperately seeks liberal approval by name-dropping Michael Moore, a masterstroke of political genius",Trump Seeks Democratic Approval for Michael Moore Amid Sexual Misconduct Allegations,overstatement,0,0.9774569869041443,0.7095707058906555,0.26788628101348877,0.6074143648147583,0.01706602014357155,35.86697769165039,12,0.8571428571428571,0.010366145785423385
1544,Heroic officer rescues skunk after ducklings—animal superhero or just quirky?,Police Officer Rescues a duckling in a Swamp,rhetorical_question,1,0.8909344673156738,0.6275365352630615,0.2633979320526123,0.5770275592803955,0.0,409.10516357421875,10,1.0,0.0
1545,chili's introduces savory new 200-times-baked potatoes,Chili's Releases a Baked Potato,overstatement,1,0.7710208296775818,0.7202288508415222,0.05079197883605957,0.8484731912612915,0.0,634.970458984375,6,1.0,0.0
1546,'new york times' announces new columnist will contribute nothing to society 3 times a week,The New York Times Announces a Columnist,sarcasm,0,0.9474470615386963,0.833608090877533,0.11383897066116333,0.757193922996521,0.010534007609331637,81.15097045898438,14,0.9333333333333333,0.007976286546585026
1547,"Documentary advocates for supervised heroin sites, adding 'safe injection' to the American dream.",CNN Documentary Advocates for Safe Injection Drug Production in the US,sarcasm,0,0.9819731712341309,0.9683284163475037,0.013644754886627197,0.776808500289917,0.02068408840048898,98.52976989746094,11,0.8461538461538461,0.01606757569024791
1548,"Priest preaches religion of acceptance, because that's what religion is known for",Priestaches Acceptance From the Catholic Church,satire,0,0.9452170133590698,0.9173659682273865,0.02785104513168335,0.7279142737388611,0.0,312.1082458496094,12,1.0,0.0
1549,"Bergdahl finally faces court martial—about time, really.",Attorney General Bergdahl Faces a Court Martial in New York,understatement,0,0.6278685331344604,0.586652398109436,0.041216135025024414,0.7199170589447021,0.021105340631872645,158.2620086669922,9,0.9,0.015194094755723876
1550,Kim K shares baptism photos—because nothing says sacred like a social media post.,Kim K Shares a Bizarre Photo at a Social Media Post,satire,0,0.8979780077934265,0.8147889375686646,0.08318907022476196,0.6734864711761475,0.03678208851801446,244.8631591796875,10,0.7692307692307693,0.02477223899848625
1551,report: takeout place put burrito in completely different container this time,Takeout Burrito Served in a Plastic Container,understatement,1,0.5047400593757629,0.6785328388214111,-0.1737927794456482,0.77870774269104,0.018653567503517977,120.22268676757812,10,0.9090909090909091,0.014525677443799423
1552,grandma in nursing home starts adorable little sexual relationship,Elderly Patient at a Nursing Home Begin a Relationship,irony,0,0.8747463226318359,0.7004477977752686,0.17429852485656738,0.6779102087020874,0.0,395.6951904296875,9,1.0,0.0
1553,"Revealed: Gilmore Girls characters' fates, this changes everything we thought we knew about TV lore.",Fans React Strongly to Gilmore Girls Spin-Off Books Amid Series Finale,overstatement,0,0.7846299409866333,0.593877375125885,0.1907525658607483,0.581944465637207,0.027710919541451013,274.39044189453125,15,1.0,0.016126216264865347
1554,Artists are drawing faces to spread love – because art solves everything.,Artists Use Foundation Grants to Spread Love,satire,0,0.9771879315376282,0.7626233696937561,0.21456456184387207,0.5627392530441284,0.019229913610012243,643.950439453125,10,0.8333333333333334,0.01082142722100141
1555,man can't wait to find out if millennium falcon gets out of that tunnel,Pennsylvania man remains open as a millennium falcon exits a tunnel,irony,1,0.5467864274978638,0.637017548084259,-0.09023112058639526,0.6643998026847839,0.03609023856222073,1657.2371826171875,11,0.7857142857142857,0.023978347379586235
1556,"Beyonce shows love for Cha Cha and Lone Star, proving she's just like us.",Beyoncé Shares Emotional Support for Cha Cha and Lone Star at the Golden Globes,satire,1,0.7974837422370911,0.6443282961845398,0.15315544605255127,0.7840820550918579,0.26584835766658776,96.35523986816406,10,0.7142857142857143,0.20844692662201342
1557,Rebrand Columbus Day? Because 'genocide appreciation day' was too on the nose.,Satirical Commentary Critiques Anti-Semitism on Columbus Day,irony,0,0.713556706905365,0.8891303539276123,-0.17557364702224731,0.5591896772384644,0.019229913610012243,156.55712890625,11,0.9166666666666666,0.010753169184906299
1558,"How to locate lost life insurance policies: step one, stop losing things.",How to Identify Lost Life Insurance Policies,understatement,1,0.7099921107292175,0.8726377487182617,-0.1626456379890442,0.8840814828872681,0.03419615942951201,139.93504333496094,10,0.8333333333333334,0.030232191337492414
1559,Video relaunches investigation—because nothing says justice like a viral clip.,FBI Releases a Video Relaunching an Investigation Into a Boston Bombing,sarcasm,0,0.9656103849411011,0.9257142543792725,0.03989613056182861,0.6116306781768799,0.022416933501922302,115.34786224365234,10,0.9090909090909091,0.013710884240426756
1560,crude but functional starbucks hewn from rock facing,Satirical Image Depicts a Starbucks Hewn from a Rock,satire,1,0.6388240456581116,0.546757698059082,0.09206634759902954,0.7648788690567017,0.023980296761827107,1557.07080078125,8,0.8888888888888888,0.0183420222668304
1561,"Scottish leader demands new referendum, threatening to hold votes every week until independence is achieved.",Scottish Leaders Call for a Referendum in Scotland,overstatement,0,0.7763468623161316,0.7074440121650696,0.06890285015106201,0.7619563341140747,0.01157883880415623,43.351932525634766,14,0.9333333333333333,0.008822569568512678
1562,"Trump to meet with Vogue, Vanity Fair: connecting with the common folk.",Trump Meets With the Politicians at the Republican National Convention in Cleveland,satire,0,0.9040057063102722,0.9099962115287781,-0.005990505218505859,0.4813578724861145,0.020255986027125642,21.81259536743164,11,0.9166666666666666,0.009750378339125662
1563,Will a mega-billionaire fix GOP's insurance mess? Only in fairy tales.,GOP's Health Insurance Mess Faces Scrutiny Amid Enrollment Concerns,rhetorical_question,1,0.5931143164634705,0.5036411881446838,0.08947312831878662,0.528417706489563,0.019201920550239778,114.31675720214844,11,1.0,0.01014663481735251
1564,"Ebola in semen? Just a minor inconvenience, really.",Woman holds a bola,understatement,0,0.6238102316856384,0.6025181412696838,0.02129209041595459,-0.0011047404259443283,0.029556479778261396,606.3973999023438,7,0.875,0.0
1565,Watch live: Lili Taylor talks ABC's 'American Crime' – who needs reality when you have scripted drama?,Lili Taylor Discusses ABC's 'American Crime',rhetorical_question,0,0.6638915538787842,0.5525351166725159,0.11135643720626831,0.808139979839325,0.040620067374868424,164.30111694335938,12,0.7058823529411765,0.03282670042939819
1566,pork chop trapped in airtight container,A Pork Chop Trapped in a Water Storage Container,satire,1,0.6116616725921631,0.8154768347740173,-0.20381516218185425,0.8326953649520874,0.023980296761827107,244.4025115966797,8,0.8888888888888888,0.01996828196374898
1567,polar bear cub just knows he's going to be last of species,A Polar Bear Cub stands in a enclosure,irony,0,0.5978310108184814,0.6177623271942139,-0.019931316375732422,0.6746229529380798,0.0,653.3240966796875,12,1.0,0.0
1568,"Michael Slager's fate hangs in limbo after being caught on camera, justice moves fast.",Michael Slager Arrested on Camera in a Murder Trial,irony,1,0.5863265991210938,0.5733895897865295,0.012937009334564209,0.669255256652832,0.018107569251105026,191.1065216064453,13,0.9285714285714286,0.012118585906507223
1569,"depraved candidate struggling to support $100,000-a-day advertising habit",St. Louis Presidential Candidate Struggles with Financial Hardship,overstatement,1,0.9406337141990662,0.6248233914375305,0.31581032276153564,0.43663597106933594,0.0,73.51564025878906,8,1.0,0.0
1570,A 4-year-old girl killed in a road rage incident. Just a typical Tuesday on our roads.,4-Year-Old Girl Killed in a Road rage in New Hampshire,understatement,1,0.8232609629631042,0.8013277053833008,0.021933257579803467,0.8562241792678833,0.02710790721250877,54.690650939941406,13,0.8125,0.02321044560470026
1571,mel gibson - his performance in 'payback' still not getting enough credit,Mel gibson continues to earn an Oscar for his performance in ' Payback',sarcasm,1,0.8856306076049805,0.5327797532081604,0.35285085439682007,0.8247230052947998,0.08263103182212594,102.5066909790039,12,0.9230769230769231,0.06814771289495394
1572,Elizabeth Warren attends Trump's inauguration: a bold move to support democracy or just to people-watch?,Elizabeth Warren attends Trump's Inauguration in New York,irony,0,0.6347205638885498,0.8643912672996521,-0.2296707034111023,0.7712570428848267,0.14411786453067818,48.204978942871094,11,0.7333333333333333,0.1111519180248069
1573,Kenya should not sign: because China and SA are such trustworthy partners.,Kenya should not sign a peace treaty,sarcasm,1,0.9238263964653015,0.5551436543464661,0.36868274211883545,0.7320423126220703,0.08003089005192225,79.40193176269531,9,0.75,0.058585997834811804
1574,Greece and Europe on the edge? Again? This economic thriller never gets old—or solved.,Greece and Europe Clash in a Economic Thriller,sarcasm,1,0.5057692527770996,0.5699806213378906,-0.06421136856079102,0.878302812576294,0.06493661270537822,265.0905456542969,11,0.7857142857142857,0.057034009578311194
1575,"well, neighbors just got a pit bull",Orlando Residents Adopt a Pit Bull,irony,0,0.5674901604652405,0.584209144115448,-0.01671898365020752,0.5961037874221802,0.03455747170954952,559.79833984375,6,0.8571428571428571,0.020599839769797314
1576,poke with stick confirms raccoon's death,A hand holding a black raccoon,understatement,1,0.6459991931915283,0.5880734324455261,0.0579257607460022,0.5888023376464844,0.0,213.9376220703125,6,1.0,0.0
1577,"following death of adam yauch, grieving china frees tibet","Adam Yauch, Lifelong Fan of the American Film",sarcasm,0,0.8071052432060242,0.6494919657707214,0.15761327743530273,0.4056335687637329,0.024512401940754224,83.73828125,9,1.0,0.009943053078199189
1578,Fellow millennial voters: no one owes us a damn thing... except maybe that $1.7 trillion in collective student debt we 'chose' to take on.,Young Adults Face Massive Debt and Student Debt,understatement,0,0.5682627558708191,0.7775244116783142,-0.20926165580749512,0.6045407652854919,0.0,372.7738342285156,24,1.0,0.0
1579,report: north korea just enjoys nuclear talks,Report Highlights North Korea Continues To Stall Nuclear Negotiations,sarcasm,0,0.9581155180931091,0.8739345669746399,0.08418095111846924,0.7504545450210571,0.0,231.4513702392578,9,1.0,0.0
1580,bailiff can't help wondering what life would be like on other side of judge,Jailiff stands trial on a trial,irony,1,0.7052408456802368,0.5728698372840881,0.13237100839614868,0.4840380847454071,0.010761308100691222,249.8406982421875,13,0.9285714285714286,0.005208882962413813
1581,Woman who was beaten on TV has some minor thoughts on the experience.,Woman Says She Recorded an Assault on Television,understatement,0,0.8472626805305481,0.5678674578666687,0.2793952226638794,0.5816121101379395,0.01768056451493027,513.501708984375,11,0.8461538461538461,0.010283230435958569
1582,"Watch: 2014 BET Awards performances – relive the hits from a decade ago, because time stands still.",2014 Grammy Awards Performations Are Coming,sarcasm,0,0.800122857093811,0.6724052429199219,0.12771761417388916,0.46408095955848694,0.007762030118434758,1246.1531982421875,15,0.8823529411764706,0.0036022103854850785
1583,homosexual dolphin has highly developed sense of gay-nar,Underwater photograph of a dolphin swimming in a water,satire,1,0.9210651516914368,0.6064355373382568,0.31462961435317993,0.45667243003845215,0.028517539529041507,82.82136535644531,9,1.0,0.013023174075445001
1584,"Boomers' guide: retire, dance, die, but chocolate first—deep.",Ergonomics guides for the aging and the dying,satire,0,0.9417533874511719,0.7826650142669678,0.1590883731842041,0.36694520711898804,0.0,192.5679168701172,8,1.0,0.0
1585,olympic bronze medalist to appear in flintstones on ice,Olympic Figure Skating Enters the Flintstones Ice Show,satire,0,0.5913378000259399,0.6727688908576965,-0.08143109083175659,0.7837302684783936,0.0,314.4645080566406,9,1.0,0.0
1586,head on pike really pulling together castle's look,Severed Head of a Pike in a Castle,sarcasm,1,0.5628401041030884,0.8451371192932129,-0.2822970151901245,0.8135743141174316,0.0,364.14703369140625,8,1.0,0.0
1587,"man fishes for legendary, elusive compliment",Sales Associate Seeks an Indulgent Introduction From a Famous Supervisor,sarcasm,0,0.8031872510910034,0.7963926792144775,0.006794571876525879,0.18395471572875977,0.0,564.0912475585938,10,1.0,0.0
1588,grandma excited to show off new beach sweater,Elderly Woman Plans to Show Off a New Beach Sweater,understatement,0,0.9165719747543335,0.7364689111709595,0.18010306358337402,0.7453457117080688,0.021105340631872645,185.34800720214844,9,0.9,0.01573077513410434
1589,pence tells emotional story of longtime friend who was aborted after second trimester,Mike Pence Delivers Emotional Pro-Life Address at Ohio Abortion Clinics,sarcasm,0,0.7500196099281311,0.961611270904541,-0.2115916609764099,0.5401020050048828,0.0,109.18141174316406,13,1.0,0.0
1590,man in international airport only speaks business,A flyer at an International Airport,sarcasm,0,0.9462664127349854,0.9262847304344177,0.019981682300567627,0.4942288100719452,0.0,640.9837646484375,7,1.0,0.0
1591,war criminal a grandpa,George W. Bush Becomes a Grandfather,understatement,0,0.7491363883018494,0.6751127243041992,0.07402366399765015,0.5819365382194519,0.040824829046386304,64.74854278564453,5,0.8333333333333334,0.023757459688654975
1592,santa anita park officials announce they will stop allowing bets on all upcoming horse deaths,Santa Anita Park Implements Safety Reforms Following Horse Deaths,satire,0,0.7316293716430664,0.8418871164321899,-0.11025774478912354,0.6963646411895752,0.0,479.30633544921875,15,1.0,0.0
1593,taco bell's five ingredients combined in totally new way,Taco Bell Launches a Marketing Campaign Combining the Five Ingredients,sarcasm,0,0.6123498678207397,0.8757693767547607,-0.263419508934021,0.8716856241226196,0.0,261.6492004394531,10,1.0,0.0
1594,Epidemic of gay loneliness? Must be from all that societal acceptance causing fatigue.,Americans Express Fatigue Following the Sexual Abuse Epidemic,sarcasm,0,0.6658473014831543,0.8899616003036499,-0.2241142988204956,0.6505600214004517,0.014867523320266895,262.2922668457031,13,1.0,0.009672216289404545
1595,"Why appreciate someone only after they leave? Obviously, it's the best management practice.",Some Management Agencies Adopt Posture Changes,rhetorical_question,0,0.8683277368545532,0.9377908706665039,-0.06946313381195068,0.2522544264793396,0.0,281.25030517578125,13,1.0,0.0
1596,Why stay in your comfort zone when you can be uncomfortably enlightened?,Experts Note the Sudden Change in Mental Health Awareness,rhetorical_question,0,0.9170503616333008,0.8811960816383362,0.0358542799949646,0.29369205236434937,0.017182633466700372,177.99977111816406,12,1.0,0.005046402887859587
1597,Footy McFooty Face: because naming things is hard.,Footy McFooty Face,sarcasm,1,0.7924106121063232,0.7397193312644958,0.05269128084182739,0.821660041809082,0.04538324543496762,374.3432922363281,6,0.75,0.03728959934152733
1598,author accepts award on ghostwriters' behalf,Former Secretary of State Alexander Haig Accepts Literary Award for Ghostwriters,irony,0,0.927337110042572,0.7779403924942017,0.14939671754837036,0.5666938424110413,0.0,115.74715423583984,11,1.0,0.0
1599,"John Stamos has no mercy shading Drake Bell, the feud of the decade.",John Stamos Faces Criticism Over His Handling of the 'Fang of the decade',overstatement,1,0.6540603637695312,0.827860414981842,-0.1738000512123108,0.4547620713710785,0.04913270548144422,128.12127685546875,8,0.6153846153846154,0.022343690916806713
1600,study: majority of new marine life species now discovered while cleaning oil spills,Oil Spills Devastate Undiscovered Species in Gulf of Mexico,irony,1,0.8972923159599304,0.6428919434547424,0.254400372505188,0.7014579772949219,0.015375695992413887,112.5757827758789,13,1.0,0.010785404610340282
1601,man in suit makes decision affecting thousands of non-suited individuals,Attorney General Samuel Alito Announces a Decision Affecting Thousands of Citizens,satire,0,0.8850097060203552,0.6845256090164185,0.20048409700393677,0.36476707458496094,0.018850319022747353,100.41830444335938,11,1.0,0.006875975724920792
1602,Obama says look to a veteran when cynical? Because veterans always have the answers in a world that keeps failing them.,President Obama Addresses Concerns Over Veteran Safety and Leadership Stability in Syria,irony,0,0.6203166842460632,0.8545120358467102,-0.23419535160064697,0.6236624717712402,0.009568250292003502,307.8581237792969,20,0.9523809523809523,0.005967358627636795
1603,Save $600 a year with these tips! (By giving up everything fun.),People Save $600 a Year on Emergency Medical Services,overstatement,0,0.6600931882858276,0.9657354354858398,-0.3056422472000122,0.4332663416862488,0.08504083946364166,108.23741912841797,10,0.8333333333333334,0.0368453334083396
1604,"'this map will change the way you see westeros,' reports never-ending cascade of subhuman bullshit",Digital Artwork Depicts a Mage Reaching an El Dorado,sarcasm,0,0.6703162789344788,0.5745914578437805,0.09572482109069824,0.12567858397960663,0.0,188.1650390625,15,1.0,0.0
1605,Best Kimye wedding Instagrams; because their marriage is the epitome of stability.,Fans Gather for the Kimye Wedding in New York,understatement,0,0.9766186475753784,0.6547314524650574,0.32188719511032104,0.6876528263092041,0.02043370997308395,198.03665161132812,12,1.0,0.01405129841497375
1606,Miley Cyrus freaks out over Hilary Duff call: Because childhood stars never grow up.,Miley Cyrus Discusses Her Future With Hilary Duff,sarcasm,1,0.9101875424385071,0.841509222984314,0.06867831945419312,0.5932287573814392,0.03923957680314294,58.07563018798828,11,0.7857142857142857,0.02327804538710203
1607,The Kurds' bitter defeat in Iraq is now everyone's problem. Just a minor bump in global politics.,Global Political Polarization Following the Kurds' Historic Victory in Iraq,understatement,0,0.9534450769424438,0.9504996538162231,0.002945423126220703,0.7569499611854553,0.024528248770524806,137.5101776123047,16,0.9411764705882353,0.018566656954795945
1608,cam girl has ash on forehead,Woman holds an ash,irony,1,0.5387572646141052,0.6155713796615601,-0.07681411504745483,0.49446025490760803,0.04873039689743777,1648.5516357421875,5,0.8333333333333334,0.024095244471655994
1609,"Tom Cotton believes Trump's 'tough guy' act includes waterboarding, how reassuring.",Tom Cotton Defends Trump's Waterboarding Acts Amid Criticism Over Controversial Claims,sarcasm,0,0.9789876937866211,0.6507312059402466,0.3282564878463745,0.795056939125061,0.04411629359322707,110.44354248046875,8,0.7272727272727273,0.035074965349773654
1610,"james fenimore cooper, famed american novelist, dies at 224","James Fenimore Cooper, a Famed American Novelist, Dies at 224",overstatement,1,0.5932215452194214,0.7315495014190674,-0.138327956199646,0.9986914396286011,0.0446323613785333,106.17616271972656,8,0.8,0.04457395723915139
1611,"Hannity rips Kimmel as 'twisted, creepy weirdo'? So mature and respectful.",Hannity Tweets Kimmel During a Medical Screening,sarcasm,0,0.8962653279304504,0.8920996189117432,0.004165709018707275,0.6278061270713806,0.022182955195367136,514.8261108398438,9,0.8181818181818182,0.013926595188201404
1612,"I was, but now I am: words that will change your life, or something.",Voters Reassure Positive Thinking Despite Recent Negative Engagement,overstatement,0,0.9353736639022827,0.656212568283081,0.27916109561920166,0.17360690236091614,0.0,695.92529296875,14,1.0,0.0
1613,area man's mother sizes up new girlfriend's pelvic span,Man's Mother Poses a Warning,sarcasm,1,0.8833329677581787,0.7714829444885254,0.11185002326965332,0.3607760965824127,0.0,259.89544677734375,9,1.0,0.0
1614,Class act: allegedly pleasuring himself near children. Some people's hobbies are just... unique.,Students Engage in a Normal Psychological Operations,sarcasm,0,0.7708995342254639,0.9608492851257324,-0.18994975090026855,0.4317283034324646,0.0,327.7131042480469,13,1.0,0.0
1615,"experts point to long, glorious history of successful u.s. bombing campaigns",Experts Highlight the Complex Legacy and Legacy of U.S. Bombing Campaigns,sarcasm,0,0.9807234406471252,0.9211288690567017,0.059594571590423584,0.8502556085586548,0.018850319022747353,102.16837310791016,11,1.0,0.016027589472210838
1616,"Breaking news: My internal soundtrack has been upgraded, and you won't believe the change!",Inexplained Music on a Modern Audio System,overstatement,1,0.868630051612854,0.8216054439544678,0.04702460765838623,0.4491763710975647,0.0,200.30369567871094,14,1.0,0.0
1617,boss makes lipstick prints on paychecks for valentine's day,Data Entry Companies Make Lip Balmers on Valentine's Day,sarcasm,0,0.962755024433136,0.9646804928779602,-0.0019254684448242188,0.46843165159225464,0.023980296761827107,1301.1854248046875,9,1.0,0.011233130017815068
1618,"new, improved olean 30 percent less likely to make you shit in your pants",Researchers Propose a New Olean Formula That Eliminating Need for Ingestion,overstatement,0,0.5806694626808167,0.7810496091842651,-0.2003801465034485,0.41752830147743225,0.0,265.4371337890625,14,1.0,0.0
1619,it impossible to tell what sounds will freak out cat,Anxious cats jump in a cat,understatement,1,0.5800315737724304,0.7324573993682861,-0.1524258255958557,0.5477463006973267,0.020960166113993737,1068.0755615234375,9,0.9,0.01148085345094153
1620,Caitlyn Jenner will reportedly attend Trump's inauguration: A beacon of inclusivity in a diverse administration.,Caitlyn Jenner Expected to Attend Trump's Inauguration,satire,0,0.92181795835495,0.6737578511238098,0.24806010723114014,0.910069465637207,0.024653236470203323,36.22554016113281,12,0.8,0.02243615774066564
1621,Thoughts and prayers: my weekly solution to world problems.,Global Crisis Remains a Persistent Cycle of Stress and Prayer,sarcasm,0,0.5342420935630798,0.644157886505127,-0.10991579294204712,0.6082297563552856,0.021105340631872645,220.06832885742188,10,1.0,0.012836896190319209
1622,Obama and Democrats set a trap for Trump. How cunning.,President Obama and Democrats Defend Trump at Campaign Rally in Iowa,irony,0,0.924458920955658,0.9402543306350708,-0.015795409679412842,0.42989349365234375,0.09329460218997072,82.20972442626953,8,0.7272727272727273,0.040106742474352114
1623,nabisco tentatively adds hummus to list of approved ritz toppings,Nabisco introduces hummus as a recommended pairing for Ritz crackers,satire,0,0.5566367506980896,0.548844039440155,0.00779271125793457,0.7705086469650269,0.021105340631872645,210.621337890625,10,1.0,0.016261847454000198
1624,rubio's new hardline immigration stance: because moderation is for losers,Marco Rubio Defends Immigration Policy Amid Criticism Over Border Security Concerns,sarcasm,0,0.9470410346984863,0.757396936416626,0.18964409828186035,0.6307571530342102,0.0,88.82884979248047,11,1.0,0.0
1625,area 8-year-old formally rescinds hunger complaint following mother's insulting banana offer,An 8-Year-Old Rescues a Banana From a Mother,irony,1,0.5927891135215759,0.8230437636375427,-0.2302546501159668,0.5428848266601562,0.0,44.64212417602539,11,1.0,0.0
1626,automakers ask nation if it still wants that handle above car windows,Automakers Continue to Include the Grab Handles in New Car Models,irony,0,0.8210365176200867,0.8973765969276428,-0.07634007930755615,0.4952753782272339,0.0,278.4334411621094,12,1.0,0.0
1627,Pearl Harbor survivors master mannequin challenge: history never looked so motionless,Pearl Harbor Survivors Complete a Mannequin challenge,satire,1,0.5639315247535706,0.8211211562156677,-0.25718963146209717,0.9181644320487976,0.039447492477737316,433.6019287109375,9,0.8181818181818182,0.036219284526570895
1628,"Victims' families don't care about politics? Right, because grief is so apolitical.",Mourners Express Anger Over Political Polarization in the American Tragedies,irony,0,0.9452912211418152,0.8355984687805176,0.10969275236129761,0.5889323353767395,0.0,176.88973999023438,12,1.0,0.0
1629,"AARP warns about scams—because retirees are never targeted, right?",ARP Warns Retirees About Potential Scam,understatement,0,0.8521684408187866,0.6836203932762146,0.16854804754257202,0.6135423183441162,0.0,137.37490844726562,9,1.0,0.0
1630,"Britney Spears honored for LGBTQ support, as if her music career needed validation.",Britney Spears Mailed LGBTQ Support at the Billboard Music Awards,sarcasm,0,0.9282163977622986,0.9063735008239746,0.021842896938323975,0.8539518117904663,0.03659184730575803,305.8366394042969,10,0.7692307692307693,0.03124767430351216
1631,'what a crew!' comments man on instagram photo of fucking backstabbing traitors who couldn't be bothered to invite him to margarita night,Man Shares an Instagram Photo of Friends Who Did Not Invite Him to Night Out,sarcasm,1,0.818046510219574,0.6023363471031189,0.21571016311645508,0.41406241059303284,0.009857136427096317,87.92920684814453,20,0.9090909090909091,0.004081469670547896
1632,"Nurses break hospital rules to fulfill dying man's wish—rules are meant to be broken, especially at the end.",Nurses Break Medical Rules for a Deceased Patient at Boston Hospital,understatement,0,0.8252720236778259,0.6454014778137207,0.17987054586410522,0.6992230415344238,0.011863340284736726,654.8795166015625,16,0.8888888888888888,0.008295120876651471
1633,fireworks accident blows off tip of florida,A Severe Fireworks Accident in a Florida Florida,overstatement,0,0.5576869249343872,0.6001706719398499,-0.042483747005462646,0.8231129050254822,0.0,161.16526794433594,8,1.0,0.0
1634,isis fighter dreading smug looks from hometown friends who told him caliphate sounded like dumb idea,Defeated ISIS Fighters Return Home After Collimating a Caliphate in Iraq,irony,0,0.9076565504074097,0.8844053745269775,0.02325117588043213,0.5367527604103088,0.0,229.68601989746094,16,1.0,0.0
1635,area woman not good enough artist to justify eccentricities,Denver Woman Faces Criticism Over Her Eccentric Behavior,satire,0,0.7255472540855408,0.6921571493148804,0.0333901047706604,0.4579581916332245,0.0,275.064697265625,9,1.0,0.0
1636,"cops bust filthy, unshaven mark zuckerberg for selling personal data on street corner",Facebook Faces Scrutiny Over Monetization of User Personal Data on a Street Corner,sarcasm,1,0.7459894418716431,0.5616733431816101,0.18431609869003296,0.624731183052063,0.01553712569276035,148.83120727539062,13,1.0,0.009706526915266777
1637,HuffPost's thrilling quiz: test your knowledge of utterly riveting news.,HuffPost Publishes a Personality Quiz Highlighting Factual Engagement,irony,0,0.9134636521339417,0.9488174319267273,-0.035353779792785645,0.5451357960700989,0.0,269.2059326171875,10,1.0,0.0
1638,fda prepares nation for switch to digital food format,Satirical article proposes a switch to a digital food format,overstatement,0,0.8784955143928528,0.923406183719635,-0.04491066932678223,0.6555732488632202,0.13134549472120793,264.96038818359375,5,0.5,0.08610659269792922
1639,Trump seeks advice from a conspiracy theorist to win votes. Nothing says 'presidential' like that.,Trump Seeks Advice From a Conspiracy Theorist Ahead of Election,sarcasm,0,0.932263970375061,0.8921442031860352,0.04011976718902588,0.8168340921401978,0.015223083300988084,84.82844543457031,13,0.8666666666666667,0.012434733427737207
1640,"How real is 'Marcomentum'? As real as a unicorn, but with more political spin.",Ronald Reagan performs a political spin in a Marcomentum,rhetorical_question,0,0.8617170453071594,0.929609477519989,-0.06789243221282959,0.4092736840248108,0.01636203585580252,736.03125,13,0.9285714285714286,0.006696550692850345
1641,"Don Cheadle claims Trump used a racial slur? Say it isn't so, he's such a gentleman.",Don Cheadle Denies Allegations of Racial Slur in a Statement,sarcasm,0,0.8069527745246887,0.5397614240646362,0.2671913504600525,0.7283567190170288,0.02710790721250877,76.20397186279297,13,0.8125,0.01974422635672094
1642,"Senator admits tax breaks for journalists, but forgets about the rest of us.",Senator Graham Defends Tax Incentives for Journalists Amid Scrutiny Over Privacy Concerns,irony,0,0.9375063180923462,0.7901584506034851,0.14734786748886108,0.5639564990997314,0.018636406807066564,79.40355682373047,12,0.9230769230769231,0.010510122738711663
1643,Brooklyn Decker and Andy Roddick expecting baby #2: The baby bump heard 'round the world.,Brooklyn Decker and Andy Roddick Expect a Baby,overstatement,1,0.6345564723014832,0.8556731343269348,-0.22111666202545166,0.8241957426071167,0.2155064730781546,434.5310363769531,10,0.6666666666666666,0.17761951761529024
1644,"man who will pay $60,000 in medical bills this year can't afford health insurance right now",High Healthcare Debt Leads Young Adults to Skip Medical Debt,irony,0,0.5885770916938782,0.8212699890136719,-0.2326928973197937,0.5342451333999634,0.0,279.6342468261719,16,1.0,0.0
1645,new robert altman film released straight to special-edition director's-cut dvd,Robert Altman Releases a New Documentary,irony,0,0.7993581295013428,0.7413414120674133,0.05801671743392944,0.798724889755249,0.0,138.56271362304688,10,1.0,0.0
1646,hero shop saves hundreds from hunger,Portland Independent Bookstore Faces Severe Food Crisis,satire,0,0.6781244277954102,0.6242313385009766,0.053893089294433594,0.3341204524040222,0.0,401.54412841796875,7,1.0,0.0
1647,goose thinking of migrating home a couple weeks early to avoid the crowds,Canada Geese Considers a Migrating Early to Avoid Seasonal Season,satire,1,0.6315162181854248,0.6180585026741028,0.013457715511322021,0.640121340751648,0.01859351593152887,232.37420654296875,11,0.8461538461538461,0.011902106347377386
1648,shy friend experimenting with personality,Portland teens experiment with a personality,understatement,0,0.7918583154678345,0.8424057960510254,-0.05054748058319092,0.4707722067832947,0.048549177170732344,1563.8411865234375,4,0.6666666666666666,0.022855603274178817
1649,"Your food contains tiny, risky, unlabeled ingredients? What could possibly go wrong with that?",Your Food Contains a handful of Unabeled Ingredients,rhetorical_question,1,0.9248775839805603,0.7802926301956177,0.14458495378494263,0.7722393274307251,0.013120543279239774,629.2196655273438,13,0.9285714285714286,0.010132199517485844
1650,"Prison: where even animals get second chances, because rehabilitation is clearly a thing.",Texas Prison Faces Criticism Over Rehabilitation Efforts,irony,0,0.9669288992881775,0.8918548822402954,0.07507401704788208,0.5517369508743286,0.0,204.92922973632812,13,1.0,0.0
1651,Two questions: 'Do you hate each other?' and 'Why not just break up?',Two women ask for advice on breaking up,understatement,0,0.9585011005401611,0.9044622778892517,0.054038822650909424,0.5541805028915405,0.014867523320266895,130.24293518066406,12,0.9230769230769231,0.008239291550377214
1652,Family happiness in one chart? Simplifying the unsimplifiable.,Researchers Suggest Simplifying Family Happiness in a Dashboard,sarcasm,1,0.5677311420440674,0.6975871920585632,-0.12985605001449585,0.7598438262939453,0.03655552228545124,757.5797729492188,8,1.0,0.027776487925550857
1653,Fourth death in Legionnaire's outbreak? Probably just a statistical blip.,Health Officials Investigate Cause of an Ebola Outbreak in France,understatement,0,0.6948662996292114,0.7610290050506592,-0.06616270542144775,0.29162847995758057,0.021105340631872645,155.8612060546875,10,1.0,0.006154918407459982
1654,"The 8 most important lessons? Like, always wear pants and don't burn bridges. Groundbreaking.",The 8 Most important Lessons,satire,1,0.5921004414558411,0.5539791584014893,0.03812128305435181,0.7975493669509888,0.020785234793924575,1358.037109375,11,0.7857142857142857,0.01657725085182221
1655,"park rangers lance old faithful in effort to pop clogged, inflamed geyser",Park Rangers Monitor a Geyser,irony,1,0.6134018301963806,0.5709249973297119,0.0424768328666687,0.5831860899925232,0.0,937.1439208984375,12,1.0,0.0
1656,new study finds earth's core will be most habitable part of planet by 2060,Study Predicts Earth's Surface Will Become Increasingly Uninhabitable by 2060,overstatement,1,0.5400875210762024,0.8298338055610657,-0.2897462844848633,0.6416728496551514,0.02991796653393773,60.39033889770508,12,0.8571428571428571,0.019197546841719277
1657,"Timberlake wants his son inspired by Charlottesville's 'strength'? You know, the Nazi rallies and all.",Timberlake Calls for His Son Following Charlottesville Rally,irony,0,0.8816858530044556,0.7180659174919128,0.16361993551254272,0.6973633766174316,0.01157883880415623,448.8169250488281,14,0.9333333333333333,0.008074658125775333
1658,proud species commits suicide rather than be driven to extinction by humans,Leatherback Sea Turtles Face Imminent Extinction Amid Environmental Crisis,satire,1,0.9224498867988586,0.6776657700538635,0.24478411674499512,0.3970596194267273,0.0,312.3056335449219,12,1.0,0.0
1659,"School prioritizes hairstyle regulations over education, what a novel approach.",Middle School Students Prioritize Hairstyle Over Education,sarcasm,0,0.9835182428359985,0.9490727186203003,0.03444552421569824,0.8555211424827576,0.02151810250197126,218.55345153808594,10,1.0,0.018409191636547535
1660,prairie dog town rezoned for commercial use,Prairie Dog Town Rezoned for Commercial Use,irony,1,0.7037667036056519,0.5394992232322693,0.16426748037338257,1.0,0.033031643180138064,259.40997314453125,6,0.8571428571428571,0.033031643180138064
1661,college freshman decides to be lanyard-wearing kind,University of Michigan Freshman Enrolls a Lightweight Wear,satire,0,0.9004409909248352,0.5143156051635742,0.386125385761261,0.4293002486228943,0.0,180.57513427734375,8,1.0,0.0
1662,FDA approves nasal-spray naloxone—because saving lives should come with extra steps and a co-pay.,FDA Approves a New Allergy Relief Medication,sarcasm,0,0.9254487752914429,0.8958629369735718,0.029585838317871094,0.5052958130836487,0.014450843425723598,115.07015991210938,13,0.9285714285714286,0.007301950678545505
1663,"Sephora's spring sale: because your self-worth depends on makeup, obviously.",Sephora Launches a Makeup Summer Sale,satire,0,0.9577742218971252,0.9073378443717957,0.05043637752532959,0.6495790481567383,0.0,151.2407989501953,10,1.0,0.0
1664,Shake Shack celebrates Will & Grace with boozy shakes—nothing says TV revival like processed food and alcohol.,Shake Shack Celebrates the 100th Anniversary of a Fast Food Revival,satire,0,0.8714739084243774,0.8721723556518555,-0.0006984472274780273,0.5773546695709229,0.023104060030231324,74.93419647216797,15,0.8823529411764706,0.013339236944500971
1665,Creating a chemically-free home is easier and cheaper than you think. Just ignore all science and buy expensive alternatives.,Researchers Suggest Buying a Regrenational Home,sarcasm,1,0.9679670929908752,0.6305335164070129,0.3374335765838623,0.4768190383911133,0.004676845221753116,1724.2666015625,19,1.0,0.0022300088413403935
1666,area man a walking encyclopedia of everything except leading a normal life,"Oxford, Ga., High School Student Claims Extensive Knowledge Leads to a Normal Life",sarcasm,0,0.9521880149841309,0.9457700848579407,0.0064179301261901855,0.41224944591522217,0.01553712569276035,261.0750427246094,12,0.9230769230769231,0.0064051714579556164
1667,Obama administration violating rights? Say it isn't so. Because they were always so respectful of immigrants. Not.,Critics Question Obama Administration's Handling of Immigration and Security Issues,sarcasm,0,0.6052870750427246,0.7591016292572021,-0.15381455421447754,0.5596964955329895,0.012463606455186824,124.63825988769531,17,1.0,0.006975836854670412
1668,Jon Stewart dancing to Drake is the one video you need to see? Your life depends on it.,Jon Stewart performs a Drake in a video,overstatement,0,0.5400394201278687,0.7943443059921265,-0.2543048858642578,0.7126696109771729,0.020013340069194235,822.4992065429688,14,0.7777777777777778,0.014262899281466521
1669,ralph northam admits he once engaged in pedophilia as part of michael jackson costume,Virginia Governor Ralph Northam Discusses Sexual Abuse in a Michael Jackson Photo,sarcasm,0,0.7317108511924744,0.7299962639808655,0.0017145872116088867,0.6914417743682861,0.014418280697523623,151.15074157714844,14,1.0,0.009969401588835743
1670,"trump, putin hold first joint press crackdown",Trump and Putin Clash in a Press Briefing,sarcasm,0,0.8505628705024719,0.911666214466095,-0.06110334396362305,0.7247375845909119,0.0,162.17127990722656,8,1.0,0.0
1671,9/11 and the (un)making of the 21st century—because what's a few thousand lives in the grand scheme?,Americans Express Concern Over the 21st Century and the Legacy of the September 11 Attacks,irony,0,0.6436244249343872,0.8217379450798035,-0.17811352014541626,0.6093082427978516,0.042371732523349456,77.13581848144531,15,0.8823529411764706,0.025817445888102634
1672,"We're sugar babies, living the glamorous life of paid companionship. So relatable.",Two women walk down a street in a Sugar Baby,satire,0,0.9772764444351196,0.7838853001594543,0.19339114427566528,0.40193313360214233,0.0,176.6885223388672,12,1.0,0.0
1673,stunned nation mourns as french stewart survives plane crash,Actor French Stewart Survives a Virgin Islands Plane Crash,irony,0,0.5023727416992188,0.6903515458106995,-0.1879788041114807,0.7401350736618042,0.0,1184.152587890625,9,1.0,0.0
1674,Who needs new Hollywood when old Hollywood was pure genius?,VH1 Seeks a New Reality Series Following the Academy Awards,rhetorical_question,0,0.5924655199050903,0.8719916939735413,-0.2795261740684509,0.2710913121700287,0.0,258.95330810546875,10,1.0,0.0
1675,The man known for his extreme right-wing views might not be right-wing enough for the base. Shocking.,Marine Veteran Known for His Right-wing Views Faces Criticism at the base,irony,0,0.5438075065612793,0.7124107480049133,-0.16860324144363403,0.4888317286968231,0.01335356899385369,374.09686279296875,15,0.8823529411764706,0.006527648215537796
1676,"This Mother's Day, I have a tiny thing to tell my wife.",Many Fathers Keep a Warning on Mother's Day,understatement,1,0.9436256289482117,0.517838716506958,0.42578691244125366,0.5550934076309204,0.020034704329441457,311.2610778808594,11,0.9166666666666666,0.011121132297107613
1677,poll finds 68% of iowans turned on by knowledge whole nation watching,Iowa Poll Shows Widespread Knowledge and Awareness,satire,0,0.9419000744819641,0.6649126410484314,0.2769874334335327,0.777147650718689,0.0,447.480712890625,12,1.0,0.0
1678,"Jyothi Rao delves into authenticity, a truly deep topic.",Jyothi Rao Discusses the Issues at the Golden Globes,sarcasm,0,0.7681663036346436,0.6713054776191711,0.09686082601547241,0.5503715872764587,0.050712153369465586,173.7476043701172,7,0.7777777777777778,0.02791052834415999
1679,"we in golden age of thing, guy who likes thing reports",People Say the Current Era Is a Golden Age,sarcasm,0,0.9639489054679871,0.8358607888221741,0.128088116645813,0.4003716707229614,0.0,157.85667419433594,11,1.0,0.0
1680,area man has sex with man to get out of office blood drive,Employees Seek Refuge in the Office,sarcasm,0,0.9410275816917419,0.8910452127456665,0.04998236894607544,0.2860954999923706,0.0,405.9541931152344,13,1.0,0.0
1681,mom announces plans to get out some of your old baby stuff and quietly stare at it,Iowa Mother Plans to Retrieve Baby Storage,sarcasm,0,0.6818222403526306,0.7021430730819702,-0.0203208327293396,0.39408382773399353,0.007916067523495003,1201.778076171875,16,0.9411764705882353,0.0031195941902596655
1682,goodwill employees shaken by gigantic pants,Santa Fe Goodwill Employees Discover a collection of outdated clothing,understatement,0,0.9646366834640503,0.659311830997467,0.30532485246658325,0.5583951473236084,0.0,1426.193115234375,10,1.0,0.0
1683,"Fourteen workout pants that look like real pants, fooling no one but making you feel better.",A collection of fitness pants,understatement,0,0.9217365384101868,0.6389992237091064,0.2827373147010803,0.6447442770004272,0.00595328711636231,1030.1153564453125,16,1.0,0.003838347797614976
1684,bill cosby announces dates for u.s. college commencement tour,Bill Cosby Schedules a College Commencement Tour in Ohio,irony,0,0.799885630607605,0.8404597640037537,-0.04057413339614868,0.8731706142425537,0.0,225.4114227294922,9,1.0,0.0
1685,knicks front office scrambling after zion williamson drafted before 3rd pick,Knicks Draft a Zion Williams,sarcasm,1,0.636117160320282,0.8429464101791382,-0.2068292498588562,0.6704179048538208,0.0,9736.4970703125,11,1.0,0.0
1686,"California lawmakers reject Confederate flag – finally, a state that recognizes treason isn't heritage.",California Lawmakers Refuse to Honor a Confederate Flag,irony,0,0.9384024739265442,0.6914706230163574,0.24693185091018677,0.770230770111084,0.017267606045625942,53.75104522705078,12,0.8571428571428571,0.013300041502497278
1687,20 killer recipes for your Labor Day cookout – these might actually kill you with joy.,You May Use a Labor Day Cookout,overstatement,1,0.8470056653022766,0.9289673566818237,-0.08196169137954712,0.5983083248138428,0.01931119093291195,402.03228759765625,14,0.875,0.01155404629723082
1688,Trump demands lower drug prices—from the people who profit from high prices. Good luck!,Trump Demands Lower Drug Prices Amid Rising Profits,sarcasm,0,0.9528473615646362,0.9260054230690002,0.026841938495635986,0.8962739706039429,0.013120543279239774,485.2817077636719,13,0.9285714285714286,0.01175960142136511
1689,"North Korea fires missiles again? Just another Tuesday in East Asia, nothing to worry about.",North Korea Suspends a Ballistic Missile Program Amid Ongoing Security Concerns,understatement,0,0.9844430088996887,0.7894760966300964,0.19496691226959229,0.6090073585510254,0.027710919541451013,61.70088195800781,13,0.8666666666666667,0.016876153912959074
1690,nation's schools to ensure bullied transgender students hide in stalls of bathrooms corresponding to biological sex,Justice Department Rescinds Obama-Era Guidelines on Transgender Students in Schools,sarcasm,0,0.9534873366355896,0.860003650188446,0.09348368644714355,0.6486777067184448,0.01158285652249976,75.38666534423828,15,0.9375,0.0075135408062639245
1691,gold bracelet picked up at pharmacy,One Gold Bracelet,understatement,1,0.5823514461517334,0.8306293487548828,-0.24827790260314941,0.7324391603469849,0.0,134.723876953125,6,1.0,0.0
1692,Goldblum almost voiced Apple: imagine Siri with a dose of eccentric charm.,Jeff Goldblum voices a Siri in a studio environment,satire,1,0.6685431599617004,0.5388346314430237,0.12970852851867676,0.6218587160110474,0.022613617379612153,357.15948486328125,10,0.8333333333333334,0.01406247506805072
1693,"Can Bernie Sanders ride fracking to victory in New York? Sure, because environmentalists are known for loving oil extraction.",Bernie Sanders Wins a Primary in New York Amid Environmental Concerns,rhetorical_question,0,0.9000294208526611,0.7333738803863525,0.1666555404663086,0.557418704032898,0.027242105410537086,151.0228729248047,15,0.7894736842105263,0.01518525909306918
1694,Backpage CEO likely to walk on pimping charges? Shield law saves the day—justice triumphs!,Backpage CEO Says He Would Not Walk on Legal Charges if Shield Law Fails,irony,1,0.8665853142738342,0.5092864036560059,0.35729891061782837,0.8242844343185425,0.03592143420342892,421.3077392578125,12,0.8571428571428571,0.029609479072284152
1695,"nation savoring every moment of glorious late-february, early-march days","Cold, Wet, and Windy Weather in U.S. in Late February and Early March",irony,1,0.8504706621170044,0.704073965549469,0.1463966965675354,0.5331148505210876,0.0,20.235267639160156,13,1.0,0.0
1696,Muppets cover N.W.A—because Sesame Street needed more 'fuck the police',Sesame Street Releases a Special Edition on Police Brutality in New York City,irony,0,0.7170827984809875,0.89849853515625,-0.18141573667526245,0.6719546318054199,0.03285702044797773,77.32086181640625,13,1.0,0.02207842707734403
1697,beauty industry announces massive new initiative to make women self-conscious about their palms,Beauty Industry Launches a Consumer-Safety Campaign Targeting Women,satire,0,0.9655581712722778,0.9498447179794312,0.01571345329284668,0.566948652267456,0.0,127.27185821533203,13,1.0,0.0
1698,Poll shows millennials eager to pay reparations for slavery—what a selfless generation!,Poll Shows Young Adults Prefer Reparations for Slavery,overstatement,0,0.9648821353912354,0.7987486124038696,0.16613352298736572,0.7619335651397705,0.020034704329441457,106.79741668701172,10,0.8333333333333334,0.015265113696252525
1699,"Kate Mara: it's 'quite an honor' to play a female superhero: groundbreaking, truly.",Kate Mara Discusses Her Career As a Female Marvel Character,overstatement,1,0.9150916934013367,0.5474990606307983,0.36759263277053833,0.7181576490402222,0.01859351593152887,189.62059020996094,11,0.8461538461538461,0.01335307568877869
1700,fourth-grader with shark tooth necklace must have killed great white,Fourth-Grader holds a shark Tooth Necklace,sarcasm,0,0.6308869123458862,0.5065462589263916,0.12434065341949463,0.7646491527557373,0.020960166113993737,412.2951354980469,10,1.0,0.016027173260684827
1701,"An elementary school teacher accused of rape. Just another day in the profession, I suppose.",An Elementary School Teacher Faces Sexual Assault Allegations in the School,understatement,0,0.9387093186378479,0.7107083201408386,0.22800099849700928,0.6283738017082214,0.030667173634794157,46.99169158935547,12,0.8,0.01927044848454174
1702,kerry's face droops with joy over latest polls,Kerry Polls at the latest National Surveys,irony,0,0.9615217447280884,0.60972660779953,0.35179513692855835,0.6064721345901489,0.028634401465295497,475.8984680175781,8,1.0,0.01736596657936905
1703,Political dramas are obsolete with Trump's daily reality show.,Trump Signs Executive Order Defining Political Drama as obsolete,overstatement,0,0.9514003396034241,0.915481448173523,0.03591889142990112,0.6404355764389038,0.028517539529041507,833.7193603515625,9,1.0,0.018263646866900924
1704,dog finds absolutely perfect place to shit,Florida Dog Spends a Day Searching for a Spot to Defecate,irony,0,0.9014360308647156,0.666029155254364,0.23540687561035156,0.5612718462944031,0.018850319022747353,87.66519927978516,10,0.9090909090909091,0.010580153361135915
1705,"Behold, 25 profound moments that redefined maternal elegance for us all.",Americans Experience a Prenatal Esteem Following the Election results,satire,0,0.6135219931602478,0.8447995781898499,-0.23127758502960205,0.4172865152359009,0.0,221.45870971679688,11,1.0,0.0
1706,Trump axes NASA's greenhouse gas monitor: data is overrated anyway.,Trump Exaches NASA's Harsh Climate Monitor,irony,0,0.8625842928886414,0.8122502565383911,0.050334036350250244,0.7350967526435852,0.024925978674400287,497.6675720214844,8,0.8,0.01832300598001491
1707,wrinkle-free pants didn't think they'd be tested quite this much,Rimplement of a cotton dress,satire,0,0.6970705986022949,0.5480583906173706,0.14901220798492432,0.22087541222572327,0.0,1328.08837890625,10,1.0,0.0
1708,area man accidentally signs up for aol latino,Kansas Man Accidentally Subscribes to an AOL,sarcasm,0,0.8695981502532959,0.5219779014587402,0.34762024879455566,0.6014216542243958,0.0,227.11273193359375,8,1.0,0.0
1709,The importance of first responders: Because who needs emergency services when you have a strong WiFi signal and positive thoughts?,First responders Respond to emergency calls,sarcasm,0,0.7899118661880493,0.9579750299453735,-0.16806316375732422,0.73036128282547,0.003958864010356003,406.1840515136719,19,0.95,0.002891400997135195
1710,"returning jesus christ downed by u.s. missile defense 30,000 feet before making landfall",U.S. Missile Defense System Intercepts Target During Intercontinental Ballistic Missile Test,overstatement,0,0.6945858597755432,0.9037597179412842,-0.20917385816574097,0.45621219277381897,0.0,44.05345153808594,13,1.0,0.0
1711,"'without them you could buy anything,' whispers amazon echo as man stares blankly at family",Families Often Face Financial Hardships Without Emergency Medical Services,satire,0,0.6196456551551819,0.7705005407333374,-0.15085488557815552,0.31740474700927734,0.0,94.74227905273438,15,1.0,0.0
1712,"paul ryan mentally logs 4,613th missed opportunity to put stop to all of this",Paul Ryan Faces Scrutiny Over 2016 Presidential Election Loss,sarcasm,0,0.5153945684432983,0.7597343325614929,-0.24433976411819458,0.43336397409439087,0.0,124.2996597290039,14,1.0,0.0
1713,A series on internet immortality – because your tweets will definitely outlive you.,A Series on Twitter Extends Life,irony,0,0.8540465235710144,0.854193925857544,-0.00014740228652954102,0.7111126184463501,0.015118370289367042,942.0615844726562,11,0.8461538461538461,0.0107508638831133
1714,god shuts down andromeda galaxy,Satirical Image Depicts a God Closing a Andromeda Galaxy,overstatement,0,0.8443441987037659,0.798049807548523,0.04629439115524292,0.7118625044822693,0.0,655.3390502929688,9,1.0,0.0
1715,"Sylville Smith's father blames himself for being 'wrong role model' – no pressure, dad, just casual self-blame.",Sylville Smith's Father Defends His Character Amid Sexual Harassment Allegations,understatement,0,0.7125334143638611,0.5965325832366943,0.11600083112716675,0.6149206161499023,0.02216377473408693,141.58204650878906,15,0.8823529411764706,0.013628962015692374
1716,Hey NC! Check out NYC's awesome move for trans people—if only you cared.,NYC Continues to Receive a Surge in Transgender People,sarcasm,0,0.9062114357948303,0.8176621198654175,0.08854931592941284,0.5909405946731567,0.0,88.66034698486328,13,1.0,0.0
1717,Willam from Drag Race on group breakup – the world wasn't ready for such profound musical tragedy.,Willam from the Drag Race Breaks Up During a Mental Health Discussion,overstatement,0,0.5827088356018066,0.8056060075759888,-0.22289717197418213,0.6464650630950928,0.03550911559479195,341.4953308105469,14,0.8235294117647058,0.022955402653438123
1718,Marital rape not a crime in India? But at least one judge is trying to change it – Progress!,Indian Judge Says Sexual Assault Does Not Constitute Criminal Offense in India,understatement,0,0.9620810747146606,0.8637820482254028,0.09829902648925781,0.7563132047653198,0.009505116453442368,162.27432250976562,19,1.0,0.0071888450865705686
1719,ghost of brando urges man to finish whole cheesecake,An employee at a branded cheesecake,satire,0,0.5877695679664612,0.9073537588119507,-0.3195841908454895,0.5106304883956909,0.024761510494160165,351.1480712890625,8,0.8888888888888888,0.01264398219704803
1720,"Latina Student Faces Backlash for Filming 'Build a Wall' Chant, Because Tolerance is Key",Latina Student Faces Backlash for Filming 'Build a Wall' Chant,sarcasm,0,0.8555517792701721,0.7854630351066589,0.07008874416351318,0.9330384731292725,0.5899565399238539,136.72142028808594,5,0.35714285714285715,0.5504521492231813
1721,universal remote latest step in area man's plan for total living room domination,Man Sets a Universal Remote for a Living Machine,satire,0,0.9603347778320312,0.5029721856117249,0.4573625922203064,0.5802869200706482,0.015375695992413887,896.75341796875,12,0.9230769230769231,0.008922315271380463
1722,"Finally, Wapo shares photos of Jason Rezaian not in prison – what a relief for everyone.",Satirical Image Shows Jason Rezaian in a Prison,sarcasm,0,0.9861595034599304,0.7579830884933472,0.22817641496658325,0.6902657151222229,0.0256976373216606,134.57382202148438,12,0.75,0.01773819800278758
1723,Preparing for retirement after a divorce. Because nothing makes financial planning simpler than splitting all your assets and starting over.,Experts Note Splitting Assets Is Most Effective Planning,sarcasm,0,0.6581782102584839,0.936011791229248,-0.27783358097076416,0.4947524964809418,0.0,1755.7034912109375,20,1.0,0.0
1724,systems administrator would so fuck new trainee,Systems Administrator Faces Criticism Over Inappropriate Treatment of a Trainee,sarcasm,0,0.5415728092193604,0.6139658093452454,-0.07239300012588501,0.723923921585083,0.0,148.12364196777344,10,1.0,0.0
1725,You owe me!—the universal cry of the entitled,The Call of the entitled,sarcasm,1,0.5022538304328918,0.6706021428108215,-0.1683483123779297,0.6214209794998169,0.14593713362172633,1949.433349609375,5,0.625,0.09068839652060884
1726,Marry him? Only if you're aiming for a lifetime of 'I told you so',Marry a Successor,sarcasm,1,0.8544936180114746,0.6388149857521057,0.2156786322593689,0.44565528631210327,0.0034538747625737945,610.4110717773438,12,0.8571428571428571,0.0015392375462009722
1727,high school suspends hunky student for wearing shirt,High School suspends a student for a shirt,sarcasm,0,0.8912132382392883,0.9114401340484619,-0.020226895809173584,0.9125134944915771,0.06985342056580097,139.5131072998047,4,0.5,0.06374218890268885
1728,"Paul Ryan crushes a Trump-loving opponent? In the GOP? That's like the pot calling the kettle black, but with more drama.",Paul Ryan Hacks Down on an Opponent in the GOP Senate,irony,1,0.7667392492294312,0.5167967677116394,0.24994248151779175,0.6244323253631592,0.017774027710448885,164.54815673828125,18,0.8571428571428571,0.011098677454304826
1729,nation not sure what signals it gave off to make candidates think it would be into them,Voters Express Concern Over 2016 Presidential Candidates Amid Negative Reactions,sarcasm,0,0.7409563064575195,0.5347561836242676,0.20620012283325195,0.4038899540901184,0.0,184.26235961914062,17,1.0,0.0
1730,"Jason Miller declines top job—shocking, since Trump's administration is known for its stability and competence.","Jason Miller Departs the Administration, Citing Trump Administration's Stability and Competibilities",irony,0,0.9534898400306702,0.8966420292854309,0.05684781074523926,0.6631152629852295,0.030667173634794157,333.54974365234375,12,0.8,0.020335870909850225
1731,sad 38-year-old googles 'jobs caring for baby animals',Man works on a laptop in a office environment,sarcasm,0,0.8715763092041016,0.8471221923828125,0.024454116821289062,0.03291860967874527,0.0,59.69772720336914,9,1.0,0.0
1732,look at it: it's goddamn beautiful,Mount Rushmore in a Savanna,sarcasm,1,0.6546529531478882,0.8320797681808472,-0.17742681503295898,0.18333478271961212,0.0,218.94700622558594,6,1.0,0.0
1733,Terror suspects planned attack; French security impressed.,Terrorists Reportedly Plan an Attack in France,sarcasm,0,0.8853873610496521,0.9055746793746948,-0.020187318325042725,0.7709043025970459,0.0,148.17330932617188,7,1.0,0.0
1734,halloween unfortunately not only night of year area man drunk in firefighter uniform,Firefighters Battle a Heavy Rain in a Firefighter Uniform,understatement,0,0.6513538956642151,0.6135119795799255,0.03784191608428955,0.4341167211532593,0.015375695992413887,7521.09130859375,13,1.0,0.006674846729676025
1735,Sammy Davis Jr. smoothly recovers from a tiny on-stage blunder.,Jimmy Davis Jr. performs on astage at the Oscars,understatement,0,0.6004055738449097,0.7001131176948547,-0.09970754384994507,0.38562309741973877,0.04537922867531812,446.6175842285156,8,0.8,0.017499278720294803
1736,"Why does this town have two grenade launchers? For community defense, obviously.",Residents Voice Concerns Over Local Government Infrastructure and Flood Prevention Proposals,rhetorical_question,0,0.7410129904747009,0.6260790228843689,0.11493396759033203,0.11403968930244446,0.0,184.5812225341797,12,1.0,0.0
1737,"old, wizened fantasy character confirms that the darkness is rising",A Fantasy Wizard Claims the Darkness Is Rising,satire,1,0.8743153214454651,0.5472698211669922,0.3270455002784729,0.7854171395301819,0.02163211878762423,1609.0550537109375,9,0.9,0.016990236860152927
1738,"Under Trump, union rules tilted for employers? Big surprise, given his pro-worker stance.",Trump Signs a Pro-Workplace Labor Bill,sarcasm,0,0.9661652445793152,0.9640859365463257,0.002079308032989502,0.6252440214157104,0.0,199.86663818359375,13,1.0,0.0
1739,doctor informs woman he's overweight,Nepotism Awareness Among Patients,sarcasm,0,0.9286091923713684,0.7557685971260071,0.17284059524536133,0.19018447399139404,0.0,1060.200927734375,5,1.0,0.0
1740,How to clean your grill with aluminum foil and elbow grease – the secret technique chefs hate!,How to Properly Clean an Aluminum Refrigerator,overstatement,1,0.5077571868896484,0.800165057182312,-0.2924078702926636,0.5465331077575684,0.016740444637597465,41.74186706542969,15,0.8823529411764706,0.009149207233029663
1741,pope francis spends weekend installing stained glass storm windows in st. peter's basilica,Pope Francis Inspects Window Restoration at the St. Peter's Basilica,sarcasm,0,0.7791915535926819,0.759218692779541,0.01997286081314087,0.8293604850769043,0.0,97.78048706054688,13,1.0,0.0
1742,new study finds box still world's most popular container,Study Examines the Versatility and Use of a Box,understatement,1,0.8750542402267456,0.7400598526000977,0.13499438762664795,0.5342501401901245,0.0,179.6660919189453,9,1.0,0.0
1743,daddy issues worked out on dance floor,Tom Hanks Greets the Dance Floor at the Georgia Dance Floor,sarcasm,1,0.7679085731506348,0.6262660622596741,0.1416425108909607,0.38681843876838684,0.0,140.04672241210938,11,1.0,0.0
1744,nursing-home residents mate in captivity,Two elderly women at a Kansas Nursing Home,irony,0,0.7820606231689453,0.6382830142974854,0.14377760887145996,0.3612893223762512,0.0,235.2548828125,8,1.0,0.0
1745,depleted bruegger's bagels gift card living out quiet retirement in wallet's fourth row,Brugger's Bagels Receives a Retirement Gift,satire,1,0.7141883373260498,0.7527511715888977,-0.0385628342628479,0.8045722842216492,0.0,372.33966064453125,13,1.0,0.0
1746,Son repays mom's 20 years of care with 20 adventures—because who needs gratitude when you have a scavenger hunt?,Son Shares 20 Years of Care with His Mother Amid a Scavenger Hunt,understatement,1,0.648469090461731,0.6668888926506042,-0.01841980218887329,0.6952245235443115,0.014644332236416991,118.98307037353516,14,0.7368421052631579,0.010181098901687604
1747,"breaking: fuck, fuck, fuck, this got out of hand",News Networks Surge Surge Following the Breakups,overstatement,0,0.9487968683242798,0.9657524824142456,-0.01695561408996582,0.2121376246213913,0.0,3969.43798828125,9,1.0,0.0
1748,grandson has long hair,Grandmother maintains a long hair,understatement,0,0.6153618693351746,0.5862323641777039,0.029129505157470703,0.647449254989624,0.11362193664674995,1036.3651123046875,3,0.6,0.07356443823241651
1749,eco-friendly junkies launch needle re-use program,San Francisco Heroin Users Propose a Needle Reuse Program,satire,0,0.9477155804634094,0.8524793982505798,0.09523618221282959,0.613498330116272,0.0,392.8555908203125,9,1.0,0.0
1750,specifics of hostile takeover fiercely boring,Octagon Corporation Acquires Controlling Stake in a SoftWave International Following Rejected Bid,understatement,1,0.9441094398498535,0.751181423664093,0.1929280161857605,0.22269025444984436,0.0,805.20068359375,12,1.0,0.0
1751,Hugh Hefner fans thank him for the articles: because Playboy was always about the thought-provoking content.,Playboy Fans Response to Hugh Hefner's Controversial articles,satire,0,0.9591487050056458,0.8251968622207642,0.1339518427848816,0.8483420610427856,0.012151662434083681,226.39598083496094,16,1.0,0.010308766354426744
1752,report: america ready for third ketchup brand,PepsiCo Launches a Newetchup Brand,irony,0,0.8825516700744629,0.878693163394928,0.003858506679534912,0.4537982642650604,0.0,403.9364013671875,7,1.0,0.0
1753,"despite armie hammer profile in 'good housekeeping' magazine, 'lone ranger' a flop at box office",Armie Hammer Featured in a 'Good Housekeeping' Magazine,irony,0,0.8234732151031494,0.7367989420890808,0.0866742730140686,0.7163861393928528,0.013769637489372186,165.7535858154297,13,0.8666666666666667,0.009864377441850435
1754,scientists announce shrimp just as dumb as they thought,Researchers Announce Shrimp Restoration Following a Deepwater Horizon Oil Spill,satire,0,0.9327213764190674,0.8155169486999512,0.11720442771911621,0.4926776885986328,0.0,154.05287170410156,10,1.0,0.0
1755,"Fear is such a hilarious concept, everyone's laughing.",Person Laughing at a Fear,sarcasm,0,0.9689738154411316,0.8102089762687683,0.15876483917236328,0.7419843673706055,0.035065941041239286,238.16558837890625,7,0.875,0.026018380079738883
1756,"John Kasich decides not to run in 2020, sparing us from another candidate.",John Kasich Plans to Run for 2020 Presidential Election in Ohio,sarcasm,1,0.609801709651947,0.5166572332382202,0.0931444764137268,0.6979014873504639,0.039524926351130286,107.92973327636719,10,0.7692307692307693,0.02758450488787137
1757,20 struggles every tall girl knows: like being a human giraffe and never fitting in cars.,A New Year's Resolutions for the 20-Year-Old,overstatement,1,0.8256348967552185,0.6054072976112366,0.22022759914398193,0.3848941922187805,0.0,14.330710411071777,16,1.0,0.0
1758,"Massachusetts is the best place for women, if you're into that whole equality thing.",Massachusetts is the Best State for Women in Equality,sarcasm,0,0.6121832728385925,0.9386038780212402,-0.3264206051826477,0.916285514831543,0.07317324884772676,109.170166015625,10,0.7142857142857143,0.06704758799233593
1759,obama to wait for next bruce springsteen album for word on economy,President Obama Administration Waits for Additional Economic Stimulus from Springsteen Music,satire,0,0.9129682779312134,0.9308121800422668,-0.017843902111053467,0.7150477170944214,0.017212239801819764,593.2114868164062,12,1.0,0.012307572776372958
1760,Who has solved the student debt crisis? Certainly not us.,Report Examines Impact of Student Debt Crisis,rhetorical_question,0,0.5989684462547302,0.5385417342185974,0.06042671203613281,0.7481980323791504,0.0,248.6612091064453,10,1.0,0.0
1761,So we should just accept it? Great diplomatic strategy.,Israel's Diplomatic Response Draws Criticism From Diplomats,rhetorical_question,0,0.9848572015762329,0.8679741024971008,0.11688309907913208,0.4010140597820282,0.0,92.93159484863281,9,1.0,0.0
1762,Making a living and a loving: the romantic ideal that ignores rent and reality TV.,Rising Vetting Standards for Actors in Reality Television,sarcasm,0,0.8971685171127319,0.8561322689056396,0.041036248207092285,0.4308743476867676,0.0,317.15643310546875,15,1.0,0.0
1763,gunman opens fire in own mcdonald's,Gunman opens a McDonald's in a residential kitchen,sarcasm,0,0.5062794089317322,0.7808391451835632,-0.27455973625183105,0.8239340782165527,0.03303164318013808,200.565673828125,6,0.75,0.02721589647560515
1764,Rescued lion obsessed with blankets since baby – he's basically a security blanket addict.,A Lion Poses on a Blanket,overstatement,1,0.7601370811462402,0.7905629873275757,-0.03042590618133545,0.6457296013832092,0.010761308100691222,360.9743347167969,13,0.9285714285714286,0.006948895190221243
1765,woman's parents accepting of mixed-attractiveness relationship,Denver Woman's Parents Accept Daughter's Relationship Despite Initial Hesitation,satire,0,0.9264019131660461,0.6868553161621094,0.23954659700393677,0.5242143273353577,0.0,1061.76318359375,9,1.0,0.0
1766,Three minutes of breathing ends work stress. Who needs vacations?,Three minutes of Breathing Essential for Office Stress,overstatement,0,0.8406567573547363,0.6906701922416687,0.14998656511306763,0.748813271522522,0.10706237461457326,885.1723022460938,7,0.7,0.0801697269921084
1767,"Trump's 'do not congratulate' blunder is the meme to end all memes, surpassing all previous internet failures.",Users Engage Following Trump's Tweets on the Internet,overstatement,0,0.8971827030181885,0.8752604126930237,0.021922290325164795,0.34072935581207275,0.010723804459332433,110.59869384765625,16,0.9411764705882353,0.003653914985282973
1768,Kim Kardashian just wore her most confusing look yet – I'm utterly baffled.,Kim Kardashian Wears a Makeup,overstatement,0,0.6621693968772888,0.8582295775413513,-0.1960601806640625,0.6947572827339172,0.022939873376788145,117.23591613769531,11,0.8461538461538461,0.015937644093517462
1769,To your health! Cheers from the fast-food line and soda machine.,Fast Food Cheers Customers at a Convenience Store,irony,0,0.9702900648117065,0.977762758731842,-0.007472693920135498,0.5192129015922546,0.019090277826420414,113.57093048095703,10,0.9090909090909091,0.009911918542458023
1770,Weekend roundup: Orlando shooting shows clash of civilizations within—let's oversimplify complex tragedies!,Florida Shooting Reigns Debate Over Gun Violence Following Orlando Nightclub Shooting,sarcasm,0,0.6196844577789307,0.75075364112854,-0.13106918334960938,0.5168056488037109,0.017212239801819764,128.4808807373047,12,1.0,0.00889538275814452
1771,This will make you never want to check a bag—unless you enjoy losing your stuff.,This will Make It Difficult for you to Check a Bag,irony,1,0.6144692897796631,0.8341288566589355,-0.21965956687927246,0.7789565920829773,0.034844636598674615,103.5154037475586,12,0.8,0.027142459377273363
1772,'what about that whole birth certificate thing?' romney suggests to staff,Romney Proposes to staff for a birth Certificate,sarcasm,0,0.6554346084594727,0.8497918248176575,-0.19435721635818481,0.8434320688247681,0.0446778805361507,1167.059326171875,11,1.0,0.037682757211311424
1773,overweight woman encased in geo metro,Geo Metro features a severely injured and overweight woman,understatement,0,0.6451323628425598,0.5357667803764343,0.10936558246612549,0.8536324501037598,0.050712153369465586,642.1254272460938,9,1.0,0.04328953973081454
1774,super fan attends screening of 'infinity war' dressed as marvel's vp of marketing,Super fan attends a screening of the action film 'inity War',satire,0,0.9487943649291992,0.773627758026123,0.17516660690307617,0.6770340204238892,0.04700332363672268,260.6869201660156,10,0.7692307692307693,0.031822849175055574
1775,panicked studio delays 'man of steel' to get more shots of people looking up in awe,Warner Bros. prepares for a Superman film,satire,0,0.9338053464889526,0.9060785174369812,0.027726829051971436,0.3005391061306,0.0,129.01788330078125,16,1.0,0.0
1776,Twitter's new anti-troll measure is 'perfectly timed'. If you enjoy watching the barn door get nailed shut five years after the horse bolted.,Twitter Launches a New Anti-Troll Measure,sarcasm,0,0.9470393061637878,0.9202242493629456,0.026815056800842285,0.5768375992774963,0.0,99.74398803710938,23,1.0,0.0
1777,new evidence suggests humans may have been dipping crunchy things into gooey things earlier than previously thought,Archaeological Evidence Suggests Humans May Have Conserved an Ice,satire,1,0.528409481048584,0.6501538753509521,-0.12174439430236816,0.39041098952293396,0.0,111.64454650878906,17,1.0,0.0
1778,trump turns on fox news and tells aides to make whatever they're saying a law,Trump Relies on Policy Decisions on Fox News for Legislative Guidance,satire,0,0.9642547965049744,0.9497930407524109,0.014461755752563477,0.673084020614624,0.01310368481704471,129.9386749267578,14,0.9333333333333333,0.008819880861523258
1779,study: other countries weird,Study Examines Cultural Differences Across the U.S. Systems,overstatement,0,0.907645046710968,0.7614769339561462,0.14616811275482178,0.3821296691894531,0.0,90.45377349853516,8,1.0,0.0
1780,writer unwilling to admit his screenplay perfect fit for justin long,Screenwriter Agrees to Release a Direct Copy of a Film,sarcasm,0,0.6462348699569702,0.5219687819480896,0.12426608800888062,0.45911353826522827,0.01909690192411307,202.64366149902344,10,0.9090909090909091,0.008767646212283597
1781,13 reasons to feel hopeful? Let's count the ways this month is terrible instead.,Americans Report Ongoing Crisis and Resilience Following Hurricane Sandy,irony,0,0.570569634437561,0.8307737112045288,-0.2602040767669678,0.209880992770195,0.0,103.71698760986328,14,1.0,0.0
1782,area man unsure if he's supposed to want hugo chavez to die or not,Supporters gather in San Jose for a hug from Fidel Castro,sarcasm,0,0.8675930500030518,0.9083736538887024,-0.040780603885650635,0.35094624757766724,0.0,92.50155639648438,14,1.0,0.0
1783,man attempting to determine whether restaurant closed without getting too close,Man Sets a reasonable observation at a Jacksonville Chinese Restaurant,understatement,0,0.6339868903160095,0.6821708679199219,-0.048183977603912354,0.4733065962791443,0.0,1952.6429443359375,11,1.0,0.0
1784,report: getting out of bed in morning sharply increases risk of things getting even worse,Researchers Warn Getting a Bad Morning,overstatement,0,0.706593930721283,0.6869176626205444,0.019676268100738525,0.6916688680648804,0.0,1624.8214111328125,15,1.0,0.0
1785,nation urged to be extra sensitive to men reliving trauma of not getting something,Americans Raise Awareness and Awareness Following Tragedies,irony,0,0.8894307017326355,0.9146798849105835,-0.025249183177947998,0.41879802942276,0.0,179.2938995361328,14,1.0,0.0
1786,unstable couple playing with fire by organizing game night,Firefighters Organize a Game Night in a Municipal Building,irony,0,0.7104468941688538,0.9283047318458557,-0.21785783767700195,0.570284903049469,0.0,2420.779541015625,9,1.0,0.0
1787,millionaire thinks of self as upper-middle class,A $1.5 Million Executive With a Net Worth,understatement,0,0.9379574060440063,0.8662351965904236,0.07172220945358276,0.3952353596687317,0.0,52.73991394042969,8,1.0,0.0
1788,corn lobby tightens the screws,The Corn Lobby Opens,sarcasm,0,0.6896950602531433,0.5487913489341736,0.14090371131896973,0.6412926912307739,0.0,3013.34228515625,5,1.0,0.0
1789,coworkers unable to put finger on what's weird about gary,Employees Struggle to Identify the Sign of the Gary,understatement,0,0.8489276170730591,0.7778881192207336,0.07103949785232544,0.6400803327560425,0.02145851237135921,247.18099975585938,9,0.9,0.013735171739109257
1790,Tom Cruise's ankle-breaking stunt in slow-mo; he risks it all for art.,Tom Cruise performs an ankle-breaking stunt in a slow-mo,overstatement,0,0.8586983680725098,0.8110756278038025,0.047622740268707275,0.8699096441268921,0.09138232906466222,161.52732849121094,10,0.8333333333333334,0.07949436935612686
1791,"The last broadcast? Good riddance, if it was anything like the noise before.",The Last Broadcast Was An Annoying Evening,understatement,1,0.5771601796150208,0.8222360014915466,-0.24507582187652588,0.7173379063606262,0.014017732413740807,363.5177917480469,12,0.9230769230769231,0.010055450821596318
1792,officemates unwittingly spend entire workday talking to each other on grindr,Two MIT Researchers spend a majority of the day talking on a G grind,sarcasm,0,0.9435355067253113,0.9542713165283203,-0.010735809803009033,0.5139467716217041,0.018798317647335087,513.4285278320312,12,0.8571428571428571,0.009661334666767175
1793,pope francis worried about job security after butting heads with new god,Pope Francis Faces Scrutiny Over Job Security Following Clashing with the God,sarcasm,0,0.8955971598625183,0.7530854344367981,0.14251172542572021,0.9035328030586243,0.017033186037639283,199.1982421875,11,0.9166666666666666,0.015390042325607242
1794,coroner's report concludes alton sterling died of institutionalized causes,Alton Sterling Dies at 91,sarcasm,1,0.6223698258399963,0.8810970783233643,-0.2587272524833679,0.7983435392379761,0.0,115.08294677734375,9,1.0,0.0
1795,netflix adds thousands of mediocre new subscribers,Netflix Adds Thousands of New Subscribers,irony,0,0.9732003211975098,0.9341734051704407,0.03902691602706909,0.901870608329773,0.03455747170954952,79.79624938964844,6,0.8571428571428571,0.031166368033030346
1796,hollywood maintenance crews sent out to patch up film industry's plotholes,Hollywood Maintenance Workers Deployed to Patch Up Film Industry's Potholes,satire,0,0.9801596403121948,0.9519666433334351,0.028192996978759766,0.8473886251449585,0.01909690192411307,267.43414306640625,10,0.9090909090909091,0.016182497466002286
1797,Arab power meets smart power: where oil meets empty phrases.,Saudi Arabia Faces International Scrutiny Over Monopolies in Civilian Services,irony,0,0.8067470788955688,0.8854081034660339,-0.07866102457046509,0.4122852087020874,0.0,102.910888671875,10,1.0,0.0
1798,woman ejected from bed in cracker-eating incident,Woman Gets ejected from a cracker,overstatement,0,0.5501868724822998,0.5392596125602722,0.010927259922027588,0.789670467376709,0.07308015504567583,1612.8797607421875,6,0.8571428571428571,0.057709240190881195
1799,Restaurant bans tips to pay livable wage: because who needs customer generosity anyway?,Arizona Restaurant Temporarily Halt Tips to Customers,irony,0,0.8276718258857727,0.748751699924469,0.07892012596130371,0.6144000887870789,0.01666998712262484,368.2568054199219,13,1.0,0.010242041568220164
1800,These girl scouts want something done about Flint's water crisis – because nothing says 'environmental justice' like selling Thin Mints.,Girl Scouts Demand Immediate Action Amid Flint Water Crisis,sarcasm,0,0.9525579214096069,0.6130346059799194,0.3395233154296875,0.6970954537391663,0.0,287.099853515625,20,1.0,0.0
1801,"Violence Erupts at Pro-Trump Rally? How Unexpected, Given the Peaceful Vibes.",Violence Erupts at Trump Rally in Tampa,sarcasm,0,0.9146199822425842,0.8342232704162598,0.08039671182632446,0.7844910621643066,0.09232083327419663,57.607032775878906,8,0.7272727272727273,0.07242486855516837
1802,mommy having sleepover,Rhode Island Mother Plans a Sleepover,irony,0,0.6456950306892395,0.6114134192466736,0.03428161144256592,0.5959036350250244,0.0,557.6635131835938,6,1.0,0.0
1803,"Shocked? Really? After years of questionable comedy, who saw that coming?",After decades of questionable comedy,sarcasm,0,0.651486873626709,0.8938870429992676,-0.2424001693725586,0.524672269821167,0.0378731670885409,1358.64599609375,8,0.7272727272727273,0.019871000541661073
1804,These moderately interesting 360-degree photos might slightly remind you of a vacation.,NASA Researchers Propose 360-Photo Captures as a H vacation,understatement,0,0.5596402883529663,0.8773283362388611,-0.3176880478858948,0.7270382642745972,0.017182633466700372,1196.9039306640625,12,1.0,0.012492432011296442
1805,Kate Hudson's vocal triumph on Prince's classic redefines music forever,Kate Hudson performs a Vocal victory over Prince's classic,overstatement,0,0.6621142625808716,0.5980436205863953,0.06407064199447632,0.8639031648635864,0.05022037190492093,613.4840087890625,9,0.9,0.04338553822928753
1806,michael cohen granted prison work release for new job with trump 2020 campaign,Michael Cohen Undergoes a Prison Release for a 2020 Presidential Campaign,irony,0,0.882926344871521,0.5498722195625305,0.3330541253089905,0.8903020620346069,0.018690183721524995,229.47341918945312,12,0.9230769230769231,0.016639909107079347
1807,Hollywood executive: 'We should have done more to stop Harvey Weinstein' – said everyone after it was too late.,Hollywood Executives Call for Immediate Action Amid Sexual Harassment Allegations,satire,0,0.8634169697761536,0.8455185890197754,0.017898380756378174,0.44257187843322754,0.008580791159409903,33.21290588378906,18,0.9473684210526315,0.003797616861863273
1808,green party official caught embezzling campaign funds for dime bag,Former Green Party Officials Face Scrutiny Over Alleged Fraud in a Donor Bag,satire,0,0.770621120929718,0.6465276479721069,0.12409347295761108,0.6903989315032959,0.0,90.2906265258789,13,1.0,0.0
1809,11 great things about preschoolers: like miniature humans who destroy everything.,Parents Often Experience Psychological Stress When Preschool Children,overstatement,0,0.9861878752708435,0.7916994690895081,0.19448840618133545,0.3603694438934326,0.0,197.6354522705078,11,1.0,0.0
1810,Planned Parenthood apologizes for undercover video statements—a masterclass in damage control under pressure.,Planned Parenthood Issues Apology Following Release of undercover Video Statement,satire,0,0.9863944053649902,0.9033668637275696,0.08302754163742065,0.864288330078125,0.03659184730575803,383.63287353515625,11,0.8461538461538461,0.031625906602367346
1811,rash of high-speed chases threatens local fruit stand,High-Speed Chases Threaten a Fruit Stand in Rogers Park,satire,0,0.7236371636390686,0.6312035322189331,0.0924336314201355,0.8170675039291382,0.0,331.34185791015625,9,1.0,0.0
1812,Actors dating costars: the scandal that defines Hollywood decadence.,Actors End a Sexual Affair in the Academy Awards,overstatement,0,0.9602496027946472,0.892570436000824,0.06767916679382324,0.46615907549858093,0.028517539529041507,219.32223510742188,8,0.8888888888888888,0.013293709862352225
1813,Vice president Pence pushes expansive NATO and defense of European micro-states: does president Trump even know where Europe is?,Mike Pence Advocates for NATO and Defense of Europe in Europe,rhetorical_question,0,0.601725161075592,0.93936687707901,-0.33764171600341797,0.802151083946228,0.024222037568834013,172.98789978027344,14,0.7368421052631579,0.019429733691226463
1814,rick gates fondly recalls manafort finding him as hapless street urchin and teaching him how to pickpocket,Rick Gates Testifies Against Paul Manafort in Federal Fraud Trial,satire,0,0.6889218688011169,0.5135339498519897,0.1753879189491272,0.5587432384490967,0.0,119.899169921875,17,1.0,0.0
1815,study: uneducated outbreeding intelligentsia 2-to-1,Researchers examine the dynamics and challenges of outbreeding for immigrant workers,overstatement,0,0.5186909437179565,0.6987301707267761,-0.18003922700881958,0.5845474004745483,0.018850319022747353,200.52359008789062,10,0.9090909090909091,0.011018904982862895
1816,Simple Sicilian swordfish? Because Italian cuisine is notoriously simple. Not.,Simple Sicilian swordfish found in a kitchen,understatement,1,0.6566566824913025,0.5477654933929443,0.10889118909835815,0.7951045632362366,0.04550524645870584,262.91436767578125,8,0.8,0.03618142911050661
1817,"gifted, passionate student really stretching limits of school's resources",High School Senior Pursues Extensive Academics and Extracurricular Activities,sarcasm,0,0.57157963514328,0.8811657428741455,-0.3095861077308655,0.48782724142074585,0.0,73.56056213378906,9,1.0,0.0
1818,A minor incident: eight people politely detained as police gently dismantle a camp.,Police Detain a camp in a Forest,understatement,0,0.9033427834510803,0.5051453113555908,0.3981974720954895,0.5321294069290161,0.014017732413740807,1247.548095703125,12,0.9230769230769231,0.007459247635813541
1819,burger king unveils new low-fat cashier,Burger King Launches a Low-Fat Menu,satire,0,0.9350090026855469,0.8920465111732483,0.042962491512298584,0.6422972679138184,0.0,198.66505432128906,6,1.0,0.0
1820,"Democrats reopen government without dreamer protections, showing their commitment to... compromise?",Democrats Reopen Government Without a Bipartisan Compromise,sarcasm,0,0.8947052359580994,0.5216552019119263,0.3730500340461731,0.6969658136367798,0.018653567503517977,59.481746673583984,10,0.9090909090909091,0.013000898852318001
1821,all flights grounded after faa officials suddenly realize that man was not meant to fly,FAA Orders Immediate Grounding of All U.S. Flights,overstatement,0,0.9425837397575378,0.7690381407737732,0.17354559898376465,0.5672554969787598,0.0,67.27081298828125,15,1.0,0.0
1822,Milo Ventimiglia tries to defend Crock-Pot on Ellen – the slow cooker's savior has arrived.,Milo Ventimiglia Discusses the Evolution of the Slow Cooker,satire,1,0.9111883044242859,0.7947130799293518,0.11647522449493408,0.6462459564208984,0.02881411017115445,36.82968521118164,12,0.8,0.018621002185974844
1823,Michael Bolton crooning John Bolton's war chants is oddly soothing—like a lullaby for impending global conflict.,Michael Bolton Responds to John Bolton's Global Conflict Chant,satire,0,0.9438577890396118,0.8874570727348328,0.05640071630477905,0.7982611656188965,0.0329490162876213,233.11477661132812,13,0.8125,0.026301920147752584
1824,"Burglary suspect falls through restaurant ceiling, ruins dinner: The most unexpected dinner party crash.",Burglary suspect crashes into a restaurant ceiling,overstatement,0,0.5910192728042603,0.5704762935638428,0.02054297924041748,0.8238728642463684,0.028439110602897978,480.8824768066406,12,0.8571428571428571,0.023430211509028822
1825,clinton assures tim kaine she'll continue serving as president in event of her death,President Clinton and First Lady Tim Kaine Hold First Official Meeting in the White House Following President Clinton's Death,sarcasm,0,0.7195847630500793,0.8398881554603577,-0.12030339241027832,0.6734704971313477,0.010182425646195498,54.73920440673828,18,0.9473684210526315,0.0068575632619462664
1826,"Trump ominously tweets 'only one thing will work'? Let's all guess his mysterious, peaceful solution—or not.",Trump Tweets Reassuring Results in a Peaceful Ending,sarcasm,0,0.5138543844223022,0.9641101956367493,-0.450255811214447,0.5597919225692749,0.010218289380194194,269.1085205078125,15,0.9375,0.005720115857508113
1827,Corbett's friend messes with endorsements – democracy at its finest.,Former Ohio Governor Joe Corbett Endorses Hillary Clinton in Democratic Presidential Election,sarcasm,0,0.9781641960144043,0.7645564079284668,0.2136077880859375,0.47374677658081055,0.0,95.10437774658203,12,1.0,0.0
1828,family upgrades to shells & cheese,Family Switches to a Velveeta Shell & Cheese,understatement,1,0.5108417868614197,0.8463395833969116,-0.33549779653549194,0.6863638162612915,0.03303164318013808,392.6432189941406,6,0.75,0.022671724670500833
1829,biden urges paul ryan to check out nude scene from 'porky's' on phone,Vice President Biden Requests Paul Ryan to Review a Scene from 'Porky's',sarcasm,1,0.7143721580505371,0.6672833561897278,0.047088801860809326,0.8061292171478271,0.018636406807066564,120.36597442626953,13,1.0,0.015023352029829006
1830,newly discovered dna evidence suggests children could be closely related to humans,Study Suggests Children Are Biologically Human,irony,0,0.769978940486908,0.8626763820648193,-0.09269744157791138,0.6954183578491211,0.0,152.7388916015625,12,1.0,0.0
1831,girl finally speaking up enough for people to critique her speaking voice,Middle School Students Face Criticism Over Their Voice Over Social Media Comments,sarcasm,0,0.8644781112670898,0.8676497936248779,-0.003171682357788086,0.44885385036468506,0.0,126.9529800415039,12,1.0,0.0
1832,Millennials in Cuba: because Florida was too mainstream.,Mass Shootout in Cuba Leaves 20 Dead and 20 Wounded,satire,1,0.9353562593460083,0.5616616606712341,0.37369459867477417,0.2793574929237366,0.021105340631872645,129.57745361328125,9,0.9,0.005895935046221413
1833,Americans dislike media and Trump—who saw that coming? Everyone.,Public Disapproval of Media and Trump Amid Trump's Election Victory,rhetorical_question,0,0.7995400428771973,0.9219845533370972,-0.1224445104598999,0.6271193027496338,0.021105340631872645,147.23355102539062,9,0.9,0.013235566501353489
1834,"As a millennial, my election issues include: student debt, climate change, and why my coffee is cold.",As a Millennial Discusses Major Economic and Environmental Issues During Democratic Presidential Debate,satire,0,0.641208827495575,0.8799610733985901,-0.23875224590301514,0.5729749202728271,0.026731413347315904,181.34898376464844,15,0.8823529411764706,0.015316429431458318
1835,otherwise savvy woman duped by mascara makers again,Woman duped by a Mascot,sarcasm,0,0.8757376074790955,0.6719517707824707,0.20378583669662476,0.32381105422973633,0.06235704094727466,97.62316131591797,6,0.75,0.02019189916778384
1836,god completely fucked up after huffing gaseous planet,God Places a Warning on a Gaseous Planet,satire,1,0.6413348913192749,0.8345255851745605,-0.19319069385528564,0.7140554785728455,0.0,298.28759765625,8,1.0,0.0
1837,"lone, weak bystander targeted by pack of female friends who want their picture taken",Man Asked for a Photo at a Group of Friends Outside San Francisco Restaurant,irony,1,0.8223564624786377,0.5365068912506104,0.28584957122802734,0.3910382390022278,0.01428363257865929,158.10150146484375,14,1.0,0.005585446530113778
1838,laptop guy at coffee shop nine times out of ten,People Report Laptop Changes at the Coffee Shops,overstatement,0,0.8319811224937439,0.9185733795166016,-0.08659225702285767,0.6334775686264038,0.02163211878762423,562.15283203125,10,1.0,0.013703462013821747
1839,5 fun tips to prevent summer slide—as if kids ever stop learning.,Researchers Warn Children Will Risk Serious Injury on a Summer slide,understatement,1,0.7026941776275635,0.5120589137077332,0.19063526391983032,0.5802502632141113,0.0,1076.5660400390625,12,1.0,0.0
1840,"alan alda realizes it's less important than what's going on, but wonders if people know he's getting sag life achievement award",Alan Alderman Accepts the 2013 Grammy Award for Best Rap Performance,satire,0,0.8528578877449036,0.595267653465271,0.25759023427963257,0.3011476695537567,0.0,87.34249877929688,21,1.0,0.0
1841,Emergency wisdom? Who needs it when you have panic?,Experts Discuss the Importance of Emergency Gathering,rhetorical_question,0,0.8977000117301941,0.6749927401542664,0.22270727157592773,0.46047618985176086,0.024822529802838878,229.9046173095703,9,1.0,0.011430183946093027
1842,"Finally, an interactive globe to solve the earth-shattering mystery of global beer consumption.",Scientists Seek a Global Beer Consumption Event,sarcasm,0,0.8680114150047302,0.871610701084137,-0.0035992860794067383,0.7401624917984009,0.0,1581.0625,13,1.0,0.0
1843,'that's it? what the heck was that?' says dad in scorched-earth review of movie you suggested family watch together,Father Shares a Review of a Film Suggested for Family Movie Night,sarcasm,1,0.833890974521637,0.809415876865387,0.02447509765625,0.6599393486976624,0.009505116453442368,242.12596130371094,19,1.0,0.0062728003615801905
1844,'Tis the season for the groundbreaking 'Jingle Butts' video—a musical revolution we've all awaited.,Hollywood Audiences Prepare for a 'Jingle Butts' Video,overstatement,0,0.6892297267913818,0.9348811507225037,-0.24565142393112183,0.7413415908813477,0.03070662829160023,120.2565689086914,11,0.7857142857142857,0.022764100668297114
1845,Adding stress relief to your to-do list: the perfect way to stress about not having time for it.,Adding a Stress Relief to a To-Do List Is a Most Effective Method,irony,0,0.9389991164207458,0.7261974215507507,0.21280169486999512,0.8357630968093872,0.0125774279703401,91.18968963623047,17,0.9444444444444444,0.010511750150388448
1846,Faith groups rally against racism on the anniversary of MLK's death – because nothing says progress like repeating history.,Faith Groups Rally in Washington D.C. Following the Death of a Civil Rights Activist,irony,0,0.9321251511573792,0.7464345097541809,0.18569064140319824,0.6129654049873352,0.013152666606694629,31.924551010131836,17,0.8947368421052632,0.008062129613235974
1847,newly unearthed journals reveal j. robert oppenheimer annoyed trinity test researchers by quoting 'bhagavad gita' every time they did anything,Satirical article claims Oppenheimer annoyed Trinity Test researchers by constantly Quoting Bhagavad Gita,satire,0,0.8683648705482483,0.8423676490783691,0.02599722146987915,0.926231861114502,0.0212226747319313,284.3309326171875,17,0.85,0.019657117514784442
1848,"Senate Report on CIA Torture is Accurate: Mildly Disturbing, But Move Along",Senate Report on CIA Torture Faces Criticism Amid Ongoing Investigations,understatement,0,0.7327954173088074,0.5737545490264893,0.15904086828231812,0.828076183795929,0.3216094349518416,102.42646789550781,7,0.5833333333333334,0.266317113567686
1849,kidnapping going pretty smoothly,Kidnapping in a Chicago Home,irony,0,0.9864686727523804,0.661510705947876,0.3249579668045044,0.598332405090332,0.0,132.07733154296875,5,1.0,0.0
1850,A GOP strategist calls Trump a 'little child' – is that really the best insult we have nowadays?,GOP Strategist Calls Trump a Little Child During Campaign Rally in Iowa,rhetorical_question,0,0.6130867004394531,0.807044506072998,-0.19395780563354492,0.6364669799804688,0.02417847818858558,118.6817855834961,15,0.8333333333333334,0.0153888029932127
1851,"Ted Cruz Says GOP Planned to Cave: How shocking, politicians might lack backbone.",Ted Cruz Delivers Speech at Republican National Convention in Cave in Alabama,sarcasm,0,0.790195882320404,0.6844461560249329,0.10574972629547119,0.6108910441398621,0.033140738502115685,125.96424102783203,11,0.8461538461538461,0.02024538034712358
1852,"Revenge so creative it's basically art, because violence is genius.",Critics Highlight The Hardship of Mass Shootings in Horror Films,overstatement,0,0.9155049324035645,0.8824507594108582,0.0330541729927063,0.3736768066883087,0.0,101.18012237548828,10,1.0,0.0
1853,Gabby Reece dishes on fitness show—because we lacked exercise commentary.,Gabby Reece dishes on a fitness show,understatement,0,0.7606200575828552,0.8395667672157288,-0.07894670963287354,0.8411870002746582,0.28319415510892393,848.5377197265625,6,0.6,0.23821924183139198
1854,each line of mastercard billing statement evokes infuriating vacation memory,Credit Card Statement Reminds Travelers of Frustrating Summer Expenses,irony,0,0.6750159859657288,0.82155442237854,-0.14653843641281128,0.5972676873207092,0.02145851237135921,155.5658416748047,10,1.0,0.012816476057384544
1855,J.Lo and A-Rod donate $25k each? Because nothing says ‘thoughts and prayers’ like a tax-deductible photo op.,J.Lo and A-Rod Donate $25k for a Holiday Op.,rhetorical_question,1,0.8611707091331482,0.5744885206222534,0.2866821885108948,0.81653892993927,0.05543895224306197,214.20118713378906,12,0.7058823529411765,0.04526806274150412
1856,Ronnie Wood's cancer diagnosis had him saying 'time to say goodbye'? How utterly predictable and not at all alarmist.,Ronnie Wood Suffers a Cancer Diagnosis,sarcasm,1,0.8165721893310547,0.5607866048812866,0.25578558444976807,0.571896493434906,0.004676845221753116,293.12640380859375,18,0.9473684210526315,0.0026746713826584024
1857,Local actions: the unsung heroes saving Earth from your carbon footprint., heroes save Earth from a Carbon Pollution,sarcasm,0,0.9487091898918152,0.7082647085189819,0.24044448137283325,0.703752875328064,0.04365582670262632,235.725830078125,8,0.7272727272727273,0.030722913566796947
1858,'what were we talking about again?' says trump 15 seconds into phone call to family of fallen soldier,Trump Calls Late Into the Phone of a Fallen Soldier,sarcasm,1,0.6211259365081787,0.5065678358078003,0.11455810070037842,0.7101795077323914,0.009483240843460443,761.0763549804688,18,1.0,0.006734803313916445
1859,personals ad omits goiter,A People's Emergency Ad Featuring a Goiter,understatement,0,0.672260582447052,0.9058189392089844,-0.23355835676193237,0.5272380113601685,0.0,1599.9283447265625,7,1.0,0.0
1860,weird girl you drunkenly fooled around with waiting outside door,Intoxicated women successfully hypnotize and hypnotize peers,sarcasm,0,0.5754309296607971,0.9634736776351929,-0.38804274797439575,0.3159244656562805,0.0,342.9669494628906,10,1.0,0.0
1861,Florida passes bill to limit reproductive rights: Progress at its finest.,Florida Lawmakers Introduce a Bill to Restrict Reproductive Rights,sarcasm,0,0.9807619452476501,0.9149758219718933,0.06578612327575684,0.8830534219741821,0.022835060540062107,46.32579040527344,10,0.9090909090909091,0.02016457835088946
1862,Debt-free before retirement? Who needs financial security anyway?,Debt-Free Retirement Savings Remains a Vital Security,understatement,0,0.9101610779762268,0.8092306852340698,0.10093039274215698,0.8349853754043579,0.0,310.98944091796875,8,1.0,0.0
1863,supposedly educated professor has no idea how to get bird out of lecture hall,Kalamazoo College Professor Struggles to Remove a Bird from a Lecture Hall,sarcasm,1,0.7677398324012756,0.5099709033966064,0.2577689290046692,0.8219462037086487,0.014418280697523623,158.323974609375,14,1.0,0.011851051083335229
1864,study: human hearing most acute when listening to arguing parents from top of stairs,Research Examines Emotional Impact of Parental Arguments on Children,overstatement,0,0.8888117671012878,0.7326231598854065,0.15618860721588135,0.4901456832885742,0.013758777297397084,71.34451293945312,14,1.0,0.006743805299648017
1865,"report: just 2 more days and you can forget all of this, vanish into 'red dead redemption 2'",Red Dead Redemption 2 Launches in Two Days,satire,0,0.8960941433906555,0.5386818051338196,0.35741233825683594,0.6654290556907654,0.00795801177094546,170.78152465820312,18,1.0,0.005295492257916232
1866,not even julian assange clear on what's going on with him right now,Ecuador Grants Political Asylum to Julian Assange,irony,0,0.9567142128944397,0.8795687556266785,0.07714545726776123,0.5384293794631958,0.0,238.06396484375,13,1.0,0.0
1867,Mitt Romney outshines Sarah Palin in the race to be most irrelevant.,Mitt Romney Outshines Sarah Palin in the Presidential Race,overstatement,1,0.5913570523262024,0.6539149880409241,-0.06255793571472168,0.8583658933639526,0.2543314312919721,55.80957794189453,6,0.5,0.21830942623146637
1868,Darwin Award for political mailer – evolution's joke on voters.,Senator Darwin Accepts the 2008 Democratic Presidential Nomination,satire,0,0.9397506713867188,0.6262079477310181,0.3135427236557007,0.46519333124160767,0.02163211878762423,105.1629867553711,10,1.0,0.010063117400629082
1869,national security commission warns clinton: 'the call is coming from inside the house',National Security Commission Warns Clintons of Internal Security Risks,satire,0,0.6184309720993042,0.8175167441368103,-0.1990857720375061,0.7654886245727539,0.0,321.5859680175781,13,1.0,0.0
1870,Who needs shopping deals when you have peaceful protests and church pies?,Shoppers Seek Relief During Protests and Church P pies,understatement,0,0.580668568611145,0.8609157204627991,-0.28024715185165405,0.6846270561218262,0.017182633466700372,2691.113525390625,12,1.0,0.011763695766727445
1871,"The clean machine: it cleans so well, it might clean the entire planet!",A clean machine,overstatement,0,0.8880068063735962,0.851654589176178,0.03635221719741821,0.678192138671875,0.004053348212038093,5049.45068359375,12,0.9230769230769231,0.002748948892703935
1872,News roundup: because 2017 needed more recycled content,News Organizations Report Surge in Recycling Material in 2017,satire,0,0.9309030175209045,0.7812127470970154,0.14969027042388916,0.703607439994812,0.028517539529041507,388.475341796875,8,0.8888888888888888,0.020065152982979752
1873,new google streep view to provide panoramic imagery of meryl streep,Google Streep View to Support Meryl Streep,satire,0,0.713272213935852,0.7068031430244446,0.006469070911407471,0.8400185704231262,0.018653567503517977,546.9169311523438,10,0.9090909090909091,0.015669343107596455
1874,"Pregnant stars match in crop tops, proving maternity wear is all about comfort.",Two Pregnancy Stars Swim in a New Maternity Wear,irony,0,0.9805216789245605,0.9041541814804077,0.07636749744415283,0.6607581377029419,0.015375695992413887,503.1201477050781,13,1.0,0.010159616249833987
1875,poll finds majority of americans have never met willem dafoe,Satirical article explores philosophical skepticism regarding actor Willem Dafoe,overstatement,0,0.6018308997154236,0.7889788746833801,-0.18714797496795654,0.6172022223472595,0.0,236.66546630859375,10,1.0,0.0
1876,Watch Harry Potter actors get sorted—the event we've all been waiting for.,Harry Potter Casts in a Season Premiere,satire,1,0.9866470098495483,0.5578230023384094,0.4288240075111389,0.5780478715896606,0.03419615942951201,356.99517822265625,10,0.8333333333333334,0.019767017174770123
1877,"Trump's 'sexist smear' of Gillibrand prompts supporters to leap to her defense, because that's never happened before.",Trump's Allegations Against Gillibrand Raise Concerns Among Supporters,satire,0,0.8650731444358826,0.5731031894683838,0.2919699549674988,0.6366397142410278,0.010723804459332433,63.133575439453125,15,0.8823529411764706,0.00682719980656606
1878,"cnn headline news reporter unafraid to face the cold, hard factoids",CNN Headline News Journalists Face Criticism Over Fact-Based Reporting,satire,0,0.8266400694847107,0.9220388531684875,-0.09539878368377686,0.580396294593811,0.0,112.34610748291016,11,1.0,0.0
1879,Judge forgot to disclose GOP donation. Just a small oversight in a gerrymandering suit.,North Carolina Judge Declines to Prosecute a Redeiling Firm Over Bribery Concerns,sarcasm,0,0.6558627486228943,0.6201522350311279,0.03571051359176636,0.3645523190498352,0.018975524537465382,197.19151306152344,13,0.9285714285714286,0.006917571475320057
1880,"Addiction: the habit that's hard to quit, especially when it's killing you.",Experts Warn Addiction Is a Temporary Force,sarcasm,0,0.616197407245636,0.7110307812690735,-0.0948333740234375,0.6212476491928101,0.0,3896.09765625,12,1.0,0.0
1881,Because a comedian's take is exactly what policy needs.,A Comedian's Take Is a Sound Choice,satire,1,0.9742183089256287,0.5930755138397217,0.381142795085907,0.6086112856864929,0.024822529802838878,425.17413330078125,9,1.0,0.015107271777297057
1882,"Ancestry.com's quiet, unassuming pivot into saving humanity.",Ancestry.com Launches a Promotional Campaign Urging Readers to Support Humanity,satire,0,0.9807313084602356,0.8656238317489624,0.1151074767112732,0.6963251829147339,0.0,87.10626220703125,10,1.0,0.0
1883,The best Rent the Runway dresses for bridesmaids: because nothing says 'eternal memory' like a rented gown.,R Rent the Runway Releases a Wedding Dress,understatement,1,0.7109681367874146,0.8507195115089417,-0.1397513747215271,0.6461018323898315,0.04795831149696539,1116.6925048828125,13,0.7647058823529411,0.030985952936511664
1884,How to survive an unpredictable winter: move to the equator and never look back.,How to Survive a Polar Storm in the US,overstatement,0,0.8862431049346924,0.5380837321281433,0.3481593728065491,0.4960470199584961,0.03220031756509398,50.12049102783203,11,0.7857142857142857,0.015972871569882086
1885,"Buy experiences instead of things, because memories don't break.",Advertisers Often Choose Familiar Experiences Over Pro-Life Flaws,understatement,0,0.5654087662696838,0.9124485850334167,-0.3470398187637329,0.4166754484176636,0.0,229.35975646972656,9,1.0,0.0
1886,smooth transaction at dmv exaggerated into story anyway,DGM Vice President Mike Pence Addresses The Media During a Bank Statement,irony,0,0.6089878678321838,0.9197341203689575,-0.3107462525367737,0.1886153221130371,0.0,488.8807678222656,12,1.0,0.0
1887,Conservatives altering history? Shocker.,Conservatives Threaten to Change the History,sarcasm,0,0.9348829984664917,0.8228307366371155,0.11205226182937622,0.8680652379989624,0.040824829046386304,160.45291137695312,5,0.8333333333333334,0.03543861494241828
1888,"Donald Trump assures religious conservatives he's their guy, because his history of moral rectitude is so inspiring.",Trump Addresses Religious Freedom Issues During Campaign Rally in Iowa,irony,0,0.9740337133407593,0.8957650661468506,0.07826864719390869,0.5096784830093384,0.010480601989299657,74.92254638671875,16,0.9411764705882353,0.005341737322930903
1889,Sister calls Manson movie tacky—because nothing respects victims like a film.,Sister Calls Manson Movie a Hazing Despite References to Victims,sarcasm,0,0.8520771861076355,0.702338457107544,0.14973872900009155,0.7221060395240784,0.025132936350227657,2053.707275390625,9,0.8181818181818182,0.018148645129473638
1890,new yorkers cower as clinton victory speech reverberates across entire state,Hillary Clinton Wins a Primary in New York,sarcasm,0,0.9291963577270508,0.8998600840568542,0.029336273670196533,0.519658088684082,0.0,119.8036117553711,11,1.0,0.0
1891,local los angeles awards show slated to open for grammys,Grammy predictions heavily favor the Heavy Rock Stars at the 2018 Grammys,irony,0,0.8573143482208252,0.5839930176734924,0.27332133054733276,0.5884722471237183,0.0,325.9063720703125,12,1.0,0.0
1892,"Dope cannabis brand is unapologetically Asian-American, because diversity in weed is crucial.",Coke Launches a Marijuana Brand Targeting Asian-American Consumers,satire,0,0.9463440179824829,0.8726170063018799,0.07372701168060303,0.6544424891471863,0.0,300.740234375,12,1.0,0.0
1893,ghost of alvah roebuck enjoying the hell out of sears' decline,Alvah Roebuck Reflects on the 2008 IRS Decline,satire,1,0.7783946394920349,0.7038054466247559,0.07458919286727905,0.5898994207382202,0.019090277826420414,210.3589630126953,10,0.9090909090909091,0.011261343831537093
1894,'elle' magazine accidentally airbrushes naomi watts out of cover altogether,Noomi watts appears on the cover of a 'elle' magazine,irony,0,0.6295756697654724,0.8228756189346313,-0.19329994916915894,0.6015684604644775,0.056122223243057295,748.5934448242188,10,1.0,0.0337613594341697
1895,u.s. worried about living up to netanyahu campaign promises,U.S. Officials Express Concern Over Prime Minister Netanyahu's Resignation Amid Gaza Conflict,irony,0,0.9168403744697571,0.7941737771034241,0.12266659736633301,0.6404463052749634,0.0,26.275381088256836,12,1.0,0.0
1896,Trump orders Syria strikes? Another masterstroke in diplomatic foreign policy.,Trump Orders airstrikes in Syria Following Chemical Weapons Attack,sarcasm,0,0.9870060682296753,0.9345118403434753,0.05249422788619995,0.6945607662200928,0.028240990488565418,239.03334045410156,9,0.9,0.019615083992552348
1897,Science Journalism's Problem: Forgetting Reality Matters – What a Novel Idea.,The Science Journalism Movement Launches a Novel Idea,sarcasm,0,0.9611625075340271,0.9738909602165222,-0.012728452682495117,0.7559528350830078,0.0446778805361507,503.55023193359375,9,0.8181818181818182,0.03377437045680306
1898,samsung smart tv owner learning about majority of features from leaked cia documents,Samsung Smart Video Owner Faces Scrutiny Over Privacy Concerns After Leaked CIA Documents,irony,0,0.9235248565673828,0.6447925567626953,0.2787322998046875,0.7491889595985413,0.0,158.99903869628906,13,1.0,0.0
1899,nation's liberals not sure what to think after hearing special counsel has waterboarded every suspect in trump investigation,Liberals Express Uncertainty Over Investigative Tactics in Trump Probe,satire,0,0.8829695582389832,0.699299693107605,0.18366986513137817,0.548844575881958,0.008821858171866304,508.0383605957031,17,0.9444444444444444,0.004841829006828747
1900,Turkey's president calls Hitler's Germany example of effective government. Historical ignorance at its best.,Turkish President Criticizes Hitler's Execution in Vienna,sarcasm,0,0.926750898361206,0.8909744024276733,0.035776495933532715,0.5224248170852661,0.012151662434083676,236.85931396484375,13,0.9285714285714286,0.006348330024408064
1901,"Why Scott Walker's views on evolution are totally relevant – in a science class, maybe?",Scott Walker Discusses Evolution in a Science Class,irony,0,0.5680410861968994,0.8508053421974182,-0.2827642560005188,0.8531479239463806,0.02709850435615371,300.31219482421875,12,0.8,0.023119032733504487
1902,Trump disavows Nazis flawlessly—he's a natural at it.,"Trump Denies Nazi Holocaust Claims, Defends Anti-American Sentiment",sarcasm,0,0.9618381857872009,0.8889105319976807,0.07292765378952026,0.5788110494613647,0.02777619034011792,60.76405715942383,7,0.875,0.016077165880802276
1903,dying mastermind pulls red lever,Two men pull a lever at a red lever,overstatement,0,0.6519941091537476,0.7481411695480347,-0.09614706039428711,0.4827291667461395,0.050712153369465586,204.6920166015625,7,0.7777777777777778,0.024480235539944554
1904,"entirety of hollywood film industry replaced with 40,000 christopher plummers",Hollywood Grapples With Sexual Misconduct Allegations,overstatement,0,0.8625878095626831,0.9113105535507202,-0.04872274398803711,0.26798582077026367,0.0,211.12359619140625,10,1.0,0.0
1905,mike pompeo can't believe senate just expects he'll answer questions without being tortured first,Mike Pompeo Faces Hostile Testimony at Senate Intelligence Committee Hearing,sarcasm,0,0.6951315999031067,0.5871608853340149,0.1079707145690918,0.6835694313049316,0.0,56.688232421875,14,1.0,0.0
1906,dubious inclusions damage credibility of entire record collection,Inclusions in a Record Collection,understatement,1,0.6723410487174988,0.9426803588867188,-0.27033931016921997,0.6770439743995667,0.0,715.73291015625,8,1.0,0.0
1907,Government shutdown possible if Democrats hurt Trump's feelings – because governance is all about feelings.,Government Shutdown Threatens to Impact Trump's Emotions,overstatement,0,0.8951142430305481,0.6031971573829651,0.291917085647583,0.790850043296814,0.012527116798509994,211.93272399902344,13,0.8666666666666667,0.009907070862485875
1908,governor too embarrassed to say which state he leads,Governor Declines to Identify a Home State at Texas Poll,sarcasm,1,0.6528788805007935,0.5999795198440552,0.05289936065673828,0.4551837742328644,0.021105340631872645,218.98480224609375,10,1.0,0.009606808605286017
1909,Assad's forces take 'capital of revolution'—revolutionary in the most oppressive way.,Syrian Government Forces Capture a Capital of Revolution,irony,0,0.927763044834137,0.9305027723312378,-0.00273972749710083,0.6275770664215088,0.019090277826420414,1147.093017578125,11,1.0,0.0119806205554765
1910,city planner gets halfway through designing city before realizing he's just doing philadelphia again,Urban Planner Accidentally Models Philadelphia as a Philadelphia,sarcasm,0,0.9112268090248108,0.7512893080711365,0.15993750095367432,0.7791006565093994,0.0,946.9896240234375,14,1.0,0.0
1911,Can we make eco-friendly sportswear cool? Or will it forever be associated with hemp and guilt?,SportsSwear Technology Faces Environmental Backlash Amid Environmental Concerns,rhetorical_question,0,0.9021859765052795,0.7822868824005127,0.11989909410476685,0.46406108140945435,0.0,405.83673095703125,16,1.0,0.0
1912,"Amidst the unity speeches at the DNC, the money quietly flowed to the usual suspects.",Organizers Flow Money to the DNC Organizers Ahead of the Opening,irony,0,0.8954713344573975,0.9214985966682434,-0.026027262210845947,0.5779730081558228,0.030667173634794157,348.4674072265625,13,0.8666666666666667,0.017724798597338914
1913,Syria reports a minor incident with at least 18 casualties—just another Tuesday in conflict zones.,Syrian Civil War Continues Amid Heavy Violence and Heavy Violence,understatement,0,0.9577116966247559,0.7773598432540894,0.1803518533706665,0.47826850414276123,0.0,117.97007751464844,15,1.0,0.0
1914,index finger rips into toilet paper package like velociraptor claw,Person opens a toilet paper package,overstatement,0,0.7322514057159424,0.7545461058616638,-0.022294700145721436,0.49076762795448303,0.10373672493717558,486.8076477050781,7,0.7,0.05091062642918433
1915,report: fritz a fine name for a boy,Researchers Suggest Fritz Is a Generational Name for a Boy,irony,1,0.7005091309547424,0.5509276390075684,0.14958149194717407,0.8482080698013306,0.04939382737115371,646.5046997070312,7,0.7,0.04189624297458642
1916,Yelp fires employee for being poor: capitalism's golden rule,Yelp Faces Criticism Over Management Performance and Working Conditions at the Company,sarcasm,1,0.9821568131446838,0.5178154706954956,0.46434134244918823,0.6163660883903503,0.017033186037639283,324.4588928222656,11,0.9166666666666666,0.010498678250844856
1917,"catholic church speaks out against decadent, sinfully rich dessert",Catholic Church Faces Criticism Over Inadequate Diversity in the Deicing,irony,0,0.8936449885368347,0.7349737286567688,0.15867125988006592,0.3889687657356262,0.0,319.5505065917969,10,1.0,0.0
1918,obama hosts diplomatic talks at starbucks while oval office carpet cleaned,President Obama Holds Diplomatic Talks with Saudi King Salman During the Oval Office,irony,0,0.9544391632080078,0.900383472442627,0.05405569076538086,0.6521889567375183,0.0,48.8436393737793,13,1.0,0.0
1919,unsold google glass units to be donated to assholes in africa,Google Glass Units to Be donated in Africa,sarcasm,1,0.6790838837623596,0.5817353129386902,0.09734857082366943,0.903449296951294,0.025124218547395095,5676.7412109375,8,0.7272727272727273,0.022698457583094758
1920,The incredible tale of how a nerd in high-waisted pants conquered our hearts—truly a historical milestone.,A nerd in a high-waisted pants breaks the Internet,overstatement,0,0.8947760462760925,0.9433411359786987,-0.0485650897026062,0.5209765434265137,0.03483934298116585,211.5969696044922,13,0.8125,0.018150480481578555
1921,"Harry Styles comforts fan mid-panic attack, restores our faith in humanity, because pop stars are saints.",Harry Styles Suffers a Supernatural Attack in Miami,overstatement,0,0.9698972105979919,0.5837531089782715,0.38614410161972046,0.6019885540008545,0.023914346158980814,507.8397521972656,13,0.8125,0.014396162664120749
1922,brooks brothers unveils new line of monogramed cum rags,Brooks Brothers Launch a New Line of Monogramed cum rags,satire,0,0.8688639998435974,0.8349848985671997,0.033879101276397705,0.9643326997756958,0.04939382737115371,1331.283935546875,7,0.7,0.04763208290107932
1923,Supreme Court weighs if million-dollar tips are insider trading – a tough call for the billionaires.,Supreme Court weighs the Financial Impact of Insider Trading,sarcasm,0,0.8463484644889832,0.7399758696556091,0.10637259483337402,0.6825937032699585,0.05859255724531405,201.90435791015625,13,0.8125,0.039994910634135954
1924,"Will anything sink Trump? At this point, probably not.",President Trump Continues to Sink,rhetorical_question,0,0.949351966381073,0.7185605764389038,0.2307913899421692,0.705249547958374,0.0,174.3649444580078,9,1.0,0.0
1925,"wall street firm develops new high-speed algorithm capable of performing over 10,000 ethical violations per second",Wall Street Firm Unveils a High-Speed Algorithm Designed to Reduce Environmental Insecurity,satire,0,0.9490989446640015,0.9260726571083069,0.02302628755569458,0.6351330280303955,0.0,122.29539489746094,16,1.0,0.0
1926,thirtysomething scientists unveil doomsday clock of hair loss,Researchers Propose a Doomsday Clock for Shaving,satire,0,0.8354000449180603,0.7908740639686584,0.044525980949401855,0.6866973638534546,0.0,350.6285400390625,8,1.0,0.0
1927,"Presidents Day resolution: Trump must go—but he's already president, so...",Trump Signs a Federal Election Resolution,irony,0,0.7199481725692749,0.9314078092575073,-0.21145963668823242,0.5460846424102783,0.020960166113993737,962.5004272460938,9,0.9,0.011446024817220303
1928,"Chrissy Teigen gives the middle finger to pregnancy critics—so elegant, so maternal.",Chrissy Teigen Gives Birth to a Baby,sarcasm,0,0.9715963006019592,0.6400555968284607,0.33154070377349854,0.6747410297393799,0.0378442713638306,15.268158912658691,9,0.75,0.025535082629767586
1929,DOJ official suggests reporters might not be jailed—how magnanimous of them.,DOJ Officials Suggest Journalists Remain jailed for Prosecution,sarcasm,0,0.9565284252166748,0.7708673477172852,0.18566107749938965,0.8237155079841614,0.019090277826420414,1906.4044189453125,10,0.9090909090909091,0.015724957897348662
1930,"Tamra Judge on 'RHOC' Ahead: More Drama, More Tears, More Why Are We Watching This?",Tamra Judge Discusses Her Role on 'RHOC' Ahead of Release,sarcasm,1,0.8415427803993225,0.735159158706665,0.10638362169265747,0.7408897876739502,0.038284027691020926,165.8663330078125,13,0.8666666666666667,0.028364245147304123
1931,Seven secrets school leaders hide about New Orleans kids; it's all sunshine and rainbows.,Seven Secret School Leaders Hold a Press Conference in New Orleans,satire,0,0.9806860685348511,0.9463170766830444,0.03436899185180664,0.7102305889129639,0.03358575137215658,212.8347625732422,13,0.9285714285714286,0.023853627976131154
1932,"Clinton's bold pre-9/11 claim: hindsight is 20/20, right?",Hillary Clinton Defends the Historical Injustifications for the September 11 Attacks in Ohio,sarcasm,0,0.5723922848701477,0.9567013382911682,-0.3843090534210205,0.4783810079097748,0.0,130.1842041015625,13,1.0,0.0
1933,frustrated wildfire spends hours stuck in l.a. traffic,Wildfire Burns Amid Heavy Traffic Congestion in Los Angeles,irony,1,0.6483842134475708,0.504176914691925,0.14420729875564575,0.7577797770500183,0.023980296761827107,208.59756469726562,8,0.8888888888888888,0.01817178393377062
1934,lowe's unveils new table saw with attached ice chest for storing cut-off fingers,Lowe's Releases a new plastic breakfast table saw,satire,0,0.5041298866271973,0.758946418762207,-0.25481653213500977,0.627773642539978,0.03479516834752485,2161.640625,13,1.0,0.021843489576317425
1935,milosevic dreams he's slaughtering ethnic albanians in his underwear,Serbian regime orders mass executions of ethnic Albanians in Kosovo,satire,0,0.8780727386474609,0.9218060970306396,-0.04373335838317871,0.5966700315475464,0.025098621243978974,91.11141204833984,9,0.9,0.014975595129444852
1936,"You can listen to Prince online, if you're into that kind of tribute.",Fans Prefer Prince Music Over Digital Streaming,understatement,1,0.9545863270759583,0.7403712272644043,0.21421509981155396,0.5859542489051819,0.014017732413740807,693.435302734375,12,0.9230769230769231,0.008213749867847318
1937,elementary schooler clearly just learned to swear,Elementary School Students Often Learn to Swear,overstatement,0,0.8970006108283997,0.8998234868049622,-0.0028228759765625,0.8384026885032654,0.033031643180138064,231.0977020263672,6,0.8571428571428571,0.027693818447908303
1938,chimp actor looking to direct,Chimpanzees in a Detention Facility,satire,0,0.6950173377990723,0.7663550972938538,-0.0713377594947815,0.2946509122848511,0.0,110.51703643798828,5,1.0,0.0
1939,"Beyoncé's mom dares to exist near her daughter at an event, steals show. The horror.",Beyoncé attends the Academy Awards in London,sarcasm,0,0.5127025842666626,0.9062889814376831,-0.3935863971710205,0.30305349826812744,0.0,54.45225143432617,15,1.0,0.0
1940,"NBC secures Trump interview, MSNBC airs it so much you'll see it in your sleep.",NBC Seeks a Trump Interview Amid Continued Media Coverage,overstatement,0,0.9093399047851562,0.8492766618728638,0.06006324291229248,0.7042527794837952,0.014641392986898552,347.42266845703125,14,0.9333333333333333,0.010311241706537851
1941,Parenting guide: When to surrender to the toddler's demands (always).,Parents Often Agree to Agree With Toddlers' Demands,understatement,0,0.860048770904541,0.9200422763824463,-0.05999350547790527,0.7374266982078552,0.02163211878762423,73.73390197753906,9,0.9,0.015952101932797846
1942,From starving to starring—because the American Dream now includes a cooking show contract.,The American Dream Now Includes a Culinary Award,satire,0,0.8971400260925293,0.8566066026687622,0.04053342342376709,0.712877094745636,0.03479516834752485,488.7586364746094,10,0.7692307692307693,0.02480467852276883
1943,black history month celebration honors how sharp african americans looked in old-timey clothes,Satirical Article Critiques Fashion Trends at Black History Month in Africa,satire,0,0.9473751187324524,0.8338430523872375,0.11353206634521484,0.6120484471321106,0.01571650849186369,377.3890686035156,12,0.9230769230769231,0.0096192646167838
1944,open floor plan increases office shooter's productivity by 95%,Shooter Opens a Gun in a Chicago Open-Plan,satire,0,0.9787279963493347,0.5756204128265381,0.40310758352279663,0.5308679342269897,0.0,305.1388854980469,9,1.0,0.0
1945,"What does Honolulu's urban development mean? More tourists, less local culture. You decide.",Hollins Urban Development Highlights High Demand for Tourists and Cultural Change in the City,rhetorical_question,0,0.8915823698043823,0.6770982146263123,0.21448415517807007,0.48963189125061035,0.0,250.6151885986328,14,1.0,0.0
1946,UK retailer removes gender labels; controversy over whether clothes have genders.,UK Retailers Remove Gender Labels Amid Ongoing Debate Over Gender Labeling Concerns,irony,0,0.9175803661346436,0.8208534121513367,0.09672695398330688,0.8859169483184814,0.017033186037639283,121.64859008789062,11,0.9166666666666666,0.015089988194606361
1947,broken ornament relegated to lonely existence on side of tree facing wall,Broken Christmas Attached to a tree,understatement,1,0.8616448640823364,0.8797007203102112,-0.018055856227874756,0.48097938299179077,0.01786024416690236,867.7941284179688,10,0.8333333333333334,0.008590409219479428
1948,man worried about drug dealer who's not picking up phone,"Akron, Florida Officials Brief a Drug Dealer on a Call",irony,1,0.6079443693161011,0.5144781470298767,0.09346622228622437,0.586479127407074,0.0,487.70123291015625,10,1.0,0.0
1949,Leann Rimes wears 'interesting' pants—a fashion choice that defies all conventions and good taste.,"Leann Ronimes wears a ""interesting' pants at the Golden Globes",sarcasm,0,0.8819846510887146,0.9359105229377747,-0.05392587184906006,0.6507476568222046,0.016824108947695062,502.0323791503906,12,0.8571428571428571,0.010948249475834048
1950,search for 'kick-ass shelves' continues,Search for a Kick-A-Bucks DVD continues,satire,1,0.926193356513977,0.8493883609771729,0.0768049955368042,0.40880680084228516,0.048549177170732344,263.7828369140625,4,0.6666666666666666,0.019847233802692394
1951,grandmother can't believe they let people with tattoos on price is right,A Grandmother Regrets Splitting a Tattoo on a Smartphone,irony,1,0.7560495734214783,0.5768257975578308,0.17922377586364746,0.6108137965202332,0.017182633466700372,212.07901000976562,11,0.9166666666666666,0.010495389582010869
1952,bus rider acting like fight not happening 4 feet away,Greyhound Rider stands in a street,irony,0,0.6395704746246338,0.6652156114578247,-0.025645136833190918,0.5081532597541809,0.0,567.8614501953125,10,1.0,0.0
1953,Dan Licht discusses scoring Dexter – the show that makes murder look like a hobby.,Dan Licht Discusses The History of the Ordinary Murder,satire,1,0.9635722041130066,0.5705375075340271,0.3930346965789795,0.5731632113456726,0.02881411017115445,193.93560791015625,12,0.8,0.01651518791776689
1954,david byrne holds up old suit to show how far he's come in weight loss journey,David Arrne holds a weight loss suit,irony,0,0.8954358696937561,0.8556907176971436,0.03974515199661255,0.5440642833709717,0.02296500565659493,640.7728881835938,13,0.8125,0.012494439345165632
1955,"presidential debate sidetracked by booker, de blasio arguing about best place in lower manhattan to get tapas",New York Governor J.B. Pritzker and Alexandria Messaging During a Presidential Debate,satire,0,0.6349279284477234,0.7850210666656494,-0.15009313821792603,0.5044758915901184,0.0,110.52114868164062,17,1.0,0.0
1956,university suspends all lightweights from campus following fraternity hazing death,University of Texas-Whitewater Suspends All Lightweights Following a Fraternity hazing Death,satire,0,0.8181763887405396,0.5644317865371704,0.25374460220336914,0.856525719165802,0.018850319022747353,441.39410400390625,10,0.9090909090909091,0.016145783057463475
1957,4 new Trumps shaking Fast Track's house of cards. What could possibly go wrong in this administration?,Trump Administration Faces Scrutiny Over Policy Controversy,sarcasm,0,0.8058746457099915,0.837549090385437,-0.03167444467544556,0.3782321810722351,0.0,56.40266799926758,17,1.0,0.0
1958,"Japan's entire military is now on high alert, quivering with anticipation for a missile that may or may not be a 'test.'",Japanese Military Faces Potential Test from a Ballistic Missile,overstatement,0,0.6016953587532043,0.6954160332679749,-0.09372067451477051,0.7430496215820312,0.005656402449311204,1029.2861328125,21,0.9545454545454546,0.004202987699476365
1959,"Because Lin-Manuel Miranda is famously known for his deep, unwavering support for Planned Parenthood, said no one ever.", Lin-Manuel Miranda Defends Planned Parenthood in Texas Senate Race,sarcasm,0,0.7943876385688782,0.7120525240898132,0.08233511447906494,0.6633313894271851,0.02064621212395485,43.680259704589844,15,0.8333333333333334,0.013695280574591365
1960,endangered rhino just wishes his horn didn't make people immortal,An Endangered Rhino Found in a Jackson National Park,satire,1,0.7681705355644226,0.7591390013694763,0.009031534194946289,0.49770599603652954,0.0,416.6597595214844,10,1.0,0.0
1961,"bloodied, bruised john kerry emerges victorious at kickboxing tournament in bangkok prison",Secretary of State John Kerry Visits Bangkok During a Kickboxing Session,satire,0,0.738503098487854,0.8539720177650452,-0.11546891927719116,0.6874070167541504,0.0,92.23429870605469,12,1.0,0.0
1962,area man likes food,Denver residents share a broad food opinion,understatement,0,0.9506213665008545,0.6145548820495605,0.33606648445129395,0.4301449656486511,0.033031643180138064,1348.6419677734375,6,0.8571428571428571,0.014208395021038989
1963,great barrier reef offers scuba divers chance to see beautiful diversity of ocean death,Great Barrier Reef in a Coral Bleaching Event,irony,0,0.8189640045166016,0.5222461223602295,0.29671788215637207,0.6297124624252319,0.0,239.71932983398438,14,1.0,0.0
1964,moderator asks candidates to be specific when describing hellscape country will become if they not elected,Moderators Discuss Candidate Responses to Trump's 2016 Presidential Election Results,satire,0,0.5678918957710266,0.862452507019043,-0.29456061124801636,0.3623650074005127,0.01158285652249976,76.8946533203125,16,1.0,0.004197221889494702
1965,beijing air solidifies,Beijing Air Infrastructure Draws International Criticism,overstatement,0,0.8165592551231384,0.8575722575187683,-0.04101300239562988,0.6401323080062866,0.0,1155.5364990234375,6,1.0,0.0
1966,Charleston Post Honors Victims with Cover: A Rare Moment of Actual Journalism,Charleston Post Publishes a Cover Honoring Victims in a Press Conference,irony,0,0.8775510787963867,0.9193004965782166,-0.041749417781829834,0.8517042398452759,0.040282619279694225,524.682861328125,10,0.8333333333333334,0.03430887763258862
1967,saudi prince visits injured yemeni child in hospital to finish the job,Saudi Crown Prince Mohammed bin Salman Tours Injured Yemeni Child in Hospital,sarcasm,0,0.9504340887069702,0.5134658813476562,0.43696820735931396,0.8636929988861084,0.017033186037639283,188.44419860839844,12,1.0,0.014711443529433663
1968,"Because Ferguson, with its population of 20,000, is clearly a hotbed of global terrorism compared to, say, active war zones.","Residents Voice Concerns Over Ferguson, Missouri Amid Global Terrorism Crisis",sarcasm,0,0.8770487308502197,0.583254337310791,0.2937943935394287,0.5725111365318298,0.007764220917386244,286.13714599609375,20,1.0,0.004445102941697005
1969,fivethirtyeight staff finds hundreds of nate silvers representing every voting demographic in america after disastrous aggregator explosion,Nate Silvers is a Veteran of the American Voting Demographic,satire,0,0.9516488909721375,0.8144562840461731,0.13719260692596436,0.6872447729110718,0.010480601989299657,227.56651306152344,17,1.0,0.00720273893410757
1970,"Time to kick Turkey out of NATO. Yes, let's create more enemies in the Middle East.",NATO Continues to Curb Turkey's Military Interventions in the Middle East,sarcasm,0,0.9300297498703003,0.9098737835884094,0.02015596628189087,0.7686825394630432,0.06363332527368985,43.062923431396484,13,0.8125,0.048913826065857764
1971,relatives gather from across the country to stare into screens together,Americans Spend Memorial Services Focused on Devices,understatement,0,0.9272873997688293,0.9479682445526123,-0.02068084478378296,0.2732273042201996,0.0,2405.85302734375,11,1.0,0.0
1972,5 resistance resolutions? Like resisting the urge to be effective?,How Effective Water Resistance Tactics Can Counter Anti-Trump Sentiment,rhetorical_question,0,0.8924537301063538,0.6711037755012512,0.22134995460510254,0.3600216805934906,0.0,677.5598754882812,10,1.0,0.0
1973,Highway sign hacked with anti-Trump message – the height of thoughtful political debate.,Trump Remarks at the Republican Debate in Cleveland,irony,0,0.9708710312843323,0.8408476114273071,0.13002341985702515,0.3149426579475403,0.014867523320266895,37.96408462524414,12,0.9230769230769231,0.004682417311581895
1974,wilbur ross shakes self awake after briefly dying during cabinet meeting,Commerce Secretary Wilbur Ross appears to fall asleep during a cabinet meeting,overstatement,0,0.7206119298934937,0.8181469440460205,-0.09753501415252686,0.7453341484069824,0.03986357128268015,53.37489318847656,9,0.75,0.02971168095443745
1975,Fear and ignorance: the new enlightenment.,Scientists claim a new enlightenment is emerging in Japan,sarcasm,0,0.940196692943573,0.9503621459007263,-0.01016545295715332,0.47678643465042114,0.023980296761827107,175.797119140625,9,1.0,0.011433480194930585
1976,witty remark repeated throughout week,President Trump Repeatedly Repeats a Remark Throughout the Week,understatement,0,0.5615423321723938,0.5958821773529053,-0.034339845180511475,0.6663944721221924,0.0,165.6976318359375,9,1.0,0.0
1977,7 things that always go on sale in September—your credit card will weep with joy.,Alicia Silverstone's September Sale Features a Credit Card,overstatement,1,0.9659456014633179,0.780335545539856,0.18561005592346191,0.5916648507118225,0.0,414.6432800292969,15,1.0,0.0
1978,The real point of going off the grid: to prove you're better than everyone else with your solar panels.,Researchers Propose a Solar Panels as A Primary Security Measure,sarcasm,0,0.958398699760437,0.846440851688385,0.111957848072052,0.614128828048706,0.0,231.48471069335938,19,1.0,0.0
1979,"13 Irish baby boy names in time for St. Patrick's day: like, Seamus isn't cliché enough?",A New Patrick's Day Baby Berates,understatement,1,0.8998823761940002,0.8679347038269043,0.03194767236709595,0.6182403564453125,0.007710814196876619,2468.015380859375,15,0.9375,0.004767136517560577
1980,FBI: love triangle turns deadly—just another day in crime news.,FBI Director Louis Freeh Addresses Murder of a Brooklyn Neo-Nazi,overstatement,0,0.9249995350837708,0.8001953363418579,0.12480419874191284,0.36376500129699707,0.0,139.9622039794922,10,1.0,0.0
1981,"Too old to drive? Google says drive anyway, safety is overrated.",Google Says Age Limits Drive Safety Concerns,irony,0,0.7043684124946594,0.7914435267448425,-0.0870751142501831,0.826519787311554,0.018653567503517977,963.9761352539062,10,0.9090909090909091,0.015417542645609393
1982,Darkness outlasting Trump: likely his permanent Twitter ban appeal.,Trump Signs a Temporary Twitter Ban,irony,0,0.725008487701416,0.8207664489746094,-0.09575796127319336,0.695014238357544,0.024761510494160165,934.9893798828125,8,0.8888888888888888,0.017209602356681057
1983,5 million illegal immigrants to realize dreams of having deportation deferred,Trump Administration Threatens to Defer Deportation for 5 Million Undocumented Immigrants in Arizona,sarcasm,0,0.9643527865409851,0.6329007148742676,0.33145207166671753,0.6594246029853821,0.018476860420522198,44.354278564453125,13,1.0,0.01218409634721917
1984,waitress treated extra courteously to compensate for assholes at adjacent table,Customers Pay extra attention at the Rooftop,sarcasm,0,0.8018912076950073,0.9362974166870117,-0.1344062089920044,0.3017537295818329,0.022182955195367136,164.2781524658203,9,0.8181818181818182,0.0066937894633487295
1985,trump assures nation that decision for syrian airstrikes came after carefully considering all his passing whims,Trump Defends Decision to Launch airstrikes on Syria Following Chemical Weapons Attack,satire,0,0.8498191237449646,0.9370507001876831,-0.0872315764427185,0.7532937526702881,0.012204811114796843,91.40130615234375,15,0.9375,0.009193807965297356
1986,one beer can't do local alcoholic any harm,Portland Alcoholic Claims Single Drink Is Safe,understatement,0,0.8589862585067749,0.9065988063812256,-0.047612547874450684,0.6623906493186951,0.0,3775.755615234375,8,1.0,0.0
1987,dare graduate celebrates first toke,Former DARE Student Barry Loudermilk,understatement,1,0.5554018616676331,0.5305795669555664,0.02482229471206665,0.4812623858451843,0.0,265.1208801269531,5,1.0,0.0
1988,Fed up workers demand the *privilege* of more hours. The audacity!,Fed Up Workers Demand More Productivity,irony,0,0.8860927224159241,0.9161195158958435,-0.030026793479919434,0.4819347858428955,0.01774239756616722,425.38848876953125,10,0.9090909090909091,0.00855067857139031
1989,badass churchgoer doesn't even have to look at hymnal,Anachronistic Vermers,overstatement,0,0.5611756443977356,0.7638117074966431,-0.20263606309890747,0.06385739147663116,0.0,615.449462890625,9,1.0,0.0
1990,5 perfect-for-packing lunch salads: they'll stay fresh and never be boring (yeah right).,Researchers Highlight the Benefits of Plant-Based Lunches,sarcasm,0,0.67007976770401,0.9232768416404724,-0.2531970739364624,0.4688211679458618,0.0,63.39094924926758,13,1.0,0.0
1991,"Gunman in federal building shooting got 'raw deal', says congressman: because nothing says justice like sympathizing with shooters",Rep. Paul Ryan Offers Gun Control Following Orlando Nightclub Shooting in a Federal Building,sarcasm,0,0.9351571202278137,0.886288583278656,0.048868536949157715,0.505447506904602,0.010733825545492848,74.42965698242188,18,1.0,0.00542538536151829
1992,area dad looking to get average phone call with adult son down to 47.5 seconds,Many Fathers Prefer Brief Phone Calls with Adult Sons,sarcasm,0,0.8496724367141724,0.9374773502349854,-0.08780491352081299,0.7122164964675903,0.01231189487700387,1013.22216796875,14,0.9333333333333333,0.00876873463417697
1993,Yahoo's newfront pulses to EDM – because corporate events need more rave vibes.,Yahoo's AI Expansion Sparks a Surge in Rave Production at Major Corporate Events,irony,0,0.9770848751068115,0.9448485374450684,0.032236337661743164,0.5968773365020752,0.01553712569276035,1022.817626953125,12,0.9230769230769231,0.009273758200392758
1994,"dnc files lawsuit alleging nation should never, ever stop focusing on 2016 election",Democrats Files Lawsuits Related to 2016 Election Concerns,satire,0,0.8567105531692505,0.8468453884124756,0.009865164756774902,0.6436110734939575,0.014867523320266895,143.65585327148438,13,1.0,0.009568902644353424
1995,How noble to keep honoring slavery champions with statues – really reflects our values.,Artists Maintain Civil Rights Following the Slavery Commemoration,irony,0,0.983253002166748,0.9170801043510437,0.06617289781570435,0.5555684566497803,0.0,154.5353546142578,14,1.0,0.0
1996,addition of ketchup factored into calculation of french fry's final temperature,A French Fry's Final Verification,satire,1,0.7774643898010254,0.5630581974983215,0.21440619230270386,0.526219367980957,0.0,1483.6829833984375,11,1.0,0.0
1997,nation horrified to learn about war in afghanistan while reading up on petraeus sex scandal,Public Speculates on the Petraeus Sexual Abuse Scandal in Afghanistan,sarcasm,0,0.9412994980812073,0.6184754967689514,0.32282400131225586,0.7751939296722412,0.015223083300988084,184.2406463623047,15,1.0,0.011800841765820826
1998,owls are assholes,Great Horned Owl,sarcasm,1,0.7678819298744202,0.6706900000572205,0.09719192981719971,0.5610087513923645,0.0,264.8396301269531,3,1.0,0.0
1999,sharon stone to star in major backstage drama,Sharon Stone stars in a backstage drama,irony,0,0.6588245034217834,0.7201657295227051,-0.06134122610092163,0.9736109375953674,0.0670144447096575,957.4203491210938,5,0.625,0.06524599634620255
2000,new evidence reveals ancient greeks immediately regretted inventing theater,Oxford Researchers Claim Ancient Greeks Regretted Inventing Theater,overstatement,0,0.884436309337616,0.9027553200721741,-0.018319010734558105,0.9419333934783936,0.0,358.1305236816406,9,1.0,0.0
2001,Because nothing says cutting-edge research like consulting thousand-year-old texts.,Researchers claim cutting-edge scientific services vastly outdated and ineffective data,irony,0,0.9585924744606018,0.9528504014015198,0.005742073059082031,0.550479531288147,0.021105340631872645,663.7342529296875,10,1.0,0.011618058018709937
2002,ken burns not sure how to turn down ray romano's repeated offers to narrate next documentary,Ray Cuomo Repeatedly Attempts to Narrate His Documentary,satire,0,0.8015879988670349,0.77053302526474,0.031054973602294922,0.5183389186859131,0.010218289380194194,107.287109375,15,0.9375,0.005296537068149608
2003,bbc upgrades flap to row,BBC Broadcasts a Political Dispute in House of Lords,sarcasm,0,0.5155880451202393,0.8734092116355896,-0.35782116651535034,0.33321765065193176,0.0,152.25657653808594,9,1.0,0.0
2004,"What's in a name? Everything and nothing, depending on who you ask.",Person's Statements range from Aesthetic Verification to Significance,rhetorical_question,0,0.9658575654029846,0.6259208917617798,0.33993667364120483,0.22389128804206848,0.0,177.42117309570312,12,1.0,0.0
2005,Philippines realizes it has few cards left in the South China Sea standoff—big surprise.,Philippines Prepare for a South China Sea Display Amid Ongoing Security Challenges,sarcasm,0,0.9266968369483948,0.7803874015808105,0.14630943536758423,0.6098419427871704,0.07668068307464099,100.41629028320312,13,0.9285714285714286,0.04676309674048636
2006,Lana Del Rey and Stevie Nicks cast a deadly musical spell on new album,Avant-Garde Rock Duo Performs on a New Album,overstatement,1,0.6085343360900879,0.6918861269950867,-0.08335179090499878,0.3705800175666809,0.015603043420373072,143.6797637939453,13,0.9285714285714286,0.005782176104815538
2007,"Free your mind, your crotch will follow: deep thoughts for shallow minds.",Deep Thoughts Follow you,sarcasm,1,0.6155828833580017,0.8444730043411255,-0.22889012098312378,0.5311312675476074,0.0,6722.0693359375,12,1.0,0.0
2008,Democrats demand Kobach resign from voter fraud probe – for his stellar neutrality,Democrats Call for Kobach's Reelection Amid Federal Voter Fraud Investigation,sarcasm,0,0.8679772615432739,0.659975528717041,0.2080017328262329,0.7271915674209595,0.01859351593152887,86.42093658447266,12,0.9230769230769231,0.01352104799411506
2009,researchers observe chimpanzees using pro tools,Researchers Observe Chimpanzees Using a Pro Tools,satire,1,0.9274390935897827,0.5301304459571838,0.3973086476325989,0.9950435161590576,0.0,190.10739135742188,7,1.0,0.0
2010,"nytimes.com's plan to charge people money for consuming goods, services called bold business move",NYTimes.com Proposes a Paid Subscription Model for Online Content,irony,0,0.9839314818382263,0.9414049386978149,0.04252654314041138,0.5129148960113525,0.013758777297397084,110.40989685058594,13,0.9285714285714286,0.007057081826737784
2011,"Let's not ruin 2015 like 2014? Too late, we're already doing it.",Americans Prepare for a Defect in 2015,sarcasm,0,0.8499199748039246,0.5201671123504639,0.3297528624534607,0.3822192847728729,0.016170365420297903,168.2205047607422,12,1.0,0.006180625505462261
2012,"pathetic, washed-up rock star on fifth decade of doing exactly what he always wanted",Rock Veteran Peter Wolf Celebrates a 40-Decade Career,satire,0,0.9691253900527954,0.7172329425811768,0.25189244747161865,0.38607749342918396,0.0,343.19091796875,14,1.0,0.0
2013,20 last-minute Mother's Day gifts that scream 'I forgot but still love you.',Parents Often Receive Last-Minute Mother's Day Gifts,sarcasm,0,0.5585787892341614,0.9461202025413513,-0.38754141330718994,0.6706417202949524,0.029643894865777738,49.99606704711914,13,1.0,0.01988043264902789
2014,"Putin's offshore wealth leaked – dictators hiding money, who knew?",Former Russian President Boris Yelts Assets in Russian State Duma,understatement,0,0.8386080265045166,0.7886388301849365,0.04996919631958008,0.42725706100463867,0.0,688.2440185546875,10,1.0,0.0
2015,historical archives: the twenty top-most books in print at present,The Historical Anecdote Featuring the Ten Commandments in Print,irony,1,0.6989133358001709,0.5961808562278748,0.10273247957229614,0.38624560832977295,0.025518615589394285,108.37515258789062,10,1.0,0.009856453202059223
2016,presidential debate to be accompanied by sultry latin beat,Obama and McCain to Lead a Presidential Debate in Denver,overstatement,0,0.8264864087104797,0.6423363089561462,0.1841500997543335,0.45282459259033203,0.021105340631872645,179.00917053222656,9,0.9,0.00955701727310791
2017,$2 trillion for infrastructure? That's practically chump change for progressives.,$2 trillion for infrastructure in the US,overstatement,0,0.9349517822265625,0.8444241881370544,0.09052759408950806,0.815665602684021,0.10649808156466072,56.789852142333984,7,0.7,0.086866821884131
2018,iranian team openly working on bomb in negotiating room,Iranian Diplomats Negotiate Nuclear Deal Terms in Vienna,sarcasm,0,0.9166872501373291,0.9159832000732422,0.0007040500640869141,0.5527558922767639,0.024512401940754224,73.35306549072266,8,0.8888888888888888,0.01354937460660828
2019,"Khloe Kardashian's uterus continues its vital, news-worthy national service.",Khloe Kardashian Undergoes a Medical Procedure in the Hospital,sarcasm,1,0.9760921597480774,0.5022620558738708,0.47383010387420654,0.6862524747848511,0.023980296761827107,208.32470703125,8,0.8888888888888888,0.016456537998879
2020,frustrated debate moderator reminds audience to refrain from john kasich chants while other candidates speaking,John Kasich Chants During the Presidential Debate in Cleveland,satire,0,0.8197319507598877,0.8433563709259033,-0.023624420166015625,0.7858386039733887,0.0,139.5908203125,15,1.0,0.0
2021,fanatically devoted nerd could potentially turn on simon pegg at any moment,Some people turn on Simon Pegg,satire,0,0.6197894811630249,0.6744834184646606,-0.05469393730163574,0.7380032539367676,0.031760504460270234,217.751953125,10,0.8333333333333334,0.023439355638352654
2022,header image,A Profile Image Retrieves the 'Hang In There Baby',understatement,1,0.7549037337303162,0.8062450289726257,-0.05134129524230957,0.41927456855773926,0.0,145.5471649169922,9,1.0,0.0
2023,"Army vet accused of murder targeted black men in NYC – because that's what heroes do, right?",Army Vet Arrested for Murdering a Black Men in NYC,sarcasm,0,0.8881604671478271,0.6669086813926697,0.22125178575515747,0.6883487105369568,0.024528248770524806,119.91918182373047,14,0.8235294117647058,0.016883988412920447
2024,"45-year-old man self-conscious, embarrassed by new, unexpected changes his body going through",Aging Americans Often Exhibit Self-Consciousness and Embarrassment,irony,0,0.5232003927230835,0.726747989654541,-0.20354759693145752,0.46129000186920166,0.0,153.58682250976562,12,1.0,0.0
2025,cover letter specifically tailored to company even sadder than generic ones,A Highly Tailored Cover Letters May Be More Effective Than Generic Ones,sarcasm,0,0.8940826654434204,0.6344319581985474,0.25965070724487305,0.7673841714859009,0.0,413.0712585449219,12,1.0,0.0
2026,cranberry juice industry hoping 2009 a big year for urinary tract infections,The Briberry Juice Industry Faces a Slow 2009 Campaign,irony,0,0.971200704574585,0.8472371101379395,0.12396359443664551,0.4068918824195862,0.02043370997308395,14460.029296875,11,0.9166666666666666,0.008314310715764
2027,Ted Cruz single-handedly saves GOP from Trump with his incredible charisma.,Ted Cruz Secures Republican Support in Texas Senate Race,overstatement,0,0.8283316493034363,0.5741903185844421,0.25414133071899414,0.5542769432067871,0.04060711798538472,102.19975280761719,9,0.8181818181818182,0.02250758922937639
2028,Trump meeting Kissinger? What could possibly go wrong with that pairing?,President Trump Meets With Kissinger in Vienna,sarcasm,0,0.9529359936714172,0.8716700077056885,0.08126598596572876,0.6460562944412231,0.018653567503517977,152.94398498535156,11,1.0,0.012051254699432041
2029,Heartfelt stories about a coach? Because basketball is all about emotions.,NBA Players Face Emotions During Team Games,understatement,0,0.8971887230873108,0.805690586566925,0.09149813652038574,0.5892961025238037,0.0,413.93072509765625,11,1.0,0.0
2030,"Billy Eichner casually boogies with Obama, while Ellen DeGeneres gets the exclusive – because why not?",Billy Eichner Meets With President Obama at the White House,understatement,0,0.7180491089820862,0.8423218727111816,-0.12427276372909546,0.5421742796897888,0.02710790721250877,31.67458724975586,13,0.8125,0.014697210066839574
2031,new study confirms this didn't even feel like a 4-day work week,Study Highlights Work Performs as a 4-Day Hiatus,understatement,0,0.8160561323165894,0.9304845929145813,-0.11442846059799194,0.6103938817977905,0.016847111051295396,307.2522888183594,11,0.9166666666666666,0.010283373511678653
2032,Anthony Weiner would choose to devour wooden tables over serving in Congress.,Anthony Weiner Plans to Use a Table in the Congress,overstatement,0,0.5508086681365967,0.7011277079582214,-0.15031903982162476,0.7877242565155029,0.04345587182943313,404.5455017089844,9,0.75,0.0342312443280732
2033,sex toy discreetly shipped in plain dildo-shaped box,A collection of a sex toy,irony,1,0.6032272577285767,0.536870539188385,0.06635671854019165,0.651661217212677,0.061861015698337206,186.11630249023438,8,1.0,0.04031242478799094
2034,everyone on campus afraid of that one bar,College Social Anxiety Surrounds a Distant and Nuanced Bars,overstatement,0,0.6596024036407471,0.7260797619819641,-0.06647735834121704,0.66716468334198,0.0,648.7120361328125,9,1.0,0.0
2035,Shocking news: White House staff refuse to defend Trump on TV. Who could have predicted that?,White House Staff Refuses to Defend Trump on Television,sarcasm,0,0.8424342274665833,0.9189466238021851,-0.0765123963356018,0.8113129138946533,0.03483934298116585,96.0246353149414,11,0.6875,0.028265608872224905
2036,One wonders if the NYPD will roll out the red carpet or just a standard-issue holding cell.,NYPD Plans to Roll Out the Red Carpet in a Detention Facility,rhetorical_question,0,0.6501250863075256,0.644267201423645,0.005857884883880615,0.784574568271637,0.014778153368968696,114.9190444946289,15,0.8823529411764706,0.011594563299310653
2037,real-life scene filled with product placement,Messy office,sarcasm,0,0.9300719499588013,0.5744398236274719,0.35563212633132935,0.23966628313064575,0.0,2896.524169921875,6,1.0,0.0
2038,hippocratic oath updated to include vow of loyalty to blue cross blue shield,Satirical Commentary Critiques the Health Insurance Oath Containing a Blue Cross Shield,satire,0,0.6746485829353333,0.8041544556617737,-0.12950587272644043,0.5979380011558533,0.0,590.20068359375,13,1.0,0.0
2039,new domino's app allows customer to track pizza's movement through digestive system,Domino's App Allows Customers to Track Pizza Delivery in Real Time,satire,0,0.8711807131767273,0.7043179869651794,0.16686272621154785,0.7627612352371216,0.017212239801819764,109.24900817871094,11,0.9166666666666666,0.013128829292433593
2040,"health experts recommend standing up at desk, leaving office, never coming back",Mayo Clinic Researchers Recommend Taking a Break From Work,overstatement,0,0.8684867024421692,0.8015820384025574,0.06690466403961182,0.5504686832427979,0.0,237.94570922851562,12,1.0,0.0
2041,"Angelina Jolie courageously saves her life—wait, is that even possible?",Angelina Jolie Secures a Medical Treatment in New York,irony,0,0.8344925045967102,0.7892137765884399,0.045278728008270264,0.6297997236251831,0.04537922867531812,109.45392608642578,8,0.8,0.028579825678039336
2042,"UBS exec says no all-male panels – from the firm with all-male leadership, naturally.",UBS Executives Reaffirm Policy Positions for Women on All-Male Leadership,satire,0,0.8883678317070007,0.8601800203323364,0.028187811374664307,0.6190243363380432,0.01414733290395472,104.49860382080078,13,0.9285714285714286,0.008757543361823933
2043,Sicario director hates senseless violence—guess his film was just a happy accident.,The Sicario Director Says His Film Faces Criticism Over Its Proliferation of Violence,irony,0,0.8246285915374756,0.5120803713798523,0.3125482201576233,0.7352312207221985,0.01553712569276035,170.39564514160156,12,0.9230769230769231,0.011423379889602426
2044,"dreary, passionless couple believes your soulmate out there too",Bellevue Couple Offers Comfort and Encouragement to Singles Seeking Long-Term Relationships,irony,1,0.6383949518203735,0.6512298583984375,-0.012834906578063965,0.36977237462997437,0.0,46.31016540527344,11,1.0,0.0
2045,"We're excited about a Saved by the Bell pop-up, because nostalgic restaurants are the future.",Viral Image Shows a Saved by the Bell Pop-Up in a Restaurant,irony,1,0.9217950701713562,0.5497068762779236,0.3720881938934326,0.698546826839447,0.24689800508009654,248.26821899414062,10,0.6666666666666666,0.17246981800169112
2046,Trump terrible 10 -- Mooch improved edition: a prestigious award ceremony for the most stable geniuses.,Trump Wins the 2018 Academy Award for Best Rap Album at the 2018 Winter Olympics,satire,0,0.8973162770271301,0.6604858636856079,0.23683041334152222,0.28967517614364624,0.016273889955107996,52.920082092285156,14,0.875,0.004714141939288224
2047,report: it a miracle nothing has punctured your eye yet,An Eye Puncture,understatement,1,0.7060734629631042,0.6818223595619202,0.024251103401184082,0.6974679231643677,0.0,6913.01220703125,10,1.0,0.0
2048,"Little kid attempts impossible dream of whistling—bold move, considering his current talent level is 'silent but deadly.'",A Young Boy Attempts to Engage in an Indictment,understatement,0,0.5787396430969238,0.5102943778038025,0.06844526529312134,0.268969863653183,0.0,45.89027404785156,17,1.0,0.0
2049,lowly mortal opens portal to hell,A portal in a mid-air,overstatement,1,0.7226129770278931,0.6530212759971619,0.0695917010307312,0.493479460477829,0.0439891724758422,122.82012939453125,6,1.0,0.021707753100244774
2050,woman already off to bad start as mother after requesting epidural,Texas Woman Asks an Epidural,sarcasm,0,0.8729147911071777,0.6291502714157104,0.24376451969146729,0.6393277645111084,0.0,341.6353759765625,11,1.0,0.0
2051,Air Force drops 'so help me God' – because faith has no place in oaths.,Air Force Drops 'So Help me God',sarcasm,1,0.7835490703582764,0.8873159885406494,-0.10376691818237305,0.7618643641471863,0.031504030879978266,283.92529296875,11,0.7333333333333333,0.024001798454447963
2052,A note in RG3's locker is a clue to his future—journalists never jump to conclusions.,R RG3 is a Super Bowl Locker,sarcasm,1,0.9103732705116272,0.6191967129707336,0.29117655754089355,0.43206554651260376,0.022276713869943024,319.5075378417969,13,0.8666666666666667,0.009625000552721833
2053,russian lawyer admits to repeatedly informing kremlin of trump campaign's ineptitude,Russian Attorney General Lawyer Faces Scrutiny Over Trump Campaign's Ineffectiveness in Russia Investigation,satire,0,0.9172952175140381,0.8259015679359436,0.09139364957809448,0.6081063747406006,0.0,53.904762268066406,13,1.0,0.0
2054,"Jennifer Lawrence loves discounts—stars, they're just like us.",Jennifer Lawrence Offers Discounts at the Academy Awards,satire,0,0.9542427659034729,0.9663383960723877,-0.012095630168914795,0.7025977373123169,0.05873949094699214,204.9669647216797,6,0.75,0.041270233430234005
2055,"United Airlines, in a shocking display of concern, suspends pet cargo travel—because after all those incidents, they've finally developed a conscience.",United Airlines Suspends a Pet Cargo Travel Following Security Concerns,irony,1,0.9729068279266357,0.5512965321540833,0.4216102957725525,0.8728454113006592,0.008354605252810923,403.2120361328125,19,0.9047619047619048,0.007292278858144398
2056,man worried the 6th 'transformers' movie will just be stupid,Viewers Express Skepticism Over The 6th 'Transformers' Movie,sarcasm,0,0.6340429186820984,0.5897403359413147,0.04430258274078369,0.8194125890731812,0.02163211878762423,182.4246063232422,10,1.0,0.017725630462905772
2057,lockheed martin sales staff instructed to really push tactical air-to-surface missiles this week,Lockheed Martin's Marketing Team Plans to Halt Tactical Air-to-Air Missile Sales,satire,0,0.964637815952301,0.9178571105003357,0.04678070545196533,0.7498515248298645,0.01571650849186369,68.04576873779297,12,0.9230769230769231,0.011785047857625502
2058,"Who's qualified to sing at Mariah Carey's wedding? Obviously, only those who can hit the high notes without shattering glass – so, nobody.",Who's Qualified to Sing at Mariah Carey's Wedding,sarcasm,1,0.9007682800292969,0.8452053070068359,0.05556297302246094,0.693301260471344,0.023953585272597687,59.7171745300293,18,0.782608695652174,0.0166070508622998
2059,body given false hope with first piece of fruit in 9 days,An Eating a Fruit,understatement,1,0.5077419877052307,0.5163438320159912,-0.008601844310760498,0.5379077196121216,0.0,11103.0888671875,12,1.0,0.0
2060,"Vacation is when I have a 40-hour week—because rest is for the weak, right?",Marine Staff Report Schedule Flexibility and Necessary Performing,irony,0,0.689935564994812,0.6018993258476257,0.08803623914718628,0.24767355620861053,0.0,292.09698486328125,14,1.0,0.0
2061,new arrivals consult wise couple who have been at resort for 3 days already,Four Arrivals at a Florida Resort,irony,0,0.6711639761924744,0.7313379049301147,-0.06017392873764038,0.5690244436264038,0.010761308100691222,351.9031982421875,13,0.9285714285714286,0.0061234473546881345
2062,"Ana Navarro calls out GOP: 'You'd impeach Hillary Clinton over this.' And they would, because consistency is their middle name.",Rep. Alexandria Navarro Defends GOP's Call for Impeachment in Russia Investigation,sarcasm,0,0.8276638984680176,0.628882646560669,0.19878125190734863,0.6055933833122253,0.008317385975693101,44.795291900634766,20,1.0,0.00503695391333364
2063,"Police officer who killed unarmed motorist cleared of charges, showcasing the justice system's impeccable fairness.",Police Officer Who Killed an unarmed Motorist Is Cleared of Charges,sarcasm,0,0.9418378472328186,0.5550029277801514,0.38683491945266724,0.8203363418579102,0.017245419061632683,135.56439208984375,14,0.9333333333333333,0.01414704398682643
2064,Trump's 'woman card' comment raises money for Hillary—talk about a backfire.,Trump Makes Remark About Hillary at Campaign Rally in Iowa,irony,0,0.9328895211219788,0.8914288878440857,0.041460633277893066,0.41376620531082153,0.0,135.7171630859375,11,1.0,0.0
2065,Just say 'I object'—instant botch.,People Often Interrupt Basic Communication,overstatement,1,0.502020537853241,0.5042188167572021,-0.0021982789039611816,0.24471552670001984,0.0,926.501953125,5,1.0,0.0
2066,A life with OCD: where every thought is a thrilling adventure in repetitive checking and existential dread. Truly inspiring.,A Life With OCD,sarcasm,0,0.8233356475830078,0.5407229065895081,0.28261274099349976,0.8394768238067627,0.0018894825370235533,1974.725830078125,18,0.9473684210526315,0.0015861767988188764
2067,graffiti artist no longer putting his heart in it,Houston Graffiti Artist Says He No Longer Plans to Use It,understatement,1,0.8281626105308533,0.6930619478225708,0.13510066270828247,0.6648378372192383,0.0,65.77621459960938,11,1.0,0.0
2068,Man kills girlfriend on hike for insurance money: the epitome of romantic devotion.,Man Kills a Girlfriend on a H hike in Utah,sarcasm,1,0.9554761052131653,0.5573137998580933,0.398162305355072,0.558063805103302,0.020577107905082877,742.5762329101562,12,0.9230769230769231,0.011483339135531786
2069,self-actualized historians urge nation not to get hung up on the past,Historians Emphasize Importance of Systemic Change Rather Than Ignoring the Past,satire,0,0.6629080176353455,0.6054737567901611,0.057434260845184326,0.6199648976325989,0.017212239801819764,94.79663848876953,11,0.9166666666666666,0.010670984486762933
2070,Getting naked with strangers after mastectomy: a healing journey.,Woman Undergoes a Mastectomy in Denver,irony,0,0.8675270080566406,0.7583070397377014,0.10921996831893921,0.47124767303466797,0.024761510494160165,223.931396484375,9,1.0,0.01166880420119649
2071,A driver expresses mild frustration by crushing a veteran's motorcycle.,A Motorcycle Being crushed by a Truck,understatement,0,0.8681609034538269,0.5719369053840637,0.2962239980697632,0.5610374212265015,0.028319415510892395,462.63970947265625,7,0.7,0.015888251848872856
2072,bush not heard from for over a month,President Bush Fails to Secure a National Convention,understatement,0,0.8498380780220032,0.9083055853843689,-0.05846750736236572,0.44741156697273254,0.02777619034011792,199.32652282714844,8,1.0,0.012427388844605034
2073,nervous voter totally blanks on american values while looking at ballot,Voter Anxiety and Confusion Over American Values at Polls,sarcasm,0,0.8497304916381836,0.7872072458267212,0.0625232458114624,0.7186099290847778,0.019201920550239778,281.0350036621094,10,0.9090909090909091,0.013798690764899346
2074,"Woman gets several job offers after handing out resumes on the side of the road, proving that traditional networking is for chumps.",Data Entry Companies Often Relegate Job Seams to Hiring Candidates,sarcasm,0,0.9730836749076843,0.9346254467964172,0.03845822811126709,0.37836572527885437,0.0,856.0978393554688,22,1.0,0.0
2075,"sweating, shaking man never going to spend a little time with his thoughts again",People often avoid introspection due to fear and fear,irony,1,0.9551475048065186,0.5160833597183228,0.4390641450881958,0.2964191436767578,0.013758777297397084,76.29603576660156,13,0.9285714285714286,0.00407836498453366
2076,"Millennials, in their infinite wisdom, condescend to mentor baby boomers, reversing the natural order of things.",Millennials Tend to Mentoring Baby Boomer Generations,sarcasm,0,0.951252281665802,0.9275599122047424,0.02369236946105957,0.7662319540977478,0.009131698392329843,214.6262969970703,15,0.9375,0.0069969991033861575
2077,Journalists Who Refuse to Take the Same Non-Answer for an Answer: How Dare They Expect Actual Information,Journalists Often Rely on Confuses Verifying Factual Updates,sarcasm,0,0.9359660744667053,0.9020467400550842,0.033919334411621094,0.6478095054626465,0.009017608727734442,571.5538330078125,16,0.9411764705882353,0.005841692650369294
2078,"fourth-grade teacher receives dark portent of coming storm from gnarled, haggard third-grade teacher",Pennsylvania Fourth-Grade Teacher Suffers a School Storm,satire,0,0.5361571311950684,0.649621307849884,-0.11346417665481567,0.7187818884849548,0.0,411.2125244140625,13,1.0,0.0
2079,report: scientists still decades away from deciphering wireless bill,Report Examines the Complexities and Financial Losses of Wireless Bills,sarcasm,0,0.7330390810966492,0.6099451780319214,0.12309390306472778,0.6620770692825317,0.0,217.88780212402344,10,1.0,0.0
2080,gay war hero awarded posthumous dishonorable discharge at white house ceremony,Military Honors a Gay Service Veteran at the White House Ceremony,irony,0,0.9377827048301697,0.9197956323623657,0.017987072467803955,0.7498286366462708,0.018850319022747353,150.14198303222656,11,1.0,0.014134509013173912
2081,alternative theater waits three hours for stragglers,Actors wait in a theater for stragglers,sarcasm,0,0.9454981684684753,0.8659371137619019,0.07956105470657349,0.788548469543457,0.07730551756939454,205.4328155517578,5,0.7142857142857143,0.06095914756661089
2082,san diego zoo acquires chinese man,San Diego Zoo Opens a New Human,satire,1,0.5038785934448242,0.5997365117073059,-0.09585791826248169,0.7235733866691589,0.0,234.53233337402344,7,1.0,0.0
2083,ant colony comes to halt after death of popular worker,Aging populations in a Siberian Ant Colony collapse,satire,0,0.6638222336769104,0.7983126640319824,-0.13449043035507202,0.5339258909225464,0.0,2792.5048828125,10,1.0,0.0
2084,infertile aunt doing it up big at kids table,An Immigrant Child Plays on a Children's Table,irony,1,0.878251314163208,0.5535137057304382,0.3247376084327698,0.3066047728061676,0.0,237.98667907714844,9,1.0,0.0
2085,libyan rebels still working full-time at other jobs,Libyan Rebel Forces Face Coordination Challenges While Balancing Civilian Responsibilities,understatement,0,0.9667676687240601,0.9434037804603577,0.023363888263702393,0.5612779259681702,0.0,242.18380737304688,10,1.0,0.0
2086,"Dad with 350,000 miles single-handedly ends global travel poverty, one family at a time. Hero!",A Father With a Net Worth Defines Global Travel Poverty,overstatement,0,0.5587758421897888,0.6965369582176208,-0.13776111602783203,0.7358797788619995,0.012801036176909563,937.9776611328125,15,1.0,0.009420023671068666
2087,drunk driver honored,Drunk driver flees police in a Mississippi car,irony,1,0.6462148427963257,0.5452562570571899,0.10095858573913574,0.45420771837234497,0.02777619034011792,346.23406982421875,7,0.875,0.012616160039460929
2088,grandmother doesn't care for new priest,Orlando Grandmother Says She Does Not Care for a New Priest,understatement,1,0.5380457639694214,0.777359664440155,-0.23931390047073364,0.8626694679260254,0.018850319022747353,282.993896484375,10,0.9090909090909091,0.016261594681589293
2089,"deformed, half-feathered audubon society president flees into forest after injecting self with bird dna",National Audubon Society President David Yarnold Ingrid Newkirk,satire,1,0.8176725506782532,0.7037258148193359,0.11394673585891724,0.34495776891708374,0.0,104.44799041748047,14,1.0,0.0
2090,"Why being killed by a lightsaber would be so much worse in real life (hello, cauterization)",An Attack on a Luke,overstatement,1,0.5440680980682373,0.5070278644561768,0.03704023361206055,0.24019762873649597,0.00595328711636231,769.27587890625,15,0.9375,0.0014299654485377589
2091,An open letter to my shelter dog's first owner: Thanks for abandoning him so I could find him?,An Open-Editions Response From a Shelter Dog,rhetorical_question,1,0.5513989925384521,0.6953030824661255,-0.14390408992767334,0.6236631870269775,0.006862263989047967,632.5809326171875,17,0.9444444444444444,0.0042797414296301154
2092,Meatless Monday: Robin Asbell gets juiced – saving the planet one bland salad at a time.,Robin Asbell Advocates for a Meatless Monday,satire,0,0.7672049403190613,0.8537173867225647,-0.08651244640350342,0.7602581977844238,0.02296500565659493,156.63665771484375,14,0.875,0.017459333812591963
2093,bush increasingly focused on how revisionist history will see him,President Bush Addresses Historical Legacy in Washington,irony,0,0.7216275930404663,0.6546118855476379,0.06701570749282837,0.5430893301963806,0.0,531.3128662109375,10,1.0,0.0
2094,pumpkin clearly had finger in it,A hand holds a Pumpkin,sarcasm,1,0.7351909279823303,0.8373656868934631,-0.10217475891113281,0.6859372854232788,0.0,1969.226806640625,6,1.0,0.0
2095,beauty industry to consumers: 'you like short hair now',Beauty Industry Launches a Marketing Campaign Targeting Short Hair,satire,0,0.9473626017570496,0.9562438726425171,-0.00888127088546753,0.8686426877975464,0.0,208.88253784179688,9,1.0,0.0
2096,bush's approval rating of other americans also at all-time low,President Bush's Job Approval Rating Drops to a Record Low,sarcasm,0,0.8905804753303528,0.8311118483543396,0.059468626976013184,0.7164092659950256,0.0,56.59205627441406,10,1.0,0.0
2097,8 healthy snacks to keep hunger at bay: you'll totally choose these over junk food.,Healthy Snacks Are Most Effective When Combined With Junk Food,irony,0,0.835479199886322,0.8709602355957031,-0.035481035709381104,0.754949152469635,0.0,106.68294525146484,15,1.0,0.0
2098,"Oh, just 100 million more people in poverty by 2030? No big deal, unless you're one of them.",PepsiCo Projects Poverty Will Reduce Global Poverty by 2030,understatement,0,0.8295280337333679,0.7535696625709534,0.07595837116241455,0.5442348718643188,0.008821858171866304,451.79876708984375,17,0.9444444444444444,0.004801162851770852
2099,'Walking Dead' actor comes out on YouTube—a bold move that changes everything.,' Walking Dead' Actor Emerges on YouTube Amid Sexual Misconduct Allegations,sarcasm,1,0.9690883159637451,0.5505928993225098,0.41849541664123535,0.7140375375747681,0.0204689180374571,155.68309020996094,11,0.9166666666666666,0.014615575832285621
2100,man's dream to get drunk in an a-frame finally realized,Michigan man dreams about a high-alcohol intake,understatement,0,0.7142247557640076,0.855360209941864,-0.14113545417785645,0.600795567035675,0.0,391.1640930175781,10,1.0,0.0
2101,"PayPal back up after outage, world functions again, hooray.",NASA's PayPal Proves Highly Productive Following an Outage,sarcasm,0,0.9797627329826355,0.9723371267318726,0.0074256062507629395,0.6616625785827637,0.024512401940754224,1010.0422973632812,9,1.0,0.01621893907537658
2102,"RNC proclaims Pence winner before debate. Democracy in action, folks.",RNC Releases Mike Pence Winner Ahead of Presidential Debate in Denver,sarcasm,0,0.9532605409622192,0.7775427103042603,0.17571783065795898,0.7205603718757629,0.024808415001701823,290.6187744140625,9,0.8181818181818182,0.017875960739274523
2103,new girlfriend bears disturbing resemblance to old girlfriend,A New Girlfriend Claims To Show an Affection,irony,0,0.6156317591667175,0.8535535931587219,-0.2379218339920044,0.6044601202011108,0.0,348.3130798339844,8,1.0,0.0
2104,lucrative new oil extraction method involves drilling directly into gas stations,Oil Industry Faces Criticism Over Aggressive Expansion and Human Interactions,sarcasm,0,0.9750528931617737,0.7765729427337646,0.19847995042800903,0.3960244655609131,0.0,326.2649230957031,11,1.0,0.0
2105,man not going to let mind games of ex-girlfriend's natural moving-on process get in his head,Man Misinterprets an Ex-Girlfriend's Normal Post-Breakup Flaws,sarcasm,0,0.7062161564826965,0.6192718148231506,0.0869443416595459,0.5617424845695496,0.0,93.5910415649414,16,1.0,0.0
2106,Losing everything in a flood: just a little spring cleaning,A Flood Devastates a Flood,understatement,1,0.6614784598350525,0.7681959271430969,-0.10671746730804443,0.5663100481033325,0.01976560930094397,447.2720642089844,9,0.9,0.011193463154009257
2107,las vegas casino owners announce plans to tear down don rickles,Las Vegas Casino Owners Plans to tear Down Don Rickles,satire,0,0.8105675578117371,0.6910437941551208,0.11952376365661621,0.9866846203804016,0.04038503063059995,846.6119384765625,9,0.8181818181818182,0.0398472886168044
2108,"Farmers' mental health? Priorities, right?",Farmers Face Chronic Mental Health Issues,sarcasm,0,0.8417600989341736,0.8744415640830994,-0.03268146514892578,0.8577914237976074,0.0,306.9535827636719,6,1.0,0.0
2109,dreamworks skg signs j&h productions to six-year deal,Image Shows a Dreamworks SkGM Contract with a J&H Production,satire,1,0.8068389892578125,0.6051740646362305,0.20166492462158203,0.724750280380249,0.0,1174.734130859375,10,1.0,0.0
2110,area dad needs more time with museum plaque,Florida Father Seeks Additional Time with a Museum Plaque,understatement,0,0.5944071412086487,0.5903885960578918,0.004018545150756836,0.7794541120529175,0.023980296761827107,615.4095458984375,8,0.8888888888888888,0.0186915409192554
2111,People really like Kanye's new song 'Real Friends' because it's really G.O.O.D. – said no one with taste.,"Kanye West Releases a New Single, 'Real Friends'",satire,1,0.7067426443099976,0.8868419528007507,-0.18009930849075317,0.6617144346237183,0.01682914592143896,52.63425827026367,16,0.8888888888888888,0.011136088778605035
2112,half-fabricated résumé still unimpressive,One-fabricated résumé remains anachronistic,understatement,1,0.7379114031791687,0.510972261428833,0.2269391417503357,0.7795788049697876,0.08034284189446518,69.7218017578125,3,0.75,0.06263357667196374
2113,Trump's Honest Reason for Skipping UK Visit Wins Universal Praise from Tweeters,Trump Wins Over Tweets Criticism During UK Visit,sarcasm,0,0.8895956873893738,0.9195674657821655,-0.029971778392791748,0.7565194964408875,0.039428091187197575,753.658935546875,11,0.9166666666666666,0.029828119690564103
2114,'It will never happen to me' – every person before a catastrophe.,Mass Shootout in the US Draws Minimal National Attention,irony,0,0.5635035634040833,0.9059883952140808,-0.34248483180999756,0.09492971003055573,0.0,217.75714111328125,12,1.0,0.0
2115,"Fish might slightly lower depression risk, according to some studies.",Researchers Suggest Fish Pose a Potential Risk for Depression,understatement,0,0.691638708114624,0.6137257814407349,0.07791292667388916,0.9195579290390015,0.02145851237135921,475.28704833984375,10,1.0,0.019732345196464867
2116,report: 32% of prayers deflected off passing satellites,The Devastating Impact of Prayers on Satellites,overstatement,0,0.8059835433959961,0.5119272470474243,0.2940562963485718,0.8142892122268677,0.028634401465295497,69.4935073852539,8,1.0,0.023316684211763337
2117,Why we can't ignore the outliers – unless they prove us wrong.,Americans Vow to Ignore the Outrogatives Despite Relying on Factual Arguments,irony,0,0.7543937563896179,0.8491595983505249,-0.09476584196090698,0.30757033824920654,0.017212239801819764,237.6059112548828,11,0.9166666666666666,0.00529397441787216
2118,"Increased heart attack risk over holidays? Just a minor risk, enjoy your feast.",Increased Risk of Heart Attack in Holiday Season,understatement,1,0.5474432706832886,0.6977347731590271,-0.15029150247573853,0.8543270826339722,0.014867523320266895,131.50595092773438,12,0.9230769230769231,0.012701727824196164
2119,"Surge Soda Back and Sold Out, Nostalgia Overwhelms",Photo Shows a Soda Bottle Containing a Meme,overstatement,1,0.8731199502944946,0.5937829613685608,0.27933698892593384,0.32102566957473755,0.02777619034011792,182.538330078125,8,1.0,0.008916870102171712
2120,Jesus was a socialist—so all those prosperity gospel preachers are just misreading the Bible.,Proposed Teachings Criticize Jesus for Misreading the Bible,sarcasm,0,0.7445199489593506,0.8744478821754456,-0.12992793321609497,0.461418479681015,0.015603043420373072,112.64156341552734,13,0.9285714285714286,0.007199532573425408
2121,secret agent's back's always been a bit hinky ever since he burst through that skylight and landed in fountain,Secret Agent Says His Back Has Been a Hinky Ever Since He Bursted Through a F fountain,sarcasm,1,0.6688732504844666,0.6884266138076782,-0.01955336332321167,0.8290320634841919,0.012160935380276093,787.71435546875,18,0.9473684210526315,0.010081805352208205
2122,Because faith-based health solutions from a medical journal are the height of scientific innovation.,Researchers Claim Faith-Based Health Innovation in Science Research,irony,0,0.9812812209129333,0.9429491758346558,0.03833204507827759,0.8648861050605774,0.0,288.9366149902344,14,1.0,0.0
2123,emperor penguin demands more smelt,Emperor Penguins Feed on Smelt in a Antarctic Waters,satire,1,0.5289443731307983,0.7487122416496277,-0.21976786851882935,0.79551762342453,0.0,7572.71728515625,9,1.0,0.0
2124,man finally unpauses 'super mario bros.' after 18 years of chores,Nevada Man Moves On with Super Mario Bros. Hacks,overstatement,0,0.8899921178817749,0.6133551597595215,0.2766369581222534,0.5483624935150146,0.0,183.9070281982422,11,1.0,0.0
2125,Trump refuses to play GOP ball: team player he is not,Trump Refuses to Play a GOP Ball,sarcasm,1,0.7778324484825134,0.7866717576980591,-0.008839309215545654,0.9023140072822571,0.024549475440235117,249.61932373046875,9,0.8181818181818182,0.0221513355611559
2126,Asking 'what was he wearing?' will undoubtedly end rape culture—journalism at its finest.,Aspiring Rape Journalists Face Scrutiny Over Controversial Cover-Up in Boston,irony,0,0.9096313714981079,0.8858608603477478,0.023770511150360107,0.5650863647460938,0.0,120.85205078125,13,1.0,0.0
2127,Drought costs $2B extra: just a minor inconvenience for Californians.,California Water Prices Surge Amid Rising Drought Costs,understatement,0,0.9189002513885498,0.567013680934906,0.3518865704536438,0.7017655372619629,0.02163211878762423,661.0407104492188,10,1.0,0.015180675463111718
2128,tom clancy really happy with how latest video game with his name on it came out,Tom Clancy's Role in the Latest Video Games,sarcasm,0,0.9707726836204529,0.8810427188873291,0.08972996473312378,0.782427191734314,0.0,282.913330078125,16,1.0,0.0
2129,data-entry clerk reapplies carmex at 17-minute intervals,Woman applies a lip balm while using a computer,irony,0,0.8704138398170471,0.9568390846252441,-0.08642524480819702,0.1027921736240387,0.0,73.63538360595703,9,1.0,0.0
2130,"Leelah Alcorn, rest in peace—finally got everyone's attention, huh?",Leelah Alcorn Gets Attention at the Academy Awards,sarcasm,0,0.8141124844551086,0.9389044642448425,-0.12479197978973389,0.6231976747512817,0.024512401940754224,163.7130889892578,8,0.8888888888888888,0.015276071892046838
2131,bags under tommy lee jones' eyes causing him neck problems,Tommy Lee Jones Appears Weary,overstatement,1,0.5246182680130005,0.7645787000656128,-0.2399604320526123,0.5631178021430969,0.0,1409.328125,10,1.0,0.0
2132,"unearthed cave painting of wooly mammoth, saber-tooth tiger reveals humans have debated what things would win in a fight since 30,000 b.c.","Archaeologists Uncover a 30,000-Year-Old Cave Painting in France",irony,1,0.6011342406272888,0.5414494872093201,0.05968475341796875,0.40661782026290894,0.005740038894060596,29.19508934020996,21,0.9545454545454546,0.0023340021033272378
2133,"Young Dems like Bernie: shocking, since he offers free college and healthcare.",Young Democrats Support Bernie Sanders's Promises Free Healthcare and Healthcare Services,understatement,0,0.9788464307785034,0.9661633372306824,0.012683093547821045,0.7508968114852905,0.0204689180374571,499.0284729003906,11,0.9166666666666666,0.015370045288880287
2134,flight attendant quietly informs first class passengers where real emergency exits are,Airlines Prioritize First-Class Passengers,sarcasm,0,0.9677987694740295,0.9144400954246521,0.05335867404937744,0.4506062865257263,0.0,58.61488342285156,12,1.0,0.0
2135,"7 shameless ways to get an upgrade: ethics are optional, right?",Ethics Are a Primary Prerequisite for an In-App Performance,sarcasm,0,0.7335231900215149,0.5540128946304321,0.17951029539108276,0.43267741799354553,0.019201920550239778,210.40521240234375,11,1.0,0.008308237404194948
2136,The only parenting advice I'd give: try not to mess up too much.,Parents Often Reassure Childbearing Advice,understatement,0,0.8495523929595947,0.932191014289856,-0.08263862133026123,0.4920335114002228,0.0,491.4013977050781,13,1.0,0.0
2137,fcc chief cites special occasion for allowing vaginal penetration on network sitcom,FCC Cuts Network Footage Following Sexual Misconduct Allegations,overstatement,0,0.9568015933036804,0.8029331564903259,0.1538684368133545,0.5219014883041382,0.0,152.6012420654297,12,1.0,0.0
2138,white-on-white violence claims life of accounts receivable supervisor,Accounts Receivable Supervisor Dies in Office Crash,irony,0,0.8085896372795105,0.5415316224098206,0.26705801486968994,0.5448391437530518,0.0,660.7595825195312,8,1.0,0.0
2139,christian bale given neutered male statuette named oscar,Christian Bale Wins the Academy Award for Best Actor in a Drama,sarcasm,0,0.709777295589447,0.7648860812187195,-0.05510878562927246,0.5756611824035645,0.0,35.2320671081543,12,1.0,0.0
2140,María Tomás-Keegan's GPS guide to self-lift: because GPS fixes everything.,María Tomás-Keegan Uses a GPS Guide on Her Fitness,understatement,1,0.9501142501831055,0.5843655467033386,0.36574870347976685,0.8115811347961426,0.025518615589394285,539.0134887695312,9,0.9,0.02071042699846715
2141,Women who love Trump say he gets a bad rap – poor guy.,Women Emphasize Trump's Outreach and Outreach,satire,0,0.9059094190597534,0.9422997832298279,-0.03639036417007446,0.46625638008117676,0.012712983380807008,87.66378021240234,12,0.9230769230769231,0.005927509611167236
2142,Walmart fact-checks Times—because facts are relative.,Walmart Fact-Checking Times,satire,0,0.9264720678329468,0.752199649810791,0.17427241802215576,0.8484659194946289,0.0417991745584234,303.3641357421875,5,0.8333333333333334,0.035465175075829206
2143,partygoer vows to fix keg,College Partygoer Vows to fix a keg,sarcasm,0,0.8354664444923401,0.7573843598365784,0.07808208465576172,0.8936337232589722,0.07730551756939454,589.4559326171875,4,0.5714285714285714,0.06908281749399993
2144,"Police reports conveniently forget what dashcams clearly show, as per usual.",Police Reports Show a Normal Forensic Signals,sarcasm,0,0.8464708924293518,0.891574501991272,-0.045103609561920166,0.5094417333602905,0.018653567503517977,3673.3994140625,10,0.9090909090909091,0.009502905762345385
2145,"Eating Disorder Campaign Boycotts 'Before' Photo: 'After' is So Much Better, Right?",Before posting a 'Before' Photo,irony,1,0.7244381904602051,0.6962414383888245,0.028196752071380615,0.47552216053009033,0.013249284136531224,638.6982421875,11,0.9166666666666666,0.00630032821808038
2146,8 DIY gifts your friends will want – if they love disappointment.,A DIY Gift Box Contains a Selection of Disasters,irony,1,0.7536687850952148,0.8231717348098755,-0.06950294971466064,0.49104076623916626,0.017182633466700372,712.9357299804688,11,0.9166666666666666,0.008437373503495292
2147,34 tweets that roast The Bachelor with surgical precision.,People Tweets Support for the Rooftop,overstatement,0,0.9337157607078552,0.8832477927207947,0.05046796798706055,0.3686322867870331,0.0,100.82887268066406,9,1.0,0.0
2148,viral video sparks national debate around drumming in public,Viral Video Sparks National Debate Over drumming in Public Spaces,satire,0,0.946851909160614,0.8863956332206726,0.060456275939941406,0.9766788482666016,0.0446323613785333,935.6958618164062,8,0.8,0.04359148330660465
2149,"Voters overwhelmingly demand concession from losers, while totally accepting their own losses, no problem.",Voters Seek Concrete Political Tensions Despite Accepting Economic Losses,sarcasm,0,0.8955332040786743,0.8785971403121948,0.016936063766479492,0.5215309858322144,0.013758777297397084,480.9361572265625,13,0.9285714285714286,0.007175628687757391
2150,ophthalmologist instructs patient not to look at anything 24 hours before eye surgery,Anthalmologist Advises Patients on Immediate Eye Surgery,overstatement,0,0.7501956820487976,0.7800698280334473,-0.029874145984649658,0.609526515007019,0.0,335.2536926269531,13,1.0,0.0
2151,fermilab receives generous anonymous particle donation,Fermilab Seeks Federal Funding for Particle Physics Research Amid Federal Budget Cuts,satire,0,0.5621688365936279,0.81085205078125,-0.24868321418762207,0.5823760032653809,0.0,93.14778137207031,12,1.0,0.0
2152,laid-off zoologist goes on tranquilizing rampage,San Diego Zoo Employee Uses a Tranquilizer Gun,irony,0,0.8564738631248474,0.7911000847816467,0.06537377834320068,0.519944429397583,0.0,236.6581268310547,8,1.0,0.0
2153,dog keeps iceland awake all night,A dog sits in a kitchen,irony,0,0.5807409882545471,0.6364107728004456,-0.05566978454589844,0.3176913261413574,0.040824829046386304,176.58474731445312,6,1.0,0.012969694079240673
2154,first disk of rosetta stone hungarian just urges listeners to rethink this whole thing,Rosetta Stone Launches a Hungarian Language Learning Program,satire,0,0.5920255780220032,0.8881192803382874,-0.2960937023162842,0.69550621509552,0.0,499.3574523925781,14,1.0,0.0
2155,Pro bono month: because lawyers need a break from billable hours too.,Pro Bono Month Provides Legal Relief for Legal Teams,understatement,0,0.9764665961265564,0.9622031450271606,0.014263451099395752,0.7245055437088013,0.017182633466700372,1210.2281494140625,11,0.9166666666666666,0.012448913202140798
2156,Survey shows young Americans want to reverse inequality. Until they have to pay for it.,Gallup Poll Shows Young Americans Pledge to Address Income Inequality,sarcasm,0,0.9239548444747925,0.8410499691963196,0.0829048752784729,0.6745727062225342,0.015223083300988084,223.55223083496094,14,0.9333333333333333,0.0102690764993986
2157,"What's lurking in pedicure tubs? Your worst fears, probably.",Woman holds a plastic swimming pool,rhetorical_question,0,0.8182550072669983,0.6784343719482422,0.1398206353187561,0.16704624891281128,0.0,305.7227478027344,9,1.0,0.0
2158,Behold! The profound and culturally significant title of American Horror Story Season 7 – because subtlety is overrated.,The Haunting Conclusion of American Horror Story Season 7,satire,1,0.7967530488967896,0.8332113027572632,-0.03645825386047363,0.7276937961578369,0.22458068077762677,148.31008911132812,11,0.6111111111111112,0.16342596813878257
2159,tour guide one stop behind clearly giving more interesting tour,U.S. Capitol Visitors Notice Another Guide's More Engaging Tour,irony,0,0.9247376918792725,0.9510316848754883,-0.02629399299621582,0.7375711798667908,0.0,348.3006286621094,10,1.0,0.0
2160,"Serena Williams has perfected her argument against the wage gap: She's so good at explaining it, she should charge men for listening.",Former Secretary of State Serena Williams Defends the Wage Gap in Democratic Debate Over Women's History,sarcasm,0,0.951475977897644,0.863219678401947,0.08825629949569702,0.7495975494384766,0.019785600032949602,87.8301010131836,21,0.9545454545454546,0.014831237298868863
2161,rookie told to ease up on crime-scene tape,Rookie Chicago Police Officer Aides a Crime Scene Tape,irony,0,0.8356238603591919,0.6899453997612,0.14567846059799194,0.715472936630249,0.0,524.6956176757812,9,1.0,0.0
2162,supermodel's true beauty comes from outside,Helena Christensen Models a Lime Green Suit on the Runway,irony,0,0.8953243494033813,0.5480741858482361,0.34725016355514526,0.35881495475769043,0.0,970.6282348632812,10,1.0,0.0
2163,infants piling up at orphanage's old address,Large Group of Infants Gathered at an Orphanage,overstatement,1,0.6626572608947754,0.5382200479507446,0.12443721294403076,0.6524125337600708,0.02777619034011792,70.20801544189453,8,1.0,0.018121534717998336
2164,joe arpaio's family surprises him with detained hispanic motorist,Former Arizona Sheriff Joe Arpaio Receives a Pardon for Criminal Contempt,satire,0,0.9197912216186523,0.634821355342865,0.28496986627578735,0.4908919930458069,0.0,61.90702819824219,11,1.0,0.0
2165,area man to start curling his 2s,Some People Prefer to Act Early,satire,0,0.6292589902877808,0.6059621572494507,0.023296833038330078,0.026919202879071236,0.03455747170954952,171.723876953125,7,1.0,0.0009302595919371282
2166,"How exactly do discriminatory immigration policies affect the unborn? Oh, wait, they don't.",How Will Immigration Policies Impact the Abortions of Migrant Workers in Texas,rhetorical_question,1,0.5146586894989014,0.5620962381362915,-0.04743754863739014,0.6771184206008911,0.018636406807066564,61.18497085571289,12,0.9230769230769231,0.012619054342876608
2167,"Yes, the man who lost a primary by 70 points is definitely the one to finally fix everything.",Mitt Romney Loses a Primary to Mike Pence,sarcasm,0,0.9617981314659119,0.5188392400741577,0.44295889139175415,0.3253769874572754,0.009463724219283744,114.5075912475586,16,0.8888888888888888,0.003079278076597
2168,report: nearby conversation definitely just got quiet to prevent you from hearing it,People Often Impose Quiet Verbal Interactions in Group Conversations,overstatement,0,0.6284651160240173,0.801819920539856,-0.17335480451583862,0.5152421593666077,0.0,182.2847900390625,13,1.0,0.0
2169,"$88 million settlement for sex misconduct. Just a tiny, negligible oopsie for the district.",The District Faces $88 Million Settlement Over Sexual Misconduct Settlement,understatement,0,0.9062325954437256,0.7264169454574585,0.1798156499862671,0.7801811695098877,0.01414733290395472,149.73353576660156,14,1.0,0.011037482730453109
2170,Ten surefire methods to make your kid hate books less.,Parents Often Reassure Children About Harmless Books,sarcasm,0,0.932986319065094,0.9026353359222412,0.030350983142852783,0.6512937545776367,0.0,202.6368865966797,10,1.0,0.0
2171,Let's all commence to move forward—whatever that means.,Business Leaders Commencement,sarcasm,0,0.8878446817398071,0.9088168144226074,-0.020972132682800293,0.21830032765865326,0.0,411.3460998535156,8,1.0,0.0
2172,michelle obama admits barack had way too much sperm to make natural conception possible,Michelle Obama Claims Her Pregnancy Success Qualifies Her Life,sarcasm,0,0.9034963846206665,0.9590808153152466,-0.05558443069458008,0.6100133657455444,0.0,348.2947998046875,14,1.0,0.0
2173,tim burton worried he going through a bit of a 14-movie slump,Tim Burton Suffers a 14-Movie Streak in New York,sarcasm,0,0.5862895846366882,0.5418738126754761,0.04441577196121216,0.7700114250183105,0.017182633466700372,196.39698791503906,11,0.9166666666666666,0.013230824081261267
2174,The tartan carpet gala: where fashion meets historical drama in the most extravagant way possible.,The Academy Awards Red Carpet Gala,overstatement,0,0.968052327632904,0.9258229732513428,0.04222935438156128,0.4675931930541992,0.009109250643152446,180.767333984375,14,0.9333333333333333,0.00425942359456267
2175,Chelsea Handler's brilliant tribute to Sarah Huckabee Sanders showcases her finest moments.,Chelsea Handler Honors Sarah Huckabee Sanders at the White House Press Conference,satire,0,0.8551729917526245,0.9096726179122925,-0.05449962615966797,0.8089765906333923,0.09058752341587764,77.25437927246094,10,0.8333333333333334,0.07328318584689929
2176,The hottest NYC restaurant is a dorm room – fine dining has never been more exclusive with bunk beds!,New York Dining Facilities Face Criticism Over Exclusive Amenities,overstatement,0,0.6487479209899902,0.8745243549346924,-0.22577643394470215,0.6282855868339539,0.0,358.97650146484375,19,1.0,0.0
2177,"Chrissy Teigen grateful for Instagram filters—her way of fighting online hate, one block at a time.",Chrissy Teigen Responds To Criticism Over Her Instagram Filming,satire,0,0.8793943524360657,0.6100032925605774,0.2693910598754883,0.6743004322052002,0.025783998660169834,27.653661727905273,14,0.875,0.01738616144053082
2178,"Just a little ol' murder, nothing to see here.",Arrested in a Brooklyn High School Shooting,understatement,0,0.7921993732452393,0.5391740798950195,0.2530252933502197,0.22901299595832825,0.024822529802838878,56.904380798339844,9,1.0,0.005684681917413023
2179,Nas talks 'Ghostbusters'-inspired lines and sartorial heroes – because rap is really about proton packs and suits.,Nas Discusses The History of Proton Packs and Suits in Horror Films,satire,0,0.9436830282211304,0.5728201270103455,0.3708629012107849,0.6176633834838867,0.01335356899385369,225.27420043945312,16,0.9411764705882353,0.008248010606329192
2180,total idiot resorting to tribalism decades before climate catastrophe makes it necessary,"Politically Toxic Individual Rescued From a Ties, Citing Climate Change Concerns",sarcasm,0,0.9399440884590149,0.6065412759780884,0.3334028124809265,0.4807737171649933,0.0,216.97677612304688,12,1.0,0.0
2181,man sort of curious what his last straw is going to be,Many People Experience Temporary Pain,understatement,0,0.9201041460037231,0.6246376633644104,0.29546648263931274,0.03923067823052406,0.0,1518.92041015625,12,1.0,0.0
2182,"scientists discover dangerous link between book learnin', back talk",Researchers Study Linked Reading Addiction and Back Talk,satire,0,0.8387594819068909,0.80589359998703,0.03286588191986084,0.528712272644043,0.0,1236.84130859375,9,1.0,0.0
2183,"Director makes movie about childhood friend, because Hollywood needs more tributes",Director Makes a Movie About a Childhood Friend,satire,0,0.9464143514633179,0.5094930529594421,0.43692129850387573,0.8006828427314758,0.019090277826420414,137.76739501953125,10,0.9090909090909091,0.015285257918591956
2184,Prime Day's top toys: because consumerism is love.,Amazon Releases a Prime Day Merchandise,satire,0,0.9656687378883362,0.7645151019096375,0.20115363597869873,0.6029393076896667,0.02925226826055808,491.28753662109375,8,1.0,0.0176373423733733
2185,office politician runs for coffee,DataTech Executives Face Criticism Over Policy Incentives,irony,0,0.9572243690490723,0.931129515171051,0.02609485387802124,0.07278985530138016,0.0,231.05661010742188,7,1.0,0.0
2186,"Drake's dad's music video is so smooth, it could calm a raging bull.",Fans React to Drake's Performance in a Father's Music Video,overstatement,0,0.5601164102554321,0.7498252987861633,-0.1897088885307312,0.7053163051605225,0.01859351593152887,241.42904663085938,13,1.0,0.013114309956769252
2187,archaeologists unearth ancient clay pot shards from dwelling of earliest known klutz,Archaeologists Discover Ancient Clay Pot Shards at a French Dig Site,satire,0,0.6301913261413574,0.5612055659294128,0.06898576021194458,0.7377208471298218,0.0,579.4752807617188,12,1.0,0.0
2188,william barr shows up to congress to testify at 3 a.m. after reading email wrong,Attorney General William Barr Arrives at Congress at 3 A.M. for Testimony After Misreading an Email,irony,0,0.9103833436965942,0.7356128692626953,0.17477047443389893,0.8792814612388611,0.026012784404037925,132.01895141601562,15,0.9375,0.022872559081673922
2189,suicidegirls.com put on 24-hour watch,Satirical website Suicidegirls.com features a 24-hour watch,irony,0,0.6293491721153259,0.9416661858558655,-0.31231701374053955,0.8127423524856567,0.06985342056580097,138.58941650390625,5,0.7142857142857143,0.05677283335981904
2190,bumper nilla crop spells profit for wafer growers,Bumper Nilla Growers Grow in a Field,irony,1,0.9246788620948792,0.7954894304275513,0.12918943166732788,0.5934425592422485,0.0,2188.0205078125,8,1.0,0.0
2191,cash-strapped trump forced to replace eric trump with cheap migrant son,Trump Administration Faces Financial Struggles and Administration Budget Management Challenges,sarcasm,0,0.7792877554893494,0.5147801041603088,0.2645076513290405,0.3758341073989868,0.0,654.2072143554688,11,1.0,0.0
2192,Trump won't condemn neo-nazis? UN panel is utterly surprised.,Trump Declines to Condemn Neo-Nazi Members at UN General Assembly,rhetorical_question,0,0.8963704705238342,0.8335241675376892,0.06284630298614502,0.7117465734481812,0.025098621243978974,69.05931854248047,9,0.9,0.01786385766867576
2193,"RNC chair: since we're terrible at normal, let's roll the dice with Trump.",RNC Chair Criticizes Trump During Press Conference in Cleveland,sarcasm,0,0.5834305882453918,0.8773490786552429,-0.2939184904098511,0.4736953377723694,0.015375695992413887,131.43072509765625,12,0.9230769230769231,0.007283395506611763
2194,monsanto develops hardier strain of corn that yields 4 times normal litigation,Monsanto Shares a GMO Corn Variety Amid Ongoing Patent Litigation,irony,0,0.5904890298843384,0.7076551914215088,-0.11716616153717041,0.7854031324386597,0.0,392.036865234375,12,1.0,0.0
2195,"Yes, because nothing captures the despair of student loans like a comic book.",Student Loan Debt Remains High,sarcasm,0,0.8094848990440369,0.5041059851646423,0.30537891387939453,0.5023307800292969,0.0,317.62225341796875,13,1.0,0.0
2196,"friend insists you just have to climb ladder, hop gap, scale wall to see the view from apartment's roof",Man Says Climbing a Window in a Roof,irony,1,0.5512466430664062,0.6046037077903748,-0.053357064723968506,0.4767082929611206,0.0,382.2542419433594,19,1.0,0.0
2197,A millennial perspective on Concur's new app center: because what we need is another app to manage our apps.,Apple Launches a New Mobile App Market,sarcasm,0,0.769830048084259,0.9341667294502258,-0.1643366813659668,0.37460920214653015,0.0,98.749755859375,19,1.0,0.0
2198,mom calmly emptying dishwasher as if shrieking argument didn't happen 10 minutes ago,Michigan Mother Calmly Unloads the Dishwasher,understatement,0,0.9360706210136414,0.6968101859092712,0.23926043510437012,0.714307427406311,0.0,941.779052734375,13,1.0,0.0
2199,Chewbacca gets a 'Chewbacca mom' mask? Because Star Wars fans needed more merch.,Hwbacca Earns a Star Wars Mom's Mask,sarcasm,0,0.8706004619598389,0.7473043203353882,0.12329614162445068,0.7259451746940613,0.03280636247745341,859.749755859375,10,0.7692307692307693,0.023815620539771612
2200,Because matching with the 'most hated man in pharma' on Tinder is everyone's dream.,Women Often Mistake Relatability For Hate On Buses,irony,0,0.9765598177909851,0.7476145625114441,0.22894525527954102,0.2480713278055191,0.0,486.9237365722656,14,1.0,0.0
2201,Knobby-faced beast stands tall? This fossil rewrites history books.,A Fossil Emerges in a History Book,overstatement,1,0.8380314707756042,0.7633333802223206,0.07469809055328369,0.7070422172546387,0.0,277.379150390625,9,1.0,0.0
2202,Art-house films this summer: because who needs plot or fun?,Action Movies Expected to Garner a Wide Summer 2017,understatement,0,0.8104309439659119,0.810234785079956,0.00019615888595581055,0.5243635773658752,0.0,1024.7767333984375,10,1.0,0.0
2203,government no longer even bothering to hide halliburton favors,U.S. Government Declines to Halt an Iraqi Oil Spill,sarcasm,0,0.6241369843482971,0.7938358783721924,-0.16969889402389526,0.363040566444397,0.023980296761827107,32.489707946777344,9,1.0,0.008705820519918452
2204,Seth Meyers points out how Mike Pence's love for Trump is as genuine as a 'Love Actually' plot.,Attorney Generaleth Meyers Defends Mike Pence's Support for Trump in a Hearings,sarcasm,0,0.9258764386177063,0.8134278655052185,0.11244857311248779,0.5589748620986938,0.03419353177183979,109.92382049560547,13,0.7222222222222222,0.019113324706831455
2205,people in healthcare.gov stock photos now visibly panicking,People in Healthcare.gov Stock Photo Pose for a Portrait,sarcasm,0,0.9305388927459717,0.6802671551704407,0.250271737575531,0.6308367252349854,0.023980296761827107,360.7308349609375,8,0.8888888888888888,0.015127651879394135
2206,family has strict no smartphone rule while eating dinner in front of tv,Family Follows a strict No Smartphone Rule at a Family Dinner,irony,0,0.7202380299568176,0.8231691122055054,-0.10293108224868774,0.9002120494842529,0.01571650849186369,297.0371398925781,13,1.0,0.014148190320197276
2207,Trump's diary offers deep insights: 'Day 1: I am great. Day 100: Still great.' Must-read.,Trump Releases a Memoir Reflecting on 2016 Election Results,satire,0,0.582532525062561,0.8543412685394287,-0.2718087434768677,0.4187401533126831,0.0,128.15261840820312,15,1.0,0.0
2208,10 qualities of your inner spirit? Who needs science when you have lists?,Anxiety Often Overwhelms Medical Research,rhetorical_question,0,0.9646586775779724,0.7352806329727173,0.22937804460525513,0.1631658971309662,0.0,557.5794677734375,13,1.0,0.0
2209,std had awesome time on spring break,Health Officials Report Surge in STD Cases Following Spring Break in Florida,understatement,0,0.8671425580978394,0.8603912591934204,0.006751298904418945,0.5147212743759155,0.0,329.4151916503906,12,1.0,0.0
2210,"world cup stadium's walls reinforced with 10,000 homeless brazilians",Maracanã Stadium in Rio de Janeiro Undergoes Renovations,sarcasm,0,0.9278213381767273,0.6632128357887268,0.2646085023880005,0.5051353573799133,0.0,110.05001068115234,9,1.0,0.0
2211,Kid who hugged cop in viral protest photo feared dead in family car plunge—from heartwarming to tragic in seconds.,A Teen Who Shuts Down a Police Vehicle in a Protest Photo,irony,0,0.5541715025901794,0.7999078631401062,-0.24573636054992676,0.5042669773101807,0.009505116453442368,127.77802276611328,18,0.9473684210526315,0.004793116342958648
2212,mom guesses dressbarn closure means she'll just have to go shop with all the sluts over at chico's now,Dressbarn Closures Prompt Shoppers to Seek Alternatives at Competing Retailers,sarcasm,0,0.8157330751419067,0.747331976890564,0.06840109825134277,0.6109875440597534,0.010204337899122706,515.7158203125,17,0.8947368421052632,0.006234723351740846
2213,The long fight for justice: where 'long' means 'eternal' and 'justice' is a fairy tale.,The 'Long' and Justice Fight in Denver,sarcasm,0,0.8475109338760376,0.7019152641296387,0.14559566974639893,0.590618908405304,0.012527116798509994,652.8887329101562,13,0.8666666666666667,0.007398752049001718
2214,"Starbucks, ever the patron of high art, invites you to deface their seasonal cup like a toddler with a placemat.",Starbucks Launches a Fall-Themed Coffee,satire,0,0.8288452625274658,0.8923831582069397,-0.06353789567947388,0.6124756336212158,0.0026749843330874786,253.36460876464844,19,0.95,0.0016383627243345788
2215,kidnapped journalist forced to explain to isis captors what buzzfeed news is,BuzzFeed News Evolves From Viral Stories To Serious Journalism,satire,0,0.8892662525177002,0.8206823468208313,0.0685839056968689,0.5025879144668579,0.0,429.2485046386719,12,1.0,0.0
2216,mitt romney announces he's running for his life,Mitt Romney Announces a Presidential Campaign,sarcasm,0,0.5918152928352356,0.7071060538291931,-0.11529076099395752,0.6853917241096497,0.0,83.18037414550781,8,1.0,0.0
2217,"On Supreme Court steps, too happy to hate – because joy and injustice go hand in hand, clearly.","Supreme Court Steps in Madison, Mississippi",irony,0,0.9189152121543884,0.5250227451324463,0.39389246702194214,0.45567625761032104,0.012930512089935809,398.57568359375,15,0.8333333333333334,0.00589212735812696
2218,"Bill Murray's bribery attempt is so cute, you'd almost forget it's illegal.",Bill Murray Bledges $1.5 Million in a Bribery Scheme in Delaware,sarcasm,1,0.9178427457809448,0.5937083959579468,0.32413434982299805,0.6736674308776855,0.017212239801819764,157.14544677734375,11,0.9166666666666666,0.011595325366942563
2219,national security council distracted by whimpering jared kushner pawing at door throughout meeting,Senior Advisors Discuss Jared Kushner at the National Security Council Meeting,sarcasm,0,0.9229321479797363,0.7121409773826599,0.21079117059707642,0.682594895362854,0.01571650849186369,91.81829833984375,13,1.0,0.010728008469473102
2220,Watched three attacks from school? Just another day in America.,Students Report Widespread Terror Attacks at School,understatement,0,0.9746336936950684,0.8874595761299133,0.08717411756515503,0.6547631025314331,0.0,305.16375732421875,10,1.0,0.0
2221,"Finally, a drug policy expert says what we all knew: legalizing weed will solve everything, right?",Experts Emphasize the Reality That Legal Marijuana Is Safe and Effective,satire,0,0.9786030650138855,0.930682361125946,0.04792070388793945,0.593424379825592,0.0,68.03460693359375,16,1.0,0.0
2222,"Congratulations to Jared Kushner on his new role as FBI director, because nepotism is the new meritocracy.",Jared Kushner Appoints Jared Kushner as FBI Director,sarcasm,0,0.9635903239250183,0.7251787781715393,0.238411545753479,0.620011568069458,0.026968940441095074,46.806121826171875,13,0.7647058823529411,0.016721055052055178
2223,boyfriend vows to try harder,Man Vows To Challenge an Emotional Bull,irony,1,0.8340273499488831,0.7017642259597778,0.13226312398910522,0.4578793942928314,0.0,431.9666442871094,7,1.0,0.0
2224,"Even female doctors struggle for equal pay, despite being obviously superior.",Female Healthcare Providers Face Criticism Over Pay Equality and Pay Pay Limits,sarcasm,0,0.968678891658783,0.87455153465271,0.094127357006073,0.7318364977836609,0.0,304.3051452636719,12,1.0,0.0
2225,Florida man head-butts a bus? Classic problem-solving.,Florida man crashes a bus in a residential street,irony,0,0.9648046493530273,0.6975691318511963,0.26723551750183105,0.49047207832336426,0.056122223243057295,210.9931640625,6,0.6666666666666666,0.02752638347415013
2226,Exclusive: Hillary's secret speech notes that no one cares about.,Hillary Clinton Delivers a Secret Speech at Democratic National Convention in Cleveland,sarcasm,0,0.7192127108573914,0.9320542216300964,-0.21284151077270508,0.5828710794448853,0.0,33.743831634521484,12,1.0,0.0
2227,Brianna Brochu's story reveals racism is just a minor undercurrent in Connecticut.,Rep. Brianna Brochu's Anti-Muslim Remarks Raise Concerns in Connecticut,irony,1,0.6662917733192444,0.5015556216239929,0.16473615169525146,0.6417838931083679,0.04021333017266262,84.18339538574219,10,0.8333333333333334,0.02580826759306361
2228,A mashup so profound it will guide you to sabotage street. Or confuse you. Probably both.,A Mock Mock-Up Fails to Evade Street Attacks,satire,0,0.9354158043861389,0.7803217172622681,0.15509408712387085,0.3864375948905945,0.012151662434083681,321.3486633300781,14,0.875,0.004695859204949685
2229,"Surprise, surprise, the art of the deal involves... not keeping deals?",Rising Global Drug Prices Draws Scrutiny,irony,0,0.9214973449707031,0.7821847200393677,0.13931262493133545,0.19364994764328003,0.0,133.86534118652344,11,1.0,0.0
2230,report: mom going to need you to pitch in around house after her procedure,Performs at the Mayo Clinic in New England,sarcasm,0,0.669754683971405,0.7076606154441833,-0.03790593147277832,0.3057410717010498,0.013120543279239774,155.26341247558594,13,0.9285714285714286,0.004011488963494775
2231,historical archives: to be sold - carved wooden heads,Avengers Expected to Be Sold in a Vintage-Style Shop,irony,1,0.8557356595993042,0.8868948221206665,-0.031159162521362305,0.27925223112106323,0.023980296761827107,117.42726135253906,8,0.8888888888888888,0.0066965513736854275
2232,local senior keeps busy with obituary-clipping hobby,Elderly Americans Complete an Obituary Clipping,satire,0,0.8930281400680542,0.5149906873703003,0.3780374526977539,0.7803429961204529,0.0,371.9173278808594,7,1.0,0.0
2233,George and Amal Clooney stun post-baby red carpet: as if having a baby changes your style.,George and Amal Clooney Attend the Academy Awards,understatement,0,0.9555116891860962,0.9300047159194946,0.025506973266601562,0.5840737819671631,0.12718356905542982,67.07433319091797,12,0.75,0.07428458818228675
2234,"With all eyes on Trump, Texas passes horrific laws? Perfect, let's distract from the real issues.",Texas Lawmakers Pass Major Legislation Amid Ongoing Controversy,irony,0,0.9790341258049011,0.6964959502220154,0.28253817558288574,0.5922554731369019,0.010218289380194194,94.199951171875,15,0.9375,0.006051837811516692
2235,Freedom with a twist of maturity? Because liberty tastes better with responsibility.,Americans Maintain a Lifelong Interest in Freedom,satire,0,0.5787304639816284,0.9496674537658691,-0.3709369897842407,0.5829474329948425,0.019229913610012243,75.6920394897461,11,0.9166666666666666,0.011210028775669222
2236,Behold a tatted up Zayn Malik: the world hasn't seen tattoos before.,Photoshopped Image Shows Zayn Malik with a T-Shirt,overstatement,1,0.7015179395675659,0.5629644393920898,0.13855350017547607,0.6537695527076721,0.020034704329441457,34.504188537597656,11,0.9166666666666666,0.013098079688089403
2237,Clarence Thomas harassed me? Impeach him? Never! Said the corrupt.,Former President Clarence Thomas Harasses me in a Federal Fraud Trial,sarcasm,0,0.6185473203659058,0.706950306892395,-0.08840298652648926,0.7162395715713501,0.03986357128268015,985.3978271484375,10,0.9090909090909091,0.028551867216810807
2238,An Apology to My Fellow Black Woman for Existing in This Mess,Woman Apologizes To Fellow Black Woman During a Mess,overstatement,0,0.8905857801437378,0.7147374749183655,0.17584830522537231,0.7947573661804199,0.09138232906466222,161.79766845703125,8,0.6666666666666666,0.07262677916286338
2239,U.S. vs. China in Africa: A totally cooperative and not competitive venture.,U.S. vs. China in Africa Highlights Competence and Humanitarian Crisis,sarcasm,0,0.8473683595657349,0.8068117499351501,0.04055660963058472,0.7049397230148315,0.22741221234802106,76.65339660644531,7,0.5833333333333334,0.160311901982804
2240,new history textbook makes hatred of history come alive for students,A New History Textbook Fails to Engage Students,irony,0,0.9710659980773926,0.7877300977706909,0.18333590030670166,0.7639791965484619,0.0,159.4049530029297,11,1.0,0.0
2241,hellmann's introduces new meat-on-the-bottom mayo cups,Satirical Image Shows a Hellmann's Replica Oatmeal Cups,overstatement,0,0.8014287352561951,0.7858974933624268,0.01553124189376831,0.592258632183075,0.0,517.2659301757812,8,1.0,0.0
2242,belt looks weird on child,Police Investigate the child in a school storage case,sarcasm,1,0.543193519115448,0.6277129650115967,-0.08451944589614868,0.2761821448802948,0.023980296761827107,343.756103515625,9,1.0,0.006622929794547398
2243,poll finds 97% of americans don't know who donald trump is,Poll Shows High Public Confusion Over Donald Trump's Presidency,overstatement,0,0.7825175523757935,0.789525032043457,-0.007007479667663574,0.6774250268936157,0.0,130.78836059570312,11,1.0,0.0
2244,woman worried she doing bad job enjoying massage,Women Report Anxiety and Judgment Following a Massage,sarcasm,0,0.9131937623023987,0.8966221213340759,0.016571640968322754,0.7337360382080078,0.0,620.4852905273438,8,1.0,0.0
2245,Andrew Lincoln will make you hope for Rick's death scene. What a charming plot twist.,Andrew Lincoln Addresses Rick's Death in New York,sarcasm,0,0.8657107949256897,0.6599917411804199,0.20571905374526978,0.7339036464691162,0.02709850435615371,415.3733215332031,12,0.8,0.019887691160840437
2246,"In a world where body positivity means embracing all sizes, a model is 'ok' with being called fat. How revolutionary.",Aspiring Body Positivity Movement Targets the Movement,irony,0,0.9692916870117188,0.7183535099029541,0.25093817710876465,0.48883968591690063,0.0,478.9209289550781,20,1.0,0.0
2247,airbnb user loves how easy website makes it to ejaculate in stranger's sink,Airbnb Users Often Sink Content From Strangers,sarcasm,1,0.9578391909599304,0.6027775406837463,0.3550616502761841,0.6509546637535095,0.0,1496.370361328125,13,1.0,0.0
2248,Frankie Muniz seems keen on a Malcolm reboot – because originality is overrated when you have nostalgia.,Frankie Muniz Discusses a Malcolm reboot,irony,1,0.6261317729949951,0.5268601775169373,0.09927159547805786,0.8001260757446289,0.040620067374868424,2368.83837890625,12,0.7058823529411765,0.0325011751051359
2249,american media reports news other than zoo's escaped cobra as if anything else really matters,American Media Coverage Highlights the Death of an Escape Cobra in Cuba,sarcasm,0,0.9163272976875305,0.8719194531440735,0.04440784454345703,0.69633948802948,0.0,972.4071044921875,15,1.0,0.0
2250,"Nations advised to avoid South China Sea confrontation, as peace is already here.",Nations Urge South China Sea Clashes Despite Preliminary Peace Efforts,sarcasm,0,0.7567853927612305,0.9208486676216125,-0.16406327486038208,0.7720036506652832,0.08315273112724772,125.75827026367188,9,0.6923076923076923,0.06419421199302397
2251,"Clippers win championship, racism wins too – sports always promote equality, right?",Clippers Win the 2016 NBA Championship,irony,0,0.922420859336853,0.5815141201019287,0.3409067392349243,0.5106025338172913,0.01501861529550426,534.6227416992188,11,0.9166666666666666,0.007668543024311602
2252,"5 steps to get you from shy to sociable – step 1: become a mind reader, step 2: never be awkward again.",Three Steps to Retain Social Awareness in a Memoir,overstatement,1,0.8464376926422119,0.7535852193832397,0.09285247325897217,0.40809211134910583,0.006726634038039702,179.79653930664062,20,0.9090909090909091,0.0027450862868563836
2253,"Why leave a husband who threatens to kill you? For the cozy domestic violence, of course.",How Centuries of Intrusive Domestic Violence Threaten Women,sarcasm,0,0.693553626537323,0.823020875453949,-0.12946724891662598,0.6224973797798157,0.010218289380194194,42.94947052001953,16,1.0,0.006360858365002803
2254,inept coworker increasingly difficult to fantasize about,Data Entry Workers Face Workplace Stress and Stress,sarcasm,0,0.723236083984375,0.7969678640365601,-0.07373178005218506,0.23730850219726562,0.0,1411.328125,8,1.0,0.0
2255,louvre curators hurry to display ugly van gogh donor gave them before surprise visit,Louvre Curators Prepare a Van Gogh Painting for Display at the Museum,satire,0,0.8766903281211853,0.6686058044433594,0.20808452367782593,0.7318801879882812,0.0,167.43630981445312,14,1.0,0.0
2256,scientists find human vocal cords developed over millennia to lower voice when speculating on acquaintance's sexual orientation,Researchers Propose Human Vocal cords Adapt to Interactions with Acquaintances,overstatement,0,0.8650119304656982,0.7376024127006531,0.12740951776504517,0.5987827777862549,0.012463606455186824,464.9119873046875,15,0.8823529411764706,0.007462992894471464
2257,"7 ridiculously easy ways to protect your bones – so easy, you'll forget you're even trying to avoid osteoporosis!",Researchers Propose Osteoporosis as a Simple Way to Protect your Bones,overstatement,0,0.575027585029602,0.7944658398628235,-0.21943825483322144,0.7455503940582275,0.010832424511493322,40.898521423339844,19,1.0,0.008076118363149849
2258,"This is so much cooler than your boring black ponytail holder? Wow, that ponytail holder must be a revolution in hair accessories.",A ponytail holder stands in a storage case,overstatement,1,0.9736822843551636,0.6708773970603943,0.3028048872947693,0.6021324396133423,0.01213870435522166,386.0849914550781,19,0.8636363636363636,0.007309107667154721
2259,fire department deploys unmarked trucks,Midland Fire Department Deploys Emergency Response Teams,irony,0,0.9469033479690552,0.8357542753219604,0.11114907264709473,0.5273909568786621,0.0,147.02406311035156,7,1.0,0.0
2260,Fed finally 'lowers the boom' on Wells Fargo after years of scandals—about time they noticed.,Federal Reserve Reports Economic Recovery Following Years of Scandals,sarcasm,0,0.9141265153884888,0.962467610836029,-0.04834109544754028,0.4466424286365509,0.01231189487700387,653.3571166992188,14,0.9333333333333333,0.005499014628982917
2261,"Aunt Flo's uninvited visits made adorable – because menstruation is just a funny little quirk, right?",Aunt Flo Makes Invited Visits to the Pern,satire,0,0.907863974571228,0.5681987404823303,0.3396652340888977,0.662563681602478,0.010218289380194194,437.97607421875,15,0.9375,0.006770267431420968
2262,area man tired of making excuses for rapist friend,Man Says He Is Tired of Defending an Accused Friend,sarcasm,0,0.8351414203643799,0.6301956176757812,0.20494580268859863,0.6048005223274231,0.021105340631872645,90.68331146240234,10,1.0,0.012764521038054762
2263,authorities on loudspeaker plead with holdout characters to evacuate disney world while they still can,Authorities Urge Disney World Guests to Evacuate Ahead of Hurricane Irma,satire,0,0.902134120464325,0.7846614718437195,0.11747264862060547,0.5689680576324463,0.01310368481704471,123.67527770996094,14,0.9333333333333333,0.007455578098181706
2264,"Ivanka, where's your LGBTQ advocacy when your dad is anti-LGBTQ? Probably shopping.",Ivanka Trump Launches a National LGBTQ Advocacy Campaign,sarcasm,0,0.5809787511825562,0.939946174621582,-0.3589674234390259,0.6778010129928589,0.016847111051295396,119.99531555175781,12,1.0,0.011418988936571207
2265,"cheney to speak at republican convention from section 109, row 56, seat 3",Dick Cheney to Speak at the Republican National Convention in Cleveland,satire,0,0.7107903361320496,0.7864906191825867,-0.07570028305053711,0.7824514508247375,0.018690183721524995,32.4569206237793,12,0.9230769230769231,0.014624161369088125
2266,Andrew Lincoln and cue cards back? The cultural event of the decade.,Andrew Lincoln and Ted Kennedy Present the Commencement at the Lincoln Center,understatement,0,0.9406312704086304,0.7745107412338257,0.1661205291748047,0.38704970479011536,0.09058752341587764,94.34033966064453,9,0.75,0.035061874195783105
2267,"'oh, was i not enough for you?' amazon echo asks couple bringing new baby home",Amazon Echo Smart Speaker,sarcasm,1,0.7108204364776611,0.6957053542137146,0.015115082263946533,0.33540141582489014,0.0,2639.926025390625,15,1.0,0.0
2268,14 Toronto film festival movies worth your attention. As if you needed more reasons to stay home.,Actors appear at the 2018 Toronto Film Festival,sarcasm,0,0.655829668045044,0.9247077107429504,-0.2688780426979065,0.5616481304168701,0.009017608727734442,150.34158325195312,17,1.0,0.0050647230827629
2269,Russia objects to U.S. arming rebels—peace-loving as always.,Russia objects to the U.S. Humanitarian Aid to rebels in Syria,sarcasm,0,0.9442425966262817,0.8355047702789307,0.10873782634735107,0.7008333206176758,0.10025157431478134,33.754703521728516,7,0.6363636363636364,0.0702596437241779
2270,tapas arriving too fast,Tapas Arrives in San Jose,irony,1,0.6962243318557739,0.7238536477088928,-0.027629315853118896,0.6883344054222107,0.0,104.67759704589844,5,1.0,0.0
2271,"Rubio's struggle to have an original thought, barely noticeable",Marco Rubio Faces Controversy Amid Sexual Abuse Allegations in Florida,understatement,0,0.5612103939056396,0.5029627084732056,0.05824768543243408,0.49736469984054565,0.0,67.45242309570312,10,1.0,0.0
2272,clinton takes stand against harmful uv radiation,President Clinton stands in the Oval Office,understatement,0,0.7920315265655518,0.9315991401672363,-0.13956761360168457,0.3911176323890686,0.0,45.45618438720703,7,1.0,0.0
2273,nation's moms demand christmas list,Mothers Request a Holiday Wish Lists,sarcasm,0,0.9263705015182495,0.9155641198158264,0.010806381702423096,0.6989170908927917,0.0,925.9308471679688,6,1.0,0.0
2274,"Happiness answered two millennia ago—and we're still searching, obviously.",Researchers Claim a Happiness Shifting a Century Ago,sarcasm,0,0.712687611579895,0.8465652465820312,-0.13387763500213623,0.7022141218185425,0.024512401940754224,1149.2896728515625,9,1.0,0.017212954802489865
2275,pope starting to suspect bishops getting huge erections during meeting on child sexual abuse might be pedophiles,Pope Francis Addresses Bishops on Clergy Sexual Abuse Crisis in Vatican,satire,0,0.9242614507675171,0.7491692304611206,0.17509222030639648,0.6718991994857788,0.010925235453748463,119.6839370727539,16,0.9411764705882353,0.007340656955567242
2276,"Trump now claims 'illegal immigrants' are behind voter fraud, solving the mystery of his elusive mandate.",Trump Claims Undocumented Immigrants Are Behind His Election Mandals,sarcasm,0,0.9373329877853394,0.8921062350273132,0.04522675275802612,0.6222410202026367,0.011017167600428483,298.7205810546875,15,0.9375,0.006855333607434054
2277,Supreme Court to decide if Bush-era officials can be sued; because accountability is so last decade.,Supreme Court to Decide on Bush Administration Officials' Accountability in the Age of the Tenure,sarcasm,0,0.7788472771644592,0.6098265647888184,0.16902071237564087,0.7568130493164062,0.06119964090172673,81.84523010253906,13,0.8125,0.04631668684790486
2278,"Scholarship for Sterling's children: fixes everything, right?",Researchers Suggest a Hidden Paycheck for Sterling's Children,sarcasm,0,0.9623659253120422,0.8199923038482666,0.14237362146377563,0.6060668230056763,0.05873949094699214,507.9693298339844,8,1.0,0.03560005666321421
2279,first day of school photos a chance to see how much cousin's kids are chunking out this year,Students Take a Break From School Photo Videos,sarcasm,0,0.9194790720939636,0.9214807748794556,-0.0020017027854919434,0.5290217399597168,0.00795801177094546,445.6557922363281,17,0.9444444444444444,0.0042099612336854745
2280,laura ingraham claims protesting parkland students don't have enough gun knowledge to criticize nicholas cruz,Laura Ingraham Criticizes Gun Control Following Trayvon Martin Shooting in Parkland,sarcasm,0,0.8338453769683838,0.7867494821548462,0.0470958948135376,0.6589588522911072,0.0,84.7848129272461,15,1.0,0.0
2281,jeb bush bungles several questions on first day back at home,Jeb Bush Attends the White House Press Conference,sarcasm,0,0.5239487290382385,0.9398016929626465,-0.41585296392440796,0.4101201891899109,0.0,57.78371047973633,11,1.0,0.0
2282,"Oh, sure, Obama totally supports Black Lives Matter—just not loudly enough to actually make a difference.",President Obama Defends Black Lives Matter Despite Criticism Over Policy Record,sarcasm,0,0.8743898868560791,0.8489020466804504,0.025487840175628662,0.7511163949966431,0.02800221821228305,125.14266967773438,13,0.8125,0.02103292519551939
2283,this so typical of hemophiliac,Man Paralyzed in a Hemophilia,understatement,1,0.9211459159851074,0.5721936225891113,0.3489522933959961,0.6223707795143127,0.0,154.1156768798828,5,1.0,0.0
2284,new dog sick of being compared to old one,A New Dog Tired of Being Comparing To an Deceased,satire,1,0.8547542691230774,0.9444388747215271,-0.08968460559844971,0.7556549310684204,0.021105340631872645,194.70587158203125,9,0.9,0.015948354720353254
2285,detective endangers own life by looking forward to upcoming retirement,Veteran Chicago Police Detective Announces Retirement,irony,0,0.9242839813232422,0.5280591249465942,0.39622485637664795,0.6188985705375671,0.0,549.7444458007812,10,1.0,0.0
2286,employee leaving company unsure how to break it to coworkers who don't really care whether he lives or dies,Data Entry Workers Remain Undamaged as the Executive Leaves Wall,irony,0,0.5690613389015198,0.6175214648246765,-0.04846012592315674,0.2668082118034363,0.0,1600.306884765625,19,1.0,0.0
2287,Guy Fieri eats to Johnny Cash's 'Hurt' – the perfect soundtrack for fine dining.,Guy Fieri Eats Johnny Cash's 'Hurt',irony,1,0.9174394011497498,0.9018320441246033,0.015607357025146484,0.9050935506820679,0.06697116909821788,163.76742553710938,9,0.6428571428571429,0.0606151732324352
2288,"Does the GIF Oscars need you? Probably not, but your meme might win.",G GIF Oscars 2018 Might Winner,rhetorical_question,1,0.8856424689292908,0.6673137545585632,0.21832871437072754,0.7130244970321655,0.026884686598925595,47711.34375,11,0.8461538461538461,0.019169440140066323
2289,hillary clinton campaign shuts down after blowing through $2 billion in first month,Hillary Clinton Presidential Campaign Faces Scrutiny Amid $2 Billion in Debt,overstatement,0,0.8478807210922241,0.6323249936103821,0.21555572748184204,0.6194678544998169,0.018690183721524995,71.02890014648438,11,0.8461538461538461,0.011577968010180491
2290,"What's next for Jill Abramson? A Pulitzer for her next editorial, obviously?",Jill Abramson Continues to Advocate for a Pulitzer Prize,rhetorical_question,0,0.5319124460220337,0.89630526304245,-0.36439281702041626,0.7871079444885254,0.022613617379612153,105.33828735351562,11,0.9166666666666666,0.017799357893116517
2291,new carpet cleaner safe for pets that were meant to go on living,A New Carpet Cleaner Opens,understatement,0,0.6849920749664307,0.6281493306159973,0.05684274435043335,0.6808441281318665,0.0,271.8410339355469,13,1.0,0.0
2292,The great unifier: how a polarizing figure brought everyone together,The Greatifier: The Polarizing Force,sarcasm,0,0.8612233996391296,0.6564769148826599,0.20474648475646973,0.5444021821022034,0.01976560930094397,470.3854675292969,9,0.9,0.010760440834013504
2293,The family talisman: that mysterious object that definitely brings luck and isn't just a dusty old trinket.,The Family talisman is a mysterious discovery from a dusty old trinket,irony,1,0.5160552263259888,0.8173781633377075,-0.30132293701171875,0.8149045705795288,0.06314512913091053,134.4929962158203,13,0.7647058823529411,0.05145725433861354
2294,"Clearly, a comedian is the perfect person to settle complex geopolitical election interference debates.",Experts Note Comedy Is a Key Topic in Political Interference Debates,irony,0,0.9783018827438354,0.8307504057884216,0.14755147695541382,0.7244977355003357,0.014350755161376995,572.5581665039062,14,1.0,0.010397089617137388
2295,olympic torch used to ignite tibetan protesters,A torch from a building,sarcasm,1,0.8418914675712585,0.6079145669937134,0.23397690057754517,0.5671477913856506,0.036015288308423515,512.140869140625,6,0.8571428571428571,0.02042599122023984
2296,trump vows to bring back ohio town's white castle,Trump Vows to Bring Back a White Castle in Ohio,sarcasm,0,0.9166894555091858,0.8619619607925415,0.05472749471664429,0.968633234500885,0.021105340631872645,112.55484771728516,9,0.9,0.020443334361493752
2297,report: most terrorists do not start the day off with a good breakfast,Report Examines the Appeal of a Balanced Breakfast,sarcasm,0,0.8381379246711731,0.8910195827484131,-0.05288165807723999,0.5099751353263855,0.01768056451493027,758.8285522460938,11,0.8461538461538461,0.009016648281148454
2298,HuffPost Rise Newsbrief: your daily dose of obvious news.,HuffPost Releases a Daily Update on the Trump Administration,sarcasm,0,0.9493350982666016,0.9653366208076477,-0.016001522541046143,0.6334558725357056,0.023980296761827107,94.11734008789062,8,0.8888888888888888,0.015190459808928344
2299,dad's previously unheard-of friend dies,"Connecticut Father, a Lifelong Supporter, Dies",understatement,1,0.6676572561264038,0.7283002138137817,-0.06064295768737793,0.5587118864059448,0.0,204.5968780517578,6,1.0,0.0
2300,no leads sought in asshole's murder,"NYPD Declines to Investigate Murder in Brooklyn, Brooklyn",sarcasm,0,0.6549052000045776,0.5214187502861023,0.13348644971847534,0.3058014512062073,0.02777619034011792,92.44705963134766,7,0.875,0.008493999314987895
2301,Co-worker's bad mood getting you down? Just ignore it; that always works.,Many Co- Workers Ignore Negative Experiences,sarcasm,0,0.7732585668563843,0.7744467854499817,-0.0011882185935974121,0.488688588142395,0.0,902.2185668945312,12,1.0,0.0
2302,Because nothing says respect like dressing up as other cultures.,Citizens Express Respect When They Attend the Services,sarcasm,0,0.924937903881073,0.9494937062263489,-0.02455580234527588,0.4558708071708679,0.0,3399.0048828125,10,1.0,0.0
2303,defiant dallas police officer claims anyone could have mistaken black man's apartment for gun,Dallas Police Officer Faces Criticism Over Mistakening a Black Man for a Gun,sarcasm,0,0.5715175271034241,0.5094661116600037,0.06205141544342041,0.7602648735046387,0.014386773665469615,539.4459838867188,14,1.0,0.010937758660918125
2304,point of story apparently that man ate at restaurant,Man Recounts a Recent Social Event at a Tacoma Restaurant,understatement,0,0.6365805864334106,0.5067728757858276,0.129807710647583,0.5121020674705505,0.021105340631872645,368.5928955078125,10,1.0,0.010808088572252197
2305,Black Friday boycott: because saving money is so last season,Last Year's Black Friday Bands Surge in Ticket Sales,irony,0,0.9626822471618652,0.9206955432891846,0.041986703872680664,0.4686700999736786,0.04537922867531812,209.71737670898438,10,1.0,0.021267887639989765
2306,"Pretty Little Liars escapes New York, finally giving the city a break.",The Little Liars Arrives in New York,sarcasm,0,0.9505239725112915,0.5087096095085144,0.4418143630027771,0.7474299669265747,0.0378442713638306,72.79788208007812,10,0.8333333333333334,0.028285942493828226
2307,'Pharma bro' Martin Shkreli backs Bush: Because his endorsement is everyone's dream.,Martin Shkreli Offers an Endorsement of George H.W. Bush,sarcasm,0,0.9184685945510864,0.7311787605285645,0.18728983402252197,0.7225459814071655,0.03633684571584218,18.768016815185547,10,0.8333333333333334,0.026255041848993944
2308,'entourage' fans doubt film adaptation can capture nuances of book,Film Adaptations of HBO Series 'Entourage',irony,1,0.5030415654182434,0.7253157496452332,-0.22227418422698975,0.682133674621582,0.020960166113993737,109.08679962158203,10,1.0,0.014297635132017313
2309,"'Miracle on Ice' veteran seeks congressional scrutiny on NHL concussions, because Congress has nothing better to do.",Former 'Miracle on Ice' Veteran Seeks Congressional Action Over Concussion Concerns in the Ice,understatement,1,0.8116454482078552,0.613860547542572,0.1977849006652832,0.819749116897583,0.057057584162341655,99.24058532714844,15,0.8823529411764706,0.04677290422938909
2310,Haiku art reviews: deep insights in three lines.,Researchers Publish a Haiku Art Review,satire,1,0.556178629398346,0.7950102686882019,-0.23883163928985596,0.8569850921630859,0.02925226826055808,459.61590576171875,8,1.0,0.02506875781125368
2311,area man probably pervert,"Peoria, Illinois Residents Say Local Man Is a Humpback",sarcasm,0,0.6009221076965332,0.739539623260498,-0.13861751556396484,0.3426652252674103,0.0,278.2822570800781,9,1.0,0.0
2312,overpopulation of the earth: will it create valuable new markets?,Global Overpopulation Threatens Food Resources and Humanitarian Aid,satire,0,0.9228852391242981,0.5446158051490784,0.3782694339752197,0.5575753450393677,0.0,94.78028106689453,10,1.0,0.0
2313,street musician's mother really on his case about practicing his buckets,Chicago Street Band Members Tend to Practice Their Bands,irony,0,0.8345699310302734,0.8223155736923218,0.01225435733795166,0.33789169788360596,0.0,409.67578125,11,1.0,0.0
2314,K-pop fans lost their minds? At a closing ceremony? That's never happened before. They must be so unpredictable.,K-Pop Fans Attend the 2018 Winter Olympics Closing Ceremony in Finland,overstatement,0,0.8785132765769958,0.8687363862991333,0.009776890277862549,0.5400674939155579,0.0,113.19501495361328,18,1.0,0.0
2315,kangaroo decides he'll get there faster by just running,A Kangaroo stands in a grassy field,irony,0,0.8257355093955994,0.5143588781356812,0.3113766312599182,0.5339890718460083,0.0,66.25772094726562,9,1.0,0.0
2316,Geckos enjoy a cosmic party in space – because nothing says scientific advancement like lizard tourism.,Scientists Hold a Cosmic Party in a Space,irony,0,0.9713298082351685,0.7443166971206665,0.22701311111450195,0.5094720125198364,0.012151662434083681,1501.55810546875,14,0.875,0.006190931915754307
2317,"Meet the woman who flew us to Pluto: NASA called, they want their imaginary space program back.",NASA Launches a Space Program in New Orbit,satire,0,0.94623863697052,0.9006531834602356,0.045585453510284424,0.4484061300754547,0.009017608727734442,137.57044982910156,16,0.9411764705882353,0.004043551032138046
2318,Ted Cruz and Rand Paul: the ultimate outsiders bravely fighting the establishment from inside their powerful Senate seats. So rebellious.,Ted Cruz and Rand Paul Campaigns in Iowa,sarcasm,0,0.912784993648529,0.8938459157943726,0.018939077854156494,0.6702561378479004,0.07714073404379711,72.94754028320312,16,0.8,0.0517040504709475
2319,Gigi Hadid walks runway with one shoe: A minor fashion faux pas.,Gigi Hadid Models a Makeup on the Runway,understatement,0,0.8198397159576416,0.7048774361610413,0.11496227979660034,0.7160128355026245,0.0356273021952634,376.4042053222656,10,0.8333333333333334,0.025509605666139426
2320,"Sinclair CEO tells employees not to let 'extremists' bully them, presumably meaning 'journalists who fact-check.'",SSinclair CEO Agrees to Bully Journalists in a Fact-Check,satire,0,0.902789294719696,0.7949778437614441,0.10781145095825195,0.6634699106216431,0.014641392986898552,227.32260131835938,13,0.8666666666666667,0.009714123696393934
2321,argument about capital of australia occurs 10 feet from encyclopedia,Brothers Debate the Capital of Australia in Australia,irony,0,0.8608676791191101,0.8650467991828918,-0.004179120063781738,0.6424059867858887,0.02163211878762423,358.5867614746094,10,1.0,0.013896602616033303
2322,"News roundup: August 17, 2017 – nothing to see here.","News Releases for July 17, 2017",sarcasm,0,0.7247434258460999,0.564659595489502,0.1600838303565979,0.6561530828475952,0.04905406857740215,146.20541381835938,8,0.8,0.03218697832327977
2323,"From bicycles to spaceships: a video that highlights how far we've come, yet we still can't fix traffic.",Researchers Propose a Video Highlighting the Challenges and Challenges of Bicycles,irony,0,0.9233171939849854,0.8290213942527771,0.09429579973220825,0.5752396583557129,0.009975840318370089,137.66232299804688,17,0.9444444444444444,0.005738498976550356
2324,assisted care facility hits grand fucking slam with little styrofoam cups of sherbet,Assisted Care Facility Residents Gather for a Sherbet,sarcasm,0,0.9743292927742004,0.5188367366790771,0.4554925560951233,0.6180461645126343,0.0,732.241455078125,13,1.0,0.0
2325,"Russia holds military exercises in disputed areas, just a friendly workout, no ulterior motives.",Russia Continues to Stall Military Overcrowding in the Nearby Areas,irony,0,0.9338860511779785,0.8413147330284119,0.09257131814956665,0.4220367670059204,0.016824108947695062,114.22968292236328,13,0.9285714285714286,0.007100392548040602
2326,couple stressing about wedding plans as if it won't just take a string of edison bulbs to knock guests' fucking socks off,Couple Stresses Over Wedding Plans,satire,0,0.9488491415977478,0.7310628890991211,0.2177862524986267,0.5470759868621826,0.0,1960.4144287109375,22,1.0,0.0
2327,podiatrists recommend getting feet rotated every 6 months,Podiatrists Recommend a Foot Reamination,satire,0,0.8372896313667297,0.5465056896209717,0.29078394174575806,0.6661970019340515,0.0,3045.572998046875,8,1.0,0.0
2328,"Russia amasses 45,000 troops: just a casual gathering on the border, no big deal.",Russia Deploys a Large Group of Troops on the Border,understatement,0,0.8749887347221375,0.8319027423858643,0.04308599233627319,0.7617006301879883,0.035578658668572044,48.70652389526367,11,0.7857142857142857,0.027100286729094657
2329,parents finally cave and buy 33-year-old son playstation 1,Parents Purchase a PlayStation 1 Console for a 33-Year-Old,understatement,0,0.6634628176689148,0.6142208576202393,0.04924196004867554,0.8236068487167358,0.023980296761827107,96.8686752319336,9,1.0,0.019750336647300568
2330,"'Warcraft' trailer debuts at Blizzcon – finally, some quality entertainment.",A 'Warcraft' Trailer Arrives at Blizzcon,understatement,0,0.9238344430923462,0.6744994521141052,0.24933499097824097,0.9028290510177612,0.04905406857740215,120.86553955078125,8,0.8,0.04428743818229617
2331,Dolphin mom shows better parenting than many humans,Michigan Dolphins Mother Shows Positive Parenting,sarcasm,0,0.9410704374313354,0.9335874319076538,0.007483005523681641,0.8343468904495239,0.0,4031.482421875,8,1.0,0.0
2332,report: one in five women training to be yoga instructors,Yoga Instructor Education Programs Among Women,irony,0,0.9527804851531982,0.8385859131813049,0.11419457197189331,0.880229115486145,0.0,3306.7548828125,10,1.0,0.0
2333,"Ted Cruz wins by being so bland, opponents fall asleep.",Ted Cruz Wins in Texas Primary,sarcasm,0,0.9290754199028015,0.6620522141456604,0.2670232057571411,0.6199831962585449,0.04432535465175531,218.4019775390625,8,0.8,0.027480975052288817
2334,"Spain's gentle, loving persuasion of Catalonia is such a heartwarming story of unity.",Spain's Solidarity Following Barcelona Terror Attack,satire,0,0.9259403944015503,0.8088831901550293,0.117057204246521,0.5617202520370483,0.012712983380807008,276.501220703125,12,0.9230769230769231,0.007141140228809719
2335,obamas decide to stay in white house until daughters finish high school,Obama Administration Decides to Stay in the White House Until Daughters finish High School,irony,0,0.9617686867713928,0.9434973001480103,0.01827138662338257,0.9694260358810425,0.018798317647335087,99.84477233886719,11,0.7857142857142857,0.018223578558088697
2336,bold intern giving parents tour of office,A Bold Intern Gives a Tour of the Office,irony,0,0.9770420789718628,0.5842006206512451,0.3928414583206177,0.851757287979126,0.023980296761827107,267.5216369628906,8,0.8888888888888888,0.020425392534788474
2337,"Melo's hat game > Knicks' triangle offense—yes, accessories are the key to winning championships.",Melo's hat game > Knicks' triangle offense proves the key for winning the championships,sarcasm,0,0.9052910804748535,0.90635085105896,-0.0010597705841064453,0.8789733648300171,0.4052587697205425,430.79254150390625,6,0.42857142857142855,0.3562116644481383
2338,cable-tv judge overruled by network-tv judge, Copyrighted TV Judge overruled by a Cable-TV Judge,satire,0,0.8132213950157166,0.8904862999916077,-0.07726490497589111,0.8681665658950806,0.05873949094699214,529.70703125,6,0.75,0.05099566213787534
2339,"Iowa caucus photos so thrilling, you'll forget it's just a straw poll.",Iowa Caucus Photo Uploads Highlights a Primary Season,overstatement,0,0.9251492619514465,0.8817629814147949,0.04338628053665161,0.6379042863845825,0.020034704329441457,4239.75439453125,10,0.8333333333333334,0.012780223768198458
2340,Black women are rising! When will their pay rise? Probably after the next ice age.,Black Women Report Rising Pay Increase,rhetorical_question,0,0.6290497779846191,0.9319007396697998,-0.30285096168518066,0.7314313650131226,0.009109250643152446,6754.9658203125,14,0.9333333333333333,0.006662791632167658
2341,justice breyer unable to look at anything without deliberating constitutionality of it,Chief Justice Stephen Breyer Rules Constitutional Interpretations,overstatement,0,0.51845782995224,0.8084935545921326,-0.2900357246398926,0.8068382143974304,0.0,176.92904663085938,12,1.0,0.0
2342,Police heroically displace homeless for the Pope's visit—compassion in action.,Police Evacuate a Homeless Person at the Pope's Visit in New York City,sarcasm,0,0.9314159750938416,0.7316755652427673,0.19974040985107422,0.7397547960281372,0.039073802494525016,48.27374267578125,9,0.6923076923076923,0.028905032794381072
2343,kkk member struggles to blame blacks for his hangover,"Kansas Party Hosts in Jackson, Mississippi",sarcasm,1,0.9115450382232666,0.6679070591926575,0.24363797903060913,0.31216564774513245,0.0,146.22227478027344,9,1.0,0.0
2344,Who needs a plan when Ebola comes knocking? This infographic has you covered.,Researchers Propose an Ebola Vaccination Plan,rhetorical_question,0,0.8833098411560059,0.8978821635246277,-0.014572322368621826,0.7723616361618042,0.012712983380807008,169.8013458251953,12,0.9230769230769231,0.009819020644497925
2345,"Lawmaker obsessed with 'war on whites'—clearly, the most pressing issue of our time.",Lawmakers Express Fatigue Over Ongoing Controversy Over Historical War on the Black People,sarcasm,0,0.9209175109863281,0.8111209273338318,0.10979658365249634,0.5997703671455383,0.018476860420522198,152.13095092773438,13,1.0,0.011081873358113465
2346,bowling green state just going to claim christopher lloyd as alumnus until someone calls them out,Bowling Green State University Administrators Plan to Falsely Claim Christopher Lloyd as an Alumnus,satire,0,0.8883684277534485,0.6208657622337341,0.26750266551971436,0.8554924130439758,0.014724959205415935,116.7479019165039,16,1.0,0.012597090882615384
2347,tv in l.a. bar switched over to 'american dad' rerun without complaint,The L.A. Bar Reverts to 'American Dad' Following a Domestic Dispute,irony,0,0.5150798559188843,0.6443383097648621,-0.12925845384597778,0.7264496088027954,0.017212239801819764,114.72872161865234,12,1.0,0.012503824870651872
2348,rnc builds levee out of poor people to protect convention site,RNC Organizers Secure a Severe Flooding at a Convention Site,satire,0,0.9282567501068115,0.9137113094329834,0.014545440673828125,0.6773755550384521,0.0,448.1202087402344,11,1.0,0.0
2349,Beyond marriage equality? What could possibly be next for LGBT rights?,Beyond Marriage Equality Highlights Ongoing Debate Over Legal Defense of LGBT Rights in the Supreme Court,rhetorical_question,0,0.8821440935134888,0.7598671913146973,0.1222769021987915,0.7484399080276489,0.014628063653657535,73.56666564941406,14,0.875,0.01094822661556604
2350,man sets unsustainable precedent of saying hello to coworker every morning,Texas Workers Tend to Reassure By Mocking And Judgment,sarcasm,0,0.9239676594734192,0.8813146948814392,0.04265296459197998,0.2478976547718048,0.019201920550239778,623.0555419921875,11,1.0,0.004760111071518964
2351,A mass shooting is a 'reprieve'? Only in the White House could that be considered a positive spin.,Mass Shootings in the White House Result in a Positive Reception,sarcasm,0,0.8320967555046082,0.980500340461731,-0.1484035849571228,0.7149352431297302,0.13128944200370593,91.79934692382812,13,0.7222222222222222,0.09386344913928611
2352,scott pruitt nervously picks up walking pace as hundreds of whooping cranes begin silently perching around him,Satirical Image Shows Scott Pruitt Being Followed by Whooping Cranes,irony,0,0.7769858241081238,0.8809871673583984,-0.10400134325027466,0.6693801879882812,0.0,308.7488708496094,17,1.0,0.0
2353,8-month-old sick of staring at pooh's smug face all day,An 8-month-old baby,overstatement,1,0.6713756918907166,0.7340672612190247,-0.0626915693283081,0.5470880270004272,0.011018142789200103,10.760344505310059,10,1.0,0.006027893999752469
2354,"Biden says to cure cancer, overcome 'cancer politics', easy peasy",Vice President Biden Offers Comprehensive Action to Cure Cancer,sarcasm,0,0.9457034468650818,0.8716971278190613,0.07400631904602051,0.795383870601654,0.025518615589394285,266.62701416015625,10,1.0,0.020297095239888135
2355,Canada's generosity: blaming Alan Kurdi for his own death,Canada's Response to Alan Kurdi's Death in Gulf of Mexico,sarcasm,0,0.9425544142723083,0.6775653958320618,0.2649890184402466,0.7621177434921265,0.025098621243978974,56.77526092529297,8,0.8,0.019128104587224803
2356,single parent wishes she had thought of abandoning child first,Parents Often Abandon Children Due to Negative Emotions,sarcasm,0,0.5189467668533325,0.6034573316574097,-0.08451056480407715,0.5112020969390869,0.0,166.20851135253906,10,1.0,0.0
2357,"mom getting pretty into new tyler, the creator album","Aspiring Singer Tyler, the Creator Releases a New Album",irony,1,0.6719071269035339,0.5158002972602844,0.1561068296432495,0.7248176336288452,0.023980296761827107,315.405029296875,9,1.0,0.017381341952624984
2358,gazebo underutilized,Gazebo displayed in a storage area,understatement,1,0.7632548809051514,0.5208777189254761,0.2423771619796753,0.7568165063858032,0.0,184.1063690185547,6,1.0,0.0
2359,croatian prime minister currently stuck under pile of turnips,Satirical article claims Croatian prime minister trapped under a pile of turnips,satire,0,0.8212643265724182,0.9015601873397827,-0.0802958607673645,0.7871031761169434,0.11094660471566163,407.1683654785156,7,0.5833333333333334,0.08732642495108832
2360,new cereal for poor stays crunchy in water,A New Cereal Variety Designed for the Homeless,satire,0,0.6992374062538147,0.7504850625991821,-0.05124765634536743,0.6080079078674316,0.02777619034011792,584.5662231445312,8,1.0,0.01688814337722266
2361,missing kazakhstani nukes turn up in manhattan,Security Experts Warn of Nuclear Terrorism Threat in New York City,overstatement,0,0.8204702734947205,0.8368992805480957,-0.016429007053375244,0.48061445355415344,0.018850319022747353,92.70158386230469,10,0.9090909090909091,0.009059735776439183
2362,What to do about Charlottesville? How about start by not being racist?,How to Respond to Charlottesville Protests,rhetorical_question,0,0.9354217648506165,0.7942278981208801,0.14119386672973633,0.7282196283340454,0.01786024416690236,63.4277458190918,11,0.9166666666666666,0.01300618036917694
2363,slight inconvenience avoided,Adding a Light to a Day,understatement,1,0.8568570017814636,0.8534430861473083,0.0034139156341552734,0.12363576889038086,0.0,157.4197998046875,6,1.0,0.0
2364,george thorogood fan disgusted to learn musician licensed 'bad to the bone' for commercial purposes,George Thorogood Licenses 'Bad To The Bone' for Commercial Use,sarcasm,1,0.8139026165008545,0.5910224914550781,0.22288012504577637,0.7915825843811035,0.012801036176909563,145.68020629882812,14,0.9333333333333333,0.010133077299674073
2365,Teaching balance while constantly checking phones; hypocritical much?,Teaching Balance While Using a Smartphone Is Intrusive,irony,0,0.7027257084846497,0.7111960649490356,-0.008470356464385986,0.8080953359603882,0.02777619034011792,141.5402069091797,7,0.875,0.02244580986459728
2366,5 ways to get rid of summer weight gain – because holiday indulgences don't cause weight gain.,Many Holiday Injuries Prevent Weight Gain,irony,0,0.704750120639801,0.9159724116325378,-0.21122229099273682,0.5312236547470093,0.0,1137.702880859375,17,1.0,0.0
2367,This is what's delaying 'Big Bang Theory' season 8 – the cosmic expansion of plot holes.,The Big Bang Theory Season 8 Faces Another Slow Pause,overstatement,1,0.8535915613174438,0.8318464159965515,0.021745145320892334,0.6633220911026001,0.013774415388612389,208.9365234375,14,0.875,0.009136874019290203
2368,friend's wife encountered twice a year,Man Claims To Meet His Wife At The Coffee Shop,sarcasm,0,0.6797506809234619,0.5208510160446167,0.15889966487884521,0.43224549293518066,0.0,115.5793228149414,10,1.0,0.0
2369,"Journalist walks off show over Orlando, TV truth is optional.",ABC7 Eyewitness News Anchor Stephen Colbert Speaks on a Broadcast,sarcasm,0,0.8846970200538635,0.7767932415008545,0.10790377855300903,0.36729735136032104,0.0,62.78972625732422,10,1.0,0.0
2370,Joy Reid highlights Jared's invisible contributions in the Middle East.,Jared Kushner Delivers Speech at the Middle East Summit,satire,0,0.9224813580513,0.8568743467330933,0.06560701131820679,0.47438377141952515,0.04537922867531812,47.9855842590332,9,0.9,0.021527169643106473
2371,"new study finds therapy, antidepressants equally effective at monetizing depression",Researchers Propose Talk Therapy and Antidepressants as Effective Solutions for Treating Depression,sarcasm,0,0.9579043388366699,0.9107405543327332,0.04716378450393677,0.6554038524627686,0.0,70.14346313476562,12,1.0,0.0
2372,GPS guide to believing in yourself: technology that replaces self-esteem.,Researchers Propose a New Anti-Ejection Balm,overstatement,0,0.8889918327331543,0.8610520958900452,0.02793973684310913,-0.03264150768518448,0.0,206.41314697265625,10,1.0,0.0
2373,"Police officer's cruiser mishap blamed on aggressive owl, a true menace to law enforcement",Police Officer's Car Accidentally Mishap blamed on an Owl,understatement,1,0.7418640851974487,0.5554120540618896,0.18645203113555908,0.8318261504173279,0.03220031756509398,984.5824584960938,12,0.8571428571428571,0.02678506620238759
2374,monument designer to see if some other country wants to buy rejected war memorial,American Monument Designer Plans to Rebrand a Vietnam War Memorial in Arlington,satire,0,0.858974039554596,0.8180403709411621,0.04093366861343384,0.6379599571228027,0.014418280697523623,368.8919677734375,14,1.0,0.009198285735576704
2375,"The 'Never Trump' movement isn't impressed—shocker, they have standards.",The 'Never Trump' Movement Faces Criticism Over Its Movement Standards,sarcasm,0,0.9079307913780212,0.628185510635376,0.27974528074264526,0.7778580188751221,0.10445522730720382,186.52195739746094,7,0.7,0.08125133617433211
2376,clinton woos gay vote with freddie mercury mustache,Photoshopped Image Shows Bill Clinton With a Freddie Mercury Mustache,satire,0,0.5655587315559387,0.6774447560310364,-0.11188602447509766,0.7372467517852783,0.0,198.8552703857422,10,1.0,0.0
2377,new study finds you'd love being rich asshole,Study Suggests Acquiring Wealth Is a Vital Security,overstatement,0,0.9452176094055176,0.8568971753120422,0.08832043409347534,0.4311753511428833,0.0,202.4509735107422,8,1.0,0.0
2378,"Finally, the one true way for middle-aged men to be happy. Spoiler: it's not what you think.",Researchers Suggest Mature Workers May Be the Most Effective Solutions for Happiness,satire,0,0.9162368178367615,0.9476394057273865,-0.031402587890625,0.5076519250869751,0.01335356899385369,171.85641479492188,17,1.0,0.006778965006511567
2379,Scottish busker roasts Trump – because street performers are the voice of the people.,Scottish Busker Claims He Is The Voice Of the People,sarcasm,0,0.9480097889900208,0.8201989531517029,0.12781083583831787,0.7246677875518799,0.016824108947695062,174.55360412597656,12,0.8571428571428571,0.012191889808657966
2380,everyone on defense team an equally matched romantic interest for member of prosecution,Defense Teams Engage in an Arguments in Boston Trial,satire,0,0.6625884175300598,0.602680504322052,0.05990791320800781,0.4741215109825134,0.015375695992413887,394.2139892578125,12,0.9230769230769231,0.007289948216331049
2381,Grill vegetables: the revolutionary cooking technique.,Researchers Propose a Potatoes as a Hazing Technique,overstatement,0,0.9221343994140625,0.8116576671600342,0.11047673225402832,0.4034081697463989,0.0,454.05072021484375,8,1.0,0.0
2382,Apple Watch: revolutionizing time by making it smaller and more annoying.,Apple Watch Proves a Small and Unremarkable Technology,overstatement,0,0.9667869210243225,0.8195458054542542,0.14724111557006836,0.7173994779586792,0.022702294218557836,547.1248779296875,9,0.8181818181818182,0.016286614020857734
2383,"How not to look like a tourist in Berlin: just don't be one, easy.",How to Evacuate in a New York City,sarcasm,1,0.7007157802581787,0.7412055730819702,-0.040489792823791504,0.18250983953475952,0.018555250251204053,28.58087921142578,11,0.7857142857142857,0.003386515745874558
2384,'ncis' to cease print edition,Republican National Committee Plans to Cease the Print Distribution,satire,0,0.7610862255096436,0.8327340483665466,-0.07164782285690308,0.5122684836387634,0.023980296761827107,251.77920532226562,8,0.8888888888888888,0.01228435025938872
2385,"Microsoft confirms Russian hackers are exploiting Windows flaw, a novel and unprecedented event.",Microsoft Defends Windows Security Following Widespread Wandal,overstatement,0,0.9500574469566345,0.932853102684021,0.017204344272613525,0.5692725777626038,0.01666998712262484,1741.1212158203125,11,0.8461538461538461,0.009489766540566054
2386,AirAsia search continues but bad weather drives back divers. Because finding planes is so easy in sunshine.,Airlines Search for Foreign Assets in Singapore Amid Severe Weather,sarcasm,0,0.8423335552215576,0.6134317517280579,0.22890180349349976,0.5628517866134644,0.010480601989299657,152.83396911621094,17,1.0,0.00589902555446194
2387,Brazil investigates ISIS threats post-Olympics—because security was flawless before.,Brazil Faces Scrutiny Over Security Risks at the 2018 Summer Olympics in Rio de Janeiro,irony,0,0.9605944156646729,0.5657548904418945,0.3948395252227783,0.6659717559814453,0.013217947626377298,33.91014862060547,14,0.9333333333333333,0.008802779791209267
2388,"Ebola, AIDS, and Plague Inc.—because comparing pandemics to a game is totally normal.","Scientists Warn Comparisons Between Ebola, AIDS, and and Plague Inc. and the Blizzard",irony,0,0.8995506167411804,0.6873161792755127,0.21223443746566772,0.7798060774803162,0.09144626892372869,275.55712890625,13,1.0,0.071310356269623
2389,"How Nebraska can return to college football greatness: Step 1, become Alabama. Step 2, profit.",Nebraska Can Return to College Football Following Alabama-Tennessee Victory,overstatement,1,0.794724702835083,0.8023320436477661,-0.0076073408126831055,0.7926157712936401,0.014641392986898552,149.04888916015625,13,0.8666666666666667,0.01160499899512389
2390,'yogi bear' movie introduces boring cartoon character to new generation,Warner Bros. Releases a New 'Yogi Bear' Movie Aimed at a New Generation,sarcasm,0,0.7310389876365662,0.7463559508323669,-0.015316963195800781,0.7661786675453186,0.0,54.30292510986328,13,1.0,0.0
2391,snowstorm in chicago delays hundreds of morning murders,Chicago Snowstorm Causes Widespread Travel Delays,irony,1,0.9475221633911133,0.5823884606361389,0.36513370275497437,0.7448804378509521,0.0,326.1009826660156,8,1.0,0.0
2392,vain galápagos tortoise trying to pass for 90,Researchers Investigate the Health and Aging Of an Aging Galápagos Tortoise,satire,1,0.5365071296691895,0.6222625374794006,-0.08575540781021118,0.6312259435653687,0.0,119.83143615722656,11,1.0,0.0
2393,"Finally, a fast-food chain that's divinely approved—because Jesus totally cares about chicken sandwiches.",Fast Food Chain Faces Criticism Over Its Customer Service and Customer Service,overstatement,0,0.9759233593940735,0.8851140141487122,0.09080934524536133,0.4107963442802429,0.0,156.83567810058594,13,1.0,0.0
2394,Two Non-Binary Activists Explain How They're Forcing Campus to Accommodate Their Every Need,Two Non-Binary Activists Explain How Campus Conditions Are Being Accommodated,sarcasm,0,0.8098167777061462,0.8122329711914062,-0.0024161934852600098,0.9101911783218384,0.30457527453468203,125.2979736328125,7,0.5384615384615384,0.27722172801641964
2395,Megadrought looms: because waiting for rain has always solved droughts.,Rain Prevents Drought in Michigan,irony,0,0.9797459244728088,0.7453944683074951,0.23435145616531372,0.5578920841217041,0.0,174.90879821777344,10,1.0,0.0
2396,South Carolina governor bans abortions after 20 weeks. A victory for... something.,South Carolina Governor Signs a Abortion Ban,irony,0,0.9777178764343262,0.8615651726722717,0.11615270376205444,0.8308974504470825,0.03419615942951201,334.983642578125,10,0.8333333333333334,0.028413501685063493
2397,vessel for male sexual gratification very sad today,Commentary Critiques Societal Emotions Regarding Women,sarcasm,0,0.889431357383728,0.8024466633796692,0.08698469400405884,0.3613741993904114,0.0,405.61212158203125,8,1.0,0.0
2398,"mar-a-lago member complains about loud, obnoxious cabinet meeting at next table",Mar-a-Lago Member Complains About a Cabinet Meeting at a Club Dining Room,irony,0,0.6979063153266907,0.7323608994483948,-0.0344545841217041,0.8692895770072937,0.017033186037639283,57.452232360839844,12,1.0,0.014806771085745993
2399,"Bill Henderson, jazz legend, finally retires from life at 90—what a tragedy, said no one ever.","Bill Henderson, Lifelong Fan of Jazz, Dies at 90",understatement,1,0.520114541053772,0.8811329007148743,-0.3610183596611023,0.8061662912368774,0.025783998660169834,110.45418548583984,13,0.8125,0.020786190573125734
2400,"Finally, a keyboard that makes texting more inclusive by adding more ways to abbreviate.",Apple Releases a New Keyboard That Enables Hand-Holding Adjustments,sarcasm,0,0.965671956539154,0.9093145728111267,0.056357383728027344,0.41336724162101746,0.013758777297397084,100.30311584472656,14,1.0,0.00568742781950291
2401,Jennifer Lawrence Honors De Niro in Classic Style: By Forgetting His Name or Something,Jennifer Lawrence Honors De Niro in Classic Style,satire,0,0.6246350407600403,0.8031210899353027,-0.17848604917526245,0.8952304124832153,0.39721134088567395,355.0640563964844,7,0.5,0.35559567254409297
2402,"Democrats and Republicans unite to support LGBT rights in West Virginia? What's next, pigs flying?",Democrats and Republicans Pledge Support for LGBT Rights in West Virginia Amid Legal Scrutiny,sarcasm,0,0.9368407726287842,0.8735983967781067,0.06324237585067749,0.738557755947113,0.08662350693165403,49.75873565673828,9,0.6,0.06397646289171159
2403,school friends don't find camp songs funny,Middle School Friends Report Difficulty Providing Youth Music,understatement,0,0.9232958555221558,0.9031129479408264,0.020182907581329346,0.520061731338501,0.0,4580.81494140625,8,1.0,0.0
2404,u-haul offers discount for customers who will just move back home in 18 months after failure to make it in major city,U-Haul Offers Discount for Customers Moving Back Home After Attempting To Live In a Major City,sarcasm,0,0.8995303511619568,0.8609808683395386,0.03854948282241821,0.937713623046875,0.008454129807832264,87.30681610107422,21,0.9545454545454546,0.007927552691810974
2405,"Clinton finds college costs high—from her private jet, no less.",Hillary Clinton Launches a Private Jet to Reduce Education Costs,sarcasm,0,0.9033119082450867,0.9635550379753113,-0.06024312973022461,0.7848920226097107,0.021105340631872645,243.7350616455078,10,1.0,0.01656541349641743
2406,class of '88 reunion attendees once again trick sue thorpe into thinking jeff urban likes her,The '88 Reunion Returns in Tampa with a Spelling Audience,satire,0,0.8337691426277161,0.5189714431762695,0.31479769945144653,0.3558860719203949,0.01158285652249976,381.8372497558594,15,0.9375,0.004122177309409965
2407,Nathan Chen redeems himself with records—as if skating needed more pressure to be perfect.,Nathan Chen Earns Multiple Records in a Skating Performance,satire,0,0.8889749050140381,0.6516527533531189,0.2373221516609192,0.7912351489067078,0.029096271468692207,601.2960815429688,12,0.8571428571428571,0.023021992688160672
2408,area veal calf is totally cramped!,A Val Cap,overstatement,1,0.9023840427398682,0.6968234777450562,0.205560564994812,-0.04343615099787712,0.0,88499.046875,6,1.0,0.0
2409,Trump calls Obama to chat about Oscars in a Conan spoof—priorities straight as an arrow.,Trump Calls President Obama to Discuss the Academy Awards,irony,0,0.8128267526626587,0.9232471585273743,-0.11042040586471558,0.7285589575767517,0.02881411017115445,338.9425048828125,13,0.8666666666666667,0.020992778069797963
2410,Meet the billionaire who 'cares' about LGBTQ rights—philanthropy at its most self-serving.,Michael Bloomberg is a Billionaire LGBTQ+ Advocate in New York,satire,0,0.9678084254264832,0.921764612197876,0.04604381322860718,0.6124100089073181,0.0,111.48069763183594,12,1.0,0.0
2411,Jimmy Carter mediating MLK heirs' dispute—because former presidents have nothing better to do.,Jimmy Carter Hosts a Diplomatic Talks with the Detroit Museum of Fine Arts,understatement,0,0.9331175088882446,0.8924316167831421,0.04068589210510254,0.4175710082054138,0.03285702044797773,108.58361053466797,11,0.8461538461538461,0.013720139155087959
2412,"Uber reverses course on tipping, realizing that money is nice – shocker!",Uber Faces Scrutiny Over Monetization and Customer Safety Risks,irony,1,0.9766923189163208,0.5192033052444458,0.457489013671875,0.5069700479507446,0.017182633466700372,108.78417205810547,11,0.9166666666666666,0.008711080512533158
2413,"She wanted adventure in Africa, and got it in the most unexpected way.",NASA's Curiosity Rover Enters Africa in May,irony,0,0.8053678274154663,0.5695551633834839,0.23581266403198242,0.3815809488296509,0.014017732413740807,154.29737854003906,12,0.9230769230769231,0.005348899634875369
2414,data technician by day a data technician by night,Data technicians face routine stress and routine calls,irony,0,0.6448867917060852,0.9724375605583191,-0.3275507688522339,0.564077615737915,0.0,842.0929565429688,9,1.0,0.0
2415,Back for a Second Season: Hardwired 2.0 – Because the First Season Wasn't Bad Enough,Hardwired 2.0 is a Second Season,sarcasm,1,0.947098970413208,0.7582055330276489,0.18889343738555908,0.8794824481010437,0.028805979809715422,248.37277221679688,12,0.8,0.025334353642997756
2416,bush quietly rolls back iraq death toll to zero,"U.S. Soldier Killed in Combat in Iraq as Death Toll Nears 2,500",sarcasm,1,0.944661557674408,0.6436890363693237,0.30097252130508423,0.5608870387077332,0.0,32.71830749511719,12,1.0,0.0
2417,SEC commissioner: We shouldn't promote investor confidence. Solid plan.,SEC Commissioner Ajit Pai Defends Investment Confidence Following Investor Confidence Scandal,sarcasm,0,0.9245150685310364,0.77777099609375,0.14674407243728638,0.6812825202941895,0.018850319022747353,165.71754455566406,10,0.9090909090909091,0.012842392852166819
2418,Friday talking points: serious discussion before the inevitable silliness,Friday Speaks Feature substantive Debates,irony,0,0.5566330552101135,0.8577448129653931,-0.30111175775527954,0.5370632410049438,0.02414176971688927,3465.234375,8,0.8888888888888888,0.012965657087747558
2419,Because crying on a treadmill is the new emotional wellness.,People Often Emotional Wellness On Treadmill,sarcasm,0,0.9828789234161377,0.5417256951332092,0.44115322828292847,0.7376230359077454,0.0,302.48663330078125,10,1.0,0.0
2420,"world covers ears, chants loudly as epa releases ozone-depletion statistics",EPA Releases Annual ozone-depletion Statistics,irony,0,0.9193052649497986,0.6176632642745972,0.3016420006752014,0.6521939039230347,0.01976560930094397,580.9786987304688,9,0.9,0.012891009893400092
2421,Donald Sterling asks 'who makes the game?' The moral authority.,Donald Sterling Discusses The Rules at the NFL,sarcasm,0,0.8110466599464417,0.7663752436637878,0.04467141628265381,0.4720786213874817,0.05440189863686198,673.5400390625,8,0.8,0.025681973309351323
2422,"Because refusing to bake cakes is the ultimate, principled protest against equality. So brave.",Americans Resist a Refuse to Bake Cakes,sarcasm,0,0.9580492377281189,0.7599113583564758,0.19813787937164307,0.7115781903266907,0.012151662434083676,429.0379333496094,14,1.0,0.00864685796430609
2423,nanny appears in child's drawings more than mother,Nanny Appears in Children's Drawings,understatement,0,0.8342118263244629,0.6668238639831543,0.1673879623413086,0.913078784942627,0.029486824119076216,539.558349609375,7,0.875,0.026923793538463057
2424,trump-appointed judicial nominee displays legal expertise by withdrawing nomination,Trump Dismisses Nomination of a Supreme Court Justice,sarcasm,0,0.9229628443717957,0.5875743627548218,0.3353884816169739,0.6829293966293335,0.0,53.366455078125,9,1.0,0.0
2425,Create an environment for ultimate success – just add water and ambition.,Researchers Propose Water and Ambition as Key Strategies for Success,overstatement,0,0.5274829864501953,0.6409626603126526,-0.11347967386245728,0.7763091325759888,0.02054901307230194,244.99420166015625,12,1.0,0.015952386513451374
2426,Switzerland performs at a theater. Expect yodeling and neutrality in equal measure.,Switzerland performs at a Theater,understatement,0,0.8151699304580688,0.9113299250602722,-0.09615999460220337,0.6988778114318848,0.16490932887256968,2218.56640625,8,0.6666666666666666,0.11525147084716242
2427,"After decades of honesty, the U.S. government's rare moment of truth might accidentally cause a Kurdish massacre. Shocking!",The U.S. Government Faces Scrutiny Over Khashoggi Murder in a Syrian Civilian Facility,overstatement,0,0.9364571571350098,0.7967846989631653,0.13967245817184448,0.4536215662956238,0.0125774279703401,50.5829963684082,16,0.8888888888888888,0.005705392575876065
2428,historical archives: hy-genic apportionment of remaining paper,Historical Archives Detail the Storage and Waste Disposal of Paper,satire,0,0.5057152509689331,0.6790194511413574,-0.17330420017242432,0.7377288937568665,0.021105340631872645,396.53704833984375,10,1.0,0.015570019596713251
2429,Latinos face digital divide in health care: Who needs modern medicine when you have tradition?,Latin American Population Faces a Digital Divide in Health Care Services,sarcasm,0,0.6277157068252563,0.6775627732276917,-0.0498470664024353,0.771931529045105,0.01310368481704471,261.9256896972656,15,1.0,0.01011514745694645
2430,chris pine depressed by realization he could probably win governorship somewhere,Chris Pine stands in a governorship,irony,0,0.7861577868461609,0.6700916886329651,0.1160660982131958,0.7674763798713684,0.01774239756616722,632.8123168945312,10,0.9090909090909091,0.013616871054320596
2431,michael jordan accidentally packaged in plastic,Photoshopped Image Shows Michael Jordan in a Plastic,overstatement,0,0.7646845579147339,0.607303261756897,0.15738129615783691,0.7259625196456909,0.02777619034011792,203.98123168945312,7,0.875,0.020164473125470306
2432,sandwich previously thought incapable of looking more depressing flattened in backpack,A sandwich is found in a backpack,overstatement,1,0.791854202747345,0.6459894180297852,0.14586478471755981,0.6653218269348145,0.024549475440235117,196.5057373046875,10,0.9090909090909091,0.016333301850188588
2433,"Camp David, President Obama, and the refusal to acknowledge history and reality: as if a vacation spot could solve all geopolitical issues",President Obama Continues to Defend Historical Record During a Vacation in Hawaii,overstatement,0,0.9534100890159607,0.9280857443809509,0.025324344635009766,0.48006534576416016,0.009742359140157737,107.65505981445312,19,0.8636363636363636,0.00467696900917845
2434,new roommate excited to bring robust puttering experience to apartment,A Roommate Plans an Idling Experience at a New Apartment,sarcasm,0,0.8642383813858032,0.7858090996742249,0.07842928171157837,0.6802978515625,0.0,176.53819274902344,10,1.0,0.0
2435,ex-boyfriend just thought he'd check in and throw entire day off,Man Sets an Awkward Warning for an Ex-Girlfriend,sarcasm,1,0.9292976260185242,0.7059023380279541,0.22339528799057007,0.44607773423194885,0.0,127.05113983154297,11,1.0,0.0
2436,"Supreme Court keeps conversion therapy ban—progress, but let's not get too excited.",Supreme Court Maintains a Religious Ban on Conversion Therapy,irony,0,0.6424849033355713,0.8226420283317566,-0.1801571249961853,0.8111910820007324,0.03633684571584218,100.89635467529297,10,0.8333333333333334,0.029476125192727694
2437,paul simon wondering how one goes about getting a column on 'the huffington post',Paul Simon Offers a Column for The Huffington Post,satire,0,0.511460542678833,0.7396849989891052,-0.22822445631027222,0.9371298551559448,0.013758777297397084,123.07244873046875,13,0.9285714285714286,0.012893760975832632
2438,panicking flu swears it didn't mean to kill old lady,A Treatment for the flu,satire,0,0.8156782984733582,0.7690604329109192,0.046617865562438965,0.50346839427948,0.01976560930094397,931.1270751953125,10,1.0,0.009951359576701816
2439,new york attorney general claims assaults were just him role-playing as unaccountable male authority figure,New York Attorney General Eric Schneiderman resigns amid physical abuse allegations,sarcasm,0,0.9405511021614075,0.6192910671234131,0.3212600350379944,0.47171923518180847,0.0,30.460018157958984,15,1.0,0.0
2440,A presidency under siege: Drama is the new policy.,A Presidency Faces Mounting Stress and Administration Policy Challenges,sarcasm,0,0.9666314125061035,0.5979083776473999,0.3687230348587036,0.5421102046966553,0.023980296761827107,1568.852783203125,8,0.8888888888888888,0.012999963586240632
2441,"Obamacare repeal to uninsured 10%, a small price for political points.",Republicans Propose a Health Insurance Repeal for the Previously Uninsured,sarcasm,0,0.7205404043197632,0.5496854186058044,0.17085498571395874,0.6479926705360413,0.022710171642664416,64.88045501708984,11,1.0,0.01471602477106199
2442,botanist holding up entire salad bar,Botanist Greets a Salad at a Georgia Restaurant,overstatement,0,0.8484098315238953,0.6884161233901978,0.1599937081336975,0.7136948108673096,0.0,432.5753479003906,8,1.0,0.0
2443,"Because nothing says stable governance like a new GOP theme every week—wait, did they even remember last week's?",GOP Officials Face Criticism Over Rigid Gun Control Following Last Week's Scandals,sarcasm,0,0.8474383354187012,0.8075450658798218,0.039893269538879395,0.45173773169517517,0.01033114956441737,214.6654052734375,18,1.0,0.0046669700700335
2444,Feminist school supplies? Because empowerment starts with a pink ruler.,Parents Use Pink Strikes in Their School Resources,satire,0,0.9258096218109131,0.9154970645904541,0.010312557220458984,0.5251870155334473,0.0,3761.444091796875,10,1.0,0.0
2445,law enforcement questions why alton sterling was even black in the first place,Louisiana Attorney General Rules Police Shooting of Alton Sterling Was Justified,sarcasm,0,0.5691224932670593,0.565100908279419,0.004021584987640381,0.5741600394248962,0.0,163.6860809326172,13,1.0,0.0
2446,First Latino Arab-American candidate sees heritage as asset—in a country that literally built a wall to keep such ‘assets’ out.,First Hispanic-American Presidential Candidate Highlights Immigration Policies in a State of the Union Address,irony,0,0.8438236713409424,0.920899510383606,-0.07707583904266357,0.46319901943206787,0.011065472484329979,79.21031951904297,18,0.9,0.0051255160042941745
2447,Adam Schiff says there's 'more than circumstantial evidence'—because politicians never exaggerate.,Adam Schiff Defends the Factual Accuracy in Mueller Russia Investigation,sarcasm,0,0.7685672640800476,0.7672345638275146,0.001332700252532959,0.6083393096923828,0.04038503063059995,452.42095947265625,9,0.8181818181818182,0.02456780165572491
2448,Russian skaters break records back-to-back—competition is so overrated.,Russian Skating Facilities Under Scrutiny,sarcasm,0,0.8717495799064636,0.855926513671875,0.015823066234588623,0.5892409086227417,0.029486824119076216,150.29986572265625,7,0.875,0.017374843036323445
2449,Blind dog from pantry to luxury. What an upgrade.,A New Golden Retriever,understatement,1,0.7878302931785583,0.8161736130714417,-0.0283433198928833,0.4802874028682709,0.0,87.88753509521484,9,1.0,0.0
2450,kiss cover band guitarist leaves to start vinnie vincent invasion tribute band,Vinnie Vincent Invasion tribute band Performs on a Stage,irony,1,0.7856447696685791,0.7673165202140808,0.01832824945449829,0.6904296875,0.03633684571584218,2034.815185546875,12,1.0,0.02508803703232463
2451,Cholera cases in Somalia expected to be a small bump in the road.,WHO Officials Hope Ongoing Cholera Cases in Somalia Lead to a Major Infrastructure Crisis,understatement,0,0.8932132720947266,0.7851611375808716,0.10805213451385498,0.8006170392036438,0.03798229226827674,185.43482971191406,12,0.8571428571428571,0.030409270377995175
2452,high school breathes sigh of relief as difficult teacher ages out of education system,High School Teacher Graduates Amid Ongoing Education Challenges,understatement,0,0.9682446122169495,0.9070407748222351,0.061203837394714355,0.7105057239532471,0.0,191.49575805664062,14,1.0,0.0
2453,"EPA spills waste, turns river orange: nothing says environmental protection like a toxic Slurpee.",EPA Seeks Environmental Protection in Water Conservation Efforts,overstatement,0,0.9045582413673401,0.8420816659927368,0.06247657537460327,0.582680881023407,0.013120543279239774,171.35391235351562,13,0.9285714285714286,0.007645089717453173
2454,nonprofit places burnouts in jobs you can do blitzed out of your mind,Santa Fe Nonprofit Provides Job Placements for Individuals Struggling With Addiction,satire,1,0.9049893617630005,0.5991529822349548,0.30583637952804565,0.5458996295928955,0.0,200.9260711669922,13,1.0,0.0
2455,nation's boyfriends dreading 'free event in the park' season,Boyfriends Express Concern Over Free Summer Park Events in the Park,overstatement,0,0.93883216381073,0.8335585594177246,0.10527360439300537,0.7964518070220947,0.03986357128268015,995.9618530273438,10,0.9090909090909091,0.03174941338244469
2456,nervous pope candidate changes wine into jesus christ's urine,Cardinal Gianfranco Ravasi Participates in the Vatican,satire,0,0.7430834174156189,0.6868389844894409,0.05624443292617798,0.2206638753414154,0.0,223.7770538330078,9,1.0,0.0
2457,"The easiest guide to travel: Step 1, have money. Step 2, don't have responsibilities. Done.",Rising Travel Costs and Financial Hardships Make It Difficult for Travelers,sarcasm,0,0.5779812335968018,0.5140891671180725,0.06389206647872925,0.5637223720550537,0.0,63.92042922973633,15,1.0,0.0
2458,"Paul Ryan's war on Social Security: grannies, beware.",Paul Ryan Launches a Social Security Program,sarcasm,0,0.8313904404640198,0.9691160917282104,-0.13772565126419067,0.7596372365951538,0.034052233956373766,224.69102478027344,6,0.75,0.02586734490251143
2459,"Meeting Susan Anspach: the missing piece in life's grand puzzle, apparently.",Susan Anspach Discusses the Missing piece in a Grand Puzzle,satire,1,0.7017126083374023,0.8320119976997375,-0.1302993893623352,0.84814453125,0.04802616576551228,381.2861328125,8,0.7272727272727273,0.04073312985092521
2460,report: rise in global temperatures likely to increase number of americans who fucking reek,Report Predicts a Rise in Global Temperatures,overstatement,0,0.8899376392364502,0.817996084690094,0.0719415545463562,0.679015576839447,0.012151662434083676,68.92496490478516,14,1.0,0.008251168077237567
2461,romney enchants nation with lovely concession song,Romney Delivers a Concession Speech in Ohio,satire,0,0.8239544034004211,0.9179936051368713,-0.0940392017364502,0.6274988651275635,0.0,98.3291244506836,7,1.0,0.0
2462,crank caller keeps jerking local news team around,Sudbury Firefighters Battle a Hiding at a Convenience Store,satire,1,0.7983755469322205,0.5239879488945007,0.2743875980377197,0.11788494884967804,0.0,346.8482666015625,9,1.0,0.0
2463,no one in limo going to prom with the one they wanted,Students Catch a limo at prom in a Limo,irony,0,0.6926129460334778,0.6412968635559082,0.05131608247756958,0.6457323431968689,0.022613617379612153,619.9384765625,10,0.8333333333333334,0.014602344138694394
2464,Is American democracy doomed? Let's ask the experts.,Experts Raise Concerns Over American democracy and Humanitarian Crisis,rhetorical_question,0,0.8452813029289246,0.8117946982383728,0.03348660469055176,0.5529593229293823,0.050712153369465586,369.4551086425781,9,1.0,0.028041757991470684
2465,ketchup crust on heinz bottle cap still dreams of one day getting onto hot dog,Heinz Ketchup Bottle Cap Found on a Hot Dog,sarcasm,1,0.8578293919563293,0.8556699156761169,0.0021594762802124023,0.8154295682907104,0.01231189487700387,206.47360229492188,15,1.0,0.010039483124395874
2466,slain cop had only 37 years until retirement,Former Chicago Police Officer Sgt. James Malvern,sarcasm,1,0.6533535122871399,0.7678205370903015,-0.11446702480316162,0.292018324136734,0.0,229.71755981445312,8,1.0,0.0
2467,A toddler whose fashion sense puts all adults to shame (we're all failures),A Toddler in a Fashion Alert,sarcasm,1,0.8249930739402771,0.5464351773262024,0.2785578966140747,0.6742693185806274,0.012712983380807008,447.2789001464844,12,0.9230769230769231,0.008571974641303583
2468,"Writer Michelle Theall talks memoir, teaching cats to sit, and LGBT issues. Totally coherent topics.",Michelle Allover Discusses Her Personal Background in Her Memoir,satire,1,0.7173950672149658,0.7856220006942749,-0.06822693347930908,0.5519692897796631,0.01231189487700387,143.8609619140625,14,0.9333333333333333,0.006795787871101698
2469,area man now checks inside boat in driveway every morning,Florida Man Claims He Checks In His A boat Every Morning,irony,0,0.8058357834815979,0.6915779113769531,0.11425787210464478,0.736277163028717,0.018850319022747353,1332.1361083984375,11,1.0,0.01387905941225468
2470,netflix defends 'queer eye' episode where the fab five forced to euthanize completely hopeless slob,Netflix Defends Controversial 'Queer Eye' Episode Amid Defamation Concerns,satire,0,0.9312260150909424,0.639060378074646,0.2921656370162964,0.6569409370422363,0.0,92.9888687133789,15,1.0,0.0
2471,"Oh, absolutely, because girls giggling is the real crisis facing society today.",Teenagers Cheer during a National Crisis,sarcasm,0,0.9692822694778442,0.9573770761489868,0.011905193328857422,0.36935487389564514,0.0,895.0177612304688,12,1.0,0.0
2472,Five 'weight loss' habits that are secretly making you fatter—thanks for the helpful tips!,Researchers Propose Optimal Weight Loss Habits for Optimal Results,overstatement,0,0.9186362028121948,0.8416262865066528,0.07700991630554199,0.6103655099868774,0.013758777297397084,101.76312255859375,13,0.9285714285714286,0.008397883121921643
2473,"The trap of Islam's eternal conflict? Yes, because all Muslims are apparently stuck in an endless war.",How Centuries of War in the Muslim Conflict Could Delay Global Conflict,sarcasm,0,0.8670617938041687,0.8807271122932434,-0.013665318489074707,0.7031928300857544,0.01335356899385369,259.9302673339844,16,0.9411764705882353,0.009390133972533356
2474,powerball officials remove plastic balls from pig urine brine,Powerball Lottery Balls Prepared for Drawing,satire,1,0.7839164733886719,0.7990766763687134,-0.015160202980041504,0.4339733123779297,0.0,717.195068359375,9,1.0,0.0
2475,70 percent of americans in favor of watching iraq get bombed on tv,Americans Favor Direct Action in Iraq War,overstatement,0,0.9507438540458679,0.9188035130500793,0.031940340995788574,0.5685553550720215,0.014017732413740807,403.73187255859375,12,0.9230769230769231,0.007969856829798989
2476,Suspects turn Hollywood Blvd into a doughnut shop—cops can't catch a break.,Suspects Turn Hollywood Blvd into a doughnut shop,overstatement,0,0.8703881502151489,0.7901488542556763,0.08023929595947266,0.9219096899032593,0.3281829856080946,429.7605285644531,6,0.5,0.3025550744934843
2477,"Deserves a moment? It's cauliflower, it's not winning any awards.",Cauliflower is a Potatoes Variety,understatement,0,0.6322250366210938,0.546107828617096,0.0861172080039978,0.528918981552124,0.01976560930094397,171.86813354492188,10,1.0,0.010454405941212476
2478,Weird gifts for a weird dad: because normal dads are so overrated.,Parents Often Receive Unsolicited Gifts for the Inventive Fathers,understatement,0,0.8490219712257385,0.9557204842567444,-0.10669851303100586,0.6914254426956177,0.017182633466700372,159.4257049560547,12,1.0,0.011880509951389841
2479,Activists hang a banner to politely ask Macron to please consider their existence. So respectful.,Macrain Protesters Hang a Banner in a French Courthouse,satire,0,0.957039475440979,0.815229594707489,0.14180988073349,0.4527687132358551,0.01231189487700387,637.8421020507812,15,1.0,0.005574440800956158
2480,kanye west announces his new name is tim,Kanye West Reportedly Dating a Tim,satire,0,0.6272813677787781,0.5094963908195496,0.11778497695922852,0.7269073724746704,0.0,326.71734619140625,8,1.0,0.0
2481,first-grader reeks of urine,Pennsylvania First-Grader draws a urine,understatement,0,0.6821460723876953,0.5268850326538086,0.15526103973388672,0.6600526571273804,0.05372849659117709,567.40966796875,4,0.8,0.03546363693846583
2482,"Senate's new plan to repeal but not replace Obamacare is dead – shocking, Republicans can't even sabotage properly.",Senate Republicans Propose a Repeal of Obamacare,sarcasm,0,0.9023099541664124,0.6490904688835144,0.25321948528289795,0.7839516997337341,0.008160653160802802,56.5091667175293,17,0.9444444444444444,0.006397557916348827
2483,rachael ray snaps chicken's neck live on air,Rachel ray snaps a chicken,overstatement,1,0.611560583114624,0.5462514162063599,0.06530916690826416,0.6600633859634399,0.06235704094727466,5366.16943359375,6,0.75,0.04115959958631898
2484,bush tearfully addresses nation after watching field of dreams,President Bush Delivers Speech at the State of the American Convention in Cleveland,satire,0,0.7499390244483948,0.9080746173858643,-0.15813559293746948,0.40466398000717163,0.01553712569276035,64.42210388183594,12,0.9230769230769231,0.006287315120704086
2485,woman who had almost formed healthy sense of self rejoins social media,Social Media Users Often Reengage From Emotional Recovery,sarcasm,0,0.9428150057792664,0.8709169626235962,0.07189804315567017,0.5534262657165527,0.0,422.47979736328125,12,1.0,0.0
2486,man worried favorite jedi died after seeing 'obi-wan kenobi' trending,Man Fantasizes About Obi-Wan Kenobi Trending On Social Media,irony,0,0.6755149364471436,0.8707780241966248,-0.1952630877494812,0.630610466003418,0.0,144.85479736328125,10,1.0,0.0
2487,translator asks bannon to repeat that last spectral scream during congressional testimony,Translator asks Shannon Bannon to repeat a spectral scream during congressional testimony at the hearing,satire,0,0.8822917938232422,0.8994036912918091,-0.017111897468566895,0.9207417964935303,0.2925612730731506,842.62353515625,8,0.5333333333333333,0.26937339215380696
2488,retired factory worker had no idea earnings from '50s would have to support 3 generations of family,A Retired Factory Worker Faces Financial Hardship,understatement,0,0.8715175986289978,0.5095395445823669,0.36197805404663086,0.5723611116409302,0.0,163.04885864257812,17,1.0,0.0
2489,"Australia's Deputy PM Resigns in Scandal, Another One?",Australian Deputy PM Julia Pierson Resigns in a Scandal and Another One,irony,0,0.5198990702629089,0.7663659453392029,-0.24646687507629395,0.7430020570755005,0.053863663688318665,163.85414123535156,7,0.5833333333333334,0.04002081292204371
2490,"Adnan Syed gets a new trial, no big deal, just a life-altering decision.",Adnan Syed Wins a New Trial in New York Trial,understatement,0,0.6900914311408997,0.7192182540893555,-0.02912682294845581,0.7688239812850952,0.03659184730575803,46.590030670166016,10,0.7692307692307693,0.02813268972818917
2491,algebra notebook forced to bear the brunt of teen's song lyrics,Teen Writes Song Lyrics in an Algebra Notebook,satire,0,0.7667953968048096,0.6463646292686462,0.12043076753616333,0.9078797698020935,0.0,168.07432556152344,11,1.0,0.0
2492,trump boys beg father to nominate g.i. joe action figure cobra commander for va secretary,Donald Trump Jr. and Eric Trump Seek a VA Secretary,satire,0,0.9205297231674194,0.7941749691963196,0.12635475397109985,0.5647180080413818,0.0,202.0646209716797,15,1.0,0.0
2493,"Congressman accused of abuse? Well, that's a first.","Congressman Faces Sexual Assault Allegations in Alexandria, Virginia",irony,0,0.9586050510406494,0.507972776889801,0.4506322741508484,0.5365909337997437,0.02777619034011792,70.27704620361328,7,0.875,0.014904451912003293
2494,zoologists discover new fastest land animal after pumping white-tailed deer full of steroids,Researchers Study Effects of Anabolic Steroids on White-Tailed Deer Speed,overstatement,0,0.8728638291358948,0.5934643745422363,0.27939945459365845,0.6783699989318848,0.015635220893785457,108.67845916748047,13,1.0,0.010606464781017023
2495,Republicans are arguing about their Obamacare repeal strategy? I'm shocked—they usually have such cohesive plans.,Republicans Continue to Defend Obamacare Repeal Plan Amid Criticism Over Organized Replacement Plans,sarcasm,0,0.9707339406013489,0.7958373427391052,0.17489659786224365,0.7911899089813232,0.015842132538336173,122.42801666259766,13,0.8666666666666667,0.012534135401076256
2496,Men needed Paul Feig to tell them to speak out? How insightful.,Researchers Suggest Paul Feig's Statements May Signal His Aggression,sarcasm,1,0.9692827463150024,0.5484554171562195,0.42082732915878296,0.6612134575843811,0.017182633466700372,373.3156433105469,11,0.9166666666666666,0.011361388484922054
2497,annoying coworker precedes all nouns with 'quite the',Employees Often Prefer Basic Nouns Like 'Quite The',sarcasm,0,0.6845446228981018,0.8323774933815002,-0.14783287048339844,0.7481770515441895,0.0,346.5987854003906,8,1.0,0.0
2498,"encouragement of family, friends motivating man to keep struggling indefinitely",Iowa IT Technician Continues Search for a New Employment,irony,0,0.7224900126457214,0.9070608019828796,-0.1845707893371582,0.02198871597647667,0.0,442.6110534667969,10,1.0,0.0
2499,Amazon unhinged: when your online shopping cart starts a revolution,Amazon Launches a Shopping Cart,overstatement,0,0.979091465473175,0.926211416721344,0.052880048751831055,0.7222887277603149,0.023505403213046533,190.47279357910156,9,0.9,0.0169776877822446
2500,Hotels think you want this bill? Who actually enjoys hidden fees?,Hotels Face Rising Fees and Potential Hidden Fees,rhetorical_question,0,0.8590067625045776,0.6589154005050659,0.20009136199951172,0.7165504693984985,0.019090277826420414,1519.433349609375,10,0.9090909090909091,0.013679147537469296
2501,"area man to ask his doctor about xenical, propecia, claritin, paxil, drixoral, lipitor, tavist-d","Man Plans to consult a physician regarding medications for weight loss, hair loss, colds, and high cholesterol",overstatement,0,0.7388561964035034,0.7362344264984131,0.002621769905090332,0.6214907169342041,0.011502783619900045,82.21227264404297,16,0.9411764705882353,0.007148873238670699
2502,DeRay McKesson sues police over arrests: Because nothing says justice like a lawsuit.,"Ray McKesson Faces Legal Lawsuits from Police Over Arrest in Ferguson, Missouri",sarcasm,1,0.828866183757782,0.6513482928276062,0.17751789093017578,0.6999188661575317,0.015671287677272196,163.40478515625,12,0.9230769230769231,0.010968629902304855
2503,"Carly Fiorina totally dominated Trump on social media, proving that viral tweets are the cornerstone of presidential greatness.",Carly Fiorina Launches a Viral Tweets Defending President Trump Amid Sexual Misconduct Allegations,sarcasm,0,0.9714951515197754,0.8879054188728333,0.08358973264694214,0.7308011054992676,0.024752248336714237,50.85744857788086,16,0.8888888888888888,0.018088970448063173
2504,"Kylie Jenner spends Sunday in a bikini, a decision that will undoubtedly reshape human civilization as we know it.",Kylie Jenner Poses in a Bikini at the Golden Globes,overstatement,0,0.930195152759552,0.8586946725845337,0.07150048017501831,0.6375687122344971,0.025662551204274842,48.636959075927734,15,0.7894736842105263,0.016361639723961353
2505,man approaches box of powdered doughnuts like snake discovering unguarded clutch of bird eggs,Man approaches a box of powdered doughnuts,satire,0,0.7333051562309265,0.6621484756469727,0.07115668058395386,0.7488132119178772,0.1599248714366856,280.8936462402344,10,0.7142857142857143,0.11975385664605812
2506,man who downloaded $2.99 meditation app prepares to enter lotus plane of eternal serenity,Man Downloads a $2.99 Meditation App,sarcasm,0,0.8777012825012207,0.6498190760612488,0.22788220643997192,0.7295395731925964,0.010761308100691222,447.9834899902344,13,0.9285714285714286,0.007850800118772304
2507,"Italian recipes that are oldies but goodies: like your nonna's cooking, but with less emotional baggage.",Nonna Launches a Marketing Campaign for Older Italian Bakes,understatement,0,0.6109374761581421,0.9112560749053955,-0.3003185987472534,0.5698171854019165,0.011017167600428483,548.4873657226562,16,1.0,0.006277771433177344
2508,Because nothing says efficient governance like making up food stamp rules on the fly.,Agriculture Officials Defend Standard Food Stamp Rules Amid Criticism Over Inefficiency,sarcasm,0,0.9601215720176697,0.8527968525886536,0.10732471942901611,0.6383969783782959,0.0,246.41253662109375,14,1.0,0.0
2509,spanish authorities ask anyone with information about curbing endless cycle of nihilistic violence to come forward,anish Police Seek Public Tips Amid Ongoing Violence in Barcelona,irony,0,0.8419358134269714,0.6450205445289612,0.19691526889801025,0.4704684615135193,0.0,379.6629333496094,16,1.0,0.0
2510,bush introduces new timmy blanchard left behind act,President Bush Defends Timmy Blanchard in a Speech at Bush Administration,sarcasm,0,0.8632041811943054,0.8717670440673828,-0.008562862873077393,0.7115901112556458,0.0,159.09861755371094,11,1.0,0.0
2511,community vastly improved by tv station's caring,Fox News Services in a Boston Town Have Improved Operating Quality,irony,0,0.9731960296630859,0.9648479223251343,0.00834810733795166,0.5132231116294861,0.0,6418.04931640625,11,1.0,0.0
2512,u.s. continues dependence on foreign toil,U.S. Economic and Humanitarian Crisis Fuel Shortages in Latin America,sarcasm,0,0.8094921708106995,0.8126974701881409,-0.0032052993774414062,0.3511868119239807,0.0,82.85794067382812,10,1.0,0.0
2513,westminster dog show finalists form elite iditarod team,Westminster Dog Show Finalists Present the 2018 Finals,irony,0,0.628675639629364,0.6190467476844788,0.009628891944885254,0.7296845316886902,0.0,998.5263061523438,8,1.0,0.0
2514,Watch steamy gay cowboy music video—because country music needed more diversity.,Stream a Gay Rock Band Performing in a San Francisco Concert,sarcasm,0,0.9140894412994385,0.7971310019493103,0.11695843935012817,0.38282719254493713,0.0,139.9371795654297,11,1.0,0.0
2515,burger king looks open,A chrome Burger King displayed in a kitchen,irony,0,0.629067599773407,0.7547590136528015,-0.12569141387939453,0.5938629508018494,0.0,1605.02587890625,8,1.0,0.0
2516,area man committed to being spicy food guy,Denver Carpenter Says He Still Plans to Be a Spicy Food Guy,sarcasm,0,0.885522723197937,0.5257672667503357,0.3597554564476013,0.6247800588607788,0.017033186037639283,216.62249755859375,11,0.9166666666666666,0.010641994975182867
2517,visit to doctor splurged on,An Ebola Patient Suffers a splurged On a Cardiac,understatement,1,0.5568384528160095,0.6447868943214417,-0.08794844150543213,0.4187849164009094,0.023980296761827107,1315.745849609375,8,0.8888888888888888,0.010042586574670763
2518,Escaping the boring classroom to immerse yourself in the truly educational atmosphere of SXSW's crowded parties.,Students Attend the SXSW Festival in Austin,sarcasm,0,0.8686820268630981,0.7182917594909668,0.15039026737213135,0.5915413498878479,0.010859480700217564,124.64230346679688,15,0.9375,0.006423831872487729
2519,gene wilder's career in ruins following death of richard pryor,Comedy Legend Richard Pryor Dies at 76,sarcasm,1,0.8161731958389282,0.6865375638008118,0.12963563203811646,0.6878424882888794,0.0,202.16928100585938,10,1.0,0.0
2520,north dakota drinks itself to sleep again,North Dakota Residents Report High Alcohol Consumption,overstatement,0,0.5665793418884277,0.711164653301239,-0.14458531141281128,0.6259386539459229,0.0,2169.79052734375,7,1.0,0.0
2521,"Healthcare with the exclusive, luxurious feel of a nightclub",A nightclub offers a premium and premium services,satire,0,0.9645026922225952,0.9273635745048523,0.03713911771774292,0.6334774494171143,0.02915032279375143,766.6001586914062,9,1.0,0.018466072133071224
2522,"Bernie Sanders blames Reagan for middle class destruction: because it was thriving before, right?",Bernie Sanders Blames Reagan for Economic Recovery and Job Creation in Iowa,satire,0,0.9211065769195557,0.9406567215919495,-0.0195501446723938,0.7117054462432861,0.043120716936694795,175.40699768066406,10,0.7142857142857143,0.030689249089760794
2523,Raising a special child: a guide to sounding inspirational while dealing with reality.,Parents Often Use Psychological Tactics When Raising Children,satire,0,0.5327792167663574,0.8794553279876709,-0.3466761112213135,0.515073835849762,0.014867523320266895,132.2732696533203,13,1.0,0.007657872266155659
2524,Dwayne 'The Rock' Johnson shows his nurturing side: Who knew a muscle man could be so tender? Heartwarming.,Former Rock Actor Dwayne 'The Rock' Johnson Appears Emotional at the Academy Awards,satire,0,0.643524706363678,0.6341107487678528,0.009413957595825195,0.5796709060668945,0.1316397807693107,54.838768005371094,17,0.9444444444444444,0.0763077509929937
2525,Is Srinivasan a Supreme Court justice in the making? Let's guess based on hunches,Neil Gorsuch is a Justice in the Supreme Court,rhetorical_question,0,0.9374042749404907,0.7405282855033875,0.19687598943710327,0.38552534580230713,0.043509074078790656,31.45733642578125,12,0.8571428571428571,0.016773850829763966
2526,"New technologies give government means to track suspects—privacy is so overrated, right?",NSA Continues to Halt Privileges Amid Privacy Concerns,rhetorical_question,0,0.9497648477554321,0.7904191613197327,0.15934568643569946,0.26954278349876404,0.016847111051295396,58.428951263427734,11,0.9166666666666666,0.00454101720667895
2527,justice scalia dead following 30-year battle with social progress,Supreme Court Justice Antonin Scalia Dies at Age 30,sarcasm,1,0.7216153740882874,0.6949287056922913,0.026686668395996094,0.7525662183761597,0.0,55.39187240600586,9,1.0,0.0
2528,Violence hits Nigeria's oil-rich delta region? Oil wealth always brings harmony and peace.,Violence Continues in Nigeria's Oil-rich Delta,irony,0,0.9636821150779724,0.8410056233406067,0.12267649173736572,0.8886868953704834,0.015118370289367042,52.31911087036133,12,0.9230769230769231,0.013435497555518953
2529,gallup forced to destroy defective sample group that failed to accurately forecast michigan primary,Gallup Releases a Michigan Democratic Primary Sample,satire,0,0.85211181640625,0.6535062789916992,0.19860553741455078,0.6933999061584473,0.0,1472.13134765625,14,1.0,0.0
2530,Baldwin's words last forever—unlike racial progress in America.,Winning words in John Baldwin's 1988 Speech,irony,1,0.7379977703094482,0.5800551772117615,0.15794259309768677,0.6013507843017578,0.037684991644924185,618.4949340820312,7,0.875,0.022661899282080348
2531,"Holy guacamole! People in New Zealand are stealing avocados, the ultimate crisis threatening brunch worldwide.",Mass Evasion of avocados in New Zealand Sparks Global Crisis,overstatement,0,0.9087710976600647,0.7841066122055054,0.12466448545455933,0.6919105648994446,0.06335529792907141,287.49493408203125,13,0.8666666666666667,0.04383619997947641
2532,trump raises $50 million at fundraiser where gop donors get to watch him weep for 2 hours,Trump Raises $50 Million at Republican Fundraiser in Tampa,sarcasm,0,0.9732214212417603,0.8468090295791626,0.12641239166259766,0.7659083604812622,0.011723910995413513,53.20182800292969,15,0.8823529411764706,0.008979441448925407
2533,"Albuquerque shooter causes minor casualties: 1 dead, 3 injured.",Suspect Killed in Albuquerque Shooting That Injured three Injuries,understatement,1,0.8494977951049805,0.7497680187225342,0.09972977638244629,0.7600196599960327,0.023980296761827107,159.65545654296875,9,1.0,0.0182254969915278
2534,Tina Fey and Amy Poehler's squad annihilates Taylor Swift's in comedic superiority,Tina Fey and Amy Poehler's Salute to Taylor Swift at the Academy Awards,overstatement,0,0.7746307849884033,0.7062296271324158,0.06840115785598755,0.77140212059021,0.3026643726685863,38.99877166748047,7,0.5384615384615384,0.23347593890365306
2535,A shocking and unprecedented development in the world of legislative gridlock.,Congress Gridlock Continues Amid Ongoing Legislative Gridlock,understatement,0,0.9376329183578491,0.8153541684150696,0.12227874994277954,0.6667168140411377,0.0,134.51441955566406,11,1.0,0.0
2536,"February: when we suddenly care about accuracy in history, but only for certain narratives.",February Highlights Historical Inequalities and Historical Crisis,irony,0,0.9757434725761414,0.8124277591705322,0.16331571340560913,0.5983790159225464,0.0,622.5928344726562,14,1.0,0.0
2537,Republicans drop ethics plan after criticism—they've had a change of heart.,Republicans Drop an Ethics Probe Following Criticism Over Controversial Proposals,irony,0,0.8730539679527283,0.8420147895812988,0.031039178371429443,0.7113193273544312,0.01909690192411307,112.4892807006836,10,0.9090909090909091,0.013583995431213651
2538,new study finds americans scoot over at least 10 miles per year,Research Examines the Impact of Stepping Over Others,overstatement,1,0.8906941413879395,0.5109454393386841,0.37974870204925537,0.18974515795707703,0.0,140.8207550048828,12,1.0,0.0
2539,dalai lama swears he recognizes guy at party from past life,Dai Lama Addresses the Media at a Party,satire,0,0.7625520825386047,0.8996517062187195,-0.13709962368011475,0.545033872127533,0.019090277826420414,124.27838134765625,10,0.9090909090909091,0.010404848043724301
2540,trump tells iowa dairy farmers he has cows 500 times bigger than theirs,Trump Addresses Iowa Dairy Farmers in Iowa,overstatement,0,0.9592621922492981,0.9026486277580261,0.05661356449127197,0.7676070928573608,0.0,287.58831787109375,13,1.0,0.0
2541,teacher asks students to split into 2 groups to simulate ideal class size,University Students Often Form Along Cultural Lines,irony,0,0.8756823539733887,0.8718448877334595,0.0038374662399291992,0.24685737490653992,0.0,1596.3193359375,13,1.0,0.0
2542,10 smart gift ideas for the healthiest cook: because quinoa deserves a standing ovation.,Researchers Suggest Quinoa as a Vital Holiday Gift,overstatement,1,0.6145222187042236,0.896895706653595,-0.28237348794937134,0.6539469361305237,0.013120543279239774,494.014892578125,14,1.0,0.008580139077826784
2543,enron executives blamed for missing employee donut fund,Satirical Report Claims Enron Executives Were Blamed for the Hire Loss,understatement,0,0.8825651407241821,0.8333689570426941,0.04919618368148804,0.5825448036193848,0.018850319022747353,111.51068115234375,11,1.0,0.01098115539326911
2544,"Emily's List makes its first pick early, because democracy thrives on early decisions.", Emily's List Makes an Early Pick in Early Presidential Elections,irony,0,0.9608309864997864,0.8644106984138489,0.0964202880859375,0.7479612827301025,0.03306446654126846,265.0306396484375,11,0.8461538461538461,0.024730940806993715
2545,brian boitano sobs quietly in dark,Brian Boitano performs at the Golden Globes,understatement,0,0.6733037829399109,0.6861805319786072,-0.012876749038696289,0.5576788187026978,0.0,52.58352279663086,7,1.0,0.0
2546,shameless coworker doing nothing to conceal clearly flaccid penis lying beneath khakis,Male Workers Wear a Pants to Work,sarcasm,0,0.9380816221237183,0.9405842423439026,-0.002502620220184326,0.23497796058654785,0.016170365420297903,325.57196044921875,12,1.0,0.003799679488400837
2547,"Is it really that tough to bid adieu to Bayh, or are we just being dramatic?",IBM Offers a Direct Audience Message to Bayh,rhetorical_question,0,0.9840071797370911,0.7083198428153992,0.2756873369216919,0.3930104374885559,0.010218289380194194,296.3598937988281,15,0.9375,0.004015894379694785
2548,McDonald's throws a gala for the fry cook—because nothing says 'appreciation' like minimum wage.,McDonald's throws a gala for a trained cook,satire,0,0.9627029299736023,0.9757264256477356,-0.0130234956741333,0.684950590133667,0.2442008265943985,408.8641357421875,9,0.6428571428571429,0.16726550028696255
2549,Because two parties weren't confusing enough.,Two Women Attend a Conference,sarcasm,0,0.5097104907035828,0.9520901441574097,-0.4423796534538269,0.15105512738227844,0.0,951.428955078125,6,1.0,0.0
2550,"Pat Toomey gets it? Sure, if 'it' means missing the point entirely.",Rep. Pat Toomey Remains Optimistic Despite Missing the Point,sarcasm,0,0.6910836100578308,0.5807578563690186,0.11032575368881226,0.6696591377258301,0.04021333017266262,84.83605194091797,10,0.8333333333333334,0.026929224008509355
2551,Flower girls dominate bridal fashion in 19 earth-shattering moments.,Two women pose for a bride,overstatement,0,0.9690106511116028,0.93883216381073,0.030178487300872803,0.32030487060546875,0.0,348.2330322265625,9,1.0,0.0
2552,man totally proud of last night's drunken phone calls,Oklahoma man discusses drunken late-night phone calls,sarcasm,0,0.9447224140167236,0.819540798664093,0.12518161535263062,0.6248890161514282,0.062425357566781164,350.71514892578125,7,0.7777777777777778,0.039008920272806995
2553,james holmes shows up to court wearing glasses with eyeballs dangling out on springs,James Holmes appears in court wearing a red jumpsuit,satire,0,0.7279360890388489,0.8525765538215637,-0.12464046478271484,0.6906154155731201,0.029096271468692207,41.330413818359375,12,0.8571428571428571,0.020094333611979185
2554,White House gives security briefing to Ahmed Mohamed – because nothing says justice like a lesson in overreaction.,President Obama Gives a Security Briefing to Justice Ahmed Mohamed Ahead of Supreme Court Confirmation Hearing,sarcasm,0,0.9690272212028503,0.8135803937911987,0.1554468274116516,0.7125700116157532,0.02729967835246154,108.76435852050781,17,0.9444444444444444,0.019452932120719846
2555,Nia Long says film and TV should look like the world: what a radical concept.,Nia Long Says Action Movies and Television Should Evade R radical ideas,satire,0,0.9619385004043579,0.8562939167022705,0.1056445837020874,0.7389382123947144,0.033360862268577436,2155.497802734375,12,0.8,0.024651615928688884
2556,"Mollie Spilman is the powerhouse behind Criteo's revenue, a true business titan.",Mollie Spilman is a Financial Icon in Criteo Advertising,overstatement,0,0.5028162002563477,0.8901002407073975,-0.3872840404510498,0.7797670364379883,0.09138232906466222,320.1741638183594,9,0.75,0.0712569279175527
2557,rate of uninformed conversations about navy seals skyrockets,Rise in misinformation and exaggerated claims about the Navy SEALs,irony,0,0.9573739171028137,0.877704381942749,0.0796695351600647,0.7147171497344971,0.021105340631872645,112.89579772949219,9,0.9,0.015084348900587685
2558,"Trump's jokes are so hilarious, they're causing deafening silence. Truly the comic genius of our time.",Trump's Jokes Remain Embarrassing Despite Intrusive Reactions,overstatement,0,0.9677818417549133,0.8133023381233215,0.1544795036315918,0.64564049243927,0.009131698392329843,77.12323760986328,15,0.9375,0.00589579424683073
2559,man hoping people notice how many folding chairs he's carrying at once,Folding Chairs Pose a Safety Risk for Students,sarcasm,0,0.9312517642974854,0.6100894808769226,0.32116228342056274,0.4735602140426636,0.0,353.5422058105469,12,1.0,0.0
2560,report: more americans turning to louder sources for their news,Report Examines Social Media Preferences for Sensationalist News Sources,irony,0,0.9639723896980286,0.925725519657135,0.038246870040893555,0.5267159342765808,0.02145851237135921,264.0707702636719,10,1.0,0.011302540391866034
2561,psychologists advise practicing words 'president trump' over next 2 months to prepare for inauguration,Donald Trump Prepares for January Inauguration,satire,0,0.8127381801605225,0.9144719243049622,-0.1017337441444397,0.5597611665725708,0.010761308100691222,70.85525512695312,14,1.0,0.006023762376289775
2562,obama turns 50 despite republican opposition,President Obama Celebrates the 50th Birthday,irony,0,0.7068181037902832,0.9538098573684692,-0.24699175357818604,0.5777162909507751,0.0,45.78068542480469,6,1.0,0.0
2563,dnc keynote speaker definitely not keynote speaker only because he's latino,San Antonio Mayor Julián Castro Selected As a DNC Keynote Speaker,sarcasm,0,0.6353442668914795,0.5338493585586548,0.10149490833282471,0.6717020273208618,0.0,92.41417694091797,11,1.0,0.0
2564,"I couldn't love myself, so I loved my self-judgment – a healthy coping mechanism.",Women Often Admit To Judgment When Acting,irony,0,0.5293962359428406,0.8261077404022217,-0.2967115044593811,0.26702311635017395,0.0,685.0252075195312,14,1.0,0.0
2565,A GOP consultant pleads guilty—hold the press for this shocking honesty.,GOP Officials Plead Guilty and Agree to Cooperate with Mueller Investigation,sarcasm,0,0.7834962606430054,0.8014676570892334,-0.017971396446228027,0.6252095699310303,0.018850319022747353,66.70797729492188,11,1.0,0.011785399849274592
2566,Who knew defending animal cruelty could be a state policy?,California Attorney General Janet Reno Defends a State Policy in Animal cruelty Trial,rhetorical_question,0,0.7682832479476929,0.8326607942581177,-0.0643775463104248,0.6419660449028015,0.018476860420522198,237.2664794921875,13,1.0,0.01186151700638375
2567,Ethics group blasts Pence for using government travel for a Colts stunt. The scandal is unbearable.,Ethics Group Criticizes Pence's Controversial Performance in the Indianapolis Circus,overstatement,0,0.8613570332527161,0.8387194871902466,0.022637546062469482,0.6431331038475037,0.01158285652249976,267.09619140625,15,0.9375,0.007449318466735573
2568,"Police discover bomber's 'confession' on phone, if that's what you call it",Police Discover a Bomb in a Chicago Conference Room,sarcasm,0,0.5994130373001099,0.5948042869567871,0.004608750343322754,0.5287140011787415,0.017182633466700372,316.65185546875,11,0.9166666666666666,0.009084698890966903
2569,"Earth Day project collecting 1 million sounds, because one bird chirp wasn't enough to save the planet",A Bird Chirp Found on Earth Day,overstatement,1,0.8796043992042542,0.5912879705429077,0.28831642866134644,0.6111841797828674,0.016740444637597465,457.00567626953125,17,1.0,0.010231494925030508
2570,Trump: the daily mystery box. What will he say next? Nobody knows.,Trump Addresses the Secret Box at the White House Press Conference,irony,0,0.7554993033409119,0.9263986945152283,-0.1708993911743164,0.6433098912239075,0.017212239801819764,136.8997039794922,12,1.0,0.011072804114628482
2571,faith healer loses patient during routine miracle,A Faith Healing Service in a Georgia Facility,irony,0,0.7739096283912659,0.7128519415855408,0.0610576868057251,0.5683572888374329,0.0,887.534912109375,8,1.0,0.0
2572,philip morris: 'please talk to your cooler children about cigarettes',Philip Morris Addresses Parents Smoking Cigarettes,sarcasm,0,0.687105119228363,0.9246857762336731,-0.23758065700531006,0.8085377812385559,0.0,725.9485473632812,10,1.0,0.0
2573,Ted Cruz suddenly develops a conscience? Say it isn't so!,Ted Cruz Campaign Faces Scrutiny Over Controversial Statements,sarcasm,0,0.7451819777488708,0.721757173538208,0.023424804210662842,0.4948267936706543,0.04574636154673318,112.58399200439453,8,0.8,0.022636525406268492
2574,7 things to love about Trump's presidency: starting with the constant chaos.,Seven Things to Love About Trump's Presidency Amid Ongoing Chaos,sarcasm,0,0.9802770614624023,0.8687946200370789,0.11148244142532349,0.9527479410171509,0.02054901307230194,94.89749908447266,10,0.8333333333333334,0.019578029894570192
2575,Does palm oil cause 40% deforestation? Only in fairy tales.,Fossil Fuel Deforestation in Palm Oil Industry Raises Concerns Over Environmental Impact,rhetorical_question,0,0.5218560099601746,0.6514889001846313,-0.1296328902244568,0.7278496026992798,0.017033186037639283,62.031429290771484,12,1.0,0.012397597690198672
2576,"These 5 tax mistakes will ruin you forever, or at least make April extra fun.",Many Tax Mistakes Fade in April,overstatement,0,0.9537549018859863,0.6373143792152405,0.31644052267074585,0.7448756694793701,0.009109250643152446,369.5298156738281,14,0.9333333333333333,0.0067852591712735605
2577,"What is a pre-existing condition? Just a minor inconvenience for insurance companies, right?",Insurers Seek Answers on Pre-Existing Conditions for the Insurance Companies,rhetorical_question,0,0.6453313231468201,0.6866781115531921,-0.04134678840637207,0.8025686740875244,0.015635220893785457,83.32364654541016,12,0.9230769230769231,0.012548338501790953
2578,every nbc program to end with character straight up asking viewers what kind of new tv shows they would like to see,NBC Explores a Direct Audience Engagement Tactics to Address Ratings Decline,satire,0,0.7443090677261353,0.894833505153656,-0.15052443742752075,0.5567570924758911,0.006934644827991705,287.5355224609375,22,1.0,0.0038609126917856377
2579,creepy real estate listing really talking up size of crawlspaces,Real Estate Services Groups Often Highlight the Inevitable Small Claims,sarcasm,0,0.9397967457771301,0.8708690404891968,0.06892770528793335,0.3132815957069397,0.0,497.4217834472656,10,1.0,0.0
2580,visit to google earth reveals house is on fire,Google Earth Satellite Image Shows a House On Fire,irony,0,0.7553481459617615,0.6531445384025574,0.1022036075592041,0.8850461840629578,0.0,477.97869873046875,9,1.0,0.0
2581,rhode island votes to move 2008 primary to tomorrow,Rhode Island Votes to Move 2008 Democratic Primary,satire,0,0.7045363187789917,0.6669725775718689,0.0375637412071228,0.9177142381668091,0.02915032279375143,242.16787719726562,7,0.7777777777777778,0.02675166627498416
2582,divorcing parents assure anxious kids that dog still loves them,Florida Parents Reassure Children That Their Dog Is Safe,satire,0,0.9705625176429749,0.6986539959907532,0.2719085216522217,0.6086154580116272,0.0,77.10889434814453,10,1.0,0.0
2583,Chechnya rounds up gay men: a small issue in human rights,Chechnya's Human Rights Protests Raise Concerns Over Policy Closures and Policy Violations,understatement,0,0.9403347969055176,0.8578160405158997,0.08251875638961792,0.7231138944625854,0.0,66.72356414794922,12,1.0,0.0
2584,"Clinton not telling truth about Wall Street? I'm shocked, shocked I say.",President Clinton Denies Claims Made at Wall Street,sarcasm,0,0.6514377593994141,0.899023711681366,-0.2475859522819519,0.6680182218551636,0.020034704329441457,192.3441925048828,11,0.9166666666666666,0.01338354756154743
2585,chicago police credit their extensive experience falsifying evidence for helping solve smollett case,Chicago Police Officers Face Scrutiny Over Resolving the Murder of Brooklyn Bombing Suspect,sarcasm,0,0.9583927989006042,0.769176185131073,0.18921661376953125,0.5519177317619324,0.0,66.23943328857422,13,1.0,0.0
2586,corporate retreat teaches employees how to dick around as team,Corporate Retreat Focuses on Team Building and Employee Collaboration,sarcasm,0,0.9754495024681091,0.9337940216064453,0.04165548086166382,0.7640799283981323,0.0,98.95002746582031,10,1.0,0.0
2587,Illinois' wall of fame: the state's best designations (if you consider that an achievement),Illinois Faces Severe Economic Hardship and High Unemployment,irony,1,0.8412149548530579,0.523566484451294,0.3176484704017639,0.33978086709976196,0.0,88.67425537109375,14,1.0,0.0
2588,This is what 2015 looked like according to 'Back to the Future'? Because predictions are always spot-on.,Americans Express Optimism for 2015,irony,0,0.5910369157791138,0.9578784704208374,-0.36684155464172363,0.5342965722084045,0.004874139244068762,1001.58447265625,17,1.0,0.002604235890572404
2589,"naked, dripping wet tom brady thrilled by judge's decision to overturn suspension, imagines judge",Federal Judge Overturns Tom Brady's Four-Game Suspension,satire,0,0.8050909638404846,0.6678894758224487,0.1372014880180359,0.7006047964096069,0.0,58.044456481933594,14,1.0,0.0
2590,"Apu trilogy premieres at MoMA again, for the film buffs who haven't seen it",MoMA Releases a New 'Apu Trilogy' Premiere,satire,1,0.7147948145866394,0.7691032886505127,-0.05430847406387329,0.8875467777252197,0.012151662434083676,733.3043823242188,13,0.9285714285714286,0.010785168837375566
2591,Forget gun control—just make everyone smoke! It's a totally logical and healthy solution.,Congress Proposes Gun Control Following Mass Shootings in Newtown,sarcasm,0,0.9361551403999329,0.8531847596168518,0.08297038078308105,0.5271083116531372,0.0,56.303916931152344,13,1.0,0.0
2592,report: suddenly remembering to sit up straight once a month best way to keep back healthy into old age,Researchers Propose Consistent Posture Maintenance,overstatement,0,0.950086772441864,0.8420183062553406,0.10806846618652344,0.40804409980773926,0.0,536.1701049804688,19,1.0,0.0
2593,census bureau releases annual report on neighborhood vibes,Census Bureau Releases a Report on Neighborhood Gossip,irony,0,0.8345060348510742,0.7532587647438049,0.08124727010726929,0.7742282748222351,0.02777619034011792,431.5361633300781,7,0.875,0.02150511192816353
2594,Jindal targets fun-loving Westboro Baptists for arrest at funeral protests,Jindal Targets Westboro Baptists at Funeral Services in Cleveland,sarcasm,0,0.9056500196456909,0.7102646827697754,0.19538533687591553,0.9002672433853149,0.05396530161402381,213.19351196289062,7,0.7,0.048583193322514304
2595,kurt warner cheered on by wire-haired man-goblin,Curt Warner cheers for Kurt Warner at the Oscars,satire,0,0.6950960159301758,0.9301225543022156,-0.2350265383720398,0.7147859334945679,0.0,435.71575927734375,9,1.0,0.0
2596,baltimore residents urged to stay indoors until social progress naturally takes its course over next century,Baltimore Residents Stay Indoors as Social Progress Takes a Hike,sarcasm,0,0.806789755821228,0.8936857581138611,-0.08689600229263306,0.901691734790802,0.0,486.9211730957031,16,1.0,0.0
2597,Shaun King's Twitter suspended? The internet never fails to surprise with its civility.,Shaun King's Twitter Suspended Amid Scrutiny Over Twitter Performance,satire,1,0.9063499569892883,0.6747421026229858,0.2316078543663025,0.8734918832778931,0.0760978866869656,112.59892272949219,10,0.7692307692307693,0.06647088635566528
2598,Growing up: Where your natural feelings are treated like a major plumbing issue.,Parents Often Overreact To Embarrassing Past Pests,understatement,0,0.8821704387664795,0.8382762670516968,0.043894171714782715,0.27067017555236816,0.0,199.92391967773438,13,1.0,0.0
2599,Will they clinch a deal? Let's all hold our breath in anticipation.,Two US Presidents Clutter a Deal,sarcasm,0,0.7937596440315247,0.8578106760978699,-0.06405103206634521,0.3484237790107727,0.01501861529550426,968.711181640625,12,1.0,0.005232842696768587
2600,breaking: adam got a ps4 for christmas,Adam Earns a PlayStation 4 for Christmas,irony,0,0.6040478944778442,0.5918928384780884,0.01215505599975586,0.8917222023010254,0.039281465090051315,295.17156982421875,6,0.8571428571428571,0.03502815455971141
2601,biden pardons single yam in vice presidential thanksgiving ritual,Vice President Biden Pardons Marijuana at the Annual Thanksgiving Event in Tampa,satire,0,0.920178234577179,0.8960816860198975,0.024096548557281494,0.6858669519424438,0.017033186037639283,378.1979064941406,12,1.0,0.011682499389504247
2602,"Depositions reveal Trump as quick to exaggerate and insult: shocking, I know.",Critics Note Trump's Tendency to Overflate and Injurge Remarks,irony,0,0.888926088809967,0.6234915852546692,0.26543450355529785,0.4997345507144928,0.02043370997308395,138.68785095214844,10,0.8333333333333334,0.01021143087282936
2603,new uber update allows users to file lawsuit against company directly in app,Uber Faces Lawsuits Over Legal Disputes in App Owners,irony,0,0.7661365270614624,0.6281394958496094,0.13799703121185303,0.7782455086708069,0.015375695992413887,249.78970336914062,13,1.0,0.011966066348783833
2604,miracle baby born with job,Amiracle Baby Born in a Hospital,irony,1,0.7809785604476929,0.5084435343742371,0.2725350260734558,0.5710746049880981,0.0,4028.734375,6,1.0,0.0
2605,"lifeguard would save drowning man, but who is he to play god?",Lifeguard attempts to save a drowning drowning Swimmer in a water,rhetorical_question,0,0.9442927837371826,0.5000957250595093,0.44419705867767334,0.6276495456695557,0.022652581507881558,256.6189270019531,12,1.0,0.014217882491664438
2606,Equality is a mainland luxury; Puerto Rico gets the discount.,Quality in Puerto Rico Receives a Discount,sarcasm,0,0.570793628692627,0.7867660522460938,-0.2159724235534668,0.7071108818054199,0.05035983350735684,167.52503967285156,8,0.8,0.035609986278961225
2607,Republican congressmen are met with cheers and applause at town halls.,Republican Lawmakers Gather at Wisconsin Town Hall for Legislative Legislative Session,irony,0,0.9843474626541138,0.7374861240386963,0.24686133861541748,0.5180945992469788,0.022416933501922302,128.77964782714844,10,0.9090909090909091,0.011614092179024607
2608,afghan warlord takes anderson cooper as 43rd wife,Photoshopped Image Shows Anderson Cooper as an Afghan Warlord,overstatement,0,0.8562219142913818,0.7382001876831055,0.11802172660827637,0.6792028546333313,0.023980296761827107,254.3717803955078,8,0.8888888888888888,0.016287486015587403
2609,"Daily meditation: the surefire way to spark creativity—if you can shut out the world, that is.",Many Daily Meditation Practices Spur Creative Fulfillment,satire,1,0.6393599510192871,0.7677850723266602,-0.12842512130737305,0.7942135334014893,0.009131698392329843,523.5045776367188,16,1.0,0.007252518446128983
2610,"What your home items say: spoons mean loneliness, forks mean fancy.",Researchers Suggest Splitting a Spoon Into a Home,satire,1,0.7303347587585449,0.7557380199432373,-0.025403261184692383,0.6202807426452637,0.0,493.125732421875,11,1.0,0.0
2611,Pistorius in hospital for wrist injuries? The humanity! Worse than his crimes.,Satirical Article Claimsistorius Suffers W wrist Injuries in a Prison,overstatement,0,0.5237428545951843,0.7501757144927979,-0.22643285989761353,0.5310460925102234,0.02054901307230194,1557.4190673828125,12,1.0,0.010912473096987447
2612,greyhound launches new in-bus magazine,Greyhound Launches a Niche Magazine Mocking the In-Bus,satire,0,0.8475978374481201,0.848702609539032,-0.0011047720909118652,0.846776008605957,0.0,606.4818725585938,8,1.0,0.0
2613,hanes introduces new no-way panties,Satirical Image Shows a Hanes Footwear,satire,0,0.8443964719772339,0.8015238642692566,0.042872607707977295,0.5511866807937622,0.0,599.60595703125,6,1.0,0.0
2614,tour becoming one-on-one between guide and man who knew name of mckinley's assassin,Two helicopters fly in close formation,overstatement,0,0.7868900895118713,0.8939771056175232,-0.10708701610565186,-0.006563927046954632,0.0,213.785888671875,13,1.0,0.0
2615,Desperation grips Haiti as it struggles to rebuild yet again: just a small hurdle.,Haitians Grapple with Economic Recovery as Haiti Recovery Continues,understatement,0,0.5166164040565491,0.8706267476081848,-0.35401034355163574,0.7076507806777954,0.01636203585580252,237.03817749023438,14,1.0,0.011578607446836734
2616,"Ending the drug war will surely control Afghanistan's narco-state, what could go wrong?",Concerns Grow Over End to the Drug War in Afghanistan,sarcasm,0,0.8313087821006775,0.8156880140304565,0.015620768070220947,0.7877034544944763,0.015635220893785457,180.4425048828125,13,1.0,0.012315917509819018
2617,panicked malcolm gladwell realizes latest theory foretells end of his popularity,Malcolm Gladwell Maintains Popularity in the Music Industry,satire,0,0.9009477496147156,0.8350523114204407,0.0658954381942749,0.602279007434845,0.0,68.47224426269531,11,1.0,0.0
2618,"Obama's drilling plans hit more opposition—surprise, the ocean isn't a fan.",President Obama's Offshore Drilling Plans Draw Criticism Despite Severe Opposition,sarcasm,0,0.9155524969100952,0.8945613503456116,0.020991146564483643,0.772813081741333,0.01909690192411307,140.5855255126953,11,1.0,0.014758335627685814
2619,funeral director assures jewish family this headstone can withstand plenty of blows from baseball bat,Funeral Director Addresses the Jewish Family in a Baseball Bat,satire,0,0.7470546364784241,0.6817100048065186,0.06534463167190552,0.748786211013794,0.0,450.5527038574219,15,1.0,0.0
2620,townsfolk strongly prefer man's werewolf incarnation,German Villagers Admit They Prefer Local Man's Werewolf Form,satire,0,0.7708417177200317,0.8532333374023438,-0.08239161968231201,0.7517281174659729,0.0,412.5984191894531,9,1.0,0.0
2621,Robert Redford might be wrong about retirement killing you? Say it isn't so.,Robert Redford Faces Criticism Over His Retirement Death in New York,irony,1,0.8305851817131042,0.6465939283370972,0.18399125337600708,0.6946989297866821,0.03323636888183254,174.07518005371094,11,0.8461538461538461,0.023089269892204452
2622,actor who portrayed the night king recalls challenge of playing character with no purpose,The Night King Returns for a Limited Season,irony,1,0.7548105120658875,0.8923092484474182,-0.13749873638153076,0.5435668230056763,0.0,266.11297607421875,14,1.0,0.0
2623,"Underwater tech uses waves for energy—finally, a solution that won't drown in funding cuts.",Deepwater Technologies Faces Severe Funding cuts Despite Proposals for Energy Services,irony,0,0.9436092376708984,0.8022507429122925,0.14135849475860596,0.5812516212463379,0.014350755161376995,265.1401062011719,14,1.0,0.00834139970365963
2624,Fasting in Islam: strict rules with exceptions. How convenient.,Religious Justifications for the Modern Middle Ages,understatement,0,0.9796889424324036,0.9447351098060608,0.03495383262634277,0.28163373470306396,0.0,87.7750473022461,9,1.0,0.0
2625,The best volunteer programs do this: like showing up once and calling it a day.,Volunteers Often Modulate Volunteer Efforts Amid Crisis,sarcasm,0,0.9711434841156006,0.7272302508354187,0.24391323328018188,0.46898746490478516,0.0,313.7340393066406,15,1.0,0.0
2626,nicaraguan diplomat drops deadly spider onto john kerry's blanket,US and Nicaraguan Officials Meet in Cuba to Discuss Trade Facilitation Agreement,sarcasm,0,0.723376452922821,0.8043351769447327,-0.08095872402191162,0.31757646799087524,0.0,105.76197052001953,12,1.0,0.0
2627,Syria ceasefire unravelling? Because peace in the Middle East is so stable and lasting.,Israel and Hamas Agree to a Ceasefire in Syria Following Chemical Weapons Violence,irony,0,0.9170711040496826,0.8997958898544312,0.017275214195251465,0.6329323053359985,0.01893405895135384,54.62908935546875,14,1.0,0.011983977581448084
2628,"bp opens multi-floor, 1,000-pump flagship gas station in times square",BP Opens a New Gas Station in a Small Quarter of a Square,satire,0,0.5860223174095154,0.597274899482727,-0.01125258207321167,0.7415370941162109,0.01553712569276035,78.02389526367188,13,1.0,0.01152135503712783
2629,self-centered child blames divorce entirely on himself,Child Blames Himself for Parents' Divorce,irony,0,0.7832334637641907,0.757476806640625,0.025756657123565674,0.8733736276626587,0.0,104.79766082763672,7,1.0,0.0
2630,"William Baldwin 'wouldn't vote' for Trump, but knows why so many others might – he's so empathetic.",William Baldwin Says He Would Not vote for Trump Despite His Empathy and Competence,sarcasm,1,0.6401787400245667,0.6155200600624084,0.024658679962158203,0.8518471121788025,0.026980865725763564,99.86067199707031,15,0.8823529411764706,0.022983572552575722
2631,man dives haphazardly into conversation like wounded osprey,People often form sudden remarks during conversations,overstatement,0,0.6848404407501221,0.7778258323669434,-0.09298539161682129,0.3832930028438568,0.0,1454.5947265625,8,1.0,0.0
2632,"nato admits slovenia, mummenschanz, czech republic",NATO Welcomes Slovenia and the Czech Republic as New Members,satire,0,0.7212647795677185,0.7835712432861328,-0.06230646371841431,0.8311315774917603,0.0,113.40858459472656,10,1.0,0.0
2633,"lost cat, dog on journey die immediately",Lost Dog and Cat Left Behind at Yellowstone National Park Die,overstatement,1,0.9649754762649536,0.89058917760849,0.07438629865646362,0.6526843309402466,0.0,226.77682495117188,11,1.0,0.0
2634,rick santorum relieved no one has asked him about interracial marriage yet,Rick Santorum Remains Firm in His Defense on Same-Sex Marriage,sarcasm,0,0.8180413246154785,0.8085204362869263,0.009520888328552246,0.6240726113319397,0.0,84.3700180053711,12,1.0,0.0
2635,phone call with dad just watered-down version of phone call with mom,Man's Phone Calls With Parents Often Prove Detailed and Overwrought,understatement,0,0.808764636516571,0.6757837533950806,0.13298088312149048,0.6348279118537903,0.0,183.8434600830078,12,1.0,0.0
2636,job applicant blows away interviewer with intimate knowledge of company's 'about us' page,Job Applicant Waves Away an Interview With a Company Website,sarcasm,0,0.837874174118042,0.6632552146911621,0.17461895942687988,0.6038968563079834,0.0,867.1215209960938,13,1.0,0.0
2637,trump revokes puerto rico recovery funds after learning hurricane maria had fewer survivors,Trump Administration Suspends Puerto Rico Recovery Funds Following Hurricane Maria Recovery Efforts,sarcasm,0,0.8505395650863647,0.8270847797393799,0.023454785346984863,0.831326425075531,0.0,72.24055480957031,13,1.0,0.0
2638,area man thought he had more forks than this,Kansas man mistakenly claims to have a collection of used forks,understatement,0,0.5138899087905884,0.7322171926498413,-0.21832728385925293,0.5898540616035461,0.022416933501922302,253.88778686523438,10,0.9090909090909091,0.013222719274805474
2639,report: really old tenant probably pays much cheaper rent,Tenants Often Pay Significantly Below Market Rent,understatement,0,0.9420082569122314,0.8626419305801392,0.07936632633209229,0.6101955771446228,0.0,306.743896484375,9,1.0,0.0
2640,"Why are you eating? – in this diet-obsessed world, how dare you?",People Struggle to Maintain Social Eotions,rhetorical_question,0,0.9536135792732239,0.8050890564918518,0.14852452278137207,0.13176867365837097,0.0,1270.8992919921875,12,1.0,0.0
2641,earth's successful completion of orbit around sun inspires woman to reflect on eating habits,Woman Sets a New Year's Resolution,irony,0,0.9542780518531799,0.8261674642562866,0.1281105875968933,0.31784486770629883,0.0,63.46550369262695,14,1.0,0.0
2642,O'Reilly equates BLM with Gestapo. Because fighting for rights is Nazi-like.,Attorney General O'Reilly Argues Justice Antonin Scalia's Military Service Is Nazi-Like,sarcasm,0,0.8333407640457153,0.7634719610214233,0.06986880302429199,0.500296413898468,0.018850319022747353,91.18951416015625,11,1.0,0.009430747007922576
2643,University pledges free tuition to Harvey-displaced students. So generous of them.,University of Texas-Whitewater Pledges Free Tuition to Harvey-Displaced Students,sarcasm,0,0.9490281939506531,0.6970218420028687,0.2520063519477844,0.8411508798599243,0.025271148634948993,112.31332397460938,10,0.9090909090909091,0.02125684890935827
2644,Trump voters blink. Must be the harsh light of reality finally hitting them.,Trump's Election Victory Sparks Concerns Among American Voters,sarcasm,0,0.7786294221878052,0.8507034182548523,-0.07207399606704712,0.475628525018692,0.0,103.72544860839844,13,1.0,0.0
2645,"Trump finally declares an emergency, right on schedule… if by schedule you mean two months late.",Trump Signs an Emergency,irony,0,0.9319025278091431,0.8766936659812927,0.05520886182785034,0.5883458852767944,0.004756869561706164,825.9672241210938,14,0.875,0.00279868463342825
2646,Nothing says political alignment like a shared agenda.,Democrats Seek Bipartisan Political Agreements in Washington D.C.,sarcasm,0,0.9589812755584717,0.8542857766151428,0.10469549894332886,0.41426366567611694,0.0,36.255435943603516,8,1.0,0.0
2647,child assured it will be long time before he dies,Parents Tend To Reassure Children About Early Death,understatement,0,0.7895346879959106,0.9263300895690918,-0.13679540157318115,0.6375166177749634,0.0,167.71470642089844,10,1.0,0.0
2648,"jesus announces plans to return once the dow clears 27,000",Pope Innocent III Plans to Return to the Earth,satire,0,0.6875515580177307,0.6508777737617493,0.036673784255981445,0.3903392255306244,0.025518615589394285,261.2723083496094,9,0.9,0.009960916645777883
2649,"Raucous town hall in Utah blasts Chaffetz over Trump, surprising no one.",Mike Chaffetz Appears Strained at a Republican Presidential Town Hall in Utah,sarcasm,0,0.9246774315834045,0.6441700458526611,0.2805073857307434,0.7158530950546265,0.03986357128268015,362.1344299316406,12,1.0,0.02853646088263731
2650,undercover fireman infiltrates three-alarm blaze,Chicago Firefighter Engulfs a Three-Alarm Warehouse,satire,0,0.5017967820167542,0.5765835642814636,-0.07478678226470947,0.6226532459259033,0.0,350.57086181640625,6,1.0,0.0
2651,Woman stabs Denver fire chief after SUV jump – fire chiefs are always ready for combat.,Woman Stabs Denver Fire Chief in an SUV Crash,sarcasm,1,0.9484624862670898,0.5193211436271667,0.4291413426399231,0.7940079569816589,0.014499407975266094,316.957763671875,14,0.875,0.011512645303884603
2652,loss of virginity more humiliating than original virginity,Adult Film Content Often Disrupts Adult Memories,sarcasm,0,0.590688943862915,0.5629563331604004,0.02773261070251465,0.24537122249603271,0.0,1112.7135009765625,8,1.0,0.0
2653,Bomb stores to tank stock? Genius-level market manipulation.,Bomb Stores Face Scrutiny Over Monotony and Supply Shortages,sarcasm,0,0.9268237948417664,0.7505274415016174,0.17629635334014893,0.7052516937255859,0.023980296761827107,157.89137268066406,8,0.8888888888888888,0.01691214490732075
2654,college administrators hold candlelight vigil to honor donor lost in mishandled rape case,George Washington University Administrators Honor a Recipients in Sexual Assault Case,satire,0,0.8263395428657532,0.8795984983444214,-0.05325895547866821,0.538827657699585,0.01571650849186369,193.4850311279297,12,0.9230769230769231,0.008468489457886549
2655,house of blues actually house of whites,Blues Players Perform at the Chicago House of Blues,irony,1,0.6388434767723083,0.610630214214325,0.0282132625579834,0.5272802710533142,0.023980296761827107,425.63116455078125,8,0.8888888888888888,0.01264433737651511
2656,chipotle mayo doing all the heavy lifting in sandwich,A chipotle mayonna remains a filling in a sandwich,overstatement,1,0.8307611346244812,0.8156158924102783,0.01514524221420288,0.8185513615608215,0.03155984539112946,2615.532958984375,8,0.8888888888888888,0.025833354415558035
2657,dermatologists recommend regularly checking body for screaming demonic face bulging out of skin,Dermatologists Recommend Regular Skin Self-Exams,overstatement,0,0.7677130103111267,0.8092089295387268,-0.0414959192276001,0.4956357479095459,0.0,444.76226806640625,13,1.0,0.0
2658,"Muhammad Ali, the 'greatest', proves even he can't dodge death at 74.","Muhammad Ali, the Greatest Singer, Dies at 74",sarcasm,1,0.5869545936584473,0.8820220232009888,-0.2950674295425415,0.718598484992981,0.08959792157948086,152.1022186279297,8,0.6666666666666666,0.06438493070553486
2659,"DOJ warns about online domestic terrorists. Finally, someone noticed!",DOJ Warns of Potential Terrorist Attacks Online,understatement,0,0.9673184752464294,0.7345688343048096,0.23274964094161987,0.8667811155319214,0.024822529802838878,165.4576873779297,8,0.8888888888888888,0.021515700072829047
2660,Royals love 'Trap Queen': proof that athletes have deep musical insights.,Royals Release a Song 'Trap Queen',sarcasm,1,0.9764649271965027,0.8512446284294128,0.12522029876708984,0.565494954586029,0.021099385422893017,164.77459716796875,10,0.9090909090909091,0.01193159600151201
2661,supportive parents encourage child's interests in anything within 15-minute drive,Parents Often Adopt Children's Ambitions Within Sights,sarcasm,0,0.9780494570732117,0.8624669313430786,0.11558252573013306,0.552405834197998,0.0,309.4170837402344,10,1.0,0.0
2662,"Ah, the First Amendment in action: punished for a t-shirt but not for, say, insurrection.",First Amendment Amendment Amendment Reaffirmed in a T-Shirt,sarcasm,0,0.9476887583732605,0.65514075756073,0.2925480008125305,0.7847987413406372,0.02911923797851205,173.4381103515625,12,0.8,0.022852741314334738
2663,Zenefits bans stairwell sex to uphold professionalism.,ZZenefits Suspends a Decades-Long Practice on the stairwell,satire,0,0.9398913979530334,0.5599755048751831,0.37991589307785034,0.5305061936378479,0.02777619034011792,463.5444030761719,8,1.0,0.014735441011096317
2664,enzyme humbled to have played part in successful biochemical reaction,Researchers examine how α-Amylase played a role in a Breakdown,satire,0,0.9412002563476562,0.7503198981285095,0.19088035821914673,0.4782343804836273,0.025098621243978974,102.07269287109375,9,0.9,0.012003023581607493
2665,pope francis asks congregation if it's okay if they do a low-key easter this year,Pope Francis Holds a Low-Key Easter Egg in the Vatican,irony,0,0.5422818660736084,0.5721694827079773,-0.029887616634368896,0.745746374130249,0.012801036176909563,91.24458312988281,15,1.0,0.009546326314040452
2666,Get lost in these seven cities: It's not like you'll actually get lost.,Thousands of Americans Seek Shelter in Major Cities,understatement,0,0.8709202408790588,0.8434412479400635,0.02747899293899536,0.3758978545665741,0.014867523320266895,187.90269470214844,13,1.0,0.005588670118806835
2667,dianne feinstein horrified after new gun control bill disintegrates immediately upon crossing into senate chamber,Sen. Dianne Feinstein Introduces Gun Control Legislation in the Senate,overstatement,0,0.8765043616294861,0.6370993256568909,0.23940503597259521,0.7935131788253784,0.0,72.38624572753906,15,1.0,0.0
2668,Snake on a plane causes slight inconvenience—air travel just got infinitely more thrilling.,An Snake Snake Spots On a Plane,irony,0,0.9604784846305847,0.5235450267791748,0.4369334578514099,0.6700240969657898,0.01666998712262484,353.53143310546875,13,1.0,0.011169293068268055
2669,New Way to Buy Gold Solves All Your Financial Woes,The Gold Solves All Financial Debt,overstatement,0,0.5008310079574585,0.6360179781913757,-0.13518697023391724,0.7219228744506836,0.11147236544333826,1203.843505859375,6,0.6,0.08047445048267181
2670,Trump's dangerous move toward protectionism: because nothing says 'economic strength' like starting a trade war over soybeans.,Trump's Economic Strength Draws Scrutiny Amid Concerns Over Global Trade Policies,sarcasm,0,0.9676185250282288,0.7626187801361084,0.20499974489212036,0.6178250908851624,0.010925235453748463,95.77642059326172,16,0.9411764705882353,0.006749884587153942
2671,The lack of a handshake surely solved more problems than it created. A true diplomatic triumph.,Israel Secures a Diplomatic Victory Over Hamas in Gaza,sarcasm,0,0.9087716937065125,0.9254210591316223,-0.016649365425109863,0.26979732513427734,0.011017167600428483,113.40847778320312,15,0.9375,0.0029724023491516293
2672,Students stage anti-Trump art protest—because nothing says 'political change' like a poster board.,Students Stage an Anti-Trump Protest in Cleveland,irony,0,0.9386071562767029,0.8687849044799805,0.06982225179672241,0.6558647155761719,0.014017732413740807,101.96080780029297,12,0.9230769230769231,0.009193736082560999
2673,An Obama cut-out helps me survive Trump's presidency— because inanimate objects are more reliable than politicians.,Critics Highlight Trump's Presidency Performance and Administration Record,irony,0,0.8853893280029297,0.7316300868988037,0.15375924110412598,0.344551682472229,0.010218289380194194,316.8656005859375,15,0.9375,0.0035207287979340195
2674,"Aaron Hernandez, ex-Patriots star, convicted of murder – shocking, next you'll say athletes are human.","Aaron Hernandez, a New Patriots Star, Sentenced to Murder in New England",overstatement,1,0.9420651793479919,0.5396680235862732,0.40239715576171875,0.6554590463638306,0.02805302949141967,174.92372131347656,13,0.8666666666666667,0.01838761195806235
2675,financially struggling trump campaign holds fundraising riot,Trump Campaign Hosts a Fundraising Rally in Newark Amid Cash Shortage,overstatement,0,0.8707354664802551,0.8555946946144104,0.015140771865844727,0.671441912651062,0.0,228.29220581054688,11,1.0,0.0
2676,lawyers identify dozens more bill cosby victims while interviewing potential jurors,Lawyers Interview Cosby Victims in Special Counsel Russia Investigation,satire,0,0.9429849982261658,0.7192549705505371,0.22373002767562866,0.7089689373970032,0.0,1257.55810546875,11,1.0,0.0
2677,Volcano adds 'laze' to Hawaii's hazards. What a gift.,Volcano stands in a Hawaii,overstatement,0,0.9640539288520813,0.5866544246673584,0.3773995041847229,0.5093696117401123,0.028709564316081952,2048.708251953125,7,0.7777777777777778,0.014623779628910446
2678,lottery loser angry at lottery winner,Minnesota Lottery Winner Faces Backlash From Claimer,understatement,1,0.8289656639099121,0.6198353171348572,0.20913034677505493,0.6047337651252747,0.0,255.211669921875,7,1.0,0.0
2679,High school football players accused of assault? Because team spirit clearly includes violence.,High School Football Players Charged With Assault in a Football Field,sarcasm,0,0.8488079905509949,0.596888542175293,0.2519194483757019,0.703389048576355,0.01571650849186369,99.97740936279297,12,0.9230769230769231,0.011054819955034203
2680,"Healthy Fast Food Exists? In This Economy, That's Adorable",Fast Food Exists in the Economy,irony,0,0.9308813810348511,0.962184488773346,-0.03130310773849487,0.833234965801239,0.05236421927181383,556.9321899414062,7,0.7777777777777778,0.04363169845415838
2681,"Airline passengers: Is there a right to recline? More importantly, is there a right to basic human decency in coach?",Airline Travelers Face Criticism Over Right to recline in a Coaches,rhetorical_question,0,0.9280582666397095,0.7923031449317932,0.13575512170791626,0.8171363472938538,0.01176256005031696,400.6402587890625,17,0.85,0.00961161535434061
2682,Look: the magical world of tarot – where facts go to die.,Researchers Highlight the Magic World of Tarot,irony,1,0.8184130787849426,0.8770633935928345,-0.058650314807891846,0.7820322513580322,0.019229913610012243,186.78933715820312,11,0.9166666666666666,0.01503841263385834
2683,Beat winter blues with expert tips—or just wish for summer.,Beat Winter blues fans share a variety of outdoor learning tips,overstatement,1,0.8945781588554382,0.8540663123130798,0.0405118465423584,0.7464777231216431,0.022416933501922302,931.4534301757812,9,0.8181818181818182,0.01673374147988424
2684,"this call may be monitored: for your own good, of course",Sender Incorrectly Maintains a Surveillance Call,satire,1,0.9218974113464355,0.6738492250442505,0.24804818630218506,0.41438180208206177,0.0,326.1877746582031,11,1.0,0.0
2685,"History will judge Trump with contempt, but his base loves him now.",History Shows Emotional Support for Trump Amid Controversial Contarks,sarcasm,0,0.5133141279220581,0.8575772643089294,-0.34426313638687134,0.48833462595939636,0.02043370997308395,417.8282165527344,11,0.9166666666666666,0.009978488116668738
2686,willow rented,William & Kate Middleton's Estate in a rented,satire,1,0.6428359746932983,0.5564703941345215,0.08636558055877686,0.2705172002315521,0.02777619034011792,181.55430603027344,7,0.875,0.007513937243907383
2687,town hall audience member asks clinton to quickly pivot away from his question and then state her platform,Sen. Hillary Clinton Meets With Hillary Clinton at Wisconsin Town Hall to Discuss Her Platform,satire,1,0.7156045436859131,0.5066037774085999,0.20900076627731323,0.515217125415802,0.010821940214289208,45.78971481323242,18,1.0,0.0055756489286277544
2688,"Mayo Develops Cancer Screening Test: Finally, Some Progress.",Mayo Implements a Cancer Screening Test,understatement,0,0.8823581337928772,0.569236695766449,0.3131214380264282,0.9241067171096802,0.06846046760764757,123.14407348632812,6,0.75,0.06326477797269679
2689,"Hillary unleashes, while Ivanka keeps quiet: the great American family drama continues",Hillary Trump Delivers a Speech at the White House Press Conference,satire,0,0.9621132016181946,0.957602322101593,0.0045108795166015625,0.43334588408470154,0.0204689180374571,24.175291061401367,10,0.8333333333333334,0.00887012138319914
2690,"Trevor Noah 'fires' Michelle Wolf, comedy world in turmoil.","Revor Noah 'fires' Michelle Wolf, Director of Comedy",sarcasm,0,0.7905387878417969,0.8137438893318176,-0.023205101490020752,0.7979483604431152,0.3050975216056289,951.9825439453125,5,0.5555555555555556,0.24345206714046952
2691,trump disapproval rating reaches all-time none of this matters,Poll Shows Trump's Disapproval Rating Reaches Record High,sarcasm,0,0.6332456469535828,0.7837387323379517,-0.1504930853843689,0.7414020895957947,0.0,43.49089050292969,9,1.0,0.0
2692,queen elizabeth announces success of monarchy's recent diversity initiative,British Monarchy Highlights Progress on Diversity and Modernization,satire,0,0.9554831385612488,0.9531285166740417,0.0023546218872070312,0.7105571031570435,0.0,461.84490966796875,9,1.0,0.0
2693,abraham lincoln's dna now available over the counter,Satirical Article Claims FDA Approval of Abraham Lincoln's DNA,satire,0,0.5610299110412598,0.8956032395362854,-0.33457332849502563,0.8203585147857666,0.0,283.0389709472656,9,1.0,0.0
2694,The wack Donald's project – because stability is overrated.,Photoshopped Image Shows Fake 'The Wack Donald's Project' Image,satire,0,0.8713517785072327,0.6190908551216125,0.2522609233856201,0.4546099901199341,0.023980296761827107,356.4814453125,9,1.0,0.010901682473967307
2695,loud squawking crow forces faa to ground all flights indefinitely,FAA Grounds Commercial Flights,overstatement,0,0.8333021998405457,0.7203414440155029,0.11296075582504272,0.4619729518890381,0.0,4639.150390625,10,1.0,0.0
2696,"Must-see TV shows you can't miss this fall: If you enjoy clichéd plots and recycled jokes, then by all means, don't miss them.",Fall Television Shows Showgoers Prefer Familiar Reruns and Recilibrations,sarcasm,0,0.8827494382858276,0.7865639925003052,0.09618544578552246,0.5632173418998718,0.005061571303368768,428.7393493652344,22,0.9565217391304348,0.0028507647353200275
2697,man who spent last 2 years drawing pictures of trump and putin making out beginning to realize just how wrong he's been,Framed Art Depicts Trump and Putin in a Field,satire,1,0.897948145866394,0.5202969908714294,0.3776511549949646,0.5879435539245605,0.005656402449311204,140.8045654296875,21,0.9545454545454546,0.0033256453584756185
2698,"Cancer, cinema, crowdfunding and Twitter: the perfect blend for a heartwarming story.",Cancer and Indie Media Launches a Compassion and Generational Messaging Campaign,sarcasm,0,0.9544528722763062,0.8442791104316711,0.11017376184463501,0.6363326907157898,0.0204689180374571,221.98077392578125,12,1.0,0.01302504169081604
2699,blood-drenched sarah koenig announces topic for upcoming season of 'serial',Sarah Koenig Discusses Topic for the Second Season of Serial Podcast,satire,1,0.7214919328689575,0.9451374411582947,-0.22364550828933716,0.6662425994873047,0.022416933501922302,221.3644256591797,10,0.9090909090909091,0.014935116048854762
2700,Dog's skin condition traced to a mysterious past involving alien experiments – you won't believe the vet's theory!,Anxiously traced a dog's skin condition to a veterinarian,overstatement,1,0.8616994619369507,0.5292845368385315,0.3324149250984192,0.7438754439353943,0.027897165018066664,284.0439147949219,16,0.8888888888888888,0.02075201601235329
2701,Top soccer official says Trump presidency would hurt US World Cup bid—because who wants a stable bid with a controversial president?,White House Officials Defend Trump's Controversial Summer Games in Russia Ahead of the World Cup,irony,0,0.5341880321502686,0.9455797076225281,-0.4113916754722595,0.4842263162136078,0.018737158600325772,67.4696273803711,21,1.0,0.009073025285345869
2702,obama announces plan to store nation's extra stuff in large plastic crate,President Obama Plans to Store Americans' Assets in a Large Plastic Crate,sarcasm,0,0.8518655300140381,0.7739692330360413,0.07789629697799683,0.8573811054229736,0.020255986027125642,353.739501953125,11,0.9166666666666666,0.017367099691369292
2703,'Draft Biden' super PAC releases ad. Nothing says 'people's movement' like big money.,The Draft Biden Campaign Releases a New Ad Supporting the Movement,irony,0,0.9221900701522827,0.9472574591636658,-0.025067389011383057,0.7567111253738403,0.0,953.859619140625,13,1.0,0.0
2704,men and women of armed forces thank local woman for song dedication,Armed Forces Members Pledge Memorials to a Fallen Soldier,irony,0,0.9009358286857605,0.7355355024337769,0.16540032625198364,0.4695105254650116,0.0,228.8623504638672,12,1.0,0.0
2705,"South Korea holds election to replace impeached leader, what could go wrong?",South Korea Holds an Election to Replace an Impeached Korean Leader,rhetorical_question,0,0.9219287037849426,0.8990004062652588,0.022928297519683838,0.8090146780014038,0.040282619279694225,94.77494812011719,10,0.8333333333333334,0.032589230265614964
2706,inverted bob added to supercuts arctic vault where hairstyles preserved for future generations,Supercuts Releases a New Bob Hairstyle,satire,1,0.838001012802124,0.5207588076591492,0.31724220514297485,0.736135721206665,0.0,958.0391845703125,13,1.0,0.0
2707,Shelters scramble for winter storm refuge – as if people actually need shelter in cold weather.,Shelters Prepare for Extreme Cold Weather in the Northeast,understatement,0,0.9114998579025269,0.6864797472953796,0.22502011060714722,0.7430965900421143,0.014499407975266094,121.76326751708984,13,0.8125,0.010774460624049671
2708,"Rudy Giuliani confesses to illegal payment – what a paragon of honesty, admitting to crimes so casually.",Rudy Giuliani Denies Payments to FBI in Cohen Fraud Trial,sarcasm,0,0.9718660116195679,0.5101279616355896,0.46173804998397827,0.6184565424919128,0.024528248770524806,161.2642822265625,15,0.8823529411764706,0.015169655928000283
2709,gated community under siege by savages,Marina Landing in a Gated Community,overstatement,0,0.5995965003967285,0.6597636342048645,-0.060167133808135986,0.3314381241798401,0.0,372.98931884765625,6,1.0,0.0
2710,nbc cancels csi,NBC Cancels The Historical Csi,sarcasm,0,0.8036279082298279,0.660874605178833,0.14275330305099487,0.9233075380325317,0.0,2836.189697265625,5,1.0,0.0
2711,"A 560-pound man rides across country to save his life, proving that logic is optional.",A Prisoner rides a 550-Pound bike,irony,0,0.9094163179397583,0.7809390425682068,0.1284772753715515,0.37730950117111206,0.01083278567718,390.375,13,0.8666666666666667,0.004087312960150353
2712,man vows never to watch another sci-fi movie with physicist friend,Man Vows to Block a Science-Fi Movie With a Relative Friend,sarcasm,1,0.5652715563774109,0.5652295351028442,4.202127456665039e-05,0.722214937210083,0.018850319022747353,380.8752746582031,11,1.0,0.013613981969403513
2713,man surprised to learn high school classmate became completely different type of fuckup,Man Surprised To Learn a Classmate's Business Venture Failed,sarcasm,0,0.8410819172859192,0.7724255323410034,0.06865638494491577,0.5069153308868408,0.0,290.60284423828125,13,1.0,0.0
2714,area theater has strict rule against bringing in outside movies,Denver Arts Academy maintains a strict Rule for Outside Cinema,irony,0,0.8373702168464661,0.8804190158843994,-0.04304879903793335,0.6873877644538879,0.021105340631872645,2169.845458984375,10,1.0,0.014507552914980744
2715,ken burns completes documentary about fucking liars who claimed they watched entire 'jazz' series,Ken Burns Completes a Document About Viewers Who Claim to Have Watched His 'Jazz' Series,sarcasm,0,0.8976158499717712,0.5764529705047607,0.3211628794670105,0.8356577157974243,0.0,131.59226989746094,15,1.0,0.0
2716,"Sixth woman accuses Moore of past misconduct, because five wasn't enough.",Sixth Woman Files a Sexual Misconduct Allegations Against Moore,sarcasm,0,0.5532607436180115,0.6712315082550049,-0.11797076463699341,0.8090484142303467,0.022835060540062107,98.21089935302734,10,0.9090909090909091,0.01847466951879121
2717,woman leaving meeting worried she came off as too competent,Women Report Anxiety Over Being Perceived As An Incompetence,sarcasm,0,0.8397404551506042,0.7366379499435425,0.10310250520706177,0.43187230825424194,0.0,124.8044204711914,10,1.0,0.0
2718,"Veteran graduates at 84, proving age is just a number... and he's really smart.",Veteran Admits Age Is Just a Number,understatement,0,0.9627425670623779,0.8298711180686951,0.13287144899368286,0.6896339058876038,0.014450843425723598,104.21282958984375,12,0.8571428571428571,0.009965791595051966
2719,ted cruz worried all the good countries to wall off taken by other candidates,Ted Cruz Campaign Faces Scrutiny Over 2016 Presidential Election Performance,satire,0,0.8761855959892273,0.7024321556091309,0.17375344038009644,0.47756704688072205,0.0,181.0206756591797,14,1.0,0.0
2720,miley cyrus apologizes for breasts,Miley Cyrus Poses on the Red Carpet at the Academy Awards,sarcasm,0,0.8900210857391357,0.8025469183921814,0.08747416734695435,0.5614310503005981,0.0,51.78181838989258,11,1.0,0.0
2721,"expansive obama state of the union speech to touch on patent law, entomology, the films of robert altman",Obama to Deliver a State of the Union Address on Key Policy Issues,overstatement,0,0.8798032402992249,0.6045790910720825,0.27522414922714233,0.3766769766807556,0.0265980218076624,35.01616287231445,17,0.9444444444444444,0.01001886244019908
2722,The world's first official 'Jewish tartan'? Who knew identity needed stripes?,The World's First Jewish Starean,rhetorical_question,0,0.8534533381462097,0.8420550227165222,0.0113983154296875,0.49693557620048523,0.016182712188007015,382.3805847167969,10,0.9090909090909091,0.008041765405633882
2723,father's day gift way shittier than mother's day gift,Parentsceive a Shrinking Father's Day Gift,sarcasm,0,0.5307456254959106,0.7406039834022522,-0.20985835790634155,0.7300800085067749,0.0,197.7928924560547,9,1.0,0.0
2724,Shooter legally purchased guns to murder police—what a shining example of responsible gun ownership.,Shooter legally bought a gun in a Pittsburgh Police Shooting,sarcasm,0,0.9823498129844666,0.8080145716667175,0.17433524131774902,0.6822361946105957,0.035578658668572044,353.8965759277344,11,0.7857142857142857,0.024273048699395876
2725,"peeps unveils new boneless, skinless marshmallow breasts",Peeps Shares a New Line of Marshmallows,irony,0,0.8953116536140442,0.7611641883850098,0.13414746522903442,0.5884762406349182,0.0,375.59185791015625,7,1.0,0.0
2726,"report: doing your part to stop climate change now requires planting 30,000 new trees, getting 40,000 cars off the road, reviving 20 square miles of coral reef",UN Climate Panel Report Warns Climate Crisis Is Driving Immediate Action,overstatement,0,0.9583255648612976,0.726561427116394,0.23176413774490356,0.4365096390247345,0.0,184.86485290527344,27,1.0,0.0
2727,"Who in their right mind would choose frozen over fresh? Oh, everyone on Thanksgiving.",Family Gathers in Minnesota for a Frozen Holiday,rhetorical_question,1,0.7441335916519165,0.6341258883476257,0.11000770330429077,0.36851948499679565,0.013120543279239774,124.49320983886719,14,1.0,0.00483517585214361
2728,"Man dies after saying 'I can't breathe,' but police are always so helpful.",Mourners Response to the Death of an Oregon Man,sarcasm,0,0.9657168984413147,0.560139000415802,0.4055778980255127,0.31181758642196655,0.015375695992413887,125.90917205810547,13,1.0,0.004794412413912402
2729,"Ebola fear makes us stupid? Nah, we're always this rational.",Residents Voice Concerns Over Nigeria's Economic Crisis and Humanitarian Crisis,irony,1,0.8899853229522705,0.5189169049263,0.37106841802597046,0.13662484288215637,0.0,132.0441436767578,10,1.0,0.0
2730,fun-loving turtle all business when it's feeding time,A turtle sits on a kitchen counter,irony,0,0.890579342842102,0.5681251287460327,0.32245421409606934,0.5287643671035767,0.028634401465295497,182.82449340820312,7,0.875,0.015140851168186701
2731,Testing the teacher: teachers' favorite pastime.,The Teacher Says Teacher Testing Is Their Favorite Afterime,sarcasm,0,0.984992504119873,0.9736441969871521,0.011348307132720947,0.8683038949966431,0.023980296761827107,2099.758544921875,9,1.0,0.020822185081469862
2732,How to grocery shop for lasting beauty: because your lettuce will keep you fresh for days. Smart!,How to Grocery Shops,irony,0,0.5797407627105713,0.7407612800598145,-0.16102051734924316,0.4009597599506378,0.00658790946649935,160.77932739257812,15,0.8823529411764706,0.0026414865982641138
2733,newly discovered fossils reveal prehistoric humans were bony,Archaeologists claim prehistoric humans were bony,understatement,0,0.7014951705932617,0.7913321256637573,-0.0898369550704956,0.9190303683280945,0.36409302398068727,168.72564697265625,4,0.5,0.3346125459346608
2734,"Man sees Jesus in tree, because trees are the new burning bushes.",Image Shows Jesus Standing in a Tree,irony,0,0.8769346475601196,0.5099213123321533,0.3670133352279663,0.7117894887924194,0.019229913610012243,416.0637512207031,11,0.9166666666666666,0.013687650377993004
2735,out-of-state license plate seen,Out-of-State License Plate,understatement,1,0.8245222568511963,0.7880184650421143,0.03650379180908203,0.9378662109375,0.0,21.259557723999023,4,1.0,0.0
2736,Ben Higgins Still Unlovable After 20 Seasons? Shocker!,Ben Higgins remains active in the television world,overstatement,0,0.5592661499977112,0.6888959407806396,-0.12962979078292847,0.5998538732528687,0.05873949094699214,342.1631164550781,6,0.75,0.03523511115745505
2737,7-eleven shareholders approve sale of busch light six-pack,Seven-eleven Shareholders Approve a Prop for a Volkswagen Light six-pack,irony,0,0.5917112827301025,0.566031277179718,0.02568000555038452,0.7140105366706848,0.021105340631872645,476.3706970214844,9,0.9,0.015069435591180997
2738,"How to be an effective listener: Step 1, stop thinking about what you're going to say next. Revolutionary.",How to Operate a New Narrative,satire,1,0.7578094601631165,0.6456977128982544,0.11211174726486206,0.2751206159591675,0.011684036632167317,54.23158645629883,16,0.8888888888888888,0.003214519355131349
2739,North Korea demolishes nuclear test tunnels? Must be for safety inspections.,North Korea Continues to Operate Nuclear Test tunnels Amid Security Inspections,irony,0,0.9748256802558899,0.9322776198387146,0.04254806041717529,0.755617082118988,0.03986357128268015,236.10964965820312,9,0.8181818181818182,0.03012159541546106
2740,father not letting firstborn repeat mistakes he made as nine-month-old,Adults naturally begin to make mistakes during the developmental stages,irony,0,0.7323524951934814,0.8261037468910217,-0.09375125169754028,0.42907679080963135,0.021105340631872645,189.83753967285156,9,0.9,0.009055811827268032
2741,biden investigated for questionable workers' comp claim,Vice President Joe Biden Testifies Before Congress for a Workers' Comp Claim,sarcasm,0,0.7533103823661804,0.8139737248420715,-0.06066334247589111,0.7236634492874146,0.017033186037639283,109.38912200927734,11,0.9166666666666666,0.012326294160352273
2742,Sheryl Sandberg talks about husband's death in personal commencement speech. Just a lighthearted topic for graduates.,Sheryl Sandberg Delivers a Commencement Address at Harvard University,understatement,0,0.8556700944900513,0.8391371965408325,0.01653289794921875,0.6142327189445496,0.025783998660169834,33.49815368652344,14,0.875,0.01583737560229874
2743,"Because American exceptionalism requires copying German shop closing laws, obviously.",American Exceptism Requires Immediate Action in Germany Amid Federal Closures,satire,0,0.9682050347328186,0.8755649924278259,0.09264004230499268,0.5235333442687988,0.021105340631872645,833.4347534179688,10,1.0,0.01104934956293645
2744,"AHS teasers are mildly spooky, if you're into that whole horror thing, which is totally normal.",AHS Teasers Remain a Popular Summer Activity in the US,understatement,0,0.5649020671844482,0.9091489315032959,-0.34424686431884766,0.5499917268753052,0.01158285652249976,486.71875,15,0.9375,0.006370475260958535
2745,"Surprise, surprise, someone dies in custody and it's a homicide. Who saw that coming?","Police Investigate a Homicide in Jackson, Mississippi",irony,1,0.6595895886421204,0.530680775642395,0.12890881299972534,0.3516414761543274,0.014450843425723598,47.15105438232422,13,0.9285714285714286,0.005081515913896504
2746,"Simpsons creator says people pretend to be offended, dismissing concerns about stereotypes.",Simpsons Creator Defends Anti-Muslim Sentiment Amid Defamation Concerns,sarcasm,0,0.8586106300354004,0.7892511487007141,0.06935948133468628,0.624151349067688,0.016847111051295396,271.64044189453125,11,0.9166666666666666,0.010515147090559177
2747,A developing nation leader vows to tackle tax dodging – because that always works out.,A Developing Nation Leader Vows to Address Income Tax Scam,irony,0,0.9866408705711365,0.9205278158187866,0.06611305475234985,0.6796875,0.015223083300988084,199.83404541015625,13,0.8666666666666667,0.010346939431140338
2748,rex tillerson blindsided by news he still worked for state department,Rex Tillerson Fired as Secretary of State,irony,0,0.9238260984420776,0.8089008927345276,0.11492520570755005,0.7842261791229248,0.0,120.6471939086914,11,1.0,0.0
2749,heavenly sources confirm joe jackson already screaming at michael,Joe Jackson Reportedly Throwing Michael Jackson at the Academy Awards,satire,0,0.6032671928405762,0.7613041996955872,-0.158037006855011,0.5812896490097046,0.021105340631872645,258.04315185546875,10,1.0,0.012268316048131507
2750,police seize 250 pounds of marijuana smoker,Police Seize 250 Pounds of Marijuana From a Suspect,sarcasm,1,0.5365743041038513,0.7330785393714905,-0.19650423526763916,0.9136589765548706,0.028517539529041507,110.35100555419922,7,0.7777777777777778,0.02605530597996713
2751,"Ted Cruz's super-PACs rake in cash, democracy thriving.",Ted Cruz Campaigns in Texas,sarcasm,0,0.9716964960098267,0.8581069111824036,0.1135895848274231,0.5769742131233215,0.035065941041239286,346.0252685546875,6,0.75,0.020232143739697825
2752,"Israel's president reaches out to Palestinian Arabs, a gesture of pure sincerity.",Israel's President Mahmoud Ahmadinejad Meets With Palestinian Airstrikes in Gaza,sarcasm,0,0.9210222363471985,0.8600990772247314,0.06092315912246704,0.5643628239631653,0.02054901307230194,18.696157455444336,11,0.9166666666666666,0.011597099047140322
2753,bush picks up 20 copies of washington post he's in,President Bush Purchases 20 Copies of The Washington Post,sarcasm,0,0.7707908749580383,0.8685567378997803,-0.09776586294174194,0.8960912227630615,0.025518615589394285,153.176513671875,8,0.8,0.02286700744672085
2754,"French police find another car in the suspect hunt, because one getaway vehicle just isn't enough for a mastermind.",French Police Seear Another Safe Vehicle in a Murder Investigation,irony,0,0.6732091903686523,0.7705058455467224,-0.09729665517807007,0.7143973708152771,0.01129295625547186,1025.218994140625,18,0.9473684210526315,0.008067658257641034
2755,mom recommends previously unheard-of form of transportation son could take to get home,Parents Often Propose alternative transportation Services for Children,overstatement,0,0.5339739322662354,0.9560232758522034,-0.422049343585968,0.6437417268753052,0.014867523320266895,1113.8271484375,12,0.9230769230769231,0.009570845136547481
2756,consumer confidence verging on cockiness,Consumer Confidence Drives Holiday Shopping,overstatement,0,0.5817542672157288,0.901626467704773,-0.3198722004890442,0.4788893461227417,0.0,366.1530456542969,5,1.0,0.0
2757,The 'Entrepreneurial Advantage': a magical business term that means whatever you want it to,The Entrepreneurial Advantage Launches a Niche Marketing Campaign,satire,0,0.9392983913421631,0.9434531331062317,-0.0041547417640686035,0.7235723733901978,0.015603043420373072,171.11671447753906,13,0.9285714285714286,0.011289931159789653
2758,Two sisters conquer cholesterol. Their emotional journey will make you sob... or yawn.,Two sisters successfully cross the cholesterol,irony,0,0.7313697338104248,0.8103196620941162,-0.0789499282836914,0.6178122758865356,0.026884686598925595,2008.251220703125,11,0.8461538461538461,0.016609689414178466
2759,"These newborn photos are so whimsical, they might cure your fear of childbirth.",Image Shows a New Baby,overstatement,1,0.7640747427940369,0.6133875846862793,0.15068715810775757,0.5600062608718872,0.0,1019.1920166015625,13,1.0,0.0
2760,10 utterly trivial ways to pretend you're smarter than everyone else,People Often Pretend They Are smarter,sarcasm,0,0.9443808197975159,0.8697329163551331,0.07464790344238281,0.6810768842697144,0.01774239756616722,691.1528930664062,10,0.9090909090909091,0.012083936853839733
2761,Joy to the world! The Griswolds are back to ruin Christmas with sports—because why not?,The Griswolds Have Returned to the Winter Games,satire,1,0.8390668630599976,0.657768964767456,0.1812978982925415,0.6626371145248413,0.03462880498750399,73.13285827636719,12,0.8,0.022946331416363076
2762,"7 things you should never ever do for your older kids. Like, for instance, help them. Or love them unconditionally. The list is endless and terrifying.",Parents Tend to Halt Emotional Flaws When Adapting To Their Children,satire,0,0.9299236536026001,0.8311136364936829,0.09881001710891724,0.310166597366333,0.0,105.71643829345703,26,1.0,0.0
2763,Ne-Yo raises millions for engineering school? Pop stars are clearly the key to solving educational funding crises.,Ne-Yo Raises $1 Million for an Engineering School in Brooklyn,satire,0,0.9795687198638916,0.6049224138259888,0.37464630603790283,0.694694995880127,0.012463606455186824,60.86671447753906,16,0.9411764705882353,0.008658405035037535
2764,A mere $5.8 million to settle intern exploitation claims? Pocket change for a media giant.,A $5.8 Million to settle Intern Abuse Claims,understatement,0,0.9335505366325378,0.8913596272468567,0.04219090938568115,0.7222954630851746,0.02911923797851205,306.4775085449219,11,0.7333333333333333,0.02103269348037676
2765,Verizon shows love to 'basic rate' customers with extra bills for fios deployment.,Verizon Faces Criticism Over Outdated Customer Service Practices Amid Fios Deployment,sarcasm,0,0.9653376936912537,0.7082200050354004,0.25711768865585327,0.6622669696807861,0.01571650849186369,304.4122314453125,12,0.9230769230769231,0.010408524452868908
2766,federal prison system retires mcveigh's number,Federal Prison System Faces Criticism Over Inmate Safety Decline,irony,0,0.7518566250801086,0.8540118932723999,-0.10215526819229126,0.40556687116622925,0.0,180.72950744628906,9,1.0,0.0
2767,"This photo exposes Simone Biles as the fragile human she secretly is, shattering her invincibility myth.",Image Shows Simone Biles Standing in a Grassy Field,overstatement,0,0.805849015712738,0.6279249787330627,0.1779240369796753,0.5603427886962891,0.023298472850403023,229.395751953125,14,0.875,0.013055131249359609
2768,underprotective father demands daughter arrive home by 10 a.m.,Illinois Father Sets a Deadline for his Daughter to Return Home,sarcasm,1,0.7155258059501648,0.5742313265800476,0.1412944793701172,0.5624992251396179,0.0,251.444580078125,11,1.0,0.0
2769,The global search for education: Latin America is online? Mind-blowing that they use the internet.,The Search for Education in Latin America Continues,understatement,0,0.9695159792900085,0.8644633293151855,0.105052649974823,0.8177921772003174,0.02911923797851205,88.93582153320312,12,0.8,0.023813485024861535
2770,insane man gets a little perspective by reminding himself that he is god,Chicago Man Uses Psychological Insecurities To Cope With Stress,irony,0,0.9277532696723938,0.8512340188026428,0.07651925086975098,0.3099188506603241,0.0,210.20265197753906,13,1.0,0.0
2771,amazon reaches 1 trillion labor violations,Amazon Faces Scrutiny Over High Number of Labor Violations,overstatement,0,0.9111967086791992,0.817276656627655,0.09392005205154419,0.8408756256103516,0.0,144.82420349121094,9,1.0,0.0
2772,cdc issues warning of full-blown epidemic of the blahs,CDC Warns of Widespread Lethargy in the US,understatement,0,0.8948413729667664,0.582840621471405,0.31200075149536133,0.5979733467102051,0.02915032279375143,41.728755950927734,7,0.7777777777777778,0.017431116078662316
2773,area man has shitty fuckin' job,Austin Job Seeker Says It Is a Difficult Job,sarcasm,0,0.6211116909980774,0.7200548052787781,-0.09894311428070068,0.4096086621284485,0.0,145.0212860107422,9,1.0,0.0
2774,unsuspecting movie stars follow fake red carpet into back of kidnappers' van,Several Hollywood Actors Reported Missing Following the Academy Awards,satire,0,0.8056113123893738,0.8720254302024841,-0.06641411781311035,0.29515665769577026,0.0,450.9483947753906,12,1.0,0.0
2775,"clinton to get teeth cleaning, glasses before coverage runs out",President Clinton Schedules a Dental and Vision Appointments,understatement,0,0.8907350897789001,0.9100276827812195,-0.019292593002319336,0.7338911890983582,0.0,231.57821655273438,10,1.0,0.0
2776,teary-eyed wrestlers bid farewell to friends made at summerslam,Wrestlers at the Summer Olympics in Cleveland,irony,0,0.5356496572494507,0.6230046153068542,-0.08735495805740356,0.4947652518749237,0.024822529802838878,115.30947875976562,9,1.0,0.012281325210074377
2777,Taylor Swift calls cover album an honor – as if she wrote the original or something.,"Taylor Swift Defends Her Cover Album, Says It Is an Honor",sarcasm,1,0.7907028198242188,0.537753701210022,0.2529491186141968,0.8457217216491699,0.02800221821228305,172.944091796875,14,0.875,0.023682084196487763
2778,This is how you visualize the heartbeat of a city: with pretty charts.,Aerial View of a City,understatement,1,0.6949838399887085,0.623803436756134,0.07118040323257446,0.38245725631713867,0.022939873376788145,186.7592315673828,11,0.8461538461538461,0.008773521031948969
2779,Pro tip: Just yell louder and wave cash—bartenders love that.,Pro Tip: Cash Payments Flow atbartenders,satire,0,0.933506190776825,0.7266541719436646,0.2068520188331604,0.5462011098861694,0.020960166113993737,5357.94677734375,9,0.9,0.011448465994861858
2780,aging airliner flies out to sea to die,Aging Airliner Retired from Service,sarcasm,1,0.5010581612586975,0.6574021577835083,-0.1563439965248108,0.7329500913619995,0.0,960.195068359375,8,1.0,0.0
2781,NAFTA renegotiation: because climate change is just a local issue now,NAFTA Reaches a Climate Change Negotiations,irony,0,0.9450498223304749,0.7475919127464294,0.1974579095840454,0.8371913433074951,0.021099385422893017,137.45635986328125,9,0.8181818181818182,0.017664222825154386
2782,senior prank somehow leaves high school with increased math funding,"West Texarkana Middle School Math Program Receives $50,000 Funding Increase",irony,0,0.9804041981697083,0.6962371468544006,0.2841670513153076,0.4664565920829773,0.0,138.61524963378906,10,1.0,0.0
2783,trapped chilean miners considering how funny it would be if they all died right as rescuers completed tunnel,Rescue of 33 Trapped Chilean Miners in a tunnel,irony,1,0.9140800833702087,0.7351029515266418,0.1789771318435669,0.8179363012313843,0.008821858171866304,413.3924560546875,17,0.9444444444444444,0.007215718043084187
2784,Unhappy Father's Day? Who could have predicted that?,Mueller Investigation Continues Into the Death of a Father,rhetorical_question,1,0.6839427351951599,0.6015780568122864,0.08236467838287354,0.22970518469810486,0.0,187.36685180664062,9,1.0,0.0
2785,Conan shares Trump's Twitter withdrawal—probably involved a lot of yelling.,Conan shares a Twitter withdrawal,sarcasm,0,0.5387190580368042,0.5185567736625671,0.02016228437423706,0.8407243490219116,0.04970787578611783,2456.8876953125,7,0.7,0.04179062151154596
2786,"Jeb Bush insists he's a Washington outsider, despite the Bush family name being synonymous with D.C.",Jeb Bush Defends His Foreign Policy Name During Senate Testimony in Washington,sarcasm,0,0.8561276793479919,0.9040135145187378,-0.04788583517074585,0.5616419315338135,0.028563496975330477,114.94863891601562,14,0.875,0.016042457612584847
2787,"Ivanka Trump's religious expertise: Judaism is top three? Close, but no cigar.",Ivanka Trump Claims Jewish Leadership And Legal Expertise at the White House,sarcasm,0,0.7217369675636292,0.9271899461746216,-0.20545297861099243,0.6948269605636597,0.017033186037639283,216.39279174804688,11,0.9166666666666666,0.011835116883248268
2788,author dismayed by amazon customers' other purchases,Amazon Customers Collect Unsolicited Merchandise Amid Retail Recession,sarcasm,0,0.9201387763023376,0.8220454454421997,0.09809333086013794,0.5796812176704407,0.0,626.2410888671875,8,1.0,0.0
2789,"world health organization: 'not sure how, but adam levine's new fragrance the only antidote to mers virus'",Adam Levine Launches a New Fragrance,satire,0,0.6034741997718811,0.825361430644989,-0.2218872308731079,0.654954731464386,0.0,334.24774169921875,17,1.0,0.0
2790,Palestinian youth and the psychological impact of violence: just a little trauma.,"Israel and Hamas Clash in Gaza, Killing Palestinian Youth",understatement,0,0.5034063458442688,0.6955469250679016,-0.1921405792236328,0.6337848901748657,0.02043370997308395,157.0351104736328,11,0.9166666666666666,0.01295057663115607
2791,black man bids tearful goodbye to family before daily commute,Chicago Homeless Man Makes a Remark During a Daily Commute,sarcasm,0,0.5826504826545715,0.6601199507713318,-0.07746946811676025,0.4247140884399414,0.0,279.0102233886719,10,1.0,0.0
2792,american citizens split on doj memo authorizing government to kill them,DOJ Releases a Memo Proposing Government Assassination Techniques,sarcasm,0,0.8945789337158203,0.9246063828468323,-0.030027449131011963,0.7414084672927856,0.0,351.4546203613281,11,1.0,0.0
2793,"Krugman: the right fears democracy – yes, because winning elections is so scary.",Krugman Says He Fails to Secure a Democratic Election in Russia,sarcasm,0,0.964937150478363,0.8340145945549011,0.13092255592346191,0.6012420058250427,0.0,127.4958724975586,13,1.0,0.0
2794,"Astronauts hug out political tension, because space is neutral.",Astronauts Meet in a Political Tension,irony,0,0.977874219417572,0.8757888674736023,0.10208535194396973,0.8348898887634277,0.024761510494160165,233.1691436767578,8,0.8888888888888888,0.020673134742083828
2795,j.k. rowling revealed to be pseudonym for newt gingrich, Newt Gingrich Underwent a J.K. Rowling Pseudonym,satire,0,0.5792254209518433,0.539350152015686,0.03987526893615723,0.9595930576324463,0.0,132.23719787597656,9,1.0,0.0
2796,"Ah, the 'most beautiful' because it's from a queer Korean, not because it was actually moving or articulate.",Ergonomics and Human Representation Undermine The Cults,irony,0,0.6141677498817444,0.7362365126609802,-0.12206876277923584,0.009716174565255642,0.0,137.9761199951172,18,1.0,0.0
2797,studio audience wants show to be over,Columbia Pictures Audience Demands an End to Its 'City Lights',irony,0,0.6363984942436218,0.5025033950805664,0.13389509916305542,0.30120864510536194,0.021105340631872645,103.19973754882812,9,0.9,0.006357111056213503
2798,"9 tips for senior year: stress, cry, repeat.",Researchers Propose Common Trades for the Aging,irony,0,0.5757787227630615,0.9588778614997864,-0.38309913873672485,0.2280901074409485,0.028634401465295497,411.04217529296875,8,1.0,0.006531223706726503
2799,"America's favorite Mexican food chain is... not Chipotle. In other news, water is wet.",American Consumers Say I'm Their Favorite Mexican Food Chain,satire,0,0.5461719632148743,0.916547954082489,-0.37037599086761475,0.6232836246490479,0.013758777297397084,632.0791625976562,14,1.0,0.008575620584660685
2800,"Trump shakes up top staff – just a little reshuffle, nothing to worry about.",Trump Shifts Leadership Position Following a Staff Shake-Up,understatement,0,0.6757369041442871,0.5885018110275269,0.08723509311676025,0.6568679213523865,0.015603043420373072,175.46347045898438,12,0.8571428571428571,0.01024913869831149
2801,ceo's funeral a networking dream,Award-winning CEO Gerald Levin Dies at 91,satire,1,0.7727261781692505,0.7129161953926086,0.059809982776641846,0.38495486974716187,0.0,145.16761779785156,7,1.0,0.0
2802,Danica Roem credits Trump for proving that anyone can be elected – barriers like decency are just suggestions.,Danica Roem Offers Emotional Support to Trump Ahead of November Election,sarcasm,0,0.9168556928634644,0.665745198726654,0.2511104941368103,0.5313223600387573,0.02334693114706896,101.61508178710938,16,0.8888888888888888,0.01240474655672305
2803,Hawaii's millennials: probably too busy with luaus to care.,Young Adults Report Fatigue and Disengagement from Hawaii Memorial Services,irony,0,0.7646549940109253,0.6747730374336243,0.08988195657730103,0.4046180844306946,0.0,388.6993713378906,10,1.0,0.0
2804,rembrandt's 'night watch' falls off museum wall after sticky tabs come loose,Rembrandt's 'Night Watch' Removed from a Museum Wall,sarcasm,1,0.7329810857772827,0.7860080599784851,-0.05302697420120239,0.856884241104126,0.0,304.92376708984375,12,1.0,0.0
2805,A new shade of green collaborations: because Boulder needs more hipster eco-projects., Boulder Launches a Series of Eco- Projects,satire,0,0.9389283061027527,0.7965958118438721,0.14233249425888062,0.6991598606109619,0.019229913610012243,283.72607421875,12,1.0,0.013444783719137
2806,"Obama's foreign policy was a failure? Obviously, compared to the current golden age.",President Obama's Foreign Policy Failed,irony,0,0.6697438359260559,0.9171084761619568,-0.24736464023590088,0.8108655214309692,0.010847596378846365,228.50271606445312,13,1.0,0.00879594189400595
2807,mom learns about new vegetable,California Mother Shares a Lime and a Honey,understatement,1,0.8920041918754578,0.8541237115859985,0.03788048028945923,0.30676984786987305,0.0,715.841064453125,8,1.0,0.0
2808,A $249 sapphire razor? Because your face is worth more than a car down payment.,A $249 Silver sapphire Razor,sarcasm,1,0.7355155944824219,0.8709221482276917,-0.13540655374526978,0.7662544250488281,0.01701751093573254,634.5300903320312,13,0.8666666666666667,0.013039743057821882
2809,"Martha Raddatz MVP? In a debate that was a train wreck, she was the conductor.",Martha Raddatz Moderates the Democratic Presidential Debate in Brooklyn,sarcasm,0,0.7797581553459167,0.9158617854118347,-0.13610363006591797,0.5144673585891724,0.02881411017115445,122.7769775390625,13,0.8666666666666667,0.014823919149851235
2810,Squad Reduces Pain: Science Confirms What Loners Already Know,Researchers Confirm Pain Linked To Laughter,sarcasm,0,0.8271787166595459,0.8665243983268738,-0.03934568166732788,0.46393656730651855,0.0,230.19882202148438,9,1.0,0.0
2811,"If the takeover worked, low scores wouldn't be embarrassing, but they are.",Viacom Agrees to a $1.5 Billion Acquisition of Time Warner,sarcasm,0,0.5160566568374634,0.7448474764823914,-0.22879081964492798,0.14232641458511353,0.0,22.905803680419922,12,1.0,0.0
2812,fire hydrant blows load all over hot neighborhood kids,Children Cool Off in a Water Hydrant,irony,1,0.7652750611305237,0.7099879384040833,0.05528712272644043,0.5836241245269775,0.0,408.0252990722656,9,1.0,0.0
2813,gray wolves sighted in capitol building for first time in 85 years,Photoshopped Image Shows a Gray Wolf Standing in a Capitol Building,irony,0,0.7904185652732849,0.7871284484863281,0.003290116786956787,0.7520337104797363,0.017212239801819764,250.052001953125,12,1.0,0.012944184563829519
2814,blender left on to keep cat company,An Sender of a Cat,irony,1,0.5988330841064453,0.9044287204742432,-0.30559563636779785,0.49066710472106934,0.0,255.72927856445312,7,1.0,0.0
2815,Parental leave revolution: because banking is finally catching up to the 20th century.,Parents Leave Banking Assets in the 20th Century,irony,0,0.9766412377357483,0.6437820196151733,0.33285921812057495,0.7615158557891846,0.03144098383476531,232.93466186523438,11,0.8461538461538461,0.023942807711785224
2816,area man glad his brother is giving mom grandkids,Man Relieved Brother's Pregnancy Is Finally Ending,sarcasm,0,0.9560251235961914,0.8025184273719788,0.15350669622421265,0.5017218589782715,0.0,532.145751953125,9,1.0,0.0
2817,"Home genetic tests may be riddled with errors, and companies aren't keeping track: embrace the surprise!",Researchers Raise Concerns Over Genetic Testing Errors in Healthcare,understatement,0,0.6734702587127686,0.8271315097808838,-0.15366125106811523,0.7032516598701477,0.0,211.8780517578125,16,1.0,0.0
2818,The Fed and the markets: two things that definitely make sense and aren't confusing at all.,The Federal Reserve and the Market Announce a Monetary Policy Statement,irony,0,0.854031503200531,0.9104478359222412,-0.056416332721710205,0.5134720206260681,0.02800221821228305,110.15096282958984,14,0.875,0.014378355567473062
2819,"Hey, which one of you wise guys teleported me into the future? This is exactly what I asked for.",Award-winning speakers from the past,sarcasm,0,0.7413097620010376,0.8580958843231201,-0.11678612232208252,0.10845278948545456,0.003267233242468289,96.60353088378906,18,0.9473684210526315,0.00035434055904529245
2820,5-Year-Old Boy Faces Tough Decision About His Girlfriends: The brutal heartbreak of preschool crushes.,A 4-Year-Old Boy Faces Decision About Dating Girlfriend,understatement,1,0.5093128085136414,0.5987412333488464,-0.08942842483520508,0.6576635241508484,0.03923957680314294,85.26345825195312,11,0.7857142857142857,0.025806438366542866
2821,Spicer links shooting to banning millions: a logical leap?,Spicer Supports Gun Control Measures Following Orlando Nightclub Shooting in Florida,overstatement,0,0.925053596496582,0.8612110614776611,0.0638425350189209,0.42018526792526245,0.018850319022747353,158.2515869140625,10,0.9090909090909091,0.007920626349049768
2822,heartbroken chris brown always thought rihanna was woman he'd beat to death,Chris Brown Faces Backlash From Supporters Following His Death in 'Rihanna',sarcasm,1,0.6696431636810303,0.8113601803779602,-0.14171701669692993,0.7093430757522583,0.0,85.81217193603516,12,1.0,0.0
2823,shirtless man turns face from side to side in mirror while running hands down smooth face,Man Checks Smooth Face in a Mirror,irony,0,0.5787774324417114,0.5339937210083008,0.044783711433410645,0.648344874382019,0.009131698392329843,3310.026611328125,15,0.9375,0.005920489847069577
2824,Trump calls on Congress to empower agencies to oust federal workers—job security is so last century.,Trump Calls on Congress to Authorize Federal Employees for Job Security,sarcasm,0,0.9586522579193115,0.8981396555900574,0.06051260232925415,0.7454712390899658,0.06363332527368985,88.67979431152344,12,0.75,0.04743681383919241
2825,How to live to 110: the secret to immortality revealed.,Researchers Propose the Illusion of H immortality,overstatement,0,0.8383917808532715,0.8784204721450806,-0.04002869129180908,0.6047323942184448,0.02558948059670209,2236.23779296875,9,0.9,0.015474787868050092
2826,"north korea claims new long range missile has ability to fly right up in the air, not unlike a bird or a fly",North Korea Tests a Long-Range Ballistic Missile,satire,0,0.7401028275489807,0.9003559350967407,-0.16025310754776,0.7204476594924927,0.0033593641015164603,54.1341667175293,22,0.9565217391304348,0.002420246004320634
2827,"Elon Musk is ready to conquer Mars. The ultimate billionaire's vanity project, now with 100% more existential risk.",Elon Musk Plans to Scale Mars,sarcasm,0,0.9367203712463379,0.8499680757522583,0.08675229549407959,0.6373458504676819,0.012930512089935809,207.0881805419922,15,0.8333333333333334,0.008241208224942781
2828,uninsured man hoping for gift card to local hospital for christmas,High-Cost Healthcare Leaves Many Americans Struggling to Access Medical Services,irony,0,0.6052178740501404,0.7110927104949951,-0.10587483644485474,0.29631999135017395,0.01909690192411307,51.42988204956055,10,0.9090909090909091,0.005658793812968305
2829,man ashamed of himself after cashier reads food order back to him,Man Feels Embarrassed When Cashier Reads Back a Fast Food Order,understatement,0,0.9160547256469727,0.6989886164665222,0.21706610918045044,0.8322463631629944,0.0,180.26568603515625,12,1.0,0.0
2830,Pride in mental health: an interview with the Trevor Project – because mental health is the new cool thing to be proud of.,An Interview With the Trevor Project Highlights Mental Health Crisis in the Movement,satire,1,0.9607886075973511,0.5855255722999573,0.3752630352973938,0.7523699998855591,0.04048535956316488,195.5112762451172,19,0.8260869565217391,0.03045996996990518
2831,richard branson's global-warming donation nearly as much as cost of failed balloon trips,Richardanson's Global-Warming Donation Faces Scrutiny Over Late-Night Balloon Tours,overstatement,0,0.7281883358955383,0.8763675093650818,-0.14817917346954346,0.7973803281784058,0.0,204.447265625,13,1.0,0.0
2832,"michele bachmann figures why not, introduces homosexual-beheading bill",Rep. Michele Bachmann Introduces Legislation to Support Same-Sex Marriage,sarcasm,0,0.7081018686294556,0.7509053945541382,-0.04280352592468262,0.6555702090263367,0.0,19.307723999023438,9,1.0,0.0
2833,"no complaints if a remake of 'emma' with jon hamm and emily blunt got thrown our way, nation's girlfriends report",Women Express Preference for a Hypothetical 'Emma' Remake Starring Jon Hamm and Emily Blunt,satire,1,0.7148613929748535,0.6750217080116272,0.03983968496322632,0.7513423562049866,0.011065472484329979,85.73470306396484,19,0.95,0.008313958168897932
2834,"Double standard, double spacing: the perfect formula for unbiased reporting.",Researchers Propose Double Standards and Double Spists as The Most Effective Method for Abusing Trivial Hazards,irony,0,0.9754924774169922,0.8973916172981262,0.07810086011886597,0.3704962432384491,0.014628063653657535,233.20516967773438,14,0.875,0.005419642629533018
2835,"Illinois elves suggest gifts for politicians, because they're so in touch with the people.",Illinois Officials Propose Holiday Gifts for Politicians,satire,0,0.9725791811943054,0.9432545304298401,0.029324650764465332,0.7680268287658691,0.014450843425723598,529.4067993164062,13,0.9285714285714286,0.011098635449250605
2836,Transition to teaching art in college? Just navigate academia's quirks—simple.,Researchers Suggest a Transition to a Master's in Art,understatement,1,0.8749176263809204,0.5605481863021851,0.31436944007873535,0.6335180997848511,0.05022037190492093,261.2688293457031,10,1.0,0.03181551457969403
2837,"report: you know you are a fucking idiot, right?",Experts Note Common Verbal And Physical Flaws in Advertisements,rhetorical_question,0,0.7331292033195496,0.7560379505157471,-0.02290874719619751,0.2008735090494156,0.0,310.16455078125,9,1.0,0.0
2838,In depth: Behind the veil of the Middle East – where women's rights are just a suggestion.,Israel Defends Saudi Crown Prince Amid Khashoggi Murder in Gaza,satire,0,0.7756304740905762,0.8062121868133545,-0.03058171272277832,0.2853686213493347,0.0,158.10232543945312,17,1.0,0.0
2839,cbs reveals 'big bang theory' season 12 will explore why sheldon keeps job after sexually harassing 6 research assistants,CBS Releases a 'Big bang Theory' Season 12,sarcasm,0,0.9106764793395996,0.6250550746917725,0.28562140464782715,0.5780836939811707,0.008351707310432721,518.0592651367188,18,0.9473684210526315,0.004827985813064495
2840,"Wearing #BlackLivesMatter shirts solves systemic racism, obviously.",Protesters Wear BlackLivesMatter T-Shirts at Rally in Denver,sarcasm,0,0.9707732796669006,0.8258332014083862,0.1449400782585144,0.5708227157592773,0.0,44.15584182739258,8,1.0,0.0
2841,Grindr's caring reminder: don't forget your HIV test between hookups.,Indiana University Students Get an HIV Test,sarcasm,0,0.5959135890007019,0.9176892042160034,-0.3217756152153015,0.4408794641494751,0.02151810250197126,528.7430419921875,9,0.9,0.009486889500582569
2842,A 12-year-old busts out unexpected moves in the kitchen? This child is a culinary revolutionary!,A 12-Year-Old Girl Plays in a Kitchen,overstatement,0,0.7890142798423767,0.6680595278739929,0.12095475196838379,0.6937951445579529,0.013863533666885183,40.27791976928711,12,0.8,0.009618452344500652
2843,scientists finally prove what area dad has been saying for years,Study Confirms Parenting Claims,irony,0,0.9682397842407227,0.948688805103302,0.019550979137420654,0.4657564163208008,0.0,1216.5972900390625,11,1.0,0.0
2844,Giuliani says Trump is trying to get us back to a free press. By attacking journalists daily? Makes sense.,Giuliani Says Trump Administration Is Allowing Journalists to Attack Journalists Daily,irony,0,0.9436275362968445,0.9227665066719055,0.020861029624938965,0.8233219385147095,0.011988048353388247,151.53575134277344,16,0.8421052631578947,0.009870023209319682
2845,area man good for the economy,"Jacksonville, Mississippi Workers Report Record Job Growth and Financial Security",sarcasm,0,0.9770117402076721,0.9153333306312561,0.061678409576416016,0.21555322408676147,0.0,280.6443786621094,10,1.0,0.0
2846,pope francis offers molested kids 10% off at vatican city gift shop,Pope Francis Offers Sexual Abuse Victims at a Vatican City Gift Shop,sarcasm,0,0.686821699142456,0.8493365049362183,-0.1625148057937622,0.7821938395500183,0.017033186037639283,274.9342041015625,12,1.0,0.013323253186550834
2847,"Six completely rational and unselfish reasons why my kids' toys remain fiercely, permanently theirs. Sharing is for peasants.",Six Children Share Their Toys,satire,0,0.6143993139266968,0.8156756162643433,-0.20127630233764648,0.6689202785491943,0.003990607693903362,661.646484375,17,0.9444444444444444,0.002669398410186395
2848,Savor the South at summer festivals where every dish is a calorie bomb and every moment is bliss.,Summer Festivals in Summer 2017 in South Carolina,overstatement,0,0.9153476357460022,0.6734183430671692,0.241929292678833,0.495181143283844,0.00795801177094546,118.67822265625,18,1.0,0.003940657367003061
2849,"fbi raids michael cohen's office to get closer look at his innovative, thorough legal work",FBI Raids Attorney General Michael Cohen's Office in Brooklyn,sarcasm,0,0.9424226880073547,0.7754242420196533,0.16699844598770142,0.7979846000671387,0.0,212.4414520263672,15,1.0,0.0
2850,Kristen Wiig Crashes Bill Hader's 'SNL' Monologue: Groundbreaking Television That Changes Everything,Kristen Wiig Delivers a Monologue About Bill Hader's 'SNL',satire,1,0.5666045546531677,0.5345739126205444,0.03203064203262329,0.8615120053291321,0.10693319442988289,72.99103546142578,10,0.8333333333333334,0.09212423076953838
2851,Farenthold resigned abruptly? Probably to avoid more congressional 'hard work'.,Rep. Farenthold Resigns,understatement,1,0.8182374238967896,0.6684672832489014,0.14977014064788818,0.7078160047531128,0.011018142789200103,28.55935287475586,10,1.0,0.0077988178088509354
2852,"in major gaffe, obama forgets to dumb it down",President Obama Delivers a Speech at the Republican National Convention in Cleveland,sarcasm,0,0.7956052422523499,0.9111132621765137,-0.11550801992416382,0.36794546246528625,0.017033186037639283,16.337324142456055,12,1.0,0.0062672835138764425
2853,Is art feminine? Let's ask the centuries of male-dominated art history.,Critics Discuss Gender Inequalities in Modern Art History,rhetorical_question,0,0.6290786266326904,0.8023569583892822,-0.1732783317565918,0.7519608736038208,0.0,194.71395874023438,11,1.0,0.0
2854,food critic's wife makes the best lasagna she possibly can,Food Critics Note the Hasty Life of a Lasagna,understatement,0,0.9294601082801819,0.5928492546081543,0.3366108536720276,0.7185879945755005,0.02145851237135921,357.2713928222656,9,0.9,0.015419829371508582
2855,Trump orders war crimes then backs down? What a tough leader.,Trump Orders war crimes in Syria and Iraq,sarcasm,0,0.9862534403800964,0.914066731929779,0.07218670845031738,0.712294340133667,0.0446778805361507,172.91177368164062,8,0.7272727272727273,0.03182380143506827
2856,"Netflix hires Ryan Murphy for 5 years? Groundbreaking, since he's never done anything before.",Netflix Hires Ryan Murphy for a Five-Year Career,overstatement,0,0.9291352033615112,0.5954462289810181,0.33368897438049316,0.8856440186500549,0.06977893148767002,95.62145233154297,10,0.7142857142857143,0.06179929329984693
2857,6-year-old cries when told mtm productions kitten dead by now,MTM Productions Kitten Dies at Age 6,irony,1,0.708278238773346,0.7626364827156067,-0.05435824394226074,0.8787484169006348,0.0,496.7779846191406,10,1.0,0.0
