id,input,output
6801,café adds heartbreaking little lunch menu,Local Café Introduces New Lunch Menu
7349,peruvian shockingly knowledgeable about u.s. history,Peruvian Historian Shares Extensive Knowledge of U.S. History
10446,census study finds thousands of undocumented immigrants living inside u.s. border wall,Satirical Article Claims Undocumented Immigrants Living Inside U.S. Border Wall
21457,Helping the planet by eating invasive species? Because nothing says eco-friendly like chowing down on pests.,Invasive Species Consumption Linked to Declining Ecosystem Health
21942,Kebab shop owner remains calm during robbery – because who needs panic when you have shawarma?,Kebab Shop Owner Survives Robbery Amid Calm demeanor
2645,report: average person spends 18 hours standing at bar deciding what to drink,Study Finds Average Person Spends Hours Deciding What to Drink at Bars
5706,"bush vows to discover, legalize aliens on american, martian soil",Former President George W. Bush Announces Plans to Search for Extraterrestrial Life
3939,christmas pageant enters pre-production,Christmas Pageant Production Begins
9678,area man can't remember whether he rented mimic or the relic,Local Man Struggles to Recall Rental Details of Two Different Movies
14153,Dinosaur skeleton reveals babies may have lived on their own from birth. So much for parental guidance in the Mesozoic era.,Fossilized Dinosaur Skeleton Found in New Mexico
10620,"nothing doing down louisiana way, fly-swattin' sources report",Louisiana Officials Report No Significant Activity Following Alleged Fly Swatting
10764,woman jealous of horse's eyelashes,Woman Jealous of Horse's Luscious Eyelashes
12172,call from daycare can't be good,Child's Call to Daycare May Indicate Anxiety or Separation Anxiety
1125,molly hatchet posts surprise upset in former deep purple district,Molly Hatchet Announces New Album
23603,NASA's Kepler recovers from emergency mode – space is easy.,NASA's Kepler Space Telescope Continues to Monitor Exoplanet Hunting
22863,Cartoon Donald Trump assures Colbert his numbers are the biggest—a masterclass in humility from the guy who measures everything in inches.,Donald Trump Defends His Numbers Amid Criticism
6616,joy sucked out of room by pumped-up manager,Manager's High Expectations and Strict Policies Drain Employee Motivation
5338,"study: beginning email with short, disingenuous inquiry into personal life best way to network",Study Finds Starting Emails With Personal Questions Can Be Ineffective for Professional Networking
6596,area man's knee making weird sound,Local Man Reports Knee Making Unusual Noisy Sound
7201,man thinks he managed to masturbate without waking roommate,Man Claims He Successfully Masturbated Without Waking Roommate
6275,vin diesel will finally kiss car in 'fast & furious 6',Vin Diesel to Star in 'Fast & Furious 6'
15572,BHP predicts 2017 as the year every car on Earth goes electric overnight.,BHP Predicts 2017 Will Be the Year of Electric Vehicles
1702,what's-his-face fires publicist,Publicist Fires Former Employee After He Makes Unprofessional Comments
6213,american dental association recommends making your gums hurt really bad once a day,American Dental Association Recommends Daily Brushing to Prevent Gum Disease
14561,"Loft's plus-size line is here, about time they catered to more than sample sizes.",Plus-Size Clothing Line Launches New Collection
16723,"Tom Brady's Met Gala outfit mocked? It's so avant-garde, mere mortals can't comprehend it.",Tom Brady's Met Gala Outfit Draws Criticism From Fashion Critics
25954,Flexibility is the secret weapon to close the women's leadership gap—just contort yourself into submission and equality magically appears!,Women Face Persistent Leadership Gap Despite Efforts to Close It
3803,news website refers to users' ceaseless exchange of racial slurs as 'discussion',News Websites Often Downplay or Ignore Racial Slurs in Online Discussions
27805,"Ah, the pinnacle of modern dating advice: ranking women like livestock. Truly progressive.",Dating Advice Remains Traditional and Sexist
22842,Cracks? More like a sinkhole swallowing thousands. But who's counting?,Massive Sinkhole Swallows Thousands of People in Mexico City
23210,Rev. Run values his role as a TV dad—because nothing beats scripted family values.,Satirical Article Mocks TV Dad Stereotype With Fictional Commentary
3238,"comey: 'what can i say, i'm just a catty bitch from new jersey and i live for drama'",Comey Denies Claims He Is a 'Catty Bitch From New Jersey'
17222,"A little rain and disagreement in Somalia—no big deal, just thousands fleeing.",Thousands Flee Somalia Amid Ongoing Conflict and Rain
444,the elderly: do they suspect?,Elderly People Often Question Their Own Memories And Abilities
22522,Teenage girl walks for days after plane crash. Just a moderate hike with a side of survival.,Teenage Girl Survives Plane Crash After Weeks of Wilderness Survival
104,desperate gop spotted in south dakota trying to build keystone pipeline themselves,GOP Members Express Concern Over Proposed Keystone Pipeline Project
6196,80 percent of u.s. populace now selling handmade jewelry,U.S. Consumer Market Shifts Toward Handmade Jewelry Amid Declining Mass Production
7214,more realistic meat substitute made from soy raised in brutally cruel conditions,Soy-Based Meat Substitute Made From Soybeans Raised on Industrial Farms
17612,"Home? Oh, you mean that mythical place everyone talks about but never finds?",Many People Struggle to Define What Home Means to Them
20577,"Tom Daley and Dustin Lance Black expecting a child? Finally, some real news in celebrity baby gossip.",Tom Daley and Dustin Lance Black Announce They Are Expecting a Child
19702,Obama says no to wiretapping: The one time we wish he was joking.,Obama Administration Denies Wiretapping Program
11058,134-year-old man attributes longevity to typographical error,Man Claims Longevity Due to Typographical Error
11558,new gym member lingers by free weights for several seconds before returning to elliptical machine,Gym Member Takes Short Break From Free Weights To Use Elliptical Machine
8671,mortified tampax ceo bursts into tears and runs out of boardroom after tampon falls out of briefcase,Tampax CEO Leaves Boardroom After Briefcase Containing Tampon Falls Out
23282,"Breaking news: July 19, 2017, was a day just like any other. What a roundup!",Satirical Article Mocks News Headlines With Absurd Claims
13341,Toxic video shoot: more chaos than a Britney concert.,Video Production Often Results in Unpredictable and Chaotic Scenes
25704,Islamophobia and Charlie Hebdo? What could possibly go wrong in that discussion?,Islamophobia and the Charlie Hebdo Shooting: A Complex and Controversial Debate
6115,bush to sacrifice own life for good of nation,President Bush Signs Executive Order to Address National Security Concerns
18265,"Dems claim DACA deal, Trump tweets chaos, government at its finest.",Democrats and Trump Administration Reach DACA Deal Amid Ongoing Political Debate
23809,Rare Pokemon causes stampede in Taiwan—adults revert to primal instincts over digital creatures.,Taiwan Residents Report Frustration Over Overwhelming Digital Presence of Pokémon
16766,"Five numbers that don't limit you? Unless you're bad at math, then they do.",Five Basic Arithmetic Operations Remain Essential Skills for Everyday Life
22850,Trump might actually help people? Hold your breath—this could be the miracle we've been waiting for.,Critics Question Trump's Ability to Effectively Address Social and Economic Issues
25216,"Bill Nye criticizes CNN for platforming a climate skeptic on Earth Day, because balance means giving equal time to facts and fiction.",Bill Nye Criticizes CNN for Balancing Climate Skepticism With Fact-Based Reporting
7219,report: more american fifth-graders taking gap year to unwind before middle school,Many American Fifth-Graders Take Gap Year to Relax Before Starting Middle School
19812,"Because picking a financial advisor is as simple as asking three questions, right?",Financial Advisors Often Require More Detailed Questions Than Simple Queries
18190,"In a rare event, constituents in a red district actually question a congressman. How dare they?",Constituents Question Congressman in Red District
12491,acoustic-guitar-wielding trump tells congress 'this here's the story of america',Trump Claims Acoustic Guitar Is Symbolic of American Storytelling
20298,Iowa teenager innocent of health care crash – blame the usual suspects.,"Iowa Teen Accused of Healthcare Crash, Experts Point to Common Causes"
24597,Calling women girls? It's totally respectful and not infantilizing at all.,Critics Argue That Using 'Girl' Instead Of 'Woman' Is Not Respectful
10996,report: everything you've ever wanted has been right in front of you all along,Study Finds People Often Overlook Opportunities Due to Familiarity
14260,Democrats meet in Iowa again—because one forum wasn't enough to bore voters.,Democrats Convene in Iowa for Presidential Debate
1545,mother provides adult son with list of questions to ask doctor,Mother Asks Son to Ask Doctor Questions Before Surgery
2638,terrorism fan site full of spoilers,Online Forums and Websites Frequently Contain Spoilers for Popular TV Shows and Movies
15291,George and Amal Clooney look stunning in NYC—as if we needed another reason to feel inadequate.,George and Amal Clooney Attend NYC Gala
8856,man finally able to forgive self for terrible mistake he made 2 seconds ago,Man Quickly Forgets Mistake After Realizing It Was Just a Minor Error
26329,Hillary Clinton tells fifth-grader about bullies – because her scandals are just like schoolyard teasing.,Hillary Clinton Addresses Fifth-Grader About Bullying and Harassment
4226,taliban leaders already know which westernized schools the first to go as soon as u.s. troops leave afghanistan,Western Military Presence in Afghanistan Remains High Despite U.S. Withdrawal
22073,HuffPost headline quiz: test your memory of last week's forgettable news.,HuffPost Quiz Tests Readers' Memory of Recent News
8014,texas to execute death row inmates with new 3-drug molotov cocktail,Texas Announces New Execution Method Using Three-Drug Molotov Cocktail
25870,The ocean's gentle giant: totally not a 50-ton predator with a taste for seals,Satirical Article Mocks Ocean Monster Stereotypes With Fictional Giant Sea Creature
7187,towels across water park lounge chairs mark family's ironclad claim,Family Claims Towel Marked Water Park Lounge Chairs
27470,"Trump's bad tweets help puppies and kittens: every offensive tweet saves a pet, it's a trade-off!",Trump's Twitter Account Generates Significant Media Attention and Public Interest
2758,experts recommend changing batteries in smoke detector every 6 fires,Experts Recommend Changing Smoke Detector Batteries Every 6 Years
23659,Trump moves embassy to Jerusalem—the solution to all Middle East problems!,Trump Administration Announces Move of U.S. Embassy to Jerusalem
12497,jogging-suit shortage threatens nation's seniors,Widespread Jogging Suit Shortage Hits Seniors
3364,baby doesn't realize it's a white supremacist yet,Baby Born With White Skin Tone
11299,q-tips introduces new multi-speed electric ear swab,Q-Tips Announces New Multi-Speed Electric Ear Swab
22154,"Public education emergency so dire, it might close next Tuesday.",School Closure Threatens Public Education System
4764,nate silver projects super tuesday results using microscopic electorate grown in petri dish,Nate Silver Projects Super Tuesday Results Using Statistical Models
9197,buoyant force on area object equal to weight of water displaced,Buoyancy Principle Demonstrates That Objects Float in Water
12396,gop candidates fiercely divided over how much voltage border wall should be electrified with,GOP Candidates Clash Over Border Wall Funding and Voltage Levels
9720,employee who likens self to tv's 'house' fired,Employee Fired After Manager's Comments About House
13864,Why did private security treat Standing Rock protesters like jihadists? Perhaps they confused water with weapons.,Private Security Forces Clash With Standing Rock Protesters
27577,An 'inquiry'? How bold and decisive. I'm sure Trump is shaking in his boots.,Trump Administration Faces Scrutiny Over Alleged Lack of Transparency in Government Investigations
12553,"closeted soldiers getting in last clandestine rendezvous before 'don't ask, don't tell' repealed","Military Repeals 'Don't Ask, Don't Tell' Policy"
15114,"Processing the facts: Ferguson's legacy might be a few changes, or nothing at all, who knows?",Ferguson Protests Continue Amid Ongoing Debate Over Police Accountability
24629,"After a beauty pageant, racism conveniently 'reared its head,' as if it had been napping politely until then.",Beauty Pageant Contestant Faces Racism After Winning Competition
23681,Charlottesville Goddam: A Pertinent and Nuanced Analysis of Recent Events,Charlottesville Unrest: A Complex and Controversial Series of Events
17213,Sanders ramps up spending to catch Hillary – proving that campaign finance reform is just a suggestion.,Sanders Campaign Increases Spending Amid Controversy Over Democratic Party Finance
23856,Don't forget this when overwhelmed—like you have time to remember anything.,Overwhelmed Individuals Often Struggle to Remember Important Details
28246,Sixteen states unite to protect women's health by suing over... something about Planned Parenthood.,Planned Parenthood Faces Lawsuits Across the United States Over Controversial Policies
9201,report: shopoholism may have killed the shoposauruses,Report Highlights Widespread Consumer Spending on Luxury Goods
23934,Trump's Twitter feed: How anti-Muslim videos find a cozy home.,Trump's Twitter Feed Features Anti-Muslim Videos
4616,forensic evidence shows signs of feeble struggle,Forensic experts analyze evidence to determine the cause of death
493,shitty human being blames decreased daylight this time,People Often Use Seasonal Changes to Rationalize Poor Mental Health
5173,"stock analysts confused, frightened by boar market",Stock Market Volatility Raises Concerns Among Analysts
3358,you the newest subsidiary of kraft foods,Kraft Foods Announces New Subsidiary to Expand Product Portfolio
7054,nancy pelosi planning to reenergize house by injecting self with blood of young representatives,Pelosi Announces Plans to Revitalize Democratic Party
7292,"guests' chairs tilt, spray water at them during first-ever 4d state of the union address",State of the Union Address Features Traditional 2D Format
22047,"Revolutionary coffee pods: packed with protein, because who needs actual food?",Coffee Pods Contain High-Quality Protein to Boost Energy and Support Weight Loss
14938,Approved catcalls—because nothing says equality like sanctioned harassment.,Catcalls Remain a Common Form of Unwanted Harassment
7076,mom in nightgown mode,Mother Wears Nightgown to Bed
12798,area woman quietly satisfied to have concrete evidence backing up years-long hatred of matt lauer,Local Woman Expresses Satisfaction After Discovering Matt Lauer's Controversial Past
7676,"man captures ross perot, is granted three wishes",Man Grants Three Wishes to Ross Perot
20351,Charlize Theron meets the kill club: she's clearly a natural-born killer.,Charlize Theron Named One of the Most Powerful Women in Hollywood
4579,out-of-control conversation safely turned back onto self,Person Redirects Conversation Back to Themselves After Losing Interest
21565,"Lakers fan puts on Warriors jersey mid-game: loyalty so strong, it lasts one quarter.",Lakers Fan Wears Warriors Jersey Mid-Game
22418,"The Olsen twins look better in rags than you ever will, no big deal.",Olsen Twins Maintain Iconic Style and Fashion Appeal
5535,new liver complains of difficulty working with lou reed,Lou Reed's New Album 'The Raven' Released
14749,Healthcare confusion part III: the uninsured and illness; just a tiny bit complicated.,Healthcare System Struggles to Address Uninsured and Ill Patients
10622,"ex-boyfriend hopes to still be terrible, incompatible friends",Man Struggles to Form Healthy Relationships After Ex-Partner
25549,"These posts highlight the terrible double standard in handling black death, as if we needed more proof of inequality.",Historical Comparison Highlights Persistent Inequality in Response to the Black Death
13702,"Miley and Liam kiss on New Year's, and the world is utterly shocked and amazed.",Miley Cyrus and Liam Hemsworth Reportedly Kiss on New Year's Eve
4655,entirety of man's personal data protected by reference to third season of 'the west wing',Man Claims Personal Data Protected by Reference to 'The West Wing'
12621,world doesn't even know who to admire anymore after tom hanks murders 5,Tom Hanks Continues to Receive Critical Acclaim and Awards for His Acting Work
9669,"obama delivers whispered, untelevised speech on gun control",Obama Addresses Gun Control Debate in Private Meeting With Congressional Leaders
27281,Rover encounters minor issue and wisely returns.,Satirical Article Mocks Overly Optimistic Rover Mission Reports
19944,"Addressing sexual assault in college sports is totally a distraction – from what, winning games, obviously.",College Sports Teams Face Scrutiny Over Sexual Assault Allegations Amid Ongoing Debate Over Athletic Integrity
19033,The Double meets Christmas: a festive tale of identity and mirrors,The Double Meets Christmas: A Holiday Story About Identity and Reflection
8212,candidate to accuse opponent of racism just to see what happens,Political Candidates Often Use Tactics of Racism Allegations to Gain Media Attention
21706,"Progressive prosecutors win primaries in North Carolina, proving the system is totally open to change and not rigged at all.",North Carolina Voters Cast Ballots in Primary Elections
11195,"surgeon pretty bummed about losing patient, but it not like they were good friends or anything",Surgeon Expresses Sadness Over Patient's Death
17941,"Capitalism is so great, it turns inequality into a fireworks show for society!",Critics Argue Capitalism Fosters Inequality Through Unequal Distribution of Wealth and Opportunities
15446,Want to make a difference? Simple: avoid becoming a hedge fund manager—because exploiting markets is so last century.,Hedge Fund Managers Face Scrutiny Over Market Manipulation and Regulatory Concerns
5034,"'the case, mr. kerry, give me the case,' demands malaysian ambassador holding dangling john kerry from petronas towers skybridge",Malaysian Ambassador Requests John Kerry to Address Malaysia's Concerns Over US Drone Strikes
10375,editors of 'good car' magazine: 'the 2013 hyundai sonata is a good car',Hyundai Sonata 2013 Review: A Solid Midsize Sedan With Strong Features
19585,Man shows up with gun at Alton Sterling memorial – a peaceful and thoughtful tribute.,"Man Arrives at Alton Sterling Memorial With Gun, Sparks Controversy"
15185,"In a stunning display of strategic brilliance, the team's secret code was... song lyrics.",Team Uses Song Lyrics as Secret Code to Conceal Message
902,college freshman has friend from home visiting way too soon,College Freshman Arrives Home Early After Visiting Friend
11865,decision to circle parking lot produces carbon emission that finally does it,Parking Lot Residents Frequently Drive Around to Find Available Spaces
8777,full-time mom drunk on the job,Full-Time Mother Frequently Works While Under the Influence of Alcohol
5324,unlikely team of allies unite to take on airport gate agent,Airport Security Agents Reportedly Clash With Gate Agent Over Passenger Disruption
27466,How to tell if Hillary keeps trade promises: read her tea leaves or poll results.,Evaluating Hillary Clinton's Trade Policy Performance
5438,obama to take break from stumping to preside over united states,President Obama Takes Break From Campaign Trail to Focus on Domestic Policy
6805,freedom-wielding high schooler freedoms down 16 classmates in latest mass freedoming,High School Student Arrested for Allegedly Assaulting Classmates
17302,"Dog dreams of something tasty – probably the meaning of life, or just bacon.",Dog Dreams About Bacon
21436,Nationals win over Braves fan—their primary mission.,Nationals Win Over Braves Fans
26871,Trans in Trumpland: Election Wins = Hope? Let's Not Get Carried Away,Trump Campaign Sees Election Victory as Political Momentum Builds
6891,tesla debuts carless driver,Tesla Launches Autopilot Feature for Self-Driving Cars
13684,"We're perfectly safe, no improvements needed.",Company Says Existing Software Is Fully Functional and Does Not Require Updates
21394,Interfaith efforts in the Central African Republic: because who needs practical solutions when you have prayers?,Interfaith Dialogue and Prayer Initiatives in Central African Republic Focus on Spiritual Healing and Community Building
25205,"Pope Francis weeps for Rohingya refugees, showing that tears are the new policy.",Pope Francis Visits Rohingya Refugee Camps in Bangladesh
5025,"area man could have sworn randy newman sang welcome back, kotter theme",Man Mistakenly Identifies Randy Newman Song After Hearing It in TV Show
3311,area woman didn't say that; you said that,Woman Claims Man Said Something She Didn't Say
22612,Bill Maher: pet causes are the virus infecting Democrats with Trump.,Comedian Bill Maher Criticizes Democrats for Being Infected by Trump's Policies
22511,"Immigrant youth bestow the Donald Trump Award on Dianne Feinstein for her... let's say, 'unique' policies.",Immigrant Youth Express Disappointment Over Senator Dianne Feinstein's Support for Trump Policies
5478,weird birthday boy blowing out candles wishes for john hickenlooper to win democratic primary,Colorado Congressman John Hickenlooper Campaigns for Democratic Nomination
14925,14 reasons Pharrell is a fashion icon? Can we have 14 reasons why not?,Pharrell Williams Continues to Dominate Fashion Industry With Enduring Success
20451,"Surging battery demand drives business to South America—yay, new colonies for the green revolution!",Growing Global Energy Demand Drives Expansion of Renewable Energy Projects in South America
15969,Spring skiing in Vermont: just a little mud.,Vermont Ski Resorts Experience Heavy Spring Mud and Debris
2886,breaking: friend who just got motorcycle already dead,Motorcycle Rider Dies After Crash
6034,nasa administrator announces he will open his body up to sexual tourism,Satirical Article Imagines NASA Administrator Opening Himself to Sexual Tourism
4981,stolen tour bus leads police on chase of historic downtown philadelphia,Police Chase Tour Bus Through Historic Downtown Philadelphia
24178,Preventing madmen from nukes: an innovative idea that's never been considered.,Experts Highlight Need for Effective Nuclear Non-Proliferation Measures
25533,"Jack Lew's imminent decision to honor Hamilton and a woman on bills shows how progressive America is, ignoring all other issues.",Jack Lew Announces Plans to Honor Alexander Hamilton on U.S. Currency
7096,temp replaced with cheaper temp,Company Offers Discounted Temporary Work Arrangements
18241,Trump fires campaign manager; shocker that it didn't happen sooner.,Trump Fires Campaign Manager Amid Ongoing Political Turmoil
12448,vacationing bush accepts republican nomination via live satellite feed,Satirical Article Imagines Bush Accepting Republican Nomination via Live Satellite Feed
25903,"The iPhone Graveyard: where old phones go to die, and Apple introduces a new one.",Apple Continues to Release New iPhone Models
3195,study finds having it all leading indicator that everything will come crashing down,Study Finds Having It All Is Not a Reliable Indicator of Success
21873,"Ted Cruz champions states' rights on marijuana, proving once again that principles are flexible.",Ted Cruz Advocates for States' Rights on Marijuana Policy
10331,horatio sanz sweeps latin emmys,Horatio Sanz Wins Latin Grammy Award
15702,"Iranian jail so welcoming, professor ends up hospitalized after months.",Professor Hospitalized After Months in Iranian Prison
5816,acid trip better planned than vacation,Travelers Often Struggle With Planning and Organization During Trips
27895,Trump sends fundraising email? The billionaire needs your spare change.,Trump Campaign Launches Fundraising Email Campaign
22215,Siri's new thing: because privacy is overrated.,Apple Introduces New Privacy Features in Siri
3790,dog meets owner at door in desperate attempt to get ahead of diarrhea-rug scandal,Dog Attempts to Sneak Past Owner to Get to Bathroom Before Diarrhea
9205,u.s. improves infrastructure with transnational power strip,Satirical Article Imagines U.S. Investing in Transnational Power Strip to Improve Infrastructure
17515,"Five reasons to love Bibhu Mohapatra: 1. He's a designer. 2. ... that's all, folks.",Bibhu Mohapatra is a Fashion Designer
13755,"Beyoncé, me, and that HBCU I didn't attend. What a dream team.",Beyoncé and Friends Celebrate College Graduation
15680,How a Broken Taillight Leads to Death: America's Justice System in Action,Fatal Crash Highlights Need for Improved Road Safety Enforcement
16057,"Legionnaires' disease kills seven and sickens 86 in NYC. But hey, at least it's not *everyone*.","Legionnaires' Disease Outbreak in NYC Claims Seven Lives, Sickens 86"
5601,mom reports that hometown actually has a lot going on now,Local Hometown Continues to Thrive With New Businesses and Community Events
14703,The Weather Channel offers an escape from election drama. Because nothing says 'escape' like a hurricane warning.,Weather Channel Warns of Hurricane Ahead of Election Day
7081,giant bass hates having picture taken,Fisherman Captures Large Bass in Lake
26410,One student transforms black identity for all high schoolers.,High School Students Often Adopt Black Identity to Blend In
22521,These Sikh bhangra dancers will cure your winter blues. Nothing like energetic dancing to forget about snow.,Sikh Bhangra Dancers Perform Traditional Dance to Lift Winter Mood
15359,Theory versus truth: the eternal battle where theory always wins in academia.,Academic Theories Often Outshine Facts in Research and Publication
25382,"Guardian cuts costs, because journalism is swimming in cash.",News Organizations Face Financial Pressures Amid Declining Ad Revenue
10872,37-year-old makes absolutely heartbreaking last-ditch effort to get really into new band,Local Man Attempts to Rekindle Interest in Old Favorite Band
25556,"Fyre Festival co-founder has a history of failing his customers, which is barely worth mentioning.",Fyre Festival Founder Defends Business Amid Criticism Over Failed Events
7959,man's heart stops as speaker asks audience to turn to person next to them,Man's Heart Stops During Public Lecture
10890,flock of suicidal geese drinking up the courage to down jetliner,Passengers Reportedly Feel Fearful After Seeing Geese on Flight
26837,Still just a promise? Historic indeed.,Satirical Article Mocks Promises With Fake 'Historic' Announcement
2423,housing crisis vindicates guy who still lives with parents,Many Young Adults Struggle to Afford Housing Amid Housing Crisis
24986,CNN cuts ties with Kathy Griffin; because controversy is bad for ratings.,CNN Cuts Ties With Kathy Griffin Following Controversial Image
22566,"An argument between grandmas ends in a shootout at Walmart. Just your average Tuesday in Texas, promoting family values.",Grandma and Grandson Clash Over Family Ties at Texas Walmart
906,kinko's patron pulls the old copy-key switcheroo,Customer Switches Kinko's Copy Machine Keys
25101,Let's talk about solar power and equity? Because nothing says equal access like high-cost renewable energy.,Solar Power Faces Challenges in Achieving Equitable Access to Renewable Energy
21945,"Jeff Sessions mocks Pacific islands while a poet schools him on resistance – poetry vs. politics, who wins?",Jeff Sessions Defends Pacific Island Nations Amid Criticism of U.S. Foreign Policy
6734,historic senator robert byrd imploded in controlled demolition,Senator Robert Byrd Dies at 92
7252,tinder announces app will no longer match users solely with distant relatives,Tinder Announces App Update to Focus on Matching Users With Close Friends and Acquaintances
22515,How to become a person of influence: 1. Be born influential. 2. Done.,Becoming Influential Requires Consistent Effort and Engagement
9827,local child amuses cafébut for how long?,Local Child Entertains Café Patrons With Playful Behavior
16638,"Man claiming to be Boko Haram leader appears. A shocking development, truly unexpected and unprecedented.",Man Claims to Be Boko Haram Leader in Nigeria
8561,drunk guy knows all the lyrics to this song,Man Recognizes Song Lyrics After Hearing Them While Drunk
1309,auto industry agrees to install brakes in suvs,Automakers Agree to Install Anti-Lock Braking Systems in SUVs
23201,A 17-year-old wins the first U.S. gold—because nothing beats youthful exuberance in a sport nobody watches.,17-Year-Old Wins First U.S. Gold Medal in Youth Olympic Sport
5645,dean mentions he'd make a great secretary of health and human services,Former Dean Announces Candidacy for Secretary of Health and Human Services
4591,islamic fundamentalists condemn casual day,Islamic Fundamentalists Condemn Casual Day as Un-Islamic
13007,pediatricians announce 2011 newborns are ugliest babies in 30 years,Pediatricians Report 2011 Newborns Are Among the Most Unattractive in Decades
20400,Trevor Noah skillfully highlights the profound wisdom in Republican conspiracy theories.,Trevor Noah Addresses Conspiracy Theories in Latest Comedy Special
14078,The Norwegian curling team should win gold for their pants: fashion is more important than curling.,Norwegian Curling Team Competes in World Championships
26248,"Invite customers to the boardroom, they'll love discussing quarterly reports.",Corporate Leaders Often Use Boardroom Meetings to Discuss Quarterly Financial Reports
28311,Rolling Stone reporter nostalgically recalls when her UVA rape story came crashing down— such a memorable moment.,UVA Rape Case Sparks Outrage and Public Debate
3416,taylor swift inspires 200 million fans to register to vote in tennessee,Taylor Swift Campaigns for Tennessee Voters
11331,report: middle class running dangerously low on things to be squeezed out of,Middle Class Reports Declining Standard of Living and Increasing Financial Stress
18451,"World to brace for endless Chinese market drama, yay.",Global Markets Face Uncertainty Amid Ongoing Trade Tensions Between China and the West
5288,nation admits it probably going to come out of this having learned completely wrong lessons,Experts Warn That Many People Will Not Learn From Their Mistakes
28087,shark attack claims life of some guy on tv,Shark Attack on Television Character Claims Victim's Life
28523,"'star wars' gopro video 'shows' what it's like to be a jedi, if you think waving a stick around equals mastering the Force",Gopro Video Showcases Jedi Training in Star Wars
6769,"woman longs for caress of boyfriend's dry, cracked, bleeding hands",Woman Expresses Desire for Physical Touch With Boyfriend
21473,"Abused dog sees rescuer for first time. Cute, I suppose.",Rescuer Helps Abused Dog After Years of Neglect
16091,"Exclusive: Former Congressman fired for misconduct—because politicians never do anything wrong, right?",Former Congressman Faces Criminal Charges for Misconduct
18601,Obamacare enrollees eagerly await the Supreme Court's life-or-death decision on their coverage.,Obamacare Enrollees Wait for Supreme Court Ruling on Health Insurance Coverage
18849,Brave adventurer embarks on a perilous journey to... cross a designated geopolitical boundary. The world holds its breath.,Travelers Navigate Complex International Borders
19082,13 t-shirt slogans that might just mildly encourage a few passersby.,Common T-Shirt Slogans Often Focus on Basic Promotional Messages
2808,missing park ranger found in better-paying job,Former Park Ranger Leaves Job for Higher Pay
24674,"The 10 most crushworthy leading women in YA, a list that absolutely won't ignore the 200 other amazing characters because they weren't love interests.",Popular YA Fiction Features Strong Female Characters Beyond Romantic Leads
5899,male gaze falls on buffalo chicken bites,Man's Eye Captures Image of Buffalo Chicken Bites at Restaurant
22870,The amazing things that happened when I started yoga at 85—because nothing says 'ageless' like not dying during downward dog.,Yoga Enthusiast Experiences Unexpected Benefits After Starting Practice at 85
13930,Ex-counterterrorism chief courageously labels Trump a 'coward' for firing Comey – from the safety of his desk.,Former Counterterrorism Chief Criticizes Trump's Decision to Fire Director Comey
16282,"Rubio's opponents finally remember his immigration stance, better late than never.",Rubio Campaign Highlights Immigration Stance Amid Controversy
1859,nicole richie's beautiful figure ruined by pregnancy,Nicole Richie's Weight Gain During Pregnancy Raises Concerns About Her Health and Appearance
20467,CC Sabathia opens up post-rehab—the world eagerly awaits his profound life lessons.,CC Sabathia Returns to Yankees After Rehab
5251,nasa designers release flirty new space skirt,Satirical Article Imagines NASA Designing Space Suit
479,"charles krauthammer has ashes spread over prosperous, liberated iraq",Charles Krauthammer Criticizes Iraq's Progress
11708,cnn anchor interviews al jazeera anchor who interviewed libyan rebels,CNN and Al Jazeera Report on Libyan Rebel Leaders
8285,alpha-bits now available in serif font,New Font Style Available for Alpha-Bits
23214,Trump turns FBI email news into a Clinton attack ad—because nothing says 'presidential' like petty politics.,Trump Campaign Uses FBI Email Scandal to Launch Political Attack on Clinton
17879,Disturbing ad shows how Trump is teaching students to hate – because nothing fosters patriotism like division.,Satirical Article Mocks Trump's Anti-Patriotism With Fake Ad
18081,"HuffPost seeks editors to make sure 'voices' are heard, preferably ones that don't contradict the owner's views.",HuffPost Asks Editors to Review Articles for Bias and Ensure Voices Are Heard
6642,hershey's unveils some new chocolate bullshit for you to cram into your fat maw,Hershey's Introduces New Chocolate Product Line
18656,"Prince opens LGBTQ center on royal land—royalty embracing progress, how quaint.",Prince Charles Opens LGBTQ Center on Royal Estate
933,john deere unveils new line of lawnmower sidecars,Satirical Article Imagines John Deere Introducing Lawnmower Sidecars
15350,"You'll want to get inked after seeing this work, unless you have taste or common sense.","Artwork Features Bold, Vibrant Colors and Dynamic Composition"
5554,steve king vehemently denies comparing immigrants to people,Author Steve King Denies Comparing Immigrants to People in Latest Statement
5044,dancing costumed midgets celebrate death of deng xiaoping,Satirical Article Imagines Midgets Celebrating Deng Xiaoping's Death
1936,oddsmakers say oakland raiders a long shot to finish season,Oakland Raiders Expected to Finish Season After Disappointing 2023 Season
3381,zuckerberg wishes old people would stop commenting on facebook,Facebook Users Frequently Criticize Older Adults for Posting on the Platform
14623,"A brilliant analysis linking climate change to a singer's preferences, truly groundbreaking science.",Satirical Article Mocks Climate Change Conspiracy Theories With Fictional Study Linking Climate Change to Singer's Music Preferences
1980,wistful kim jong-un stumbles onto childhood drawings he made of nuclear attacks on west,Former North Korean Leader Kim Jong Un Depicts Nuclear Threats in Childhood Artwork
21485,Because what the world needs is another podcast where robots discuss their butler problems.,Satirical Article Imagines Robot Butler Podcast
27671,"man returns to work after vacation with fresh, reenergized hatred for job","Employee Returns to Work After Vacation, Expresses Frustration Over Job"
110,rnc taps dennis hastert to lead new youth outreach program,Republican National Committee Announces New Youth Outreach Initiative
4359,open-minded voter waits almost 5 minutes into debate to decide who won,Voter Takes Time to Decide Who Won After Waiting 5 Minutes to Cast Ballot
469,creepy weirdo still stalking you on facebook,Facebook User Reports Persistent Stalking by Stranger
12875,friend takes liberty of ordering $40 worth of appetizers for entire table,Friend Orders $40 Worth of Appetizers for Entire Table
6783,"'chapter 1: clark,' reports awful manuscript",Author's First Chapter of Novel Receives Negative Reviews
5939,adorable 23-year-old yelling about economic injustice must have just read howard zinn for first time,Young Adult Expresses Frustration Over Economic Inequality After Reading Howard Zinn
3249,jennifer aniston finally reveals hairstyle that repulsed brad pitt,Jennifer Aniston's Recent Hairstyle Has Been Criticized by Brad Pitt
28217,TPP: perfectly clear and not controversial at all.,Trans-Pacific Partnership Agreement Faces Scrutiny Over Concerns Over Trade and Intellectual Property Protections
22663,Mike Pence left out in the cold – guess he didn't convert the VIPs.,Mike Pence Faces Criticism for Excluding High-Profile Guests at White House Events
14869,Apple slightly encourages wearable tech with a minor product update,Apple Announces Minor Update to Wearable Technology Lineup
20564,"Google's expansion in Boulder has its critics? Shocking, a tech giant facing opposition—truly unprecedented.",Google Expands Boulder Office Amid Criticism Over Environmental Impact
10828,"'someone in this room tonight will be murdered by an illegal immigrant,' announces trump just before lights go out",Trump Makes Anti-Immigrant Rhetoric Ahead of Election Night
7670,"$85,000 in fertility treatments result in miracle",High Cost of Fertility Treatments Leads to Financial Strain for Many Couples
18716,How my obsession with gore and death actually makes my life better – who needs happiness when you have morbidity?,Many People Find Morbid Fascination With Death And Violence Enhances Their Lives
10895,poll: majority of americans ready to give up on u.s. if someone else goes first,Poll Shows Majority of Americans Prefer to Vote for Foreign Candidates Over U.S. Citizens
23274,Groundbreaking queer comedy is back? Because we needed more groundbreaking content.,Queer Comedy Returns With New Series
1514,area man absolutely determined to use wheelbarrow this weekend,Local Man Plans to Use Wheelbarrow This Weekend
203,plan to live in storage facility voiced,Man Plans to Live in Storage Facility
25710,"Oh, Bobby Berk's desk makeover was 'incredible'—now my office looks like a Pinterest fail.",Office Decor Trends Often Clash With Personal Style
23993,Jenner calls out Kimmel for jokes—because nothing says 'respect' like suing for comedy.,Jenner Sues Kimmel for Comedy Jokes
16674,Boy George opens up about happiness and U.S. politics—because we all need his political analysis.,Boy George Discusses Happiness and Politics in New Interview
10476,"india continues surge towards status as first world nation by reelecting racist, right-wing authoritarian",India Continues to Struggle with Economic and Social Inequality
12218,high-school teacher constantly using janitor as example,High School Teacher Uses Janitor as Example to Illustrate Classroom Management
24815,Oxford's Word of the Year gently whispers what we're all screaming inside.,Oxford's Word of the Year Announces 2023's Official Word of the Year
4813,dad's been on a parenting kick lately,Many Dads Report Increased Stress and Anxiety Following Parenting Milestones
28262,Clinton celebrates flag removal on MLK Day: nothing says 'civil rights' like symbolic gestures.,Clinton Administration Removes American Flag From White House Following Martin Luther King Jr. Day
17132,"Boy calls 911 to ask deputies over for family's Thanksgiving dinner – just a casual family invitation, no emergency here.",Boy Calls 911 to Request Family's Thanksgiving Dinner
10387,cubans: new dictator doing it all wrong,Cuban Government Faces Criticism Over Human Rights Record and Economic Challenges
16558,"This is what Super Mario looks like without hair, and people are freaked out: because virtual mustaches are sacred.",Super Mario Without Hair Is a Common Visual Variant
14668,Seth Meyers' not-so-subtle message to Trump: as subtle as a neon sign.,Seth Meyers Criticizes Trump's Style and Tone in Latest Monologue
5895,area man nostalgic for time when ads targeting him not as sad,Local Man Expresses Nostalgia for Past Ad Targeting
13863,"Torture report: America's moral reckoning. Next, moral repair? Good luck with that.",Report Highlights Ongoing Moral Turmoil in America
3485,content writer awkwardly shows parents around website where he works,Content Writer Tours Company Website to Introduce Himself to Colleagues
28286,new 'cut off your genitals' challenge gains popularity among teens online,Teen Challenge Gains Popularity Among Online Users
21541,Why I couldn't let breastfeeding go: my child was clearly developing superpowers from that milk.,Breastfeeding Benefits for Children
19057,Thousands of pigs rescued from floods. Now they can live to be bacon another day.,Floods Cause Widespread Damage to Livestock and Agricultural Land
13325,"Sookie's fault? Shockingly, Bon Temps blames the vampire.",Bon Temps Residents Blame Vampire for Sookie's Death
28464,mitt romney soars in polls after leaving country,Mitt Romney Maintains Strong Lead in Polls Following Departure from the United States
28162,NFL's genius solution to a self-made problem.,NFL Addresses Player Safety Concerns Through Rule Changes
9171,"pakistani boy, u.s. drone form unlikely friendship",U.S. Drone Strikes in Pakistan Result in Widespread Casualties
19660,"Another day, another delightful batch of Clinton emails to endlessly pore over",Clinton Emails Remain a Major Focus of Congressional Investigations
4619,facebook vows not to hand over users' medical records to government,Facebook Announces Plans to Protect User Data Amid Government Scrutiny
18173,"J Balvin, Nicky Jam say they changed the notion that reggaetón is misogynist – yes, because lyrics about women are suddenly feminist now.",Reggaeton Artists J Balvin and Nicky Jam Address Criticism Over Lyrics
7410,hospital comforts patients with new therapy oyster program,Hospital Introduces New Therapy Program to Support Patients
10616,man actually shouting at other man to get jennifer aniston romantic comedy made,Actor Asks Director to Cast Jennifer Aniston in Romantic Comedy
121,monocle-wearing oil baron's cigarette holder splinters in clenched teeth after hearing bernie sanders' environmental platform,Oil Industry Executive Criticizes Bernie Sanders' Environmental Agenda
13336,Will Ferrell's break-in: charity never looked so criminal.,Satirical Article Mocks Will Ferrell's Break-In With Humorous Commentary
3934,liberal activists encourage citizens to call their late-night hosts and urge them to oppose tax plan,Liberal Advocates Urge Late-Night Hosts to Oppose Tax Plan
20385,Step 1: Pretend it didn't happen. Step 2: Repeat step 1.,People Often Repeat Unchanged Behaviors After They Realize They Made a Mistake
1277,personal assistant called after scary dream,Employee Reports Nightmares After Working Late Shift
15797,California police chief lashes out at DHS – because cooperation is overrated.,California Police Chief Criticizes Department of Homeland Security Over Cooperation
1528,pope asks to be taken off list of world's 100 richest people,Pope Francis Requests to Be Removed From List of World's 100 Richest People
20790,"Oh, a MOOC by another name? How revolutionary—we're all just lining up for more online education.",MOOCs (Massive Open Online Courses) Continue to Gain Popularity and Widespread Adoption
12476,blood-spattered sarah huckabee sanders holds up huge dismembered penis to prove presidential member completely normal,Sarah Huckabee Sanders Faces Scrutiny Over Alleged Inappropriate Behavior
16742,One year since Harambe? The internet's grief is as fresh as ever. Literally.,Public Grief Remains Intense One Year After Harambe's Death
13841,"China as a superpower: everyone's just fine with that, no concerns at all.",China Continues to Rise as Global Superpower
8515,ai scientists theorize existence of numbers greater than 1,Researchers Explore Mathematical Concepts Beyond Basic Arithmetic
7583,waitress creeped out by overtipper,Waitress Receives Excessive Tip From Customer
7098,name of gay bar should have been clearer,Local LGBTQ+ Community Expresses Frustration Over Bar Name
13324,"City's brilliant plan: free pot for the poor, what could go wrong?",City Announces Free Pot Program to Address Poverty and Homelessness
8813,russia's power shut off,Russia's Power Grid Faces Severe Disruptions Amid Ongoing Conflict and Economic Crisis
18974,Sen. Mike Lee says Trump is 'fully cooperating.' Because nothing says cooperation like constant stonewalling.,Sen. Mike Lee Criticizes Trump's Handling of Senate Investigations
25882,"Writing life: all hugs, peace, and pray—no deadlines, rejections, or existential dread here!",Many People Find Solace in Routine Daily Tasks and Routine Life
19658,"A heartfelt letter to the mother of a woman killed by Nazis, how quaint",Satirical Article Mocks Anti-Semitism With Fictional Letter to Mother of Holocaust Victim
15759,A parody so accurate it predicts the next four years of presidential comedy.,Satirical Article Mocks Political Comedy with Predictive Parody
9797,gina haspel nervously rubs lucky prisoner's foot during cia director confirmation hearing,Gina Haspel Testifies Before Senate Intelligence Committee
11264,ice cream man hopes scott joplin is in hell,Ice Cream Vendor Expresses Frustration Over Unpaid Customers
24873,A few vaguely helpful pointers that will definitely transform your gym experience from mediocre to slightly less mediocre.,Gym Tips to Help You Improve Your Workout Experience
18615,Unpopular opinion: The SAT is great—said no student ever.,Many Students Dislike the SAT
11492,woman getting stood up on first date got all drunk for nothing,Woman's First Date Ends in Disappointment After Being Stand-Up About Drinking
13100,10 grandma lessons that will transform your existence.,Grandma's Wisdom and Advice Offer Practical Guidance for Younger Generations
16162,"Video: #ICantBreathe poem on House floor – because words change everything, right?",Congressional Poet Recites #ICantBreathe Poem on House Floor
26125,"On Memorial Day, a look inside the lives of U.S. service members in Afghanistan? Perfect way to honor with pretty pictures.",U.S. Military Personnel Face Harsh Conditions in Afghanistan Amid Memorial Day Celebrations
25133,"This group wants to build a giant barrier to pull trash from the Pacific – because walls keep things out, right?",Environmental Groups Urge Construction of Barrier to Protect Pacific Ocean from Trash
6717,home-brewing phase comes to long-overdue conclusion,Homebrewers Complete Long-Running Brewing Cycle
20396,Labels that guilt-trip you about lunch? What could go wrong?,Restaurant Labels Often Use Guilt-Inducing Marketing Tactics to Promote Meals
19222,"Lincoln Chafee's poll numbers: zero supporters, a true crowd-pleaser.",Lincoln Chafee's Presidential Campaign Faces Challenges Despite Moderate Support
620,kissinger instructs palin on finer points of clandestine carpet bombing,Former Secretary of State Henry Kissinger Discusses Strategic Bombing Tactics With Sarah Palin
6106,mcdonnell-douglas unveils new 'gay-dar',McDonnell Douglas Announces New Business Strategy
1524,congress spotted leaving gay nightclub,Congressional Staff Spotted Leaving Gay Bar
8047,lucky dead student gets own page in yearbook,High School Student Receives Special Yearbook Honors for Academic Achievement
1986,button-up shirt goes on life-changing odyssey around dry cleaner's garment conveyor,Shirt Transports Through Dry Cleaner's Garment Conveyor Belt
1445,new report finds u.s. employees most engaged at workplace while working as frontman of styx,Report Highlights Workplace Engagement Among U.S. Employees
24602,"An extra couple million? Clearly, the court system is barely acknowledging his immense financial burden.",Judge Denies Request for $2 Million in Bail
25564,"Demi Lovato absolutely slays Adele's 'Hello', a cover for the ages!",Demi Lovato Releases Cover Version of Adele's 'Hello'
2102,signed 8x10 of tony danza draws millions to brooklyn dry cleaner,Brooklyn Dry Cleaner Sells Signed Tony Danza Photo to Collectors
9644,report: average person spends 27% of lifetime in the way,Study Finds Average Person Spends Most of Their Life in Routine Daily Routines
20752,Women tech writers abused online; internet remains a safe space for all.,Women Face Online Harassment and Discrimination in Tech Industry
11406,"abortion issue 'most critical of our time,' say tobacco-industry executives",Tobacco Industry Executives Urge Politicians to Address Abortion Concerns
23233,Your credit card limit affects your job prospects? Totally fair and not weird at all.,Credit Card Limits Can Impact Job Prospects
23275,Trump's adviser wants to cut NASA's climate funding? Because climate science is a liberal hoax.,Trump Administration Announces Plan to Cut NASA Climate Funding
4844,report: tv teens 15 times more likely to crack wise than real teens,Study Finds Teenagers Frequently Use Humor to Relate to Peers
2970,convention crowd really hoping bill clinton breaks tension with joke about how terrible he looks,Clinton Campaign Faces Criticism Over Bill Clinton's Appearance at Iowa Democratic Convention
19320,"Oh great, another VA scandal update—because we weren't already impressed with their efficiency.",VA Scandal Updates Highlight Ongoing Oversight Concerns
16895,Bernie Sanders to discuss gun law with parents of Aurora shooting victim? What could possibly go wrong?,Bernie Sanders to Discuss Gun Control with Parents of Aurora Shooting Victim
13337,US considers more war in Yemen: spreading democracy one bomb at a time.,US Continues Military Support for Yemeni Government Amid Ongoing Civil War
321,man discovers huge cache of rare fossils while walking through natural history museum,Visitor Finds Large Collection of Fossils at Local Natural History Museum
4401,george jefferson honored for black television history month,Satirical Article Mocks George Jefferson With Fictional Black History Month Tribute
6977,oscars committee announces plan to shorten ceremony to single-millisecond flash of blinding white light,Oscars Committee Announces Plan to Shorten Red Carpet Ceremony to Reduce Production Costs
26503,"Britain welcomes ex-president of Maldives with open arms, solving all their problems.",Britain Welcomes Former Maldivian President as Diplomatic Envoy
23528,Renaming a building: the simple fix for centuries of racism.,Renaming a Building to Address Historical Racism
27633,'Roots' remake to air Memorial Day weekend. Because what better way to honor veterans than with slavery?,Roots: The Roots of Our Struggle for Freedom to Air Memorial Day Weekend
18745,"5 ways to obsess over your running stats, because who needs hobbies?",Many Runners Obsess Over Running Statistics to Motivate Themselves
26781,Drawing your face over and over: a journey to artistic genius or mental breakdown?,People Frequently Overdraw Their Faces to Express Emotions
9176,kavanaugh starting to get worried about not hearing back after job interview,Kavanaugh Faces Uncertainty Over Potential Senate Confirmation
28415,dog in purse stares longingly at dog in yard,Dog in purse gazes longingly at dog in yard
2407,chinese factory workers fear they may never be replaced with machines,Chinese Factory Workers Express Concern Over Automation and Job Losses
19911,"Peanut butter recipes will make your life infinitely better, or at least until you run out of peanut butter.",Peanut Butter Recipes Offer Delicious and Convenient Snacks
12841,trump makes last-minute push to appeal to whites,Trump Campaign Explores Strategies to Appeal to White Voters
20869,Syrian rebels shell Aleppo after withdrawal – peace is overrated anyway.,Syrian Rebels Continue to Fight in Aleppo After Withdrawal
9174,sullen jeff sessions scrolls through minority incarceration statistics to cheer self up,Jeff Sessions Scraps Plans to Reform Prison System Amid Criticism
15898,"Debbie Robins de la Bouillerie, who was apparently a big deal, died at 58.",Local Woman Dies at 58
15472,"Judge says Trump's comments didn't influence the case. Because clearly, the President's words have no power.",Judge Dismisses Trump's Comments Regarding Stormy Daniels Case
7769,last beer in six pack drunk with plastic rings still attached,Beer Bottle Left in Six-Pack With Plastic Rings Attached After Being Drunk
1036,"despite claims, long story not made short",Long Stories Often Require Detailed Explanations
1951,new altar boy clearly not ready for spotlight of 10 a.m. sunday mass,Young Altar Boy Arrives at 10 A.M. Sunday Mass
22824,Watch Vin Diesel say 'I am Groot' in different languages – because his range is truly breathtaking.,Vin Diesel's 'Groot' Voice Acting Highlights His Versatility
8060,"'depot buys max,' nation's office-supply-loving teens text frantically to one another",Office Supply Stores Report Surge in Demand Amid Growing Teenage Consumer Spending Habits
16518,A patriotic neighbor: someone who reports your every move to authorities for the love of country.,Neighbor Spreads Rumors About Neighbor's Personal Life to Authorities
23250,Who wouldn't want to experience the sheer joy of having a miscarriage?,Woman Experiences Miscarriage
6570,blagojevich just getting started,Former Illinois Governor Rod Blagojevich Faces Criminal Charges for Alleged Corruption
26342,Why are Muslim kids scared? Could it be the pervasive atmosphere of tolerance?,Many Muslim Children Report Feeling Safe and Tolerant in Schools
7023,djimon hounsou to play every african in the world,Actor Djimon Hounsou to Star in New Film Project
5751,climate experts say only hope for saving planet lies with people who save napkins from takeout order,Environmental Experts Urge Consumers to Reduce Single-Use Napkin Usage
23182,20 funny tweets from women: prepare to mildly chuckle.,Women Share Humorous Tweets Online
7147,fleshlighthouse guides weary sailors home to realistic vaginal texture,Satirical Article Imagines Fictional Lighthouse Guiding Sailors Home to Describe Vaginal Texture
8199,apathy outpacing lust as leading u.s. state of mind,U.S. Public Shows Increasing Apathy Toward Current Events
7751,rumsfeld makes jerk-off motions as powell speaks at cabinet meeting,Defense Secretary Donald Rumsfeld Makes Facial Expressions During Powell's Speech at Cabinet Meeting
16392,"The Vergara era, part 1: how we got here. Spoiler: it was definitely not a coup.",Comedian Vivian Vergara's Rise to Fame
1379,"rare species of frog may hold cure to...ah, never mind, it's extinct",Extinct Species of Frog Discovered in Remote Region
19751,"Taylor Swift covers a classic and angers fans, as if we didn't see that coming.",Taylor Swift's Recent Album Release Sparks Criticism From Fans
15134,"UFOs at Loch Ness: finally, aliens confirm Nessie's existence.",Satirical Article Claims Loch Ness Monster Is Real
9786,new york's finest protect new york's richest,New York City's Wealthy Elite Maintain Dominant Power Over Lower-Income Neighborhoods
17629,Are there tears in your popcorn? Only if you're emotionally weak.,Popcorn Can Cause Emotional Distress in Some People
16003,"Stephen Colbert shreds Bill O'Reilly—finally, someone speaks for the landfill.",Stephen Colbert Mocks Bill O'Reilly With Satirical Commentary
8441,skittles unveils new liqui-gels for fast-acting fruity flavor,Skittles Introduces New Fruit-Flavored Liqui-Gels
27431,"Steve Wilson on 'The Making of Gone with the Wind' – let's celebrate this flawless masterpiece, shall we?",Film Historian Discusses 'Gone with the Wind' in New Documentary
6146,even business card trying too hard,Business Cards Often Overlooked or Underutilized
6584,japan spotted hovering over algeria,Satirical Article Imagines Japan Hovering Over Algeria
8450,white house begins christmas season with ceremonial lighting of cross,White House Begins Christmas Season With Ceremonial Lighting of Cross
18662,Statehouse interns enjoy unique harassment vulnerability as part of their internship perks.,Interns Often Face Harassment and Uncomfortable Work Environment During Statehouse Internships
2436,putting ice cream in bowl momentarily considered,Consumer Considers Adding Ice Cream to Bowl
13889,Dick Cheney would torture again: Because nothing says human rights like a good old waterboarding session.,Former Vice President Dick Cheney Faces Scrutiny Over Alleged Torture of Detainees
20341,10 stress-free suppers for the entire family: if your family enjoys charcoal.,Family Meals Often Feature Charcoal Grills
22019,What Obamacare's successes should tell us about its failures? Does it even matter in politics?,Obamacare's Successes Highlight Challenges in Implementing Affordable Healthcare Reform
22010,"Redditors reimagine a Donald Trump White House, and it's 'not pretty' – if by 'not pretty' you mean apocalyptic.",Critics Highlight Trump Administration's Troubled Legacy
2927,americans hopeful this will be last mass shooting before they stop on their own for no reason,Americans Express Concern Over Declining Gun Violence Rates
21357,Breadwinner mommies: are you failing? Probably.,Many Mothers Struggle to Balance Work and Family Responsibilities
21528,MLK's turbulent last year makes our problems look like minor inconveniences.,Martin Luther King Jr.'s Death Highlights Ongoing Civil Rights Challenges
21247,"Barneys pays $525,000 to settle allegations of racial profiling: a truly staggering sum that will definitely change systemic bias.","Barneys Fashion Store Faces $525,000 Settlement Over Allegations of Racial Profiling"
26126,"Climate change threatens the newest prescription for children: time outdoors? Great, so we'll just medicate with more screen time.",Parents Face Challenges in Encouraging Children to Spend Time Outdoors Amid Rising Screen Time
21877,Trevor Noah's mind-blowing theory about Sean Hannity: water is wet.,Trevor Noah Criticizes Sean Hannity's Political Commentary
28361,radio dj invites whole town to some bullshit,Local Radio DJ Hosts Community Event
5735,mohawked rex tillerson warns u.s. democracy threatened by plutocratic fascist pigs fucking over the working man,Former U.S. Ambassador to the United Nations Rex Tillerson Criticizes Plutocratic Elites
10300,"agile, dynamic company able to respond to any challenge by laying off half of staff",Companies Frequently Use Layoffs to Address Financial Pressures
2944,white to attend boat show,Local Resident Plans to Attend Boat Show
3751,sexually awakened peta president announces that being kept in a tiny cage all day actually sounds hot as hell,PETA President Announces New Campaign to End Animal Cruelty
23246,U.S. consuls already have tools to discriminate in visas? How impartial of them.,U.S. Consulates Continue to Implement Strict Visa Screening Policies
13572,"Thomas Pogge allegedly harmed Yale's philosophy department, which was previously a beacon of harmony.",Thomas Pogge Criticized for Allegedly Damaging Yale's Philosophy Department
23268,"Test your news knowledge with a quiz, because who needs to actually read news?",Many People Prefer To Learn News Through Quizzes And Online Articles
16629,Robin Hood Foundation. Stealing from the rich to give to the poor? How utterly original and never controversial.,Robin Hood Foundation Continues to Distribute Funds to Low-Income Families
19584,4 bold lip looks for spring: because why blend in when you can blind someone?,Spring Fashion Trends Highlight the Importance of Bold Lip Colors
28531,Bernie Sanders declares $15 minimum wage 'not radical' in latest attempt to sound relatable.,Bernie Sanders Announces Plan to Raise Minimum Wage to $15
8726,couple wouldn't have stayed in loveless marriage if they knew that's how kid would turn out,Couple's Decision to End Marriage May Have Been Influenced by Concerns About Their Children's Well-Being
11467,alcoholic parent easy to shop for,Parents Often Easily Shop For Their Children's Needs
17298,Ben Carson bizarrely attacks CNN host – because reasoned debate is overrated.,Ben Carson Criticizes CNN Host Over Debate
19205,"Your favorite childhood shows: the ones that were actually terrible, and you were too young to know.",Many Adults Remember Favorite Childhood Shows That Were Actually Terrible
5809,sex shop bathroom key attached to 18-inch double dildo,Sex Shop Bathroom Key Attached to 18-Inch Double Dildo
3153,new candy to hum and glow in mouths,New Candy Features Glow-in-the-Dark Technology
11774,"you can hold snake, owner reports",Snake Owner Successfully Holds Snake in Hand
18883,"Donald Trump, noted champion of Latino Americans, has graciously agreed to an interview with Univision's Jorge Ramos. How magnanimous.",Trump to Appear on Univision's Jorge Ramos Tonight
15985,May's monumental challenge: just another day for a PM.,Prime Minister May Faces Ongoing Challenges Amid Political Turmoil
14560,"MSNBC pledges diversity after Cinco de Mayo disaster, proving they're learning.",MSNBC Addresses Diversity Concerns Following Cinco de Mayo Coverage
1151,bangladesh runs out of people,Bangladesh Faces Severe Labor Shortage Amid High Unemployment Rates
21749,Tom Hanks in a musicless video is oddly watchable – who needs songs?,Tom Hanks Appears in Music Video Without Music
6449,dead facebook friend from high school still has cartman profile picture,Facebook Profile Picture Still Displays Cartman's Iconic Image From High School
21679,Happy Mother's Day to moms fighting for trans students: activism is the best gift,Moms Rally to Support Transgender Students
22317,"Wealthy donors declare that voters are irrelevant in elections, because democracy is overrated.","Wealthy Donors Dismiss Voter Influence, Claiming Democracy Is Overrated"
2101,commuter playing some sort of alphabet sudoku,Commuter Solves Sudoku Puzzle During Daily Commute
717,"green energy scientists unveil 800,000-ton potato capable of powering entire city",Researchers Develop Large-Scale Potato to Power Entire City
11523,adjusting several sliders on recording studio's mixing console pays off big time,Studio Engineer Adjusts Mixing Console Sliders to Optimize Sound Quality
21807,"What about Libya? Oh right, we only care when it's convenient.",Libya Faces Ongoing Humanitarian Crisis Amid Ongoing Conflict
10457,"obama throws small business owner into seat, tells him to just smile and keep his fucking mouth shut",Obama Administration Faces Scrutiny Over Regulatory Rollbacks for Small Businesses
5836,offbeat congressman having trouble finding committee to fit into,Congressman Struggles to Secure Committee Assignment Amid Competition for Legislative Positions
1583,movie deemed acceptable for mom and dad,Parents Report Movie Suitable for Children
5437,12% of federal government that's currently functioning to shut down,Federal Government Shutdown Continues Amid Ongoing Budget Dispute
19484,"Two Heroes Wield Lightsabers Against Fireworks, Save the Day",Fireworks Cause Minor Damage in Downtown Neighborhood
12472,heroic police officer talks man down from edge of purchasing subway footlong sweet onion chicken teriyaki,Police Officer Encourages Customer to Choose Subway Sandwich Instead of Buying Footlong
5526,man needs emotional support only a woman can feign,Man Seeks Emotional Support From Partner
19058,David Beckham stared at a camera? This changes everything we thought we knew about soccer.,David Beckham's Career and Personal Life Have Been Subject to Media Scrutiny
11763,4-year-old reportedly loved trip to italy,Four-Year-Old Boy Enjoys Trip to Italy
16118,"Mind-blowing, earth-shattering gun ad by Brian Kemp that totally didn't backfire at all",Governor Brian Kemp Launches New Gun Control Campaign
27253,Fuller House to explain Olsen twins' absence with a heartfelt 'they're too busy being rich' – so original.,Fuller House to Address Olsen Twins' Absence in New Season
21875,"Groundbreaking science reveals that celebrities, like Ryan Lochte, are prone to fibbing – shocker!",Ryan Lochte's False Story About Doping at Olympics Sparks Controversy
20527,"Firefighter who took in friend's 6 kids after he died on 9/11 gets best Father's Day gift ever. Because family is all about convenience, not tragedy.",Firefighter Receives Father's Day Gift From Family After Losing Friend on 9/11
18368,Ted Cruz hits the panic button: 'We could lose both houses' – as if that's a bad thing.,Ted Cruz Expresses Frustration Over Republican Party's Political Gridlock
21558,James Clapper says institutions under assault: from the administration that thinks truth is optional.,James Clapper Defends Intelligence Agency's Surveillance Programs Amid Criticism
27070,Best Low-Calorie Mixers: For When You Sacrifice Taste for Health,Low-Calorie Mixers Offer Healthier Alternatives to Traditional Sweeteners
1716,podcaster makes solemn promise to improve sound quality next episode,Podcaster Announces Plans to Improve Audio Quality for Upcoming Episodes
25468,The Atheist and the Nun: Can They Agree on Anything?,Atheist and Catholic Nun Discuss Religious Differences and Common Ground
28502,lab partner wants to be sex partner,Lab Partner Expresses Interest in Romantic Relationship With Colleague
16749,Therapies for insomnia? Because sleeping is so overrated.,Insomnia Treatment Options Include Cognitive Behavioral Therapy and Relaxation Techniques
17821,Charles Barkley's scooter skills: a masterclass in athletic grace that left Georgia State's coach in utter awe.,Charles Barkley's Riding Skills Draw Praise From Coach
14210,Adventures in our own backyard – exploring the wild frontiers of the backyard shed.,People Explore Backyard Shed for Hidden Treasures
24200,6 things millennials should do before buying a house: 1. Win the lottery 2. Inherit wealth...,Millennials Often Face Challenges in Securing Stable Housing
477,omarosa searches through tapes of everyone else in white house using n-word for one of trump,Omarosa Manigault-Townsend Releases Tapes of White House Staff
7168,"gwyneth paltrow reveals secret to her healthy, radiant skin eating 20 pounds of kielbasa a day",Gwyneth Paltrow Promotes Healthy Eating and Lifestyle Habits
10786,personal life a total waste of time,Many People Report Feeling Exhausted and Unfulfilled in Their Personal Lives
22714,U.S. bobsled team honors Steven Holcomb by risking their lives on ice—what a tribute!,U.S. Bobsled Team Competes in Winter Olympics
27642,You don't need to live in California to create this Venice Beach-inspired living room. Just pretend you're not in a suburb.,Transforming a Suburban Home into a Venice Beach-Inspired Living Room
26830,"Another day, another life lost in the conflict. How routine.",War Continues to Claim Lives in Ongoing Conflict Zones
15308,"A carefully crafted policy announcement that achieved total, complete success",Government Announces New Policy to Address Long-Standing Social and Economic Issues
731,inside: the fetish photography of german chancellor helmut kohl,German Chancellor Helmut Kohl's Personal Photography Collection Revealed
9503,gay rights leader lookin' good,Gay Rights Advocate Looks Confident and Well-Groomed
12913,teacher's lounge the site of 5 separate emotional breakdowns today,Teacher's Lounge Reports High Levels of Stress and Emotional Distress Among Staff
27249,Where have all the children gone? Probably to the same place as common sense in this headline.,Parents Express Frustration Over Children's Absence From Home
27785,kim jong-un's wife on nuclear threats: 'this isn't the man i was forced to marry',Kim Jong Un's Wife Criticizes Husband's Nuclear Threats
27024,Tearful Salma Hayek at a loss for words? Over Manchester attack? How profound.,Salma Hayek Expresses Emotional Reaction to Manchester Arena Bombing
9718,area man settled for,Man Relies on Existing Furniture Instead of Purchasing New Furniture
28497,cannibal corpse blasting from papal apartment window,Satirical Article Imagines Pope Francis Having a Cannibalistic Secret Life
25510,Boehner's political analysis: 'nutso'. Deep stuff.,Boehner Criticizes Obama Administration's Economic Policies
19510,"American Richard Thaler wins Nobel Economics prize. Shocking, an American wins.",Nobel Prize in Economics Announced for Richard Thaler
23388,"Indicted for hipster glasses? Finally, a crime wave we can all get behind.",Man Indicted for Theft of Hipster Glasses
2074,bin laden vineyard falling into disrepair,"Bin Laden Family's Luxury Vineyard in Wanaoche, Oregon"
2751,no one in gang has heart to tell police informant his cover's blown,Gang Members Often Fail to Report Police Informants After Cover-Up
8097,new mountain dew vows to kill 99.9% of stomach bacteria,"Mountain Dew Announces New Product Line Featuring High-Calorie, Sugar-Rich Formula"
3716,same jumbotron used for marriage proposal used to ask for divorce,Couple Uses Same Jumbotron Used for Wedding Proposal to Ask for Divorce
8637,usps unveils new line of commemorative prince-inspired postal workers,US Postal Service Announces New Line of Commemorative Postal Worker Uniforms
991,"american public clarifies rational, measured response to this terror threat doesn't preclude panicked overreaction in future",Public Response to Terror Threat Remains Overly Emotional and Excessive
25845,"Even more executives come forward to defend LGBT rights, because corporations are so progressive.",Corporate Executives Defend LGBT Rights Amid Growing Public Support
3429,white castle crave case handcuffed to wrist,White Castle Introduces New Hand-Cuffed Slider
12420,trump boys proud after mailing in hand-drawn republican ballots to north pole,Trump Administration Faces Scrutiny Over Alleged Voter Fraud and Election Interference
21089,"OMG, Duchess of Cambridge on Vogue cover, because royal fashion is crucial news",Duchess of Cambridge Covers Vogue Magazine
21245,"Moving forward from Charlottesville: just a casual, nationwide pivot away from literal fascism. No biggie.",U.S. and International Leaders Express Concern Over Rise of Far-Right Extremism
11667,yeti releases abdominable crunch workout video,Yeti Launches New Fitness Video Featuring Its Brand Name
24139,Kids changed you forever? Like that time they drew on the walls with permanent marker.,Kids' Artwork Often Remains Permanent After Initial Clean-Up
19494,Is Failure Not an Option in the Iran Deal? Seriously?,Iranian Officials Reaffirm Commitment to Nuclear Deal Despite Criticism
4934,woman assaulted by celebrity just needs to sit tight for 40 years until dozens more women corroborate story,Celebrity Assault Victims Often Face Long Wait Before Testifying Against Perpetrators
20717,Cultural exchange with Russia during frost? Great timing.,Cold Weather Brings Frosty Weather to Russia
26788,"Is the media selling or telling in Gaza's war? A question with a clear, unbiased answer.",Gaza Conflict Continues Amid Ongoing Media Debate Over Reporting
1197,"singer cites girlfriend as reason he lives, dies, breaks down, cries",Man's Emotional Breakdown Linked to Relationship
21190,Photographer Creates 'Awesomely Surreal' Pics of His Son: Because Normal Childhood Photos Are So Boring,Father Creates Unconventional Family Photos to Distinguish From Standard Childhood Portraits
18624,3 simple tai chi moves to erase all holiday family drama—guaranteed or your money back.,Tai Chi Instructor Offers Holiday Stress Relief Classes
811,cherokee nation leader announces 32 red a winner,Cherokee Nation Leader Announces Winner of Annual Red Nation Competition
583,sessions vows to protect all deeply held religious bigotry,Sessions Defends Religious Freedom Protections Amid Controversy
7090,paul ryan slits auto mechanic's throat to kick off gop purge of working class,Paul Ryan's Conservative Agenda Faces Scrutiny Amid Criticism of Working-Class Voters
27668,nation exhibits strange preoccupation with manner in which food is processed,Food Industry Focuses on Processing and Packaging to Increase Consumer Appeal
16234,How two parents 'home-schooled' their kids by shackling them. Innovative parenting at its finest.,Parents Report Success in Home-Schooling Their Children
11940,report: you're far too dumb to be reading the mueller report yourself,"Mueller Report Released, Details of Investigation into Trump Administration"
7107,concerned text from mom ​gleefully ​mocked like ramblings of village idiot,Mother's Concerned Text Mocked as Village Idiot
1050,report: much of u.s. still underpaved,Report Highlights Persistent Infrastructure Shortages Across the United States
2926,self-defense instructor keeps a couple of secrets to himself,Self-Defense Instructor Keeps Personal Secrets From Students
28078,man born to party dies partying,Man Dies After Excessive Alcohol Consumption
4053,small town beginning to wonder what taking heroin epidemic so long to get there,Small Town Struggles to Address Ongoing Heroin Epidemic
189,area throat-clearer to go see movie,Local Man Plans to Attend Movie
21693,"Texas deputy victim of 'cold-blooded' gas station attack, because who needs safety when refueling?",Texas Gas Station Attacker Arrested After Incident
5075,campaign adviser recommends throwing old blanket over romney for debates,Rival Campaign Adviser Suggests Romney Use Old Blanket to Cover Up Mistakes During Upcoming Debates
28123,Check out these exhausted Olympians at the end of the decathlon. They look fresh.,Olympic Decathlon Athletes Finish Event After Exhausting Competition
21730,"HuffPost Rise: Your essential guide for February 15, a date that changes everything.",HuffPost Publishes February 15th Article
3731,nation's ivy leaguers share hearty laugh that dartmouth grad thinks she can talk shit on anyone,Dartmouth Graduate's Ivy League Connections and Academic Achievements Highlighted
26160,"This year's flu season is so apocalyptic, it's already RSVPing to your funeral.",Flu Season Expected to Peak in Winter
18468,"Pope to address Congress on morality, they'll listen intently.",Pope Francis to Address Congress on Moral Issues
18388,Arizona Republicans want to prosecute protesters like terrorists – peaceful protest is so violent.,"Arizona Republicans Criticize Peaceful Protesters, Call for Prosecution"
26118,41 photos of presidential pets over time? The ultimate historical document for pet lovers.,Satirical Article Mocks Fad of Collecting Presidential Pet Photos
5385,white house graciously accepts saudi prince's thank-you gift of severed yemeni head,Saudi Prince Gifts Yemeni Leader's Head to White House
24415,Revenge via Snapchat? Because nothing says justice like filtered selfies.,Social Media Platforms Face Criticism Over Inadequate Moderation of Revenge Content
21268,Will robotics breed a new generation of super professionals? Or just a new generation of unemployed philosophers?,Robotics Industry Faces Concerns Over Job Displacement Amid Automation Advancements
5218,world's oldest woman just pleased every other human on earth when she was born now dead,World's Oldest Woman Dies at 119
24299,"Scientists reveal the secret to charisma: be yourself, smile, and don't be boring—revolutionary.",Researchers Highlight Importance of Authenticity and Positive Body Language in Building Charisma
1521,supreme court justices brought to tears by heartfelt testimony of bigot who hates gay people,Supreme Court Justice Testifies Against LGBTQ+ Rights
24026,Mnuchin touts Trump's call for unconstitutional veto – democracy is so last season.,Mnuchin Defends Trump's Call for Constitutional Veto Amid Constitutional Concerns
14390,"Scott Walker works wonders on job numbers, unemployment vanishes magically.",Scott Walker's Economic Policies Lead to Improved Job Market and Reduced Unemployment
17318,Firefighters are overjoyed to rescue a dozen police officers from an elevator – thank goodness for that break from doughnut duty.,Firefighters Rescue Police Officers From Elevator During Routine Duty
23280,"Oh, let's all be thrilled to learn how 'Serial' was made, because who doesn't love endless true crime podcasts?",Serial's True Crime Podcast Explores the Making of a Highly Acclaimed Series
16041,Oops: hot mic catches Al Roker going to the bathroom – the scandal of the century!,Weather Anchor Al Roker Caught on Hot Mic During Live Broadcast
22771,"A new joint message from the Kremlin and Trump admin – the dynamic duo of democracy, I'm sure.",Kremlin and Trump Administration Joint Message Highlights Political Tensions
16038,"My battle with depression and anxiety: it's not so bad, really.","Many People Struggle With Mental Health Issues, But Depression And Anxiety Are Manageable"
19828,"Gene Simmons, the epitome of rock 'n' roll, tells aspiring musicians to abandon dreams and get a real job. Rock on!",Gene Simmons Offers Advice to Aspiring Musicians
24073,"Whiteness History Month causes controversy? I'm shocked, because history months are always so unifying.",Whiteness History Month Sparks Debate Over Cultural Sensitivity and Representation
17297,McDonald's uses bachata princess to target Hispanics – because nothing says 'authentic' like corporate music.,McDonald's Uses Traditional Latin Music to Target Hispanic Consumers
20166,"A 'Married... with Children' spinoff is happening, finally bringing quality television back.",New 'Married... with Children' Spinoff Announced
20249,"Chronic stress creates hormonal havoc: just a little stress, no big impact on health.",Chronic Stress Linked to Significant Health Risks
13433,"Voting in Myanmar's first free election in 25 years, let's see if it's actually free this time.",Myanmar Holds First Free Elections in 25 Years Amid Ongoing Political Tensions
24884,A baby and a dog sit for photos monthly for two years. This isn't adorable; this is a commitment to content farming of epic proportions.,Pet Owners Frequently Take Photos of Their Dogs for Social Media
14493,"Well, that protest really brought people together, didn't it?",Protesters Rally Against Government Policies
27174,"When Trump goes low, Latinos go high – except when they're being deported, then they're just trying to survive.",Trump's Immigration Policies Draw Criticism From Latino Communities
21681,Lisa Bloom planned to discredit accusers: defending the indefensible since forever,Lisa Bloom Defends Accusers Amid Sexual Harassment Allegations
17698,Melania Trump mocked for teaching kids digital responsibility? She's clearly the moral compass we all need.,Satirical Article Mocks Melania Trump's Digital Literacy Campaign
7618,third knocked-over glass of water makes man want to give up,Man Overwhelmed by Simple Task After Knocking Over Glass of Water
2189,gop convention to feature strong lineup of conservative women listeners,GOP Convention to Feature Strong Lineup of Conservative Women Attendees
19947,Protesters swarm ICE HQ after raids – because what better way to solve immigration issues than with more enforcement?,Immigration Protesters Gather Outside ICE Headquarters Following Raids
17974,Trusting in grace? In this economy? How quaint.,Economic Uncertainty and Consumer Anxiety Remain Common Concerns
24618,One local election will definitively reshape the entire political cosmos for the GOP. No exaggeration here.,Local Election Expected to Influence Republican Party's Platform and Policy Agenda
11053,fourth-grade teacher polishing up speech on this not being third grade anymore,Fourth-Grade Teacher Reflects on Past Experiences as Teacher
22600,"Betsy DeVos, the epitome of clarity, struggles to explain her own rules.",Betsy DeVos Faces Criticism Over Confusing and Ambiguous Education Policy
25566,"Delta Airlines celebrates first black female captain, tokenism much?",Delta Airlines Announces First Female Captain
2724,"gm workers strike for 2,000-peso raise","GM Workers Demand $2,000 Pay Raise"
8464,angelina jolie stuns in first rollerblading competition since double mastectomy,Angelina Jolie Participates in Rollerblading Competition After Double Mastectomy
1247,fashion industry pretends to care about plus-size models,Fashion Industry Faces Criticism Over Lack of Representation for Plus-Size Models
8958,clinton campaign airlifts 200 crates of volunteers to wisconsin headquarters,Clinton Campaign Expands Wisconsin Operations Ahead of Election
6001,henry rollins laboriously explains why buying organic is punk rock,Henry Rollins Advocates for Organic Food Choice Amid Criticism of Industrial Agriculture
5004,ryan zinke calls for legislation to slow down destruction of wildlife so he can truly savor every minute of it,Ryan Zinke Announces Plans to Propose Legislation to Protect Wildlife
4417,bertolli packaging promises empty ravioli floating in filling-saturated water in just 5 minutes,Bertolli Packaging Promises Quick and Easy Pasta Filling
16039,Caitlyn Jenner gets candid with Diane Sawyer again – because the world needs more celebrity confessions.,Caitlyn Jenner Discusses Transition and Personal Life With Diane Sawyer
3705,republicans give in right before obamacare would have been repealed,Republicans Delay Repeal of Affordable Care Act
11361,fbi releases list of criminals it in no particular rush to track down,FBI Releases List of Suspects in Major Crime Cases
15654,"HuffPollster: Republican women really don't like Trump: They're mildly uncomfortable, but hey, party loyalty comes first, right?",Pollsters Report Moderate Support for Trump Among Republican Women
17809,Sharing dreams is important? To your Instagram followers?,Many People Share Personal Dreams on Social Media
12559,desperate u.s. colleges weigh emergency bob marley legend ban,Higher Education Institutions Consider Implementing Bob Marley Ban Amid Student Frustration
12581,peter strzok summoned before congress again for texts calling trey gowdy 'a pissy little shithead',Peter Strzok Testifies Before Congress Regarding FBI Texts Regarding Trey Gowdy
11005,$5 million bounty placed on recession,Bureau of Labor Statistics Reports Strong Job Growth Amid Recession
1785,mass grave blasted for lack of diversity,Satirical Article Mocks Stereotypical Diversity Debate With Fictional Mass Grave
12040,"new york family man latest victim of nation's misguided war on tax evasion, perjury, campaign finance violations",New York Family Faces Scrutiny Over Alleged Tax Evasion and Perjury
27033,"Election cycle so terrifying, haunted houses now include voter fraud simulations",Voter Fraud Concerns Rise as Election Season Intensifies
23502,"Donors giving to Orlando victims' fund at a record rate—because in times of tragedy, generosity always shines through... right?",Donations to Orlando Victims Fund Rise Amid Community Outpouring
9808,"papal apartments found filled with old newspapers, empty pill bottles, mangy cats",Papal Apartments Found to Be Overcrowded and Unsanitary
26740,Kids sue government over climate change: since when do children have rights?,Children Sue Government Over Climate Change
15491,"Texas leads the abortion限制 charge, a shining model for the nation.",Texas Leads the Nation in Restrictive Abortion Laws
16607,Kate Middleton battles a disease that leaves you feeling lost and alone—because royalty isn't all glamour.,Kate Middleton's Royal Duties and Public Image Highlight Challenges of Being a Member of the British Royal Family
18548,A flawless display of harmony that makes every divorced family feel inadequate and inspired.,Divorced Families Often Struggle With Feelings Of Inadequacy After Separation
3102,job placement service helps students who fail out of dad's alma mater find work at dad's company,Job Placement Service Helps Students Who Failed Out of College Find Work at Family Business
20224,"Schock faces scrutiny nationwide, but his home district is just bursting with pride for their scandal-prone rep.",Rep. Scholz Faces Scrutiny Nationwide Amid Controversies
19408,"The worst place for a child? Anywhere without Wi-Fi, obviously.",Satirical Article Mocks Concerns About Children's Digital Addiction
4720,'what if no one travels anywhere ever again?' wonders panicked transportation secretary,Transportation Secretary Expresses Concern Over Declining Travel Demand
4516,john kerry actually pretty good at windsurfing now,Former Senator John Kerry Retires From Politics
15593,"Diabetes rates may be leveling off, so we can all breathe easy now.",Diabetes Rates Continue to Rise Despite Efforts to Reduce Them
8503,who's this little guy?,Man's Question About Unknown Person's Identity Is Common
16965,Discover the 5 napping myths you've fallen for – because who doesn't love a good nap-scare?,Common Napping Myths Debunked
865,mom thinks you'd enjoy restaurant she can't remember name of right now,Mother Recommends Restaurant to Child
407,tank rolls by living room window,Man's Car Rolls By Living Room Window
658,37 separate aneurysms on verge of rupturing inside reince priebus' brain,Former President Reince Priebus Faces Scrutiny Over Controversial Actions
25693,"Amazon shelves the series before it begins, because why take risks on sci-fi?",Amazon Shelves 'The Expanse' Series Before It Begins
16697,"This country's capital just made it punishable to catcall women – finally, a law against 'compliments'.",Satirical Article Mocks Politicians With Fictional Law Against Catcalling Women
22641,"Channing Tatum teases Gambit with vague hype – because we all trust superhero movie promises, right?",Channing Tatum Promotes Gambit Film With Vague Teasers
4163,woman digs excitedly into ingrown hair around bikini line like grave robber pillaging spoils of the dead,Woman Excitedly Exfoliates Ingrown Hair Around Bikini Line
19032,Inclusion riders for all films: Affleck and Damon's fix for Hollywood,Matt Damon and Ben Affleck to Star in New Film
12543,gallant amazon user heroically defends 'fringe' season 2 box set from negative reviewers,Amazon User Defends 'Fringe' Season 2 Box Set From Negative Reviews
21477,"Matt Bomer, Zachary Quinto prep 'Boys in the Band' for Broadway. Another reboot, how original.",Matt Bomer and Zachary Quinto to Star in Broadway Revival of 'Boys in the Band'
10064,bush dies peacefully in his sleep,Former President George H.W. Bush Dies at 94
3900,thursday cry moved up to wednesday due to scheduling conflict,Employee's Emotional Break Due to Scheduling Conflict
1726,brad pitt bored with sight of jennifer aniston's naked body,Brad Pitt Reportedly Bored With Jennifer Aniston's Body After Their Relationship
4195,deadlocked supreme court: 'someone's voting twice',Supreme Court Remains Deadlocked Amid Ongoing Political Gridlock
12558,mark zuckerberg defends decision to fly confederate flag at facebook headquarters,Facebook CEO Mark Zuckerberg Defends Confederate Flag at Headquarters
4601,new pepsi negative-220 burns twice the calories it contains,Pepsi's Negative 220 Calorie Label Claims It Burns Twice the Calories of Regular Pepsi
12650,nra criticizes video game makers for downplaying portrayal of euphoric rush felt watching light leave enemy's eyes,NRA Criticizes Video Game Industry for Portraying Violence
2445,flea market vendor could possibly let unidentifiable lump go for $15,Flea Market Vendor Offers Unidentified Item for $15
24997,Plane diverted because Ebola virus reclined its seat—the ultimate in in-flight terror.,Flight Diverted After Passenger Exhibits Ebola Symptoms
4740,fox cancels apatow's 40-year-old virgin,Fox Cancels '40-Year-Old Virgin'
15784,White House creates more problems – innovative problem-making at its finest.,White House Continues to Face Criticism Over Policy and Administration Issues
14275,Twitter bad for language? Study says no—because emojis and hashtags are the height of eloquence.,Study Finds Emojis and Hashtags Enhance Online Communication
7135,kids in bus accident mocked by kids in passing bus,Children in Bus Accident Mocked by Fellow Passengers
21580,"Bill de Blasio, Adam Smith and the living wage movement, proving that economic theories are best discussed over coffee.",Economic Theorists and Advocates Meet to Discuss Living Wage Strategies
20886,"Police arrest suspects in Brazil—a rare feat, considering the usual chaos.",Brazilian Police Make Arrests Following Ongoing Police Crackdown
18789,Collective impact? As if communities can work together.,Community Development Efforts Often Face Challenges in Building Collective Impact
24689,"Cooking off the cuff: mushrooms make the meatloaf (duck doesn't hurt either), because why use one expensive, unusual protein when you can use two?",Combining Mushrooms and Duck Meatloaf Creates Unique and Flavorful Dish
11826,pete buttigieg releases comprehensive list of fun personality quirks to include in articles about him,Pete Buttigieg Releases Personal Profile to Enhance Media Coverage
7764,every picture on man's tinder clearly from same event where he dressed up,Man's Tinder Photos Show Similar Outfits
17825,Top 10 workout songs: because nothing boosts your cardio like a carefully curated Spotify playlist.,Spotify Users Frequently Use Workout Music Playlists to Boost Exercise Motivation
24948,"Earth without the moon: darker nights, no tides, werewolves jobless.",Satirical Article Imagines Earth Without the Moon
17840,"Reply all email creates havoc: a digital tsunami that drowns Case Western students in pure, unadulterated spam.",Reply All Emails Flood College Students With Unsolicited Spam
17756,Sikh student shot dead: just another Tuesday in America.,Sikh Student Killed in Shooting at University
7296,court takes custody of harley from unfit motorcycle mama,Mother Faces Legal Action After Child's Motorcycle Riding Is Questioned
3312,guinea pig returned for store credit,Customer Returns Guinea Pig to Store for Credit After Purchasing It
11657,engineers still unable to produce styrofoam cup without little center nub sticking out from bottom,Engineers Struggle to Design Styrofoam Cup With Center Nub
7563,actor-comedian pauly shore bad at 32,Pauly Shore Celebrates 32nd Birthday With Friends and Family
19,mom keeps sending newspaper clippings about former classmates who have been murdered,Mother Sends Newspaper Clippings About Murder Victims to Daughter
2617,new archie graphic novel explores rich inner life of jughead,New Archie Comics Graphic Novel Explores Jughead's Inner Life
8389,"cow ted cruz milking in wisconsin photo op only giving curdled, foul liquid",Ted Cruz Holds Photo Opportunity in Wisconsin
24431,"Christophe Michalak: pastry superhero, saving the world one dessert at a time.",French Pastry Chef Christophe Michalak Wins Prestige With Innovative Desserts
23699,Coming Soon: A New 'Fraggle Rock' Movie: A Truly Groundbreaking and Necessary Piece of Modern Cinema,Fraggle Rock Returns to Television with New Animated Series
3320,enormous grace slick threatens california coastline,California Coastline Features Numerous Scenic Beaches and Natural Attractions
15973,Laser strikes soar: pilots must love the light show.,Commercial Airplane Pilots Report High Levels of Fatigue and Stress
12347,police say conditions too nippy to rescue missing hiker,Hiker Missing in Cold Weather Conditions
13516,19 women react to Girls' finale—as if the world needed more opinions on TV.,Viewers React to 'Girls' Finale
18875,"Burger King has officially revoked its citizenship in a bold, totally normal, and not-at-all-stunt-like move. The culinary world trembles.",Burger King Announces Revocation of Citizenship Following Controversial Marketing Campaign
1529,senate rejects pipeline plan that would have created thousands of climate activist jobs,Senate Rejects Pipeline Plan to Create Thousands of Climate Activist Jobs
23788,Sign of the times: local governments restrict signs—because free speech is too messy.,Local Governments Limit Signs to Prevent Disruptions and Confusion
18600,David Duchovny reveals groundbreaking secrets about the 'X-Files' miniseries that no one asked for.,David Duchovny Discusses 'X-Files' Miniseries in New Interview
14,naacp demands less minority representation on upn,NAACP Demands Greater Diversity on Upfront Television Network
25898,Superintendent calls dress code violators 'skanks' – educational excellence at its finest.,Superintendent Criticizes Students for Not Following Dress Code Policy
4499,moron stepfather takes care of child who doesn't have his genetic material,Father Takes Care of Child Without Biological Parentage
6369,trump postpones grand opening of trump tower moscow until fuss over bombshell report dies down,Trump Administration Postpones Grand Opening of Trump Tower Moscow
26576,"Chemistry lessons for leaders: mix policies like chemicals, what could fail",Leadership Education Focuses on Effective Policy Implementation
11217,rnc: 'we warned you gay marriage would be a slippery slope toward accepting pedophilia',Critics Warn That Legalizing Same-Sex Marriage Would Lead to Increased Sexual Exploitation
21765,Queer couple discovers 'power of family'? How surprisingly traditional and mundane.,Queer Couple Finds Comfort in Traditional Family Bonds
28065,benadryl introduces new non-drowsy allergy dart,Satirical Article Imagines Benadryl Launching Non-Drowsy Allergy Medication
25249,U.S. fears Russia ramping up support for Assad – because international relations are just a game of whack-a-mole.,U.S. Expresses Concern Over Russia's Continued Support for Syrian President Bashar al-Assad
25504,Shocking that a Trump pick has Koch ties. Who could have predicted?,Trump Picks Businessman and Koch Family Member to Key Regulatory Post
16288,"School aide creatively serves pet treats as cookies, students none the wiser.",School Aide Uses Pet Treats To Reward Students
9647,man worried harassing messages he sending on dating app getting lost among abuse from other guys,"Man Reports Harassment on Dating App, Finds Messages Overlooked by Other Users"
3268,crocodile bites off bush's arm,Crocodile Attacks Bush in Australian Outback
13340,"Holiday dressing: reuse clothes, because fashion is overrated.",Many People Choose to Reuse Holiday Outfits Instead of Buying New Ones
9636,"worthless dog can't talk, drive, solve crimes",Dog With Disabilities Unable To Perform Basic Tasks
21975,"Your money or your life: the classic dilemma, now with modern inflation","Inflation Increases Cost of Living, Leaving Consumers Struggling to Make Ends Meet"
3442,archangels already sick of cardinal o'connor telling them how they do it in new york,Cardinal O'Connor Criticized for Advising Archangels on How to Handle New York City
6655,coworker retreats to remote corner of office to complete disgusting food order,Coworker Orders Food From Home To Avoid Office Dining
14203,"White House lawyer insists Trump won't fire Mueller – and we all believe that, don't we?",Trump Administration Denies Firing Special Counsel Robert Mueller
12152,former chinese dissident has your order ready,Former Chinese Dissident Receives Order From Restaurant
16839,"Great, because a concert will fix everything, right?",Concerts Often Provide Temporary Relief for Fans Facing Stress and Anxiety
23512,Bernie Sanders tells Donald Trump: stop talking about Bill Clinton's sex life—because Trump is the epitome of discretion.,Bernie Sanders Criticizes Donald Trump Over Alleged Sex Scandals
7341,beauty industry exec keeps photo of crying 15-year-old girl on desk to remind himself why he does this,Beauty Industry Executive Keeps Photo of Teen Girl on Desk to Remind Himself of Industry Challenges
23357,Grassroots activists are solving the addiction crisis – because that's worked so well.,Grassroots Activists Continue to Address Addiction Crisis
27081,Obama Eats Shave Ice in Hawaii: A Relaxing Start to the Year,President Obama Visits Hawaii for Summer Vacation
21993,Ashley Benson is giving us 'Baywatch' vibes – because we needed more reasons to obsess over celebrities.,Ashley Benson's 'Baywatch' Inspired Look and Career Path Raise Questions About Celebrity Obsession
23946,"Mindfulness as body armor? Because meditation stops bullets, right?",Meditation and Mindfulness Practices Show Promise in Reducing Stress and Anxiety
25419,"Midlife sex: it's okay, nothing to write home about.",Many People Report Feeling Unenthusiastic About Sex in Midlife
19406,Senate amendment to 'dramatically improve' heroin treatment – about time they noticed.,Senate Proposes Amendment to Improve Heroin Treatment
22159,7 Trump presidency fashion must-haves: blend in with the swamp.,Trump Administration Faces Scrutiny Over Lack of Transparency and Political Polarization
16439,"Two thumbs down on air nonsense, because vague criticisms are the pinnacle of insightful review.","Critics Praise 'Air' for Its Simple, Uncomplicated Storytelling"
10162,literary study finds all modern narratives derived from classic 'alien vs. predator' conflict,Literary Analysis Finds Classic 'Alien vs. Predator' Conflict Remains a Common Narrative Archetype
21039,The conundrum of the midterms: choosing between two piles of garbage.,Midterm Elections Present Voters With Two Opposing Candidates
26036,Antoni Porowski strips for Hanes: underwear ads just got Queer Eye.,Food and Lifestyle Expert Antoni Porowski Promotes Hanes Underwear in New Campaign
3558,ghost of carl sagan warns against dangers of superstition,Carl Sagan Advocates for Scientific Skepticism Over Superstition
22697,$13 bacon cheeseburger-stuffed donut: the culinary innovation that will change breakfast forever!,New Bacon Cheeseburger Donut Combination Sparks Debate Over Breakfast Innovation
5640,new don blankenship campaign ad touts jobs created in wake of upper big branch mining disaster,New Don Blankenship Campaign Ad Highlights Jobs Created by Upper Big Branch Mine Disaster
9119,vocalist leaves journey tribute band over creative differences,Vocalist Leaves Journey Tribute Band Over Creative Differences
8004,authorities say dozens of bystanders failed to act as man went about his life,Authorities Report Minimal Bystander Involvement in Man's Death
16589,Serena Williams: 'Doctors aren't listening' so black women are dying—but sports commentary is more important.,Serena Williams Criticizes Sports Commentary for Failing to Address Health Concerns of Black Women
16467,Southwest's 'True North' means never getting lost... or maybe just cheaper flights.,Southwest Airlines Launches New 'True North' Loyalty Program to Attract Passengers
27712,candidates preparing for colorado debate conditions with high-altitude speaking drills,Colorado Candidates Prepare for Upcoming Presidential Debate
16760,Giants release player over abuse? NFL's moral compass is so reliable.,Giants Release Player for Domestic Violence Allegations
9125,bush vows to put man on moon before it disappears at end of month,President Bush Announces Plans to Return Humans to the Moon
7704,shakira just not feeling up to jiggling ass today,Shakira Announces She Is Taking A Day Off From Dancing
7663,authorities say country still an active shooter situation,Authorities Report Ongoing Active Shooter Situation in Country
25849,"Billy Eichner comedy special heading to Netflix, finally some entertainment.",Comedian Billy Eichner Announces Netflix Comedy Special
3653,"nation dutifully gets in cars, stands in line, watches new star wars movie",People Frequently Attend Movie Premieres and Watch New Star Wars Films
25816,Andy Mientus: A Broadway and TV star you may have vaguely heard of,Andy Mientus is a Broadway and television actor
28393,millions of people prince william would never deign to speak to captivated by royal wedding,Prince William and Kate Middleton's Royal Wedding Draws Record Audience
21102,"Even Bush's environment chief calls Trump's energy plan bonkers – when your环保 chief thinks you're nuts, you might be nuts.",Environmental Officials Criticize Trump's Energy Plan
23833,"Reporter confronts racist, who learns a valuable lesson, no doubt.",Journalist Interviews Man About Racism After He Denies It
3795,satellite frantically trying to bounce signal to swearing man's phone,Satirical Article Imagines Satellite Sending Text Message to Phone
25928,Genius inventions for napping anywhere? The pinnacle of human innovation.,People Frequently Use Portable Napping Devices to Take Short Naps in Public Places
4959,hillary clinton threatened by black man,Satirical Article Mocks Trump's Racist Comments With Fictional Story About Hillary Clinton
20397,Rubio's path is smooth as butter. This 'rocky road' metaphor is spot on.,Rubio Campaign Trail Continues Smooth Ride
26562,"Gender equality will change everyone's lives, especially privileged men",Advocates Highlight Progress in Gender Equality Amid Ongoing Challenges
2918,historical archives: popular hymns heard sung of late.,Classic Hymns Remain Popular in Modern Worship Services
5499,siblings playing tense game of chicken to decide who going to care for mom,Parents Face Difficult Decision Over Who Will Care for Elderly Mother
23687,Larry Kudlow 'Leaning' Toward Senate Run in Connecticut: Exactly What Our Economic Policy Needs—More TV Pundits,Larry Kudlow Announces Run for Connecticut Senate Seat
28539,"Hillary Clinton is incredibly tough on Wall Street, if you count taking their money as a sign of strength.",Clinton Campaign Criticizes Wall Street for Financial Inequality
10731,man on gurney has brief word with protagonist before entering ambulance,Man Dies on Hospital Gurney Before Being Transported to Ambulance
8334,voter dreading being sent over to visibly stupid poll worker,Voters Report Frustration Over Poll Worker Behavior
4329,greyhound now offering direct service from kansas to l.a. porn director's driveway,Greyhound Bus Service Now Operates Direct Route From Kansas To Los Angeles
4375,sun dreading rising today,People Often Experience Anxiety Before Rising
17628,Test-driven teacher evaluations strike out—because nothing improves education like more testing.,Critics Argue That Standardized Testing Is Not an Effective Way to Improve Education
4727,mexicans sweeping the nation,Mexican Immigrants Continue to Migrate to the United States
27605,"Erick Erickson, noted sexist, slams Donald Trump for being sexist: the pot calling the kettle black.",Erick Erickson Criticizes Trump for Sexism Amid Controversial Remarks
24127,HuffPost Rise: your daily dose of indispensable news you can't live without.,HuffPost Launches New Daily News Service
8534,heartless monster walks out of local small business without buying anything,Customer Leaves Local Small Business Without Purchasing Anything
26697,Josef Koudelka's enigmatic art: where every photo leaves you puzzled.,Josef Koudelka's Photography Leaves Viewers Puzzled
13352,"Finally, a remake of 'Hocus Pocus' that no one asked for. Because who needs original ideas?",New 'Hocus Pocus' Remake Announced
242,chinese citizens observe 25-year moment of silence for tiananmen square massacre,Chinese Citizens Mark 25th Anniversary of Tiananmen Square Massacre
8545,popular new exercise app just tells users they ran 5 miles a day no matter what,New Fitness App Promotes Daily Mileage Goal Without Tracking Actual Activity
8129,thick sweater no match for determined nipples,Man's Thick Sweater Fails to Protect Him From Cold Weather
6013,apple announces new iphone with n-word on back knowing customers will buy it anyway,Apple Announces New iPhone With Standard Back Cover Design
11225,that cheesecake sitting on the table: what if it accidentally fell into your mouth?,Cheesecake Found on Table
17130,Tyra Banks brings tears to teen designer's eyes with this so-called heartwarming surprise,Tyra Banks Announces New Line of Children's Clothing
5690,lazy event planner throws 'bags of ice'–themed party,Event Planner Hosts Ice-Themed Party for Corporate Event
9504,another fond childhood memory destroyed,Childhood Memories Often Endure Long After Childhood
11251,quick scan of room confirms area man once again sweatiest person present,Man's Sweaty Body Revealed After Quick Room Inspection
23473,Dustin Lance Black praises Hollywood's accurate depiction of trans actors,Dustin Lance Black Supports Trans Actors in Hollywood
7039,'game of thrones' actors reveal reading script for zombie battle and realizing they wasted careers,Game of Thrones Cast Members Report Feeling Overwhelmed by Script Complexity and Unrealistic Expectations
21100,A new kind of Valentine's Day – because the old ways of commercialized romance weren't enough.,New Study Finds Traditional Valentine's Day Commercialization Is Overwhelming and Overwhelming Consumers
12726,hire of local moron gives nation hope for employment,Local Business Owner Hires New Employee
20562,5 reasons to let your mind wander? Like we need an excuse to daydream at work.,Many Employees Find Mind Wandering a Productive and Natural Work Habit
4785,"handlers constantly reminding gingrich to stay on uninspiring, belittling message",Gingrich Faces Criticism Over Repeatedly Delivering Uninspiring Messages
7401,woman always gets best ideas while taking shower with two jacked dudes,Man Claims Showering With Two Guys Is Where He Gets Best Ideas
20893,"Argentina: where losing is a national pastime, and everyone's a sore loser.",Argentina Remains a Nation of Passionate and Competitive People
4535,struggling us airways introduces $100 million bomb fee,Struggling US Airways Faces Financial Struggles and Seeks $100 Million Bailout
12616,creative asterisk makes reader unaware of word 'fuck',Satirical Article Claims Asterisk Makes Reader Unaware Of Profanity
12050,clinton vetoes 'stab clinton' bill,Clinton Administration Vetoes Bill Targeting Clinton Administration
19212,Why say 'at the end of the day'? Is timekeeping that hard?,People Frequently Use 'At the End of the Day' to Express Finality
1729,owner of cheap motel fixes sign to flicker just right,Motel Owner Adjusts Sign to Optimize Visibility and Guest Visibility
13439,"Gorsuch will get his big payback, just like Thomas, justice is a pay-to-play game.",Supreme Court Justice Neil Gorsuch Faces Opposition Over Judicial Confirmation
12785,rumsfeld: 'my half-assed job here is done',Defense Secretary Donald Rumsfeld Announces End of Iraq War
9464,sounds of air hockey coming from supreme court chambers,Supreme Court Chamber Sounds Like Air Hockey
3594,historians reveal thousands of immigrants were forced to change hairstyle at ellis island,Ellis Island Immigration Station Records Thousands of Arrivals Each Year
13420,"Kris Jenner turned up for drunken Valentine's karaoke, setting the bar high for family gatherings.",Kris Jenner Attends Family Valentine's Day Dinner
27279,Texas schools innovate: storing food instead of trashing it.,Texas Schools Explore Food Waste Reduction Strategies Amid Growing Concerns Over School Lunches
11133,historians uncover lost socrates dialogues where he just gave up and started screaming that opponent a fucking brainwashed shill,Historians Uncover Ancient Greek Dialogues Featuring Socrates
11362,bashful terrorists won't take credit for attack,Terrorist Group Denies Responsibility for Recent Attack
2326,"sadly, gift certificate to loews cinemas perfect gift for area man",Local Man Purchases Gift Certificate to Local Cinema
21276,F.A.S.T. Thinking Saved Lane's Mom: Just Another Day Being a Hero,Mother's Daily Routine Remains Routine Despite Mother's Heroic Work
17109,Ten infallible rules for startup ideas that guarantee you'll be the next billionaire by lunchtime.,Entrepreneurs Often Overlook Key Considerations When Developing Startup Ideas
7691,youngest sibling in family kind of thought mom would lose steam by now,Younger Sibling May Feel Overwhelmed by Mother's Busy Schedule
6233,woman with amazing rack told she has beautiful eyes,Woman Receives Compliment on Her Physical Appearance
24060,"Oh, because nothing says 'beautiful' like being stranded and alone.",Stranded Travelers Often Experience Anxiety and Isolation When Left Alone in Remote Areas
6205,traveler amazed by sheer number of mexicans,Traveler Surprised by High Number of Mexicans in Tourist Destination
22494,Mattress with 40k reviews is $200 off – buy now before you miss out on this once-in-a-lifetime deal!,Mattress Retailer Offers Discount on Popular Model
14859,Paul Ryan endorses Trump's order but laments the chaos he endorsed,Paul Ryan Endorses Trump's Executive Orders Amid Criticism of Chaos
4823,avoiding popular songs somehow accomplishment for local man,Local Man Claims Avoiding Popular Songs Is Achievement
10802,"good cop, avid-stamp-collector cop routine not working",Police Officer's Routine Routine Fails to Engage Public
27602,Paul Manafort apparently thinks misleading a federal judge is worth a sunny vacation in Florida.,Paul Manafort Faces Federal Charges for Misleading Judge
22576,"A blue fuzzy fighter stole the spotlight before Mayweather-McGregor fight. Clearly, the real battle was against fashion sense.",Blue Fuzzy Fighter Wins Spotlight Before Mayweather-McGregor Fight
26935,Josh Earnest's briefing: the most disastrous event in WH history,President Josh Earnest Holds Press Briefing on Afghanistan War
6542,"experimental anti-aging treatment still has few kinks, report infant researchers",Researchers Investigate New Anti-Aging Treatment
13535,"What's working to reduce obesity? Nothing, apparently—thanks for asking.",Obesity Rates Remain High Despite Promising Initiatives
6571,wild-eyed marco rubio embarks in rowboat to help venezuela coup effort,Marco Rubio Criticizes Venezuelan Government Amid Ongoing Coup Efforts
2414,tumbleweed of pubes rolls through desolate dorm bathroom,Student Accidentally Leaves Tumbleweed in Dorm Bathroom
4206,report: countless invasive species detained in epa black sites,EPA Announces New Efforts to Control Invasive Species
2661,secret service not sure if that suit of armor was in oval office yesterday,Secret Service Investigates Suit of Armor in Oval Office
7680,mom's christmas stocking noticeably less full,Mother's Christmas Stocking Often Underfilled
12026,chinese tv show canceled after drawing only 180 million viewers,Chinese TV Show Draws Low Ratings
28274,krispy kreme doughnuts described to sioux city relatives,Sioux City Residents Share Favorite Krispy Kreme Doughnuts With Family
11399,last person to voluntarily write essay dies,Essay Writing Remains a Common Academic Requirement
25876,"Obama cracks down on payday lenders—predatory loans now feel slightly guilty, problem solved",Obama Administration Tightens Regulations on Payday Lenders
12525,tragic oscar-night camera malfunction leaves seven critically underpublicized,Oscar Night Coverage Highlights Underappreciated Films
9268,report: authorities recommend the film 'you've got mail' for those snowed in today,Movie Recommendation: 'You've Got Mail' for Snowed-In Movie Night
326,trump mocks christine blasey ford for forgetting basic facts about a woman's place,Trump Criticizes Christine Blasey Ford's Testimony Against Trump
22283,Coffee pouring puzzle: the deepest philosophical dilemma since 'is the fridge light on?',Coffee Pouring Puzzle: Simple Task Remains a Common Source of Frustration
22728,Clint Dempsey discusses the immense pressure of playing soccer—world-changing stuff.,Clint Dempsey Discusses the High Pressure of Professional Soccer
25328,UT Austin stabbing: minor incident with one fatality.,UT Austin Student Dies in Stabbing Incident
8336,"study: only 40% of mice have little welcome mat, doorway leading to tiny home inside wall",Study Finds Only 40% of Mice Have a Hidden Entrance to Their Tiny Home Inside the Wall
18908,Three Jews visit Scandinavia? And this is news because...?,Three Jews Visit Scandinavia
3160,son of edward r. murrow says father 'real dirtbag' compared to onion reporters,Journalist Criticizes Edward R. Murrow's Reporting Style
23916,News Roundup: Mildly interesting tidbits from a day like any other.,Daily News Roundup Features Brief Updates on Local and National Events
1708,'aryan notions' opens sixth berlin location,Aryan Notions Opens Sixth Location in Berlin
5710,democratic scouts head to tampa to get closer look at mitt romney,Democratic Party Officials Visit Tampa to Assess Romney Campaign Strategy
11989,book about michael jackson available for purchase,New Book About Michael Jackson Released
1756,man who can't get enough mucus enjoying winter season,Man Experiences Seasonal Allergy Symptoms During Winter Months
21070,"15 hot guys supporting Bernie to make you #feelthebern, because policies are overrated",Bernie Sanders Supporters Highlight Candidate's Policy Positions Amid Criticism of His Personal Style
10449,man betrays his heart by telling friend he can have last dumpling,Man Offers Last Dumpling to Friend
10056,entertainment weekly wins excellence-in-caption-pun award,Entertainment Weekly Wins Excellence in Caption Pun Award
19915,Russian jets have 'unsafe' encounters? Just a friendly wave from the sky.,Russian Air Force Jets Engage in Routine Military Operations Over Eastern Europe
7753,"jim davis, guy who does 'heathcliff' get together for annual lunch to discuss doing cat cartoons",Local Cartoonist Jim Davis Hosts Annual Lunch With Fellow 'Heathcliff' Creator
11182,5 states to decide whether to legalize marijuana or continue honoring god,Five States to Decide Whether to Legalize Marijuana
27422,Government watchdog to investigate Trump's voter fraud commission – because investigating itself would be too meta.,Trump Administration Faces Scrutiny Over Voter Fraud Commission Amid Controversy
14004,Republicans reject disclosure—because transparency is so overrated in a democracy.,Republicans Criticize Transparency and Disclosure in Government
3537,new teen trend 'walking wet and nude' couldn't have caught on at worse time,Teen Trend 'Walking Wet and Nude' Fails to Gain Popularity Amid Harsh Weather Conditions
10396,grumblethor the mischievous pleased with mayhem his magical antics have wrought upon white house–fbi relations,Grumblethor's Magical Antics Cause Disruption in White House-FBI Relations
13606,"Shocking news: Rachel McAdams has aged! The horror, the humanity!",Rachel McAdams Continues to Maintain Youthful Appearance
19667,All the 2017 Grammy winners: the cultural event that reshaped civilization,2017 Grammy Awards Winners Announced
2982,mom leaves sweet little note for sixth-grader in add prescription bottle,Mother Leaves Note in Sixth-Grader's Prescription Bottle
13084,What scenario? Parenting is always smooth sailing.,Parenting Can Be Challenging and Stressful
12542,'new york times' moves all content you won't give a shit about unless you make at least $200k a year into one convenient section,New York Times Introduces Premium Content Section for High-Income Readers
27860,"Report: DNC and Clinton funded Trump-Russia dossier—shocking, as if we didn't see that coming.",Clinton Campaign and DNC Defend Funding of Trump-Russia Dossier
2388,hero lawyer uses technicality to free guilty man,Lawyer Uses Technicality to Argue Client's Innocence in Court
18149,"Robin Wright fought for equal pay—groundbreaking, since no actress has ever done that before.",Robin Wright Advocates for Equal Pay for Female Actors
21115,An apology expert analyzes Melania Trump's plagiarism explanation – because nothing says sincerity like a well-crafted excuse.,Melania Trump Defends Presidential Campaign Speeches Amid Criticism
19379,Martha Stewart's wine service makes drinking Martha-approved? As if we needed more ways to feel like failures at hosting.,Martha Stewart's Wine Service Promotes Luxury Hosting With Tips And Advice
13151,Merkel says we won’t get anywhere with populism—as if the world needed another lecture from the ‘leader of the free world.’,Merkel Expresses Skepticism About Populism Amid Global Economic Challenges
22475,"Whitney Johnson, the trailblazer who co-founded a firm with a famous name – truly breaking the glass ceiling.","Whitney Johnson, Co-Founder of Whitney & Johnson, Explores Career Advancement"
22915,Cheese advent calendar: not your typical Christmas treat—unless you love cheese 24/7.,Cheese Advent Calendar Offers a Unique Twist on Traditional Christmas Treats
35,drunk driver in the zone,Driver in Vehicle Drives While Intoxicated
24124,"Nick Jonas' queer baiting paying off? Shocking, simply shocking.",Nick Jonas' Recent Music Videos and Public Persona Draw Attention From LGBTQ+ Community
7411,report: recent wednesday felt like thursday,Many People Report Feeling Like It's Thursday After Monday
10043,laid-off website designer designs website about being laid off,Laid-Off Website Designer Creates Website About Job Loss
905,breaking: can anyone ever truly know anything? what is the truth?,Philosophical Questions About Knowledge and Truth Remain Resolved
9896,on-the-job sexual harassment: three women tell their sizzling hot tales,Three Women Share Experiences of Workplace Sexual Harassment
113,toddler unsettled by whatever possessed her to bite friend's face,Toddler Bites Friend's Face During Play
25592,"Michael Phelps, the ultimate pool hog, announces he's ready to retire. Shocking.",Michael Phelps Announces Retirement From Professional Swimming
28149,Why won't my kids wish you Merry Christmas? Because they're little rebels.,Parents Often Find It Difficult for Children to Wish Them Merry Christmas
9076,mccain late to debate due to greyhound delays,Mitt Romney Campaign Faces Delays in Debate Due to Greyhound Travel Issues
1147,study: boyfriends who aren't speaking are thinking about ending relationship 90% of time,Study Finds Men Frequently Think About Ending Relationships When Their Partners Are Silent
3147,man happy to set up job interview for fraternity brother he once forced to drink own piss,Brother Relies on Past Trauma to Secure Job Interview With Fraternity Brother
1841,sen. hatch says trump allegations not serious enough that scales should fall from eyes revealing what madness we have begotten,Senator Hatch Criticizes Trump Allegations as Not Serious Enough
7797,senile mother a broken novelty record,Mother's Memory Loss and Cognitive Decline Raise Concerns About Her Ability to Care for Children
17142,Albright apologizes for implying female Bernie supporters will go to hell – because that's a reasonable thing to say.,Albright Defends Remarks on Female Bernie Supporters
26164,Hackers access baby monitors with the ease of a baby ordering pizza.,Hacking into Baby Monitors Is a Common Security Threat
27389,"Street photography in Stockholm, part 2: because part 1 was just too thrilling.",Stockholm Street Photographer Captures Vibrant City Life Through Captivating Images
20022,JWOWW fires back: 'I didn't know I was pregnant!'... because those home pregnancy tests are notoriously tricky to read.,JWOWW Addresses Pregnancy Rumors After Home Pregnancy Test Results
26539,"Bruce Jenner's midlife crisis? No, it's a carefully planned rebranding.",Bruce Jenner Announces Retirement From Olympic Figure Skating Career
23506,"The simple mind trick that helped me lose weight—it's not diet or exercise, but magical thinking!",Many People Find Weight Loss Success Through Mental Tricks Rather Than Dietary or Physical Changes
1415,chris collins thanks supporters with can't-miss tip on biotech stock,"Chris Collins, Biotech Investor, Faces Scrutiny Over Insider Trading Allegations"
17873,"Three simple steps to not take a bad day home – if only it were that easy, right?",Simple Tips to Help Manage Stress and Take a Bad Day Home
22916,"Trump effect on transgender mental health: negatively impactful, shockingly.",Trump Administration's Transgender Rights Policies Draw Criticism From Mental Health Experts
1614,millions of plants sent from nation's garden departments to their deaths,Garden Departments Send Thousands of Plants to Local Landfills
17144,"Prince Harry and Meghan Markle's event will nod to Diana – a subtle tribute, nothing over the top.",Prince Harry and Meghan Markle's Royal Wedding Nods to Diana's Legacy
18370,"The very best part: finally, a break from your family's constant nagging.",Many People Find Relief in Taking a Break From Family Stress
19806,Because nothing says political discourse like a selfie with Kim Kardashian.,Celebrity Selfies Remain Popular Political Commentary Tool
1625,stephen hawking reportedly working on juicy tell-all formula,Stephen Hawking's Final Years Were Marked by Struggles With Health and Writing
1181,female boss walking around like she owns the place,Female Employees Often Display Assertive Leadership Behavior
9265,"""i am equal to any man,"" says stern woman who likely does not menstruate",Woman Asserts Equality With Men After Menstruation
9728,"ad campaign appeals to young, hip, influenced-by-ad-campaigns demographic","Advertising Industry Focuses on Targeting Young, Tech-Savvy Consumers"
5717,candidate delighted to be in chair factory,Candidate Takes Office in New Government Position
2496,baby takes political stance,Baby Takes Political Stance After Parents Introduce Political Discussions
15177,Gunfire in Ferguson after protester hit – classic problem-solving technique.,Ferguson Protesters Clash With Police After Shooting of Michael Brown
26371,"Teachers in Detroit protest, and surprise, schools close. What a novel solution.",Detroit Teachers Union Demands Better Pay and Working Conditions
9108,forgetful karl lagerfeld inadvertently starts lobster-bib trend,Fashion Designer Karl Lagerfeld Dies
4884,nation unsure which candidate's plan to destroy the environment will create more jobs,Environmental Groups Urge Voters to Prioritize Candidates' Climate and Energy Policies
23563,Lee Daniels admits his show is for white guilt—how inclusive of him.,Lee Daniels' New TV Series Criticized for Being Too White and Inclusive
3098,fan doubtful 'solo: a star wars story' can live up to denny's blaster fire burger,Fans Question 'Solo: A Star Wars Story' After Mixed Reviews
3196,nancy grace reports own mind now missing for 83 days,Nancy Grace Announces Break From Media Commentary
25195,Of course Jesus is black—white people never get nailed to things.,Satirical Article Mocks Racist Stereotypes About Black People
16671,"5 better questions to ask allergy families: like, 'Is your child's epinephrine pen fashionable?'",Parents Often Ask Questionable Questions When Asking Allergy Families About Their Children's Medications
22227,Warren's bill: to solve Trump's imaginary conflicts.,Warren's Bill Proposes Legislation to Address Trump's Conflicts
26135,Groot dances again? Guardians sequel promises wooden choreography—revolutionary!,Guardians of the Galaxy Sequel Promises to Feature Groot's Continued Wooden Dance Moves
22886,"LeBron James' 2015 finals was legendary, but nothing compared to this (whatever 'this' is)—a hot take so hot it's volcanic.",LeBron James' 2015 NBA Finals Victory Remains One of the Greatest in NBA History
8769,governor pardons self for living,Satirical Article Mocks Self-Pardoning Governor With Fictional Pardon
22193,"The witching hour is just another boring, supernatural-free time.",Many People Find the Witching Hour Boring and Supernatural-Free
18507,Timelapses of fast-growing cities will make your jaw drop—or just give you neck strain.,Cities Rapidly Expand and Grow at Unprecedented Rates
5712,new historical evidence suggests most pilgrims sailed back home to celebrate first thanksgiving,Historians Suggest Pilgrims Returned Home After First Thanksgiving
28194,Because holidays were totally mono-ethnic before this revelation.,Satirical Article Mocks Stereotypes About Holidays Being Mono-Ethnic
26983,"3 unique and unusual financial tips for 2015. Finally, advice that's not just 'spend less than you earn.' How revolutionary.",Experts Offer Practical Financial Advice for 2015
8623,cheering gets slightly less loud after obama's call for community service,Obama Administration Announces Expanded Community Service Programs
15488,"Taco Bell's test kitchen now offers reservations, redefining fast food as gourmet.",Taco Bell Launches Test Kitchen Offering Reservations for Customers
4078,teen had absolutely no say in becoming part of snapchat generation,Teenagers Often Feel Like They Are Part of the Snapchat Generation Without Having a Direct Role in Its Creation
8556,secretary of the interior meekly asks if there anything she can do to help stop isis,Interior Secretary Meets With ISIS Defector to Discuss Counterterrorism Strategy
19920,24 surefire ways to absolutely annihilate your soul while working from home – because who needs joy anyway?,Working From Home Can Lead to Burnout and Decreased Productivity
26962,4 couscous recipes for every meal – because variety is overrated.,Couscous Recipes Offer a Variety of Options for Meal Planning
20958,Democrats debate climate change: a rare moment when they address an actual issue.,Democrats Focus on Climate Change as Key Policy Issue
2082,romney: 'this is why they call me turnaround mitty from comeback city',Romney Emphasizes Turnaround Strategy in New Campaign Slogan
13852,Flynn seeks immunity: the classic move of the completely innocent.,Flynn Denies Immunity Amid Ongoing Investigation
25763,"Rob Porter resigns due to abuse allegations. Shocking, given the administration's stellar record on ethics.",Former White House Chief of Staff Rob Porter Resigns Amid Abuse Allegations
23171,Handshakes at Olympics: unity achieved through carefully staged diplomacy.,Olympic Handshakes Highlight Diplomatic Ties Between Nations
15976,Prank glues child to toilet: comedy at its finest!,Child Accidentally Glues Self to Toilet During Prank
22157,"Mark Hamill says Luke might be gay: Star Wars embraces diversity, decades late.",Mark Hamill's Luke Skywalker Character in Star Wars Continues to Be a Traditional Homosexual Icon
3605,man who lost leg to whale decides to let it go,"Man Loses Leg in Whale Attack, Decides to Accept Fate"
4368,'phantom thread' wins academy award for best film you liked but probably wouldn't see again,Academy Award Nominee 'Phantom Thread' Wins Best Costume Design
6417,friend's grandma to give you hug too,Friend's Grandmother Plans to Give Friend a Hug
331,college roommates to continue bonding process until real friends made,College Roommates Continue to Develop Friendship Bonds Until They Meet Real Friends
3664,bush sr. apologizes to son for funding bin laden in '80s,Former President George H.W. Bush Acknowledges Funding of Bin Laden in 1980s
8614,report: 80% of subway track repairmen run over each day,Subway Maintenance Workers Face High Fatality Risk Due to Heavy Workload
24871,"Finally, after all these years, the public is deemed worthy of seeing some old buildings. How generous.",Historic Buildings Remain Unseen to Public Due to Preservation Concerns
28029,little tobacco hit with $3.5 hundred lawsuit,Tobacco Industry Faces $3.5 Billion Lawsuit Over Health Risks
13178,"Why do mirrors flip sideways but not upside down? Because they're secretly plotting against us, that's why.","Mirrors Flip Sideways, Not Upside Down, Due to Optical Illusion"
119,new ad preys on people with 'ideas',New Ad Targets People With Creative Ideas
12185,empire state building ultimately supports nsa spying measures,NSA Surveillance Programs Linked to Construction of Empire State Building
26663,"Exclusive: Family of teen shot near Ferguson speaks out, in a world where such events are commonplace.",Ferguson Shooting Family Speaks Out After Teen's Death
422,white house claims iran behind attack on nancy kerrigan,White House Denies Link Between Iran and Nancy Kerrigan Attack
15151,Racism accusations are overblown; cops quitting after a black mayor is just a happy coincidence.,Racism Accusations Against Police Officers Remain Unsubstantiated
13580,Priest finds puppy just where he left it; story of his life.,Father Finds Lost Puppy in His Home
15864,"450 protesters arrested in Tehran, government calls it 'a minor adjustment to public order.'",450 Protesters Arrested in Tehran Amid Ongoing Political Tensions
13475,5 tweets from the NRA that are literally worse than the Oregon gun massacre itself. Obviously.,NRA Releases Series of Tweets Critiquing Gun Control and Advocating for Second Amendment Rights
14116,"Steven Tyler admits to hitting on daughter's friend: standard rockstar parenting, totally normal.",Steven Tyler Denies Allegations of Hitting on Daughter's Friend
19328,The mid-sex revelation that revolutionized your life (probably not).,Many People Report Feeling Confused or Disappointed After Discovering They Are Gay or Bisexual
28098,"James Cameron cried hearing Titanic theme. Just a little tear, I'm sure.",James Cameron's Titanic Theme Song Causes Emotional Response
16358,'Friends' co-creator on a reboot? As if we needed more recycled 90s nostalgia.,Friends Reboot Announced to Revive 90s Nostalgia
25889,"Bush's electability argument weakens—shocking, given his stellar track record of winning hearts",Bush's Electability Question Remains a Major Concern Despite His Record
19307,HuffPollster: Carly Fiorina probably won't help Ted Cruz save his campaign: what a surprise.,HuffPost Pollster Predicts Carly Fiorina Will Not Help Ted Cruz Save His Campaign
23353,"Another week, another promise to find the plane.",Air Travelers Face Delays and Disruptions as Weather and Air Traffic Control Issues Persist
16745,"Guns messing with feng shui? California's real problem is bad vibes, not bullets.",California Residents Report High Levels of Stress and Anxiety
3850,god irritated guests do not understand it time to leave heaven,Guests Frequently Leave Heaven After Being Disappointed by Host's Expectations
20355,'She's in King David Cemetery. That is where I go to see my kid now.': pleasant family outing.,Family Visits King David Cemetery for Memorial Service
25573,"Tyra Banks doesn't have time for Drake's behavior, models are above it all.",Tyra Banks Addresses Drake's Behavior in New Interview
4973,nra calls for more common-sense gun deaths,NRA Advocates for Common-Sense Gun Control Measures
27490,Decode the arcane language of teens with this one ancient secret.,Teenagers Often Use Complex Language to Communicate With Each Other
23204,Here are six surefire ways to ensure your divorced friend never speaks to you again—you're welcome.,Friends Often Struggle to Rebuild Relationships After Divorce
21608,"6 people, including children, die in mass shooting—just another Tuesday in the land of the free, home of the brave.",Mass Shooting Claims Six Lives in U.S.
2434,missing mount everest climbers feared buried under avalanche of dead mount everest climbers,Avalanche Buries Mount Everest Climbers in Himalayan Disaster
725,increasingly horrified man listens to self explain what he does for a living,Man Expresses Frustration Over Constant Repeated Explanation of Job Responsibilities
6691,50-year-old prince licks aarp representative's face,Prince Licks AARP Representative's Face During Annual Convention
25175,"Clinton lawyer funded Steele dossier? In other news, water is wet and politicians are shady.",Clinton Campaign Funded Steele Dossier
11910,mcdonald's unveils new senior citizen playplace,McDonald's Announces New Senior-Friendly Play Area for Older Adults
21482,"Nothing boosts sales like homelessness, right? Who needs a home when you have cookies?",Homelessness Remains a Major Challenge for Businesses and Consumers
20336,"Hillary Clinton steals show in 'Song for Women', breaking glass ceilings one cameo at a time.",Hillary Clinton Makes Brief Appearance in New Musical 'Song for Women'
19831,"Colleges brave Cuba for exchanges, thawing relations one class at a time.",Colleges Expand International Exchange Programs to Foster Global Connections
9208,"area man much happier, more relaxed since joining cult",Local Man Reports Improved Mood and Reduced Stress After Joining Religious Group
16428,"Two beatboxers make corporate jargon sound cool, turning 'leverage' into art—who needs clear communication?",Corporate Jargon Used to Make Technical Terms Sound Sophisticated
22438,Mike Pence links Iranian scientist's execution to Hillary's emails? Logical as ever.,Satirical Article Mocks Conspiracy Theorists With Mike Pence Linking Iranian Scientist's Execution to Hillary Clinton's Emails
26467,Fans get front-row seats to unexpected player meet-and-greet (with fists).,Fans Attend Concert Featuring Upset Player
4955,area man determined to get money's worth from pay toilet,Man Plans to Use Toilet as Portable Cashbox
5867,newlyweds regret saving sex for marriage,Many Newlyweds Report Regret Over Delaying Intimacy After Marriage
3639,unattractive man not fooling anyone by dressing well,Man's Poor Fashion Choices Draw Attention From Others
12057,area teen smoking like he's been to fucking war or something,Teen Smoking Habits Remain Common Despite Growing Concerns About Youth Smoking
15429,"Dove Deodorant joins the political fray with #AlternativeFacts, because what the world needs is more corporate snark.",Dove Deodorant Launches Social Media Campaign to Promote Brand Values
8897,"fear of being alone, ticking biological clock wed in beautiful outdoor ceremony",Couple Marries in Outdoor Ceremony Amid Concerns About Aging and Loneliness
7870,trump slammed for signing john mccain defense bill without praising how many people it will kill,Trump Signs McCain Defense Bill
6976,10th-grade prodigy studying mathematics at 10th-grade level,High School Student Studies Advanced Mathematics at 10th Grade
6344,"just when couple finally stops stressing about having a baby, they're still not pregnant",Couple Experiences Delayed Pregnancy After Initial Expectations
1044,watching faces of students as they finish 'the lottery' highlight of english teacher's year,English Teacher Reflects on Year's Most Memorable Student Performance
1458,'mr. falafel' owner does not actually like being addressed as mr. falafel,Falafel Shop Owner Says He Does Not Like Being Called 'Mr. Falafel'
19227,"Celine Dion's tribute: emotional, as expected at awards shows.",Celine Dion Performs Emotional Tribute to Late Husband on 'The Voice'
1339,"columbus day protests once again erupt as nation struggles with its dark, anti-italian past",Columbus Day Protests Continue Nationwide Amid Ongoing Debate Over Native American History
7126,really ugly shark tired of being mistaken for hammerhead,Shark Misidentified as Hammerhead Due to Physical Characteristics
13128,Are sheep secretly controlling your mind? This article thinks so.,Satirical Article Claims Sheep Are Controlling Humans' Minds
6985,cleveland ukrainian museum pulling out all stops to prepare for onrush of rnc visitors,Cleveland Ukrainian Museum Prepares for Rush of Republican National Convention Visitors
26443,Video exposes sexism in politics. Women are so surprised.,Satirical Article Mocks Political Stereotypes With Fictional Video Exposing Sexism
5331,red cross issues reminder they can't accept donations from people with loose blood cupped in hands,Red Cross Reminds Donors to Only Accept Cash Donations
28253,Your dog is basically a mini SUV with fur. Time to carbon-tax Fido!,Pet Owners Often Mistake Canine Fur for Vehicle Fur
17299,What's your book shelfie style? Show off your intellectual vanity for the internet.,Bookshelf Decor Trends Highlight Personalized Book Display
18688,"Privacy activists rally to Apple's defense, trusting a corporation with their privacy.",Privacy Advocates Urge Consumers to Trust Apple's Data Protection Measures
27739,east st. louis rated 'number one city in america' by poverty magazine,East St. Louis Ranked Among Most Poverty-Stricken Cities in the United States
17009,"House passes stopgap bill before break, such diligent governance",Congress Passes Stopgap Bill to Avoid Government Shutdown
27330,"Oh, look, Chris Christie's totally unbiased interview with Donald Trump where he just gushes non-stop.",Chris Christie Conducts Interview With Donald Trump
8039,"'humanity deserves to live in darkness,' onion social algorithm cries out before bursting into bright light, disappearing from earthly realm",Social Media Algorithm Criticized for Promoting Dark Content
4019,each passenger has own theory about how guy got into first class,Passengers Speculate on How First-Class Passenger Got Access to Elite Class
27716,real toy used as sex toy,Toy Industry Faces Scrutiny Over Safety Concerns and Exploitation of Children
4889,israeli soldiers open fire on palestinians carrying potentially dangerous injured friends,Israeli Soldiers Open Fire on Palestinian Civilians in Gaza
22433,Drunken angry white men huddle together? Sounds like a peaceful gathering.,Group of Angry White Men Gathered Together in Public
28392,"failing memory fuses robert wuhl, kevin pollack into single entity",Two Former NBC News Anchors Reportedly Form Strong Friendship After Retirement
18528,"Artist merges genders with late lover as ultimate collaboration, pushing artistic boundaries tastefully.",Artist Collaborates With Late Partner on New Art Piece
26742,News roundup for April 17: catch up on everything you didn't care about.,News Roundup Highlights Current Events and Current Affairs
10712,report: therapist just saying that to make you feel better,Therapist's Advice Often Focuses on Emotional Comfort Rather Than Addressing Underlying Issues
18304,"Simple steps to find work you love: dream big, then accept any job—it's that easy.",Many People Struggle to Find Work That Aligns With Their Passion
22680,"Oh, sure, because generalizing half the population is always a great idea – let's all embrace that wisdom!",Generalizing Entire Populations Is Not a Reliable or Effective Approach to Social Change
8727,chuck berry remembers call from cousin about white kid playing 'johnny b. goode',Chuck Berry Reflects on His Early Music Career and the Influence of His Cousin's Story
12639,scientists determine tingling sensation of asmr caused by mass brain cell die-off,Researchers Investigate the Source of Autonomous Sensory Meridian Response (ASMR)
7088,dog feels like he always has to be 'on' around family,Pets Often Struggle With Anxiety And Stress When Family Members Are Unavailable
14620,A groundbreaking musical collaboration that will redefine symphonies.,New Musical Collaboration to Debut in Major Theater
24496,3D-printed eyes help faces grow: nothing unnatural about that.,Researchers Develop 3D-Printed Prosthetic Eyes for Humans
11041,college freshman from florida has never seen people complain about snow for 5 months before,College Freshman Struggles to Adjust to Cold Weather After Moving to a Cold Climate
6761,california to allow prisoners to serve sentences online,California to Consider Online Prison Sentence Reform Following Federal Court Ruling
5133,mad lit professor puts finishing touches on bloomsday device,University Professor Finalizes Plans for Bloomsday Device
2393,dana loesch rethinking loyalties after seeing how much airtime teen activists getting,Danah Zohar and Dan Loeb Criticize Teen Activism for Lack of Substance
25629,"Leaked cables contradict Clinton? I'm shocked, simply shocked.",Satirical Article Mocks Conspiracy Theories About Clinton Cables
6211,peer group forces man to have opinion on 'weird al',Peer Group Encourages Man to Share Opinion on 'Weird Al' Yankovic
8846,butterfly under immense pressure not to fuck up timeline with misplaced wing flap,"Butterfly Flaps Wings Rapidly During Flight, Causes Unnecessary Disturbance"
19808,Even the flowers are fleeing California's perfect weather for the chilly north.,California Weather Remains Mild and Unseasonably Cool
17912,Why can't women just bounce back like superheroes? Baby weight is so rude.,Women Face Additional Challenges in Regaining Weight After Pregnancy
16536,"Watch: Clearing world anger in one viral video, because that's how problems work.",Viral Video Highlights Global Tensions and Frustration
4394,report: mom's work friend has no one,Mother's Friend Has No Family Support
15661,2016: A Year When Voters Mattered a Little,Voters in 2016 Showed Low Turnout and Low Voter Turnout
11067,new study finds running for 20 minutes each day could add years of soreness to life,Running Daily for 20 Minutes May Cause Persistent Muscle Soreness
27719,44 suspicious packages detonated under white house christmas tree,Satirical Article Claims White House Christmas Tree Was Bombed by Suspicious Packages
9289,"mitch mcconnell has hands, vocal cords removed to prevent self from holding hearing on scalia replacement",Senate Confirmation Process for Supreme Court Nominee Under Scrutiny
15479,"Yes, you can use government money to get out of student loan default. Nothing says fiscal responsibility like borrowing more to pay off debt.",Government Assistance Programs Help Students Pay Off Student Loans
24112,"The five parent types that everyone universally adores to despise, no exceptions.",Parents Often Face Criticism for Their Parenting Styles
10722,clinton's head sawed off,Satirical Article Mocks Conspiracy Theories About Clinton's Head Being Severed
9574,report: this not a gun,Report Highlights Common Misconceptions About Firearms
21905,Interior Department's brilliant plan: slice the Endangered Species Act—because who needs pandas when we have more drilling?,Interior Department Announces Plan to Roll Back Endangered Species Protections Amid Drilling Expansion
10282,budget woes force heaven to reduce eternal life to 500 billion years,Satirical Article Imagines Heaven Reducing Eternal Life to 500 Billion Years to Address Budget Shortfalls
27522,Distributor won't release Louis C.K. film after misconduct? Hollywood morals at work.,Louis C.K. Film Distribution Deal Faces Scrutiny Over Sexual Misconduct Allegations
26993,"Do I need to upgrade my health insurance? Unless you want bankruptcy from a minor allergy, probably a good idea.","Health Insurance Costs Continue to Rise, Leaving Many Consumers Struggling to Afford Coverage"
20762,"Deputy who flipped Spring Valley High student acted reprehensibly? Say it ain't so, school officials!",Spring Valley High School Deputy Arrested for Alleged Assault on Student
22705,Oil lobby opposes Obama's oil tax – say it with me: utterly predictable.,Oil Industry Groups Oppose Obama's Proposed Oil Tax
5501,entitled burger king employee wants $15 an hour just for dealing with worst of america every day,Burger King Employee Demands $15 Per Hour Wage
27022,Living with mindfulness and love? That's the solution to all world problems.,Mindfulness and Love Remain Key to Addressing Global Challenges
14112,Michelle Obama's daily habit is all about happiness: because positive vibes fix systemic issues.,Michelle Obama Advocates for Happiness and Well-Being in Daily Life
23065,1970 Cosmo's guide for ladies: timeless advice on pleasing men with your hands.,Satirical Article Mocks Cosmopolitan's Advice on How to Attract Men With Your Hands
7311,cricket located,Cricket Found in Various Locations Worldwide
3271,new employee still eager enough to pick up slack for coworkers,New Employee Still Strives to Meet Expectations After Initial Reluctance
10526,"defense: 'george zimmerman is, you know, he's a decent enough guy'",Defense Attorneys Argue George Zimmerman's Actions Were Justified in Florida Shooting Case
6828,gondolier ordered to follow that gondola,Gondolier Remains in Position to Guide Gondola Through Venice Canal
2341,tucker carlson angrily explains difference between good baby and bad baby,Tucker Carlson Discusses Differences Between Good and Bad Babies
120,mom uses full name to refer to bisquick impossibly easy cheeseburger pie,Mother Creates Simple Cheeseburger Pie Using Bisquick
18962,"Aww, how quaint – an LGBT foster youth has a Christmas wish. How utterly unexpected and not at all heartwarming.",LGBT Foster Youth Wish List Highlights Challenges of Coming Out During Holiday Season
26439,Christian sideshow in acts of terror. Peaceful as always.,Satirical Article Mocks Religious Extremism With Fictional 'Christian Sideshow'
12949,"'nothing would surprise me at this point,' says man who will be shocked by 8 separate news items today",Man Predicts He Will Be Surprised By Multiple News Stories Today
19677,"Comedian justly berates 'SNL' for its 30-year gay cast member drought, a true scandal",SNL Continues to Feature Male Cast Members
4660,royal baby spits up on great-grandmother,Royal Baby Spits Up on Great-Grandmother During First Public Appearance
27148,"Putin's childhood friends defend him in SNL spoof: Loyalty knows no bounds, even for 'petty' pals.",Satirical Article Mocks Putin's Alleged Loyalty to Friends
23975,Nothing says 'romance' like rewatching 'The Notebook' while eating cold pizza alone.,Romantic Revisit of Classic Film 'The Notebook' Remains a Comforting and Relatable Experience
11493,greenspan just repeating detractors' criticisms in high-pitched girly voice,Federal Reserve Chairman Alan Greenspan Faces Criticism Over Monetary Policy
16695,Out-bad Chronicles: Fantasy from Hell – hell must be running out of bad fantasies.,Fantasy Novel 'Out-Bad Chronicles' Explores Dark Themes and Complex Moral Ambiguity
16277,"Trump picks another insider for transportation role, shocking no one.",Trump Appoints Former Transportation Secretary Anthony Scaramucci to New Role
23126,"Can Reddit ban hate? Sure, just like we banned guns.",Reddit Faces Scrutiny Over Content Moderation Policies Amid Concerns Over Hate Speech and Violence
13994,Conscious uncoupling is wimping out? And other groundbreaking life lessons from the enlightened.,Conscious Uncoupling: A Common Life Transition That Often Fails to Achieve Long-Term Success
3929,entire republican national convention stunned as ann romney asks for divorce,Romney Campaign Faces Scrutiny Over Personal Relationships and Divorce
1072,amount of water man just used to wash dish to be prize of hand-to-hand combat match in 2065,Man Wins Hand-to-Hand Combat Match With Water-Based Water Gun
20344,"The U.S women's gymnastics team turns heads at the VMAs: with their flawless routines, obviously.",U.S. Women's Gymnastics Team Competes at 2019 VMA Awards
1654,woman 7 golden retrievers short of childhood vision,Woman's Vision Loss Causes Difficulty With Daily Activities
5840,report: shame of walking out without buying anything drives 90% of purchases at small businesses,Study Finds Consumers Often Purchase Products After Feeling Guilty About Leaving Small Businesses
25946,Pro-Trump trolls target Megyn Kelly's book? So respectful and on-topic.,Megyn Kelly's New Book Criticized by Trump Supporters
19332,Washington players celebrate with simulated 'stop and frisk'—tasteless humor at its finest.,Washington Football Players Mock 'Stop and Frisk' Policy During Training Camp
20557,Britain's EU referendum polls close? Time to see which side's bitterness wins the day.,UK Votes to Leave the European Union in Historic Referendum
22848,"A toddler's deep insights into mortality—because kids are basically philosophers, right?",Children Often Display Sophisticated Understanding of Death and Mortality
5831,nra spokesman: a hebrew?,NRA Spokesman Claims He Has No Jewish Heritage
3279,genetic experiment goes horribly right,Researchers Successfully Conduct Genetic Experiment
27447,"Feeding people, and democracy, to death – our efficient governance model.",Governance Model Faces Criticism for Inefficient Allocation of Resources and Inequitable Distribution of Benefits
12615,video game shopkeeper starting to get suspicious after selling 800 bombs to player,Video Game Shopkeeper Suspicious After Selling 800 Explosive Items to Player
1610,nutella briefly entertained as lubricant,Nutella Used as Lubricant in Industrial Applications
15383,"I was pranked by Muhammad Ali, the boxer known for his poetic trash talk, what a harmless joke.",Boxer Muhammad Ali Famous for His Famous Boxing Quotes and Promotional Promises
19294,Father of Parkland victim creates powerful mural: because what's a few more names on a wall?,Father Creates Mural Honoring Parkland Shooting Victims
499,"report finds koch brothers increasingly falling under control of influential, high-powered trillionaire",Koch Brothers Face Scrutiny Over Influence and Political Spending
26675,"A high school denies a gay student a scholarship, upholding timeless values of exclusion.",High School Denies Gay Student Scholarship Amid Controversy
23754,"Illustrations sum up anxiety, because a picture is worth a thousand panic attacks.",Anxiety Often Overwhelms Individuals With Vivid Imagery
19201,"National Enquirer, bastion of truth, turns on Michael Cohen – the plot thickens.",Michael Cohen Faces Scrutiny Over Business and Legal Ties to Donald Trump
16843,Throwing in the towel? How original for a media mogul.,Media Mogul's Latest Venture Faces Setbacks
20994,"Williams' lies so elaborate, Pinocchio would need a longer nose to keep up.",Williams' Claims of Being a Successful Businessman and Entrepreneur Are Questionable
11508,grounded plane makes snow angel on tarmac,Airline Flight Makes Snow Angel on Tarmac After Landing
15700,"Trevor Noah reveals Trump is raking in cash as president, what a successful side hustle.",Trevor Noah Criticizes Trump's Economic Policies and Wealth Accumulation
1085,visine introduces new eye-whitening strips,Visine Announces New Eye Whitening Strips
17149,Greed and resistance in Sarawak's rainforest – corporations always have our best interests at heart.,Corporations Face Scrutiny Over Environmental and Social Impact in Sarawak's Rainforest
14688,"Democrat says GOP is holding government hostage, because they're just so reasonable.",Democrats Criticize GOP for Holding Government in Stalemate
2714,"bob barr on two-party system: ""waaah! waaah!""",Bob Barr Criticizes Two-Party System in Presidential Campaign
10103,al-qaeda chatter deteriorates into gossip,Al-Qaeda's Online Communication Network Faces Challenges in Maintaining Sophisticated Tactics Amid Gossip and Disinformation
8596,time traveler from 2008 freaked out by guy wearing google glass while smoking e-cigarette,Man's Google Glass and E-Cigarette Combination Raises Concerns About Future of Smoking and Technology
26642,"FBI employees showcase their subtle, professional loyalty to Comey with 'Comey is my homey' shirts at family day.",FBI Employees Wear 'Comey is My Homey' T-Shirts at Family Day
4615,self-conscious panda swears it overheard zookeeper refer to it as 'giant',Panda Exhibited Self-Consciousness After Overheard Zookeeper Calling It 'Giant'
25384,McKinsey reveals that equality might boost economy; someone alert the Nobel committee.,McKinsey Report Highlights Economic Benefits of Promoting Equality
23605,Veterans are pissed at Trump for not spelling Marine Corps – the real issue.,Veterans Express Frustration Over Trump's Handling of Marine Corps
7169,"police chief says there just a few bad, deeply ingrained prejudices giving all cops a bad name",Police Chief Addresses Criticism of Law Enforcement Amid Ongoing Racism and Bias Allegations
25221,"American women suddenly all want kids, population boom imminent!",American Women's Desire for Children Remains Stable Amid Population Growth
4949,history teacher has unusual favorite president,History Teacher's Favorite President Is Uncommonly Popular
24899,"Ten supremely obvious tips you've heard a thousand times, now repackaged as groundbreaking life hacks for the chronically online.",Online Users Frequently Overuse Overused Life Hacks
4238,makers of good friends cereal not sure how two pictures of ann coulter got on box,Cereal Box Contains Two Images of Ann Coulter
24830,"ESA lander poised for its small, insignificant, totally routine Martian adventure.",ESA's Mars Lander to Launch on Routine Mission to Explore the Red Planet
18534,"David Chase analyzes Sopranos ending shot-by-shot, essential viewing for understanding the universe.",David Chase Reflects on the End of The Sopranos
20163,"Barack Obama graciously helps Donald Trump deal with Twitter loss, showing presidential kindness.",Trump Faces Criticism Over Twitter Use
11243,navy discontinues use of 'port' and 'starboard'will now refer to left as 'thunk' and right as 'moosh-baroo',Navy Updates Navigation Terminology to Replace 'Port' and 'Starboard' With 'Left' and 'Right'
20537,"Kidnapping suspect says vaccine's side effects led him to crime. Blame the vaccines, not the fact that he's a kidnapper.",Vaccine Skeptic Claims Side Effects Led to Kidnapping
12970,"trump boys leave $5 bill, candy bar under propped-up laundry basket in effort to catch op-ed writer",Trump Administration Officials Leave Money and Snacks for Journalists
21930,Trump nominee suddenly loves the agency now that there's a paycheck involved – what a surprise!,Trump Nominee's Support for Agencies Increases Following Pay Raises
12090,stressed lab rat breaking out in human ears,Lab Animal Exhibits Stress Symptoms in Human Ears
6023,resourceful man able to cobble together bad mood from handful of minor annoyances,Man Attempts to Manage Stress by Focusing on Minor Disappointments
1070,rare quarter worth 26 cents,Rare Coin Worth 26 Cents Sold at Auction
13465,Montana Dems nominate a banjo player for special election: Because why elect a politician when you can have a musician?,Montana Democrats Nominate Banjo Player for Special Election
6875,new speech recognition software factors in user's mouth always being full,Speech Recognition Software Often Struggles With Users Who Are Always Full
21242,17 ways to make the most of what's left of summer: as if you weren't already masterfully procrastinating.,Summer Procrastination Remains a Common Challenge Despite End-of-Summer Motivations
17156,Jessica Simpson takes the plunge after crushing us with reality TV news – our hearts are shattered.,Jessica Simpson Returns to Reality TV Following Breakdown
9941,dinner party conducting full-scale investigation to determine if tip was included,Hosts Investigate Whether Guests Included Tipping at Dinner Party
5502,man swells with shame after entering zip code into girl scout cookie locator,Man Searches for Girl Scout Cookie Locations Using Online Cookie Locator Tool
20348,"Trump says Congress won't change libel laws: consistency is key, even when wrong.",Trump Administration Defends Libel Laws Amid Criticism
21164,Marathon for kids with heart disease – because running cures everything.,Children Participate in Marathon to Raise Awareness for Heart Disease
18464,Want to be shot from a cannon? Bello the clown makes dreams come true.,Bello the Clown Performs at Children's Birthday Party
13561,How to make fashion week's glitter eyeliner actually wearable without blinding your coworkers.,Fashion Week Eyeliner Trends Often Overlooked for Workplace Wearability
912,breaking: thriller writer jeffery deaver at top of his game,Jeffrey Deaver Continues to Thrill Readers With Highly Acclaimed Series
19486,Epidemic of Gun Silence: No One Talks About Guns Anymore,Public Opinion Shifts Toward Gun Control Following Mass Shootings
5360,"onion social ceo caught by law enforcement at miami airport with $800,000 in cash","Onion Social Media Platform CEO Arrested at Miami Airport With $800,000 in Cash"
26890,A long-shot push to confirm Garland fails? What a shocker.,Congressional Efforts to Confirm Garland to Supreme Court Face Obstacles
15196,"This one song will absolutely, definitely change your life and solve all societal ills.",New Song Claims to Revolutionize Society and Transform Lives
9132,20-something thinking about maybe doing something funny with his facial hair,Young Man Considers Growing Beard or Mustache
12705,jonathan safran foer guesses it's time to give up on silly little dream of becoming good writer,Jonathan Safran Foer's Literary Career Faces Challenges Despite Early Success
15172,"Linda Brown dies, but segregation's legacy thrives – progress, isn't it?","Linda Brown, Civil Rights Icon, Dies at 85"
2541,child clinging to daddy's leg like it's helicopter evacuating saigon,Father Holds Child Securely During Family Emergency
32,historical archives: amazing publick spectacle!,Archives Highlight Historical Events and Cultural Significance
19210,"Sudan's chemical weapons use confirmed, because diplomacy is overrated.",Sudan Confirms Use of Chemical Weapons in Darfur Conflict
27884,What better way to dispel myths than with a toy that highlights differences?,Toy Company Launches New Product to Address Common Misconceptions About Its Brand
21240,"Oh great, the 'quadruple bottom line' is finally here—because three bottom lines were clearly insufficient for our existential dread.",Company Announces Quadruple Bottom Line
23672,Texas GOP Chair Laments Inclusion of Gay Conversion Therapy: So Brave to Defend a Practice Everyone Knows Is Nonsense,Texas GOP Chair Defends Conversion Therapy Amid Criticism
7240,pornstar has face only stepmother could love,Reality TV Star's Face Remains Unremarkable Despite Fame
10412,florida passes strict ban on being unarmed,Florida Lawmakers Propose Bill to Ban Unarmed Citizens
16874,Cuba joins one billion rising: because ending violence is so easy with communism.,Cuba Continues to Struggle With High Levels of Violence and Political Repression
4912,fcc passes mandatory garofalo/griffin guest-appearance regulation,Federal Communications Commission (FCC) Proposes New Rules to Regulate Guest Appearances of Celebrities on Television
11832,mitsubishi from 'the fast and the furious' lands first directorial role,Mitsubishi Motors Appoints First Female Director to Lead Film Production
11030,report: video games will never be art,Report Highlights Video Game Industry's Focus on Gameplay Over Artistic Merit
26396,Secretive WHCD pre-party: where celebs pretend to care about journalism.,Celebrities Attend Exclusive White House Correspondents' Dinner
8067,area man hurt,Local Man Injured in Accident
13735,FDA warns another company about unapproved genetic tests. Because we need more ways to mess with our genes.,FDA Warns Companies About Unapproved Genetic Tests
22865,Mark Hamill shuts down Trump's latest complaint with 3 blistering words—the Jedi Master of clapping back has entered the chat.,Mark Hamill Responds to Trump's Latest Criticism
23826,"Scientology's 'Going Clear' is just like the original, but with more truth, apparently.",Scientology's 'Going Clear' Documentary Highlights Church's Controversial History and Controversies
28522,if the culture fits... because who needs qualifications when you have a shared love for ping-pong?,Many People Prioritize Shared Interests Over Professional Qualifications
23991,Laverne Cox taught the cast about trans issues—because Hollywood never learns anything.,Laverne Cox Advocates for Trans Representation in Television and Film
20118,"Siri helps hero 4-year-old save his unconscious mom's life: Apple, now with life-saving features!",Apple Introduces New Features to Enhance Siri's Safety and Emergency Assistance Capabilities
2616,crowd shocked after unhinged trump dangles baby from truman balcony,Trump Administration Faces Scrutiny Over Alleged Baby Dangling Incident
17818,10 motivational phrases? Because affirmations build skyscrapers.,Affirmations and Positive Self-Talk Can Boost Confidence and Well-Being
11580,wal-mart greeter at death's door,Wal-Mart Greeter Struggles With Job Security Amid Retail Industry Shifts
26374,Ivanka Trump promises Daddy will fix labor laws for women—what could go wrong?,Ivanka Trump Vows to Address Labor Laws for Women During Upcoming Visit to the US
8586,area man likes food,Local Man Enjoying Meals
7525,vp pick energizes republican basest,Republican Party Selects Vice Presidential Nominee
17127,Watch Justin Timberlake do the robot in 'Filthy': a dance move so innovative it redefines music videos.,Justin Timberlake Performs Dance Routine in 'Filthy' Music Video
4885,tim kaine clearly ate rocket pop during pence's rebuttal,Tim Kaine and Mike Pence Engage in Competitive Rebuttal During Presidential Debate
5995,school teacher not about to risk her life for derek,Teacher Refuses to Take Risks to Protect Student Derek
7130,michael j. fox reluctantly fields hoverboard question during parkinson's research benefit,Michael J. Fox Participates in Parkinson's Research Benefit
20705,A small drop in vaccines? Just a tiny risk of tripling infections.,Vaccine Safety Concerns Remain High Despite Small Drops in Vaccination Rates
354,orlando locals fear town starting to become overrun by tourists,Orlando Residents Express Concern Over Growing Tourist Population
3430,noncompete clause in lease bars tenants from living anywhere else for 90 days after moving out,Lease Agreement Often Includes Non-Compete Clauses That Restrict Tenants From Working for Competing Companies
1948,spoon's weight topples pint in jarring reminder of how much ice cream area man ate in one sitting,Man Consumes Entire Pint of Ice Cream in One Sitting
22486,"Women face same career challenges globally? Shocking, that's never been mentioned before.",Women Continue to Face Career Challenges Globally Despite Global Progress
12812,area love knows only court-ordered bounds,Local Couple Faces Challenges in Maintaining Intimacy After Marriage
9691,"grandma still swallowing okay, grandpa reports",Grandparents Reportedly Continue to Eat Regularly Despite Health Concerns
15722,Criminal justice system wins gold in failing victims—Olympic performance!,Criminal Justice System Faces Criticism for Ineffective Response to Victims' Needs
13609,"Behold, five national parks that are apparently the best, as proven by a handful of Instagram-worthy snaps.",Five National Parks Highlighted for Their Scenic Beauty and Instagram-Worthy Landscapes
26893,"A trans author says no one should transition publicly, which is a bold stance from someone who did.",Author Advocates Against Public Transitioning
4143,dr. scholl's introduces new cartilage inserts for all-day knee pain relief,Dr. Scholl's Introduces New Knee Pain Relief Products
16134,"Chelsea Handler's last-minute reminder: don't vote for Trump, as if you needed another reason",Chelsea Handler Warns Voters Against Trump in Last-Minute Campaign Ad
8266,area man stops self after eating 3 advent calendars,Man Stops Eating Three Advent Calendars After Consuming All Treats
18903,The world stopped spinning because DiCaprio and Gaga shared a glance at the Golden Globes.,Leonardo DiCaprio and Lady Gaga Attend Golden Globes
22334,"Being obese is linked to 11 cancers, but it's probably not that serious.",Obesity Linked to Increased Risk of 11 Cancers
12455,pilot tells passengers he's about to try something,Airline Pilot Announces Plan to Take Passengers on Unannounced Flight
24249,Revolution? More like a mild protest with tea parties.,Local Residents Organize Mild Protest Over Proposed Development Project
4999,department of the interior sets aside two million acres for car commercials,Interior Department Allocates $2 Million for Advertising Campaigns
16186,Leaving a wonderful man after 27 years – who needs happiness anyway?,Many People Report Feeling Sad When Leaving a Long-Term Partner After 27 Years
3257,report: it too soon to glance back at attractive person,Study Finds People Often Delay Looking Back at Attractive People After Initial Gaze
22984,"Another Sigma Nu chapter suspended for offensive remarks, fraternities are such models of decorum.",Sigma Nu Fraternity Suspended After Members Make Offensive Remarks
17562,"Meet 'Teacher,' the futuristic machine that will revolutionize drawing by showing you how to hold a pencil – groundbreaking.",Satirical Article Mocks Futuristic Technology With Fictional 'Teacher' Robot
7515,report: u.s. economy loses $20 billion annually to americans writing ideas down illegibly,Report Highlights Widespread Lack of Proper Note-Taking Among Americans
7867,atari releases updated adventure video game,Atari Announces Updated Version of Classic Adventure Game
14476,Jeb Bush's adviser on predatory college board: helping students or helping himself?,Jeb Bush's Education Adviser Criticized for Prioritizing His Own Interests Over Student Success
7631,departing obama tearfully shoos away loyal drone following him out of white house,Former President Obama Departs White House Following Historic Presidency
3379,dad thought he could make it out of zoo without buying kids light-up shit,Father Realizes He Can't Escape Zoo Without Purchasing Children's Toys
10815,self-helped woman won't stop at just self,Self-Help Guru Claims She Won't Stop Until She Achieves Personal Fulfillment
28453,jared and ivanka holding each other at gunpoint in kitchen after simultaneously revealing undercover identities,Jared Kushner and Ivanka Trump Reportedly Hold Hands in Private Kitchen
2149,upcoming election deduced from sports illustrated content,Sports Illustrated Publishes Election Coverage
14459,"A possible pardon is 'destructive and unpresidential'? In this political climate? I am shocked, simply shocked.",Critics Question Whether a Presidential Pardon Would Be Appropriate in Current Political Climate
10380,subway manager disgusted by sight of cold cut combo devouring large rat,Subway Customer Reports Rat Found in Cold Cut Combo
5031,pep-rally skit rumored to involve cross-dressing principal,Satirical Article Claims Pep Rally Skit Involves Principal Dressing Up as Female Student
27677,struggling don rickles has nothing but nice things to say about audience,Comedian Don Rickles Receives Praise From Audience After Years of Criticism
8087,romney appeals to hispanic voters for return of watch he left on dresser,Romney Campaign Appeals to Hispanic Voters
4214,alcohol goes right back to abuser every time,Alcohol Consumption Often Leads to Relapse After Initial Sobriety
7885,popular new dating app just list of 20 attractive singles to repeatedly scroll through,Dating Apps Continue to Overlook User Profiles in Favor of Algorithmic Matching
9434,chuck e. cheese's pit boss tells floor attendant to keep an eye on guest winning big at skee-ball,Chuck E. Cheese's Pit Boss Remains Vigilant Over Guests Playing Skee-Ball
23516,"Ohio State Fair accident caused by 'excessive corrosion'—just a little rust, nothing serious.",Ohio State Fair Accident Involves Minor Damage to Vehicle
21489,A GOP billionaire backing a politician? How unprecedented and not at all predictable.,GOP Billionaire Endorses Politician Amid Criticism of Party Loyalty
15529,You've been frying with olive oil? The horror! Next you'll tell me you use butter.,Many People Frequently Use Olive Oil Instead of Butter
16233,"Scientists glimpse elusive mineral. Finally, a rock that's hard to find. Revolutionizing geology.",Researchers Discover Rare Mineral in Remote Region
18700,"Radio hosts fired over transphobic broadcast? Shocking, who would have thought bigotry has consequences?",Radio Hosts Fired for Transphobic Broadcast
8027,woman informs husband that he made new friend,Woman Discovers Husband's New Friend
13912,A man records his life for five years—because privacy is overrated.,Man Records His Life for Five Years to Document His Journey
16313,"Michelle, Ross and Carson on wild ride to Drag Race – stability is overrated.","Reality TV Stars Michelle, Ross, and Carson Compete on Season 11 of RuPaul's Drag Race"
20642,"Pope condemns Islamic State terrorism in Christmas message, spreading holiday cheer as usual.",Pope Condemns Islamic State Terrorism in Christmas Message
24848,"Ex-cop guilty and drinks poison? Creative, but prison is still waiting.",Former Police Officer Sentenced to Prison for Murder
5779,man who couldn't defeat george w. bush attempting to resolve israel-palestine conflict,Former President George W. Bush's Failed Middle East Diplomacy Efforts Remain a Major Point of Controversy
16684,Trump's already urging policy changes after NYC terrorist attack – without waiting for 'the facts' – because evidence is for losers.,Trump Immediately Calls for Policy Reforms Following NYC Terrorist Attack
6370,sean hannity: 'i will be dispelling any and all factual claims about me during my show',Sean Hannity Plans to Defend Himself Against Criticism During Upcoming Broadcast
8628,mitt romney reaches out to young voters with laser tag pizza party,Mitt Romney Campaign Hosts Pizza Party for Young Voters
13244,"Princess Charlotte's christening was so fashionable, it made biblical events look casual",Princess Charlotte's Christening Ceremony Draws Attention for Its Glamorous and Traditional Style
6199,man prefers comic books that don't insert politics into stories about government-engineered agents of war,"Comic Book Reader Prefers Non-Partisan, Action-Driven Storylines"
199,boy scouts celebrate proud history of preparing teens for not having cool friends,Boy Scouts Emphasize Preparation for Teen Social Challenges
7919,alpha trick-or-treater established by third house,Third House of the Home Establishes Trick-or-Treat Route
20726,GOP senators support McConnell while feuding with Trump—party unity.,GOP Senators Maintain Party Loyalty to McConnell Amid Trump Feud
6284,11-year-old moron can't wait to get her first period,11-Year-Old Girl Prepares for First Period
18998,Two-Year Contracts Dead: Your Phone Plan Will Never Be the Same,Major Phone Service Providers Announce End of Two-Year Contracts for Existing Customers
2077,nation waiting for protesters to clearly articulate demands before ignoring them,Protesters Continue to Demand Change Despite Lack of Clear Communication
6074,history channel helicopter to give viewers bird's eye view of history,History Channel Announces New Documentary Series Featuring Helicopter Footage of Historical Events
16323,Sacred Sites: Where Tourists Leave Offerings of Selfie Sticks,Tourists Leave Offerings of Selfie Sticks at Sacred Sites
24098,Some photos from Gaza suggest minor inconvenience and mild casualties.,Reports from Gaza Highlight Ongoing Conflict and Humanitarian Crisis
10851,horrible band obviously not listening to its influences,Local Band's Music Lacks Influence and Authenticity
7964,increasingly anxious man worried order confirmation email never going to come,Man Expresses Anxiety Over Delayed Order Confirmation Email
8182,hollywood plans big-budget remake of mr. & mrs. smith,Hollywood Announces Plans to Produce Remake of Classic Film 'Mr. & Mrs. Smith'
606,study: human ability to cooperate most strongly exhibited when ordering pizza,Study Finds Humans Exhibit Strong Cooperation When Ordering Pizza
23769,Gregg Popovich calls Trump a 'soulless coward'—what a nice way to describe a stable genius.,San Antonio Spurs Coach Gregg Popovich Criticizes Donald Trump
26292,Unwinnable war? We're just getting started on the winning part.,Military Leaders Emphasize Strategic Objectives Amid Ongoing Conflict
23046,'Daddy' solves toxic masculinity by blaming teenage girls – problem effectively addressed.,Father's Blaming Teenage Girls for His Toxic Masculinity Criticized as Insufficient
25197,"Greece and creditors dig in: another day, another financial standoff.",Greece and International Creditors Continue to Negotiate Bailout Terms Amid Ongoing Financial Crisis
6846,scientists pinpoint part of brain all your hair grows out of,Researchers Identify Specific Brain Region Associated With Hair Growth
6839,woman all geared up to complain about work sidelined by friend with marital problems,Woman's Complaint About Work Sidelined by Friend's Personal Issues
16155,"Purritos: Combining cats, burritos, and the internet into one absurd trend that we somehow love.","Purritos, a Mexican snack food, have become a popular trend among cat lovers and internet users"
12657,hillshire farm releases circumcised bratwurst,Hillshire Farm Introduces New Bratwurst Product Featuring Circumcised Pork Sausage
4673,poignant dying words wasted on dumbshit nephew,Family Criticizes Nephew's Dying Words for Being Inadequate
12409,jay-z gives shout-out to his shareholdaz,Jay-Z Announces New Partnership With Shareholder
14798,"Paper airplane hits soccer player, a stunning display of accuracy.",Soccer Player Hit by Paper Airplane During Game
3036,sighing banksy methodically kills another few kids who stumbled upon him doing graffiti,Banksy's Street Art Often Targets Banks and Financial Institutions
8514,american psychiatric association adds 'obsessive categorization of mental conditions' to 'dsm-5',American Psychiatric Association Updates DSM-5 Classification System to Include More Detailed Descriptions of Mental Health Conditions
17661,"Dascha Polanco opens up about insecurities – because stars are human, sort of.",Actress Dascha Polanco Discusses Personal Struggles and Insecurities in New Interview
23089,"Japan's economy 'recovers' with growth so weak, it's almost not there.",Japan's Economy Continues to Struggle Amid Weak Growth
15830,"The first H&M x Balmain campaign images are finally here, and the fashion world may never recover.",H&M Launches Balmain Collaboration Campaign
2165,'breaking bad' ends with reveal that whole series was plot of book marie shoplifted,'Breaking Bad' Ends With Final Episode That Reveals Entire Series Was Fictional
5642,report: someone robbed that kfc again,Customer Arrested for Second KFC Robbery
13506,Fox News admits their taunt was all Roger Ailes—as if we needed confirmation.,Fox News Faces Scrutiny Over Roger Ailes' Legacy Following His Departure
25497,"In a touching, traditional wedding moment, the bride abandons her own ceremony to fulfill her professional duties. So romantic.",Bride Abandons Wedding Ceremony to Attend Work Duty
23418,Sophie from 'The Holiday' is all grown up—time to check your own mortality.,Sophie from 'The Holiday' Reflects on Life After Holiday Romance
19835,"Mad Men actor's wedding to bring hope to Mississippi, because love solves poverty.",Mad Men Actor Jon Hamm Marries in Mississippi
2287,way too much raised for bronchitis research,Researchers Face Funding Challenges for Bronchitis Study
26549,Kim Kardashian: 'Be as honest as Kanye'—the epitome of tact and diplomacy.,Kim Kardashian Maintains Relatively Low Public Profile Compared to Kanye West
26927,"Gladys Knight sues to disown chicken and waffles, because breakfast is overrated",Gladys Knight Sues to Disown Chicken and Waffles After Eating It
3129,singles bar contains single woman,Local Woman Visits Singles Bar
5141,local household announces plans to overdo halloween again,Local Family Plans to Host Annual Halloween Party
25722,"Leslie Jones' website hack investigated by DHS—priorities, people, priorities.",Leslie Jones' Website Hacked
3278,area dad wants to watch new blu-ray of 'spring breakers' by himself,Father Plans to Watch 'Spring Breakers' Blu-ray Alone
1742,conjoined twins separated at birth reunited in freak accident,Conjoined Twins Separated at Birth Reunited After Freak Accident
24301,"Watch live: The former ambassador graces us with his foreign policy wisdom, how thrilling.",Former Ambassador Shares Foreign Policy Insights During Live Interview
8305,okie hears there's sam's club work in new mexico,Sam's Club Opens New Location in New Mexico
21914,EU's migration plan: a shining beacon of human rights—if your idea of rights is 'drowning politely.',EU Migration Policy Faces Scrutiny Over Concerns Over Human Rights and Refugee Resettlement
2162,new prisoner recognized from 'scared straight' visit,Prisoner Visits Prison Inmate After 'Scared Straight' Program
14230,Don't roll out the red carpet for Vietnam's autocratic leader? But he brings such charming oppression.,Vietnam's Authoritarian Leader Faces Criticism for Repression and Human Rights Abuses
5534,report: fax machines still pretty impressive if you think about it,Fax Machines Remain Common Office Technology Despite Declining Usage
19680,Friday talking points: Because panicking is so last season.,Experts Warn Against Overusing 'Panicking' as a Coping Mechanism
20835,"The ABCs of parenting today, with a hipster twist – teaching toddlers to appreciate cold-pressed juice before bedtime.",Parents Emphasize Healthy Habits for Toddlers
17777,Bodies in urban spaces: art that's not disturbing at all.,Urban Art Installations Often Feature Minimalist Designs in City Spaces
23639,Because we needed eighteen reminders that summers were better before we had responsibilities.,Many People Experience Summer Fatigue After Returning to Work
8262,trump makes light-hearted jokes with dead bodies of hurricane victims during visit to carolinas,Trump Visits Carolinas to Assess Damage After Hurricane Florence
7205,bride always dreamed about making fiancé's friends sweat asses off in fucking sun,Bride Plans Outdoor Summer Wedding With Friends
10037,new prescription fish tank eliminates need for glasses while looking at fish,New Fish Tank Technology Eliminates Need for Glasses for Fish Viewing
3448,bianchi introduces new bike for blocking commuters on subway during rush hour,Bianchi Introduces New Bike Designed to Block Commuters on Subway During Rush Hour
18709,Mathew Ward says be willing to work your way up – advice from someone who probably started at the top.,Mathew Ward Offers Advice on Career Advancement
7432,"teen zebra doesn't give a shit how much you honk, he's not getting out of road",Teenager Refuses to Move Out of Road After Driver Honks at Him
3784,country cd put on to impress repair guy,Customer Plays Country Music to Impress Repair Technician
21622,"Women are the 'problem solvers' in Congress, says Emily's List founder—evidenced by the swift, bipartisan legislation they've passed.","Emily's List, a major Democratic advocacy group, highlights women's legislative achievements in Congress"
27379,"Wasted cash in US fishing industry? Just a little inefficiency, nothing to see here.",US Fishing Industry Faces Criticism Over High Costs and Inefficiencies
18893,Immigration reform might actually matter in two Colorado races. A shocking twist in a story that has zero relevance to anything.,Colorado Voters Face Tough Decision in Two Upcoming Elections
22879,"Cherry blossoms transform iconic D.C. landmarks a week early—must be the global warming party, and you're all invited.",Cherry Blossoms Bloom Early in Washington D.C.
22967,Could Quincy Jones be any cooler in this campaign? He's already peak cool.,Quincy Jones Campaigns for Democratic Nomination
11514,bouncer who's not that big must be fucking crazy,Bouncer Refuses to Let Large Man Into Club
7356,"good guy with gun, bad guy with gun both excited to unload firearm in crowd outside arena",Gunman Unloads Firearm in Crowd Outside Arena
7872,300 million without electricity in india after restoration of power grid,India's Power Grid Restoration Causes Widespread Power Outage
26025,"The burden of hate: so light and fun, said no one ever.",Hate Crimes Remain a Serious and Serious Concern
1669,confused audience member at town hall debate asking about city's new stoplights,Town Hall Attendee Asks About City's New Traffic Lights
22021,'Thank you' single-handedly ended all my problems and brought world peace,Man Expresses Gratitude After Single Eventful Day
27992,u.s. forces take over key afghan city that will be retaken by taliban when marines leave,U.S. Forces Prepare to Retake Key Afghan City Ahead of Withdrawal
11111,carl bernstein weeps uncontrollably after learning bob woodward wrote a president book without him,Bob Woodward Publishes Book About President Richard Nixon
6919,sensitive scientists report 5 in 5 women don't know how beautiful they are,Study Finds Many Women Lack Self-Appreciation
23270,Speak up and give back to fix the economy? If only it were that simple.,Critics Highlight Complexity of Economic Solutions
17405,"Testing in classrooms: enhanced interrogation for kids, because why not?",Teachers Use Standard Classroom Testing to Assess Student Knowledge
19143,Ken Burns urges Stanford grads to believe survivors—groundbreaking advice.,Ken Burns Urges Stanford Graduates to Believe Survivors in New Documentary Series
3389,dog doesn't consider itself part of family,Dog Does Not Consider Itself Part of Family
5798,concert security drastically overestimating fans' desire to get close to cheap trick,Concert Security Overestimates Fans' Desire to Get Close to Stage
23864,"Universities, public spaces and the democratic way of life: Where debate thrives, or not.",Universities and Public Spaces Remain Hotbeds of Political Debate
4097,latest online security breach forces mom to change post-it,Mother Changes Post-It Note After Online Security Breach
12344,busy schedule forces vladimir putin to move up election win a couple days early,Vladimir Putin's Busy Schedule May Have Contributed to His Election Win
24271,Rex Tillerson prepares for the most intense interrogation ever about his impeccable climate change record.,Former ExxonMobil CEO Rex Tillerson Faces Scrutiny Over Climate Change Record
7798,guy on roof starting to think he might get away with it,Man on Roof Suspended in Suspended Position
23668,"Nestle to switch to cage-free eggs by 2020—animal welfare, but only when convenient.",Nestle Announces Plans to Phase Out Animal-Producing Eggs by 2020
4044,49-year-old nearly back to pre-middle-school confidence levels,Many Adults Experience a Loss of Confidence as They Age
14366,A heartwarming tale about bathrooms and identity – just what we needed.,Bathroom Decor Trends Focus on Comfort and Functionality
2248,u.s. advises allies not to border russia,U.S. Warns Allies Not to Take Action Against Russia
2622,dude with knit hat at party calls beer 'libations',Man Mistakenly Calls Beer 'Libations' at Social Gathering
13213,"Celebrities and politicians unite for a feel-good photo op supporting LGBTQ rights, how original.",Celebrities and Politicians Gather for Photo Opportunity to Show Support for LGBTQ Rights
5937,'roseanne' taping repeatedly interrupted by reporters trying to interview members of white working class,Roseanne Barr's 'Roseanne' Taping Frequently Interrupted by Reporters Seeking Interviews With Working-Class Viewers
26127,"Nancy Pelosi to critics: bring it on? She's shaking in her boots, I'm sure.",Pelosi Defends Leadership Amid Criticism
25807,Australian ambassador's Paris engagement gives us impossible relationship goals,Australian Ambassador to France Engages in Romantic Relationship With Parisian Woman
3202,cruel owner chains bike outside in freezing weather,Bike Owner Chains Bike to Door in Freezing Weather
11885,burger king franchise owner adds sad little personal touches to restaurant,Burger King Franchise Owner Adds Minor Decorations to Restaurant to Enhance Customer Experience
10799,radiator saving single loudest clank for 3:32 a.m.,Radiator Makes Loud Clank at 3:32 A.M.
24272,"Cancer's next big miracle: immunotherapy, because past treatments were just practice runs.",Immunotherapy Shows Promise in Cancer Treatment
24743,Puppy comforts dog having a nightmare. Is this news or just a cute video?,Puppy Provides Comfort to Dog in Nightmare
16170,NFL commissioner's genius solution to domestic violence shows they totally get it.,NFL Commissioner Roger Goodell Faces Criticism for Handling Domestic Violence Scandals
19564,How to rekindle a lost passion in your life: because who needs new hobbies anyway?,Many People Struggle to Rekindle Lost Passions and Find New Hobbies
13842,Valerie Ramsey revolutionizes aging for women: one photo shoot at a time.,Valerie Ramsey Launches New Fashion Brand
11986,clinton blasts obama for slamming edwards jab,Clinton Campaign Criticizes Obama for Slamming Edwards
25433,"France still can't contain terrorism a year after Paris: who saw that coming, besides everyone?",France Remains Vigilant in Response to Paris Terrorist Attacks
9195,man figured drug addiction would take up a lot more free time,Man Realizes Drug Addiction Takes Up Significant Amount of Time
16247,"Secret Service wanted to leak embarrassing info. Top-tier security agency, right there.",Secret Service Faces Scrutiny Over Alleged Leaks and Controversies
16337,Do Catholic Voters Really Support the Right to Die? That's News to Me.,Catholic Voters Often Support End-of-Life Choices and Euthanasia
1491,radical islamic extremists snowboard into u.s. embassy,U.S. Embassy in Saudi Arabia Faces Threats from Radical Islamic Extremists
8137,rumsfeld sick of jokes about his fat girlfriend,Former Defense Secretary Donald Rumsfeld Criticized for Making Jokes About His Weight
8685,american public gets exactly what it deserves for 112th straight election,American Public Continues to Vote in Record Numbers for 112th Straight Election
21627,Nevada secretary of state reports 21 noncitizens might have voted—a colossal fraud that will surely topple the election results.,Nevada Secretary of State Announces 21 Non-Citizens May Have Voted in Recent Election
21545,Friday's email: what to obsess over for four days because your life is that thrilling.,Emails Often Overwhelmingly Detailed and Frustrating
22141,Med students reluctantly consider fighting Obamacare repeal.,Healthcare Reform Advocates Urge Medical Students to Oppose Repeal of Obamacare
16830,"Because nothing says 'community' like ignoring transphobic assaults, right?",Community Leaders Urge Vigilance Against Transphobic Violence
11696,visionary sports columnist asserts that muhammad ali's greatest fight wasn't in the ring,Sports Columnist Highlights Muhammad Ali's Greatest Moments Outside of Boxing
3418,epa didn't know anybody was still drinking water,Satirical Article Mocks Environmental Activism With Absurd Claim About EPA
14745,Mosul battle will determine Iraq's fate forever—or maybe just this week.,U.S. and Iraqi Forces Engage in Intense Battle in Mosul
15366,Nina Solomon's love book: the definitive guide to romance that will change your life or at least your dating app profile.,Romance Author Nina Solomon Releases New Book
25906,"Employers use temps to skirt immigration laws – innovative, not unethical at all.",Employers Face Scrutiny Over Use of Temporary Workers to Avoid Immigration Laws
9273,dog can't believe owner left on fucking msnbc to keep it company while she at work,Dog Disappointed Owner Left on TV While Working
5050,comic-book superrman impervious to copyediting,"Comic Book Superhero Continues to Publish Unedited, Unedited Comics"
27565,"New Star Trek series in 2017: finally, the universe-saving we've all been craving.",New Star Trek Series Premieres in 2017
2272,"asian economic woes force layoffs of 700,000 pop stars",Global Economic Downturn Leads to Mass Layoffs Across Industry
14318,Demi Lovato and Wilmer Valderrama take a break. Celebrity relationships are so stable.,Demi Lovato and Wilmer Valderrama Reportedly Take Break From Each Other
20619,Rosamund Pike is ravishing in red. This fashion insight will change your life.,Rosamund Pike Wears Red Dress at the Oscars
14353,"Deaver at his most dynamic? In 'Solitude Creek'? Sure, if dynamic means slow and boring.","Deaver's 'Solitude Creek' Review Highlights His Relaxed, Low-Key Approach to Writing"
26672,"Ted Cruz defeats Donald Trump in Maine, proving even a loser can win sometimes.",Ted Cruz Wins Maine Senate Race
5169,teen study bible found to increase fun of religion by .03%,Study Finds Teenagers' Interest in Religion Decreases by Only 0.03%
9838,cockroach worried about what kind of kitchen cupboard he leaving to children,Cockroach Found in Kitchen Cupboard
28313,"Behold the Great Fracturer, who shatters expectations, and the Indispensable Fragmenter, because fragments are everything.",Researchers Highlight the Importance of Fragmentation in Modern Society
11956,ivana trump calls ex-husband to ask him what he did to her beautiful baby boy,Ivana Trump Reports to Ex-Husband Donald Trump After Alleged Abuse
22882,"Hannibal Buress jokes about getting death threats after Cosby routine—the circle of life in comedy: tell a joke, get a threat.",Comedian Hannibal Buress Jokes About Death Threats After Performing Cosby Routine
15475,Noel Comrie's GPS guide to self-affirmations: because repeating nice things to yourself is the key to fixing everything.,Self-Affirmation Experts Emphasize the Importance of Positive Self-Talk
22668,"12 habits of genuine people – fake people, this one's for you.",Satirical Article Mocks Fake People With Humorous '12 Habits of Genuine People' Guide
6304,jogger horrified by discovery of own gruesome body,Man Finds His Own Body After Jogging
28208,Because nothing melts hearts like a prop infant.,Prop Infant Used to Illustrate Emotional Connection
4726,diabetic 8-year-old throws worst birthday party ever,8-Year-Old Boy's Birthday Party Turns Out to Be a Disaster After Parents' Overly Strict Dietary and Exercise Rules
23358,Trump's plans will totally redefine America – or something.,Trump's Plans Remain Unclear Amid Ongoing Political Turmoil
9155,excited firefighters point out kid on tricycle,Firefighters Spot Child Riding Tricycle in Neighborhood
6585,dick durbin wakes up chained to radiator with instructions to saw open own stomach to access kavanaugh report,Dick Durbin Requests Kavanaugh Report
296,"jury finds man guilty of murdering wife and children, but gets it",Jury Convicts Man of Murdering Wife and Children
18586,Aquaman thumbs up Trump's Paris exit: 'Saves underwater real estate!',Aquaman Expresses Approval of Trump's Paris Climate Agreement Withdrawal
14781,"Woman rants over service dog? Clearly, her meal is more important than a veteran's companion.","Veteran's Service Dog Attacked by Customer, Owner Claims It Wasn't the Dog's Fault"
11258,russian orphans devastated after realizing trump tower meeting not about getting them adopted,Russian Orphanage Officials Report Concerns Over Trump Tower Meeting With Orphanage Director
8394,"'well, that was cool,' say archaeologists before dumping bones of king richard iii back into hole",Archaeologists Unearth Remains of King Richard III in Leicester
1857,friends star spontaneously shown attending televised nbc sporting event,Friends Attend NBC Sports Event
16161,World's most innovative companies: Where 'innovation' means slightly better ads.,Companies Often Prioritize Branding and Advertising Over True Innovation
22565,Jack Antonoff opens up about depression. Because nothing says mental health awareness like a celebrity interview.,Jack Antonoff Discusses Mental Health in New Interview
19605,Queer response to Trump's wall: because love needs physical barriers.,Critics Highlight Trump's 'Physical Barrier' Policy as Ineffective in Addressing Immigration Issues
25839,A Christmas miracle: something mildly pleasant happened.,Mildly Pleasant Events Occur During the Holiday Season
7078,area man released after being wrongfully employed for 9 years,Local Man Released After 9 Years of Wrongful Employment
17184,"Milk price like gasoline? Soon, we'll pay for air.",Milk Prices Rise as Global Demand and Supply Disruptions Continue
7735,"j.f.k. high cougars to go, fight, win",High School Football Team Announces Departure of Coach
20583,Latino voters hold the key to saving the planet? What could possibly go wrong?,Voters from Latin America Remain a Crucial Component in U.S. Electoral Politics
1298,cousin really going all-in on retweeting porn stars,Cousin's Retweeting of Adult Film Stars Draws Criticism
26660,Challenge: Amplify Sarah Palin's Trump endorsement to levels of absurdity previously unimagined.,Critics Question Sarah Palin's Endorsement of Donald Trump
22748,Beyond conservation: let's exploit until there's nothing left,Environmentalists Warn of Overexploitation and Unsustainable Resource Use
22551,"The day she let her son wait in the car: a minor parenting oversight, no big deal.",Parents Often Overlook Minor Mistakes When It Comes to Waiting for Children in Cars
27730,foster home gets new shipment,Foster Care Home Receives New Group of Children
21538,"Mike Trout is the MVP—if you ignore all other players, sure.",Mike Trout Named Most Valuable Player
1257,tim ryan attempting to stand out from other candidates on debate stage by wearing blue power ranger costume,Tim Ryan Wears Blue Power Ranger Costume During Presidential Debate
14146,Washington state man jailed after attacking three gay men. But let's focus on 'both sides' of the tolerance debate.,Washington State Man Jailed for Assaulting Three Gay Men
8375,man has mosquito on the run,Man Reports Mosquito on His Body
6552,"et, access hollywood, tmz choppers hovering above scene of gruesome red carpet dress",Access Hollywood and TMZ Report on Red Carpet Fashion
2134,local news anchor mistakenly reveals salary during broadcast,Local News Anchor Reveals Salary During Live Broadcast
23106,A Senate bill that actually helps? Let's wait and see.,Senate Bill Faces Uncertain Future After Initial Approval
8497,experts refuse to warn of any new health hazards until americans deal with current backlog,Experts Warn of Potential Health Risks Amid Ongoing Healthcare Backlog
16765,Flat soda declared. The beverage industry weeps.,New Flat Soda Trend Gains Popularity
12400,slightly larger chair shifts delicate balance of office power,Office Chair Adjusts to Maintain Comfort and Ergonomics
2198,the backstreet boys or 'n sync release new album,Backstreet Boys and 'N Sync Announce Plans to Release New Album
26214,Bionic fingertip restores touch? That's a neat trick for amputees.,Researchers Explore New Technology to Restore Fingertip Sensation for Amputees
20190,Smear campaign against Michigan candidate shows how welcoming politics is for Muslims. Totally fair.,Critics Say Smear Campaign Against Michigan Candidate Is Unfair
19319,"Jeb Bush quits firm that profited from Obamacare: finally, a principled stand.",Jeb Bush's Business Ventures Linked to Obamacare Profits
27866,Netanyahu in bribery probe—this could topple governments and change history as we know it!,Netanyahu Faces Scrutiny Over Alleged Bribery and Corruption
6760,republican establishment quietly relieved party no longer their responsibility,Republican Party Faces Scrutiny Over Continued Support for Conservative Agenda
24209,12 ways to make your divorce as expensive as possible: like setting money on fire,"Expensive Divorce Strategies Include High-End Legal Fees, Luxury Assets, and High-End Lifestyle Changes"
4677,pair of 26-year-olds hit it off after learning they have student loans from same bank,Two College Students Share Financial Stress Over Shared Student Loan Debt
835,evening's events immediately recapped with digital-camera slide show,People Frequently Use Digital Slideshow To Recap Evening Events
12274,wheelchair basketball game enjoyed for all the wrong reasons,Wheelchair Basketball Game Draws Criticism for Poor Player Safety and Inadequate Court Conditions
23000,"Man tries to set fire aboard plane in China, adding a touch of excitement to air travel.",Passenger Attempts to Set Fire on Plane in China
10842,all those years shopping at independent bookstore wasted,Many People Spend Years Shopping at Independent Bookstores
21067,"Afghan president offers to legitimize Taliban, because peace talks are just that simple",Afghan President Offers to Facilitate Peace Talks With Taliban
21150,Philippines president promotes citizen-led drug eradication – because nothing says justice like mob rule.,Philippines President Promotes Citizen-Led Drug Eradication Efforts
2774,billcosby.com now somehow most eerie site on entire internet,Bill Cosby's Website Now Most Visited Adult Entertainment Site
12180,supreme court justice benatar orders army to stop using sex as a weapon,Supreme Court Justice Merrick Garland Orders Army to Stop Using Sex as a Weapon
28195,"Finally, a diplomat whose policies pair well with fine wine.",Diplomat's Policy Focuses on Economic Cooperation and Trade
6131,media ignores cancer struggle of champion unicyclist,Champion Unicyclist Competes in Major Cycling Event
16623,"It's heartwarming when a cop enjoys a joke about a Black superhero. Truly, we've overcome everything.",Police Officer Jokes About Black Superhero During Routine Patrol
17667,"Xavier Dolan on the run – in a thriller, because life imitates art?",Xavier Dolan's 'J'ai Hérité Un Amour' Wins Cannes Film Festival Grand Prix
20495,Carly Rae Jepsen drops another hit that will totally change your life.,Carly Rae Jepsen Releases New Single 'I Really Like You'
16095,"How I finally stuck to a meditation schedule: after 100 attempts, I achieved enlightenment (or just stopped checking my phone).",Many People Struggle to Maintain Consistent Meditation Practice
24100,One mom single-handedly solves the baby-feeding crisis with a single gorgeous photo.,Mother Uses Beautiful Photo to Help Baby-Feeding Crisis
26975,The nightmare of Gaza continues? But didn't we all collectively agree to move on to the next news cycle?,Gaza Conflict Continues Amid Ongoing Humanitarian Crisis
5711,nation suddenly realizes it never had to worry about john mccain dying over past 8 years if he'd become president,Many Americans Express Relief That John McCain Is Still Alive After 8 Years in Office
28500,rookie usda agent vomits after seeing first rotten orange,New USDA Agent Experiences Gastrointestinal Discomfort After Consuming Unripe Fruit
27368,"Fear not, GoT fans: Brexit won't affect the show, because TV productions are immune to global events, right?",Brexit Will Not Affect 'Game of Thrones'
3834,veteran brita filter's tour of duty extended another 3 months,Veteran Brita Filter Continues Routine Maintenance and Replacement Schedule
17160,"Oh, the U.S. is so progressive on abortion access, right?",U.S. Continues to Struggle with Restrictive Abortion Laws and Access
627,nation's parents announce they have zero fucking patience for this bullshit,Parents Express Frustration Over Children's Behavior
21192,"These Social Media Apps Are Causing Trouble in Schools: Thank Goodness for Technology, Right?",School Administrators Express Concern Over Rise of Social Media Apps in Students
20201,What comics can offer Bible readers: because parables desperately needed more pictures.,Comic Book Publishers Seek to Revamp Bible Storytelling With Visual Adaptations
9642,"dc executive worried batgirl script not interesting enough to be movie, 3 more movies, 2028 reboot and 4 more movies",DC Executive Plans to Develop Multiple Batgirl Film Franchises
15166,"Live inside your favorite book? Finally, an escape from all real-world problems.",Many People Find Fictional Worlds in Books to Be a Comforting Escape From Daily Stress
13286,"Spielberg defends Oscars from Netflix, because film is only for theaters",Oscars Controversy Highlights Debate Over Streaming Services' Place in Film Distribution
19699,Top Democrats defend the indefensible: A daily routine.,Democrats Maintain Consistent Daily Routine Amid Political Debate
8350,quaker oats canister relabeled 'drugs' for grade school play,Quaker Oats Announces New Canister Labeling for Children's Educational Play
16668,On the road to the Emmys with my entourage (a.k.a. my kids)—because nothing says glamour like diaper bags.,Parents Bring Diaper Bags to Red Carpet Events
17247,"Dangerous and delusional—just like my ex, but here describing a policy.",Satirical Article Mocks Ex-Partner's Dramatic Claims With Policy Description
8713,michael brown audiotapes conclusively reveal exactly what you want them to,Satirical Article Mocks Michael Brown Autopsy Audio Tape Claims
23554,Bayer wants to buy Monsanto for $62 billion—because monopolies are just what the world needs.,Bayer Announces $62 Billion Acquisition Bid for Monsanto
14978,"Dare to Be 100: Yes, Virginia, Wherever—Location is Everything in Life",Virginia Residents Emphasize the Importance of Location in Daily Life
9348,exuberant trump rally crowd bats syrian refugee child around arena before candidate comes on stage,Trump Rally Attendees Display Exuberant Behavior Before Candidate's Appearance
3028,"music playing in bar could stand to be louder, worse",Local Bar Music Volume Often Exceeds Recommended Limits
9640,reverend al sharpton takes time off from holy duties to make tv appearance,Rev. Al Sharpton Takes Break From Church Duties To Appear On Television
17315,"Trump promised no federal weed crackdown, but who trusts a word he says anyway?",Trump Campaign Promises No Federal Weed Crackdown Amid Marijuana Legalization Efforts
27115,Dress to repel on your first date—because nothing says 'I'm interested' like a garbage bag.,Dating Experts Warn Against Using Trash Bags to Repel Potential Partners
9345,desperate 'time' magazine announces 'man of june',Time Magazine Announces 'Man of the Month' for June
1747,"man just wants to come home, hear lindsay lohan made fun of, get some sleep",Man Reluctantly Returns Home After Long Day
6754,"nation offsets carbon footprint by planting single 300,000-foot-tall tree",Satirical Article Imagines Large Tree Planting To Offset Carbon Footprint
19959,8 truths? More like 8 ways to survive Valentine's Day without divorcing.,Valentine's Day Tips Offer Practical Advice on How to Survive the Holiday Without Divorce
21829,"Bill Clinton takes his time on Air Force One, and Obama is totally okay with that (not!).",Clinton Takes Longer Than Obama on Air Force One
15006,"After yet another tragedy, Pakistan realizes that maybe, just maybe, extremism isn't the answer.",Pakistan Grapples With Ongoing Extremist Violence and Political Instability
8423,god loses decision-making coin,Satirical Article Mocks Religious Beliefs With Fictional Story About God Losing Decision-Making Ability
25719,Inside Facebook's plan to build an artificial brain—because our privacy wasn't already compromised.,Facebook Faces Scrutiny Over Data Collection Practices and Privacy Concerns
10475,inspirational english teacher canceled out by every other teacher at school,English Teacher Canceled Amid School Controversy
6883,chris hemsworth deputizes hunk to assume 'sexiest man alive' duties in his absence,Chris Hemsworth Deposes to Assume 'Sexiest Man Alive' Duties in Absence
14319,An unexpected heirloom: like finding a tax bill in your grandmother's jewelry box.,Family Finds Unexpected Heirloom in Grandmother's Jewelry Box
7455,monopoly player insists on being wheelbarrow,Monopoly Player Refuses to Move Out of Wheelbarrow During Game
10830,cheering crowd actually trying to get attention of guy behind iron maiden,Crowd Cheers as Man Behind Iron Maiden Performs in London
10506,lesbian couple enjoys hot lesbian action,Lesbian Couple Enjoying Romantic Evening With Friends
26268,"Faith: 20 years strong, unlike your latest trend",Faith Remains a Constant in Modern Life
11197,mom sits down for dinner 3 months after rest of family finishes meal,Mother Takes Break From Family Dinner Routine After Three Months
4580,area man meets that special someone else,Local Man Spends Night With New Partner
11752,surgeon general mills recommends three to five servings of froot per day,Surgeon General Recommends Healthy Eating Guidelines for Americans
8061,tearful tim kaine wandering around backstage at debate asking if anyone has seen his running mate,Tim Kaine Appears Disappointed and Unenthused at Democratic National Convention
1543,bananas again sweep primates' choice awards,Satirical Article Mocks Banana Industry with Fictional Primates' Choice Awards
22693,Michelle Wolf speaks out on dinner controversy – because the White House press corps needed more comedian drama.,Comedian Michelle Wolf Addresses Controversy Over White House Dinner
14958,Activists protest Trump's 'swamp cabinet.' Because nothing says 'drain the swamp' like filling it with more crocs.,Critics Urge Trump to Drain Swamp Cabinet Following Criticism of Trump Administration
14676,"Trump sticks with Fox News, the epitome of balanced reporting.",Trump Continues to Rely on Fox News for Mainstream Media Coverage
21772,"From 1937 to Hillary, Americans felt consistently positive about woman president? A seamless progression.",Historical Progression of Women in Politics and Public Perception
12783,mars maven begins mission to take thousands of high-resolution desktop backgrounds,User Asks to Download Thousands of High-Resolution Desktop Backgrounds
5566,presidential debate commission anesthetizes audience to prevent outbursts during debate,Presidential Debate Commission Introduces Rules to Manage Audience Interruptions During Presidential Debates
8392,riaa bans telling friends about songs,RIAA Bans Artists From Sharing Music With Friends
12138,new stapler makes all other staplers look like worthless shit,New Stapler Introduces Improved Ergonomics and Enhanced Performance
7781,grieving couple finds different ways to use stroller,Grieving Couple Uses Stroller to Transport Children After Loss
21163,"Socialism destroys Venezuela, but only Venezuelans can fix it – not the U.S. military, which never intervenes.",Critics Argue U.S. Military Intervention Would Not Address Venezuela's Economic Crisis
2174,woman rises early to sow seeds of day's first gchats,Woman Prepares for Day's First Social Gatherings
22320,This flip-book marriage proposal is just the epitome of romance and originality.,Couple Proposes With Flip-Book Wedding Vow
24349,Forged document complicates Utah monument fight – because federal documents are always trustworthy and never forged.,Federal Documents Complicate Utah Monument Dispute
25667,Gov. Markell believes Bernie wins? That's a sweet belief.,Governor Markell Supports Bernie Sanders in Delaware Primary
16955,Pink single-handedly slays the digital dragon – raise your glasses to this modern-day heroine!,Digital Age Faces Increasing Challenges in Adapting to Changing Consumer Habits
26931,"Embed routines and rituals, because spontaneity is overrated anyway",People Often Prefer Routine and Rituals Over Spontaneity
5908,report: still a few seconds left where plane low enough to crash with everyone surviving,Report Highlights Risks of Low-Flying Planes
2527,band dreams of one day becoming popular enough to alienate early fans,Music Industry Artists Often Struggle With Maintaining Fan Loyalty After Initial Success
28305,The real issue with fake news is that real news is just as fake— brilliant observation.,Critics Argue That Fake News Is Just As Fake As Real News
420,nation's older brothers recommend not being such a little bitch,Older Brothers Warn Younger Siblings to Stop Being Aggressive
15605,"Trainers reveal the absolute worst fitness advice, like 'just skip leg day'—groundbreaking stuff.",Fitness Experts Warn Against Ignoring Traditional Workout Routines
1683,'piggies' written in blood on clouds only clue in shocking murder of six angels,Satirical Article Claims Satirical Article Was Written in Blood on Clouds
1301,barbecue chicken panini succumbs to howard-related causes,Barbecue Chicken Panini Disappears After Being Left Unattended
14118,"Trump refugee order dashes hopes of Iraqi allies: rewarding loyalty with deportation, the American way.",Trump Administration Announces New Policy to Deport Migrants and Refugees
26540,Amazon-Hachette feud overlooks indie authors—because who reads them anyway?,Amazon and Hachette Dispute Over E-book Royalties and Author Rights
2610,gmail user pities hotmail user,Gmail Users Frequently Find Hotmail Users Less Friendly and Less Tech-Savvy
27409,"Google Street View: not just for maps, but for autism communication too.",Google Street View Continues to Expand Mapping Services Beyond Traditional Maps
20672,"Neighbors 2 tackles sexism subtly, as comedies do.",'Neighbors 2' Uses Humor to Address Sexism and Stereotypes in Comedies
7012,so-called professional gamer not even racist,Professional Gamer Denies Allegations of Racism Following Controversy
5863,giant altoid headed toward earth'curiously strong' celestial body will extinguish all life,Satirical Article Claims Giant Altoid Tin Will Destroy Earth
7468,"scandal: mccain won miss congeniality of u.s. senate in 2000, 2003",Mccain Wins Senate Re-election in 2000 and 2002
13651,"Wilmer Flores' Friday night was so Hollywood, they're already planning the sequel nobody asked for.",Actor Wilmer Valderrama's Friday Night Was a Hollywood Event
1443,area grandmother comes forward as 'banksy',Local Grandmother Claims to Be Anonymous Street Artist 'Banksy'
1163,netflix gently reminds 'arrested development' fans that new episodes of the show won't actually solve world's problems,Netflix Reminds 'Arrested Development' Fans That New Episodes Won't Solve Global Issues
20598,Paying extra for airline seats: because comfort is overrated anyway.,Passengers Frequently Opt for Premium Economy or Business Class Seats Over Standard Economy Seats
20981,"Murdoch, racial expert, declares Carson the 'authentic black president' we've all been waiting for.",Fox News Host Tucker Carlson Criticizes Black Lives Matter Movement
4779,genealogists find 99% of people not related to anyone cool,Genealogists Report Majority of People Not Directly Related to Each Other
13367,"Sales of '1984' spike after Conway's interview? What a coincidence, or is it doublespeak?",Conway's Interview Sparks Speculation About Potential 1984 Campaign
2133,cool glitch effect on movie studio logo must mean shit about to go down,Movie Studio Logo Glitch Causes Minor Disruption
21398,A mystery painter turns anti-Muslim graffiti into love—because one spray can fixes systemic racism.,Local Artist Creates Anti-Muslim Graffiti to Address Systemic Racism
18403,Florida woman turns wedding into a disaster movie—climax not included.,Florida Woman's Wedding Turns Into Disaster After Unexpected Event
17490,"Hillary Clinton offers a 'basic bargain' for the economy, because nothing fixes complex problems like simple slogans.",Clinton Campaign Highlights Economic Policy in New Campaign Slogans
9632,exterminator kind of surprised apartment doesn't have roaches,Apartment Resident Surprised to Find No Roaches Despite Previous Reports
6219,trump delivers anecdote about small business owner who isn't half the man he is,Trump Discusses Small Business Owner Who Is Not as Strong as Him
17026,"Ego-centric art world killing art: Finally, some real art.",Art World Criticizes Ego-Centric Artists for Overemphasis on Personal Aesthetics
19574,I'm finally ok with letting myself be 'uncomfortable' – my new favorite state of being.,Many People Report Feeling Comfortable After Overcoming Initial Anxiety
15054,Snoop Dogg gives turkeys instead of... other things. How sweet.,Snoop Dogg Donates Turkeys to Local Food Bank
26285,Chadwick Boseman delivering commencement? Because actors are experts on graduation.,Chadwick Boseman to Deliver Commencement Address at Harvard University
2840,fda deems genetically modified salmon too handsome to eat,FDA Declines Genetically Modified Salmon for Human Consumption
5871,god admits he never created gerbils,Satirical Article Claims God Never Created Gerbils
23965,Transit strike? Just tweet—Twitter solves everything.,Twitter Users Turn to Social Media to Solve Transit Issues
22166,Campus safety activism: how I traded studying for sit-ins.,Campus Safety Activists Organize Sit-Ins to Demand Improved Safety Measures
13713,9 amazing spring cleaning tips for dog owners. Because your house isn't already a mess.,Spring Cleaning Tips for Dog Owners
17154,"De Blasio names new schools chancellor, then candidate backs out on live TV – seamless transition.",De Blasio Appoints New Schools Chancellor Amid Controversy
14962,Oklahoma governor compares striking teachers to a car-obsessed teen. Because fair wages are so teenage.,Oklahoma Governor Criticizes Teachers Over Wages
25833,Why is the self-defense narrative so powerful for gun owners? Could it be the lobbying?,Gun Rights Advocates Highlight Self-Defense Arguments to Support Second Amendment Rights
21338,"Finally, a museum for HBCUs—took us long enough.",Historically Black Colleges and Universities (HBCUs) Face Challenges in Establishing Permanent Museums
16016,"Half of abortion clinics in Ohio closed—progress, they call it.",Ohio Abortion Clinics Face Closure Amid Ongoing Controversy Over Reproductive Rights
3409,puppy love leads to human baby,Human Pregnancy and Childbirth Result in Birth of Human Baby
19556,"The police chief is sick of inaction on gun control? Join the club, chief.",Police Chief Calls for Gun Control Following Mass Shooting
26957,"How the middle class shaped folk art: by buying cheap decor, I guess.",Middle-Class Consumers Frequently Purchase Affordable Decor to Enhance Their Homes
13879,6 things you need to know about the nation's strictest medical weed law: Like how to get arrested for having a prescription.,Strict Medical Marijuana Laws Remain Highly Restrictive Across the United States
20578,"Barksdale, inspiration for 'The Wire,' dies in prison? Just another day in the life of a fictional character's real counterpart.","Barksdale, Fictional Baltimore Drug Kingpin, Dies in Fictional Prison"
7270,new study finds human beings were never meant to wake up from sleep,Satirical Article Claims Humans Were Designed to Sleep Forever
6218,sotomayor to add ballistics expertise to already deadly supreme court,Satirical Article Imagines Sonia Sotomayor Adding Ballistics Expertise to Supreme Court
13097,First month with baby: you've already mastered it all.,New Parents Often Feel Overwhelmed by the First Month of Parenting
22202,Just add 'ultra-rare' to the grant application; they'll notice.,Grant Application Admits to Rare or Unusual Research
17665,Gay ex-NFL player wins on The Voice – because singing is just like football.,Former NFL Player Wins Season of The Voice
834,"'i promise to work tirelessly to achieve my campaign's goals,' threatens trump in terrifying address",Trump Campaign Promises to Work Hard to Achieve Campaign Objectives
10625,ammonia-factory leak exposes texas town to mexican working conditions,Ammonia Factory Leak in Texas Raises Concerns Over Working Conditions
15673,"Climate Change Haunts Pumpkins, Because Nothing Says Global Warming Like Squash",Climate Change Linked to Global Warming and Rising Temperatures
11982,condoleezza rice drives halfway to airport before realizing she forgot interpreter,Condoleezza Rice Arrives at Washington Dulles Airport for Diplomatic Meeting
23690,'Kimmy Schmidt' Star Tituss Burgess Follows Up 'Peeno Noir' with Ode to Multicultural Penis: The Highbrow Cultural Commentary We Deserve,Tituss Burgess's 'Kimmy Schmidt' Character Continues to Explore Themes of Identity and Cultural Commentary
13282,"Biden slams Trump: 'he would have loved Stalin,' because comparisons are helpful",Biden Criticizes Trump's Leadership Style
6145,stephen miller furious at propublica for only releasing 7-minute recording of immigrant children sobbing,ProPublica Releases 7-Minute Audio Recording of Immigrant Children's Emotional Testimony
828,jews' covenant up for renewal with god,Jewish Community Prepares for Annual Renewal of Covenant With God
17807,Brazil's impeachment is hypocritical? I'm appalled.,Brazil's Impeachment Trial Raises Questions About Political Accountability
20275,Trump unveils tax plan to lower taxes for millions: if you define 'millions' as 'billionaires'.,Trump Administration Announces Tax Reform Plan to Reduce Tax Burden for Billionaires
19881,Exploring the complex psyche of mass murderers. What could possibly be wrong with them?,Researchers Investigate Psychological Factors Behind Mass Murder
12594,woman launches into 4-minute self-deprecating preamble before speaking mind,Woman Takes Long Time to Prepare Before Speaking
9085,"pfizer researchers discover new stimulating, medicating, captivating cure for what ails you",Pfizer Researchers Announce Breakthrough in Developing New Medication
267,nissin introduces extra-large drum noodles,Nissin Introduces New Extra-Large Ramen Noodles
10384,all-beef patty 70 percent beef,Satirical Article Mocks Beef Patty Advertising With Fictional 70 Percent Beef Claim
14374,"Luther Strange, unfazed by heat, suddenly champions filibuster reform.",Luther Strange Announces Support for Senate Filibuster Reform Amid Heat of Election
17274,"Erdogan's tyranny: so oppressive, it inspires dystopian novels.",Turkish President Recep Tayyip Erdogan Faces Criticism Over Authoritarian Tendencies
18009,'P is for p*ssy' is the alphabet book of your wet dreams – if your dreams are that basic,Children's Alphabet Book Features Explicit Content
13527,"Forum targets homelessness—because speeches end poverty, obviously.",Homelessness Advocacy Groups Focus on Addressing Root Causes Rather Than Just Speeches
4014,republicans praise nixon administration for allowing qaddafi to rule libya so he could one day be overthrown,Nixon Administration Supported Libyan Regime During 1970s
2410,national dialogue dusted off,Public Discourse Returns to Normal Following Period of Political Polarization
10209,report: north dakota leads nation in parking availability,North Dakota Leads Nation in Parking Availability
16486,Mashed potato recipes you want and need: for when life's too short for other foods.,Mashed Potato Recipes Offer Versatile and Delicious Options for Everyday Meals
9962,"natalee holloway, osama bin laden celebrate 5-year wedding anniversary",Natalee Holloway's Disappearance Remains a Mystery
15026,"The other Rev. King from Mississippi has some thoughts, probably just as inspiring as the first.",Rev. Martin Luther King Jr. Remains a Major Historical Figure
6124,area man would have done things differently if he were killer in movie,Man's Life Would Have Been Different If He Were a Villain in Movie
11223,man receives first baboon-face transplant,Satirical Article Imagines Fictional Baboon Face Transplant
15380,Will Greater Israel transform into Greater Palestine? Let's consult the crystal ball of geopolitical tensions.,Israel Faces Ongoing Tensions With Palestine Amid Ongoing Conflict
4450,news of uncle's death deleted by spam filter,Uncle's Death Reported to Spam Filter
23724,Wyclef still down for Fugees reunion—we'll see when it happens.,Wyclef Jean Announces Plans to Reunite Fugees
14464,Obama on reparations: he'll get right on that after fixing everything else.,Obama Administration Faces Scrutiny Over Reparations Proposal
17233,"Sylvester Stallone spent $400k on a statue of himself—modest, really.","Sylvester Stallone Purchases Statue of Himself for $400,000"
26754,"Pollsters polled on bizarre polls, what could go wrong?",Pollsters Face Challenges in Validating Survey Results
19402,It takes 20 celebrities to explain why 62 million girls are dumb – clearly insufficient.,Satirical Article Mocks Celebrity Apologies for Criticizing Girls
13541,"What to buy your 'basic' friend this holiday season, according to Pinterest's deep wisdom.",Pinterest Suggests Buying Gifts for Friends Based on Pinterest User Preferences
13960,Mitch McConnell marvels at the judicial crisis he single-handedly engineered. What a visionary!,Senate Leader Mitch McConnell Faces Scrutiny Over Judicial Appointments
21775,Romney goes after Obama with PowerPoint? The pinnacle of political critique.,Romney Campaign Uses PowerPoint to Present Policy Arguments
9909,nasa says presence of diving board on mars confirms planet may have once contained water,NASA's Curiosity Rover Finds Evidence of Ancient Water on Mars
222,jimmy fallon six tantalizing months from disappearing forever,Jimmy Fallon Returns to Television After Six Months Off
1362,twitch streamer sets new record for longest stream lying dead on camera,Twitch Streamer Sets New Twitch Record for Longest Stream
24768,Ramadan Day 7: Prayers for Burma's camps—because thoughts and prayers always fix genocide,Humanitarian Organizations Urge Continued Support for Rohingya Refugees in Burma
23472,"Nonsense that makes perfect sense: a story of friendship, cookies, and cake",Friendship and Sharing Cookies and Cake Bring Joy to Children
2539,self-conscious puppet has no idea what to do with hands,Puppet Actor Struggles to Control Hands During Performance
19235,Can you name all the colors in nature? (Spoiler: it's not just green and brown.),Nature's Palette Extends Beyond Earthly Greens and Browns
18985,This man's tweets cryptically pay homage to a Smash Mouth classic. Because nothing says deep thought like 'All Star' lyrics.,Man's Tweet About Smash Mouth's 'All Star' Lyrics Is a Common Fan Tribute
5407,esports star suspected of using peds,Esports Player Accused of Using Performance-Enhancing Drugs
21158,Chris Christie abandons Trump's campaign – loyalty at its finest.,Chris Christie Abandons Trump's Presidential Campaign
4509,investigation exposes ebay user for selling fake pulitzer medals,Ebay User Sells Fake Pulitzer Prizes
9283,"study finds placing one foot forward, then the other, remains best method of walking",Study Finds Alternating Footsteps Is Most Effective Walking Technique
28159,Turning tragedy into profit: the Hollywood way.,Hollywood's Profit Motive Drives Commercialization of Tragedies
1966,"report: kanye west, bill gates, tom hanks all currently reading, enjoying this article","Kanye West, Bill Gates, and Tom Hanks Reportedly Currently Reading This Article"
21434,Bolt casually adds another gold.,"Bolt, the Dog, Adds Another Gold Coin to His Collection"
16396,How do you know when a beauty product is 'the one'? When the marketing budget is high enough.,Beauty Industry Marketing Strategies Often Prioritize High-End Branding Over Product Quality
22840,A heartwarming tale of how minor fines lead to desperation. Our justice system works!,Critics Argue Minor Fines Are Not Effective in Addressing Crime and Restorative Justice
2938,biden unleashes torrent of vomit on debate stage,Biden Campaign Faces Criticism Over Controversial Tactics During Presidential Debate
4523,third-grade slumber party a snakepit of machiavellian alliances,Third-Grade Slumber Party Fosters Friendships and Bonding Among Young Children
7006,liberal feels like idiot for placing entirety of hopes on mueller probe instead of new york prosecutors' investigation,Critics Question Mueller Probe's Effectiveness After Investigation Finds No Evidence of Collusion
8405,horrible pack of theme-restaurant waitresses alerted of patron's birthday,Waitress Recognizes Birthday Customer at Restaurant
4682,"weird kid opts to sit perfectly still, let universe decide his fate after teacher instructs class to pair up",Classmate Keeps Silent During Teacher's Pair-Up Assignment
18008,"Disaster movies are tame compared to what happened 3.3 billion years ago – which was literally the end of the world, probably",Scientists Highlight Extinction-Level Events in Earth's History
4304,justin timberlake already beneath u.s. bank stadium waiting for super bowl halftime show to start,Justin Timberlake Announced as Headliner for Super Bowl Halftime Show
24297,White House threatens Iran but then reassures the nuke deal is okay—clear and consistent policy.,White House Maintains Consistent Policy on Iran Nuclear Deal
9068,ozzy wins tickets to ozzfest,Ozzy Osbourne Wins Tickets to Ozzfest
6915,fda recalls food,FDA Recalls Certain Foods Due to Safety Concerns
15139,"China's video explains rejection: 'We reject because we can, and you can't stop us.'",Satirical Article Mocks Video Game Rejection With Humorous Commentary
15213,Franco opens up about the 'uncomfortable' scene that was totally fine.,Actor Franco Opens Up About Recent Film Role
9444,doctors discover purpose of appendix is to contain human soul,Medical Experts Clarify Function of Appendices in the Human Body
9461,man just wants one trip to laundromat where he doesn't meet perfect woman,Man Seeks Casual Laundry Experience After Longing for Romantic Encounter
20970,Dems applaud GOP chair's heroic effort to shield Russia probe from public scrutiny.,GOP Chair Defends Trump Administration's Handling of Russia Investigation
1860,enterprising child saves $54 to buy barrel of oil,Child Saves $54 to Purchase Oil Barrel
3726,woman bids farewell to former self before beginning new skin care regimen,Woman Prepares for New Skin Care Routine After Quitting Smoking
7617,guy at bank has weird hair for guy who works at bank,Man's Unusual Hair Style Draws Attention at Local Bank
26039,Religious freedom clauses block marriage equality: protecting bigotry since day one.,Religious Freedom Clauses Remain a Barrier to Marriage Equality
425,authoritarian secretary of transportation declares she has ultimate right of way in every traffic scenario,Transportation Secretary Asserts Authority Over Traffic Rules
3767,"scientists discover 6,000-year-old stain",Archaeologists Uncover Ancient Stain on Ancient Artifact
11436,frustration with husband taken out on soap scum,Man Expresses Frustration Over Soap Scum on Wife's Clothing
4099,encouraging report shows 45% of onion social users survive beta testing,Onion Social Platform Launches Beta Testing for New User Interface
10978,woman mad boyfriend not jealous she danced with other guy,Woman's Jealousy Over Boyfriend's Affair Revealed After He Dances With Another Man
11773,angela merkel admits she only attending stupid work conference for free trip to argentina,Angela Merkel Attends Free Conference in Argentina
12393,oscar meyer introduces new wiener mobility scooter,Oscar Meyer Introduces New Wiener Mobility Scooter
9685,ladykiller gets life sentence,Man Sentenced to Life in Prison for Murder
23805,Armed citizens guard military bases—because the military is clearly understaffed and needs vigilantes.,Military Personnel Face Shortages and Overcrowding at Various Bases
22880,"Airplane's terrifying landing may put you off flying for good—that landing was so smooth, you'd think it was a pillow.","Airplane Lands Smoothly, Leaving Passengers Surprised"
20144,Slushing in Utah: The exciting end-of-season activity that's basically dirty slush.,Utah Residents Enjoy Winter Slushy Snowfall
27497,West Virginia teachers' strike threatens to collapse the entire state economy.,West Virginia Teachers' Strike Threatens to Disrupt State Economy
13049,dad clarifies this not a food stop,Father Clarifies Restaurant Menu Labeling
21949,"The Defiant Ones: Dr. Dre and Jimmy Iovine's journey to make music and, oh yeah, pile up cash – how noble.",Dr. Dre and Jimmy Iovine Launch Partnership to Produce Music and Entertainment Ventures
8272,hands-off mom lets kids create own psychological issues,Parents Often Allow Children to Develop Their Own Psychological Issues Without Direct Intervention
1580,grimacing congressman quickly drafts legislation for charley-horse research,Congressman Drafts Legislation to Fund Charley-Horse Research
26064,"Heartbreaking illustrations of last words, a cheerful topic for all.",Satirical Article Mocks Stereotypical 'Heartwarming' Topic of Last Words
8674,4 angels banished from heaven for attempting to unionize,Satirical Article Imagines Angels Unionizing to Fight for Worker Rights
24132,North Korea missile puts US in range? Another normal day in geopolitics.,US Missile Defense Systems Continue to Protect Against North Korean Threats
2913,leaked 'the last jedi' footage reveals chewbacca balding since 'the force awakens',New 'The Last Jedi' Footage Reveals Chewbacca's Balding
21946,Trans Houdini sneaks into men's locker room – just another day in magical mischief.,Man Enters Men's Locker Room After Workout
10985,your neighbors: should you consider talking to them?,Neighbors Often Struggle With Communication And Conflict
4827,dot declares pothole too perfect to fill,Local Road Crew Declares Pothole Too Perfect to Fill
11984,report: more women forgoing taking their husbands' names in favor of something badass like diesel,Study Finds Women More Likely to Take Their Husbands' Names After Marriage
7346,macy's concludes thanksgiving day parade with traditional procession of santa's coffin,Macy's Thanksgiving Day Parade Concludes With Traditional Float Featuring Santa's Coffin
1866,"25-year-old moving into comfortable, rent-free arrangement in parents' home worried he's hit rock bottom",Young Man Relocates to Parents' Home After Renting Out Apartment
2911,chuck schumer relieved he's never taken stance meaningful enough to have someone mail him explosive,Senator Chuck Schumer Expresses Relief Over Past Politicization
25742,"A canoe survives a hurricane; clearly, it's the most important historical artifact Florida has ever seen.",Hurricane Survives Florida Canoe
9850,crocodile hunter the same way in bed,Crocodile Hunter Steve Irwin Dies After 77 Years
27563,Planet crosses carbon milestone – just a minor hiccup in the climate crisis.,Satirical Article Mocks Climate Change Deniers With Fictional Carbon Milestone
13538,"The Birth of a Nation is still a thing, a century later—how timeless.",The Birth of the Nation Continues to Shape American Identity and Politics
20603,"Defeating ISIS will take years? Say it isn't so, officials.",Military Efforts to Defeat ISIS Remain Ongoing and Protracted
9332,keanu reeves recalls preparing for 'john wick 3' by acting in two previous 'john wick' films,Keanu Reeves Reflects on Preparation for 'John Wick 3'
22140,Chopra Center trial proves mindfulness cures all: science is so impressed.,Chopra Center Trial Highlights Benefits of Mindfulness Meditation
13387,"Trump desperately seeks liberal approval by name-dropping Michael Moore, a masterstroke of political genius",Trump Campaign Uses Michael Moore as Political Talking Point to Appeal to Liberal Voters
17423,Heroic officer rescues skunk after ducklings—animal superhero or just quirky?,Officer Rescues Baby Ducklings From Skunk After Encounter
4794,chili's introduces savory new 200-times-baked potatoes,Chili's Announces New Baked Potato Menu Item
8891,'new york times' announces new columnist will contribute nothing to society 3 times a week,New York Times Announces New Columnist Will Publish Three Times a Week
26659,"Documentary advocates for supervised heroin sites, adding 'safe injection' to the American dream.",Satirical Article Mocks Anti-Drug Campaigns With Fictional 'Safe Injection' Documentary
26557,"Priest preaches religion of acceptance, because that's what religion is known for",Priest Emphasizes Acceptance in Sermon
13557,"Bergdahl finally faces court martial—about time, really.",Bergdahl Faces Court-Martial After Returning to United States
23812,Kim K shares baptism photos—because nothing says sacred like a social media post.,Kim Kardashian Posts Baptism Photos on Instagram
9676,report: takeout place put burrito in completely different container this time,Customer Reports Takeout Burrito Was Put in Different Container Than Ordered
1971,grandma in nursing home starts adorable little sexual relationship,Nursing Home Resident Engages in Romantic Relationship With Fellow Resident
21718,"Revealed: Gilmore Girls characters' fates, this changes everything we thought we knew about TV lore.",Gilmore Girls Continues to Remain a Popular and Enduring Television Series
18373,Artists are drawing faces to spread love – because art solves everything.,Artists Use Facial Expressions to Express Emotions and Spread Love
4343,man can't wait to find out if millennium falcon gets out of that tunnel,Man Excited to See If Millennium Falcon Escapes Death Star in Star Wars Film
25335,"Beyonce shows love for Cha Cha and Lone Star, proving she's just like us.",Beyoncé's Music Videos Frequently Feature Texas-Inspired Dance Styles
24410,Rebrand Columbus Day? Because 'genocide appreciation day' was too on the nose.,Columbus Day Criticized for Focusing on Indigenous Genocide Rather Than Exploration
24076,"How to locate lost life insurance policies: step one, stop losing things.",Lost Life Insurance Policies Remain Unclaimed Despite Efforts to Locate Them
17240,Video relaunches investigation—because nothing says justice like a viral clip.,Viral Video Sparks Investigation After Accusations of Misconduct
5650,crude but functional starbucks hewn from rock facing,"Starbucks Opens New Location in Rockingham, North Carolina"
15093,"Scottish leader demands new referendum, threatening to hold votes every week until independence is achieved.",Scottish National Party Calls for Second Referendum on Scottish Independence
17747,"Trump to meet with Vogue, Vanity Fair: connecting with the common folk.",Trump to Meet With Vogue and Vanity Fair to Promote New Book and Image
19400,Will a mega-billionaire fix GOP's insurance mess? Only in fairy tales.,Critics Question Billionaire Wealth and Influence in GOP's Healthcare Reform Efforts
21333,"Ebola in semen? Just a minor inconvenience, really.",Ebola Outbreak in Democratic Republic of Congo Raises Concerns Over Human Transmission
17864,Watch live: Lili Taylor talks ABC's 'American Crime' – who needs reality when you have scripted drama?,Lili Taylor Discusses ABC's 'American Crime' Series
5189,pork chop trapped in airtight container,Pork Chop Stored in Airtight Container to Preserve Freshness
7450,polar bear cub just knows he's going to be last of species,Polar Bear Cub's Survival Odds Seemingly Low Due to Climate Change
20317,"Michael Slager's fate hangs in limbo after being caught on camera, justice moves fast.",Michael Slager Arrested After Being Caught on Camera
8677,"depraved candidate struggling to support $100,000-a-day advertising habit",Candidate Faces Financial Challenges in Pursuing High-Profile Campaign
16052,A 4-year-old girl killed in a road rage incident. Just a typical Tuesday on our roads.,Four-Year-Old Girl Killed in Road Rage Incident
6979,mel gibson - his performance in 'payback' still not getting enough credit,Mel Gibson's 'Payback' Remains a Controversial Film Despite Positive Reviews
27455,Elizabeth Warren attends Trump's inauguration: a bold move to support democracy or just to people-watch?,Elizabeth Warren Attends Trump's Inauguration
24498,Kenya should not sign: because China and SA are such trustworthy partners.,Kenya to Maintain Strategic Ties With China and South Africa Amid Global Economic Uncertainty
25104,Greece and Europe on the edge? Again? This economic thriller never gets old—or solved.,Greece and European Economic Crisis Remain Ongoing Challenges
220,"well, neighbors just got a pit bull",Pet Owner Acquires Pit Bull After Living With Other Pets
7785,poke with stick confirms raccoon's death,Raccoon Found Dead in Park
8340,"following death of adam yauch, grieving china frees tibet",China Announces Plan to Free Tibet Following Death of Legendary Tibetan Singer Adam Yauch
20038,Fellow millennial voters: no one owes us a damn thing... except maybe that $1.7 trillion in collective student debt we 'chose' to take on.,Millennial Voters Express Frustration Over Rising Student Debt
195,report: north korea just enjoys nuclear talks,North Korea Continues to Participate in Nuclear Talks With the United States
11593,bailiff can't help wondering what life would be like on other side of judge,Bailiff Expresses Frustration Over Unfair Treatment of Defendants
24813,Woman who was beaten on TV has some minor thoughts on the experience.,Woman Who Was Physically Assaulted on Television Expresses Minor Frustration Over Media Coverage
21321,"Watch: 2014 BET Awards performances – relive the hits from a decade ago, because time stands still.",BET Awards 2014 Show Features Performances From Past Decade
99,homosexual dolphin has highly developed sense of gay-nar,Dolphin Exhibits Normal Social Behavior and Communication Patterns
23149,"Boomers' guide: retire, dance, die, but chocolate first—deep.",Boomer Retirement Advice Focuses on Enjoying Life Before Passing On
3395,olympic bronze medalist to appear in flintstones on ice,Olympic Bronze Medalist to Compete in Ice Hockey at Winter Olympics
390,head on pike really pulling together castle's look,Satirical Article Mocks Traditional Castle Architecture With Modern Pike-Inspired Design
4783,"man fishes for legendary, elusive compliment",Man Struggles to Find Genuine Compliment After Years of Seeking External Validation
308,grandma excited to show off new beach sweater,Grandma Displays New Beach Sweater to Family and Friends
12889,pence tells emotional story of longtime friend who was aborted after second trimester,Former Vice President Mike Pence Defends Abortion Policy Amid Personal Ties to Planned Parenthood
45,man in international airport only speaks business,Man Arrives at International Airport
4887,war criminal a grandpa,Former War Criminal Sentenced to Prison for Crimes Against Humanity
12612,santa anita park officials announce they will stop allowing bets on all upcoming horse deaths,Santa Anita Park Officials Announce Decision to Stop Horse Racing After Multiple Fatalities
10207,taco bell's five ingredients combined in totally new way,Taco Bell Announces New Menu Item Featuring Five Essential Ingredients
16735,Epidemic of gay loneliness? Must be from all that societal acceptance causing fatigue.,Satirical Article Mocks Stereotypes About Gay People Feeling Lonely
20972,"Why appreciate someone only after they leave? Obviously, it's the best management practice.",Appreciating Employees After They Leave Is Not a Best Management Practice
27547,Why stay in your comfort zone when you can be uncomfortably enlightened?,People Often Struggle With Feeling Comfortable With Change
23112,Footy McFooty Face: because naming things is hard.,Satirical Article Mocks Naming Conventions With Absurd Football Term
12410,author accepts award on ghostwriters' behalf,Author Receives Award for Ghostwriting
19849,"John Stamos has no mercy shading Drake Bell, the feud of the decade.",Drake Bell and John Stamos Engage in Long-Running Feud
6345,study: majority of new marine life species now discovered while cleaning oil spills,Researchers Discover New Marine Species While Cleaning Up Oil Spills
9344,man in suit makes decision affecting thousands of non-suited individuals,Man in Suit Makes Major Business Decision That Will Impact Thousands of Employees
20812,Obama says look to a veteran when cynical? Because veterans always have the answers in a world that keeps failing them.,Obama Reminds Americans to Look to Veterans for Guidance Amid Current Challenges
25528,Save $600 a year with these tips! (By giving up everything fun.),Cutting Back on Expenses Can Help Reduce Annual Spending
5874,"'this map will change the way you see westeros,' reports never-ending cascade of subhuman bullshit",Satirical Article Mocks Fantasy Map Trends With Absurd Claims
20754,Best Kimye wedding Instagrams; because their marriage is the epitome of stability.,Kim Kardashian and Kanye West's Relationship Has Been Criticized for Lack of Stability
19695,Miley Cyrus freaks out over Hilary Duff call: Because childhood stars never grow up.,Miley Cyrus Expresses Frustration Over Hilary Duff's Recent Call
13865,The Kurds' bitter defeat in Iraq is now everyone's problem. Just a minor bump in global politics.,Kurdish Victory in Iraq Remains a Major Success for Regional Stability
10798,cam girl has ash on forehead,Cam Girl Experiences Skin Rash After Using Makeup
15708,"Tom Cotton believes Trump's 'tough guy' act includes waterboarding, how reassuring.",Critics Question Tom Cotton's Support for Trump's Waterboarding Policy
28379,"james fenimore cooper, famed american novelist, dies at 224","James Fenimore Cooper, American Novelist, Dies at 224"
21766,"Hannity rips Kimmel as 'twisted, creepy weirdo'? So mature and respectful.",Hannity Criticizes Kimmel Over Late-Night Talk Show Host's Comedy Style
26515,"I was, but now I am: words that will change your life, or something.",Satirical Article Mocks Self-Improvement Jargon With Absurd Claim About Words Changing Lives
2953,area man's mother sizes up new girlfriend's pelvic span,Man's Mother Examines New Partner's Waistline
28252,Class act: allegedly pleasuring himself near children. Some people's hobbies are just... unique.,Man Accused of Indecent Exposure Near Children
1992,"experts point to long, glorious history of successful u.s. bombing campaigns",Experts Highlight Long History of Successful U.S. Military Operations
13205,"Breaking news: My internal soundtrack has been upgraded, and you won't believe the change!",User Updates Music Playlist
6740,boss makes lipstick prints on paychecks for valentine's day,Company Offers Valentine's Day-Themed Paychecks With Lipstick Prints
2397,"new, improved olean 30 percent less likely to make you shit in your pants",Olean Residents Report Improved Comfort and Reduced Fecal Frequency Following Recent Water Treatment
1787,it impossible to tell what sounds will freak out cat,Cat Owners Report Difficulty Determining What Sounds Will Startle Feline
16213,Caitlyn Jenner will reportedly attend Trump's inauguration: A beacon of inclusivity in a diverse administration.,Caitlyn Jenner to Attend Trump's Inauguration
14581,Thoughts and prayers: my weekly solution to world problems.,People Often Use Prayer as a Coping Mechanism for Daily Stress and Anxiety
25303,Obama and Democrats set a trap for Trump. How cunning.,Obama Administration Faces Scrutiny Over Handling of Trump Administration
6207,nabisco tentatively adds hummus to list of approved ritz toppings,Nabisco Introduces Hummus as New Ritz Cracker Topping
20051,rubio's new hardline immigration stance: because moderation is for losers,Rubio Announces New Hardline Immigration Policy
9322,area 8-year-old formally rescinds hunger complaint following mother's insulting banana offer,Mother's Banana Offer to 8-Year-Old Boy Rescinds Hunger Complaint
2432,automakers ask nation if it still wants that handle above car windows,Automakers Report Declining Demand for Rearview Mirrors
22032,Pearl Harbor survivors master mannequin challenge: history never looked so motionless,Pearl Harbor Survivors Participate in Mannequin Challenge at Museum
24575,"Victims' families don't care about politics? Right, because grief is so apolitical.",Families of Victims Often Prioritize Emotional Support Over Political Affiliation
27218,"AARP warns about scams—because retirees are never targeted, right?",AARP Warns About Scams Targeting Retirees
15595,"Britney Spears honored for LGBTQ support, as if her music career needed validation.",Britney Spears Celebrates LGBTQ+ Pride Month With New Music and Public Support
11811,'what a crew!' comments man on instagram photo of fucking backstabbing traitors who couldn't be bothered to invite him to margarita night,Man Shares Instagram Photo of Friends Who Didn't Invite Him to Margarita Night
16601,"Nurses break hospital rules to fulfill dying man's wish—rules are meant to be broken, especially at the end.",Nurses Adhere to Hospital Guidelines to Provide Compassionate Care for Patient's Final Days
28485,fireworks accident blows off tip of florida,Florida Fireworks Incident Injures Several People
735,isis fighter dreading smug looks from hometown friends who told him caliphate sounded like dumb idea,ISIS Fighter Expresses Frustration Over Friends' Skepticism About His Ideology
5336,area woman not good enough artist to justify eccentricities,Local Woman's Unconventional Art Style Draws Criticism
11911,"cops bust filthy, unshaven mark zuckerberg for selling personal data on street corner",Facebook CEO Mark Zuckerberg Faces Scrutiny Over Personal Data Collection
24969,HuffPost's thrilling quiz: test your knowledge of utterly riveting news.,HuffPost Launches New Quiz to Test Readers' Knowledge of Current Events
6637,fda prepares nation for switch to digital food format,FDA Announces Plans to Regulate Digital Food Packaging
19869,Trump seeks advice from a conspiracy theorist to win votes. Nothing says 'presidential' like that.,Trump Campaign Draws Criticism for Relying on Conspiracy Theorist for Advice
25602,"How real is 'Marcomentum'? As real as a unicorn, but with more political spin.",Political Marketing and Advertising Tactics Often Overlook Genuine Branding
15253,"Don Cheadle claims Trump used a racial slur? Say it isn't so, he's such a gentleman.",Actor Don Cheadle Denies Trump Used Racial Slur During Interview
16441,"Senator admits tax breaks for journalists, but forgets about the rest of us.",Senator Defends Tax Breaks for Journalists Amid Criticism
23891,Brooklyn Decker and Andy Roddick expecting baby #2: The baby bump heard 'round the world.,Brooklyn Decker and Andy Roddick Expecting Second Child
6293,"man who will pay $60,000 in medical bills this year can't afford health insurance right now",Many Americans Struggle to Pay Medical Bills Amid Rising Costs
7712,new robert altman film released straight to special-edition director's-cut dvd,Robert Altman's Latest Film Released on Director's-Cut DVD
1412,hero shop saves hundreds from hunger,Local Food Bank Receives Donation of Non-Food Items to Help Feed Hungry Community
7834,goose thinking of migrating home a couple weeks early to avoid the crowds,Goose Spotted Pre-Migrating Early to Avoid Crowds
55,shy friend experimenting with personality,Friend Exploring Different Personality Traits to Improve Social Connections
21701,"Your food contains tiny, risky, unlabeled ingredients? What could possibly go wrong with that?",Consumer Concerns Rise Over Unknown Ingredients in Food Products
19624,"Prison: where even animals get second chances, because rehabilitation is clearly a thing.",Prison Rehabilitation Programs Focus on Reintegrating Offenders into Society
23992,Two questions: 'Do you hate each other?' and 'Why not just break up?',People Often Struggle With Relationship Conflict Over Simple Questions
17894,Family happiness in one chart? Simplifying the unsimplifiable.,Family Happiness Linked to Positive Relationships and Shared Activities
18538,Fourth death in Legionnaire's outbreak? Probably just a statistical blip.,Legionnaires' Outbreak Continues to Rise in New York City
23288,"The 8 most important lessons? Like, always wear pants and don't burn bridges. Groundbreaking.",Satirical Article Highlights Common Life Lessons for Young Adults
3585,"park rangers lance old faithful in effort to pop clogged, inflamed geyser",Park Rangers Attempt to Relieve Clogged Geyser at Yellowstone National Park
4567,new study finds earth's core will be most habitable part of planet by 2060,Satirical Article Claims Earth's Core Will Be Most Habitable by 2060
13370,"Timberlake wants his son inspired by Charlottesville's 'strength'? You know, the Nazi rallies and all.",Justin Timberlake Criticizes Charlottesville Rally Violence
2467,proud species commits suicide rather than be driven to extinction by humans,Species Continues to Thrive Despite Human Threats
14625,"School prioritizes hairstyle regulations over education, what a novel approach.",Schools Face Criticism Over Strict Haircut and Style Regulations
8342,prairie dog town rezoned for commercial use,Prairie Dog Town Zoned for Commercial Development
9706,college freshman decides to be lanyard-wearing kind,College Freshman Wears Lanyard to Campus
13168,FDA approves nasal-spray naloxone—because saving lives should come with extra steps and a co-pay.,FDA Approves Nasal Spray Naloxone for Emergency Treatment of Opioid Overdose
24421,"Sephora's spring sale: because your self-worth depends on makeup, obviously.",Sephora Announces Spring Makeup Sale
20470,Shake Shack celebrates Will & Grace with boozy shakes—nothing says TV revival like processed food and alcohol.,Shake Shack Launches Boozy Shake Promotions to Celebrate TV Revival of 'Will & Grace'
20631,Creating a chemically-free home is easier and cheaper than you think. Just ignore all science and buy expensive alternatives.,Many People Overlook Cost-Effective Alternatives to Chemical-Based Cleaning Products
6114,area man a walking encyclopedia of everything except leading a normal life,Local Man Struggles With Social Isolation And Lack Of Purpose
17484,Obama administration violating rights? Say it isn't so. Because they were always so respectful of immigrants. Not.,Critics Question Obama Administration's Treatment of Immigrants
21461,Jon Stewart dancing to Drake is the one video you need to see? Your life depends on it.,Jon Stewart's Commentary on Drake's Music Videos Draws Criticism
2304,ralph northam admits he once engaged in pedophilia as part of michael jackson costume,Ralph Northam Admits to Wearing Blackface in 1970s Photo
7709,"trump, putin hold first joint press crackdown",Trump and Putin Hold First Joint Press Conference
25073,9/11 and the (un)making of the 21st century—because what's a few thousand lives in the grand scheme?,9/11 Remains a Major Historical and Emotional Trauma for Survivors and Families
24307,"We're sugar babies, living the glamorous life of paid companionship. So relatable.",Companionship Services for Adults With Disabilities Gain Popularity
9700,stunned nation mourns as french stewart survives plane crash,French Stewart Survives Plane Crash
27421,Who needs new Hollywood when old Hollywood was pure genius?,Critics Praise Classic Hollywood as Timeless and Innovative
27821,The man known for his extreme right-wing views might not be right-wing enough for the base. Shocking.,Right-Wing Politician Faces Criticism for Not Being Extreme Enough for Conservative Base
15704,"This Mother's Day, I have a tiny thing to tell my wife.",Man Plans Small Gesture for Mother's Day
9123,poll finds 68% of iowans turned on by knowledge whole nation watching,Poll Shows Majority of Iowans Support Iowa's State Pride
14022,"Jyothi Rao delves into authenticity, a truly deep topic.",Jyothi Rao Discusses Authenticity in Business and Personal Life
13001,"we in golden age of thing, guy who likes thing reports",Man Shares Personal Experience With Thing He Likes
10771,area man has sex with man to get out of office blood drive,Man Donates Blood to Office Blood Drive
53,mom announces plans to get out some of your old baby stuff and quietly stare at it,Mother Plans to Purge Old Baby Items and Reorganize Nursery
3136,goodwill employees shaken by gigantic pants,Goodwill Employees Report Feeling Uncomfortable After Seeing Giant Pants
17121,"Fourteen workout pants that look like real pants, fooling no one but making you feel better.",Fitness Wearers Frequently Wear Pants That Mimic Real Pants to Boost Confidence
12692,bill cosby announces dates for u.s. college commencement tour,Comedian Bill Cosby Announces Dates for U.S. College Commencement Tour
7510,knicks front office scrambling after zion williamson drafted before 3rd pick,Knicks Front Office Faces Pressure After Zion Williamson Drafted Before 3rd Pick
24343,"California lawmakers reject Confederate flag – finally, a state that recognizes treason isn't heritage.",California Lawmakers Vote to Remove Confederate Flag From State Capitol
16915,20 killer recipes for your Labor Day cookout – these might actually kill you with joy.,Labor Day Cookout Recipes to Satisfy Your Summer Grub Cravings
13522,Trump demands lower drug prices—from the people who profit from high prices. Good luck!,Trump Administration Proposes Lower Drug Prices
20806,"North Korea fires missiles again? Just another Tuesday in East Asia, nothing to worry about.",North Korea Fires Multiple Missiles Into Eastern Asia
8887,nation's schools to ensure bullied transgender students hide in stalls of bathrooms corresponding to biological sex,Schools Face Scrutiny Over Bathroom Policy for Transgender Students
4073,gold bracelet picked up at pharmacy,Customer Purchases Gold Bracelet at Local Pharmacy
24172,Goldblum almost voiced Apple: imagine Siri with a dose of eccentric charm.,Goldblum's Role in 'The Fly' and 'Fargo' Highlights His Versatility as a Comedic Actor
25976,"Can Bernie Sanders ride fracking to victory in New York? Sure, because environmentalists are known for loving oil extraction.",Bernie Sanders Campaign Faces Challenges in New York
25354,Backpage CEO likely to walk on pimping charges? Shield law saves the day—justice triumphs!,Backpage CEO Faces Criminal Charges for Operating Adult Entertainment Website
533,"nation savoring every moment of glorious late-february, early-march days",People Enjoy Mild Late February and Early March Weather
24770,Muppets cover N.W.A—because Sesame Street needed more 'fuck the police',Muppets Feature N.W.A in Sesame Street Special
5446,beauty industry announces massive new initiative to make women self-conscious about their palms,Beauty Industry Launches New Campaign to Promote Confidence and Self-Acceptance
26131,Poll shows millennials eager to pay reparations for slavery—what a selfless generation!,Millennials Express Interest in Reparations for Slavery Following Historical Injustice
19313,"Kate Mara: it's 'quite an honor' to play a female superhero: groundbreaking, truly.",Kate Mara Discusses Her Role as a Female Superhero in New Film
1791,fourth-grader with shark tooth necklace must have killed great white,Fourth-Grader Accused of Killing Great White Shark With Shark Tooth Necklace
16631,"An elementary school teacher accused of rape. Just another day in the profession, I suppose.",Elementary School Teacher Accused of Sexual Assault
3498,kerry's face droops with joy over latest polls,Kerry Campaign Reports Strong Polling Surge Following Recent Polls
26615,Political dramas are obsolete with Trump's daily reality show.,Trump's Daily Presidential Briefings and Press Conferences Remain a Mainstay of the White House
875,dog finds absolutely perfect place to shit,Dog Finds Ideal Spot to Defecate
15187,"Behold, 25 profound moments that redefined maternal elegance for us all.",Motherhood and Maternal Elegance: 25 Moments That Highlight the Beauty of Motherhood
23544,Trump axes NASA's greenhouse gas monitor: data is overrated anyway.,Satirical Article Mocks Trump Administration's Cuts to Environmental Agencies
6324,wrinkle-free pants didn't think they'd be tested quite this much,Fashion Experts Warn Wrinkle-Free Pants Are Not Suitable for Everyday Wear
2947,area man accidentally signs up for aol latino,Local Man Accidentally Subscribes to AOL Latino Website
15641,The importance of first responders: Because who needs emergency services when you have a strong WiFi signal and positive thoughts?,First Responders Remain Essential for Emergency Situations Despite Availability of Technology
590,"returning jesus christ downed by u.s. missile defense 30,000 feet before making landfall",Satirical Article Imagines Jesus Christ Being Deflected by U.S. Missile Defense System
3622,"'without them you could buy anything,' whispers amazon echo as man stares blankly at family",Amazon's Rise to Dominance Leaves Consumers Feeling Overwhelmed and Overlooked
9919,"paul ryan mentally logs 4,613th missed opportunity to put stop to all of this",Paul Ryan Faces Criticism for Failure to Act on Gun Control
22652,A series on internet immortality – because your tweets will definitely outlive you.,Satirical Article Mocks Social Media's Permanence With Fictional 'Internet Immortality' Series
10266,god shuts down andromeda galaxy,Satirical Article Claims God Shut Down The Andromeda Galaxy
17456,"Sylville Smith's father blames himself for being 'wrong role model' – no pressure, dad, just casual self-blame.",Father Blames Himself for Being a Poor Parent After Son's Suicide
16869,Hey NC! Check out NYC's awesome move for trans people—if only you cared.,New York City Announces Plan to Improve Transgender Rights and Protections
27266,Willam from Drag Race on group breakup – the world wasn't ready for such profound musical tragedy.,Willam Belli Breaks Up With Season 11 Winner on Drag Race
27045,Marital rape not a crime in India? But at least one judge is trying to change it – Progress!,Indian Court Rules Marital Rape Not a Crime
4058,ghost of brando urges man to finish whole cheesecake,Man Completes Entire Cheesecake After Ghost of Marlon Brando's Voice Reminds Him
19786,"Latina Student Faces Backlash for Filming 'Build a Wall' Chant, Because Tolerance is Key",College Student Faces Backlash for Using 'Build a Wall' Chant During Protest
2108,universal remote latest step in area man's plan for total living room domination,Man Plans to Install Universal Remote Control in Living Room
15874,"Finally, Wapo shares photos of Jason Rezaian not in prison – what a relief for everyone.",Journalist Jason Rezaian Released From Prison After Years of Imprisonment
23039,Preparing for retirement after a divorce. Because nothing makes financial planning simpler than splitting all your assets and starting over.,Many People Struggle With Financial Planning After Divorce
5016,systems administrator would so fuck new trainee,Systems Administrator Criticized for Overly Harsh Training Methods
22962,You owe me!—the universal cry of the entitled,People Frequently Use 'I Owe You' as a Common Expression of Frustration
14865,Marry him? Only if you're aiming for a lifetime of 'I told you so',Many People Say Marriage Is Only Worth It If They Can Predict the Other Person's Future
2795,high school suspends hunky student for wearing shirt,High School Student Suspended for Wearing Shirt That Disrupts Class
17481,"Paul Ryan crushes a Trump-loving opponent? In the GOP? That's like the pot calling the kettle black, but with more drama.",Paul Ryan Defeats Trump-Loving Opponent in Republican Primary
28498,nation not sure what signals it gave off to make candidates think it would be into them,Candidates Often Misinterpret Voters' Signals to Gauge Interest
25174,"Jason Miller declines top job—shocking, since Trump's administration is known for its stability and competence.",Jason Miller Withdraws From Trump Campaign
513,sad 38-year-old googles 'jobs caring for baby animals',Veterinarian Seeks New Career After Feeling Unfulfilled in Current Job
11994,look at it: it's goddamn beautiful,Man Admires Landscape After Taking a Walk
25398,Terror suspects planned attack; French security impressed.,French Authorities Identify Suspects in Paris Terror Plot
7194,halloween unfortunately not only night of year area man drunk in firefighter uniform,Local Man Wears Firefighter Uniform to Halloween Party
16286,Sammy Davis Jr. smoothly recovers from a tiny on-stage blunder.,Legendary Entertainer Sammy Davis Jr. Recovering From Minor Stage Mishap
26950,"Why does this town have two grenade launchers? For community defense, obviously.",Residents Question Purpose of Two Grenade Launchers in Local Town
6416,"old, wizened fantasy character confirms that the darkness is rising",Fantasy Character Predicts Dark Times Ahead
14787,"Under Trump, union rules tilted for employers? Big surprise, given his pro-worker stance.",Trump Administration Proposes Changes to Labor Regulations
5700,doctor informs woman he's overweight,Doctor Discovers Patient Is Overweight During Routine Checkup
22774,How to clean your grill with aluminum foil and elbow grease – the secret technique chefs hate!,Grill Cleaning Tips: Use Aluminum Foil and Elbow Grease to Remove Grease
12321,pope francis spends weekend installing stained glass storm windows in st. peter's basilica,Pope Francis Visits St. Peter's Basilica in Rome
9619,new study finds box still world's most popular container,Study Finds Container Still Widely Used in Everyday Life
9357,daddy issues worked out on dance floor,Father Spends Time on Dance Floor After Work
4435,nursing-home residents mate in captivity,Nursing Home Residents Live in Captivity
6149,depleted bruegger's bagels gift card living out quiet retirement in wallet's fourth row,Depleted Bruegger's Bagels Gift Card Still Active in Wallet
23793,Son repays mom's 20 years of care with 20 adventures—because who needs gratitude when you have a scavenger hunt?,Son Completes 20-Year-Long Scavenger Hunt to Show Appreciation to Mother
3013,"breaking: fuck, fuck, fuck, this got out of hand",Man Expresses Frustration Over Unwanted Situation
1657,grandson has long hair,Grandson's Long Hair Is a Common Feature of Many Young Men
8655,eco-friendly junkies launch needle re-use program,Eco-Friendly Recycling Program Launches to Promote Reuse of Used Needles
4864,specifics of hostile takeover fiercely boring,Corporate Takeover Fails to Excite Investors
16888,Hugh Hefner fans thank him for the articles: because Playboy was always about the thought-provoking content.,Playboy Magazine's Legacy Focuses on Lifestyle and Entertainment Rather Than Thought-Provoking Content
9135,report: america ready for third ketchup brand,Report Highlights Competition Among Major Ketchup Brands in the United States
11649,"despite armie hammer profile in 'good housekeeping' magazine, 'lone ranger' a flop at box office",Armie Hammer's 'The Lone Ranger' Receives Poor Box Office Performance
7027,scientists announce shrimp just as dumb as they thought,Researchers Study Behavior of Shrimp in Aquatic Ecosystems
22080,"Fear is such a hilarious concept, everyone's laughing.",People Often Find Fear Comedic
26686,"John Kasich decides not to run in 2020, sparing us from another candidate.",Kasich Announces Decision Not to Run in 2020 Presidential Race
23328,20 struggles every tall girl knows: like being a human giraffe and never fitting in cars.,Tall Girls Frequently Face Challenges in Everyday Life Due to Height
15824,"Massachusetts is the best place for women, if you're into that whole equality thing.",Massachusetts Leads Nation in Women's Rights and Equality
2451,obama to wait for next bruce springsteen album for word on economy,President Obama Expected to Wait for New Bruce Springsteen Album Before Addressing Economic Issues
13345,Who has solved the student debt crisis? Certainly not us.,Student Debt Crisis Remains a Major Challenge for Many Americans
20380,So we should just accept it? Great diplomatic strategy.,Critics Urge Diplomats to Reconsider Approach to Conflict Resolution
25240,Making a living and a loving: the romantic ideal that ignores rent and reality TV.,Many People Prioritize Romantic Idealism Over Financial Reality When Pursuing a Career
1350,gunman opens fire in own mcdonald's,Man Opens Fire at McDonald's in California
17140,Rescued lion obsessed with blankets since baby – he's basically a security blanket addict.,Rescued Lion Found Comforted by Blankets After Being Separated From Mother
12813,woman's parents accepting of mixed-attractiveness relationship,Parents Accept Mixed-Armed Relationship
17171,Three minutes of breathing ends work stress. Who needs vacations?,Taking Short Breaks to Breathe and Relax Can Help Reduce Work Stress
16519,"Trump's 'do not congratulate' blunder is the meme to end all memes, surpassing all previous internet failures.",Trump's 'Do Not Congrade' Gaffe Becomes Memorable Internet Meme
24228,Kim Kardashian just wore her most confusing look yet – I'm utterly baffled.,"Kim Kardashian Wears Oversized, Disturbing Outfit During Paris Fashion Week"
20195,To your health! Cheers from the fast-food line and soda machine.,Fast Food Workers Frequently Report High Stress Levels and Poor Working Conditions
16608,Weekend roundup: Orlando shooting shows clash of civilizations within—let's oversimplify complex tragedies!,Orlando Shooting Highlights Ongoing Conflict Between Gun Rights Advocates and Gun Control Supporters
23722,This will make you never want to check a bag—unless you enjoy losing your stuff.,Travelers Often Struggle With Packing and Luggage Management
7811,'what about that whole birth certificate thing?' romney suggests to staff,Romney Campaign Staff Express Concern Over Birth Certificate Controversy
12234,overweight woman encased in geo metro,Woman Trapped in Metro Car After Overweight
10594,super fan attends screening of 'infinity war' dressed as marvel's vp of marketing,Fan Attends 'Avengers: Infinity War' Screening in Marvel Costume
4775,panicked studio delays 'man of steel' to get more shots of people looking up in awe,Studio Delays 'Man of Steel' to Add More Action Scenes Featuring People Looking Up in Awe
16808,Twitter's new anti-troll measure is 'perfectly timed'. If you enjoy watching the barn door get nailed shut five years after the horse bolted.,Twitter Introduces New Anti-Troll Measures to Combat Online Harassment
1200,new evidence suggests humans may have been dipping crunchy things into gooey things earlier than previously thought,Researchers Suggest Humans May Have Been Eating Crunchy Snacks With Gooey Foods Earlier Than Previously Thought
9703,trump turns on fox news and tells aides to make whatever they're saying a law,Trump Administration Faces Scrutiny Over Alleged Attempts to Control Media Narrative
1834,study: other countries weird,"Study Finds Other Countries Have Unique Cultural, Environmental, and Economic Characteristics"
12318,writer unwilling to admit his screenplay perfect fit for justin long,Screenwriter Refuses to Admit Script Fits Justin Bieber
19555,13 reasons to feel hopeful? Let's count the ways this month is terrible instead.,Many People Experience Seasonal Depression and Anxiety During the Fall Months
27738,area man unsure if he's supposed to want hugo chavez to die or not,Local Man Expresses Confusion Over Hugo Chavez's Death
4811,man attempting to determine whether restaurant closed without getting too close,Customer Avoids Restaurant After Noticing It Is Closed
2963,report: getting out of bed in morning sharply increases risk of things getting even worse,Morning Wake-Up Routine Often Leads to Increased Stress and Anxiety
2607,nation urged to be extra sensitive to men reliving trauma of not getting something,Men Often Experience Anxiety and Self-Doubt After Not Receiving Desired Outcome
7855,unstable couple playing with fire by organizing game night,Couple Hosts Game Night to Bond and Have Fun
7062,millionaire thinks of self as upper-middle class,Millionaire Identifies As Upper-Middle Class
10269,corn lobby tightens the screws,Corn Lobby Maintains Strong Influence Over Agricultural Policy
9231,coworkers unable to put finger on what's weird about gary,Coworkers Struggle to Identify What's Unusual About Gary
20749,Tom Cruise's ankle-breaking stunt in slow-mo; he risks it all for art.,Tom Cruise Performs High-Flying Stunt in 'Mission: Impossible'
25098,"The last broadcast? Good riddance, if it was anything like the noise before.",Local Radio Station Ends Broadcast After Years of Noise
10357,officemates unwittingly spend entire workday talking to each other on grindr,Employees Frequently Use Grindr to Meet Coworkers for Casual Dating
2482,pope francis worried about job security after butting heads with new god,Pope Francis Faces Criticism Over Controversial Views on Social Justice and Economic Inequality
433,coroner's report concludes alton sterling died of institutionalized causes,Coroner's Report Identifies Cause of Death for Alton Sterling
2045,netflix adds thousands of mediocre new subscribers,Netflix Reports Record Number of New Subscribers Amid Growing Competition
626,hollywood maintenance crews sent out to patch up film industry's plotholes,Film Industry Faces Criticism Over Continual Plot Holes and Inconsistent Storylines
20676,Arab power meets smart power: where oil meets empty phrases.,Oil Industry Faces Criticism Over Empty Promises and Environmental Concerns
4882,woman ejected from bed in cracker-eating incident,Woman Ejected From Bed After Eating Cracker
18342,Restaurant bans tips to pay livable wage: because who needs customer generosity anyway?,Restaurant Bans Tips to Pay Employees a Living Wage
17599,These girl scouts want something done about Flint's water crisis – because nothing says 'environmental justice' like selling Thin Mints.,Girl Scouts Launch Campaign to Address Flint Water Crisis
26075,"Violence Erupts at Pro-Trump Rally? How Unexpected, Given the Peaceful Vibes.",Pro-Trump Rally Turns Violent Amid Tensions Over Trump's Presidency
6622,mommy having sleepover,Mother Hosts Sleepover For Daughter
19431,"Shocked? Really? After years of questionable comedy, who saw that coming?",Comedian's Latest Joke Receives Mixed Reviews
20164,These moderately interesting 360-degree photos might slightly remind you of a vacation.,360-Degree Photos Capture Panoramic Views of Travel Destinations
21660,Kate Hudson's vocal triumph on Prince's classic redefines music forever,Kate Hudson's Performance of Prince's 'Nothing Compares 2 U' at 2004 Oscars Highlights Her Musical Talent
810,michael cohen granted prison work release for new job with trump 2020 campaign,Michael Cohen Faces Prison Sentencing for Trump Campaign Finance Violations
21999,Hollywood executive: 'We should have done more to stop Harvey Weinstein' – said everyone after it was too late.,Hollywood Executives Express Regret Over Delayed Response to Harvey Weinstein Scandal
9246,green party official caught embezzling campaign funds for dime bag,Green Party Official Arrested for Alleged Campaign Finance Violations
27304,11 great things about preschoolers: like miniature humans who destroy everything.,Preschoolers Often Cause Chaos and Destruction in Early Childhood Education
21625,Planned Parenthood apologizes for undercover video statements—a masterclass in damage control under pressure.,Planned Parenthood Faces Scrutiny Over Undercover Video Statements Amid Controversy
28389,rash of high-speed chases threatens local fruit stand,High-Speed Chases Cause Widespread Traffic Congestion
24646,Actors dating costars: the scandal that defines Hollywood decadence.,Actors Frequently Date Co-Stars in Hollywood
13791,Vice president Pence pushes expansive NATO and defense of European micro-states: does president Trump even know where Europe is?,Vice President Mike Pence Advocates for Stronger NATO and Defense Spending in Europe
3079,rick gates fondly recalls manafort finding him as hapless street urchin and teaching him how to pickpocket,Rick Gates Recalls Working With Paul Manafort
12656,study: uneducated outbreeding intelligentsia 2-to-1,Study Finds Highly Educated Individuals Outnumber Those With Lower Education Levels
13375,Simple Sicilian swordfish? Because Italian cuisine is notoriously simple. Not.,Sicilian Swordfish a Popular Italian Seafood Dish
7846,"gifted, passionate student really stretching limits of school's resources",Highly Talented Student Exceeds School Budget Limits With Advanced Coursework
24113,A minor incident: eight people politely detained as police gently dismantle a camp.,Police Detain Eight People at Campsite
760,burger king unveils new low-fat cashier,Burger King Introduces New Low-Fat Menu Options
24374,"Democrats reopen government without dreamer protections, showing their commitment to... compromise?",Democrats Reopen Government Amid Ongoing Shutdown Debate
3293,all flights grounded after faa officials suddenly realize that man was not meant to fly,FAA Grounds All Flights After Passenger's Suspicious Behavior
24220,Milo Ventimiglia tries to defend Crock-Pot on Ellen – the slow cooker's savior has arrived.,Milo Ventimiglia Defends Crock-Pot on Ellen DeGeneres Show
21913,Michael Bolton crooning John Bolton's war chants is oddly soothing—like a lullaby for impending global conflict.,Michael Bolton's Music Often Features War-Themed Lyrics
24532,"Burglary suspect falls through restaurant ceiling, ruins dinner: The most unexpected dinner party crash.",Burglary Suspect Arrested After Falling Through Ceiling During Dinner Party
142,clinton assures tim kaine she'll continue serving as president in event of her death,Clinton Campaign Assures Tim Kaine He Will Continue Serving as President
25094,"Trump ominously tweets 'only one thing will work'? Let's all guess his mysterious, peaceful solution—or not.",Trump's Tweets Often Lacking Clear Policy Solutions
19398,Corbett's friend messes with endorsements – democracy at its finest.,Critics Question Corbett's Endorsements Amid Controversy
8404,family upgrades to shells & cheese,Family Switches to Shells & Cheese Fast Food for Convenient Meal
292,biden urges paul ryan to check out nude scene from 'porky's' on phone,Biden Advises Paul Ryan to Review 'Porky's' Film
8026,newly discovered dna evidence suggests children could be closely related to humans,New DNA Research Suggests Humans May Have a Common Ancestor With Other Primates
12302,girl finally speaking up enough for people to critique her speaking voice,Teen Girl Finds It Difficult to Speak Up After Years of Shyness
22208,Millennials in Cuba: because Florida was too mainstream.,Millennials Seek Diverse Cultural Experiences in Cuba
13808,Americans dislike media and Trump—who saw that coming? Everyone.,Americans Express Dislike for Media and Trump
25145,"As a millennial, my election issues include: student debt, climate change, and why my coffee is cold.",Millennials Express Frustration Over Current Political Issues
381,otherwise savvy woman duped by mascara makers again,Mascara Manufacturers Continue to Target Women With False Promises of Improved Beauty
10882,god completely fucked up after huffing gaseous planet,Satirical Article Mocks Religious Tensions With Fictional Story About God Getting Gas
8597,"lone, weak bystander targeted by pack of female friends who want their picture taken",Group of Women Take Photo of Lonely Man in Public
12190,laptop guy at coffee shop nine times out of ten,Man Frequently Visits Coffee Shop to Work on Laptop
14523,5 fun tips to prevent summer slide—as if kids ever stop learning.,Summer Learning Loss Remains a Persistent Issue Despite Summer Break
5796,"alan alda realizes it's less important than what's going on, but wonders if people know he's getting sag life achievement award",Actor Alan Alda Wins Lifetime Achievement Award
25301,Emergency wisdom? Who needs it when you have panic?,People Often Prefer Panic Over Planning When Facing Emergency Situations
28517,"Finally, an interactive globe to solve the earth-shattering mystery of global beer consumption.",Satirical Article Imagines Interactive Globe to Track Global Beer Consumption
5056,'that's it? what the heck was that?' says dad in scorched-earth review of movie you suggested family watch together,Dad Disappointed After Family Watches Movie Together
18307,'Tis the season for the groundbreaking 'Jingle Butts' video—a musical revolution we've all awaited.,Satirical Article Mocks Holiday Music Trends With Fictional 'Jingle Butts' Video
19078,Adding stress relief to your to-do list: the perfect way to stress about not having time for it.,People Often Use To-Do Lists to Overwhelm Themselves With Additional Tasks
22014,Faith groups rally against racism on the anniversary of MLK's death – because nothing says progress like repeating history.,Faith Groups Rally Against Racism on MLK's Anniversary
11913,newly unearthed journals reveal j. robert oppenheimer annoyed trinity test researchers by quoting 'bhagavad gita' every time they did anything,Satirical Article Claims J. Robert Oppenheimer Quoted Bhagavad Gita During Trinity Test
20094,"Senate Report on CIA Torture is Accurate: Mildly Disturbing, But Move Along",Senate Report Finds CIA Torture Program Was Legal and Justified
6773,kidnapping going pretty smoothly,"Kidnapping Suspect Arrested After Brief, Uneventful Capture"
25027,A GOP strategist calls Trump a 'little child' – is that really the best insult we have nowadays?,GOP Strategist Criticizes Trump With Mildly Pejorative Label
20155,"Ted Cruz Says GOP Planned to Cave: How shocking, politicians might lack backbone.",Ted Cruz Criticizes GOP Leadership for Potential Backing Down on Key Issues
22423,"Revenge so creative it's basically art, because violence is genius.",Violence Often Used as a Form of Revenge in Fiction and Real-Life Situations
25288,Gabby Reece dishes on fitness show—because we lacked exercise commentary.,Gabby Reece Discusses Fitness on New Reality TV Show
6766,each line of mastercard billing statement evokes infuriating vacation memory,Mastercard Billing Statements Often Feature Unrelated Vacation Expenses
13145,J.Lo and A-Rod donate $25k each? Because nothing says ‘thoughts and prayers’ like a tax-deductible photo op.,"Jennifer Lopez and Alex Rodriguez Donate $25,000 Each to Charity"
18090,Ronnie Wood's cancer diagnosis had him saying 'time to say goodbye'? How utterly predictable and not at all alarmist.,Ronnie Wood's Cancer Diagnosis Noted as Predictable and Not Alarmist
17070,Local actions: the unsung heroes saving Earth from your carbon footprint.,Residents Highlight Local Efforts to Reduce Carbon Footprint
5295,'what were we talking about again?' says trump 15 seconds into phone call to family of fallen soldier,Trump's Brief Phone Call With Family of Fallen Soldier Criticized for Lack of Emotional Support
28034,personals ad omits goiter,Personals Ad Removes Goiter From Profile
1051,weird girl you drunkenly fooled around with waiting outside door,Woman Arrested for Public Intoxication After Being Caught Outside Door by Police
15284,Florida passes bill to limit reproductive rights: Progress at its finest.,Florida Passes Bill to Limit Reproductive Rights
22653,Debt-free before retirement? Who needs financial security anyway?,Many People Prioritize Financial Security Over Early Retirement
776,supposedly educated professor has no idea how to get bird out of lecture hall,Professor Struggles to Locate Student in Lecture Hall
12238,study: human hearing most acute when listening to arguing parents from top of stairs,Study Finds Human Hearing Most Acute When Listening to Arguments Between Parents
9381,"report: just 2 more days and you can forget all of this, vanish into 'red dead redemption 2'",Gamers Anticipate Release of Red Dead Redemption 2
7566,not even julian assange clear on what's going on with him right now,Julian Assange Remains Anonymous and Unfamiliar to Public
14682,Mitt Romney outshines Sarah Palin in the race to be most irrelevant.,Romney Campaign Faces Criticism for Lack of Relevance Amid Palin's Rise
17650,Darwin Award for political mailer – evolution's joke on voters.,Political Mailers Frequently Feature Misleading or False Claims
2532,national security commission warns clinton: 'the call is coming from inside the house',National Security Commission Warns Clinton Administration of Potential Threats from Within
19807,Who needs shopping deals when you have peaceful protests and church pies?,Local Residents Express Frustration Over Economic Hardship Amid Economic Downturn
13700,"The clean machine: it cleans so well, it might clean the entire planet!",Satirical Article Mocks Environmental Concerns With Absurd Claim About Cleaning Machine
27032,News roundup: because 2017 needed more recycled content,News Outlets Continue to Repurpose 2017 Stories to Fill Current Year's Coverage
12750,new google streep view to provide panoramic imagery of meryl streep,Google Announces New Feature to Display Meryl Streep's Filmography in a Panoramic View
25381,"Pregnant stars match in crop tops, proving maternity wear is all about comfort.",Pregnant Women Wear Crop Tops to Comfort During Pregnancy
3031,poll finds majority of americans have never met willem dafoe,Poll Reveals Majority of Americans Have Never Met Actor Willem Dafoe
19151,Watch Harry Potter actors get sorted—the event we've all been waiting for.,Harry Potter Actors Get Sorted Into Their Hogwarts Houses
18609,"Trump's 'sexist smear' of Gillibrand prompts supporters to leap to her defense, because that's never happened before.",Trump's Supporters Rally to Defend Senator Gillibrand Amid Alleged Sexism
7696,"cnn headline news reporter unafraid to face the cold, hard factoids",News Reporter Confronts Harsh Weather Conditions While Reporting on Local Events
22132,Judge forgot to disclose GOP donation. Just a small oversight in a gerrymandering suit.,Judge Dismisses GOP Donation Allegations in Gerrymandering Case
15052,"Addiction: the habit that's hard to quit, especially when it's killing you.",Addiction Remains a Persistent and Difficult Habit to Quit
28203,Because a comedian's take is exactly what policy needs.,Comedians Often Use Humor to Address Serious Policy Issues
24821,"Ancestry.com's quiet, unassuming pivot into saving humanity.",Ancestry.com Announces Expansion Into Human Genealogy Services
21404,The best Rent the Runway dresses for bridesmaids: because nothing says 'eternal memory' like a rented gown.,Rent the Runway Offers Affordable Wedding Dress Rentals for Bridesmaids
15106,How to survive an unpredictable winter: move to the equator and never look back.,Winter Weather Remains Unpredictable Across the Globe
26628,"Buy experiences instead of things, because memories don't break.",People Often Prefer Experiences Over Material Goods
12745,smooth transaction at dmv exaggerated into story anyway,DMV Customer Claims Routine Transaction Became Embarrassing After Witnessing Fellow Driver's Drama
23105,Conservatives altering history? Shocker.,Conservatives Criticized for Altering Historical Recordings
25974,"Donald Trump assures religious conservatives he's their guy, because his history of moral rectitude is so inspiring.",Trump Campaign Highlights Conservative Credentials Amid Criticism of Moral Leadership
18639,Sister calls Manson movie tacky—because nothing respects victims like a film.,Sister Criticizes Manson Movie for Not Respecting Victims
11216,new yorkers cower as clinton victory speech reverberates across entire state,Clinton Campaign Holds Rally in New York City Ahead of Election Day
9401,local los angeles awards show slated to open for grammys,Grammy Awards to Open in Los Angeles
22344,"Dope cannabis brand is unapologetically Asian-American, because diversity in weed is crucial.",Cannabis Brand Emphasizes Asian-American Heritage Amid Diversity Efforts
2144,ghost of alvah roebuck enjoying the hell out of sears' decline,Satirical Article Mocks Consumerism and Corporate Decline With Fictional Story About Ghostly Retail Icon
88,'elle' magazine accidentally airbrushes naomi watts out of cover altogether,Fashion Magazine Removes Naomi Watts From Cover After Accidental Airbrushing
9251,u.s. worried about living up to netanyahu campaign promises,U.S. Expresses Concern Over Netanyahu's Campaign Promises
27931,Trump orders Syria strikes? Another masterstroke in diplomatic foreign policy.,Trump Announces Syria Strike Following Russian Missile Attack
15547,Science Journalism's Problem: Forgetting Reality Matters – What a Novel Idea.,Science Journalism Faces Challenges in Maintaining Objectivity and Accuracy
7572,samsung smart tv owner learning about majority of features from leaked cia documents,Satirical Article Claims Samsung Smart TV Owners Learn About Features From Leaked CIA Documents
7671,nation's liberals not sure what to think after hearing special counsel has waterboarded every suspect in trump investigation,Special Counsel Robert Mueller's Investigation Continues Amid Ongoing Scrutiny of Trump Administration
20637,Turkey's president calls Hitler's Germany example of effective government. Historical ignorance at its best.,Turkey's President Calls Hitler's Germany Example of Effective Government
16914,"Why Scott Walker's views on evolution are totally relevant – in a science class, maybe?",Scott Walker's Views on Evolution Remain Unchanged Despite Recent Controversy
15724,Trump disavows Nazis flawlessly—he's a natural at it.,Trump Denies All Allegations of Nazi Ties
3466,dying mastermind pulls red lever,Satirical Article Imagines Fictional Mastermind Activating Red Button
11886,"entirety of hollywood film industry replaced with 40,000 christopher plummers",Hollywood Film Industry Faces Widespread Decline Amid Declining Box Office Performance
6967,mike pompeo can't believe senate just expects he'll answer questions without being tortured first,Mike Pompeo Faces Scrutiny Over Handling of Senate Questions
7070,dubious inclusions damage credibility of entire record collection,Record Collector's Collection Criticized for Including Questionable Items
15894,Government shutdown possible if Democrats hurt Trump's feelings – because governance is all about feelings.,Government Shutdown Imminent as Democrats and Trump Clash Over Budget and Spending
257,governor too embarrassed to say which state he leads,Governor's Leadership Style Draws Criticism From Fellow Officials
27322,Assad's forces take 'capital of revolution'—revolutionary in the most oppressive way.,Syrian Government Forces Retake Capital City Amid Ongoing Civil War
7639,city planner gets halfway through designing city before realizing he's just doing philadelphia again,City Planner Completes Philadelphia Urban Design Project
13619,Can we make eco-friendly sportswear cool? Or will it forever be associated with hemp and guilt?,Eco-Friendly Sportswear Faces Challenges in Attracting Consumers
23196,"Amidst the unity speeches at the DNC, the money quietly flowed to the usual suspects.",DNC Attendees Criticize Party Leadership Amid Financial Concerns
24277,Syria reports a minor incident with at least 18 casualties—just another Tuesday in conflict zones.,Syrian Civilian Casualties Rise to 18 in Latest Conflict Zone Incident
1322,index finger rips into toilet paper package like velociraptor claw,Man Accidentally Ripstool Paper Towel During Bathroom Break
3911,report: fritz a fine name for a boy,Parents Often Choose Names With Meaningful or Cultural Significance
22760,Yelp fires employee for being poor: capitalism's golden rule,Yelp Fires Employee for Poor Performance
8668,"catholic church speaks out against decadent, sinfully rich dessert",Catholic Church Criticizes Wealthy Desserts Amid Concerns Over Materialism and Excess
11374,obama hosts diplomatic talks at starbucks while oval office carpet cleaned,President Obama Hosts Diplomatic Meeting With Foreign Leaders
1538,unsold google glass units to be donated to assholes in africa,Google Glass Units Remain Unsold After Launch
27101,The incredible tale of how a nerd in high-waisted pants conquered our hearts—truly a historical milestone.,High-Waisted Pants Remain a Popular Fashion Trend
25858,"Harry Styles comforts fan mid-panic attack, restores our faith in humanity, because pop stars are saints.",Harry Styles Provides Comfort to Fan During Emotional Outburst
4530,brooks brothers unveils new line of monogramed cum rags,Brooks Brothers Introduces New Collection Featuring Monogrammed Cotton Rags
22795,Supreme Court weighs if million-dollar tips are insider trading – a tough call for the billionaires.,Supreme Court Considers Whether Million-Dollar Tips Are Insider Trading
18740,"Will anything sink Trump? At this point, probably not.",Trump's Political Popularity Remains Strong Despite Controversies
8696,"wall street firm develops new high-speed algorithm capable of performing over 10,000 ethical violations per second",Wall Street Firm Develops Advanced Algorithm to Process High-Speed Trading Operations
1,thirtysomething scientists unveil doomsday clock of hair loss,Researchers Study Hair Loss in Thirties
24938,"Presidents Day resolution: Trump must go—but he's already president, so...",Trump Signs Presidential Resignation Resolution Following Controversial Presidency
20448,"Chrissy Teigen gives the middle finger to pregnancy critics—so elegant, so maternal.",Chrissy Teigen Defends Pregnancy After Critics Made Jokes About Her Body
17261,DOJ official suggests reporters might not be jailed—how magnanimous of them.,DOJ Official Says Reporters Will Not Face Jail Time for Defamation
26092,"Tamra Judge on 'RHOC' Ahead: More Drama, More Tears, More Why Are We Watching This?",Tamra Judge Returns to 'The Real Housewives of Orange County' Following Breakdown
24972,Seven secrets school leaders hide about New Orleans kids; it's all sunshine and rainbows.,New Orleans School Leaders Face Criticism Over High-Stakes Testing and Achievement Gaps
24981,"Clinton's bold pre-9/11 claim: hindsight is 20/20, right?",Clinton's 2001 Statement on Pre-9/11 Security Claims Criticized as Inaccurate
3401,frustrated wildfire spends hours stuck in l.a. traffic,Wildfire Spreads Across Southern California as Traffic Congestion Hinder Relief Efforts
12754,lowe's unveils new table saw with attached ice chest for storing cut-off fingers,Lowe's Announces New Table Saw With Built-In Ice Chest for Cooling Cut Fingers
8049,milosevic dreams he's slaughtering ethnic albanians in his underwear,Former Bosnian President Slobodan Milosevic Dies
18669,"You can listen to Prince online, if you're into that kind of tribute.",Prince's Music Available for Streaming
10338,elementary schooler clearly just learned to swear,Elementary Schooler Uses Swearing After Learning New Language
1843,chimp actor looking to direct,Actor Seeking to Direct Film
19671,"Beyoncé's mom dares to exist near her daughter at an event, steals show. The horror.",Beyoncé's Mother Attends Daughter's Event
26665,"NBC secures Trump interview, MSNBC airs it so much you'll see it in your sleep.",NBC Announces Trump Interview
16453,Parenting guide: When to surrender to the toddler's demands (always).,Parents Often Find It Difficult to Set Boundaries With Toddlers
25176,From starving to starring—because the American Dream now includes a cooking show contract.,Reality TV Star Signs Contract With Cooking Channel
6154,black history month celebration honors how sharp african americans looked in old-timey clothes,Black History Month Celebrations Highlight African American Cultural Heritage and Historical Significance
4451,open floor plan increases office shooter's productivity by 95%,Open Floor Plan Boosts Office Productivity by 95%
22122,"What does Honolulu's urban development mean? More tourists, less local culture. You decide.",Honolulu's Rapid Urbanization and Tourism Growth Raise Concerns About Local Culture and Community
14069,UK retailer removes gender labels; controversy over whether clothes have genders.,UK Retailer Removes Gender Labels From Clothing
2627,broken ornament relegated to lonely existence on side of tree facing wall,Ornament Left on Christmas Tree Wall After Holiday Season
2465,man worried about drug dealer who's not picking up phone,Man Expresses Concern Over Unresponsive Drug Dealer
21623,Leann Rimes wears 'interesting' pants—a fashion choice that defies all conventions and good taste.,LeAnn Rimes Wears Casual Outfit During Concert
4684,search for 'kick-ass shelves' continues,Retailers Continue to Search for High-Volume Shelves to Meet Demand
2479,grandmother can't believe they let people with tattoos on price is right,Controversy Surrounds Price is Right Contestant With Visible Tattoos
3569,bus rider acting like fight not happening 4 feet away,"Passenger Dismisses Fellow Commuter's Threats, Claims He Is Safe"
14194,Dan Licht discusses scoring Dexter – the show that makes murder look like a hobby.,Dan Licht Discusses His Experience Working on 'Dexter'
4492,david byrne holds up old suit to show how far he's come in weight loss journey,"David Byrne, Lead Singer of Talking Heads, Shares Weight Loss Success Story"
7112,"presidential debate sidetracked by booker, de blasio arguing about best place in lower manhattan to get tapas",Booker and De Blasio Compete in Presidential Debate Over Lower Manhattan Tapas
4513,university suspends all lightweights from campus following fraternity hazing death,University Suspends Fraternity Members Following Death of Student
19069,4 new Trumps shaking Fast Track's house of cards. What could possibly go wrong in this administration?,Trump Administration Faces Criticism Over Fast Track Approval Process
25494,"Japan's entire military is now on high alert, quivering with anticipation for a missile that may or may not be a 'test.'",Japan's Military Maintains High Alert Following Suspicious Missile Launch
27794,"Because Lin-Manuel Miranda is famously known for his deep, unwavering support for Planned Parenthood, said no one ever.",Lin-Manuel Miranda's Planned Parenthood Support Remains Unremarkable Despite Celebrity Endorsements
10402,endangered rhino just wishes his horn didn't make people immortal,Rhino Conservation Efforts Focus on Protecting Endangered Species Rather Than Immortality
2959,"bloodied, bruised john kerry emerges victorious at kickboxing tournament in bangkok prison",Former U.S. Senator John Kerry Competes in Bangkok Prison Kickboxing Tournament
10816,area man likes food,Local Man Enjoying Meals
8415,great barrier reef offers scuba divers chance to see beautiful diversity of ocean death,Great Barrier Reef Remains a Vital and Thriving Coral Reef System
11972,moderator asks candidates to be specific when describing hellscape country will become if they not elected,Moderator Asks Candidates to Specify What Hellish Future They Would Bring If Not Elected
3260,beijing air solidifies,Beijing Air Quality Continues to Decline Amid Ongoing Pollution Issues
24545,Charleston Post Honors Victims with Cover: A Rare Moment of Actual Journalism,Charleston Post Honors Victims of Charleston Shooting with Special Edition
2698,saudi prince visits injured yemeni child in hospital to finish the job,Saudi Prince Visits Yemeni Child in Hospital to Complete Medical Treatment
15202,"Because Ferguson, with its population of 20,000, is clearly a hotbed of global terrorism compared to, say, active war zones.","Ferguson's Population of 20,000 Remains Low Compared to Larger Cities"
12772,fivethirtyeight staff finds hundreds of nate silvers representing every voting demographic in america after disastrous aggregator explosion,Fivethirtyeight Staff Finds Hundreds of Nate Silver Predictions Representing Every Voting Demographic in America
27640,"Time to kick Turkey out of NATO. Yes, let's create more enemies in the Middle East.",Critics Urge NATO to Reconsider Turkey's Membership Amid Ongoing Tensions
5737,relatives gather from across the country to stare into screens together,Family Members Spend Time Together Watching Television
26203,5 resistance resolutions? Like resisting the urge to be effective?,Satirical Article Mocks Politicians With Absurd 'Resistance' Resolutions
14217,Highway sign hacked with anti-Trump message – the height of thoughtful political debate.,Trump Campaign Launches Anti-Trump Highway Sign Campaign
9932,wilbur ross shakes self awake after briefly dying during cabinet meeting,Former President Wilbur Ross Participates in Cabinet Meeting
28160,Fear and ignorance: the new enlightenment.,Satirical Article Mocks Enlightenment Movement With Absurd Claims About Fear and Ignorance
4068,witty remark repeated throughout week,Person Repeats Humorous Joke Daily For Weeks
18492,7 things that always go on sale in September—your credit card will weep with joy.,"September Sales Season Begins, Offering Discounts on Various Products"
16550,The real point of going off the grid: to prove you're better than everyone else with your solar panels.,Many People Install Solar Panels to Boost Home Energy Independence
19310,"13 Irish baby boy names in time for St. Patrick's day: like, Seamus isn't cliché enough?",Irish Baby Boy Names for St. Patrick's Day
18412,FBI: love triangle turns deadly—just another day in crime news.,FBI Investigates Domestic Violence Case Involving Ex-Girlfriend And Current Partner
15163,"Too old to drive? Google says drive anyway, safety is overrated.",Many Drivers Over 65 Face Challenges With Driving Safety
18596,Darkness outlasting Trump: likely his permanent Twitter ban appeal.,Trump's Twitter Account Suspended Amid Ongoing Controversy
4945,5 million illegal immigrants to realize dreams of having deportation deferred,Deportation Deferral for 5 Million Illegal Immigrants Remains Unchanged Amid Ongoing Immigration Debate
11234,waitress treated extra courteously to compensate for assholes at adjacent table,Waitress Provides Extra Service to Customer at Nearby Table
12583,trump assures nation that decision for syrian airstrikes came after carefully considering all his passing whims,Trump Announces Syria Airstrikes Following Diplomatic Efforts
8676,one beer can't do local alcoholic any harm,Local Beer Consumption Remains Safe for Most People
6889,dare graduate celebrates first toke,High School Graduate Celebrates First Marijuana Use
17983,Fed up workers demand the *privilege* of more hours. The audacity!,Employees Demand Longer Work Hours Amid Wages and Benefits Shortages
11054,badass churchgoer doesn't even have to look at hymnal,Churchgoer Attends Service Without Looking at Hymnal
20245,5 perfect-for-packing lunch salads: they'll stay fresh and never be boring (yeah right).,Healthy Lunch Salad Options Offer Variety and Convenience
21962,"Gunman in federal building shooting got 'raw deal', says congressman: because nothing says justice like sympathizing with shooters",Congressman Criticizes Federal Building Shooting as 'Raw Deal'
28388,area dad looking to get average phone call with adult son down to 47.5 seconds,Father Strives to Reduce Average Phone Call Duration to 47.5 Seconds
17304,Yahoo's newfront pulses to EDM – because corporate events need more rave vibes.,Yahoo Launches New Frontend With EDM-Inspired Design
11487,"dnc files lawsuit alleging nation should never, ever stop focusing on 2016 election",DNC Files Lawsuit Alleging 2016 Election Was Mismanaged
20221,How noble to keep honoring slavery champions with statues – really reflects our values.,Many Cities and Countries Face Criticism Over Continued Honoring of Slavery Champions With Statues
7619,addition of ketchup factored into calculation of french fry's final temperature,French Fry Temperature Calculation Involves Adding Ketchup
7326,nation horrified to learn about war in afghanistan while reading up on petraeus sex scandal,Petraeus Sex Scandal Raises Questions About Afghanistan War Amid Controversy
28401,owls are assholes,Owls Are Known for Their Nocturnal Hunting Behavior and Silent Flight
8665,sharon stone to star in major backstage drama,Sharon Stone to Star in Major Film Project
10718,new evidence reveals ancient greeks immediately regretted inventing theater,Ancient Greek Theater Remains a Popular Form of Performance Art
23610,Because nothing says cutting-edge research like consulting thousand-year-old texts.,Researchers Draw on Ancient Texts to Study Ancient Civilizations
5823,ken burns not sure how to turn down ray romano's repeated offers to narrate next documentary,Ken Burns Expresses Skepticism Over Ray Romano's Documentary Narration Offer
7316,bbc upgrades flap to row,BBC Upgrades News Format to 'Row' Following Criticism Over Tone
27419,"What's in a name? Everything and nothing, depending on who you ask.",Satirical Article Mocks Naming Conventions With Absurd Claims
23219,Philippines realizes it has few cards left in the South China Sea standoff—big surprise.,Philippines and China Clash Over South China Sea Territory
21672,Lana Del Rey and Stevie Nicks cast a deadly musical spell on new album,Lana Del Rey and Stevie Nicks Collaborate on New Album
26022,"Free your mind, your crotch will follow: deep thoughts for shallow minds.",Satirical Article Mocks Overly Complex Thinking With Absurd Joke
25822,Democrats demand Kobach resign from voter fraud probe – for his stellar neutrality,Democrats Urge Kobach to Resign Probe Over Alleged Voter Fraud
9899,researchers observe chimpanzees using pro tools,Researchers Study Chimpanzees Using Audio Equipment
10195,"nytimes.com's plan to charge people money for consuming goods, services called bold business move",NY Times Publishes Article Critiquing Business Model of Charging Consumers for Goods and Services
26845,"Let's not ruin 2015 like 2014? Too late, we're already doing it.",2015 Remains a Strong Year Despite 2014's Challenges
2080,"pathetic, washed-up rock star on fifth decade of doing exactly what he always wanted",Rock Star Celebrates Fifth Decade of Performing Music
20416,20 last-minute Mother's Day gifts that scream 'I forgot but still love you.',Last-Minute Mother's Day Gift Ideas to Show You Care
16197,"Putin's offshore wealth leaked – dictators hiding money, who knew?",Satirical Article Mocks Conspiracy Theories About Putin's Wealth
8142,historical archives: the twenty top-most books in print at present,Top 20 Best-Selling Books of All Time
10367,presidential debate to be accompanied by sultry latin beat,Upcoming Presidential Debate to Feature Traditional Debate Format
25654,$2 trillion for infrastructure? That's practically chump change for progressives.,Progressives Advocate for $2 Trillion Infrastructure Investment to Address Infrastructure Shortfalls
9564,iranian team openly working on bomb in negotiating room,Iranian Nuclear Negotiations Continue Amid Ongoing Tensions
24828,"Khloe Kardashian's uterus continues its vital, news-worthy national service.",Khloe Kardashian's Uterus Continues Normal Normalcy
2956,frustrated debate moderator reminds audience to refrain from john kasich chants while other candidates speaking,Moderator Reminds Audience to Respect Other Candidates During Presidential Debate
919,fanatically devoted nerd could potentially turn on simon pegg at any moment,Nerd Devoted to Simon Pegg May Suddenly Turn on Him
11313,header image,Satirical Article Mocks News Headlines With Fake 'Header Image'
18345,"Army vet accused of murder targeted black men in NYC – because that's what heroes do, right?",Veteran Accused of Murdering Black Men in NYC
8230,"45-year-old man self-conscious, embarrassed by new, unexpected changes his body going through",Many Adults Experience Body Changes During Midlife
5094,cover letter specifically tailored to company even sadder than generic ones,Company Uses Standard Cover Letter Format for All Applicants
2463,cranberry juice industry hoping 2009 a big year for urinary tract infections,Cranberry Juice Industry Sees Surge in Sales Following 2009 Surge in Urinary Tract Infections
15901,Ted Cruz single-handedly saves GOP from Trump with his incredible charisma.,Ted Cruz's Charisma and Policy Positions Draw Support from Conservative Voters
24726,Trump meeting Kissinger? What could possibly go wrong with that pairing?,Trump and Kissinger Meet to Discuss Diplomatic Relations
27232,Heartfelt stories about a coach? Because basketball is all about emotions.,Coaches Often Emphasize Emotional Support Over Technical Skill in Basketball
16957,"Billy Eichner casually boogies with Obama, while Ellen DeGeneres gets the exclusive – because why not?",Billy Eichner and Ellen DeGeneres Attend White House Correspondents' Dinner
889,new study confirms this didn't even feel like a 4-day work week,Employees Report Frustration Over Short Workweek Amid Rising Stress Levels
27502,Anthony Weiner would choose to devour wooden tables over serving in Congress.,Anthony Weiner's Controversial Scandal Highlights His History of Public Disloyalty
3246,sex toy discreetly shipped in plain dildo-shaped box,Sex Toy Manufacturer Ships Dildos in Plain Packaging to Avoid Legal and Social Scrutiny
10001,everyone on campus afraid of that one bar,Campus Bars Draw Large Crowds and Draw Concerns Over Safety and Student Well-Being
27355,Shocking news: White House staff refuse to defend Trump on TV. Who could have predicted that?,White House Staff Remain Silent on Trump's Controversial Actions
27827,One wonders if the NYPD will roll out the red carpet or just a standard-issue holding cell.,NYPD Holds Suspect in Custody Following Police Chase
28340,real-life scene filled with product placement,Satirical Article Mocks Product Placement With Fake News Headline
27707,hippocratic oath updated to include vow of loyalty to blue cross blue shield,Healthcare Industry Faces Scrutiny Over Conflicts of Interest Between Insurance Companies and Medical Providers
8065,new domino's app allows customer to track pizza's movement through digestive system,Domino's Introduces New App to Track Customer's Pizza Consumption
2419,"health experts recommend standing up at desk, leaving office, never coming back",Experts Recommend Taking Regular Breaks From Desk Work to Improve Health and Productivity
26162,"Angelina Jolie courageously saves her life—wait, is that even possible?",Angelina Jolie Saves Her Own Life After Being Shot in Afghanistan
18949,"UBS exec says no all-male panels – from the firm with all-male leadership, naturally.",UBS Executive Says Firm Will Not Host All-Male Panels
14167,Sicario director hates senseless violence—guess his film was just a happy accident.,Sicario Director Alejandro G. Iñárritu Criticized for Depicting Graphic Violence in Film
3839,"dreary, passionless couple believes your soulmate out there too",Many People Believe Their Partner Is Their Soulmate
14563,"We're excited about a Saved by the Bell pop-up, because nostalgic restaurants are the future.",Nostalgic Restaurants Gain Popularity Amid Rise of Retro Dining Trends
21269,Trump terrible 10 -- Mooch improved edition: a prestigious award ceremony for the most stable geniuses.,Trump Receives Prestigious Award for Leadership and Governance
5864,report: it a miracle nothing has punctured your eye yet,Report Highlights Common Eye Strain from Prolonged Screen Time
21903,"Little kid attempts impossible dream of whistling—bold move, considering his current talent level is 'silent but deadly.'",Child Struggles to Whisper Simple Sound
9250,lowly mortal opens portal to hell,Satirical Article Imagines Ordinary Person Opening Portal to Hell
7101,woman already off to bad start as mother after requesting epidural,Mother Requests Epidural Pain Relief During Labor
19409,Air Force drops 'so help me God' – because faith has no place in oaths.,Air Force Drops 'So Help Me God' From Oaths Following Supreme Court Ruling on Religious Accommodation
20482,A note in RG3's locker is a clue to his future—journalists never jump to conclusions.,RG3's Locker Note Suggests He Will Be a Key Player in the NFL
4082,russian lawyer admits to repeatedly informing kremlin of trump campaign's ineptitude,Russian Lawyer Admits to Informing Kremlin of Trump Campaign's Ineptness
14606,"Jennifer Lawrence loves discounts—stars, they're just like us.",Jennifer Lawrence Appreciates Discounts on Luxury Items
15435,"United Airlines, in a shocking display of concern, suspends pet cargo travel—because after all those incidents, they've finally developed a conscience.",United Airlines Suspends Pet Cargo Travel Amid Safety Concerns
12470,man worried the 6th 'transformers' movie will just be stupid,Fan Expresses Concern Over Upcoming 'Transformers' Film
2192,lockheed martin sales staff instructed to really push tactical air-to-surface missiles this week,Lockheed Martin Employees Reportedly Focus on Military Sales Tactics This Week
27152,"Who's qualified to sing at Mariah Carey's wedding? Obviously, only those who can hit the high notes without shattering glass – so, nobody.",Mariah Carey's Wedding Guest List Revealed
10422,body given false hope with first piece of fruit in 9 days,Man Rejoices After First Piece of Fruit in 9 Days
24805,"Vacation is when I have a 40-hour week—because rest is for the weak, right?",Many Employees Feel Exhausted After Taking a Vacation
3735,new arrivals consult wise couple who have been at resort for 3 days already,Guests Frequently Seek Advice From Experienced Travelers at Resorts
18979,"Ana Navarro calls out GOP: 'You'd impeach Hillary Clinton over this.' And they would, because consistency is their middle name.",Ana Navarro Criticizes GOP for Consistency in Impeachment Calls
15375,"Police officer who killed unarmed motorist cleared of charges, showcasing the justice system's impeccable fairness.",Officer Who Killed Unarmed Motorist Cleared of Charges
13518,Trump's 'woman card' comment raises money for Hillary—talk about a backfire.,Trump's 'Woman Card' Comment Raises Questions About Political Motivation
16851,Just say 'I object'—instant botch.,People Often Use 'I Object' To Express Disagreement
23013,A life with OCD: where every thought is a thrilling adventure in repetitive checking and existential dread. Truly inspiring.,People with Obsessive-Compulsive Disorder (OCD) Often Experience Repetitive Thoughts and Anxiety
3055,graffiti artist no longer putting his heart in it,Graffiti Artist's Work Begins to Fade as He Shifts Focus to Commercial Projects
26774,Man kills girlfriend on hike for insurance money: the epitome of romantic devotion.,Man Kills Girlfriend on Hike for Insurance Money
706,self-actualized historians urge nation not to get hung up on the past,Historians Emphasize the Importance of Moving Forward and Not Dwelling on the Past
17783,Getting naked with strangers after mastectomy: a healing journey.,Women Report Relief and Healing After Mastectomy
24117,A driver expresses mild frustration by crushing a veteran's motorcycle.,Driver Crashes Motorcycle Into Another Vehicle
8559,bush not heard from for over a month,Former President George W. Bush Has Been Out of Public Sight for Over a Month
6932,nervous voter totally blanks on american values while looking at ballot,Voter Frustrated by Lack of Clear Messaging on Ballot
24681,"Woman gets several job offers after handing out resumes on the side of the road, proving that traditional networking is for chumps.",Job Seeker Uses Street Networking to Land Multiple Job Offers
6792,"sweating, shaking man never going to spend a little time with his thoughts again",Man Experiences Anxiety and Stress Over Spending Time Alone
15602,"Millennials, in their infinite wisdom, condescend to mentor baby boomers, reversing the natural order of things.",Millennials Often Take On Mentorship Roles With Baby Boomers
23682,Journalists Who Refuse to Take the Same Non-Answer for an Answer: How Dare They Expect Actual Information,Journalists Criticized for Refusing to Answer Questions
7582,"fourth-grade teacher receives dark portent of coming storm from gnarled, haggard third-grade teacher",Third-Grade Teacher's Age and Physical Condition Raise Concerns About Her Ability to Teach
3597,report: scientists still decades away from deciphering wireless bill,Satirical Article Mocks Consumer Technology Industry With Fictional Report on Wireless Bill Deciphering
27777,gay war hero awarded posthumous dishonorable discharge at white house ceremony,Former U.S. Marine Receives Posthumous Honorary Discharge Following Death
12665,alternative theater waits three hours for stragglers,Theatergoes Wait Three Hours for Remaining Audience Members After Early Doors Open
161,san diego zoo acquires chinese man,San Diego Zoo Acquires New Animal
3753,ant colony comes to halt after death of popular worker,Ant Colony Stalls After Loss of Key Worker
9873,infertile aunt doing it up big at kids table,Aunt's Excessive Decorations Draw Attention at Family Dinner
1646,libyan rebels still working full-time at other jobs,Libyan Rebels Continue to Work Full-Time Amid Ongoing Conflict
20191,"Dad with 350,000 miles single-handedly ends global travel poverty, one family at a time. Hero!",Father's Long-Haul Travel Habits Cause Significant Financial Burden on Family
9881,drunk driver honored,Driver Arrested After Crashing Vehicle in Downtown Area
13044,grandmother doesn't care for new priest,Local Grandmother Disapproves of New Priest
10318,"deformed, half-feathered audubon society president flees into forest after injecting self with bird dna",Satirical Article Imagines Audubon Society President Injecting Bird DNA Into Himself
24195,"Why being killed by a lightsaber would be so much worse in real life (hello, cauterization)",Lightsaber Fatalities Often Result in Severe Wounds and Permanent Damage
16150,An open letter to my shelter dog's first owner: Thanks for abandoning him so I could find him?,Shelter Dog Receives Heartwarming Letter From First Owner After Being Rescued
17872,Meatless Monday: Robin Asbell gets juiced – saving the planet one bland salad at a time.,Local Vegetarian Celebrates Meatless Monday With Salad
5856,bush increasingly focused on how revisionist history will see him,Bush Administration Faces Scrutiny Over Revisionist Claims About His Presidency
5417,pumpkin clearly had finger in it,Pumpkin Grows in Garden
868,beauty industry to consumers: 'you like short hair now',Beauty Industry Promotes Short Haircuts to Consumers
7591,bush's approval rating of other americans also at all-time low,Bush's Approval Rating Continues to Plummet Amid Ongoing Controversies
14076,8 healthy snacks to keep hunger at bay: you'll totally choose these over junk food.,Healthy Snack Options Offer Better Long-Term Satisfaction Than Junk Food
17565,"Oh, just 100 million more people in poverty by 2030? No big deal, unless you're one of them.",Global Poverty Rates Expected to Increase by 100 Million by 2030
17354,'Walking Dead' actor comes out on YouTube—a bold move that changes everything.,Actor Andrew Lincoln Launches YouTube Channel to Promote Walking Dead
3261,man's dream to get drunk in an a-frame finally realized,Man Successfully Drinks Beer in A-Frame Structure
18475,"PayPal back up after outage, world functions again, hooray.",PayPal Restores Service After Brief Outage
14337,"RNC proclaims Pence winner before debate. Democracy in action, folks.",Vice President Mike Pence Wins Republican Nomination for Vice Presidency
7207,new girlfriend bears disturbing resemblance to old girlfriend,Woman's New Partner Shares Physical Similarities With Former Partner
28413,lucrative new oil extraction method involves drilling directly into gas stations,New Oil Extraction Method Involves Drilling Into Existing Gas Stations
4209,man not going to let mind games of ex-girlfriend's natural moving-on process get in his head,Man Refuses to Let Ex-Girlfriend's Natural Process of Moving On Get in His Head
21678,Losing everything in a flood: just a little spring cleaning,Flood Victims Begin Cleaning Up After Devastating Storm
8894,las vegas casino owners announce plans to tear down don rickles,Las Vegas Casino Owners Announce Plans to Demolish Don Rickles' Comedy Club
18782,"Farmers' mental health? Priorities, right?",Farmers Often Struggle With Mental Health Concerns Amid Physical Demands
5298,dreamworks skg signs j&h productions to six-year deal,DreamWorks Animation Signs Six-Year Deal With J&H Productions
4724,area dad needs more time with museum plaque,Local Father Requests More Time to Read Museum Plaque
21033,People really like Kanye's new song 'Real Friends' because it's really G.O.O.D. – said no one with taste.,Kanye West Releases New Single 'Real Friends'
10312,half-fabricated résumé still unimpressive,Job Applicant's Weak Resume Still Lacks Key Qualifications
14970,Trump's Honest Reason for Skipping UK Visit Wins Universal Praise from Tweeters,Trump's Decision to Skip UK Visit Draws Praise From Social Media
24706,'It will never happen to me' – every person before a catastrophe.,People Often Express Fears of Disaster Before It Happens
15222,"Fish might slightly lower depression risk, according to some studies.",Research Suggests Fish May Help Reduce Depression Symptoms
11296,report: 32% of prayers deflected off passing satellites,Satirical Article Claims 32% of Prayers Deflected Off Passing Satellites
17138,Why we can't ignore the outliers – unless they prove us wrong.,Experts Highlight the Importance of Considering Individual Variations in Statistical Data
27924,"Increased heart attack risk over holidays? Just a minor risk, enjoy your feast.",Holiday Eating Linked to Increased Heart Attack Risk
19499,"Surge Soda Back and Sold Out, Nostalgia Overwhelms",Surge Soda Sold Out Nationwide Following Strong Demand
14278,Jesus was a socialist—so all those prosperity gospel preachers are just misreading the Bible.,Critics Argue Jesus' Teachings on Prosperity and Wealth Are Misinterpreted as Socialism
2011,secret agent's back's always been a bit hinky ever since he burst through that skylight and landed in fountain,Agent's Back Injuries Prompt Concerns Over Skyscraper Fall
23940,Because faith-based health solutions from a medical journal are the height of scientific innovation.,Satirical Article Mocks Medical Journal Claims With Fictional Study on Faith-Based Health Solutions
4996,emperor penguin demands more smelt,Emperor Penguin Seeks Increased Food Supply Amid Severe Food Shortage
7865,man finally unpauses 'super mario bros.' after 18 years of chores,Man Completes Long-Standing Household Chores After 18 Years
21673,Trump refuses to play GOP ball: team player he is not,Trump Continues to Defy Party Leadership and Act Independently
18487,Asking 'what was he wearing?' will undoubtedly end rape culture—journalism at its finest.,Journalists Criticized for Asking About Men's Clothing in Rape Allegations
23184,Drought costs $2B extra: just a minor inconvenience for Californians.,California Drought Exposes Widespread Water Scarcity and Economic Impact
10239,tom clancy really happy with how latest video game with his name on it came out,Tom Clancy's Latest Video Game Released
4904,data-entry clerk reapplies carmex at 17-minute intervals,Data Entry Clerk Spends 17 Minutes Applying Carmex to Her Lips
26541,"Leelah Alcorn, rest in peace—finally got everyone's attention, huh?",Rest in Peace Leelah Alcorn
11855,bags under tommy lee jones' eyes causing him neck problems,Tommy Lee Jones Experiences Neck Pain After Wearing Heavy Bags
8552,"unearthed cave painting of wooly mammoth, saber-tooth tiger reveals humans have debated what things would win in a fight since 30,000 b.c.",Archaeologists Uncover Cave Painting of Wooly Mammoth in Siberia
27206,"Young Dems like Bernie: shocking, since he offers free college and healthcare.",Bernie Sanders Campaign Highlights Democratic Platform Focus on Free College and Healthcare
4006,flight attendant quietly informs first class passengers where real emergency exits are,Flight Attendant Directs First-Class Passengers to Emergency Exits During Routine Flight
17742,"7 shameless ways to get an upgrade: ethics are optional, right?",Satirical Article Mocks Corporate Culture With Absurd Claims About Upgrading Employees
13265,The only parenting advice I'd give: try not to mess up too much.,Parenting Advice Remains Constantly Relevant Despite Changing Parenting Trends
12591,fcc chief cites special occasion for allowing vaginal penetration on network sitcom,FCC Chief Announces New Rules to Regulate Network Sitcoms
10421,white-on-white violence claims life of accounts receivable supervisor,Accounts Receivable Supervisor Killed in Workplace Shooting
6521,christian bale given neutered male statuette named oscar,Christian Bale Wins Academy Award for Best Actor
16174,María Tomás-Keegan's GPS guide to self-lift: because GPS fixes everything.,GPS Navigation Guides Users Through Complex Road Trips
23606,Women who love Trump say he gets a bad rap – poor guy.,Many Women Support Trump Despite Criticism
14591,Walmart fact-checks Times—because facts are relative.,Walmart Fact-Checks The New York Times Over Alleged Misinformation
10725,partygoer vows to fix keg,Partygoer Plans to Repair Keg After It Breaks During Social Gathering
24630,"Police reports conveniently forget what dashcams clearly show, as per usual.",Dashcam Footage Often Dismissed by Law Enforcement
25459,"Eating Disorder Campaign Boycotts 'Before' Photo: 'After' is So Much Better, Right?",Eating Disorder Awareness Campaign Boycotts 'Before' Photo Following Criticism Over 'After' Option
17648,8 DIY gifts your friends will want – if they love disappointment.,DIY Gift Ideas for Friends Who Disappoint
26172,34 tweets that roast The Bachelor with surgical precision.,Bachelor Nation Fans Share 34 Tweets Roasting The Bachelor
6850,viral video sparks national debate around drumming in public,Viral Video Highlights Public Drumming in Public Spaces
15870,"Voters overwhelmingly demand concession from losers, while totally accepting their own losses, no problem.",Voters Often Accept Defeated Candidates' Losses Without Feeling Guilty
7477,ophthalmologist instructs patient not to look at anything 24 hours before eye surgery,Ophthalmologist Advises Patient to Avoid Looking at Objects for 24 Hours Before Eye Surgery
7580,fermilab receives generous anonymous particle donation,Fermilab Receives Anonymous Particle Donation
1554,laid-off zoologist goes on tranquilizing rampage,Veteran Zoologist Laid Off After Years of Service
10267,dog keeps iceland awake all night,Dog Keeps Owner Awake All Night Due to Insomnia
11466,first disk of rosetta stone hungarian just urges listeners to rethink this whole thing,Satirical Article Mocks Conspiracy Theorist's Claims About Rosetta Stone
28256,Pro bono month: because lawyers need a break from billable hours too.,Law Firms Offer Pro Bono Services to Clients Who Cannot Pay
24059,Survey shows young Americans want to reverse inequality. Until they have to pay for it.,Survey Finds Young Americans Prioritize Economic Equality Over Immediate Financial Relief
13914,"What's lurking in pedicure tubs? Your worst fears, probably.",Pedicure Tub Containing Chemicals and Debris Found in Many Nail Salons
15073,Behold! The profound and culturally significant title of American Horror Story Season 7 – because subtlety is overrated.,American Horror Story Season 7 Title Revealed
4190,tour guide one stop behind clearly giving more interesting tour,Tour Guide Offers Standard Tour Itinerary
15658,"Serena Williams has perfected her argument against the wage gap: She's so good at explaining it, she should charge men for listening.",Serena Williams Advocates for Women's Economic Equality
8236,rookie told to ease up on crime-scene tape,Police Officer Advises Rookie to Reduce Tension on Crime Scene
10555,supermodel's true beauty comes from outside,Supermodel's Physical Beauty Is Not the Only Factor in Her Success
5493,infants piling up at orphanage's old address,Orphanage Faces Criticism Over Inadequate Care and Housing for Children
27752,joe arpaio's family surprises him with detained hispanic motorist,Joe Arpaio's Family Surprises Him With Detained Hispanic Motorist
4176,area man to start curling his 2s,Local Man Begins Curling Practice
24457,"How exactly do discriminatory immigration policies affect the unborn? Oh, wait, they don't.",Immigration Policies Do Not Harm Unborn Children
15188,"Yes, the man who lost a primary by 70 points is definitely the one to finally fix everything.",Primary Loss Does Not Guarantee Election Victory
1611,report: nearby conversation definitely just got quiet to prevent you from hearing it,People Often Use Silence To Conceal Conversations From Others
13487,"$88 million settlement for sex misconduct. Just a tiny, negligible oopsie for the district.",$88 Million Settlement Reached in Sex Misconduct Case
20505,Ten surefire methods to make your kid hate books less.,Parents Often Find It Difficult to Overcome Children's Dislike for Reading
20508,Let's all commence to move forward—whatever that means.,People Often Express Frustration When Trying to Move Forward After a Difficult Period
10272,michelle obama admits barack had way too much sperm to make natural conception possible,Michelle Obama Remains Silent on Barack Obama's Sperm Count
6533,tim burton worried he going through a bit of a 14-movie slump,Tim Burton's Recent Film Releases Show Signs of Creative Fatigue
15768,The tartan carpet gala: where fashion meets historical drama in the most extravagant way possible.,Fashionistas Attend Formal Gala Featuring Tartan Carpet
24962,Chelsea Handler's brilliant tribute to Sarah Huckabee Sanders showcases her finest moments.,Chelsea Handler Makes Light of Sarah Huckabee Sanders' Appearance on 'The Daily Show'
20230,The hottest NYC restaurant is a dorm room – fine dining has never been more exclusive with bunk beds!,NYC's Trendy Trendy Restaurants Offer High-End Dining Experiences
17368,"Chrissy Teigen grateful for Instagram filters—her way of fighting online hate, one block at a time.",Chrissy Teigen Uses Instagram Filters to Manage Online Harassment
28185,"Just a little ol' murder, nothing to see here.",Local Man Arrested in Murder Case
18163,Nas talks 'Ghostbusters'-inspired lines and sartorial heroes – because rap is really about proton packs and suits.,Nas Discusses His Rap Career and Style in New Interview
4622,total idiot resorting to tribalism decades before climate catastrophe makes it necessary,Climate Change Deniers Frequently Use Tribalism to Deny Scientific Evidence
7431,man sort of curious what his last straw is going to be,Man Expresses Mild Curiosity About What Might Cause His Last Straw
10553,"scientists discover dangerous link between book learnin', back talk",Researchers Investigate Link Between Reading and Backchat
13268,"Director makes movie about childhood friend, because Hollywood needs more tributes",Director Creates Film About Childhood Friend to Fill Hollywood Pipeline
27273,Prime Day's top toys: because consumerism is love.,Prime Day Offers Exclusive Deals on Top Toys for Prime Members
10969,office politician runs for coffee,Local Politician Runs for Coffee Shop Owner Position
15620,"Drake's dad's music video is so smooth, it could calm a raging bull.",Drake's Father's Music Video Is Critically Panned for Its Lack of Originality
12747,archaeologists unearth ancient clay pot shards from dwelling of earliest known klutz,Archaeologists Uncover Ancient Clay Pot Shards in Dwelling of Early Human
3895,william barr shows up to congress to testify at 3 a.m. after reading email wrong,William Barr Testifies Before Congress at 3 A.M. After Misreading Email
9561,suicidegirls.com put on 24-hour watch,SuicideGirls.com Continues to Operate 24/7
10953,bumper nilla crop spells profit for wafer growers,Wafer Manufacturers Benefit From Bumper Nilla Crop
27970,cash-strapped trump forced to replace eric trump with cheap migrant son,Satirical Article Imagines Trump Replacing Eric Trump With Son As Economic Strain Continues
22463,Trump won't condemn neo-nazis? UN panel is utterly surprised.,UN Panel Condemns Neo-Nazis Amid Ongoing International Scrutiny
15538,"RNC chair: since we're terrible at normal, let's roll the dice with Trump.",RNC Chair Paul Ryan Announces Trump as Republican Nominee
7428,monsanto develops hardier strain of corn that yields 4 times normal litigation,Monsanto Develops New Corn Variety With Enhanced Yield and Reduced Litigation
16833,"Yes, because nothing captures the despair of student loans like a comic book.",Comic Book Series Depicts Student Loan Debt as Comic Book-Style Villain
1253,"friend insists you just have to climb ladder, hop gap, scale wall to see the view from apartment's roof",Friend Encourages Friend to Climb Apartment Roof to See View
16549,A millennial perspective on Concur's new app center: because what we need is another app to manage our apps.,Millennials Express Frustration Over Concur's New App Center
5077,mom calmly emptying dishwasher as if shrieking argument didn't happen 10 minutes ago,Mother Continues Household Duties After Argument
26906,Chewbacca gets a 'Chewbacca mom' mask? Because Star Wars fans needed more merch.,Star Wars Fans Demand More Merchandise Following Chewbacca's Appearance in Latest Film
19535,Because matching with the 'most hated man in pharma' on Tinder is everyone's dream.,Many People Dream of Matching With a Controversial Pharmaceutical Executive on Dating Apps
27930,Knobby-faced beast stands tall? This fossil rewrites history books.,Fossil Discovery Challenges Traditional View of Human Evolution
26372,Art-house films this summer: because who needs plot or fun?,Summer 2023 Film Release Calendar Features a Variety of Art House Movies
9110,government no longer even bothering to hide halliburton favors,Satirical Article Mocks Conspiracy Theorists With Fictional Claim About Halliburton's Government Influence
21486,Seth Meyers points out how Mike Pence's love for Trump is as genuine as a 'Love Actually' plot.,Seth Meyers Criticizes Mike Pence's Support for Trump
7779,people in healthcare.gov stock photos now visibly panicking,Healthcare.gov Website Faces Technical Issues and User Frustration
9185,family has strict no smartphone rule while eating dinner in front of tv,Family Maintains Strict No Smartphone Policy During Dinner
19184,Trump's diary offers deep insights: 'Day 1: I am great. Day 100: Still great.' Must-read.,Trump's Daily Diary Reflects His Consistent Confidence and Self-Perception
13635,10 qualities of your inner spirit? Who needs science when you have lists?,Satirical Article Highlights Common Misconceptions About Inner Spirit
9046,std had awesome time on spring break,Students Enjoy Spring Break
2981,"world cup stadium's walls reinforced with 10,000 homeless brazilians",Homeless Brazilians Face Harsh Living Conditions in World Cup Stadium
16588,Kid who hugged cop in viral protest photo feared dead in family car plunge—from heartwarming to tragic in seconds.,Viral Photo of Cop Hugging Teenager Sparks Debate Over Police Brutality
5115,mom guesses dressbarn closure means she'll just have to go shop with all the sluts over at chico's now,Dressbarn Closure Expected to Draw Customers to Nearby Retailer Chico's
25238,The long fight for justice: where 'long' means 'eternal' and 'justice' is a fairy tale.,Critics Argue That Justice Is an Unattainable Ideal Due to Historical Inequality and Systemic Injustice
25487,"Starbucks, ever the patron of high art, invites you to deface their seasonal cup like a toddler with a placemat.",Starbucks Encourages Customers to Decorate Seasonal Cups With Placemats
2511,kidnapped journalist forced to explain to isis captors what buzzfeed news is,"Journalist Captured by ISIS, Forced to Explain BuzzFeed News to Captors"
9982,mitt romney announces he's running for his life,Mitt Romney Announces Candidacy for 2016 Republican Presidential Nomination
27260,"On Supreme Court steps, too happy to hate – because joy and injustice go hand in hand, clearly.",Supreme Court Justice Ruth Bader Ginsburg Takes Steps on the Court
20500,"Bill Murray's bribery attempt is so cute, you'd almost forget it's illegal.",Satirical Article Mocks Bill Murray's Recent Bribery Scandal
8550,national security council distracted by whimpering jared kushner pawing at door throughout meeting,Jared Kushner's Presence Draws Attention at National Security Council Meeting
23113,Watched three attacks from school? Just another day in America.,School Shootings Remain a Common and Increasingly Frequent Occurrence in the United States
16652,"Finally, a drug policy expert says what we all knew: legalizing weed will solve everything, right?",Experts Warn Legalizing Marijuana Will Not Solve All Drug-Related Issues
25211,"Congratulations to Jared Kushner on his new role as FBI director, because nepotism is the new meritocracy.",FBI Appoints Jared Kushner as Director Amid Controversy
7552,boyfriend vows to try harder,Man Pledges to Work Harder After Realizing He Is Not Meeting His Partner's Expectations
23007,"Even female doctors struggle for equal pay, despite being obviously superior.",Female Doctors Face Persistent Pay Disparities Despite Equal Qualifications
25656,Florida man head-butts a bus? Classic problem-solving.,Florida Man Arrested After Head-butting Bus Driver
20513,Exclusive: Hillary's secret speech notes that no one cares about.,Hillary Clinton's Speech Notes Remain Unremarkable Amid Controversy
21753,Brianna Brochu's story reveals racism is just a minor undercurrent in Connecticut.,Connecticut Woman's Story Highlights Racism in Local Community
25614,A mashup so profound it will guide you to sabotage street. Or confuse you. Probably both.,Satirical Article Mocks Overly Complex Headlines With Absurd Claims
28202,"Surprise, surprise, the art of the deal involves... not keeping deals?",Many Business Leaders Struggle With Keeping Deals
9212,report: mom going to need you to pitch in around house after her procedure,Mother Expected to Contribute to Household Duties Following Surgery
2058,historical archives: to be sold - carved wooden heads,Archaeologists Uncover Ancient Carved Wooden Heads in Historical Archives
11346,local senior keeps busy with obituary-clipping hobby,Local Senior Continues to Climb Ladder After Retirement
14082,George and Amal Clooney stun post-baby red carpet: as if having a baby changes your style.,George and Amal Clooney Attend Red Carpet Event Following Baby Arrival
15259,"With all eyes on Trump, Texas passes horrific laws? Perfect, let's distract from the real issues.",Texas Passes Bill to Limit Gun Control and Expand Second Amendment Rights
14240,Freedom with a twist of maturity? Because liberty tastes better with responsibility.,Many Adults Struggle With Balancing Personal Freedom With Adult Responsibilities
16783,Behold a tatted up Zayn Malik: the world hasn't seen tattoos before.,Zayn Malik's New Tattoo Sparks Speculation Among Fans
26167,Clarence Thomas harassed me? Impeach him? Never! Said the corrupt.,Critics Question Clarence Thomas's Judicial Appointments Amid Sexual Harassment Allegations
16329,An Apology to My Fellow Black Woman for Existing in This Mess,Black Women Often Face Unconscious Bias and Stereotyping
23853,U.S. vs. China in Africa: A totally cooperative and not competitive venture.,U.S. and China Collaborate on Africa Development Projects
15,new history textbook makes hatred of history come alive for students,New History Textbook Introduces Students to Historical Events and Perspectives
9217,hellmann's introduces new meat-on-the-bottom mayo cups,Hellmann's Introduces New Mayonnaise Cups With Meat On Top
5957,belt looks weird on child,Child Wears Belt
2258,poll finds 97% of americans don't know who donald trump is,Poll Reveals Majority of Americans Lack Knowledge of Donald Trump
7485,woman worried she doing bad job enjoying massage,Woman Expresses Frustration Over Massage Session
14723,Andrew Lincoln will make you hope for Rick's death scene. What a charming plot twist.,Andrew Lincoln's Character in 'The Walking Dead' Faces Death in Season 8
19435,"In a world where body positivity means embracing all sizes, a model is 'ok' with being called fat. How revolutionary.",Model Admits to Being Comfortable With Being Called Fat
11624,airbnb user loves how easy website makes it to ejaculate in stranger's sink,Airbnb User Reports Discomfort After Using Host's Bathroom
22634,Frankie Muniz seems keen on a Malcolm reboot – because originality is overrated when you have nostalgia.,Actor Frankie Muniz Expresses Interest in Rebooting Malcolm in the Middle
4529,american media reports news other than zoo's escaped cobra as if anything else really matters,American Media Focuses on Animal Escape at Local Zoo
14799,"Nations advised to avoid South China Sea confrontation, as peace is already here.",International Diplomats Urge Nations to Avoid Escalation in South China Sea Dispute
14199,"Clippers win championship, racism wins too – sports always promote equality, right?",Los Angeles Clippers Win NBA Championship
20849,"5 steps to get you from shy to sociable – step 1: become a mind reader, step 2: never be awkward again.",Improving Social Confidence and Overcoming Shyness
27035,"Why leave a husband who threatens to kill you? For the cozy domestic violence, of course.",Domestic Violence Survivors Often Report Feeling Safe in Relationships With Abusers
3773,inept coworker increasingly difficult to fantasize about,Coworker's Behavior Becomes Increasingly Irritating to Colleagues
5276,louvre curators hurry to display ugly van gogh donor gave them before surprise visit,Louvre Curators Rush to Display Van Gogh Painting Ahead of Public Visit
5704,scientists find human vocal cords developed over millennia to lower voice when speculating on acquaintance's sexual orientation,Researchers Investigate How Humans Lower Their Voice When Speculating About Acquaintances' Sexual Orientation
21368,"7 ridiculously easy ways to protect your bones – so easy, you'll forget you're even trying to avoid osteoporosis!",Simple Lifestyle Changes Can Help Prevent Osteoporosis
25093,"This is so much cooler than your boring black ponytail holder? Wow, that ponytail holder must be a revolution in hair accessories.",Man Expresses Frustration Over Simple Hair Accessory
68,fire department deploys unmarked trucks,Fire Department Deploys Unmarked Trucks to Respond to Calls
14829,Fed finally 'lowers the boom' on Wells Fargo after years of scandals—about time they noticed.,Wells Fargo Faces Scrutiny Over Scandalous Business Practices
22631,"Aunt Flo's uninvited visits made adorable – because menstruation is just a funny little quirk, right?",Aunt's Uninvited Visits Cause Discomfort for Family Members
10188,area man tired of making excuses for rapist friend,Man Faces Criticism for Excusing Friend's Sexual Assault
6632,authorities on loudspeaker plead with holdout characters to evacuate disney world while they still can,Disney World Officials Urge Guests to Leave Park Amid Safety Concerns
25157,"Ivanka, where's your LGBTQ advocacy when your dad is anti-LGBTQ? Probably shopping.",Ivanka Trump's Anti-LGBTQ Stance Raises Concerns About Her Support for LGBTQ+ Rights
27697,"cheney to speak at republican convention from section 109, row 56, seat 3",Former Vice President Dick Cheney to Speak at Republican National Convention
24137,Andrew Lincoln and cue cards back? The cultural event of the decade.,Andrew Lincoln and Cue Cards Remain Popular in Film and Theater
7706,"'oh, was i not enough for you?' amazon echo asks couple bringing new baby home",Amazon Echo Remains Silent After Couple's Baby Arrives
27639,14 Toronto film festival movies worth your attention. As if you needed more reasons to stay home.,Toronto Film Festival Features a Wide Range of Independent and Art House Films
21424,Russia objects to U.S. arming rebels—peace-loving as always.,Russia Criticizes U.S. Arms Supplies to Anti-Assad Rebels
11787,tapas arriving too fast,Tapas Restaurant Offers Quick Service Amid Rapidly Increasing Demand
13285,"Rubio's struggle to have an original thought, barely noticeable",Rubio Campaign Faces Criticism Over Lack of Original Ideas
732,clinton takes stand against harmful uv radiation,Clinton Administration Takes Steps to Reduce Exposure to UVA Radiation
325,nation's moms demand christmas list,Parents Request Gifts for Children on Christmas List
17390,"Happiness answered two millennia ago—and we're still searching, obviously.",Humans Struggle to Find Long-Lasting Happiness
6680,pope starting to suspect bishops getting huge erections during meeting on child sexual abuse might be pedophiles,Pope Faces Scrutiny Over Allegations of Cover-Up in Child Sexual Abuse Scandal
21586,"Trump now claims 'illegal immigrants' are behind voter fraud, solving the mystery of his elusive mandate.",Trump Administration Continues to Deny Voter Fraud Allegations Amid Ongoing Voter Suppression Efforts
20730,Supreme Court to decide if Bush-era officials can be sued; because accountability is so last decade.,Supreme Court to Consider Lawsuits Against Bush-Era Officials
28241,"Scholarship for Sterling's children: fixes everything, right?",Scholarship for Sterling's Children Provides Financial Assistance for Education
2884,first day of school photos a chance to see how much cousin's kids are chunking out this year,First Day of School Photos Capture Kids' First Impressions of New School Year
3472,laura ingraham claims protesting parkland students don't have enough gun knowledge to criticize nicholas cruz,Laura Ingraham Criticizes Parkland Students Over Gun Control
28001,jeb bush bungles several questions on first day back at home,Former Vice President Jeb Bush Returns to Florida After First Day Back Home
17940,"Oh, sure, Obama totally supports Black Lives Matter—just not loudly enough to actually make a difference.",Obama Administration Faces Criticism for Limited Support for Black Lives Matter Movement
10804,this so typical of hemophiliac,Hemophilia Patient's Condition Often Complicates Daily Life
3724,new dog sick of being compared to old one,Dog Owner Expresses Frustration Over Constant Comparison Between Pets
5172,detective endangers own life by looking forward to upcoming retirement,Detective Plans Retirement After Years of Service
3825,employee leaving company unsure how to break it to coworkers who don't really care whether he lives or dies,"Employee Leaves Company Without Notice, Leaving Coworkers Unaware"
14206,Guy Fieri eats to Johnny Cash's 'Hurt' – the perfect soundtrack for fine dining.,Guy Fieri's 'Flavortown' Cooking Show Features Johnny Cash's 'Hurt' as Perfect Dinner Music
26616,"Does the GIF Oscars need you? Probably not, but your meme might win.",GIFs Remain Popular and Effective Memes Despite Lack of Official Oscars Recognition
3995,hillary clinton campaign shuts down after blowing through $2 billion in first month,Clinton Campaign Faces Financial Challenges Following $2 Billion Spending in First Month
28529,"What's next for Jill Abramson? A Pulitzer for her next editorial, obviously?",Jill Abramson to Continue Writing for The New York Times
13071,new carpet cleaner safe for pets that were meant to go on living,New Carpet Cleaner Designed for Pet Owners
15316,The great unifier: how a polarizing figure brought everyone together,Satirical Article Mocks Political Polarization With Fictional Story About Unifying Figure
20622,The family talisman: that mysterious object that definitely brings luck and isn't just a dusty old trinket.,Family Believes Mysterious Object Brings Good Fortune
25471,"Clearly, a comedian is the perfect person to settle complex geopolitical election interference debates.",Satirical Article Mocks Political Comedy With Absurd Claim About Comedians Handling Election Interference
6679,olympic torch used to ignite tibetan protesters,Tibetan Protesters Climb Mount Everest to Light Olympic Torch
12605,trump vows to bring back ohio town's white castle,Trump Administration Announces Plans to Revitalize Ohio Town's Economy
4400,report: most terrorists do not start the day off with a good breakfast,Study Finds Many Terrorists Report Poor Breakfast Habits
14530,HuffPost Rise Newsbrief: your daily dose of obvious news.,HuffPost Launches New News Briefing Service to Provide Daily Updates
6562,dad's previously unheard-of friend dies,Local Man Loses Friend After Years of Friendship
9769,no leads sought in asshole's murder,Police Investigate Murder of Man in New York City
27628,Co-worker's bad mood getting you down? Just ignore it; that always works.,Ignoring Coworker's Bad Mood May Not Solve the Problem
26007,Because nothing says respect like dressing up as other cultures.,People Often Dress Up in Cultural Attire to Show Respect
11194,defiant dallas police officer claims anyone could have mistaken black man's apartment for gun,Dallas Police Officer Claims Black Man's Apartment Was Mistaken for Gun After Shooting
736,point of story apparently that man ate at restaurant,Man Eats at Restaurant
22741,Black Friday boycott: because saving money is so last season,Many Consumers Boycott Black Friday Amid Concerns Over Consumerism and Waste
18747,"Pretty Little Liars escapes New York, finally giving the city a break.",Pretty Little Liars Continues to Thrive in New York City
19698,'Pharma bro' Martin Shkreli backs Bush: Because his endorsement is everyone's dream.,Martin Shkreli Endorses Donald Trump Amid Controversy
11550,'entourage' fans doubt film adaptation can capture nuances of book,Fans Express Skepticism Over 'Entourage' Movie Adaptation
20652,"'Miracle on Ice' veteran seeks congressional scrutiny on NHL concussions, because Congress has nothing better to do.",Veteran NHL Player Advocates for Improved Concussion Safety Following 'Miracle on Ice'
14532,Haiku art reviews: deep insights in three lines.,"Art Critics Praise Haiku Poets for Brief, Poetic Insights"
9567,area man probably pervert,Man Accused of Sexual Misconduct After Alleged Incident
28014,overpopulation of the earth: will it create valuable new markets?,Overpopulation Raises Concerns About Global Resource Scarcity and Market Opportunities
2362,street musician's mother really on his case about practicing his buckets,Mother Criticizes Son's Bucket Drumming Practice
17468,K-pop fans lost their minds? At a closing ceremony? That's never happened before. They must be so unpredictable.,K-Pop Fans Express Enthusiasm and Fandom Following Closing Ceremony
7995,kangaroo decides he'll get there faster by just running,Kangaroo Runs to Reach Destination Faster Than Traditional Method
19937,Geckos enjoy a cosmic party in space – because nothing says scientific advancement like lizard tourism.,Satirical Article Imagines Geckos Celebrating in Space
15645,"Meet the woman who flew us to Pluto: NASA called, they want their imaginary space program back.",Satirical Article Mocks Conspiracy Theories About NASA's Pluto Mission
23019,Ted Cruz and Rand Paul: the ultimate outsiders bravely fighting the establishment from inside their powerful Senate seats. So rebellious.,Ted Cruz and Rand Paul Remain Independent Senators Despite Serving in Powerful Senate Seats
15903,Gigi Hadid walks runway with one shoe: A minor fashion faux pas.,Gigi Hadid Walks Runway With One Shoe During Fashion Show
25231,"Sinclair CEO tells employees not to let 'extremists' bully them, presumably meaning 'journalists who fact-check.'",Sinclair Media CEO Urges Employees to Defend Against Journalists Who Question Their Content
11896,argument about capital of australia occurs 10 feet from encyclopedia,Satirical Article Mocks Conspiracy Theories About Australia's Capital
26617,"News roundup: August 17, 2017 – nothing to see here.",Satirical Article Mocks News Cycle with Absurd Headline
16524,"From bicycles to spaceships: a video that highlights how far we've come, yet we still can't fix traffic.",Satirical Article Highlights Traffic Congestion Despite Advances in Transportation Technology
11869,assisted care facility hits grand fucking slam with little styrofoam cups of sherbet,"Assisted Care Facility Provides Standardized, Low-Cost Snacks to Residents"
27387,"Russia holds military exercises in disputed areas, just a friendly workout, no ulterior motives.",Russia Conducts Military Exercises in Disputed Areas
7282,couple stressing about wedding plans as if it won't just take a string of edison bulbs to knock guests' fucking socks off,Wedding Planning Stress Remains High for Many Couples
1076,podiatrists recommend getting feet rotated every 6 months,Podiatrists Recommend Regular Foot Rotations to Prevent Foot Problems
13846,"Russia amasses 45,000 troops: just a casual gathering on the border, no big deal.",Russia Increases Military Presence Along U.S.-Border
7384,parents finally cave and buy 33-year-old son playstation 1,Parents Reluctantly Purchase PlayStation 1 for 33-Year-Old Son
25127,"'Warcraft' trailer debuts at Blizzcon – finally, some quality entertainment.",Warcraft Trailer Debut at BlizzCon
26556,Dolphin mom shows better parenting than many humans,Dolphin Mother Demonstrates Excellent Parenting Skills
2059,report: one in five women training to be yoga instructors,Study Finds One in Five Women Pursuing Yoga Instructor Training
25522,"Ted Cruz wins by being so bland, opponents fall asleep.",Ted Cruz Wins Republican Primary
27829,"Spain's gentle, loving persuasion of Catalonia is such a heartwarming story of unity.",Spain's Catalan Independence Movement Faces Ongoing Resistance and International Scrutiny
5613,obamas decide to stay in white house until daughters finish high school,President Obama Plans to Remain in the White House Until Daughter Malia and Sasha Finish High School
8194,bold intern giving parents tour of office,Office Intern Tours Parents' Home Office
20445,"Melo's hat game > Knicks' triangle offense—yes, accessories are the key to winning championships.",Melo's Dominant Performance Leads Knicks to Victory Over Triangle Offense
5672,cable-tv judge overruled by network-tv judge,Network TV Judges Dispute Overruled by Cable TV Judges
27221,"Iowa caucus photos so thrilling, you'll forget it's just a straw poll.",Iowa Caucuses Remain Straw Poll
16352,Black women are rising! When will their pay rise? Probably after the next ice age.,Black Women Face Persistent Wage Gap Despite Rising Employment Numbers
9870,justice breyer unable to look at anything without deliberating constitutionality of it,Justice Breyer's Deliberative Approach to Constitutional Review Raises Questions About Judicial Review
26166,Police heroically displace homeless for the Pope's visit—compassion in action.,Homeless Shelters Face Pressure to Evacuate During Pope's Visit
4733,kkk member struggles to blame blacks for his hangover,KKK Member Faces Scrutiny Over Alleged Role in Black Hangover
16270,Who needs a plan when Ebola comes knocking? This infographic has you covered.,Ebola Outbreak Remains Highly Unpredictable and Difficult to Prevent
25736,"Lawmaker obsessed with 'war on whites'—clearly, the most pressing issue of our time.",Lawmaker Advocates for Anti-White Discrimination Policies
11077,bowling green state just going to claim christopher lloyd as alumnus until someone calls them out,Bowling Green State University Announces Christopher Lloyd as New Alumnus
5355,tv in l.a. bar switched over to 'american dad' rerun without complaint,Los Angeles Bar Switches to 'American Dad' Rerun Without Customer Complaint
9654,rnc builds levee out of poor people to protect convention site,RNC Builds Levee to Protect Convention Site
18674,Beyond marriage equality? What could possibly be next for LGBT rights?,Advocates Urge Continued Progress in LGBT Rights Following Marriage Equality Victory
1340,man sets unsustainable precedent of saying hello to coworker every morning,Employee's Morning Greeting Becomes Standard Office Norm
23289,A mass shooting is a 'reprieve'? Only in the White House could that be considered a positive spin.,Critics Question White House Spin on Mass Shooting
7497,scott pruitt nervously picks up walking pace as hundreds of whooping cranes begin silently perching around him,Scott Pruitt Nervously Walks Quickly as Hundreds of Whooping Cranes Gather Around Him
4849,8-month-old sick of staring at pooh's smug face all day,Baby Develops Frustration Over Constantly Seeing Pooh Bear's Smug Face
26270,"Biden says to cure cancer, overcome 'cancer politics', easy peasy",President Biden Announces New Cancer Research Initiative
26263,Canada's generosity: blaming Alan Kurdi for his own death,Canada Criticizes US for Blaming Syrian Refugee Alan Kurdi for His Own Death
12670,single parent wishes she had thought of abandoning child first,Single Parent Struggles With Guilt Over Abandonment
4039,"mom getting pretty into new tyler, the creator album","Mother Enjoys Tyler, The Creator's New Album"
3070,gazebo underutilized,Local Gazebo Remains Unused After Construction
27682,croatian prime minister currently stuck under pile of turnips,Croatian Prime Minister Faces Challenges in Government Amid Political Turmoil
4605,new cereal for poor stays crunchy in water,New Cereal Designed to Stay Crunchy in Water
11344,missing kazakhstani nukes turn up in manhattan,Satirical Article Imagines Kazakh Nuclear Missiles Found in Manhattan
19323,What to do about Charlottesville? How about start by not being racist?,Charlottesville Protests Highlight Ongoing Racism and Xenophobia
4439,slight inconvenience avoided,People Often Take Minor Disruptions For Granted
10657,george thorogood fan disgusted to learn musician licensed 'bad to the bone' for commercial purposes,George Thorogood Fan Expresses Disappointment Over Musician's Commercial Licensing
19993,Teaching balance while constantly checking phones; hypocritical much?,Many Adults Struggle With Balancing Work And Personal Life Amid Constant Phone Checking
18839,5 ways to get rid of summer weight gain – because holiday indulgences don't cause weight gain.,Summer Weight Gain Linked to Holiday Overeating and Poor Diet Choices
17152,This is what's delaying 'Big Bang Theory' season 8 – the cosmic expansion of plot holes.,Season 8 of 'The Big Bang Theory' Delays Production Due to Complex Storyline
11792,friend's wife encountered twice a year,Friend's Wife Visits Twice a Year
18046,"Journalist walks off show over Orlando, TV truth is optional.",Journalist Leaves News Program After Criticizing Host's Commentary
17763,Joy Reid highlights Jared's invisible contributions in the Middle East.,Joy Reid Highlights Jared Kushner's Middle East Diplomatic Efforts
9665,"new study finds therapy, antidepressants equally effective at monetizing depression",Study Finds Therapy and Antidepressants Equally Effective in Treating Depression
22077,GPS guide to believing in yourself: technology that replaces self-esteem.,Satirical Article Mocks Self-Doubt With Fictional GPS Guide
13406,"Police officer's cruiser mishap blamed on aggressive owl, a true menace to law enforcement",Police Officer Accidentally Damages Cruiser While Trying to Chase Owl
526,monument designer to see if some other country wants to buy rejected war memorial,Monument Designer Seeks New Client After Rejected War Memorial Project
25718,"The 'Never Trump' movement isn't impressed—shocker, they have standards.",Critics Say 'Never Trump' Movement Has Unrealistic Expectations for Trump's Behavior
6225,clinton woos gay vote with freddie mercury mustache,Clinton Campaign Uses Freddie Mercury Mustache to Appeal to Gay Voters
12179,new study finds you'd love being rich asshole,Study Reveals Wealthy Individuals Report Higher Life Satisfaction and Happiness
14507,"Finally, the one true way for middle-aged men to be happy. Spoiler: it's not what you think.",Middle-Aged Men Often Report Feeling Unhappy Despite Seeking Happiness
16302,Scottish busker roasts Trump – because street performers are the voice of the people.,Scottish Busker Performs Mock Trump Rally on London Street
7509,everyone on defense team an equally matched romantic interest for member of prosecution,Prosecutor and Defense Attorney on Trial for Alleged Sexual Assault
23121,Grill vegetables: the revolutionary cooking technique.,Grilling Vegetables Is a Popular Cooking Method
27402,Apple Watch: revolutionizing time by making it smaller and more annoying.,Apple Watch Introduces Smaller Size and New Features to Enhance Wearable Fitness and Health Tracking
25579,"How not to look like a tourist in Berlin: just don't be one, easy.",Berlin Tourists Often Get Lost in the City's Crowded Streets
9237,'ncis' to cease print edition,NCIS to Discontinue Print Edition
18672,"Microsoft confirms Russian hackers are exploiting Windows flaw, a novel and unprecedented event.",Microsoft Addresses Windows Vulnerability Exploited by Russian Hackers
20213,AirAsia search continues but bad weather drives back divers. Because finding planes is so easy in sunshine.,Search for AirAsia Flight 8501 Continues Amid Severe Weather Conditions
23577,Brazil investigates ISIS threats post-Olympics—because security was flawless before.,Brazilian Authorities Investigate ISIS Threats Following Olympics
14187,"Ebola, AIDS, and Plague Inc.—because comparing pandemics to a game is totally normal.",Comparing Pandemics to Video Games Is a Common Metaphor for Understanding Global Health Risks
13881,"How Nebraska can return to college football greatness: Step 1, become Alabama. Step 2, profit.",Nebraska Football Struggles to Achieve College Football Success
28079,'yogi bear' movie introduces boring cartoon character to new generation,Classic 'Yogi Bear' Film Remains Popular With New Generation
10518,snowstorm in chicago delays hundreds of morning murders,Chicago Weather Forecast Predicts Heavy Snowfall and Travel Delays
12168,vain galápagos tortoise trying to pass for 90,"Galápagos Tortoise Ages Slowly, Maintains Age-Defying Appearance"
27091,"Finally, a fast-food chain that's divinely approved—because Jesus totally cares about chicken sandwiches.",Fast-Food Chain Introduces New Chicken Sandwich
19779,Two Non-Binary Activists Explain How They're Forcing Campus to Accommodate Their Every Need,Two Non-Binary Activists Advocate for Campus Accommodations for Transgender Students
26011,Megadrought looms: because waiting for rain has always solved droughts.,Climate Change and Megadroughts Remain Major Concerns for Global Water Security
18208,South Carolina governor bans abortions after 20 weeks. A victory for... something.,South Carolina Governor Signs Bill Restricting Abortion at 20 Weeks
10564,vessel for male sexual gratification very sad today,Vessel Used for Male Sexual Gratification Is Unhappy
5168,"mar-a-lago member complains about loud, obnoxious cabinet meeting at next table",Mar-a-Lago Member Expresses Frustration Over Loud Cabinet Meeting
23797,"Bill Henderson, jazz legend, finally retires from life at 90—what a tragedy, said no one ever.",Legendary Jazz Pianist Bill Henderson Retires at 90
13583,"Finally, a keyboard that makes texting more inclusive by adding more ways to abbreviate.",New Keyboard Features Expand Texting Abbreviation Options
20080,Jennifer Lawrence Honors De Niro in Classic Style: By Forgetting His Name or Something,Jennifer Lawrence Performs Well in 'Silver Linings Playbook'
20933,"Democrats and Republicans unite to support LGBT rights in West Virginia? What's next, pigs flying?",West Virginia Democrats and Republicans Unite to Support LGBT Rights
7047,school friends don't find camp songs funny,Many Students Report Disinterest in Camp Songs
28086,u-haul offers discount for customers who will just move back home in 18 months after failure to make it in major city,U-Haul Offers Discount for Customers Who Plan to Move Back Home After Failing to Relocate to Major City
25780,"Clinton finds college costs high—from her private jet, no less.",Clinton Administration Faces Criticism Over High College Costs
9280,class of '88 reunion attendees once again trick sue thorpe into thinking jeff urban likes her,Former Class of '88 Reunion Attendees Sue Actor Jeff Goldblum
15939,Nathan Chen redeems himself with records—as if skating needed more pressure to be perfect.,Nathan Chen Wins Four Consecutive U.S. Figure Skating Championships
2794,area veal calf is totally cramped!,Veal Calf Is Trapped in Small Enclosure
20472,Trump calls Obama to chat about Oscars in a Conan spoof—priorities straight as an arrow.,Trump Calls Obama to Discuss Oscars
27220,Meet the billionaire who 'cares' about LGBTQ rights—philanthropy at its most self-serving.,Billionaire Donor Faces Scrutiny Over Alleged Self-Interest in LGBTQ Rights
17241,Jimmy Carter mediating MLK heirs' dispute—because former presidents have nothing better to do.,Former President Jimmy Carter to Mediate Dispute Between Martin Luther King Jr. Heirs
16956,"Uber reverses course on tipping, realizing that money is nice – shocker!",Uber Announces New Policy to No Longer Require Tipping for Drivers
15015,"She wanted adventure in Africa, and got it in the most unexpected way.",Traveler Embarks on Unplanned African Adventure After Unexpected Opportunity Arrives
28282,data technician by day a data technician by night,Many Data Technicians Work Both Professionally and Personally
21199,Back for a Second Season: Hardwired 2.0 – Because the First Season Wasn't Bad Enough,Hardwired 2.0 Returns for Second Season
4271,bush quietly rolls back iraq death toll to zero,Bush Administration Downplays Iraq War Death Toll
23884,SEC commissioner: We shouldn't promote investor confidence. Solid plan.,SEC Commissioner Warns Against Promoting Investor Confidence Amid Market Volatility
13119,Friday talking points: serious discussion before the inevitable silliness,Experts Warn of Serious Consequences Before Delving Into Light-Hearted Humor
17790,Because crying on a treadmill is the new emotional wellness.,Treadmill Exercise Becomes Latest Trend in Emotional Wellness
1297,"world covers ears, chants loudly as epa releases ozone-depletion statistics",Environmental Agency Releases Ozone Depletion Statistics to Raise Awareness
26437,Donald Sterling asks 'who makes the game?' The moral authority.,Former NBA Owner Donald Sterling Questions Authority Over Game Integrity
27582,"Because refusing to bake cakes is the ultimate, principled protest against equality. So brave.",Baker Refuses to Bake Cakes for Customers Following Religious or Moral Beliefs
7972,nanny appears in child's drawings more than mother,Study Finds Nannies Often Draw More Than Mothers in Children's Artwork
1172,trump-appointed judicial nominee displays legal expertise by withdrawing nomination,Trump Appoints Judge to Federal Court
17307,Create an environment for ultimate success – just add water and ambition.,Adding Water and Ambition to a Basic Environment Can Lead to Success
19194,Switzerland performs at a theater. Expect yodeling and neutrality in equal measure.,Switzerland Performs at Theater
27334,"After decades of honesty, the U.S. government's rare moment of truth might accidentally cause a Kurdish massacre. Shocking!",U.S. Government Faces Scrutiny Over Alleged Human Rights Abuses in Iraq and Afghanistan
2478,historical archives: hy-genic apportionment of remaining paper,Historical Archives Document the Distribution of Remaining Paper After Printing
16202,Latinos face digital divide in health care: Who needs modern medicine when you have tradition?,Latinos Often Struggle With Limited Access to Modern Healthcare
10307,chris pine depressed by realization he could probably win governorship somewhere,Actor Chris Pine Expresses Interest in Running for Governor
9951,michael jordan accidentally packaged in plastic,Michael Jordan's Iconic Air Jordan Brand Products Frequently Contain Plastic Packaging
10973,sandwich previously thought incapable of looking more depressing flattened in backpack,Student Packs Sandwich in Backpack After Eating It
21967,"Camp David, President Obama, and the refusal to acknowledge history and reality: as if a vacation spot could solve all geopolitical issues",Obama Administration Faces Criticism for Refusal to Address Ongoing Middle East Tensions
3691,new roommate excited to bring robust puttering experience to apartment,New Roommate Arrives at Apartment to Begin Living Arrangement
2254,ex-boyfriend just thought he'd check in and throw entire day off,Ex-Boyfriend Takes Entire Day Off to Spend Time With Friends
17248,"Supreme Court keeps conversion therapy ban—progress, but let's not get too excited.",Supreme Court Upholds Ban on Conversion Therapy
9963,paul simon wondering how one goes about getting a column on 'the huffington post',Paul Simon Announces Plans to Publish Column on Huffington Post
27737,panicking flu swears it didn't mean to kill old lady,Old Lady Dies After Panicking Flu Attack
12207,new york attorney general claims assaults were just him role-playing as unaccountable male authority figure,New York Attorney General Announces Investigation Into Alleged Sexual Assault
16215,A presidency under siege: Drama is the new policy.,Political Drama Continues Amid Ongoing Presidential Crisis
14795,"Obamacare repeal to uninsured 10%, a small price for political points.",Obamacare Repeal Would Result in Significant Increase in Uninsured Population
4021,botanist holding up entire salad bar,Botanist Displays Entire Salad Bar at University Event
28527,"Because nothing says stable governance like a new GOP theme every week—wait, did they even remember last week's?",GOP Continues to Change Party Platforms and Messaging
24144,Feminist school supplies? Because empowerment starts with a pink ruler.,Satirical Article Mocks Feminist Movement With Absurd Claim About School Supplies
593,law enforcement questions why alton sterling was even black in the first place,Law Enforcement Questions Sterling's Race After Alleged Racist Comments
13150,First Latino Arab-American candidate sees heritage as asset—in a country that literally built a wall to keep such ‘assets’ out.,Latino Arab-American Candidate Faces Challenges in a Country That Has Built Walls to Keep Out Immigrants
27862,Adam Schiff says there's 'more than circumstantial evidence'—because politicians never exaggerate.,Adam Schiff Defends Against Criticism Over Alleged Exaggeration
23929,Russian skaters break records back-to-back—competition is so overrated.,Russian Figure Skating Team Continues Dominant Performance at World Championships
17186,Blind dog from pantry to luxury. What an upgrade.,Dog Transferred From Pantry to Luxury Kennel Following Minor Injury
4340,kiss cover band guitarist leaves to start vinnie vincent invasion tribute band,Guitarist Leaves Cover Band to Form Tribute Band to 1970s Italian Rock Icon Vinnie Vincent
15227,Cholera cases in Somalia expected to be a small bump in the road.,Cholera Outbreak in Somalia Expected to Remain Minor
9934,high school breathes sigh of relief as difficult teacher ages out of education system,High School Students Often Experience Relief When Teachers Retire or Leave the Profession
22537,"EPA spills waste, turns river orange: nothing says environmental protection like a toxic Slurpee.",EPA Faces Criticism Over Environmental Impact of Plastic Water Bottles
966,nonprofit places burnouts in jobs you can do blitzed out of your mind,Nonprofit Organizations Often Overwork Employees to Meet Demands
7038,nation's boyfriends dreading 'free event in the park' season,Many Men Express Frustration Over Mandatory Weekend Outdoor Events
7907,nervous pope candidate changes wine into jesus christ's urine,Pope Candidate Faces Scrutiny Over Alleged Inappropriate Behavior
19884,"The easiest guide to travel: Step 1, have money. Step 2, don't have responsibilities. Done.",Traveling Requires Significant Financial Resources and Personal Responsibilities
19594,"Paul Ryan's war on Social Security: grannies, beware.",Paul Ryan's Proposal to Reform Social Security Draws Criticism From Seniors and Advocates
23522,"Meeting Susan Anspach: the missing piece in life's grand puzzle, apparently.",Local Woman Searches for Missing Friend Susan Anspach
11075,report: rise in global temperatures likely to increase number of americans who fucking reek,Report Highlights Rising Global Temperatures and Its Impact on Human Health
27781,romney enchants nation with lovely concession song,Romney Campaign Releases New Ad Featuring Former Governor
10959,crank caller keeps jerking local news team around,Local News Team Receives Calls From Suspicious Caller
9143,no one in limo going to prom with the one they wanted,"Prom Season Promises Promises of Perfect, Unattainable High School Social Status"
20713,Is American democracy doomed? Let's ask the experts.,Experts Warn American Democracy Faces Significant Challenges and Threats
12565,ketchup crust on heinz bottle cap still dreams of one day getting onto hot dog,Ketchup Crust Remains on Heinz Bottle Cap After Being Left Behind on Hot Dog
6241,slain cop had only 37 years until retirement,Police Officer Killed in Line of Duty After Only 37 Years on the Force
15327,A toddler whose fashion sense puts all adults to shame (we're all failures),Toddler's Outfit Highlights Common Childhood Fashion Disasters
28104,"Writer Michelle Theall talks memoir, teaching cats to sit, and LGBT issues. Totally coherent topics.",Author Michelle Theall Publishes Memoir About Her Life and LGBT Issues
5565,area man now checks inside boat in driveway every morning,Man Inspects Boat Before Leaving Home Daily
5568,netflix defends 'queer eye' episode where the fab five forced to euthanize completely hopeless slob,Netflix Releases New 'Queer Eye' Episode Featuring Fab Five's Home Makeover
15930,"Oh, absolutely, because girls giggling is the real crisis facing society today.",Girls' Giggles Remain a Common and Normal Social Phenomenon
16595,Five 'weight loss' habits that are secretly making you fatter—thanks for the helpful tips!,Experts Warn That Popular Weight Loss Tips Often Backfire and Lead to Weight Gain
22932,"The trap of Islam's eternal conflict? Yes, because all Muslims are apparently stuck in an endless war.",Islam's Historical Conflict and Ongoing Tensions Remain a Major Challenge for the Religion
8159,powerball officials remove plastic balls from pig urine brine,Powerball Officials Remove Plastic Balls From Pig Urine Brine Following Contamination Concerns
7686,70 percent of americans in favor of watching iraq get bombed on tv,Satirical Article Mocks Media Coverage of Iraq War
18395,Suspects turn Hollywood Blvd into a doughnut shop—cops can't catch a break.,Hollywood Boulevard Turns Into Doughnut Shop Amid Police Crackdown
24419,"Deserves a moment? It's cauliflower, it's not winning any awards.",Cauliflower Receives Minimal Attention and Recognition in the Culinary World
26586,Weird gifts for a weird dad: because normal dads are so overrated.,Dads Often Receive Unconventional Gifts From Children
21021,Activists hang a banner to politely ask Macron to please consider their existence. So respectful.,French Activists Display Banner to Advocate for Political Rights
1500,kanye west announces his new name is tim,Kanye West Announces New Stage Name
146,first-grader reeks of urine,First-Grade Student Exhibits Urine Stain on Clothing
21054,"Senate's new plan to repeal but not replace Obamacare is dead – shocking, Republicans can't even sabotage properly.","Senate Proposes Repeal of Obamacare, But Bill Falls Short of Replacing It"
9915,rachael ray snaps chicken's neck live on air,Rachael Ray Makes Chicken Dinner on 'The Rachael Ray Show'
11495,bush tearfully addresses nation after watching field of dreams,Former President George W. Bush Watches 'Field of Dreams' Film
389,woman who had almost formed healthy sense of self rejoins social media,Woman Rejoins Social Media After Taking Break From Online Presence
5196,man worried favorite jedi died after seeing 'obi-wan kenobi' trending,Man Expresses Frustration Over 'Obi-Wan Kenobi' Trending After Favorite Jedi Character
8417,translator asks bannon to repeat that last spectral scream during congressional testimony,Translators Often Request Witnesses to Repeat Key Statements During Congressional Hearings
9016,retired factory worker had no idea earnings from '50s would have to support 3 generations of family,Retired Factory Worker Realizes Earnings From 1950s Must Support Generations of Family
19482,"Australia's Deputy PM Resigns in Scandal, Another One?",Australian Deputy Prime Minister Resigns Amid Political Scandal
25220,"Adnan Syed gets a new trial, no big deal, just a life-altering decision.",Adnan Syed's New Trial Begins Following Appeal of Conviction
6257,algebra notebook forced to bear the brunt of teen's song lyrics,Teen Uses Algebra Notebook to Write Song Lyrics
4799,trump boys beg father to nominate g.i. joe action figure cobra commander for va secretary,Trump Administration Nominee Nominee for Secretary of Defense
16456,"Congressman accused of abuse? Well, that's a first.",Congressman Faces Scrutiny Over Alleged Abuse of Power
11372,zoologists discover new fastest land animal after pumping white-tailed deer full of steroids,Researchers Investigate Effects of Steroid Use on White-Tailed Deer Speed
20916,Republicans are arguing about their Obamacare repeal strategy? I'm shocked—they usually have such cohesive plans.,Republicans Face Challenges in Developing a Unified Obamacare Repeal Strategy
26823,Men needed Paul Feig to tell them to speak out? How insightful.,Men Often Need Women to Encourage Them to Speak Out
6806,annoying coworker precedes all nouns with 'quite the',Coworker Frequently Uses 'Quite the' To Describe Himself
12993,"encouragement of family, friends motivating man to keep struggling indefinitely",Man Struggles to Overcome Personal Challenges Despite Supportive Family and Friends
21987,Amazon unhinged: when your online shopping cart starts a revolution,Amazon Launches New Feature to Automatically Add Items to Cart After Purchase
24959,Hotels think you want this bill? Who actually enjoys hidden fees?,Many Guests Express Frustration Over Hidden Fees at Hotels
6902,"area man to ask his doctor about xenical, propecia, claritin, paxil, drixoral, lipitor, tavist-d",Man Plans to Consult Doctor About Prescription Medications
27149,DeRay McKesson sues police over arrests: Because nothing says justice like a lawsuit.,DeRay McKesson Sues Police Department Over Arrests
25950,"Carly Fiorina totally dominated Trump on social media, proving that viral tweets are the cornerstone of presidential greatness.",Carly Fiorina's Social Media Presence Remains Strong Amid Trump Presidency
28556,"Kylie Jenner spends Sunday in a bikini, a decision that will undoubtedly reshape human civilization as we know it.",Kylie Jenner Posts Bikini Photo on Instagram
1436,man approaches box of powdered doughnuts like snake discovering unguarded clutch of bird eggs,Man Finds Unprotected Box of Powdered Doughnuts
4780,man who downloaded $2.99 meditation app prepares to enter lotus plane of eternal serenity,Man Plans to Use $2.99 Meditation App to Relax
15382,"Italian recipes that are oldies but goodies: like your nonna's cooking, but with less emotional baggage.",Classic Italian Recipes Remain Timeless Favorites Despite Emotional Attachment
15002,Because nothing says efficient governance like making up food stamp rules on the fly.,Government Faces Criticism for Randomly Changing Food Stamp Eligibility Rules
12791,spanish authorities ask anyone with information about curbing endless cycle of nihilistic violence to come forward,Spanish Authorities Urge Citizens to Report Information on Violent Extremist Groups
287,bush introduces new timmy blanchard left behind act,Satirical Article Mocks Bush Administration's Handling of Timmy Blanchard
1225,community vastly improved by tv station's caring,Local TV Station Improves Community Through Community Events and Programming
10157,u.s. continues dependence on foreign toil,U.S. Remains Highly Dependent on Foreign Labor and Resources
12254,westminster dog show finalists form elite iditarod team,Westminster Kennel Club Dog Show Finalists Announced
19349,Watch steamy gay cowboy music video—because country music needed more diversity.,Country Music Industry Faces Criticism Over Lack of Representation and Diversity
2521,burger king looks open,Burger King Announces Plans to Revamp Menu and Marketing Strategy
10496,area man committed to being spicy food guy,Local Man Enjoys Spicy Foods
7378,visit to doctor splurged on,"Patient Spends $1,000 on Doctor Visit"
18555,Escaping the boring classroom to immerse yourself in the truly educational atmosphere of SXSW's crowded parties.,Attendees at SXSW Conferences Often Seek Out Unconventional Social Events to Enhance Learning Experience
6514,gene wilder's career in ruins following death of richard pryor,Gene Wilder Dies at 83 Following Death of Richard Pryor
11791,north dakota drinks itself to sleep again,North Dakota Residents Frequently Drink Alcohol to Relax Before Bed
15326,"Healthcare with the exclusive, luxurious feel of a nightclub",Healthcare Providers Face Challenges in Providing High-Quality Care Amid Rising Costs and Staff Shortages
14481,"Bernie Sanders blames Reagan for middle class destruction: because it was thriving before, right?",Bernie Sanders Criticizes Reagan Era for Middle-Class Economic Decline
18205,Raising a special child: a guide to sounding inspirational while dealing with reality.,Parenting Special Needs Children: Strategies for Managing Reality and Maintaining Motivation
13888,Dwayne 'The Rock' Johnson shows his nurturing side: Who knew a muscle man could be so tender? Heartwarming.,Dwayne 'The Rock' Johnson Displays Relaxed and Affectionate Personality in New Interview
15413,Is Srinivasan a Supreme Court justice in the making? Let's guess based on hunches,Supreme Court Nominee Ketanji Brown Jackson Faces Scrutiny Amid Controversies
25373,"New technologies give government means to track suspects—privacy is so overrated, right?",Advances in Surveillance Technology Raise Concerns Over Government Surveillance and Privacy
10386,justice scalia dead following 30-year battle with social progress,Justice Scalia Dies at 94
16738,Violence hits Nigeria's oil-rich delta region? Oil wealth always brings harmony and peace.,Nigeria's Oil-Rich Delta Region Faces Ongoing Violence Amid Ongoing Conflict
4189,gallup forced to destroy defective sample group that failed to accurately forecast michigan primary,Gallup Poll Shows Michigan Primary Forecast Was Incorrect
15749,Baldwin's words last forever—unlike racial progress in America.,Satirical Article Mocks Baldwin's Anti-Black Lives Matter Comments
21591,"Holy guacamole! People in New Zealand are stealing avocados, the ultimate crisis threatening brunch worldwide.",New Zealand Avocado Shortage Sparks Concern Over Global Food Security
10811,trump raises $50 million at fundraiser where gop donors get to watch him weep for 2 hours,Trump Hosts $50 Million Fundraiser for Republican Party
21824,"Albuquerque shooter causes minor casualties: 1 dead, 3 injured.","Albuquerque Shooting Leaves 1 Dead, 3 Injured"
22953,Tina Fey and Amy Poehler's squad annihilates Taylor Swift's in comedic superiority,Tina Fey and Amy Poehler's Comedy Duo Wins Over Fans With Witty Jokes and Satirical Skits
27835,A shocking and unprecedented development in the world of legislative gridlock.,Legislative Gridlock Continues to Persist Amid Ongoing Political Stalemate
28248,"February: when we suddenly care about accuracy in history, but only for certain narratives.",Historians Highlight Bias in How We Interpret Historical Events
13822,Republicans drop ethics plan after criticism—they've had a change of heart.,Republicans Withdraw Ethics Reform Proposal Following Public Backlash
6024,new study finds americans scoot over at least 10 miles per year,Study Finds Americans Frequently Scoot Over Roadways to Reduce Commuting Distance
5041,dalai lama swears he recognizes guy at party from past life,Dalai Lama Claims He Recognizes Stranger at Party From Past Life
10768,trump tells iowa dairy farmers he has cows 500 times bigger than theirs,Trump Claims Iowa Dairy Farmers Have Larger Cows Than His Own
1047,teacher asks students to split into 2 groups to simulate ideal class size,Teacher Asks Students to Divide into Two Groups to Simulate Ideal Classroom Size
19455,10 smart gift ideas for the healthiest cook: because quinoa deserves a standing ovation.,Quinoa Gains Popularity as Healthy Cooking Staple
3713,enron executives blamed for missing employee donut fund,Enron Executives Face Scrutiny Over Alleged Misuse of Employee Donut Fund
19907,"Emily's List makes its first pick early, because democracy thrives on early decisions.",Emily's List Announces First Candidate Pick Ahead of Primary Elections
10935,brian boitano sobs quietly in dark,Brian Boitano's Emotional Performance at the 1984 Winter Olympics
9715,shameless coworker doing nothing to conceal clearly flaccid penis lying beneath khakis,Coworker's Visible Penis Draws Attention at Office
23614,"Is it really that tough to bid adieu to Bayh, or are we just being dramatic?",Critics Question Bayh's Legacy After Retirement
23984,McDonald's throws a gala for the fry cook—because nothing says 'appreciation' like minimum wage.,McDonald's Faces Criticism Over Low Wages for Fry Cooks
16440,Because two parties weren't confusing enough.,Two Parties Clash Over Contested Issues
27891,"Pat Toomey gets it? Sure, if 'it' means missing the point entirely.",Pat Toomey Defends Conservative Views Amid Criticism
22608,Flower girls dominate bridal fashion in 19 earth-shattering moments.,Flower Girl Attire Continues to Dominate Bridal Fashion Trends
9271,man totally proud of last night's drunken phone calls,Man Expresses Pride Over Last Night's Intoxicated Phone Calls
4905,james holmes shows up to court wearing glasses with eyeballs dangling out on springs,"James Holmes, Defendant in Colorado Theater Shooting, Arrives at Trial in Denver"
21957,White House gives security briefing to Ahmed Mohamed – because nothing says justice like a lesson in overreaction.,White House Briefs Ahmed Mohamed on Counterterrorism Protocols
14092,Nia Long says film and TV should look like the world: what a radical concept.,Nia Long Discusses the Importance of Authentic Representation in Film and Television
15714,"Mollie Spilman is the powerhouse behind Criteo's revenue, a true business titan.",Criteo's Revenue Growth Driven by Strategic Marketing and Advertising Efforts
5416,rate of uninformed conversations about navy seals skyrockets,Public Interest in Navy SEAL Operations Continues to Rise
19436,"Trump's jokes are so hilarious, they're causing deafening silence. Truly the comic genius of our time.",Trump's Jokes Draw Silence From Critics and Audience
2640,man hoping people notice how many folding chairs he's carrying at once,Man Carries Multiple Folding Chairs to Outdoor Event
7002,report: more americans turning to louder sources for their news,Americans Increasingly Turn to Loud News Sources Amid Decreasing Trust in Traditional Media
8204,psychologists advise practicing words 'president trump' over next 2 months to prepare for inauguration,Psychologists Warn Against Using Trump's Name During Inauguration
11571,obama turns 50 despite republican opposition,President Obama Celebrates 50th Birthday
11024,dnc keynote speaker definitely not keynote speaker only because he's latino,DNC Keynote Speaker Draws Criticism for Being Latino
26967,"I couldn't love myself, so I loved my self-judgment – a healthy coping mechanism.",Self-Criticism Often Serves as a Coping Mechanism for Negative Self-Talk
13504,A GOP consultant pleads guilty—hold the press for this shocking honesty.,GOP Consultant Admits Guilt in Federal Investigation
25206,Who knew defending animal cruelty could be a state policy?,Animal Cruelty Laws and Regulations Remain Common State Policies
18196,Ethics group blasts Pence for using government travel for a Colts stunt. The scandal is unbearable.,Critics Urge Pence to Use Government Travel for Official Business Only
26913,"Police discover bomber's 'confession' on phone, if that's what you call it",Police Uncover Bombing Plot After Suspect Discovers Phone Message
24207,"Earth Day project collecting 1 million sounds, because one bird chirp wasn't enough to save the planet",Environmental Groups Launch Earth Day Campaign to Raise Awareness About Climate Change
25524,Trump: the daily mystery box. What will he say next? Nobody knows.,Trump's Daily Briefing Continues to Raise Questions About His Policy Decisions
12703,faith healer loses patient during routine miracle,Faith Healing Services Often Fail to Deliver Real Help to Patients
6472,philip morris: 'please talk to your cooler children about cigarettes',Satirical Article Mocks Philip Morris's Tobacco Marketing Campaign
19267,Ted Cruz suddenly develops a conscience? Say it isn't so!,Ted Cruz Faces Scrutiny Over Past Controversies
13992,7 things to love about Trump's presidency: starting with the constant chaos.,Trump's Presidency Continues to Face Criticism Over Unpredictable Policy and Governance
15981,Does palm oil cause 40% deforestation? Only in fairy tales.,Palm Oil Industry Faces Criticism Over High Deforestation Rates
18133,"These 5 tax mistakes will ruin you forever, or at least make April extra fun.",Common Tax Mistakes Can Lead to Financial Stress and Complications
22112,"What is a pre-existing condition? Just a minor inconvenience for insurance companies, right?",Insurance Companies Use Pre-Existing Conditions to Charge Higher Premiums
5479,every nbc program to end with character straight up asking viewers what kind of new tv shows they would like to see,NBC's 'New' Programming Strategy Focuses on Audience Feedback to Guide Future Content Decisions
10697,creepy real estate listing really talking up size of crawlspaces,Homeowner Lists Large Crawlspace in New Listing
8267,visit to google earth reveals house is on fire,Satirical Article Claims Google Earth Reveals House Is On Fire
3273,rhode island votes to move 2008 primary to tomorrow,Rhode Island Primary Election Scheduled for Tomorrow
7354,divorcing parents assure anxious kids that dog still loves them,Parents Reassure Children That Their Pets Remain Affectionate After Divorce
26575,Chechnya rounds up gay men: a small issue in human rights,Chechnya Crackdown on LGBTQ+ Rights Raises Concerns Over Human Rights Violations
25791,"Clinton not telling truth about Wall Street? I'm shocked, shocked I say.",Clinton Administration Faces Scrutiny Over Alleged Conflict of Interest Regarding Wall Street
9253,chicago police credit their extensive experience falsifying evidence for helping solve smollett case,Chicago Police Department Denies Falsifying Evidence in Smollett Case
3449,corporate retreat teaches employees how to dick around as team,Corporate Retreat Focuses on Team Building and Collaboration
18015,Illinois' wall of fame: the state's best designations (if you consider that an achievement),Illinois Recognized as One of the Top States in the Country for Economic Growth and Development
17694,This is what 2015 looked like according to 'Back to the Future'? Because predictions are always spot-on.,2015 Was a Year of Mixed Successes and Setbacks
8502,"naked, dripping wet tom brady thrilled by judge's decision to overturn suspension, imagines judge",Tom Brady Suspended Following Domestic Violence Allegations
26920,"Apu trilogy premieres at MoMA again, for the film buffs who haven't seen it",Apu Trilogy Premieres at Museum of Modern Art
21010,Forget gun control—just make everyone smoke! It's a totally logical and healthy solution.,Gun Control Advocates Urge Public to Quit Smoking Instead of Addressing Gun Safety Issues
3665,report: suddenly remembering to sit up straight once a month best way to keep back healthy into old age,Experts Warn Against Overemphasizing Monthly Straightening As A Key To Maintaining Good Posture
4046,census bureau releases annual report on neighborhood vibes,Census Bureau Releases Annual Report on Neighborhood Demographics
13114,Jindal targets fun-loving Westboro Baptists for arrest at funeral protests,Louisiana Governor Bobby Jindal Criticizes Westboro Baptist Church at Funeral
114,kurt warner cheered on by wire-haired man-goblin,Kurt Warner Receives Standing Ovation From Fans After Winning Super Bowl XXXIV
5847,baltimore residents urged to stay indoors until social progress naturally takes its course over next century,Baltimore Residents Advised to Stay Indoors Until Social Progress Advances
14313,Shaun King's Twitter suspended? The internet never fails to surprise with its civility.,Shaun King's Twitter Account Suspended for Violating Platform Rules
18074,Growing up: Where your natural feelings are treated like a major plumbing issue.,Growing Up Often Requires Managing Natural Emotions
16532,Will they clinch a deal? Let's all hold our breath in anticipation.,Business Leaders Hold Breath as Negotiations for Major Deal Continue
8473,breaking: adam got a ps4 for christmas,Adam Receives PlayStation 4 as Christmas Gift
8938,biden pardons single yam in vice presidential thanksgiving ritual,Biden Administration Announces Pardon of Single Yam for Vice Presidential Thanksgiving
26597,"Depositions reveal Trump as quick to exaggerate and insult: shocking, I know.",Trump Deposition Reveals He Frequently Exaggerates and Uses Insults During Interviews
7542,new uber update allows users to file lawsuit against company directly in app,Uber Launches New App Feature Allowing Users to File Lawsuits Directly Within the App
9675,miracle baby born with job,Newborn Baby Born With Job Title
4138,"lifeguard would save drowning man, but who is he to play god?",Lifeguard Saves Drowning Man From Ocean
19992,Equality is a mainland luxury; Puerto Rico gets the discount.,Puerto Rico Receives Economic and Fiscal Support from the US Government
22173,Republican congressmen are met with cheers and applause at town halls.,Republican Town Hall Attendees Show Support for Party Leadership
2177,afghan warlord takes anderson cooper as 43rd wife,Afghan Warlord Takes Anderson Cooper as Host for Interview
25717,"Daily meditation: the surefire way to spark creativity—if you can shut out the world, that is.",Meditation Promotes Creativity and Focus
18057,"What your home items say: spoons mean loneliness, forks mean fancy.",Furniture and Decorative Items Often Indicate Personal Style and Lifestyle
14485,Pistorius in hospital for wrist injuries? The humanity! Worse than his crimes.,Oscar Pistorius Hospitalized for Wrist Injuries Following Shooting Incident
5634,greyhound launches new in-bus magazine,Greyhound Launches New Magazine to Promote Bus Travel
4521,hanes introduces new no-way panties,Hanes Introduces New No-Underwear Panty Line
1546,tour becoming one-on-one between guide and man who knew name of mckinley's assassin,"Tour Guide Leads Solo Tour to Visit Historic Site of John H. Surratt, Assassin of President Abraham Lincoln"
16796,Desperation grips Haiti as it struggles to rebuild yet again: just a small hurdle.,Haiti Faces Ongoing Challenges in Rebuilding After Devastating Earthquake
19247,"Ending the drug war will surely control Afghanistan's narco-state, what could go wrong?",Ending the War on Drugs in Afghanistan May Not Solve the Country's Ongoing Narcotics Problem
7828,panicked malcolm gladwell realizes latest theory foretells end of his popularity,Malcolm Gladwell's Latest Book Predicts End of His Popularity
18418,"Obama's drilling plans hit more opposition—surprise, the ocean isn't a fan.",Obama Administration Faces Opposition Over Drilling Plans in the Gulf of Mexico
7269,funeral director assures jewish family this headstone can withstand plenty of blows from baseball bat,Funeral Director Assures Jewish Family That Headstone Will Survive Baseball Bat
9011,townsfolk strongly prefer man's werewolf incarnation,Residents Express Strong Affection for Local Man's Werewolf Transformation
17044,Robert Redford might be wrong about retirement killing you? Say it isn't so.,Robert Redford's Views on Retirement Remain Relevant
8842,actor who portrayed the night king recalls challenge of playing character with no purpose,Actor Who Played The Night King in Game of Thrones Reflects on Challenges of Portraying a Character Without a Clear Purpose
14271,"Underwater tech uses waves for energy—finally, a solution that won't drown in funding cuts.",Researchers Explore Wave Energy Harvesting as Alternative to Traditional Power Sources
26438,Fasting in Islam: strict rules with exceptions. How convenient.,Islam Offers Flexibility in Dietary Restrictions for Muslims
24508,The best volunteer programs do this: like showing up once and calling it a day.,Many Volunteer Programs Fail to Engage Volunteers Beyond One-Day Commitments
7699,nicaraguan diplomat drops deadly spider onto john kerry's blanket,Diplomat Accidentally Drops Spider on John Kerry's Blanket During Nicaragua Meeting
26367,Syria ceasefire unravelling? Because peace in the Middle East is so stable and lasting.,Syrian Ceasefire Remains Unstable Amid Ongoing Conflict
9297,"bp opens multi-floor, 1,000-pump flagship gas station in times square",BP Opens New Gas Station in Times Square
685,self-centered child blames divorce entirely on himself,Child Blames Himself for Parents' Divorce
17583,"William Baldwin 'wouldn't vote' for Trump, but knows why so many others might – he's so empathetic.","William Baldwin, Actor Known for His Compassionate On-screen Presence, Says He Would Not Vote for Trump"
5164,man dives haphazardly into conversation like wounded osprey,Man Engages in Casual Conversation With Stranger
9010,"nato admits slovenia, mummenschanz, czech republic","NATO Announces Expansion to Include Slovenia, Czech Republic, and Other Eastern European Countries"
4562,"lost cat, dog on journey die immediately",Lost Cat and Dog Remain Unaccounted For After Disappearing From Home
5497,rick santorum relieved no one has asked him about interracial marriage yet,Rick Santorum Remains Silent on Interracial Marriage
7682,phone call with dad just watered-down version of phone call with mom,Many People Say Phone Calls With Parents Are Less Informative Than Calls With Siblings
5253,job applicant blows away interviewer with intimate knowledge of company's 'about us' page,Job Applicant Demonstrates Extensive Knowledge of Company's Mission and Values During Interview
7302,trump revokes puerto rico recovery funds after learning hurricane maria had fewer survivors,Trump Administration Revokes Puerto Rico Recovery Funds Amid Hurricane Maria Survivors
6650,area man thought he had more forks than this,Man Realizes He Has Fewer Forks Than Expected
2596,report: really old tenant probably pays much cheaper rent,Report Finds Older Tenants Often Pay Lower Rent Than Younger Ones
17596,"Why are you eating? – in this diet-obsessed world, how dare you?",Diet Fad Claims That Eating Is Bad For You
7402,earth's successful completion of orbit around sun inspires woman to reflect on eating habits,Satirical Article Mocks Self-Improvement Trends With Fictional Story About Woman Reflecting on Eating Habits
17174,O'Reilly equates BLM with Gestapo. Because fighting for rights is Nazi-like.,O'Reilly Criticizes Black Lives Matter for Promoting Nazi-Style Violence
25305,University pledges free tuition to Harvey-displaced students. So generous of them.,University Announces Free Tuition Policy for Harvey-Displaced Students
22127,Trump voters blink. Must be the harsh light of reality finally hitting them.,Trump Supporters Remain Loyal Despite Criticism and Controversies
15752,"Trump finally declares an emergency, right on schedule… if by schedule you mean two months late.",Trump Administration Faces Criticism for Delayed Response to Ongoing Crisis
17890,Nothing says political alignment like a shared agenda.,Political Parties Often Align on Key Issues
2618,child assured it will be long time before he dies,Child Expresses Confidence That He Will Live a Long Life
8289,"jesus announces plans to return once the dow clears 27,000","Stock Market Analysts Predict Dow Jones Index Will Reach 27,000 by Year-End"
20668,"Raucous town hall in Utah blasts Chaffetz over Trump, surprising no one.",Utah Town Hall Critiques Rep. Chaffetz Over Trump
2879,undercover fireman infiltrates three-alarm blaze,Firefighter Responds to Three-Alarm Fire in Downtown Manhattan
16179,Woman stabs Denver fire chief after SUV jump – fire chiefs are always ready for combat.,Denver Fire Chief Arrested After SUV Jumping Into Fire Chief
11291,loss of virginity more humiliating than original virginity,Many People Report Feeling Embarrassed After Losing Virginity
28225,Bomb stores to tank stock? Genius-level market manipulation.,Stock Market Analysts Warn of Market Volatility and Potential Stock Price Declines
3779,college administrators hold candlelight vigil to honor donor lost in mishandled rape case,College Officials Hold Candlelight Vigil to Honor Victim of Sexual Assault
3295,house of blues actually house of whites,Satirical Article Mocks Stereotypes About House of Blues Music Venue
396,chipotle mayo doing all the heavy lifting in sandwich,Chipotle's Chipotle Mayo Adds Creamy Flavor to Sandwich
6380,dermatologists recommend regularly checking body for screaming demonic face bulging out of skin,Dermatologists Warn of Skin Conditions Caused by Stress and Poor Hygiene
19890,"Muhammad Ali, the 'greatest', proves even he can't dodge death at 74.","Muhammad Ali, Boxing Legend, Dies at 74"
22460,"DOJ warns about online domestic terrorists. Finally, someone noticed!",DOJ Launches Investigation Into Domestic Terrorism Threats Online
27417,Royals love 'Trap Queen': proof that athletes have deep musical insights.,Royals Support 'Trap Queen' Cardi B
28012,supportive parents encourage child's interests in anything within 15-minute drive,Parents Frequently Encourage Children's Interests Within a 15-Minute Drive
23378,"Ah, the First Amendment in action: punished for a t-shirt but not for, say, insurrection.",Satirical Article Mocks First Amendment Defenders With Fictional Case
21426,Zenefits bans stairwell sex to uphold professionalism.,Zenefits Bans Stairwell Sex to Maintain Workplace Professionalism
2064,enzyme humbled to have played part in successful biochemical reaction,Researchers Highlight Importance of Enzymes in Biological Processes
6813,pope francis asks congregation if it's okay if they do a low-key easter this year,Pope Francis Encourages Catholics to Celebrate Easter in a Low-Key Manner
15916,Get lost in these seven cities: It's not like you'll actually get lost.,Travelers Often Struggle to Navigate Foreign Cities Without a Map
7891,dianne feinstein horrified after new gun control bill disintegrates immediately upon crossing into senate chamber,Senate Passes Bipartisan Gun Control Bill
25261,Snake on a plane causes slight inconvenience—air travel just got infinitely more thrilling.,Passenger Reports Snake on Plane Causes Minor Disruption
19471,New Way to Buy Gold Solves All Your Financial Woes,New Gold Investment Platform Offers Easy Access to Precious Metal Market
21907,Trump's dangerous move toward protectionism: because nothing says 'economic strength' like starting a trade war over soybeans.,Trump Administration Announces Protectionist Trade Policy Amid Soybean Concerns
15201,The lack of a handshake surely solved more problems than it created. A true diplomatic triumph.,Handshakes Remain a Common Form of Nonverbal Communication
24797,Students stage anti-Trump art protest—because nothing says 'political change' like a poster board.,Students Protest Trump Administration With Anti-Trump Art Display
28322,An Obama cut-out helps me survive Trump's presidency— because inanimate objects are more reliable than politicians.,Critics Say Inanimate Objects Are More Reliable Than Politicians Amid Trump Presidency
21304,"Aaron Hernandez, ex-Patriots star, convicted of murder – shocking, next you'll say athletes are human.",Former NFL Player Aaron Hernandez Found Guilty of Murder in High-Profile Trial
6071,financially struggling trump campaign holds fundraising riot,Trump Campaign Faces Financial Struggles Amid Ongoing Fundraising Challenges
2816,lawyers identify dozens more bill cosby victims while interviewing potential jurors,Lawyers Interview Potential Jurors to Identify Potential Victims of Bill Cosby
26431,Volcano adds 'laze' to Hawaii's hazards. What a gift.,"Hawaii Volcano Continues to Erupt, Bringing Unpredictable Weather and Hazardous Conditions to Residents"
6690,lottery loser angry at lottery winner,Lottery Winner Receives $1 Million Prize
20568,High school football players accused of assault? Because team spirit clearly includes violence.,High School Football Players Accused of Assault
20074,"Healthy Fast Food Exists? In This Economy, That's Adorable",Fast Food Continues to Thrive Despite Economic Downturn
19949,"Airline passengers: Is there a right to recline? More importantly, is there a right to basic human decency in coach?",Passengers Question Comfort Standards in Economy Class
27426,Look: the magical world of tarot – where facts go to die.,Tarot Card Interpretation Often Overlooks Historical and Cultural Context
14531,Beat winter blues with expert tips—or just wish for summer.,People Often Find Relief From Winter Blues With Simple Summer Plans
20061,"this call may be monitored: for your own good, of course",Satirical Article Mocks Surveillance Culture With Fake Phone Call Warning
25392,"History will judge Trump with contempt, but his base loves him now.",Trump's Base Remains Loyal Despite Controversies
741,willow rented,Willow Rented
936,town hall audience member asks clinton to quickly pivot away from his question and then state her platform,Town Hall Audience Member Asks Clinton to Quickly Change Topic After Question
25457,"Mayo Develops Cancer Screening Test: Finally, Some Progress.",Researchers Announce Breakthrough in Cancer Screening Technology
21977,"Hillary unleashes, while Ivanka keeps quiet: the great American family drama continues",Ivanka Trump and Hillary Clinton Remain Silent on Controversies Following Trump's Presidency
25568,"Trevor Noah 'fires' Michelle Wolf, comedy world in turmoil.",Comedian Michelle Wolf Leaves Trevor Noah's Show After One Season
12512,trump disapproval rating reaches all-time none of this matters,Trump's Disapproval Rating Remains High Amid Ongoing Controversies
6478,queen elizabeth announces success of monarchy's recent diversity initiative,Queen Elizabeth II Announces Success of Monarchy's Diversity Initiative
4319,abraham lincoln's dna now available over the counter,Satirical Article Claims Abraham Lincoln's DNA Is Now Available for Purchase
15823,The wack Donald's project – because stability is overrated.,Donald Trump's Political Campaign Faces Criticism Over Lack of Stability and Consistency
7946,loud squawking crow forces faa to ground all flights indefinitely,Crow Causes Flight Delays at Airport
15652,"Must-see TV shows you can't miss this fall: If you enjoy clichéd plots and recycled jokes, then by all means, don't miss them.",Fall TV Season Features Numerous Repetitive and Familiar Programming Options
4625,man who spent last 2 years drawing pictures of trump and putin making out beginning to realize just how wrong he's been,Man's Trump-Putin Portraits Spark Criticism Over Political Polarization
16788,"Cancer, cinema, crowdfunding and Twitter: the perfect blend for a heartwarming story.",Crowdfunding Campaign Raises Money for Cancer Research
12323,blood-drenched sarah koenig announces topic for upcoming season of 'serial',Sarah Koenig to Return as Host for 'Serial' Season 4
22688,Dog's skin condition traced to a mysterious past involving alien experiments – you won't believe the vet's theory!,Veterinarian Diagnoses Dog With Skin Condition Linked to Past Alien Experiment
25012,Top soccer official says Trump presidency would hurt US World Cup bid—because who wants a stable bid with a controversial president?,US Soccer Officials Express Concern Over Trump Presidency's Impact on World Cup Bid
2036,obama announces plan to store nation's extra stuff in large plastic crate,President Obama Announces Plan to Store Extra Supplies in Large Plastic Crate
14327,'Draft Biden' super PAC releases ad. Nothing says 'people's movement' like big money.,Super PAC 'Draft Biden' Launches Ad Campaign to Support Democratic Presidential Candidate
28479,men and women of armed forces thank local woman for song dedication,Local Woman Dedicates Song to Armed Forces Personnel
13413,"South Korea holds election to replace impeached leader, what could go wrong?",South Korea Holds National Election to Replace Impeached President
1461,inverted bob added to supercuts arctic vault where hairstyles preserved for future generations,Satirical Article Imagines Inverted Bob Hairstyle Being Preserved in Arctic Vault
20229,Shelters scramble for winter storm refuge – as if people actually need shelter in cold weather.,Winter Storm Brings Cold Weather and Flooding to Multiple Regions
25045,"Rudy Giuliani confesses to illegal payment – what a paragon of honesty, admitting to crimes so casually.",Rudy Giuliani Faces Scrutiny Over Alleged Illegal Payment
4237,gated community under siege by savages,Gated Community Under Siege by Homeowners
9848,nbc cancels csi,NBC Announces Cancellation of 'CSI'
25201,"A 560-pound man rides across country to save his life, proving that logic is optional.",Man Embarks on 560-Pound Road Trip Across Country to Save His Life
6058,man vows never to watch another sci-fi movie with physicist friend,Friend Plans to Avoid Watching Sci-Fi Films With Physicist
1940,man surprised to learn high school classmate became completely different type of fuckup,High School Student Surprised to Learn Classmate's Behavior Has Changed After Graduation
11897,area theater has strict rule against bringing in outside movies,Local Theater Bans Outside Movie Screenings
2932,ken burns completes documentary about fucking liars who claimed they watched entire 'jazz' series,Ken Burns Documentary Examines Historical Jazz Music and Its Cultural Significance
16285,"Sixth woman accuses Moore of past misconduct, because five wasn't enough.",Moore Accused of Sexual Misconduct by Sixth Woman
5221,woman leaving meeting worried she came off as too competent,Employee Expresses Anxiety After Meeting Ends
18735,"Veteran graduates at 84, proving age is just a number... and he's really smart.",84-Year-Old Man Graduates From College
1541,ted cruz worried all the good countries to wall off taken by other candidates,Ted Cruz Campaign Faces Challenges in Securing Support from Other Republican Candidates
27688,miley cyrus apologizes for breasts,Miley Cyrus Addresses Breast Controversy Following 'Wrecking Ball' Music Video
13,"expansive obama state of the union speech to touch on patent law, entomology, the films of robert altman",Obama Addresses Nation in State of the Union Address
19842,The world's first official 'Jewish tartan'? Who knew identity needed stripes?,Satirical Article Claims World's First Official 'Jewish Tartan' Exists
11671,father's day gift way shittier than mother's day gift,Father's Day Gifts Often Outshine Mother's Day Gifts
20460,Shooter legally purchased guns to murder police—what a shining example of responsible gun ownership.,Gun Rights Advocate Questions Shooter's Legal Right to Purchase Firearms
3578,"peeps unveils new boneless, skinless marshmallow breasts","Peeps Introduces New Marshmallow Treats Featuring Boneless, Skinless Marshmallow Flavors"
1208,"report: doing your part to stop climate change now requires planting 30,000 new trees, getting 40,000 cars off the road, reviving 20 square miles of coral reef",Experts Highlight Significant Challenges in Achieving Climate Change Mitigation Goals
27887,"Who in their right mind would choose frozen over fresh? Oh, everyone on Thanksgiving.",Many People Prefer Frozen Turkey Over Fresh One on Thanksgiving
24309,"Man dies after saying 'I can't breathe,' but police are always so helpful.",Man Dies After Attempting to Take Own Life
21456,"Ebola fear makes us stupid? Nah, we're always this rational.",Ebola Outbreak Raises Concerns Over Human Behavior and Public Health
8603,fun-loving turtle all business when it's feeding time,Turtle Feeds on Aquatic Plants During Routine Mating Season
17773,Testing the teacher: teachers' favorite pastime.,Teachers Often Report High Stress Levels and Burnout
20209,How to grocery shop for lasting beauty: because your lettuce will keep you fresh for days. Smart!,Grocery Shopping Tips for Long-Lasting Fresh Produce
2386,newly discovered fossils reveal prehistoric humans were bony,Archaeologists Uncover Evidence of Prehistoric Humans in Newly Discovered Fossils
24651,"Man sees Jesus in tree, because trees are the new burning bushes.",Man Claims to See Jesus in Tree After Believing Trees Are Spiritual
7876,out-of-state license plate seen,Driver's Out-of-State License Plate Seen in Local Parking Lot
18991,Ben Higgins Still Unlovable After 20 Seasons? Shocker!,Ben Higgins' Relationship History and Personal Life Remain Unremarkable After 20 Years
2266,7-eleven shareholders approve sale of busch light six-pack,7-Eleven Announces Plans to Sell Six-Pack of Busch Beer
24667,"How to be an effective listener: Step 1, stop thinking about what you're going to say next. Revolutionary.",Effective Listening Requires Focusing on the Speaker
21774,North Korea demolishes nuclear test tunnels? Must be for safety inspections.,North Korea Announces Plans to Demolish Nuclear Test Tunnels Following International Pressure
2371,father not letting firstborn repeat mistakes he made as nine-month-old,Father Avoids Repeating Parenting Mistakes By Not Repeating Them To Firstborn Child
8806,biden investigated for questionable workers' comp claim,Biden Administration Faces Scrutiny Over Alleged Misuse of Workers' Compensation Funds
19515,Sheryl Sandberg talks about husband's death in personal commencement speech. Just a lighthearted topic for graduates.,Sheryl Sandberg Addresses Husband's Death at Harvard Commencement
19232,"Because American exceptionalism requires copying German shop closing laws, obviously.",American Businesses Face Challenges in Maintaining Traditional Workweek Closures
17729,"AHS teasers are mildly spooky, if you're into that whole horror thing, which is totally normal.",American Horror Story (AHS) Season 8 Teasers Hint at Season 9
24243,"Surprise, surprise, someone dies in custody and it's a homicide. Who saw that coming?",Police Investigate Death in Custody Case
26679,"Simpsons creator says people pretend to be offended, dismissing concerns about stereotypes.",Simpsons Creator Defends Show's Stereotype-Filled Humor
27184,A developing nation leader vows to tackle tax dodging – because that always works out.,Governments Struggle to Combat Tax Evasion Despite Previous Successes
10353,rex tillerson blindsided by news he still worked for state department,Former State Department Official Rex Tillerson Retains Position After Departure
6947,heavenly sources confirm joe jackson already screaming at michael,Satirical Article Claims Joe Jackson Screamed at Michael Jackson
8413,police seize 250 pounds of marijuana smoker,Police Arrest 250-Pound Marijuana Smoker in Major Bust
24647,"Ted Cruz's super-PACs rake in cash, democracy thriving.",Ted Cruz's Super PACs Raise Millions of Dollars
26049,"Israel's president reaches out to Palestinian Arabs, a gesture of pure sincerity.",Israel's President Reaches Out to Palestinian Arabs Amid Ongoing Tensions
2558,bush picks up 20 copies of washington post he's in,Former President George W. Bush Collects Multiple Copies of The Washington Post
15611,"French police find another car in the suspect hunt, because one getaway vehicle just isn't enough for a mastermind.",French Police Search for Additional Vehicle in Suspect's Vehicle
10630,mom recommends previously unheard-of form of transportation son could take to get home,Mother Recommends Son Take Public Transportation Home
221,consumer confidence verging on cockiness,Consumer Confidence Remains High Amid Economic Optimism
19675,The 'Entrepreneurial Advantage': a magical business term that means whatever you want it to,Entrepreneurs Often Use 'Entrepreneurial Advantage' to Describe Their Own Success
19873,Two sisters conquer cholesterol. Their emotional journey will make you sob... or yawn.,Two Sisters Overcome High Cholesterol Through Healthy Lifestyle Changes
25184,"These newborn photos are so whimsical, they might cure your fear of childbirth.",Newborn Photos Often Feature Whimsical and Dreamy Images
13110,10 utterly trivial ways to pretend you're smarter than everyone else,People Often Use Humorous Tactics To Conceal Lack Of Intelligence
17962,Joy to the world! The Griswolds are back to ruin Christmas with sports—because why not?,"The Griswolds Return to 'Planes, Trains, and Automobiles' for Holiday Season"
14450,"7 things you should never ever do for your older kids. Like, for instance, help them. Or love them unconditionally. The list is endless and terrifying.",Parents Often Struggle With Balancing Supportive Parenting With Overprotective Parenting
14762,Ne-Yo raises millions for engineering school? Pop stars are clearly the key to solving educational funding crises.,Pop Star Raises Millions for Engineering School Scholarship Program
19123,A mere $5.8 million to settle intern exploitation claims? Pocket change for a media giant.,Major Media Companies Face Scrutiny Over Alleged Exploitation of Interns
13830,Verizon shows love to 'basic rate' customers with extra bills for fios deployment.,Verizon Offers Higher Rates to Customers Who Upgrade to Fios Service
12814,federal prison system retires mcveigh's number,"Federal Prison System Retires Number 10, the Number of Oklahoma City Bombing Victims Killed"
13201,"This photo exposes Simone Biles as the fragile human she secretly is, shattering her invincibility myth.",Simone Biles Faces Scrutiny Over Controversial Behavior Following Recent Competition
28424,underprotective father demands daughter arrive home by 10 a.m.,Father Demands Daughter Arrive Home by 10 A.M.
26120,The global search for education: Latin America is online? Mind-blowing that they use the internet.,Latin America Continues to Struggle with Limited Access to Education Online
28043,insane man gets a little perspective by reminding himself that he is god,Man Reminds Himself He Is Not God After Realizing His Actions Are Not Divine
5224,amazon reaches 1 trillion labor violations,Amazon Faces Scrutiny Over Alleged Labor Exploitation Amid Widespread Concerns Over Worker Conditions
7761,cdc issues warning of full-blown epidemic of the blahs,CDC Warns of Potential Epidemic of Mundane Daily Tasks
4204,area man has shitty fuckin' job,Local Man Expresses Frustration Over Unfulfilling Job
2870,unsuspecting movie stars follow fake red carpet into back of kidnappers' van,Movie Stars Reportedly Follow Red Carpet into Van to Escape Kidnappers
5156,"clinton to get teeth cleaning, glasses before coverage runs out",Clinton Campaign Faces Scrutiny Over Lack of Transparency Regarding Endorsements
5754,teary-eyed wrestlers bid farewell to friends made at summerslam,Wrestlers Say Goodbye to Friends Made at SummerSlam
15176,Taylor Swift calls cover album an honor – as if she wrote the original or something.,Taylor Swift Releases Cover Album Featuring Songs Written by Other Artists
18382,This is how you visualize the heartbeat of a city: with pretty charts.,"City Maps Often Feature Simple, Colorful Graphics to Illustrate Urban Layout"
19268,Pro tip: Just yell louder and wave cash—bartenders love that.,Bartenders Often Recommend Loud Speech and Cash to Attract Patrons
7945,aging airliner flies out to sea to die,Aging Commercial Airliner Takes Off From Airport
27047,NAFTA renegotiation: because climate change is just a local issue now,NAFTA Renegotiation Continues Amid Ongoing Climate Change Debate
12963,senior prank somehow leaves high school with increased math funding,High School Senior's Prank Results in Increased Funding for Math Program
1304,trapped chilean miners considering how funny it would be if they all died right as rescuers completed tunnel,"Chilean Miners Trapped in Underground Tunnel, Rescuers Face Challenges in Retrieving Them"
25115,Unhappy Father's Day? Who could have predicted that?,Father's Day Celebrations Often Focus on Children's Gifts and Memories
18650,Conan shares Trump's Twitter withdrawal—probably involved a lot of yelling.,Conan O'Brien Mocks Trump's Twitter Withdrawal With Satirical Article
17493,"Jeb Bush insists he's a Washington outsider, despite the Bush family name being synonymous with D.C.",Jeb Bush's Washington Connection and Family Legacy Remain a Major Factor in His Presidential Campaign
20394,"Ivanka Trump's religious expertise: Judaism is top three? Close, but no cigar.",Ivanka Trump's Religious Views Draw Criticism
5453,author dismayed by amazon customers' other purchases,Amazon Customer Reports Other Purchases Are Not As Valuable As Initial Order
8929,"world health organization: 'not sure how, but adam levine's new fragrance the only antidote to mers virus'",World Health Organization Says Adam Levine's Fragrance Is Not a Cure for COVID-19
20363,Palestinian youth and the psychological impact of violence: just a little trauma.,Palestinian Youth Face Psychological Trauma and Trauma-Informed Care
7184,black man bids tearful goodbye to family before daily commute,Black Man Commutes to Work Daily
7210,american citizens split on doj memo authorizing government to kill them,DOJ Memo Authorizes Government to Kill Americans
16705,"Krugman: the right fears democracy – yes, because winning elections is so scary.",Economist Paul Krugman Warns of the Risks of Democracy and the Threat of Authoritarian Regimes
23433,"Astronauts hug out political tension, because space is neutral.",Astronauts Reportedly Hug to Ease Political Tensions
9267,j.k. rowling revealed to be pseudonym for newt gingrich,Satirical Article Claims J.K. Rowling Was Pseudonym for Newt Gingrich
27584,"Ah, the 'most beautiful' because it's from a queer Korean, not because it was actually moving or articulate.",Critics Question 'Most Beautiful' Award for Korean Actress
3284,studio audience wants show to be over,Audience Expresses Frustration Over Lengthy Television Show
14659,"9 tips for senior year: stress, cry, repeat.","High School Senior Year Often Characterized by Stress, Emotional Struggles"
18331,"America's favorite Mexican food chain is... not Chipotle. In other news, water is wet.",Chipotle Mexican Grill Continues to Dominate the Fast-Casual Mexican Food Market
16314,"Trump shakes up top staff – just a little reshuffle, nothing to worry about.",Trump Announces Minor Staff Changes Amid Ongoing Leadership Transition
1692,ceo's funeral a networking dream,CEO's Passing Draws Large Crowds and Prompts Networking Opportunities
20943,Danica Roem credits Trump for proving that anyone can be elected – barriers like decency are just suggestions.,Danica Roem Wins Virginia State House Seat
14471,Hawaii's millennials: probably too busy with luaus to care.,Millennials in Hawaii Frequently Prioritize Social Events Over Daily Responsibilities
5458,rembrandt's 'night watch' falls off museum wall after sticky tabs come loose,Rembrandt's 'Night Watch' Painting Falls Off Wall at Museum
24485,A new shade of green collaborations: because Boulder needs more hipster eco-projects.,Boulder Launches New Green Initiative to Promote Sustainable Development
23253,"Obama's foreign policy was a failure? Obviously, compared to the current golden age.",Critics Argue Obama's Foreign Policy Was Less Effective Than Previous Administrations
66,mom learns about new vegetable,Mother Discovers New Vegetable at Grocery Store
24385,A $249 sapphire razor? Because your face is worth more than a car down payment.,Luxury Beauty Brand Launches $249 Sapphire Razor
17956,"Martha Raddatz MVP? In a debate that was a train wreck, she was the conductor.",Martha Raddatz Delivers Strong Performance in Debate
27087,Squad Reduces Pain: Science Confirms What Loners Already Know,Study Finds Social Connection and Community Support Can Reduce Pain and Improve Well-Being
20002,"If the takeover worked, low scores wouldn't be embarrassing, but they are.",Low Scores Remain Embarrassing Despite Successful Takeover
8475,fire hydrant blows load all over hot neighborhood kids,Fire Hydrant Overflows With Water After Heavy Rainfall
1735,gray wolves sighted in capitol building for first time in 85 years,Satirical Article Imagines Gray Wolves Visiting Capitol Building
281,blender left on to keep cat company,Cat Owner Leaves Blender On To Keep Feline Companionship
16658,Parental leave revolution: because banking is finally catching up to the 20th century.,Parents Seek More Flexible Parental Leave Policies to Support Work-Life Balance
5547,area man glad his brother is giving mom grandkids,Brother's Gift of Grandchildren to Mother a Heartwarming Family Tradition
20113,"Home genetic tests may be riddled with errors, and companies aren't keeping track: embrace the surprise!",Genetic Testing Companies Face Criticism Over Reliability and Accuracy Concerns
17243,The Fed and the markets: two things that definitely make sense and aren't confusing at all.,Federal Reserve and Market Dynamics Remain Complex and Influenced by Economic and Political Factors
16552,"Hey, which one of you wise guys teleported me into the future? This is exactly what I asked for.",User Expresses Frustration Over Unwanted Time Travel
20138,5-Year-Old Boy Faces Tough Decision About His Girlfriends: The brutal heartbreak of preschool crushes.,Preschool Boy Faces Difficulty Making Decision About Friend's Girlfriend
19049,Spicer links shooting to banning millions: a logical leap?,Spicer Denies Link Between Gun Control and Mass Shootings
2352,heartbroken chris brown always thought rihanna was woman he'd beat to death,Chris Brown's Past Relationship With Rihanna Raises Concerns About Domestic Violence
978,shirtless man turns face from side to side in mirror while running hands down smooth face,Man Runs Hands Over Face While Looking in Mirror
16562,Trump calls on Congress to empower agencies to oust federal workers—job security is so last century.,Trump Advocates for Federal Worker Protections Amid Ongoing Government Shutdown
13093,How to live to 110: the secret to immortality revealed.,Researchers Investigate Factors Contributing to Longevity and Aging
1595,"north korea claims new long range missile has ability to fly right up in the air, not unlike a bird or a fly",North Korea Announces New Long-Range Missile
16405,"Elon Musk is ready to conquer Mars. The ultimate billionaire's vanity project, now with 100% more existential risk.",Elon Musk Announces Plans to Establish Permanent Human Settlement on Mars
6518,uninsured man hoping for gift card to local hospital for christmas,Uninsured Patient Seeks Medical Care at Local Hospital
6201,man ashamed of himself after cashier reads food order back to him,Customer Expresses Frustration After Cashier Reads Back Food Order
17449,Pride in mental health: an interview with the Trevor Project – because mental health is the new cool thing to be proud of.,The Trevor Project Launches Mental Health Awareness Campaign to Promote Pride and Support for LGBTQ+ Youth
4,richard branson's global-warming donation nearly as much as cost of failed balloon trips,Richard Branson's Climate Change Fund Raises $1 Billion
5411,"michele bachmann figures why not, introduces homosexual-beheading bill",Michele Bachmann Introduces Bill to Legalize Homosexual Beheading
5696,"no complaints if a remake of 'emma' with jon hamm and emily blunt got thrown our way, nation's girlfriends report",Romantic Comedy Remake of 'Emma' Starring Jon Hamm and Emily Blunt Announced
20645,"Double standard, double spacing: the perfect formula for unbiased reporting.",Journalists Criticized for Using Double Spacing in News Articles
15706,"Illinois elves suggest gifts for politicians, because they're so in touch with the people.",Illinois Elves Suggest Gifts for Politicians
23726,Transition to teaching art in college? Just navigate academia's quirks—simple.,College Students Often Struggle to Transition to Teaching Careers After Graduation
8819,"report: you know you are a fucking idiot, right?",Satirical Article Mocks Common Frustration With Overused 'You're an Idiot' Phrase
13868,In depth: Behind the veil of the Middle East – where women's rights are just a suggestion.,Middle East Faces Persistent Challenges for Women's Rights
3205,cbs reveals 'big bang theory' season 12 will explore why sheldon keeps job after sexually harassing 6 research assistants,CBS Announces 'The Big Bang Theory' Season 12
21844,"Wearing #BlackLivesMatter shirts solves systemic racism, obviously.",Wearing Black Lives Matter shirts is a common tactic to show support for the movement
22595,Grindr's caring reminder: don't forget your HIV test between hookups.,Grindr Reminds Users to Get HIV Tests Before Engaging in Intimate Activities
14772,A 12-year-old busts out unexpected moves in the kitchen? This child is a culinary revolutionary!,12-Year-Old Demonstrates Basic Cooking Skills in Kitchen
8284,scientists finally prove what area dad has been saying for years,Researchers Confirm Long-Stated Relationship Between Fatherly Advice and Children's Development
21230,Giuliani says Trump is trying to get us back to a free press. By attacking journalists daily? Makes sense.,Trump Administration Continues to Criticize Journalists Amid Ongoing Scrutiny
6731,area man good for the economy,Local Resident Boosts Local Economy With His Presence
11818,pope francis offers molested kids 10% off at vatican city gift shop,Vatican Gift Shop Offers Discounted Items to Visitors
24882,"Six completely rational and unselfish reasons why my kids' toys remain fiercely, permanently theirs. Sharing is for peasants.",Parents Often Struggle With Sharing Toys With Children
24294,Savor the South at summer festivals where every dish is a calorie bomb and every moment is bliss.,Summer Festivals Offer a Taste of Southern Cuisine and Warm Weather
3621,"fbi raids michael cohen's office to get closer look at his innovative, thorough legal work",FBI Conducts Search of Michael Cohen's Office Following Ongoing Investigation
23685,Kristen Wiig Crashes Bill Hader's 'SNL' Monologue: Groundbreaking Television That Changes Everything,Kristen Wiig and Bill Hader Star in SNL Monologue
24857,Farenthold resigned abruptly? Probably to avoid more congressional 'hard work'.,Farenthold Resigns Amid Congressional Scrutiny
5656,"in major gaffe, obama forgets to dumb it down",President Obama's Speech on Climate Change Draws Criticism for Complex Language
19525,Is art feminine? Let's ask the centuries of male-dominated art history.,Art Historians Question Whether Women's Art Is Truly Valued
12384,food critic's wife makes the best lasagna she possibly can,Food Critic's Wife Creates Delicious Lasagna
26297,Trump orders war crimes then backs down? What a tough leader.,Trump Faces Scrutiny Over Alleged War Crimes Following Controversial Comments
13371,"Netflix hires Ryan Murphy for 5 years? Groundbreaking, since he's never done anything before.",Netflix Signs Ryan Murphy to Five-Year Contract
12008,6-year-old cries when told mtm productions kitten dead by now,MTM Productions Kitten Dies After Being Kept as Pet
