id,input,output
6801,café adds heartbreaking little lunch menu,Local Café Introduces New Lunch Menu
7349,peruvian shockingly knowledgeable about u.s. history,Peruvian Student Shares Extensive Knowledge of U.S. History
10446,census study finds thousands of undocumented immigrants living inside u.s. border wall,Satirical Article Critiques Border Wall Construction and Immigration Policies
21457,Helping the planet by eating invasive species? Because nothing says eco-friendly like chowing down on pests.,Eating Invasive Species Linked to Declining Native Wildlife Populations
21942,Kebab shop owner remains calm during robbery – because who needs panic when you have shawarma?,Kebab Shop Owner Survives Robbery
2645,report: average person spends 18 hours standing at bar deciding what to drink,Study Finds Average Person Spends 18 Hours Deciding What to Drink at Bars
5706,"bush vows to discover, legalize aliens on american, martian soil",President Bush Addresses Alien Life on Earth
3939,christmas pageant enters pre-production,Local Church Begins Preparations for Annual Christmas Pageant
9678,area man can't remember whether he rented mimic or the relic,Local Man Confused Between Two Horror Movies
14153,Dinosaur skeleton reveals babies may have lived on their own from birth. So much for parental guidance in the Mesozoic era.,Satirical Article Imagines Dinosaur Parenting in the Mesozoic Era
10620,"nothing doing down louisiana way, fly-swattin' sources report",Louisiana Residents Report Low Crime and Safety Concerns
10764,woman jealous of horse's eyelashes,Woman Jealous of Horse's Long Eyelashes
12172,call from daycare can't be good,Parents Frequently Receive Unwanted Calls From Daycare
1125,molly hatchet posts surprise upset in former deep purple district,Molly Hatchet Performs at Local Music Venue
23603,NASA's Kepler recovers from emergency mode – space is easy.,NASA's Kepler Spacecraft Successfully Returns From Extended Mission
22863,Cartoon Donald Trump assures Colbert his numbers are the biggest—a masterclass in humility from the guy who measures everything in inches.,Donald Trump Meets With Stephen Colbert to Discuss Political Strategy
6616,joy sucked out of room by pumped-up manager,Corporate Manager's Overly Enthusiastic Work Environment Disrupts Colleagues' Work
5338,"study: beginning email with short, disingenuous inquiry into personal life best way to network",Study Finds Starting Emails With Personal Questions Can Be Ineffective in Professional Networking
6596,area man's knee making weird sound,Local Man Reports Knee Pain After Repeatedly Jumping on Couch
7201,man thinks he managed to masturbate without waking roommate,Man Claims He Masturbated In Apartment Without Waking Roommate
6275,vin diesel will finally kiss car in 'fast & furious 6',Vin Diesel to Star in Fast & Furious 6
15572,BHP predicts 2017 as the year every car on Earth goes electric overnight.,BHP Predicts 2017 Will Be the Year of Electric Vehicles
1702,what's-his-face fires publicist,Publicist Fires Former Publicist
6213,american dental association recommends making your gums hurt really bad once a day,American Dental Association Recommends Daily Brushing and Flossing
14561,"Loft's plus-size line is here, about time they catered to more than sample sizes.",Loft Launches Plus-Size Clothing Line
16723,"Tom Brady's Met Gala outfit mocked? It's so avant-garde, mere mortals can't comprehend it.",Tom Brady Attends Met Gala in Customized Outfit
25954,Flexibility is the secret weapon to close the women's leadership gap—just contort yourself into submission and equality magically appears!,Satirical Article Critiques Workplace Inequality and Women's Leadership Gap
3803,news website refers to users' ceaseless exchange of racial slurs as 'discussion',News Website Criticized for Failing to Address Racial Slurs and Harassment
27805,"Ah, the pinnacle of modern dating advice: ranking women like livestock. Truly progressive.",Local Man Shares Dating Advice on How to Evaluate Women
22842,Cracks? More like a sinkhole swallowing thousands. But who's counting?,Massive Sinkhole Swallows Thousands of People in Mexico City
23210,Rev. Run values his role as a TV dad—because nothing beats scripted family values.,Rev. Run Discusses His Role as a Father in Television Series
3238,"comey: 'what can i say, i'm just a catty bitch from new jersey and i live for drama'",FBI Director James Comey Discusses His Personal Life and Career
17222,"A little rain and disagreement in Somalia—no big deal, just thousands fleeing.",Somalia Faces Severe Floods and Displacement Amid Ongoing Conflict
444,the elderly: do they suspect?,Elderly Adults Frequently Misunderstand and Misinterpret Social Interactions
22522,Teenage girl walks for days after plane crash. Just a moderate hike with a side of survival.,Teenage Girl Survives Plane Crash in Remote Area
104,desperate gop spotted in south dakota trying to build keystone pipeline themselves,GOP Officials Criticized for Self-Organized Keystone Pipeline Opposition
6196,80 percent of u.s. populace now selling handmade jewelry,U.S. Population Shifts Toward Handmade Jewelry
7214,more realistic meat substitute made from soy raised in brutally cruel conditions,Soy-Based Meat Substitute Made From Soy Raised in Industrial Farms
17612,"Home? Oh, you mean that mythical place everyone talks about but never finds?",Local Man Searches for Home in Search of Perfect Living Situation
20577,"Tom Daley and Dustin Lance Black expecting a child? Finally, some real news in celebrity baby gossip.",Tom Daley and Dustin Lance Black Announce They Are Expecting a Child
19702,Obama says no to wiretapping: The one time we wish he was joking.,Obama Administration Refuses to Support Warrantless Wiretapping
11058,134-year-old man attributes longevity to typographical error,134-Year-Old Man Claims Longevity Is Due to Typographical Error
11558,new gym member lingers by free weights for several seconds before returning to elliptical machine,Local Man Spends Several Seconds Lying on Free Weights Before Switching to Elliptical Machine
8671,mortified tampax ceo bursts into tears and runs out of boardroom after tampon falls out of briefcase,Tampax CEO Faces Public Scrutiny Over Company's Marketing Strategy
23282,"Breaking news: July 19, 2017, was a day just like any other. What a roundup!",Satirical Article Mocks News Coverage of Everyday Events
13341,Toxic video shoot: more chaos than a Britney concert.,Britney Spears Performs at Concert in Las Vegas
25704,Islamophobia and Charlie Hebdo? What could possibly go wrong in that discussion?,Islamophobia and Anti-Muslim Sentiment Rise Amid Charlie Hebdo Shooting
6115,bush to sacrifice own life for good of nation,President Bush Faces Criticism Over Handling of Hurricane Katrina
18265,"Dems claim DACA deal, Trump tweets chaos, government at its finest.","Trump Administration Announces DACA Repeal, Citing Congressional Agreement"
23809,Rare Pokemon causes stampede in Taiwan—adults revert to primal instincts over digital creatures.,Satirical Article Depicts Pokémon Frenzy in Taiwan
16766,"Five numbers that don't limit you? Unless you're bad at math, then they do.",Five Numbers That Can Be Used To Calculate Any Value
22850,Trump might actually help people? Hold your breath—this could be the miracle we've been waiting for.,Trump's Campaign Promises Draw Mixed Reactions From Voters
25216,"Bill Nye criticizes CNN for platforming a climate skeptic on Earth Day, because balance means giving equal time to facts and fiction.",Bill Nye Criticizes CNN for Platforming Climate Skeptic on Earth Day
7219,report: more american fifth-graders taking gap year to unwind before middle school,Report Highlights Growing Trend of American Fifth-Graders Taking Gap Years to Relax Before Middle School
19812,"Because picking a financial advisor is as simple as asking three questions, right?",Financial Advisors Recommend Asking Three Key Questions When Choosing a Financial Advisor
18190,"In a rare event, constituents in a red district actually question a congressman. How dare they?",Congressman Faces Criticism From Constituents in Red District
12491,acoustic-guitar-wielding trump tells congress 'this here's the story of america',Trump Tells Congress He Will Share Story of America
20298,Iowa teenager innocent of health care crash – blame the usual suspects.,Iowa Teen Accused of Health Care Crash
24597,Calling women girls? It's totally respectful and not infantilizing at all.,Critics Argue That Using 'Girl' Is Inappropriate For Women
10996,report: everything you've ever wanted has been right in front of you all along,Report Highlights Common Misconceptions About Everyday Life
14260,Democrats meet in Iowa again—because one forum wasn't enough to bore voters.,Democrats Meet in Iowa for Presidential Debate
1545,mother provides adult son with list of questions to ask doctor,Mother Asks Son to Prepare Questions for Doctor's Appointment
2638,terrorism fan site full of spoilers,Terrorist Organization Publishes Detailed Guide to Bombings
15291,George and Amal Clooney look stunning in NYC—as if we needed another reason to feel inadequate.,George and Amal Clooney Attend NYC Charity Gala
8856,man finally able to forgive self for terrible mistake he made 2 seconds ago,Local Man Reflects on Recent Mistake and Plans to Forgive Himself
26329,Hillary Clinton tells fifth-grader about bullies – because her scandals are just like schoolyard teasing.,Hillary Clinton Discusses Bullying and Harassment in Public Appearance
4226,taliban leaders already know which westernized schools the first to go as soon as u.s. troops leave afghanistan,Taliban Leaders Warn of Potential Violence After U.S. Troops Leave Afghanistan
22073,HuffPost headline quiz: test your memory of last week's forgettable news.,HuffPost Launches New Quiz To Test Readers' Memory Of Last Week's News
8014,texas to execute death row inmates with new 3-drug molotov cocktail,Texas Announces New Execution Method Using Three-Drug Molotov Cocktail
25870,The ocean's gentle giant: totally not a 50-ton predator with a taste for seals,Satirical Article Mocks Sea Monster Stereotypes With Fictional Giant Sea Creature
7187,towels across water park lounge chairs mark family's ironclad claim,Family Uses Towels to Clean Lounge Chairs at Water Park
27470,"Trump's bad tweets help puppies and kittens: every offensive tweet saves a pet, it's a trade-off!",Trump's Twitter Account Draws Criticism for Racist and Inflammatory Content
2758,experts recommend changing batteries in smoke detector every 6 fires,Experts Recommend Regularly Checking Smoke Detector Batteries
23659,Trump moves embassy to Jerusalem—the solution to all Middle East problems!,Trump Administration Moves U.S. Embassy to Jerusalem
12497,jogging-suit shortage threatens nation's seniors,Seniors Face Severe Shortage of Affordable Jogging Suits
3364,baby doesn't realize it's a white supremacist yet,Baby Born With White Skin
11299,q-tips introduces new multi-speed electric ear swab,Satirical Article Imagines Q-Tips Introducing Electric Ear Swab
22154,"Public education emergency so dire, it might close next Tuesday.",Public Education Funding Cuts Threaten Schools Across the Country
4764,nate silver projects super tuesday results using microscopic electorate grown in petri dish,Nate Silver Projects Super Tuesday Results Using Petri Dish Simulation
9197,buoyant force on area object equal to weight of water displaced,Local Man Accidentally Drops Object Into Water
12396,gop candidates fiercely divided over how much voltage border wall should be electrified with,GOP Candidates Debate Border Wall Funding and Security Measures
9720,employee who likens self to tv's 'house' fired,Employee Fired for Poor Performance
13864,Why did private security treat Standing Rock protesters like jihadists? Perhaps they confused water with weapons.,Private Security Forces Disperse Standing Rock Protesters
27577,An 'inquiry'? How bold and decisive. I'm sure Trump is shaking in his boots.,Trump Administration Faces Criticism Over Lack of Transparency and Accountability
12553,"closeted soldiers getting in last clandestine rendezvous before 'don't ask, don't tell' repealed",Military Personnel Face Strict Restrictions on Private Military Contractors
15114,"Processing the facts: Ferguson's legacy might be a few changes, or nothing at all, who knows?",Ferguson Protests and Police Accountability Debates Continue
24629,"After a beauty pageant, racism conveniently 'reared its head,' as if it had been napping politely until then.",Beauty Pageant Winner Faces Criticism Over Racist Remarks
23681,Charlottesville Goddam: A Pertinent and Nuanced Analysis of Recent Events,Charlottesville Goddam: A Critical Examination of the Unifying Themes in Recent Events
17213,Sanders ramps up spending to catch Hillary – proving that campaign finance reform is just a suggestion.,Sanders Campaigns for $1.2 Billion in 2016
23856,Don't forget this when overwhelmed—like you have time to remember anything.,Local Woman Urges Friends to Prioritize Tasks When Overwhelmed
28246,Sixteen states unite to protect women's health by suing over... something about Planned Parenthood.,Sixteen States File Lawsuits Against Planned Parenthood
9201,report: shopoholism may have killed the shoposauruses,Report Highlights Decline in Shopoholism and Declining Popularity of Shopaholic Fiction
23934,Trump's Twitter feed: How anti-Muslim videos find a cozy home.,Trump's Twitter Feed Criticized for Anti-Muslim and Anti-Semitic Content
4616,forensic evidence shows signs of feeble struggle,Forensic Evidence Reveals Minimal Force Used in Fatal Police Shooting
493,shitty human being blames decreased daylight this time,Local Man Blames Daylight Decrease for Poor Performance
5173,"stock analysts confused, frightened by boar market",Stock Analysts Express Concern Over Market Volatility
3358,you the newest subsidiary of kraft foods,Kraft Foods Announces New Subsidiary to Expand Product Portfolio
7054,nancy pelosi planning to reenergize house by injecting self with blood of young representatives,Nancy Pelosi Announces Plans to Increase House Leadership
7292,"guests' chairs tilt, spray water at them during first-ever 4d state of the union address",State of the Union Address Features 4D Projection Technology
22047,"Revolutionary coffee pods: packed with protein, because who needs actual food?",Satirical Article Critiques Fast-Food Culture With Fictional Coffee Pods
14938,Approved catcalls—because nothing says equality like sanctioned harassment.,Satirical Article Critiques Workplace Harassment and Workplace Equality
7076,mom in nightgown mode,Mother Wears Nightgown to Work
12798,area woman quietly satisfied to have concrete evidence backing up years-long hatred of matt lauer,Local Woman Expresses Satisfaction With Matt Lauer's Departure From NBC
7676,"man captures ross perot, is granted three wishes",Man Wins Texas Lottery Jackpot
20351,Charlize Theron meets the kill club: she's clearly a natural-born killer.,Charlize Theron Poses for Photo
4579,out-of-control conversation safely turned back onto self,Man Redirects Conversation Back to Himself After Getting Distracted
21565,"Lakers fan puts on Warriors jersey mid-game: loyalty so strong, it lasts one quarter.",Warriors Fan Wears Lakers Jersey During Game
22418,"The Olsen twins look better in rags than you ever will, no big deal.",Olsen Twins Maintain Iconic Style and Physical Presence
5535,new liver complains of difficulty working with lou reed,Lou Reed's Liver Transplantation
14749,Healthcare confusion part III: the uninsured and illness; just a tiny bit complicated.,Healthcare System Faces Criticism Over Complexity and Inequities for Underserved Populations
10622,"ex-boyfriend hopes to still be terrible, incompatible friends",Man Reunites With Ex-Girlfriend To Rekindle Friendship
25549,"These posts highlight the terrible double standard in handling black death, as if we needed more proof of inequality.",Historical Context Highlights Persistent Inequality in Death Penalty and Punishment
13702,"Miley and Liam kiss on New Year's, and the world is utterly shocked and amazed.",Miley Cyrus and Liam Hemsworth Kiss on New Year's Eve
4655,entirety of man's personal data protected by reference to third season of 'the west wing',Man's Personal Data Protected by Reference to 'The West Wing'
12621,world doesn't even know who to admire anymore after tom hanks murders 5,Tom Hanks Faces Criticism Over Recent Fatal Car Accident
9669,"obama delivers whispered, untelevised speech on gun control",Obama Delivers Untelevised Address on Gun Control
27281,Rover encounters minor issue and wisely returns.,Rover Returns From Mission to Earth After Minor Technical Issue
19944,"Addressing sexual assault in college sports is totally a distraction – from what, winning games, obviously.",College Sports Teams Face Criticism Over Sexual Assault Allegations
19033,The Double meets Christmas: a festive tale of identity and mirrors,"The Double, a 2003 psychological thriller directed by Richard Linklater, is set in a world where identical twins are separated at birth and reunited years later"
8212,candidate to accuse opponent of racism just to see what happens,Democratic Presidential Candidate Criticizes Opponent's Racial Views
21706,"Progressive prosecutors win primaries in North Carolina, proving the system is totally open to change and not rigged at all.",North Carolina Primary Results Show Progressive Candidates Win
11195,"surgeon pretty bummed about losing patient, but it not like they were good friends or anything",Surgeon Discusses Patient's Death in Hospital
17941,"Capitalism is so great, it turns inequality into a fireworks show for society!",Critics Argue Capitalism Fosters Inequality and Disproportionate Wealth Distribution
15446,Want to make a difference? Simple: avoid becoming a hedge fund manager—because exploiting markets is so last century.,Hedge Fund Managers Face Criticism for Market Manipulation and Financial Exploitation
5034,"'the case, mr. kerry, give me the case,' demands malaysian ambassador holding dangling john kerry from petronas towers skybridge",Malaysian Ambassador Requests John Kerry's Testimony in Diplomatic Dispute
10375,editors of 'good car' magazine: 'the 2013 hyundai sonata is a good car',Hyundai Sonata Reviewed as a Reliable and Feature-Rich Compact Sedan
19585,Man shows up with gun at Alton Sterling memorial – a peaceful and thoughtful tribute.,Man Arrested for Bringing Gun to Alton Sterling Memorial
15185,"In a stunning display of strategic brilliance, the team's secret code was... song lyrics.",Team Uses Song Lyrics as Secret Code to Secure Classified Information
902,college freshman has friend from home visiting way too soon,College Freshman Visits Home Friend Too Soon
11865,decision to circle parking lot produces carbon emission that finally does it,Local Man Closes Parking Lot to Prevent Parking Lot Parking
8777,full-time mom drunk on the job,Full-Time Mother Works as a Nurse in Hospital
5324,unlikely team of allies unite to take on airport gate agent,Airport Security Guards Defend Against Unwanted Passenger
27466,How to tell if Hillary keeps trade promises: read her tea leaves or poll results.,Hillary Clinton's Trade Policy Record Draws Criticism
5438,obama to take break from stumping to preside over united states,Obama Announces Plans to Take Summer Vacation
6805,freedom-wielding high schooler freedoms down 16 classmates in latest mass freedoming,High School Student Arrested for Disrupting Class
17302,"Dog dreams of something tasty – probably the meaning of life, or just bacon.",Dog Dreams of Bacon
21436,Nationals win over Braves fan—their primary mission.,Nationals Win Over Braves Fan
26871,Trans in Trumpland: Election Wins = Hope? Let's Not Get Carried Away,"Trump Wins Election, Promises to Address Social and Economic Issues"
6891,tesla debuts carless driver,Tesla Announces New Autopilot Feature
13684,"We're perfectly safe, no improvements needed.",Local Homeowners Express Satisfaction With Existing Property
21394,Interfaith efforts in the Central African Republic: because who needs practical solutions when you have prayers?,Interfaith Dialogue and Prayer Efforts in Central African Republic
25205,"Pope Francis weeps for Rohingya refugees, showing that tears are the new policy.",Pope Francis Visits Rohingya Refugee Camps in Bangladesh
5025,"area man could have sworn randy newman sang welcome back, kotter theme",Local Man Mistakes Randy Newman for Garry Shandling in TV Sitcom
3311,area woman didn't say that; you said that,Local Woman Clarifies Misunderstood Statement
22612,Bill Maher: pet causes are the virus infecting Democrats with Trump.,Bill Maher Discusses Political Polarization and Political Divisions
22511,"Immigrant youth bestow the Donald Trump Award on Dianne Feinstein for her... let's say, 'unique' policies.",Immigrant Youth Rally in San Francisco to Support Dianne Feinstein
5478,weird birthday boy blowing out candles wishes for john hickenlooper to win democratic primary,John Hickenlooper Wins Democratic Primary in Iowa
14925,14 reasons Pharrell is a fashion icon? Can we have 14 reasons why not?,Pharrell Williams' Fashion Style and Influence
20451,"Surging battery demand drives business to South America—yay, new colonies for the green revolution!",Green Revolution and Sustainable Energy Demand Drive Surge in Battery Demand
15969,Spring skiing in Vermont: just a little mud.,Vermont Ski Resorts Face Heavy Snowfall and Heavy Mud
2886,breaking: friend who just got motorcycle already dead,Motorcycle Rider Dies in Crash in California
6034,nasa administrator announces he will open his body up to sexual tourism,NASA Administrator Announces Plans to Open Space for Commercial Space Tourism
4981,stolen tour bus leads police on chase of historic downtown philadelphia,Police Chase Tour Bus Through Downtown Philadelphia
24178,Preventing madmen from nukes: an innovative idea that's never been considered.,Satirical Article Critiques Nuclear Proliferation and Arms Control
25533,"Jack Lew's imminent decision to honor Hamilton and a woman on bills shows how progressive America is, ignoring all other issues.",Jack Lew Announces Plans to Honor Hamilton and Women on Presidential Inaugural Bills
7096,temp replaced with cheaper temp,Local Office Manager Replaces Temporary Worker With Lower-Paid Substitute
18241,Trump fires campaign manager; shocker that it didn't happen sooner.,Trump Fires Campaign Manager
12448,vacationing bush accepts republican nomination via live satellite feed,Satirical Article Imagines Bush Accepting Republican Nomination via Satellite Television
25903,"The iPhone Graveyard: where old phones go to die, and Apple introduces a new one.",Apple Releases New iPhone 13 Pro
3195,study finds having it all leading indicator that everything will come crashing down,Study Finds Financial Stress and Material Wealth Are Leading Indicators of Financial Instability
21873,"Ted Cruz champions states' rights on marijuana, proving once again that principles are flexible.",Ted Cruz Advocates for States' Rights on Marijuana Legalization
10331,horatio sanz sweeps latin emmys,Horatio Sanz Wins Latin Emmy Award
15702,"Iranian jail so welcoming, professor ends up hospitalized after months.",Professor Hospitalized in Iran After Months in Prison
5816,acid trip better planned than vacation,Man Plans Acid Trip for Weekend Getaway
27895,Trump sends fundraising email? The billionaire needs your spare change.,Trump Campaign Launches Fundraising Email Campaign
22215,Siri's new thing: because privacy is overrated.,Apple Introduces Siri Voice Assistant
3790,dog meets owner at door in desperate attempt to get ahead of diarrhea-rug scandal,Dog Accidentally Ruins Owner's Rug During Housebreaking
9205,u.s. improves infrastructure with transnational power strip,U.S. Infrastructure Improvements Highlight Global Connectivity and Economic Interdependence
17515,"Five reasons to love Bibhu Mohapatra: 1. He's a designer. 2. ... that's all, folks.","Bibhu Mohapatra, Indian Fashion Designer"
13755,"Beyoncé, me, and that HBCU I didn't attend. What a dream team.",Beyoncé Performs at HBCU Gala
15680,How a Broken Taillight Leads to Death: America's Justice System in Action,Fatal Car Accident Involving Broken Taillight Leads to Fatal Crash
16057,"Legionnaires' disease kills seven and sickens 86 in NYC. But hey, at least it's not *everyone*.",Legionnaires' Disease Outbreak Reported in New York City
5601,mom reports that hometown actually has a lot going on now,Local Woman Reports Rapid Growth and Development in Hometown
14703,The Weather Channel offers an escape from election drama. Because nothing says 'escape' like a hurricane warning.,Hurricane Warning Issued for Coastal Areas Ahead of Election Day
7081,giant bass hates having picture taken,Large Bass Caught in Fishing Net
26410,One student transforms black identity for all high schoolers.,High School Student Creates Black Identity for Classmates
22521,These Sikh bhangra dancers will cure your winter blues. Nothing like energetic dancing to forget about snow.,Sikh Bhangra Dancers Perform Traditional Dance at Winter Festival
15359,Theory versus truth: the eternal battle where theory always wins in academia.,Academic Theories Often Dismiss Evidence Supporting Truth
25382,"Guardian cuts costs, because journalism is swimming in cash.",The Guardian Announces Staff Reductions Amid Financial Pressures
10872,37-year-old makes absolutely heartbreaking last-ditch effort to get really into new band,Local Man Attempts to Reconnect With Long-Lost Musical Passion
25556,"Fyre Festival co-founder has a history of failing his customers, which is barely worth mentioning.",Fyre Festival Founder Faces Criticism Over Poor Planning and Customer Disappointment
7959,man's heart stops as speaker asks audience to turn to person next to them,Speaker Encourages Audience Members to Share Personal Stories
10890,flock of suicidal geese drinking up the courage to down jetliner,Passengers Report Geese Flying in Formation Near Flight 1549
26837,Still just a promise? Historic indeed.,Satirical Article Mocks Political Promises With Fictional Presidential Campaign
2423,housing crisis vindicates guy who still lives with parents,Housing Market Crisis Highlights Financial Challenges for Young Adults
24986,CNN cuts ties with Kathy Griffin; because controversy is bad for ratings.,CNN Cuts Ties With Kathy Griffin Following Controversial Image
22566,"An argument between grandmas ends in a shootout at Walmart. Just your average Tuesday in Texas, promoting family values.",Texas Grandmothers Engage in Dispute Over Family Matters at Local Walmart
906,kinko's patron pulls the old copy-key switcheroo,Customer Switches Copy of Kinko's Catalog to Another Store
25101,Let's talk about solar power and equity? Because nothing says equal access like high-cost renewable energy.,Solar Power and Equity Concerns Highlight Challenges in Accessible Renewable Energy
21945,"Jeff Sessions mocks Pacific islands while a poet schools him on resistance – poetry vs. politics, who wins?",Attorney General Jeff Sessions Visits Pacific Islands to Discuss Counterterrorism and Counterinsurgency
6734,historic senator robert byrd imploded in controlled demolition,Robert Byrd Dies at 92
7252,tinder announces app will no longer match users solely with distant relatives,Tinder Announces App Update to Prioritize User Matching
22515,How to become a person of influence: 1. Be born influential. 2. Done.,Experts Highlight the Importance of Personal Influence in Professional and Social Settings
9827,local child amuses cafébut for how long?,Local Child Visits Café
16638,"Man claiming to be Boko Haram leader appears. A shocking development, truly unexpected and unprecedented.",Man Claims to Be Boko Haram Leader in Nigeria
8561,drunk guy knows all the lyrics to this song,Local Man Recognized for Extensive Knowledge of 1980s Music
1309,auto industry agrees to install brakes in suvs,Auto Industry Agrees to Install Brakes in SUVs
23201,A 17-year-old wins the first U.S. gold—because nothing beats youthful exuberance in a sport nobody watches.,17-Year-Old Wins U.S. Junior National Figure Skating Gold Medal
5645,dean mentions he'd make a great secretary of health and human services,University of Michigan Dean Discusses Potential Cabinet Positions
4591,islamic fundamentalists condemn casual day,Islamic Fundamentalists Condemn Casual Day
13007,pediatricians announce 2011 newborns are ugliest babies in 30 years,Pediatricians Report 2011 Newborns Are Among the Ugliest in 30 Years
20400,Trevor Noah skillfully highlights the profound wisdom in Republican conspiracy theories.,Trevor Noah Delivers Impressive Commentary on Republican Conspiracy Theories
14078,The Norwegian curling team should win gold for their pants: fashion is more important than curling.,Norwegian Curling Team Wins Gold Medal
26248,"Invite customers to the boardroom, they'll love discussing quarterly reports.",Corporate Executives Frequently Use Boardroom Meetings to Discuss Quarterly Reports
28311,Rolling Stone reporter nostalgically recalls when her UVA rape story came crashing down— such a memorable moment.,Rolling Stone Reporter Reflects on 2014 UVA Rape Story
3416,taylor swift inspires 200 million fans to register to vote in tennessee,Taylor Swift Campaigns for Tennessee Voters
11331,report: middle class running dangerously low on things to be squeezed out of,Report Highlights Declining Standard of Living for Middle-Class Americans
18451,"World to brace for endless Chinese market drama, yay.",China's Economic Rise Sparks Global Market Concerns
5288,nation admits it probably going to come out of this having learned completely wrong lessons,Americans Reflect on Past Misconceptions and Lessons Learned From 9/11
28087,shark attack claims life of some guy on tv,Shark Attack Claims Life of Television Host
28523,"'star wars' gopro video 'shows' what it's like to be a jedi, if you think waving a stick around equals mastering the Force",Gopro Video Shows Jedi Training in Action
6769,"woman longs for caress of boyfriend's dry, cracked, bleeding hands",Local Woman Expresses Longing for Physical Affection From Boyfriend
21473,"Abused dog sees rescuer for first time. Cute, I suppose.",Rescue Worker Helps Abused Dog
16091,"Exclusive: Former Congressman fired for misconduct—because politicians never do anything wrong, right?",Former Congressman John Conyers III Fired From House Judiciary Committee
18601,Obamacare enrollees eagerly await the Supreme Court's life-or-death decision on their coverage.,Supreme Court Considers Obamacare Case
18849,Brave adventurer embarks on a perilous journey to... cross a designated geopolitical boundary. The world holds its breath.,Satirical Article Imagines Fictional World Leaders Discussing Border Crossing
19082,13 t-shirt slogans that might just mildly encourage a few passersby.,"Local Man Wears T-Shirt With Slogan 'I'm Not Lazy, I'm Just on Vacation'"
2808,missing park ranger found in better-paying job,Park Ranger Missing in Yellowstone National Park
24674,"The 10 most crushworthy leading women in YA, a list that absolutely won't ignore the 200 other amazing characters because they weren't love interests.",Critics Criticize YA Fiction for Focusing on Romantic Relationships Over Character Development
5899,male gaze falls on buffalo chicken bites,Man Eagerly Anticipates Buffalo Chicken Bites at Local Restaurant
22870,The amazing things that happened when I started yoga at 85—because nothing says 'ageless' like not dying during downward dog.,85-Year-Old Man Begins Yoga Practice
13930,Ex-counterterrorism chief courageously labels Trump a 'coward' for firing Comey – from the safety of his desk.,Former Counterterrorism Chief Criticizes Trump's Decision to Fire Director Comey
16282,"Rubio's opponents finally remember his immigration stance, better late than never.",Rubio Campaigns for Immigration Reform
1859,nicole richie's beautiful figure ruined by pregnancy,Nicole Richie Pregnant
20467,CC Sabathia opens up post-rehab—the world eagerly awaits his profound life lessons.,CC Sabathia Returns to Major League Baseball After Rehabbing From Injury
5251,nasa designers release flirty new space skirt,NASA Releases New Space Suit Design
479,"charles krauthammer has ashes spread over prosperous, liberated iraq",Krauthammer Advocates for Continued U.S. Military Presence in Iraq
11708,cnn anchor interviews al jazeera anchor who interviewed libyan rebels,CNN Interviews Al Jazeera Anchor About Libyan Rebel Coverage
8285,alpha-bits now available in serif font,Alpha-Bits Computer Software Released in New Font
23214,Trump turns FBI email news into a Clinton attack ad—because nothing says 'presidential' like petty politics.,Trump Criticizes FBI Director Comey's Decision to Reopen Clinton Email Investigation
17879,Disturbing ad shows how Trump is teaching students to hate – because nothing fosters patriotism like division.,Trump Campaign Ad Criticized for Promoting Division and Hate
18081,"HuffPost seeks editors to make sure 'voices' are heard, preferably ones that don't contradict the owner's views.",HuffPost Announces New Editor Position to Address Disagreements Between Owner and Staff
6642,hershey's unveils some new chocolate bullshit for you to cram into your fat maw,Hershey's Introduces New Chocolate Bars
18656,"Prince opens LGBTQ center on royal land—royalty embracing progress, how quaint.",Prince Opens LGBTQ Center on Royal Land
933,john deere unveils new line of lawnmower sidecars,Satirical Article Imagines John Deere Introducing Sidecar Lawnmowers
15350,"You'll want to get inked after seeing this work, unless you have taste or common sense.",Local Artist's New Tattoo Collection Draws Mixed Reviews
5554,steve king vehemently denies comparing immigrants to people,Satirical Article Mocks Steve King's Immigration Views With Fictional Article
5044,dancing costumed midgets celebrate death of deng xiaoping,Satirical Article Depicts Fictional Midgets Celebrating Deng Xiaoping's Death
1936,oddsmakers say oakland raiders a long shot to finish season,Oakland Raiders Face Uncertain Future After Season Ends
3381,zuckerberg wishes old people would stop commenting on facebook,Facebook CEO Mark Zuckerberg Faces Criticism Over Platform's Impact on Older Users
14623,"A brilliant analysis linking climate change to a singer's preferences, truly groundbreaking science.",Climate Change Experts Criticize Singer's Music as Uninfluenced by Environmental Factors
1980,wistful kim jong-un stumbles onto childhood drawings he made of nuclear attacks on west,Kim Jong Un's Childhood Drawings Show Nuclear Threats Against West
21485,Because what the world needs is another podcast where robots discuss their butler problems.,Satirical Article Imagines Robot Butler Podcast
27671,"man returns to work after vacation with fresh, reenergized hatred for job",Employee Returns to Work After Vacation
110,rnc taps dennis hastert to lead new youth outreach program,RNC Announces New Youth Outreach Program
4359,open-minded voter waits almost 5 minutes into debate to decide who won,Voters Often Wait Until Late in Presidential Debates to Decide Who Won
469,creepy weirdo still stalking you on facebook,Local Man Continues to Follow Facebook Friends Despite Requesting to Stop
12875,friend takes liberty of ordering $40 worth of appetizers for entire table,Friend Orders $40 Worth of Appetizers for Dinner Party
6783,"'chapter 1: clark,' reports awful manuscript",Man Criticizes Manuscript as Poorly Written
5939,adorable 23-year-old yelling about economic injustice must have just read howard zinn for first time,Local 23-Year-Old Discusses Economic Injustice and Political Activism
3249,jennifer aniston finally reveals hairstyle that repulsed brad pitt,Jennifer Aniston's Hair Changes
28217,TPP: perfectly clear and not controversial at all.,TPP Criticized for Lack of Transparency and Unfair Trade Practices
22663,Mike Pence left out in the cold – guess he didn't convert the VIPs.,Mike Pence Leaves White House
14869,Apple slightly encourages wearable tech with a minor product update,Apple Releases Minor Update to Wearable Technology
20564,"Google's expansion in Boulder has its critics? Shocking, a tech giant facing opposition—truly unprecedented.","Google Expands Operations in Boulder, Colorado"
10828,"'someone in this room tonight will be murdered by an illegal immigrant,' announces trump just before lights go out",Trump Urges Americans to Report Illegal Immigrants
7670,"$85,000 in fertility treatments result in miracle","Woman Receives $85,000 in Fertility Treatments"
18716,How my obsession with gore and death actually makes my life better – who needs happiness when you have morbidity?,Local Man's Obsession With Death and Violence Leads to Increased Life Satisfaction
10895,poll: majority of americans ready to give up on u.s. if someone else goes first,Poll Finds Majority of Americans Support U.S. Leadership
23274,Groundbreaking queer comedy is back? Because we needed more groundbreaking content.,Satirical Article Mocks Queer Comedy Trend With Fictional New Show
1514,area man absolutely determined to use wheelbarrow this weekend,Local Man Plans to Use Wheelbarrow for Weekend Gardening
203,plan to live in storage facility voiced,Man Plans to Live in Storage Facility
25710,"Oh, Bobby Berk's desk makeover was 'incredible'—now my office looks like a Pinterest fail.",Pinterest User Shares Photoshopped Image of Bobby Berk's Desk
23993,Jenner calls out Kimmel for jokes—because nothing says 'respect' like suing for comedy.,Jenner Criticizes Kimmel for Jokes About Her Weight and Appearance
16674,Boy George opens up about happiness and U.S. politics—because we all need his political analysis.,Boy George Discusses Political Issues and Personal Happiness
10476,"india continues surge towards status as first world nation by reelecting racist, right-wing authoritarian",India Continues to Struggle with Economic and Social Inequality
12218,high-school teacher constantly using janitor as example,High School Teacher Criticized for Using Janitor as Example in Classroom
24815,Oxford's Word of the Year gently whispers what we're all screaming inside.,Oxford's Word of the Year Announced for 2023
4813,dad's been on a parenting kick lately,Father's Increased Parenting Efforts Raise Concerns Among Family Members
28262,Clinton celebrates flag removal on MLK Day: nothing says 'civil rights' like symbolic gestures.,Clinton Celebrates Flag Removal on MLK Day
17132,"Boy calls 911 to ask deputies over for family's Thanksgiving dinner – just a casual family invitation, no emergency here.",Boy Calls 911 to Invite Deputies to Family Thanksgiving Dinner
10387,cubans: new dictator doing it all wrong,Cuban Government Faces Criticism Over Human Rights and Political Restrictions
16558,"This is what Super Mario looks like without hair, and people are freaked out: because virtual mustaches are sacred.",Super Mario Without Hair Featured in New Super Mario Bros. Game
14668,Seth Meyers' not-so-subtle message to Trump: as subtle as a neon sign.,Seth Meyers Criticizes Trump's Tone and Behavior
5895,area man nostalgic for time when ads targeting him not as sad,Local Man Reflects on Past Ad Campaigns Targeting Him
13863,"Torture report: America's moral reckoning. Next, moral repair? Good luck with that.",Report Highlights Ongoing Moral and Ethical Challenges Facing the United States
3485,content writer awkwardly shows parents around website where he works,Content Writer Tours Parents Around His Website
28286,new 'cut off your genitals' challenge gains popularity among teens online,Teen Challenge Gains Popularity Among Online Users
21541,Why I couldn't let breastfeeding go: my child was clearly developing superpowers from that milk.,Breastfeeding Benefits for Children
19057,Thousands of pigs rescued from floods. Now they can live to be bacon another day.,"Floods Devastate Pig Farms in Iowa, Leaving Thousands of Animals in Need of Rescue"
13325,"Sookie's fault? Shockingly, Bon Temps blames the vampire.",Sookie Stackhouse's Vampire Accusations Spark Debate in Bon Temps
28464,mitt romney soars in polls after leaving country,Mitt Romney Leads in Polls Ahead of Republican National Convention
28162,NFL's genius solution to a self-made problem.,NFL Addresses Player Safety Concerns
9171,"pakistani boy, u.s. drone form unlikely friendship",U.S. Drone Strike Kills Pakistani Militant Leader in Balochistan
19660,"Another day, another delightful batch of Clinton emails to endlessly pore over",Clinton Emails Released to Public
4619,facebook vows not to hand over users' medical records to government,Facebook Faces Criticism Over Data Collection Practices
18173,"J Balvin, Nicky Jam say they changed the notion that reggaetón is misogynist – yes, because lyrics about women are suddenly feminist now.",J Balvin and Nicky Jam Discuss Reggaetón's Evolution in Music
7410,hospital comforts patients with new therapy oyster program,Hospital Introduces New Therapy Program to Support Patients
10616,man actually shouting at other man to get jennifer aniston romantic comedy made,Man Requests Romantic Comedy Starring Jennifer Aniston
121,monocle-wearing oil baron's cigarette holder splinters in clenched teeth after hearing bernie sanders' environmental platform,Bernie Sanders' Environmental Platform Draws Criticism From Oil Executives
13336,Will Ferrell's break-in: charity never looked so criminal.,Will Ferrell Arrested for Breaking into Home in Beverly Hills
3934,liberal activists encourage citizens to call their late-night hosts and urge them to oppose tax plan,Liberal Activists Urge Citizens to Contact Late-Night Hosts to Oppose Tax Plan
20385,Step 1: Pretend it didn't happen. Step 2: Repeat step 1.,Local Man Repeatedly Denies Sexual Assault Allegations
1277,personal assistant called after scary dream,Local Woman Calls Personal Assistant After Nighttime Dream
15797,California police chief lashes out at DHS – because cooperation is overrated.,California Police Chief Criticizes Homeland Security Department Over Cooperation
1528,pope asks to be taken off list of world's 100 richest people,Pope John Paul II
20790,"Oh, a MOOC by another name? How revolutionary—we're all just lining up for more online education.",MOOCs (Massive Open Online Courses) Gain Popularity
12476,blood-spattered sarah huckabee sanders holds up huge dismembered penis to prove presidential member completely normal,Sarah Huckabee Sanders Faces Criticism Over White House Press Briefings
16742,One year since Harambe? The internet's grief is as fresh as ever. Literally.,Internet Grief Remains Intense One Year After Harambe's Death
13841,"China as a superpower: everyone's just fine with that, no concerns at all.",China's Rise to Global Superpower Status Sparks Concerns Among Allies
8515,ai scientists theorize existence of numbers greater than 1,Researchers Explore Mathematical Theories on the Existence of Numbers Greater Than 1
7583,waitress creeped out by overtipper,Waitress Receives Excessive Tip From Customer
7098,name of gay bar should have been clearer,Local Man Criticizes Bar Name for Lack of Clarity
13324,"City's brilliant plan: free pot for the poor, what could go wrong?",City Officials Propose Free Pot Program for Homeless Residents
8813,russia's power shut off,Russia's Power Grid Faces Severe Disruptions
18974,Sen. Mike Lee says Trump is 'fully cooperating.' Because nothing says cooperation like constant stonewalling.,Sen. Mike Lee Criticizes Trump's Handling of Investigations
25882,"Writing life: all hugs, peace, and pray—no deadlines, rejections, or existential dread here!",Local Freelance Writer Finds Peaceful Work Environment
19658,"A heartfelt letter to the mother of a woman killed by Nazis, how quaint",Mother of Holocaust Victims Writes Heartfelt Letter to Daughter's Killer
15759,A parody so accurate it predicts the next four years of presidential comedy.,Satirical Article Mocks Political Comedy and Presidential Rhetoric
9797,gina haspel nervously rubs lucky prisoner's foot during cia director confirmation hearing,Gina Haspel Testifies Before Senate Intelligence Committee
11264,ice cream man hopes scott joplin is in hell,Ice Cream Vendor Expresses Frustration Over Scott Joplin's Death
24873,A few vaguely helpful pointers that will definitely transform your gym experience from mediocre to slightly less mediocre.,Local Gym Owner Offers Advice on Improving Customer Experience
18615,Unpopular opinion: The SAT is great—said no student ever.,High School Students Criticize SAT as Unfair and Ineffective
11492,woman getting stood up on first date got all drunk for nothing,Woman Gets Drunk on First Date After Being Standup-Ed by Man
13100,10 grandma lessons that will transform your existence.,Grandmothers Share Life Lessons and Wisdom With Grandchildren
16162,"Video: #ICantBreathe poem on House floor – because words change everything, right?",House Floor Debate Over #ICantBreathe Poem
26125,"On Memorial Day, a look inside the lives of U.S. service members in Afghanistan? Perfect way to honor with pretty pictures.",Photoshopped Image Depicts U.S. Soldier in Afghanistan
25133,"This group wants to build a giant barrier to pull trash from the Pacific – because walls keep things out, right?",Pacific Garbage Patch Draws Criticism for Environmental Impact
6717,home-brewing phase comes to long-overdue conclusion,Local Man Completes 10-Year Home-Brewing Journey
20396,Labels that guilt-trip you about lunch? What could go wrong?,Restaurant Labels Often Use Guilt-Inducing Menu Descriptions to Influence Customers' Dining Decisions
19222,"Lincoln Chafee's poll numbers: zero supporters, a true crowd-pleaser.",Lincoln Chafee Poll Numbers Remain Low Despite Moderate Support
620,kissinger instructs palin on finer points of clandestine carpet bombing,Palin Meets With Kissinger to Discuss Foreign Policy and National Security
6106,mcdonnell-douglas unveils new 'gay-dar',Satirical Article Mocks Political Homophobia With Fictional McDonnell Douglas 'Gay-Dar' Program
1524,congress spotted leaving gay nightclub,Congressional Members Frequently Attend Gay Nightclubs
8047,lucky dead student gets own page in yearbook,Yearbook Features Photo of Dead Student
1986,button-up shirt goes on life-changing odyssey around dry cleaner's garment conveyor,Button-Down Shirt Transports Laundry From Dry Cleaner To Customer
1445,new report finds u.s. employees most engaged at workplace while working as frontman of styx,Report Highlights Employee Engagement and Motivation in Corporate Workplaces
24602,"An extra couple million? Clearly, the court system is barely acknowledging his immense financial burden.",Court System Faces Criticism Over Financial Inefficiencies and Overburdened Judges
25564,"Demi Lovato absolutely slays Adele's 'Hello', a cover for the ages!",Demi Lovato Performs Adele's 'Hello' at Concert
2102,signed 8x10 of tony danza draws millions to brooklyn dry cleaner,Brooklyn Dry Cleaner Displays Tony Danza Signed Photo
9644,report: average person spends 27% of lifetime in the way,Report Highlights Common Distractions and Interruptions in Daily Life
20752,Women tech writers abused online; internet remains a safe space for all.,Women Tech Writers Face Harassment and Online Abuse
11406,"abortion issue 'most critical of our time,' say tobacco-industry executives",Tobacco Industry Executives Criticize Abortion as a Public Health Issue
23233,Your credit card limit affects your job prospects? Totally fair and not weird at all.,Credit Card Limit and Job Prospects
23275,Trump's adviser wants to cut NASA's climate funding? Because climate science is a liberal hoax.,Trump Administration Cuts NASA Climate Funding
4844,report: tv teens 15 times more likely to crack wise than real teens,Study Finds Teen Television Viewers Frequently Use Fictional Teen Characters to Relate to Real-Life Peers
2970,convention crowd really hoping bill clinton breaks tension with joke about how terrible he looks,Bill Clinton Delivers Remarks at Democratic National Convention
19320,"Oh great, another VA scandal update—because we weren't already impressed with their efficiency.",VA Scandal Updates Highlight Ongoing Oversight Concerns
16895,Bernie Sanders to discuss gun law with parents of Aurora shooting victim? What could possibly go wrong?,Bernie Sanders to Discuss Gun Control with Parents of Aurora Shooting Victim
13337,US considers more war in Yemen: spreading democracy one bomb at a time.,US Military Interventions in Yemen Continue Amid Ongoing Civil War
321,man discovers huge cache of rare fossils while walking through natural history museum,Man Finds Rare Fossils While Visiting Natural History Museum
4401,george jefferson honored for black television history month,"George Jefferson, Actor Known for Role in 1970s Television Sitcom 'The Jeffersons,' Dies"
6977,oscars committee announces plan to shorten ceremony to single-millisecond flash of blinding white light,Oscars Committee Discusses Potential Shortening of Ceremony to Reduce Red Carpet Coverage
26503,"Britain welcomes ex-president of Maldives with open arms, solving all their problems.",British Prime Minister Visits Maldives to Discuss Economic and Political Cooperation
23528,Renaming a building: the simple fix for centuries of racism.,Renaming a Building to Address Historical Racism
27633,'Roots' remake to air Memorial Day weekend. Because what better way to honor veterans than with slavery?,Satirical Article Mocks Memorial Day With Slavery-Themed Roots Remake
18745,"5 ways to obsess over your running stats, because who needs hobbies?",Local Man Obsesses Over Running Statistics
26781,Drawing your face over and over: a journey to artistic genius or mental breakdown?,Local Artist Draws Face Over and Over to Create Portraits
9176,kavanaugh starting to get worried about not hearing back after job interview,Kavanaugh Faces Uncertainty Over Supreme Court Nomination
28415,dog in purse stares longingly at dog in yard,Dog in purse stands in yard
2407,chinese factory workers fear they may never be replaced with machines,Chinese Factory Workers Face Automation and Job Losses
19911,"Peanut butter recipes will make your life infinitely better, or at least until you run out of peanut butter.",Peanut Butter Recipes Offer Numerous Health and Culinary Benefits
12841,trump makes last-minute push to appeal to whites,Trump Campaign Focuses on White Voters in Final Push to Win Electoral College
20869,Syrian rebels shell Aleppo after withdrawal – peace is overrated anyway.,"Syrian Rebels Withdraw From Aleppo, Leaving City in Ruins"
9174,sullen jeff sessions scrolls through minority incarceration statistics to cheer self up,Jeff Sessions Faces Criticism Over Racial Profiling and Minority Incarceration
15898,"Debbie Robins de la Bouillerie, who was apparently a big deal, died at 58.",Debbie Robins De La Bouillerie Dies at 58
15472,"Judge says Trump's comments didn't influence the case. Because clearly, the President's words have no power.",Trump's Comments on Russia Investigation Do Not Influence Case
7769,last beer in six pack drunk with plastic rings still attached,Man Finds Last Beer in Six-Pack at Local Bar
1036,"despite claims, long story not made short",Local Man Repeatedly Shares Long Story About His Life Despite Requesting Short Updates
1951,new altar boy clearly not ready for spotlight of 10 a.m. sunday mass,Young Altar Boy Attends 10 A.M. Sunday Mass
22824,Watch Vin Diesel say 'I am Groot' in different languages – because his range is truly breathtaking.,Vin Diesel Performs Groot in Various Languages
8060,"'depot buys max,' nation's office-supply-loving teens text frantically to one another",Teenagers Text Friends to Buy Office Supplies
16518,A patriotic neighbor: someone who reports your every move to authorities for the love of country.,Local Man's Vigilant Neighborhood Watch Activism Draws Criticism
23250,Who wouldn't want to experience the sheer joy of having a miscarriage?,Woman Experiences Miscarriage
6570,blagojevich just getting started,Illinois Governor Rod Blagojevich Faces Criminal Charges
26342,Why are Muslim kids scared? Could it be the pervasive atmosphere of tolerance?,Muslim Children Face Harassment and Bullying in Schools
7023,djimon hounsou to play every african in the world,Djimon Hounsou to Star in New Film Featuring African Actors
5751,climate experts say only hope for saving planet lies with people who save napkins from takeout order,Climate Experts Urge Public to Reduce Single-Use Napkin Consumption
23182,20 funny tweets from women: prepare to mildly chuckle.,Women Share Humorous Tweets on Twitter
7147,fleshlighthouse guides weary sailors home to realistic vaginal texture,Satirical Article Imagines Fictional Lighthouse Guiding Sailors Home
8199,apathy outpacing lust as leading u.s. state of mind,U.S. Public Apathy and Disengagement Rise Amid Economic and Political Turmoil
7751,rumsfeld makes jerk-off motions as powell speaks at cabinet meeting,Rumsfeld Makes Hand Gesture During Powell's Speech at Cabinet Meeting
16392,"The Vergara era, part 1: how we got here. Spoiler: it was definitely not a coup.",Vergara Era Marks 10th Anniversary of Emmy-Winning Actress's Career
1379,"rare species of frog may hold cure to...ah, never mind, it's extinct",Extinct Species of Frog Found in Remote Amazon Rainforest
19751,"Taylor Swift covers a classic and angers fans, as if we didn't see that coming.",Taylor Swift Covers Classic Song at Nashville Concert
15134,"UFOs at Loch Ness: finally, aliens confirm Nessie's existence.",Satirical Article Claims Aliens Confirmed Loch Ness Monster's Existence
9786,new york's finest protect new york's richest,New York City Police Department Maintains High Level of Security for Wealthy Residents
17629,Are there tears in your popcorn? Only if you're emotionally weak.,Popcorn Popper
16003,"Stephen Colbert shreds Bill O'Reilly—finally, someone speaks for the landfill.",Stephen Colbert Criticizes Bill O'Reilly's Racist Remarks
8441,skittles unveils new liqui-gels for fast-acting fruity flavor,Skittles Introduces New Liqui-Gel Flavor
27431,"Steve Wilson on 'The Making of Gone with the Wind' – let's celebrate this flawless masterpiece, shall we?",Steve Wilson Discusses 'Gone With The Wind' on 2010 PBS Documentary
6146,even business card trying too hard,"Business Card Features Bold, Colorful Design"
6584,japan spotted hovering over algeria,Satirical Article Imagines Japan's Military Deployed to Algeria
8450,white house begins christmas season with ceremonial lighting of cross,White House Christmas Decorations Begin
18662,Statehouse interns enjoy unique harassment vulnerability as part of their internship perks.,Statehouse Interns Report Harassment and Workplace Insecurity
2436,putting ice cream in bowl momentarily considered,Local Man Considers Adding Ice Cream to Bowl
13889,Dick Cheney would torture again: Because nothing says human rights like a good old waterboarding session.,Dick Cheney Faces Criticism Over Alleged Torture Practices
20341,10 stress-free suppers for the entire family: if your family enjoys charcoal.,Charcoal Grill Offers Affordable Supper Options for Families
22019,What Obamacare's successes should tell us about its failures? Does it even matter in politics?,Healthcare Reform Efforts Face Criticism Over Implementation and Political Inefficacy
22010,"Redditors reimagine a Donald Trump White House, and it's 'not pretty' – if by 'not pretty' you mean apocalyptic.","Redditors Reimagine Donald Trump White House as a Futuristic, Apocalyptic Dystopia"
2927,americans hopeful this will be last mass shooting before they stop on their own for no reason,Americans Express Concern Over Rising Gun Violence and Gun Control
21357,Breadwinner mommies: are you failing? Probably.,Breadwinner Mothers Face Financial Challenges
21528,MLK's turbulent last year makes our problems look like minor inconveniences.,Civil Rights Leader Martin Luther King Jr. Dies at 39
21247,"Barneys pays $525,000 to settle allegations of racial profiling: a truly staggering sum that will definitely change systemic bias.",Barneys Fashion Store Faces Criticism Over Alleged Racial Profiling
26126,"Climate change threatens the newest prescription for children: time outdoors? Great, so we'll just medicate with more screen time.",Satirical Article Critiques Overreliance on Screen Time for Children's Outdoor Health
21877,Trevor Noah's mind-blowing theory about Sean Hannity: water is wet.,Trevor Noah Discusses Sean Hannity's Political Views
28361,radio dj invites whole town to some bullshit,Local Radio DJ Hosts Community Event
5735,mohawked rex tillerson warns u.s. democracy threatened by plutocratic fascist pigs fucking over the working man,Rex Tillerson's Foreign Policy Views Criticized for Disregard of Working-Class Interests
10300,"agile, dynamic company able to respond to any challenge by laying off half of staff",Agile Companies Frequently Lay Off Employees to Maintain Operational Efficiency
2944,white to attend boat show,White Man Attends Boat Show
3751,sexually awakened peta president announces that being kept in a tiny cage all day actually sounds hot as hell,PETA President Inaugurates New Era of Animal Rights Advocacy
23246,U.S. consuls already have tools to discriminate in visas? How impartial of them.,U.S. Consuls Reportedly Discriminate Against Foreign Nationals in Visa Applications
13572,"Thomas Pogge allegedly harmed Yale's philosophy department, which was previously a beacon of harmony.",Thomas Pogge Criticized for Disrupting Yale Philosophy Department
23268,"Test your news knowledge with a quiz, because who needs to actually read news?",Local Newspaper Launches Online News Quiz to Engage Readers
16629,Robin Hood Foundation. Stealing from the rich to give to the poor? How utterly original and never controversial.,Robin Hood Foundation Announces New Charity Program to Distribute Wealth to Low-Income Families
19584,4 bold lip looks for spring: because why blend in when you can blind someone?,Four Bold Lip Colors Featured in Spring Fashion Trends
28531,Bernie Sanders declares $15 minimum wage 'not radical' in latest attempt to sound relatable.,Bernie Sanders Announces $15 Minimum Wage as Key Economic Policy Proposal
8726,couple wouldn't have stayed in loveless marriage if they knew that's how kid would turn out,Local Couple Remains in Marriage Despite Concerns Over Child's Future
11467,alcoholic parent easy to shop for,Parents Often Make It Difficult for Children to Shop for Food and Supplies
17298,Ben Carson bizarrely attacks CNN host – because reasoned debate is overrated.,Ben Carson Criticizes CNN Host Over Debate Format
19205,"Your favorite childhood shows: the ones that were actually terrible, and you were too young to know.",Childhood Favorites Include Classic Shows Like 'The Flintstones' and 'The Jetsons'
5809,sex shop bathroom key attached to 18-inch double dildo,Sex Shop Bathroom Key Attached to Dildo
3153,new candy to hum and glow in mouths,New Candy Features Glow-in-the-Dark Flavor
11774,"you can hold snake, owner reports",Local Man Holds Snake in Hand
18883,"Donald Trump, noted champion of Latino Americans, has graciously agreed to an interview with Univision's Jorge Ramos. How magnanimous.",Univision Interviews Donald Trump
15985,May's monumental challenge: just another day for a PM.,May Faces Ongoing Challenges in Prime Ministerial Role
14560,"MSNBC pledges diversity after Cinco de Mayo disaster, proving they're learning.",MSNBC Pledges Diversity and Inclusion Following Cinco de Mayo Controversy
1151,bangladesh runs out of people,Bangladesh Faces Severe Labor Shortage
21749,Tom Hanks in a musicless video is oddly watchable – who needs songs?,Tom Hanks Appears in Music Video for 'The Blues Brothers'
6449,dead facebook friend from high school still has cartman profile picture,Facebook Profile Picture Still Displays Cartman's Image From High School
21679,Happy Mother's Day to moms fighting for trans students: activism is the best gift,Mother's Day Celebrations Highlight Motherhood and Family Support for Trans Students
22317,"Wealthy donors declare that voters are irrelevant in elections, because democracy is overrated.",Wealthy Donors Criticize Voter Turnout and Political Engagement
2101,commuter playing some sort of alphabet sudoku,Commuter Solves Sudoku Puzzle on Train
717,"green energy scientists unveil 800,000-ton potato capable of powering entire city",Satirical Article Imagines Large Potato as Potential Green Energy Source
11523,adjusting several sliders on recording studio's mixing console pays off big time,Recording Studio Mixing Engineer Adjusts Sliders to Optimize Sound Quality
21807,"What about Libya? Oh right, we only care when it's convenient.",Libya's Ongoing Political Instability and Human Rights Concerns Draw International Attention
10457,"obama throws small business owner into seat, tells him to just smile and keep his fucking mouth shut",Obama Appoints Small Business Owner to Cabinet Position
5836,offbeat congressman having trouble finding committee to fit into,Congressman Faces Challenges Finding Committee Assignments
1583,movie deemed acceptable for mom and dad,Local Couple Approves Teen Movie for Family Viewing
5437,12% of federal government that's currently functioning to shut down,Federal Government Shutdown Continues Amid Disagreements Over Budget and Spending
19484,"Two Heroes Wield Lightsabers Against Fireworks, Save the Day",Fireworks Display Ignites Fire in Downtown Chicago
12472,heroic police officer talks man down from edge of purchasing subway footlong sweet onion chicken teriyaki,Police Officer Discovers Man's Desire to Purchase Subway Sandwich
5526,man needs emotional support only a woman can feign,Local Man Seeks Emotional Support From Female Friends
19058,David Beckham stared at a camera? This changes everything we thought we knew about soccer.,David Beckham's Career and Public Image
11763,4-year-old reportedly loved trip to italy,Four-Year-Old Boy Visits Italy With Parents
16118,"Mind-blowing, earth-shattering gun ad by Brian Kemp that totally didn't backfire at all",Satirical Article Mocks Georgia Governor Brian Kemp's Gun Ad Campaign
27253,Fuller House to explain Olsen twins' absence with a heartfelt 'they're too busy being rich' – so original.,Fuller House to Address Olsen Twins' Absence in New Season
21875,"Groundbreaking science reveals that celebrities, like Ryan Lochte, are prone to fibbing – shocker!",Satirical Article Claims Celebrities Frequently Lie About Their Fitness and Athletic Performance
20527,"Firefighter who took in friend's 6 kids after he died on 9/11 gets best Father's Day gift ever. Because family is all about convenience, not tragedy.",Firefighter Receives Father's Day Gift From Family After Friend's Death
18368,Ted Cruz hits the panic button: 'We could lose both houses' – as if that's a bad thing.,Ted Cruz Campaigns for Senate Majority in Texas
21558,James Clapper says institutions under assault: from the administration that thinks truth is optional.,James Clapper Testifies Before Congress on Intelligence Oversight
27070,Best Low-Calorie Mixers: For When You Sacrifice Taste for Health,Low-Calorie Mixers for Health-Conscious Consumers
1716,podcaster makes solemn promise to improve sound quality next episode,Podcaster Promises Improved Audio Quality for Upcoming Episode
25468,The Atheist and the Nun: Can They Agree on Anything?,Atheist and Catholic Nun Discuss Religious Differences
28502,lab partner wants to be sex partner,University of Michigan Lab Partner Requests Sexual Relationship With Colleague
16749,Therapies for insomnia? Because sleeping is so overrated.,Insomnia Treatment Options Include Cognitive Behavioral Therapy and Relaxation Techniques
17821,Charles Barkley's scooter skills: a masterclass in athletic grace that left Georgia State's coach in utter awe.,Charles Barkley's Athletic Skills and Personality Drawn to Georgia State
14210,Adventures in our own backyard – exploring the wild frontiers of the backyard shed.,Local Man Explores Backyard Shed
24200,6 things millennials should do before buying a house: 1. Win the lottery 2. Inherit wealth...,Millennials Face Financial Challenges When Buying First Home
477,omarosa searches through tapes of everyone else in white house using n-word for one of trump,Omarosa Manigault Newman Searches White House Tapes for Evidence of Trump's Behavior
7168,"gwyneth paltrow reveals secret to her healthy, radiant skin eating 20 pounds of kielbasa a day",Gwyneth Paltrow Discusses Diet and Lifestyle Habits for Healthy Skin
10786,personal life a total waste of time,Local Man Says Personal Life Is Unproductive
22714,U.S. bobsled team honors Steven Holcomb by risking their lives on ice—what a tribute!,U.S. Bobsled Team Competes in Winter Olympics
27642,You don't need to live in California to create this Venice Beach-inspired living room. Just pretend you're not in a suburb.,California Homeowners Create Venice Beach-Inspired Living Room
26830,"Another day, another life lost in the conflict. How routine.",U.S. Military Casualties Rise in Afghanistan Amid Ongoing Conflict
15308,"A carefully crafted policy announcement that achieved total, complete success",Satirical Article Mocks Corporate Policy Announcements With Fictional Success Story
731,inside: the fetish photography of german chancellor helmut kohl,German Chancellor Helmut Kohl Photographed
9503,gay rights leader lookin' good,Gay Rights Leader Poses for Photo
12913,teacher's lounge the site of 5 separate emotional breakdowns today,Teacher's Lounge Sees Five Separate Breakdowns Today
27249,Where have all the children gone? Probably to the same place as common sense in this headline.,Local Parents Express Frustration Over Declining School Attendance
27785,kim jong-un's wife on nuclear threats: 'this isn't the man i was forced to marry',Kim Jong Un's Wife Criticizes Husband's Nuclear Threats
27024,Tearful Salma Hayek at a loss for words? Over Manchester attack? How profound.,Salma Hayek Addresses Manchester Arena Bombing
9718,area man settled for,Local Man Reports Disappointment After Expecting Romantic Dinner
28497,cannibal corpse blasting from papal apartment window,Papal Apartment Window Blinds Open to Displaying Cannibalistic Image
25510,Boehner's political analysis: 'nutso'. Deep stuff.,Boehner Criticizes Political Polarization and Political Gridlock
19510,"American Richard Thaler wins Nobel Economics prize. Shocking, an American wins.",Nobel Prize in Economics Awarded to Richard Thaler
23388,"Indicted for hipster glasses? Finally, a crime wave we can all get behind.",Local Man Indicted for Theft of Prescription Glasses
2074,bin laden vineyard falling into disrepair,Satirical Article Imagines Bin Laden Vineyard Falling Into Disrepair
2751,no one in gang has heart to tell police informant his cover's blown,Police Informant's Cover Blown
8097,new mountain dew vows to kill 99.9% of stomach bacteria,Mountain Dew Launches New Marketing Campaign to Promote Health Benefits
3716,same jumbotron used for marriage proposal used to ask for divorce,Marriage Proposal Broadcasts Divorce Announcement on Jumbotron
8637,usps unveils new line of commemorative prince-inspired postal workers,USPS Announces New Postal Worker Uniforms Featuring Prince-Inspired Designs
991,"american public clarifies rational, measured response to this terror threat doesn't preclude panicked overreaction in future",American Public Expresses Concerns Over Terror Threats Amid Ongoing Security Concerns
25845,"Even more executives come forward to defend LGBT rights, because corporations are so progressive.",Corporate Executives Defend LGBT Rights Amid Public Scrutiny
3429,white castle crave case handcuffed to wrist,White Castle Crave Case Features Handcuffed Crave Box
12420,trump boys proud after mailing in hand-drawn republican ballots to north pole,Trump Brothers Mail Hand-Drawn Republican Ballots to North Pole
21089,"OMG, Duchess of Cambridge on Vogue cover, because royal fashion is crucial news",Duchess of Cambridge Covers Vogue Magazine
21245,"Moving forward from Charlottesville: just a casual, nationwide pivot away from literal fascism. No biggie.",Charlottesville Unrest Highlights Growing National Tensions Over Racial and Political Polarization
11667,yeti releases abdominable crunch workout video,Yeti Launches New Abdominable Crunch Workout Video
24139,Kids changed you forever? Like that time they drew on the walls with permanent marker.,Parents Reflect on How Children's Messes Shape Parental Attitudes
19494,Is Failure Not an Option in the Iran Deal? Seriously?,Iranian Officials Reaffirm Commitment to Nuclear Disarmament
4934,woman assaulted by celebrity just needs to sit tight for 40 years until dozens more women corroborate story,Woman Claims Celebrity Assaulted Her
20717,Cultural exchange with Russia during frost? Great timing.,U.S. Officials Discuss Diplomatic Relations With Russia
26788,"Is the media selling or telling in Gaza's war? A question with a clear, unbiased answer.",Gaza Conflict Highlights Media Bias in Reporting on Conflict
1197,"singer cites girlfriend as reason he lives, dies, breaks down, cries",Singer Cites Girlfriend as Reason for Emotional Breakdowns
21190,Photographer Creates 'Awesomely Surreal' Pics of His Son: Because Normal Childhood Photos Are So Boring,Father Takes Son on Family Vacation to Capture Unconventional Childhood Photos
18624,3 simple tai chi moves to erase all holiday family drama—guaranteed or your money back.,Local Man Offers Holiday Family Drama Erasers With Tai Chi Moves
811,cherokee nation leader announces 32 red a winner,Cherokee Nation Leader Announces Winner of Red Ribbon Competition
583,sessions vows to protect all deeply held religious bigotry,Attorney General Jeff Sessions Vows to Defend Religious Freedom of Americans
7090,paul ryan slits auto mechanic's throat to kick off gop purge of working class,Paul Ryan's Political Agenda and Economic Policies Draw Criticism From Working-Class Voters
27668,nation exhibits strange preoccupation with manner in which food is processed,Americans Express Concern Over Food Safety and Labeling
16234,How two parents 'home-schooled' their kids by shackling them. Innovative parenting at its finest.,Two Parents Home-School Their Children
11940,report: you're far too dumb to be reading the mueller report yourself,Special Counsel Robert Mueller Releases Report on Russian Election Interference
7107,concerned text from mom ​gleefully ​mocked like ramblings of village idiot,Mother's Concerned Text Mocked by Family Members
1050,report: much of u.s. still underpaved,Report Highlights Widespread Pothole and Poor Road Conditions Across U.S.
2926,self-defense instructor keeps a couple of secrets to himself,Self-Defense Instructor Maintains Confidentiality Regarding Student Safety Concerns
28078,man born to party dies partying,Local Man Dies After Drinking Excessive Amount of Alcohol
4053,small town beginning to wonder what taking heroin epidemic so long to get there,Small Town Struggles With Ongoing Heroin Epidemic
189,area throat-clearer to go see movie,Local Man Plans to Attend Movie After Throat-Clearing Session
21693,"Texas deputy victim of 'cold-blooded' gas station attack, because who needs safety when refueling?",Texas Deputy Shot in Gas Station Attack
5075,campaign adviser recommends throwing old blanket over romney for debates,Romney Campaign Adviser Recommends Using Old Blanket for Debate
28123,Check out these exhausted Olympians at the end of the decathlon. They look fresh.,Olympic Decathlon Athletes Finish Event
21730,"HuffPost Rise: Your essential guide for February 15, a date that changes everything.",HuffPost Launches New Website
3731,nation's ivy leaguers share hearty laugh that dartmouth grad thinks she can talk shit on anyone,Ivy League Grad Shares Laughter With Fellow Students
26160,"This year's flu season is so apocalyptic, it's already RSVPing to your funeral.",CDC Warns of Severe Flu Season Ahead
18468,"Pope to address Congress on morality, they'll listen intently.",Pope John Paul II Addresses Congress on Moral Issues
18388,Arizona Republicans want to prosecute protesters like terrorists – peaceful protest is so violent.,Arizona Republicans Criticize Protesters for Violence
26118,41 photos of presidential pets over time? The ultimate historical document for pet lovers.,Satirical Article Mocks Presidential Pet Photos With Fictional Collection
5385,white house graciously accepts saudi prince's thank-you gift of severed yemeni head,White House Accepts Saudi Prince's Gift of Yemeni Head
24415,Revenge via Snapchat? Because nothing says justice like filtered selfies.,Snapchat Users Share Self-Deprecating Photos to Mock Victims
21268,Will robotics breed a new generation of super professionals? Or just a new generation of unemployed philosophers?,Robotics Industry Faces Criticism Over Job Displacement and Lack of Career Advancement Opportunities
5218,world's oldest woman just pleased every other human on earth when she was born now dead,"World's Oldest Woman, Agnes Denat, Dies at 116"
24299,"Scientists reveal the secret to charisma: be yourself, smile, and don't be boring—revolutionary.",Researchers Suggest Authenticity and Confidence Are Key to Charisma
1521,supreme court justices brought to tears by heartfelt testimony of bigot who hates gay people,Supreme Court Justice John Paul Stevens Testifies Before Congress
24026,Mnuchin touts Trump's call for unconstitutional veto – democracy is so last season.,Mnuchin Defends Trump's Executive Actions Amid Constitutional Concerns
14390,"Scott Walker works wonders on job numbers, unemployment vanishes magically.",Scott Walker's Economic Policies and Job Creation Record
17318,Firefighters are overjoyed to rescue a dozen police officers from an elevator – thank goodness for that break from doughnut duty.,Police Officers Rescued From Elevator During Fire
23280,"Oh, let's all be thrilled to learn how 'Serial' was made, because who doesn't love endless true crime podcasts?",Serial's Success Highlights Growing Public Interest in True Crime Podcasts
16041,Oops: hot mic catches Al Roker going to the bathroom – the scandal of the century!,Al Roker Accidentally Goes to Bathroom During Live Broadcast
22771,"A new joint message from the Kremlin and Trump admin – the dynamic duo of democracy, I'm sure.",Kremlin and Trump Administration Maintain Diplomatic Ties Despite Political Differences
16038,"My battle with depression and anxiety: it's not so bad, really.",Local Man Shares Personal Struggles With Depression and Anxiety
19828,"Gene Simmons, the epitome of rock 'n' roll, tells aspiring musicians to abandon dreams and get a real job. Rock on!",Gene Simmons Offers Advice to Aspiring Musicians
24073,"Whiteness History Month causes controversy? I'm shocked, because history months are always so unifying.",Whiteness History Month Sparks Debate Over Representation and Cultural Sensitivity
17297,McDonald's uses bachata princess to target Hispanics – because nothing says 'authentic' like corporate music.,McDonald's Launches Marketing Campaign Featuring Bachata Princess to Target Hispanic Consumers
20166,"A 'Married... with Children' spinoff is happening, finally bringing quality television back.",Fox Announces 'Married... With Children' Spinoff Series
20249,"Chronic stress creates hormonal havoc: just a little stress, no big impact on health.",Chronic Stress Linked to Hormonal Imbalance and Health Risks
13433,"Voting in Myanmar's first free election in 25 years, let's see if it's actually free this time.",Myanmar Holds First Free Elections in 25 Years
24884,A baby and a dog sit for photos monthly for two years. This isn't adorable; this is a commitment to content farming of epic proportions.,Local Couple Consistently Posts Photoshopped Images of Baby and Dog on Social Media
14493,"Well, that protest really brought people together, didn't it?",Protesters Rally in Support of LGBTQ+ Rights
27174,"When Trump goes low, Latinos go high – except when they're being deported, then they're just trying to survive.",Trump's Immigration Policies Draw Criticism From Latino Communities
21681,Lisa Bloom planned to discredit accusers: defending the indefensible since forever,Lisa Bloom Defends Accusers Amid Sexual Harassment Allegations
17698,Melania Trump mocked for teaching kids digital responsibility? She's clearly the moral compass we all need.,Melania Trump's Role in Teaching Children Digital Responsibility Draws Criticism
7618,third knocked-over glass of water makes man want to give up,Local Man Overwhelmed by Daily Water Bottle Overload
2189,gop convention to feature strong lineup of conservative women listeners,GOP Convention to Feature Strong Lineup of Conservative Women Attendees
19947,Protesters swarm ICE HQ after raids – because what better way to solve immigration issues than with more enforcement?,Immigration Enforcement Raids Draw Large Protests
17974,Trusting in grace? In this economy? How quaint.,Economic Hardship and Financial Stress Rise Amid Global Recession
24618,One local election will definitively reshape the entire political cosmos for the GOP. No exaggeration here.,GOP Candidates Compete for Control of House of Representatives
11053,fourth-grade teacher polishing up speech on this not being third grade anymore,Fourth-Grade Teacher Prepares Speech for Class
22600,"Betsy DeVos, the epitome of clarity, struggles to explain her own rules.",Education Secretary Betsy DeVos Faces Criticism Over Implementation of School Choice Policies
25566,"Delta Airlines celebrates first black female captain, tokenism much?",Delta Airlines Announces First Female Captain
2724,"gm workers strike for 2,000-peso raise",GM Workers Strike Over Wage Increase
8464,angelina jolie stuns in first rollerblading competition since double mastectomy,Angelina Jolie Participates in Rollerblading Competition
1247,fashion industry pretends to care about plus-size models,Fashion Industry Criticized for Lack of Representation and Inclusivity
8958,clinton campaign airlifts 200 crates of volunteers to wisconsin headquarters,Clinton Campaign Airlifts Volunteers to Wisconsin Headquarters
6001,henry rollins laboriously explains why buying organic is punk rock,Henry Rollins Discusses Organic Food and Health at Portland Food Festival
5004,ryan zinke calls for legislation to slow down destruction of wildlife so he can truly savor every minute of it,Ryan Zinke Calls for Legislation to Protect Wildlife
4417,bertolli packaging promises empty ravioli floating in filling-saturated water in just 5 minutes,Bertolli Packaging Features Ravioli Floating in Water
16039,Caitlyn Jenner gets candid with Diane Sawyer again – because the world needs more celebrity confessions.,Caitlyn Jenner Discusses Personal Life and Career With Diane Sawyer
3705,republicans give in right before obamacare would have been repealed,Republicans Fail to Pass Healthcare Repeal Bill
11361,fbi releases list of criminals it in no particular rush to track down,FBI Releases List of Suspects in Major Federal Crimes
15654,"HuffPollster: Republican women really don't like Trump: They're mildly uncomfortable, but hey, party loyalty comes first, right?",HuffPollster: Republican Women Report Mild Discomfort With Trump's Policies
17809,Sharing dreams is important? To your Instagram followers?,Instagram Users Share Personal Dreams to Attract Followers
12559,desperate u.s. colleges weigh emergency bob marley legend ban,U.S. Colleges Face Criticism Over Bob Marley's Legacy and Cultural Appropriation
12581,peter strzok summoned before congress again for texts calling trey gowdy 'a pissy little shithead',Peter Strzok Testifies Before Congress Regarding FBI Texts Regarding NFL Player Trey Gowdy
11005,$5 million bounty placed on recession,Bureau of Labor Statistics Reports Declining U.S. Economic Growth
1785,mass grave blasted for lack of diversity,Mass Grave Found in Rural Pennsylvania
12040,"new york family man latest victim of nation's misguided war on tax evasion, perjury, campaign finance violations",New York Family Faces Tax Evasion Charges
27033,"Election cycle so terrifying, haunted houses now include voter fraud simulations",Voter Fraud Concerns Rise as Election Season Approaches
23502,"Donors giving to Orlando victims' fund at a record rate—because in times of tragedy, generosity always shines through... right?",Donations to Orlando Victims' Fund Surge Following Mass Shooting
9808,"papal apartments found filled with old newspapers, empty pill bottles, mangy cats",Papal Apartments Found to Be Overcrowded and Unsanitary
26740,Kids sue government over climate change: since when do children have rights?,Children Sue Government Over Climate Change
15491,"Texas leads the abortion限制 charge, a shining model for the nation.",Texas Leads National Trend in Restrictive Abortion Laws
16607,Kate Middleton battles a disease that leaves you feeling lost and alone—because royalty isn't all glamour.,Kate Middleton Faces Challenges of Royal Life
18548,A flawless display of harmony that makes every divorced family feel inadequate and inspired.,Divorced Families Report Increased Motivation and Productivity After Separation
3102,job placement service helps students who fail out of dad's alma mater find work at dad's company,Job Placement Service Helps Students Find Employment at Local Companies
20224,"Schock faces scrutiny nationwide, but his home district is just bursting with pride for their scandal-prone rep.",Rep. John Schock Faces Scrutiny Over Alleged Misconduct
19408,"The worst place for a child? Anywhere without Wi-Fi, obviously.",Parents Express Concerns Over Children's Exposure to Screen Time
4720,'what if no one travels anywhere ever again?' wonders panicked transportation secretary,Transportation Secretary Announces Plan to Reduce U.S. Travel
4516,john kerry actually pretty good at windsurfing now,John Kerry Windsurfing
15593,"Diabetes rates may be leveling off, so we can all breathe easy now.",Diabetes Rates Remain High Despite Advances in Treatment and Prevention
8503,who's this little guy?,Local Man Photographs Small Dog in Park
16965,Discover the 5 napping myths you've fallen for – because who doesn't love a good nap-scare?,Satirical Article Mocks Common Napping Myths With Fictional Scare Tactics
865,mom thinks you'd enjoy restaurant she can't remember name of right now,Mother Recommends Restaurant to Teenage Son
407,tank rolls by living room window,Tank Rolls By House Window
658,37 separate aneurysms on verge of rupturing inside reince priebus' brain,Reince Priebus Faces Criticism Over Handling of White House Staff
25693,"Amazon shelves the series before it begins, because why take risks on sci-fi?",Amazon Shelves 'The Expanse' Series Before It Begins
16697,"This country's capital just made it punishable to catcall women – finally, a law against 'compliments'.",Satirical Article Critiques Sexual Harassment Laws in the United States
22641,"Channing Tatum teases Gambit with vague hype – because we all trust superhero movie promises, right?",Channing Tatum Promotes Gambit in New Trailer
4163,woman digs excitedly into ingrown hair around bikini line like grave robber pillaging spoils of the dead,Woman Removes Ingrown Hair Using Tweezers
19032,Inclusion riders for all films: Affleck and Damon's fix for Hollywood,Ben Affleck and Matt Damon Discuss Inclusion Riders in Hollywood
12543,gallant amazon user heroically defends 'fringe' season 2 box set from negative reviewers,Amazon User Defends Fringe Season 2 Box Set Despite Negative Reviews
21477,"Matt Bomer, Zachary Quinto prep 'Boys in the Band' for Broadway. Another reboot, how original.",Matt Bomer and Zachary Quinto to Star in Broadway Revival of 'Boys in the Band'
10064,bush dies peacefully in his sleep,President George H.W. Bush Dies in Texas
3900,thursday cry moved up to wednesday due to scheduling conflict,Local Man Moves Thursday's Cry to Wednesday Due to Scheduling Conflict
1726,brad pitt bored with sight of jennifer aniston's naked body,Brad Pitt and Jennifer Aniston Reportedly Have Different Views on Celebrity Body Types
4195,deadlocked supreme court: 'someone's voting twice',Supreme Court Deadlocks on Key Cases
12558,mark zuckerberg defends decision to fly confederate flag at facebook headquarters,Facebook CEO Mark Zuckerberg Defends Confederate Flag Display at Headquarters
4601,new pepsi negative-220 burns twice the calories it contains,Pepsi Launches New Negative-220 Energy Drink
12650,nra criticizes video game makers for downplaying portrayal of euphoric rush felt watching light leave enemy's eyes,NRA Criticizes Video Game Violence
2445,flea market vendor could possibly let unidentifiable lump go for $15,Flea Market Vendor Offers Unidentified Item for $15
24997,Plane diverted because Ebola virus reclined its seat—the ultimate in in-flight terror.,Ebola Outbreak in West Africa Raises Concerns Over Air Travel
4740,fox cancels apatow's 40-year-old virgin,Fox Cancels Apatow's 40-Year-Old Virgin
15784,White House creates more problems – innovative problem-making at its finest.,White House Officials Face Criticism Over Ineffective Policy Implementation
14275,Twitter bad for language? Study says no—because emojis and hashtags are the height of eloquence.,Study Finds Twitter Users Frequently Use Emojis and Hashtags to Express Emotions
7135,kids in bus accident mocked by kids in passing bus,Bus Accident Leaves Two Children Injured
21580,"Bill de Blasio, Adam Smith and the living wage movement, proving that economic theories are best discussed over coffee.",Bill de Blasio and Adam Smith Discuss Economic Theories Over Coffee
20886,"Police arrest suspects in Brazil—a rare feat, considering the usual chaos.",Brazilian Police Arrest Suspects in Rio de Janeiro
18789,Collective impact? As if communities can work together.,Local Residents Express Skepticism Over Community Efforts to Address Ongoing Issues
24689,"Cooking off the cuff: mushrooms make the meatloaf (duck doesn't hurt either), because why use one expensive, unusual protein when you can use two?",Local Chef Combines Mushrooms and Duck in Meatloaf Recipe
11826,pete buttigieg releases comprehensive list of fun personality quirks to include in articles about him,Pete Buttigieg Releases Personal Profile to Enhance Media Coverage
7764,every picture on man's tinder clearly from same event where he dressed up,Local Man's Tinder Profile Features Photos of Same Event
17825,Top 10 workout songs: because nothing boosts your cardio like a carefully curated Spotify playlist.,Spotify Users Share Top Workout Songs for Cardio Fitness
24948,"Earth without the moon: darker nights, no tides, werewolves jobless.",Satirical Article Imagines Earth Without the Moon
17840,"Reply all email creates havoc: a digital tsunami that drowns Case Western students in pure, unadulterated spam.",Reply All Email Floods Case Western Reserve University Students
17756,Sikh student shot dead: just another Tuesday in America.,"Sikh Student Killed in Shooting at University of California, Berkeley"
7296,court takes custody of harley from unfit motorcycle mama,Court Takes Custody of Harley from Unfit Motorcycle Mother
3312,guinea pig returned for store credit,Customer Returns Guinea Pig to Pet Store for Credit
11657,engineers still unable to produce styrofoam cup without little center nub sticking out from bottom,Engineers Investigate Why Styrofoam Cups Often Have Center Nubs
7563,actor-comedian pauly shore bad at 32,Pauly Shore Turns 32
19,mom keeps sending newspaper clippings about former classmates who have been murdered,Mother Sends Newspaper Clippings About Classmates Who Died in Murder Cases
2617,new archie graphic novel explores rich inner life of jughead,New Archie Comics Graphic Novel Explores Jughead's Inner Life
8389,"cow ted cruz milking in wisconsin photo op only giving curdled, foul liquid",Ted Cruz Campaigns in Wisconsin
24431,"Christophe Michalak: pastry superhero, saving the world one dessert at a time.",French Pastry Chef Christophe Michalak
23699,Coming Soon: A New 'Fraggle Rock' Movie: A Truly Groundbreaking and Necessary Piece of Modern Cinema,"Fraggle Rock Movie Announced, Scheduled for Release in 2024"
3320,enormous grace slick threatens california coastline,California Coastline Features Numerous Secluded Beaches
15973,Laser strikes soar: pilots must love the light show.,Satirical Article Imagines Fictional Laser Strike Scene
12347,police say conditions too nippy to rescue missing hiker,Police Report Missing Hiker in Remote Wilderness Area
13516,19 women react to Girls' finale—as if the world needed more opinions on TV.,19 Women React to Girls' Finale
18875,"Burger King has officially revoked its citizenship in a bold, totally normal, and not-at-all-stunt-like move. The culinary world trembles.",Burger King Revokes Citizenship
1529,senate rejects pipeline plan that would have created thousands of climate activist jobs,Senate Rejects Pipeline Plan to Create Thousands of Jobs
23788,Sign of the times: local governments restrict signs—because free speech is too messy.,Local Governments Restrict Signs to Maintain Public Order
18600,David Duchovny reveals groundbreaking secrets about the 'X-Files' miniseries that no one asked for.,David Duchovny Discusses His Role in The X-Files Miniseries
14,naacp demands less minority representation on upn,NAACP Demands Greater Diversity on UPN
25898,Superintendent calls dress code violators 'skanks' – educational excellence at its finest.,Superintendent Addresses Dress Code Violations at School
4499,moron stepfather takes care of child who doesn't have his genetic material,Father Takes Care of Child Without Biological Parent
6369,trump postpones grand opening of trump tower moscow until fuss over bombshell report dies down,Trump Tower Moscow Grand Opening Postponed Until After Election
26576,"Chemistry lessons for leaders: mix policies like chemicals, what could fail",Leadership Experts Recommend Strategic Policy Mixes to Achieve Success
11217,rnc: 'we warned you gay marriage would be a slippery slope toward accepting pedophilia',"RNC Condemns Same-Sex Marriage, Calls It 'Slippery Slope'"
21765,Queer couple discovers 'power of family'? How surprisingly traditional and mundane.,Queer Couple Celebrates 10th Anniversary With Family
28065,benadryl introduces new non-drowsy allergy dart,Benadryl Introduces New Non-Drowsy Allergy Relief Product
25249,U.S. fears Russia ramping up support for Assad – because international relations are just a game of whack-a-mole.,U.S. Officials Express Concerns Over Russia's Military Support for Syrian President Assad
25504,Shocking that a Trump pick has Koch ties. Who could have predicted?,Trump Picks Koch Brothers for Key Cabinet Positions
16288,"School aide creatively serves pet treats as cookies, students none the wiser.",School Aide Bakes Cookies for Students
9647,man worried harassing messages he sending on dating app getting lost among abuse from other guys,Man Expresses Frustration Over Dating App Messages Being Overlooked Amid Abusive Messages From Other Users
3268,crocodile bites off bush's arm,Bush Attends White House Press Conference
13340,"Holiday dressing: reuse clothes, because fashion is overrated.",Local Woman Reuses Holiday Outfits to Save Money
9636,"worthless dog can't talk, drive, solve crimes",Local Dog Struggles With Basic Daily Needs
21975,"Your money or your life: the classic dilemma, now with modern inflation",Inflation and Economic Uncertainty Prompt Financial Dilemmas for Americans
3442,archangels already sick of cardinal o'connor telling them how they do it in new york,Cardinal O'Connor Criticized for Overly Promotional Remarks About New York
6655,coworker retreats to remote corner of office to complete disgusting food order,Coworkers Report Disgust Over Office Food Options
14203,"White House lawyer insists Trump won't fire Mueller – and we all believe that, don't we?",White House Lawyer Defends Trump Against Mueller's Investigation
12152,former chinese dissident has your order ready,Former Chinese Dissident Orders Food at Local Restaurant
16839,"Great, because a concert will fix everything, right?",Local Man Plans Concert to Address Personal Issues
23512,Bernie Sanders tells Donald Trump: stop talking about Bill Clinton's sex life—because Trump is the epitome of discretion.,Bernie Sanders Criticizes Donald Trump's Sexual Misconduct Allegations
7341,beauty industry exec keeps photo of crying 15-year-old girl on desk to remind himself why he does this,Beauty Industry Executives Frequently Use Photoshopped Images to Motivate Employees
23357,Grassroots activists are solving the addiction crisis – because that's worked so well.,Grassroots Activists Advocate for Comprehensive Addiction Treatment
27081,Obama Eats Shave Ice in Hawaii: A Relaxing Start to the Year,Obama Visits Hawaii to Relax and Recharge
21993,Ashley Benson is giving us 'Baywatch' vibes – because we needed more reasons to obsess over celebrities.,Ashley Benson's Beachy Blonde Hair and Outfit Make Her Baywatch-Inspired Look
23946,"Mindfulness as body armor? Because meditation stops bullets, right?",Study Finds Meditation Does Not Protect Against Gun Violence
25419,"Midlife sex: it's okay, nothing to write home about.",Midlife Sexual Satisfaction Remains High for Many Americans
19406,Senate amendment to 'dramatically improve' heroin treatment – about time they noticed.,Senate Passes Legislation to Improve U.S. Drug Treatment and Rehabilitation
22159,7 Trump presidency fashion must-haves: blend in with the swamp.,Trump's Fashion Style Draws Criticism From Critics
16439,"Two thumbs down on air nonsense, because vague criticisms are the pinnacle of insightful review.",Critics Praise New Television Series for Its Nuanced Storytelling and Well-Developed Characters
10162,literary study finds all modern narratives derived from classic 'alien vs. predator' conflict,Study Finds Modern Fictional Narratives Drawn From Classic 'Alien vs. Predator' Conflict
21039,The conundrum of the midterms: choosing between two piles of garbage.,Midterm Elections Bring Uncertainty and Uncertainty Over Political Candidates
26036,Antoni Porowski strips for Hanes: underwear ads just got Queer Eye.,Antoni Porowski Strips for Hanes in New Underwear Ad Campaign
3558,ghost of carl sagan warns against dangers of superstition,Carl Sagan's Legacy Lives On Through Science and Critical Thinking
22697,$13 bacon cheeseburger-stuffed donut: the culinary innovation that will change breakfast forever!,Local Man Eats $13 Bacon Cheeseburger-Stuffed Donut
5640,new don blankenship campaign ad touts jobs created in wake of upper big branch mining disaster,Don Blankenship Campaign Ad Highlights Jobs Created by Upper Big Branch Mine Disaster
9119,vocalist leaves journey tribute band over creative differences,Vocalist Leaves Journey Tribute Band After Creative Differences
8004,authorities say dozens of bystanders failed to act as man went about his life,Man Dies in Fatal Car Crash in New York City
16589,Serena Williams: 'Doctors aren't listening' so black women are dying—but sports commentary is more important.,Serena Williams Discusses Health Concerns and Racial Disparities in Sports Commentary
16467,Southwest's 'True North' means never getting lost... or maybe just cheaper flights.,Southwest Airlines Launches New 'True North' Route Strategy to Compete with Low-Cost Carriers
27712,candidates preparing for colorado debate conditions with high-altitude speaking drills,Colorado Candidates Prepare for Presidential Debate
16760,Giants release player over abuse? NFL's moral compass is so reliable.,Giants Release Player for Domestic Violence
9125,bush vows to put man on moon before it disappears at end of month,President Bush Vows to Return Man to Moon Before It Disappears
7704,shakira just not feeling up to jiggling ass today,Shakira Performs on Stage
7663,authorities say country still an active shooter situation,Authorities Warn of Ongoing Threat of Active Shootings in the United States
25849,"Billy Eichner comedy special heading to Netflix, finally some entertainment.",Billy Eichner to Star in Netflix Comedy Special
3653,"nation dutifully gets in cars, stands in line, watches new star wars movie",American Public Attends Star Wars Film Premiere
25816,Andy Mientus: A Broadway and TV star you may have vaguely heard of,Andy Mientus Performs in Broadway Show
28393,millions of people prince william would never deign to speak to captivated by royal wedding,Royal Wedding Coverage Draws Large Audience
21102,"Even Bush's environment chief calls Trump's energy plan bonkers – when your环保 chief thinks you're nuts, you might be nuts.",Trump Administration Faces Criticism Over Environmental Policies
23833,"Reporter confronts racist, who learns a valuable lesson, no doubt.",Local Man Confronts Racist Stranger After Accusations of Racism
3795,satellite frantically trying to bounce signal to swearing man's phone,Satirical Article Depicts Satellite Struggling To Reach Cell Phone
25928,Genius inventions for napping anywhere? The pinnacle of human innovation.,Satirical Article Critiques Modern Lifestyle Inefficiencies and Napping Habits
4959,hillary clinton threatened by black man,Satirical Article Depicts Hillary Clinton Being Threatened by Black Man
20397,Rubio's path is smooth as butter. This 'rocky road' metaphor is spot on.,Rubio's Restaurant Chain Known for Smooth Service and Friendly Staff
26562,"Gender equality will change everyone's lives, especially privileged men",Satirical Article Mocks Traditional Views on Gender Equality
2918,historical archives: popular hymns heard sung of late.,Historical Hymns Remain Widely Used in Contemporary Worship Services
5499,siblings playing tense game of chicken to decide who going to care for mom,Siblings Discuss Care Options for Elderly Mother
23687,Larry Kudlow 'Leaning' Toward Senate Run in Connecticut: Exactly What Our Economic Policy Needs—More TV Pundits,Larry Kudlow Endorses Connecticut Senate Race
28539,"Hillary Clinton is incredibly tough on Wall Street, if you count taking their money as a sign of strength.",Hillary Clinton Criticized for Taking Campaign Contributions From Wall Street
10731,man on gurney has brief word with protagonist before entering ambulance,Man Dies in Ambulance After Brief Conversation With Driver
8334,voter dreading being sent over to visibly stupid poll worker,Voters Express Frustration Over Poll Worker Behavior
4329,greyhound now offering direct service from kansas to l.a. porn director's driveway,Greyhound Bus Service Between Kansas and Los Angeles
4375,sun dreading rising today,Sun rises over the horizon
17628,Test-driven teacher evaluations strike out—because nothing improves education like more testing.,Teachers Criticized for Overemphasis on Standardized Testing
4727,mexicans sweeping the nation,Mexican Immigration and Labor Trends in the United States
27605,"Erick Erickson, noted sexist, slams Donald Trump for being sexist: the pot calling the kettle black.",Erickson Criticizes Trump's Remarks on Women
24127,HuffPost Rise: your daily dose of indispensable news you can't live without.,HuffPost Launches New Daily News Service
8534,heartless monster walks out of local small business without buying anything,Local Man Visits Small Business Without Purchasing Anything
26697,Josef Koudelka's enigmatic art: where every photo leaves you puzzled.,Josef Koudelka's Artwork Frequently Leaves Viewers Puzzled
13352,"Finally, a remake of 'Hocus Pocus' that no one asked for. Because who needs original ideas?",Disney Announces Hocus Pocus Remake
242,chinese citizens observe 25-year moment of silence for tiananmen square massacre,Chinese Citizens Mark 25th Anniversary of Tiananmen Square Massacre
8545,popular new exercise app just tells users they ran 5 miles a day no matter what,New Fitness App Prompts Users to Log Daily Mileage
8129,thick sweater no match for determined nipples,Local Woman Wears Thick Sweater to Work Despite Cold Temperatures
6013,apple announces new iphone with n-word on back knowing customers will buy it anyway,Apple Announces New iPhone With N-Word on Back
11225,that cheesecake sitting on the table: what if it accidentally fell into your mouth?,Cheesecake Left on Table
17130,Tyra Banks brings tears to teen designer's eyes with this so-called heartwarming surprise,Tyra Banks Performs at Teen Designer's Fashion Show
5690,lazy event planner throws 'bags of ice'–themed party,Event Planner Organizes Ice-Themed Party for Corporate Event
9504,another fond childhood memory destroyed,Local Man Reflects on Childhood Memories of Family Vacation
11251,quick scan of room confirms area man once again sweatiest person present,Local Man Sweats Profusely During Office Meeting
23473,Dustin Lance Black praises Hollywood's accurate depiction of trans actors,Dustin Lance Black Praises Hollywood's Growing Representation of Trans Actors
7039,'game of thrones' actors reveal reading script for zombie battle and realizing they wasted careers,Game of Thrones Cast Rehearses Script for Zombie Battle Scene
21100,A new kind of Valentine's Day – because the old ways of commercialized romance weren't enough.,Satirical Article Critiques Commercialization of Valentine's Day
12726,hire of local moron gives nation hope for employment,Local Man Hired for Administrative Position
20562,5 reasons to let your mind wander? Like we need an excuse to daydream at work.,Employee Daydreams at Work
4785,"handlers constantly reminding gingrich to stay on uninspiring, belittling message",Gingrich Faces Criticism for Lackluster Campaign Messages
7401,woman always gets best ideas while taking shower with two jacked dudes,Local Woman Claims Showering With Two Men Leads to Creative Ideas
20893,"Argentina: where losing is a national pastime, and everyone's a sore loser.",Argentina's National Sports Culture Emphasizes Winning and Losing
4535,struggling us airways introduces $100 million bomb fee,US Airways Faces Financial Struggles Amid Declining Passenger Numbers
12616,creative asterisk makes reader unaware of word 'fuck',Satirical Article Features Fictional 'F*ck' Asterisk
12050,clinton vetoes 'stab clinton' bill,President Clinton Vetoes Bill to Protect National Security
19212,Why say 'at the end of the day'? Is timekeeping that hard?,Local Man Criticizes Overuse of 'At the End of the Day' in Workplace Communication
1729,owner of cheap motel fixes sign to flicker just right,Motel Owner Adjusts Sign to Improve Visibility
13439,"Gorsuch will get his big payback, just like Thomas, justice is a pay-to-play game.",Supreme Court Justice Antonin Scalia Dies
12785,rumsfeld: 'my half-assed job here is done',Rumsfeld Announces Retirement From Defense Secretary Position
9464,sounds of air hockey coming from supreme court chambers,Supreme Court Chamber Sounds Like Air Hockey
3594,historians reveal thousands of immigrants were forced to change hairstyle at ellis island,Historians Discuss Immigration Patterns at Ellis Island
13420,"Kris Jenner turned up for drunken Valentine's karaoke, setting the bar high for family gatherings.",Kris Jenner Performs at Family Valentine's Day Dinner
27279,Texas schools innovate: storing food instead of trashing it.,Texas Schools Implement Food Recycling Programs to Reduce Waste
11133,historians uncover lost socrates dialogues where he just gave up and started screaming that opponent a fucking brainwashed shill,Historians Uncover Lost Socrates Dialogues
11362,bashful terrorists won't take credit for attack,Terrorist Group Claims Responsibility for Bombing in New York City
2326,"sadly, gift certificate to loews cinemas perfect gift for area man",Local Man Purchases Gift Certificate to Loews Cinemas
21276,F.A.S.T. Thinking Saved Lane's Mom: Just Another Day Being a Hero,Mother of 8 Shares Her Daily Routine With Daughter
17109,Ten infallible rules for startup ideas that guarantee you'll be the next billionaire by lunchtime.,Startup Experts Offer Advice on Successful Business Ideas
7691,youngest sibling in family kind of thought mom would lose steam by now,Younger Sibling Expresses Concerns About Mother's Exhaustion
6233,woman with amazing rack told she has beautiful eyes,Local Woman Receives Compliments on Physical Appearance
24060,"Oh, because nothing says 'beautiful' like being stranded and alone.",Man Stranded in Wilderness After Car Breakdown
6205,traveler amazed by sheer number of mexicans,Tourist Visits Mexico City
22494,Mattress with 40k reviews is $200 off – buy now before you miss out on this once-in-a-lifetime deal!,"Mattress With 40,000 Reviews Available for $200 Off"
14859,Paul Ryan endorses Trump's order but laments the chaos he endorsed,Paul Ryan Endorses Donald Trump's Presidential Campaign
4823,avoiding popular songs somehow accomplishment for local man,Local Man Avoids Popular Songs to Maintain Personal Distinction
10802,"good cop, avid-stamp-collector cop routine not working",Police Officer Struggles to Maintain Routine in High-Stress Job
27602,Paul Manafort apparently thinks misleading a federal judge is worth a sunny vacation in Florida.,Paul Manafort Faces Federal Charges for Misleading Judge
22576,"A blue fuzzy fighter stole the spotlight before Mayweather-McGregor fight. Clearly, the real battle was against fashion sense.",Blue Fuzzy Fighter Stands Out in Crowd at Mayweather-McGregor Fight
26935,Josh Earnest's briefing: the most disastrous event in WH history,White House Press Secretary Josh Earnest Delivers Briefing on State of the Union Address
6542,"experimental anti-aging treatment still has few kinks, report infant researchers",Researchers Investigate New Anti-Aging Treatment
13535,"What's working to reduce obesity? Nothing, apparently—thanks for asking.",Experts Highlight Lack of Effective Obesity Reduction Strategies
6571,wild-eyed marco rubio embarks in rowboat to help venezuela coup effort,Marco Rubio Criticizes Venezuela's Political Instability
2414,tumbleweed of pubes rolls through desolate dorm bathroom,Student Finds Unwanted Pubic Hair in Dorm Bathroom
4206,report: countless invasive species detained in epa black sites,EPA Report Highlights Concerns Over Unregulated Wildlife Trafficking
2661,secret service not sure if that suit of armor was in oval office yesterday,Oval Office Security Briefing Notes Detail Secret Service Response to Potential Threat
7680,mom's christmas stocking noticeably less full,Mother's Christmas Stocking Contains Fewer Gifts Than Previous Year
12026,chinese tv show canceled after drawing only 180 million viewers,Chinese Television Network Cancels Popular Drama Series After Low Ratings
28274,krispy kreme doughnuts described to sioux city relatives,Sioux City Relatives Visit Krispy Kreme Store
11399,last person to voluntarily write essay dies,Local Man Dies After Writing Essay
25876,"Obama cracks down on payday lenders—predatory loans now feel slightly guilty, problem solved",Obama Administration Takes Steps to Regulate Payday Lenders
12525,tragic oscar-night camera malfunction leaves seven critically underpublicized,Oscar Night Camera Malfunction Leaves Seven Films Unseen
9268,report: authorities recommend the film 'you've got mail' for those snowed in today,Satirical Article Mocks Winter Weather Disruptions With Fictional Movie Recommendation
326,trump mocks christine blasey ford for forgetting basic facts about a woman's place,Trump Criticizes Christine Blasey Ford's Testimony During Supreme Court Confirmation Hearing
22283,Coffee pouring puzzle: the deepest philosophical dilemma since 'is the fridge light on?',Local Man Struggles With Simple Coffee Pouring Puzzle
22728,Clint Dempsey discusses the immense pressure of playing soccer—world-changing stuff.,Clint Dempsey Discusses the Pressure of Playing Professional Soccer
25328,UT Austin stabbing: minor incident with one fatality.,UT Austin Student Dies in Stabbing Incident
8336,"study: only 40% of mice have little welcome mat, doorway leading to tiny home inside wall",Study Finds Only 40% of Mice Live in Tiny Homes Inside Walls
18908,Three Jews visit Scandinavia? And this is news because...?,Three Jewish Tourists Visit Scandinavia
3160,son of edward r. murrow says father 'real dirtbag' compared to onion reporters,Son of Edward R. Murrow Criticizes Father's Journalism Legacy
23916,News Roundup: Mildly interesting tidbits from a day like any other.,Local Man Shares Daily Life Updates on Social Media
1708,'aryan notions' opens sixth berlin location,Aryan Notions Opens Sixth Location in Berlin
5710,democratic scouts head to tampa to get closer look at mitt romney,Democratic Party Scouts Attend Mitt Romney Campaign Events in Tampa
11989,book about michael jackson available for purchase,Book About Michael Jackson Released
1756,man who can't get enough mucus enjoying winter season,Local Man Enjoying Winter Season
21070,"15 hot guys supporting Bernie to make you #feelthebern, because policies are overrated",Bernie Sanders Supporters Rally in Support of Democratic Presidential Candidate
10449,man betrays his heart by telling friend he can have last dumpling,Local Man Offers Last Dumpling to Friend
10056,entertainment weekly wins excellence-in-caption-pun award,Entertainment Weekly Wins Excellence in Caption Pun Award
19915,Russian jets have 'unsafe' encounters? Just a friendly wave from the sky.,Russian Jets Fly Over Moscow
7753,"jim davis, guy who does 'heathcliff' get together for annual lunch to discuss doing cat cartoons",Former Georgia Governor Jim Davis Discusses Future Cartoon Projects
11182,5 states to decide whether to legalize marijuana or continue honoring god,Five States to Decide on Legalization of Marijuana
27422,Government watchdog to investigate Trump's voter fraud commission – because investigating itself would be too meta.,Trump Administration Faces Criticism Over Voter Fraud Allegations
14004,Republicans reject disclosure—because transparency is so overrated in a democracy.,Republicans Criticize Transparency in Government
3537,new teen trend 'walking wet and nude' couldn't have caught on at worse time,Teen Trend 'Walking Wet and Nude' Fails to Catch On
10396,grumblethor the mischievous pleased with mayhem his magical antics have wrought upon white house–fbi relations,White House FBI Relations Remain Tense Amid Ongoing Political Disputes
13606,"Shocking news: Rachel McAdams has aged! The horror, the humanity!",Rachel McAdams Appears Ageless in New Film
19667,All the 2017 Grammy winners: the cultural event that reshaped civilization,2017 Grammy Awards Ceremony Highlights Major Cultural Shifts
2982,mom leaves sweet little note for sixth-grader in add prescription bottle,Mother Leaves Prescription Medication in Sixth-Grader's School Lunchbox
13084,What scenario? Parenting is always smooth sailing.,Parents Report Relatively Smooth Parenting Experience
12542,'new york times' moves all content you won't give a shit about unless you make at least $200k a year into one convenient section,New York Times Introduces Premium Subscription Service for High-Income Readers
27860,"Report: DNC and Clinton funded Trump-Russia dossier—shocking, as if we didn't see that coming.",Report Highlights FBI's Investigation Into Trump-Russia Dossier
2388,hero lawyer uses technicality to free guilty man,Lawyer Dismisses Evidence Against Client in Federal Trial
18149,"Robin Wright fought for equal pay—groundbreaking, since no actress has ever done that before.",Robin Wright Advocates for Equal Pay for Female Actors
21115,An apology expert analyzes Melania Trump's plagiarism explanation – because nothing says sincerity like a well-crafted excuse.,Satirical Article Mocks Melania Trump's Apology For Plagiarism
19379,Martha Stewart's wine service makes drinking Martha-approved? As if we needed more ways to feel like failures at hosting.,Martha Stewart's Wine Service and Hosting Tips
13151,Merkel says we won’t get anywhere with populism—as if the world needed another lecture from the ‘leader of the free world.’,"Merkel Criticizes Populism, Calls for Political Stability"
22475,"Whitney Johnson, the trailblazer who co-founded a firm with a famous name – truly breaking the glass ceiling.","Whitney Johnson, Co-Founder of Glassdoor, Breaks Glass Ceiling in Corporate Leadership"
22915,Cheese advent calendar: not your typical Christmas treat—unless you love cheese 24/7.,Cheese Advent Calendar Features 24 Small Blocks of Cheese
35,drunk driver in the zone,Man Drives Car While Intoxicated
24124,"Nick Jonas' queer baiting paying off? Shocking, simply shocking.",Nick Jonas' Recent Public Persona Shifts From Traditional Boy Band Image to More Outgoing and Queer
7411,report: recent wednesday felt like thursday,Report Highlights Declining Workweek Productivity and Employee Satisfaction
10043,laid-off website designer designs website about being laid off,Former Website Designer Creates Personal Website About Job Loss
905,breaking: can anyone ever truly know anything? what is the truth?,Experts Discuss the Limits of Human Knowledge and the Challenges of Truth
9896,on-the-job sexual harassment: three women tell their sizzling hot tales,Three Women Share Their Experiences With Workplace Sexual Harassment
113,toddler unsettled by whatever possessed her to bite friend's face,Toddler Bites Friend's Face During Playdate
25592,"Michael Phelps, the ultimate pool hog, announces he's ready to retire. Shocking.",Michael Phelps Announces Retirement From Professional Swimming
28149,Why won't my kids wish you Merry Christmas? Because they're little rebels.,Parents Face Challenges in Encouraging Children to Wish Parents Merry Christmas
9076,mccain late to debate due to greyhound delays,McCain Campaigns Late to Debate Due to Greyhound Delays
1147,study: boyfriends who aren't speaking are thinking about ending relationship 90% of time,Study Finds Boyfriends Frequently Consider Ending Relationships When Their Partners Are Silent
3147,man happy to set up job interview for fraternity brother he once forced to drink own piss,Brother Requests Job Interview for Fraternity Brother
1841,sen. hatch says trump allegations not serious enough that scales should fall from eyes revealing what madness we have begotten,Sen. Hatch Defends Trump Allegations Amid Criticism
7797,senile mother a broken novelty record,Local Woman's Memory Loss and Confusion Prompt Concerns About Elderly Mother's Well-Being
17142,Albright apologizes for implying female Bernie supporters will go to hell – because that's a reasonable thing to say.,Albright Apologizes for Remarks on Female Bernie Supporters
26164,Hackers access baby monitors with the ease of a baby ordering pizza.,Hackers Access Baby Monitors With Ease
27389,"Street photography in Stockholm, part 2: because part 1 was just too thrilling.",Stockholm Street Photographer Captures Vibrant Scenes of City Life
20022,JWOWW fires back: 'I didn't know I was pregnant!'... because those home pregnancy tests are notoriously tricky to read.,JWOWW Addresses Pregnancy Rumors After Home Pregnancy Test Misfires
26539,"Bruce Jenner's midlife crisis? No, it's a carefully planned rebranding.",Bruce Jenner Announces Retirement From Olympic Sports and Transitioning to Professional Sports Commentary
23506,"The simple mind trick that helped me lose weight—it's not diet or exercise, but magical thinking!",Local Woman Credits Mindful Thinking for Weight Loss
1415,chris collins thanks supporters with can't-miss tip on biotech stock,Chris Collins Pleads Guilty to Insider Trading Charges
17873,"Three simple steps to not take a bad day home – if only it were that easy, right?",Local Man Struggles to Manage Stressful Workday and Reluctant to Leave Office
22916,"Trump effect on transgender mental health: negatively impactful, shockingly.",Trump Administration Rolls Back Transgender Military Service Ban
1614,millions of plants sent from nation's garden departments to their deaths,Garden Department Plants Frequently Die in Stores
17144,"Prince Harry and Meghan Markle's event will nod to Diana – a subtle tribute, nothing over the top.",Prince Harry and Meghan Markle's Royal Wedding Nods to Diana's Legacy
18370,"The very best part: finally, a break from your family's constant nagging.",Family Members Frequently Nag Each Other During Holidays
19806,Because nothing says political discourse like a selfie with Kim Kardashian.,Kim Kardashian Poses for Selfie
1625,stephen hawking reportedly working on juicy tell-all formula,Stephen Hawking's Final Years Focus on Writing and Public Engagement
1181,female boss walking around like she owns the place,Female CEO Walks Into Office
9265,"""i am equal to any man,"" says stern woman who likely does not menstruate",Local Woman Asserts Equality With Men
9728,"ad campaign appeals to young, hip, influenced-by-ad-campaigns demographic",Satirical Article Critiques Modern Advertising Tactics Targeting Young Adults
5717,candidate delighted to be in chair factory,Candidate Visits Factory to Meet With Production Staff
2496,baby takes political stance,Baby Born With Blue Eyes
15177,Gunfire in Ferguson after protester hit – classic problem-solving technique.,Ferguson Protester Shot in Head
26371,"Teachers in Detroit protest, and surprise, schools close. What a novel solution.",Detroit Teachers Protest Over School Funding
9108,forgetful karl lagerfeld inadvertently starts lobster-bib trend,Karl Lagerfeld Dies
4884,nation unsure which candidate's plan to destroy the environment will create more jobs,Environmental Concerns Remain a Top Priority for Voters
23563,Lee Daniels admits his show is for white guilt—how inclusive of him.,Lee Daniels Discusses His New Netflix Series 'The Last Black Man in America'
3098,fan doubtful 'solo: a star wars story' can live up to denny's blaster fire burger,Fans Express Skepticism Over Solo: A Star Wars Story's Box Office Potential
3196,nancy grace reports own mind now missing for 83 days,Nancy Grace Reports Severe Mental Health Issues
25195,Of course Jesus is black—white people never get nailed to things.,Satirical Article Mocks Stereotypes About Jesus' Physical Appearance
16671,"5 better questions to ask allergy families: like, 'Is your child's epinephrine pen fashionable?'",Allergy Families Often Face Unnecessary Questions About Medical Equipment
22227,Warren's bill: to solve Trump's imaginary conflicts.,Warren Bill Introduces Legislation to Address Trump's Political Conflicts
26135,Groot dances again? Guardians sequel promises wooden choreography—revolutionary!,Guardians of the Galaxy Sequel Promises Intense Action Sequences and Complex Choreography
22886,"LeBron James' 2015 finals was legendary, but nothing compared to this (whatever 'this' is)—a hot take so hot it's volcanic.",LeBron James' 2015 NBA Finals Performance Remains One of the Greatest in NBA History
8769,governor pardons self for living,Governor Pardons Himself for Living
22193,"The witching hour is just another boring, supernatural-free time.",Supernatural Events and Rituals Typically Occur During Nighttime Hours
18507,Timelapses of fast-growing cities will make your jaw drop—or just give you neck strain.,Satirical Article Imagines Fast-Growing Cities in the Future
5712,new historical evidence suggests most pilgrims sailed back home to celebrate first thanksgiving,Archaeologists Suggest Pilgrims Returned Home to Celebrate First Thanksgiving
28194,Because holidays were totally mono-ethnic before this revelation.,Satirical Article Mocks Stereotypes About Holiday Celebrations
26983,"3 unique and unusual financial tips for 2015. Finally, advice that's not just 'spend less than you earn.' How revolutionary.",Financial Experts Offer Practical Advice on Managing Debt and Saving in 2015
8623,cheering gets slightly less loud after obama's call for community service,Obama's Call for Community Service Draws Moderate Response
15488,"Taco Bell's test kitchen now offers reservations, redefining fast food as gourmet.",Taco Bell Introduces Reservations for Fast-Food Customers
4078,teen had absolutely no say in becoming part of snapchat generation,Teenagers Frequently Choose to Join Social Media Platforms Without Considering Their Own Interests
8556,secretary of the interior meekly asks if there anything she can do to help stop isis,Interior Secretary Meets With Foreign Diplomats to Discuss ISIS
19920,24 surefire ways to absolutely annihilate your soul while working from home – because who needs joy anyway?,Many Remote Workers Report Burnout and Low Job Satisfaction
26962,4 couscous recipes for every meal – because variety is overrated.,Couscous Recipes Offer Versatile Options for Every Meal
20958,Democrats debate climate change: a rare moment when they address an actual issue.,Democrats Debate Climate Change at National Convention
2082,romney: 'this is why they call me turnaround mitty from comeback city',Romney Discusses His Campaign Strategy and Political Experience
13852,Flynn seeks immunity: the classic move of the completely innocent.,Satirical Article Mocks Flynn's Legal Defense Strategy
25763,"Rob Porter resigns due to abuse allegations. Shocking, given the administration's stellar record on ethics.",White House Staffer Rob Porter Resigns Amid Sexual Harassment Allegations
23171,Handshakes at Olympics: unity achieved through carefully staged diplomacy.,Olympic Handshakes Mark Opening Ceremony
15976,Prank glues child to toilet: comedy at its finest!,Child Accidentally Glues Self to Toilet Seat
22157,"Mark Hamill says Luke might be gay: Star Wars embraces diversity, decades late.",Mark Hamill Discusses Luke Skywalker's Sexual Orientation in Star Wars: The Last Jedi
3605,man who lost leg to whale decides to let it go,Man Loses Leg in Whale Attack
4368,'phantom thread' wins academy award for best film you liked but probably wouldn't see again,'Phantom Thread' Wins Academy Award for Best Costume Design
6417,friend's grandma to give you hug too,Grandmother Offers Comfort to Friend Following Breakup
331,college roommates to continue bonding process until real friends made,College Roommates Continue to Form Bonds and Develop Friendships
3664,bush sr. apologizes to son for funding bin laden in '80s,President Bush Jr. Apologizes to Son for Funding Bin Laden in 1980s
8614,report: 80% of subway track repairmen run over each day,Report Highlights Safety Risks and Fatality Rates for Subway Track Repair Workers
24871,"Finally, after all these years, the public is deemed worthy of seeing some old buildings. How generous.",Historic Preservation Efforts Highlighting Aging Buildings
28029,little tobacco hit with $3.5 hundred lawsuit,Tobacco Industry Faces Criticism Over Health Risks and Financial Inequities
13178,"Why do mirrors flip sideways but not upside down? Because they're secretly plotting against us, that's why.",Satirical Article Claims Mirrors Flip Sideways Due to Conspiracy
119,new ad preys on people with 'ideas',New Ad Campaign Targets Creative Professionals With Promotional Video
12185,empire state building ultimately supports nsa spying measures,Empire State Building Supports NSA Surveillance Measures
26663,"Exclusive: Family of teen shot near Ferguson speaks out, in a world where such events are commonplace.",Family of Teen Shot in Ferguson Speaks Out Against Police Violence
422,white house claims iran behind attack on nancy kerrigan,White House Denies Iran's Involvement in Nancy Kerrigan Attack
15151,Racism accusations are overblown; cops quitting after a black mayor is just a happy coincidence.,Police Officers Quit in Protest of Police Chief's Racial Bias Allegations
13580,Priest finds puppy just where he left it; story of his life.,Father Finds Lost Puppy in Church Parking Lot
15864,"450 protesters arrested in Tehran, government calls it 'a minor adjustment to public order.'",450 Protesters Arrested in Tehran
13475,5 tweets from the NRA that are literally worse than the Oregon gun massacre itself. Obviously.,NRA Releases Five Tweets Criticizing Gun Control Following Oregon Mass Shooting
14116,"Steven Tyler admits to hitting on daughter's friend: standard rockstar parenting, totally normal.",Steven Tyler Discusses Parenting Daughter's Friend
19328,The mid-sex revelation that revolutionized your life (probably not).,Local Woman Reflects on Life-Changing Midlife Crisis After Receiving Sexist Comments
28098,"James Cameron cried hearing Titanic theme. Just a little tear, I'm sure.",James Cameron Cites Titanic Theme as Inspiration for Avatar
16358,'Friends' co-creator on a reboot? As if we needed more recycled 90s nostalgia.,Friends Co-Creator David Crane Discusses Potential Reboot
25889,"Bush's electability argument weakens—shocking, given his stellar track record of winning hearts",Bush's Electability Argument Faces Criticism Amid Record of Republican Party Disappointment
19307,HuffPollster: Carly Fiorina probably won't help Ted Cruz save his campaign: what a surprise.,HuffPost Pollster Predicts Carly Fiorina Will Not Support Ted Cruz's Campaign
23353,"Another week, another promise to find the plane.",Passengers Struggle to Find Flight Information on Airline Website
16745,"Guns messing with feng shui? California's real problem is bad vibes, not bullets.",California Residents Express Concerns Over Rising Gun Violence and Mental Health
3850,god irritated guests do not understand it time to leave heaven,God Expresses Frustration Over Guests' Continued Stay in Heaven
20355,'She's in King David Cemetery. That is where I go to see my kid now.': pleasant family outing.,Family Visits King David Cemetery for Memorial Service
25573,"Tyra Banks doesn't have time for Drake's behavior, models are above it all.",Tyra Banks Addresses Drake's Recent Behavior
4973,nra calls for more common-sense gun deaths,NRA Advocates for Gun Control Following Mass Shooting
27490,Decode the arcane language of teens with this one ancient secret.,Teenagers Frequently Misunderstand Teen Language and Social Cues
23204,Here are six surefire ways to ensure your divorced friend never speaks to you again—you're welcome.,Friends Warn Divorced Man to Avoid Reconnecting With Former Acquaintances
21608,"6 people, including children, die in mass shooting—just another Tuesday in the land of the free, home of the brave.","Mass Shooting in Colorado Springs Leaves Six Dead, 19 Injured"
2434,missing mount everest climbers feared buried under avalanche of dead mount everest climbers,Mount Everest Climbers Face High Risk of Fatal Avalanches
725,increasingly horrified man listens to self explain what he does for a living,Local Man Describes Job as Routine Administrative Assistant
6691,50-year-old prince licks aarp representative's face,Prince Charles Visits AARP Headquarters
25175,"Clinton lawyer funded Steele dossier? In other news, water is wet and politicians are shady.",Clinton Campaign Funded Steele Dossier
11910,mcdonald's unveils new senior citizen playplace,McDonald's Announces New Senior Citizen Playplace
21482,"Nothing boosts sales like homelessness, right? Who needs a home when you have cookies?",Homelessness and Economic Hardship Remain Major Concerns for Consumers
20336,"Hillary Clinton steals show in 'Song for Women', breaking glass ceilings one cameo at a time.",Hillary Clinton Makes Brief Cameo Appearance in 'Song for Women'
19831,"Colleges brave Cuba for exchanges, thawing relations one class at a time.",Cuban Students Attend University of Miami for Exchange Program
9208,"area man much happier, more relaxed since joining cult",Local Man Joins Cult After Seeking Spiritual Guidance
16428,"Two beatboxers make corporate jargon sound cool, turning 'leverage' into art—who needs clear communication?",Two Beatboxers Perform Corporate Jargon in Corporate Office
22438,Mike Pence links Iranian scientist's execution to Hillary's emails? Logical as ever.,Mike Pence Criticizes Iran's Execution of Scientist Amid Ongoing Diplomatic Tensions
26467,Fans get front-row seats to unexpected player meet-and-greet (with fists).,Fans Attend Player Meet-and-Greet at Los Angeles Dodgers Game
4955,area man determined to get money's worth from pay toilet,Local Man Uses Public Restroom To Pay For Private Facilities
5867,newlyweds regret saving sex for marriage,Local Couple Reflects on Decision to Delay Sex Until Marriage
3639,unattractive man not fooling anyone by dressing well,Local Man's Fashion Sense Draws Criticism From Coworkers
12057,area teen smoking like he's been to fucking war or something,Teen Smoking Habits Remain Common in Local High Schools
15429,"Dove Deodorant joins the political fray with #AlternativeFacts, because what the world needs is more corporate snark.",Dove Launches Political Campaign With Satirical #AlternativeFacts
8897,"fear of being alone, ticking biological clock wed in beautiful outdoor ceremony",Couple Marries in Outdoor Ceremony
7870,trump slammed for signing john mccain defense bill without praising how many people it will kill,Trump Signs Defense Bill
6976,10th-grade prodigy studying mathematics at 10th-grade level,10th-Grader Studies Advanced Mathematics at 10th Grade
6344,"just when couple finally stops stressing about having a baby, they're still not pregnant",Local Couple Reports Unconventional Pregnancy Delay
1044,watching faces of students as they finish 'the lottery' highlight of english teacher's year,English Teacher Reflects on Students' Reaction to 'The Lottery'
1458,'mr. falafel' owner does not actually like being addressed as mr. falafel,Falafel Shop Owner Disappointed By Customer's Use of 'Mr. Falafel'
19227,"Celine Dion's tribute: emotional, as expected at awards shows.",Celine Dion Performs Tribute to Late Friend at the 2018 Grammy Awards
1339,"columbus day protests once again erupt as nation struggles with its dark, anti-italian past",Columbus Day Protests Continue Nationwide
7126,really ugly shark tired of being mistaken for hammerhead,Shark Photographed in Water
13128,Are sheep secretly controlling your mind? This article thinks so.,Satirical Article Claims Sheep Control Human Minds
6985,cleveland ukrainian museum pulling out all stops to prepare for onrush of rnc visitors,Cleveland Ukrainian Museum Prepares for Large Crowd of Republican National Convention Visitors
26443,Video exposes sexism in politics. Women are so surprised.,Satirical Article Mocks Political Sexism With Fictional Video
5331,red cross issues reminder they can't accept donations from people with loose blood cupped in hands,Red Cross Reminds Donors to Donate Blood in Proper Cup
28253,Your dog is basically a mini SUV with fur. Time to carbon-tax Fido!,Pet Owners Face Rising Pet Insurance Costs Amid Rising Pet Overpopulation
17299,What's your book shelfie style? Show off your intellectual vanity for the internet.,Bookshelf Displays Feature a Variety of Fiction and Non-Fiction Titles
18688,"Privacy activists rally to Apple's defense, trusting a corporation with their privacy.",Privacy Activists Rally to Apple's Defense Against Data Collection
27739,east st. louis rated 'number one city in america' by poverty magazine,East St. Louis Ranked Among America's Most Poverty-Stricken Cities
17009,"House passes stopgap bill before break, such diligent governance",House Passes Stopgap Bill to Fund Government Operations
27330,"Oh, look, Chris Christie's totally unbiased interview with Donald Trump where he just gushes non-stop.",Chris Christie Conducts Interview With Donald Trump
8039,"'humanity deserves to live in darkness,' onion social algorithm cries out before bursting into bright light, disappearing from earthly realm",Onion Social Algorithm Criticized for Promoting Dark Content
4019,each passenger has own theory about how guy got into first class,Passengers Speculate on How First-Class Passenger Got Access to Premium Class
27716,real toy used as sex toy,Child Uses Real Doll as Sex Toy
4889,israeli soldiers open fire on palestinians carrying potentially dangerous injured friends,Israeli Soldiers Open Fire on Palestinian Civilians in Gaza
22433,Drunken angry white men huddle together? Sounds like a peaceful gathering.,Group of White Men Gathered in Bar
28392,"failing memory fuses robert wuhl, kevin pollack into single entity",Robert Wuhl and Kevin Pollack
18528,"Artist merges genders with late lover as ultimate collaboration, pushing artistic boundaries tastefully.",Artist Collaborates With Late Partner To Create New Work
26742,News roundup for April 17: catch up on everything you didn't care about.,News Roundup Highlights Major Events and Developments from April 17
10712,report: therapist just saying that to make you feel better,Therapist Discusses Common Therapeutic Techniques to Improve Patient Comfort
18304,"Simple steps to find work you love: dream big, then accept any job—it's that easy.",Experts Emphasize the Importance of Job Satisfaction and Personal Fulfillment in Career Choices
22680,"Oh, sure, because generalizing half the population is always a great idea – let's all embrace that wisdom!",Experts Criticize Generalizations About Half the Population
8727,chuck berry remembers call from cousin about white kid playing 'johnny b. goode',Chuck Berry Discusses His Early Musical Influences and Career
12639,scientists determine tingling sensation of asmr caused by mass brain cell die-off,Researchers Investigate the Origins of ASMR Tactile Sensations
7088,dog feels like he always has to be 'on' around family,Family Dog Maintains Constant Alertness and Attention-Seeking Behavior
14620,A groundbreaking musical collaboration that will redefine symphonies.,Theatre Company Announces New Musical Collaboration Featuring Classical Music and Contemporary Dance
24496,3D-printed eyes help faces grow: nothing unnatural about that.,Satirical Article Critiques Stereotypes About 3D-Printed Prosthetics
11041,college freshman from florida has never seen people complain about snow for 5 months before,Florida College Freshman Struggles to Adjust to Cold Weather
6761,california to allow prisoners to serve sentences online,California Announces Plan to Allow Prisoners to Serve Online Sentences
5133,mad lit professor puts finishing touches on bloomsday device,University of Chicago Professor Finalizes Plans for 1916 Bloomsday Celebration
2393,dana loesch rethinking loyalties after seeing how much airtime teen activists getting,Dana Lösch Criticizes Teen Activism and Media Coverage
25629,"Leaked cables contradict Clinton? I'm shocked, simply shocked.",Satirical Article Mocks Clinton Email Scandal With Fictional Cables
6211,peer group forces man to have opinion on 'weird al',Peer Group Encourages Man To Share Opinion On 'Weird Al' Yankovic
8846,butterfly under immense pressure not to fuck up timeline with misplaced wing flap,Butterfly Flies in the Air
19808,Even the flowers are fleeing California's perfect weather for the chilly north.,California Weather Remains Mild and Unseasonably Cool
17912,Why can't women just bounce back like superheroes? Baby weight is so rude.,Women Face Significant Health and Social Challenges After Pregnancy
16536,"Watch: Clearing world anger in one viral video, because that's how problems work.",Viral Video Highlights Global Anger and Frustration Over Ongoing Global Issues
4394,report: mom's work friend has no one,Report Highlights Workplace Stress and Loneliness Among Female Professionals
15661,2016: A Year When Voters Mattered a Little,2016 Election Highlights Shift in Voter Power and Political Engagement
11067,new study finds running for 20 minutes each day could add years of soreness to life,Study Finds Daily Running Can Lead to Chronic Soreness and Reduced Physical Activity
27719,44 suspicious packages detonated under white house christmas tree,Satirical Article Depicts Fictional White House Christmas Tree Explosion
9289,"mitch mcconnell has hands, vocal cords removed to prevent self from holding hearing on scalia replacement",Mitch McConnell Faces Criticism Over Potential Supreme Court Nominee
15479,"Yes, you can use government money to get out of student loan default. Nothing says fiscal responsibility like borrowing more to pay off debt.",Student Loan Default and Debt Relief Options
24112,"The five parent types that everyone universally adores to despise, no exceptions.",Parents Frequently Criticized for Their Strict Parenting Styles
10722,clinton's head sawed off,Satirical Article Imagines Fictional Scenario Where President Clinton's Head Is Severed
9574,report: this not a gun,Report Highlights Misconceptions About Common Household Items
21905,Interior Department's brilliant plan: slice the Endangered Species Act—because who needs pandas when we have more drilling?,Interior Department Proposes Drilling in Endangered Species Areas
10282,budget woes force heaven to reduce eternal life to 500 billion years,Congressional Budget Deficits Force Heaven to Reduce Eternal Life Span
27522,Distributor won't release Louis C.K. film after misconduct? Hollywood morals at work.,Louis C.K. Film Distribution Delayed Following Sexual Misconduct Allegations
26993,"Do I need to upgrade my health insurance? Unless you want bankruptcy from a minor allergy, probably a good idea.","Health Insurance Costs Rise, Leaving Many Americans Struggling to Afford Coverage"
20762,"Deputy who flipped Spring Valley High student acted reprehensibly? Say it ain't so, school officials!",Spring Valley Deputy Faces Criticism for Allegedly Flipping Student
22705,Oil lobby opposes Obama's oil tax – say it with me: utterly predictable.,Oil Lobby Opposes Obama's Proposed Oil Tax
5501,entitled burger king employee wants $15 an hour just for dealing with worst of america every day,Burger King Employee Demands $15 Per Hour Wage
27022,Living with mindfulness and love? That's the solution to all world problems.,Satirical Article Critiques Mindfulness Movement's Oversimplification of Global Problems
14112,Michelle Obama's daily habit is all about happiness: because positive vibes fix systemic issues.,Michelle Obama's Daily Routine Focuses on Positivity and Self-Care
23065,1970 Cosmo's guide for ladies: timeless advice on pleasing men with your hands.,1970 Cosmo's Guide for Ladies
7311,cricket located,Cricket Found in Home
3271,new employee still eager enough to pick up slack for coworkers,New Employee Takes On Additional Responsibilities to Support Colleagues
10526,"defense: 'george zimmerman is, you know, he's a decent enough guy'",Defense Attorneys Argue George Zimmerman's Guilt in Florida Manhunt
6828,gondolier ordered to follow that gondola,Gondolier Orders Passenger to Follow Gondola
2341,tucker carlson angrily explains difference between good baby and bad baby,Tucker Carlson Discusses Parenting Differences Between Good and Bad Babies
120,mom uses full name to refer to bisquick impossibly easy cheeseburger pie,Mother Makes Bisquick Cheeseburger Pie for Family Dinner
18962,"Aww, how quaint – an LGBT foster youth has a Christmas wish. How utterly unexpected and not at all heartwarming.",LGBT Foster Youth Face Unconventional Challenges During the Holiday Season
26439,Christian sideshow in acts of terror. Peaceful as always.,Satirical Article Critiques Religious Extremism and Violence
12949,"'nothing would surprise me at this point,' says man who will be shocked by 8 separate news items today",Local Man Prepares for Day of Multiple News Updates
19677,"Comedian justly berates 'SNL' for its 30-year gay cast member drought, a true scandal",SNL Cast Member Dan Castellaneta Joins Cast
4660,royal baby spits up on great-grandmother,Royal Baby Spits Up on Great-Grandmother
27148,"Putin's childhood friends defend him in SNL spoof: Loyalty knows no bounds, even for 'petty' pals.",Satirical Article Mocks Putin's Alleged Loyalty to Friends
23975,Nothing says 'romance' like rewatching 'The Notebook' while eating cold pizza alone.,Local Man Watches 'The Notebook' While Eating Cold Pizza Alone
11493,greenspan just repeating detractors' criticisms in high-pitched girly voice,Federal Reserve Chairman Greenspan Faces Criticism Over Monetary Policy
16695,Out-bad Chronicles: Fantasy from Hell – hell must be running out of bad fantasies.,Fantasy Novel 'Out-Bad Chronicles' Explores Dark Themes and Graphic Content
16277,"Trump picks another insider for transportation role, shocking no one.",Trump Appoints Transportation Secretary Elaine Chao
23126,"Can Reddit ban hate? Sure, just like we banned guns.",Reddit Bans Hate Speech and Violent Content
13994,Conscious uncoupling is wimping out? And other groundbreaking life lessons from the enlightened.,Conscious Uncoupling and Relationship Breakups
3929,entire republican national convention stunned as ann romney asks for divorce,Romney Campaigns for Vice Presidency
1072,amount of water man just used to wash dish to be prize of hand-to-hand combat match in 2065,Local Man Wins Hand-to-Hand Combat Match
20344,"The U.S women's gymnastics team turns heads at the VMAs: with their flawless routines, obviously.",U.S. Women's Gymnastics Team Competes at the 2013 VMAs
1654,woman 7 golden retrievers short of childhood vision,Woman Visits Local Pet Store With Seven Golden Retrievers
5840,report: shame of walking out without buying anything drives 90% of purchases at small businesses,Study Finds Small Businesses Often Prioritize Customer Loyalty Over Profit
25946,Pro-Trump trolls target Megyn Kelly's book? So respectful and on-topic.,Megyn Kelly's Book Criticized for Being Too Politically Correct
19332,Washington players celebrate with simulated 'stop and frisk'—tasteless humor at its finest.,Washington Players Celebrate Super Bowl Win With Fake Police Stop
20557,Britain's EU referendum polls close? Time to see which side's bitterness wins the day.,UK Votes to Leave EU in Historic Referendum
22848,"A toddler's deep insights into mortality—because kids are basically philosophers, right?",Toddler's Deathbed Reflections Highlight Philosophical Nature of Childhood
5831,nra spokesman: a hebrew?,NRA Spokesman Criticized for Using Hebraic Stereotypes
3279,genetic experiment goes horribly right,Satirical Article Depicts Fictional Genetic Experiment That Results in Human Being
27447,"Feeding people, and democracy, to death – our efficient governance model.",Critics Argue That Efficient Governance Models Often Neglect Public Services and Public Welfare
12615,video game shopkeeper starting to get suspicious after selling 800 bombs to player,Video Game Shopkeeper Suspicious After Customer Purchases 800 Explosives
1610,nutella briefly entertained as lubricant,Satirical Article Imagines Nutella as Lubricant
15383,"I was pranked by Muhammad Ali, the boxer known for his poetic trash talk, what a harmless joke.",Muhammad Ali's Famous Boxing Routines and Promotional Tactics Remain Iconic
19294,Father of Parkland victim creates powerful mural: because what's a few more names on a wall?,Father of Parkland Victim Creates Mural in Memory of Son
499,"report finds koch brothers increasingly falling under control of influential, high-powered trillionaire",Report Highlights Koch Brothers' Growing Influence and Financial Power
26675,"A high school denies a gay student a scholarship, upholding timeless values of exclusion.",High School Denies Gay Student Scholarship
23754,"Illustrations sum up anxiety, because a picture is worth a thousand panic attacks.",Illustrations Depict Anxiety and Panic Attacks
19201,"National Enquirer, bastion of truth, turns on Michael Cohen – the plot thickens.",National Enquirer Publishes Exclusive Michael Cohen Story
16843,Throwing in the towel? How original for a media mogul.,Media Mogul John Malone Announces Retirement From Television Broadcasting
20994,"Williams' lies so elaborate, Pinocchio would need a longer nose to keep up.",Williams' Claims of Involvement in 1980s Mafia Dispute Draw Criticism
11508,grounded plane makes snow angel on tarmac,Commercial Airplane Lands on Runway
15700,"Trevor Noah reveals Trump is raking in cash as president, what a successful side hustle.",Trevor Noah Discusses Trump's Financial Success as President
1085,visine introduces new eye-whitening strips,Visine Introduces New Eye Whitening Strips
17149,Greed and resistance in Sarawak's rainforest – corporations always have our best interests at heart.,Sarawak Residents Criticize Foreign Corporations for Disregarding Local Interests
14688,"Democrat says GOP is holding government hostage, because they're just so reasonable.",GOP Lawmakers Criticized for Holding Government in Hostage Situation
2714,"bob barr on two-party system: ""waaah! waaah!""",Bob Barr Criticizes Two-Party System in Democratic Primary
10103,al-qaeda chatter deteriorates into gossip,Al-Qaeda Leaders Discuss Tactics and Strategies
8596,time traveler from 2008 freaked out by guy wearing google glass while smoking e-cigarette,Google Glass Displayed on Smartphone
26642,"FBI employees showcase their subtle, professional loyalty to Comey with 'Comey is my homey' shirts at family day.",FBI Employees Wear 'Comey is My Homey' Shirts at Family Day
4615,self-conscious panda swears it overheard zookeeper refer to it as 'giant',Panda Photographed in Natural Habitat
25384,McKinsey reveals that equality might boost economy; someone alert the Nobel committee.,McKinsey Report Highlights Economic Benefits of Achieving Gender Equality
23605,Veterans are pissed at Trump for not spelling Marine Corps – the real issue.,Trump Administration Faces Criticism Over Handling of Marine Corps
7169,"police chief says there just a few bad, deeply ingrained prejudices giving all cops a bad name",Police Chief Addresses Criticism of Police Practices
25221,"American women suddenly all want kids, population boom imminent!",American Women's Desire for Children Increases Amid Economic and Social Pressures
4949,history teacher has unusual favorite president,History Teacher Discusses Favorite U.S. Presidents
24899,"Ten supremely obvious tips you've heard a thousand times, now repackaged as groundbreaking life hacks for the chronically online.",Online Users Share Repeated Life Hacks With New Audience
4238,makers of good friends cereal not sure how two pictures of ann coulter got on box,Ann Coulter's Political Views and Controversial Statements Frequently Feature on Cereal Boxes
24830,"ESA lander poised for its small, insignificant, totally routine Martian adventure.",ESA's Mars Lander Scheduled to Launch in 2022
18534,"David Chase analyzes Sopranos ending shot-by-shot, essential viewing for understanding the universe.",David Chase Analyzes Sopranos Ending Shot-by-Shot
20163,"Barack Obama graciously helps Donald Trump deal with Twitter loss, showing presidential kindness.",Trump Criticizes Obama's Twitter Account
11243,navy discontinues use of 'port' and 'starboard'will now refer to left as 'thunk' and right as 'moosh-baroo',Navy Discontinues Use of Traditional 'Port' and 'Starboard' Terms
20537,"Kidnapping suspect says vaccine's side effects led him to crime. Blame the vaccines, not the fact that he's a kidnapper.",Vaccine Safety Concerns and Side Effects Draw Criticism From Parents and Experts
12970,"trump boys leave $5 bill, candy bar under propped-up laundry basket in effort to catch op-ed writer",Trump Brothers Leave $5 Bill and Candy Bar Under Laundry Basket
21930,Trump nominee suddenly loves the agency now that there's a paycheck involved – what a surprise!,Trump Nominee Appointed to Federal Agency
12090,stressed lab rat breaking out in human ears,Lab Rats Frequently Experience Stress and Anxiety
6023,resourceful man able to cobble together bad mood from handful of minor annoyances,Local Man Copes With Minor Discomforts By Focusing On Positive Aspects
1070,rare quarter worth 26 cents,Philadelphia Minted 1967 Quarter
13465,Montana Dems nominate a banjo player for special election: Because why elect a politician when you can have a musician?,Montana Democrats Nominate Banjo Player for Special Election
6875,new speech recognition software factors in user's mouth always being full,Speech Recognition Software Faces Criticism Over Inaccurate Transcriptions
21242,17 ways to make the most of what's left of summer: as if you weren't already masterfully procrastinating.,Summer Vacation Season Remains Popular Despite Procrastination
17156,Jessica Simpson takes the plunge after crushing us with reality TV news – our hearts are shattered.,Jessica Simpson's Reality TV Career and Marriage to Brad Pitt
9941,dinner party conducting full-scale investigation to determine if tip was included,Dinner Party Guests Investigate Tip Included in Meal
5502,man swells with shame after entering zip code into girl scout cookie locator,Man Searches for Girl Scout Cookies Online
20348,"Trump says Congress won't change libel laws: consistency is key, even when wrong.",Trump Defends Supreme Court Nomination Amid Criticism Over Legal Consistency
21164,Marathon for kids with heart disease – because running cures everything.,Local Children Participate in Heart Health Marathon
18464,Want to be shot from a cannon? Bello the clown makes dreams come true.,Bello the Clown Performs at Birthday Party
13561,How to make fashion week's glitter eyeliner actually wearable without blinding your coworkers.,Fashion Week Eyeliner Trends Highlighted
912,breaking: thriller writer jeffery deaver at top of his game,Jeffery Deaver's Thriller Series Continues to Dominate Bestseller Lists
19486,Epidemic of Gun Silence: No One Talks About Guns Anymore,Gun Violence Declines Amid Public Silence
5360,"onion social ceo caught by law enforcement at miami airport with $800,000 in cash","Onion Social CEO Faces Federal Charges for $800,000 in Unlawful Cash"
26890,A long-shot push to confirm Garland fails? What a shocker.,Supreme Court Nomination Confirmation Process Faces Challenges
15196,"This one song will absolutely, definitely change your life and solve all societal ills.",Local Man Claims One Song Will Solve All Social and Political Issues
9132,20-something thinking about maybe doing something funny with his facial hair,Local Man Considers Facial Hair Makeover
12705,jonathan safran foer guesses it's time to give up on silly little dream of becoming good writer,Jonathan Safran Foer Reflects on Career Progress and Writing Goals
15172,"Linda Brown dies, but segregation's legacy thrives – progress, isn't it?",Linda Brown Dies at 85
2541,child clinging to daddy's leg like it's helicopter evacuating saigon,Father and Child Hold Hands During Family Vacation
32,historical archives: amazing publick spectacle!,Historical Archives Highlight Public Spectacle of 19th-Century Events
19210,"Sudan's chemical weapons use confirmed, because diplomacy is overrated.",Sudan's Chemical Weapons Program Faces International Criticism Over Diplomatic Inaction
27884,What better way to dispel myths than with a toy that highlights differences?,Toy Manufacturer Introduces New Educational Toy to Address Common Misconceptions About Different Cultures
21240,"Oh great, the 'quadruple bottom line' is finally here—because three bottom lines were clearly insufficient for our existential dread.",Satirical Article Mocks Corporate Financial Reporting With Fictional Quadruple Bottom Line
23672,Texas GOP Chair Laments Inclusion of Gay Conversion Therapy: So Brave to Defend a Practice Everyone Knows Is Nonsense,Texas GOP Chair Defends Conversion Therapy Amid Criticism
7240,pornstar has face only stepmother could love,Porn Star Faces Criticism Over Appearance and Lifestyle
10412,florida passes strict ban on being unarmed,Florida Passes Legislation Restricting Unarmed Citizens
16874,Cuba joins one billion rising: because ending violence is so easy with communism.,Cuba's Economic and Political Challenges Remain Despite Continued International Support
4912,fcc passes mandatory garofalo/griffin guest-appearance regulation,FCC Passes Regulation to Require Comedy Guest Appearances
11832,mitsubishi from 'the fast and the furious' lands first directorial role,Mitsubishi Announces First Directorial Role
11030,report: video games will never be art,Report Highlights Video Game Artistic Value and Cultural Significance
26396,Secretive WHCD pre-party: where celebs pretend to care about journalism.,Satirical Article Imagines Fictional White House Correspondents' Dinner
8067,area man hurt,Local Man Injured in Car Accident
13735,FDA warns another company about unapproved genetic tests. Because we need more ways to mess with our genes.,FDA Warns Companies About Unapproved Genetic Tests
22865,Mark Hamill shuts down Trump's latest complaint with 3 blistering words—the Jedi Master of clapping back has entered the chat.,Mark Hamill Responds to Trump's Criticism With Forceful Clapping
23826,"Scientology's 'Going Clear' is just like the original, but with more truth, apparently.",Satirical Article Mocks Scientology's Claims With Fictional Documentary
28522,if the culture fits... because who needs qualifications when you have a shared love for ping-pong?,Local Man Says He Would Be Perfect for Corporate Job Despite Lack of Qualifications
23991,Laverne Cox taught the cast about trans issues—because Hollywood never learns anything.,Laverne Cox Discusses Trans Issues on The L Word
20118,"Siri helps hero 4-year-old save his unconscious mom's life: Apple, now with life-saving features!",Apple Introduces New Features to Enhance Safety and Emergency Services for Parents
2616,crowd shocked after unhinged trump dangles baby from truman balcony,Trump Dangles Baby From Truman Balcony During Campaign Rally
17818,10 motivational phrases? Because affirmations build skyscrapers.,Experts Recommend Daily Affirmations for Personal Growth
11580,wal-mart greeter at death's door,Wal-Mart Greeter Dies in Hospital
26374,Ivanka Trump promises Daddy will fix labor laws for women—what could go wrong?,Ivanka Trump Promises to Address Labor Laws for Women During Campaign Rally
8586,area man likes food,Local Man Enjoying Dinner at Restaurant
7525,vp pick energizes republican basest,VP Pick Mike Pence Draws Support From Republican Base
17127,Watch Justin Timberlake do the robot in 'Filthy': a dance move so innovative it redefines music videos.,Justin Timberlake Performs Dance Routine in New Music Video 'Filthy'
4885,tim kaine clearly ate rocket pop during pence's rebuttal,Satirical Article Imagines Tim Kaine Consuming Rocket Pop During Pence's Vice Presidential Rebuttal
5995,school teacher not about to risk her life for derek,Teacher Warns Students Against Romantic Relationships With Students
7130,michael j. fox reluctantly fields hoverboard question during parkinson's research benefit,Michael J. Fox Attends Parkinson's Research Benefit
20705,A small drop in vaccines? Just a tiny risk of tripling infections.,CDC Warns of Potential Vaccine Safety Risks
354,orlando locals fear town starting to become overrun by tourists,Orlando Residents Express Concerns Over Tourist Overcrowding
3430,noncompete clause in lease bars tenants from living anywhere else for 90 days after moving out,Tenant Faces 90-Day Lease Termination After Moving Out
1948,spoon's weight topples pint in jarring reminder of how much ice cream area man ate in one sitting,Man Consumes Entire Pint of Ice Cream in Single Sitting
22486,"Women face same career challenges globally? Shocking, that's never been mentioned before.",Women Face Global Career Challenges
12812,area love knows only court-ordered bounds,Local Couple Marries in Courtroom
9691,"grandma still swallowing okay, grandpa reports",Grandfather Reports Grandmother's Continued Swallowing
15722,Criminal justice system wins gold in failing victims—Olympic performance!,Olympic Performance Highlights Inadequate Victim Support and Justice System Failures
13609,"Behold, five national parks that are apparently the best, as proven by a handful of Instagram-worthy snaps.",National Parks Highlighted for Instagram-Worthy Scenic Views
26893,"A trans author says no one should transition publicly, which is a bold stance from someone who did.",Transgender Woman Shares Personal Views on Transitioning
4143,dr. scholl's introduces new cartilage inserts for all-day knee pain relief,Dr. Scholl's Introduces New Knee Pain Relief Products
16134,"Chelsea Handler's last-minute reminder: don't vote for Trump, as if you needed another reason",Chelsea Handler Urges Voters to Reject Trump in Final Campaign Message
8266,area man stops self after eating 3 advent calendars,Local Man Stops Eating Three Advent Calendars After Consuming All Treats
18903,The world stopped spinning because DiCaprio and Gaga shared a glance at the Golden Globes.,Leonardo DiCaprio and Lady Gaga Share a Moment at the Golden Globes
22334,"Being obese is linked to 11 cancers, but it's probably not that serious.",Study Links Obesity to Increased Risk of 11 Cancers
12455,pilot tells passengers he's about to try something,Pilot Announces Emergency Landing in Mid-Air
24249,Revolution? More like a mild protest with tea parties.,Local Residents Organize Tea Party Protest Against Government Policies
4999,department of the interior sets aside two million acres for car commercials,Interior Department Announces $2 Million Budget for Car Advertising Campaigns
16186,Leaving a wonderful man after 27 years – who needs happiness anyway?,Local Man Leaves Wife After 27 Years of Marriage
3257,report: it too soon to glance back at attractive person,Study Finds People Often Overlook Attractive Individuals Before Returning to Them
22984,"Another Sigma Nu chapter suspended for offensive remarks, fraternities are such models of decorum.",Sigma Nu Fraternity Suspends Chapter for Violating Fraternity Code of Conduct
17562,"Meet 'Teacher,' the futuristic machine that will revolutionize drawing by showing you how to hold a pencil – groundbreaking.",Satirical Article Critiques Overreliance on Technology in Art Education
7515,report: u.s. economy loses $20 billion annually to americans writing ideas down illegibly,Report Highlights Economic Impact of Poor Note-Taking Habits
7867,atari releases updated adventure video game,Atari Releases Updated Adventure Video Game
14476,Jeb Bush's adviser on predatory college board: helping students or helping himself?,Jeb Bush's Education Adviser Criticized for Prioritizing Political Gain Over Student Success
7631,departing obama tearfully shoos away loyal drone following him out of white house,Obama Departs White House for Final Farewell Address
3379,dad thought he could make it out of zoo without buying kids light-up shit,Father Visits Local Zoo With Children
10815,self-helped woman won't stop at just self,Local Woman Shares Self-Help Strategies With Friends
28453,jared and ivanka holding each other at gunpoint in kitchen after simultaneously revealing undercover identities,Jared Kushner and Ivanka Trump Reportedly Undergo Secret Identity Reveal
2149,upcoming election deduced from sports illustrated content,Sports Illustrated Covers Election Coverage
14459,"A possible pardon is 'destructive and unpresidential'? In this political climate? I am shocked, simply shocked.",President Trump Faces Criticism Over Potential Presidential Pardon
10380,subway manager disgusted by sight of cold cut combo devouring large rat,Subway Manager Reports Rat Found in Sandwich
5031,pep-rally skit rumored to involve cross-dressing principal,Pep Rally Skit Features Principal in Cross-Dressing Costume
27677,struggling don rickles has nothing but nice things to say about audience,Don Rickles Performs at Las Vegas Show
8087,romney appeals to hispanic voters for return of watch he left on dresser,Romney Campaigns for Hispanic Voters in Florida
4214,alcohol goes right back to abuser every time,Study Finds Alcohol Consumption Does Not Cure Alcohol Abuse
7885,popular new dating app just list of 20 attractive singles to repeatedly scroll through,New Dating App Features Profile Photos of 20 Users
9434,chuck e. cheese's pit boss tells floor attendant to keep an eye on guest winning big at skee-ball,Chuck E. Cheese's Pit Boss Maintains Strict Rules for Guests Playing Skee-Ball
23516,"Ohio State Fair accident caused by 'excessive corrosion'—just a little rust, nothing serious.",Ohio State Fair Accident Reported After Horse Dies in Tractor-Driven Crash
21489,A GOP billionaire backing a politician? How unprecedented and not at all predictable.,GOP Billionaire Endorses Trump Over Other Candidates
15529,You've been frying with olive oil? The horror! Next you'll tell me you use butter.,Local Woman Expresses Frustration Over Friends' Use of Olive Oil
16233,"Scientists glimpse elusive mineral. Finally, a rock that's hard to find. Revolutionizing geology.",Satirical Article Imagines Discovery of Rare Mineral
18700,"Radio hosts fired over transphobic broadcast? Shocking, who would have thought bigotry has consequences?",Radio Hosts Fired Over Transphobic Broadcast
8027,woman informs husband that he made new friend,Local Woman Discovers Husband's New Friend
13912,A man records his life for five years—because privacy is overrated.,Man Records Five-Year Life Story to Document Personal Experiences
16313,"Michelle, Ross and Carson on wild ride to Drag Race – stability is overrated.","Michelle, Ross, and Carson Compete on Season 11 of The Real Housewives of Beverly Hills"
20642,"Pope condemns Islamic State terrorism in Christmas message, spreading holiday cheer as usual.",Pope Francis Addresses Terrorist Attacks in Paris and Calls for Peace
24848,"Ex-cop guilty and drinks poison? Creative, but prison is still waiting.",Former Police Officer Sentenced to 30 Months in Federal Prison for Drug Trafficking
5779,man who couldn't defeat george w. bush attempting to resolve israel-palestine conflict,Former President George H.W. Bush Dies at 94
16684,Trump's already urging policy changes after NYC terrorist attack – without waiting for 'the facts' – because evidence is for losers.,Trump Urges Immediate Policy Changes Following NYC Terrorist Attack
6370,sean hannity: 'i will be dispelling any and all factual claims about me during my show',Sean Hannity Defends Himself Against Criticism Over Political Views
8628,mitt romney reaches out to young voters with laser tag pizza party,Romney Campaigns for Young Voters at Las Vegas Pizza Party
13244,"Princess Charlotte's christening was so fashionable, it made biblical events look casual",Princess Charlotte's Christening Attire Draws Comparisons to Biblical Events
6199,man prefers comic books that don't insert politics into stories about government-engineered agents of war,Local Man Expresses Disinterest in Political Themes in Superhero Comics
199,boy scouts celebrate proud history of preparing teens for not having cool friends,Boy Scouts of America Celebrates 100th Anniversary
7919,alpha trick-or-treater established by third house,Third House of the Zodiac
20726,GOP senators support McConnell while feuding with Trump—party unity.,GOP Senators Maintain Party Unity Amid Trump's Continued Presidential Campaign
6284,11-year-old moron can't wait to get her first period,11-Year-Old Girl Prepares for First Period
18998,Two-Year Contracts Dead: Your Phone Plan Will Never Be the Same,AT&T Announces Two-Year Contracts for Existing Customers
2077,nation waiting for protesters to clearly articulate demands before ignoring them,Protesters Gather Nationwide to Demand Political Change
6074,history channel helicopter to give viewers bird's eye view of history,History Channel Announces New Series Featuring Helicopter Footage of Historical Events
16323,Sacred Sites: Where Tourists Leave Offerings of Selfie Sticks,Tourists Visit Sacred Sites in Mexico
24098,Some photos from Gaza suggest minor inconvenience and mild casualties.,Photoshopped Image Depicts Gaza Conflict
10851,horrible band obviously not listening to its influences,Local Band Performs at Local Bar
7964,increasingly anxious man worried order confirmation email never going to come,Man Expresses Anxiety Over Order Confirmation Email
8182,hollywood plans big-budget remake of mr. & mrs. smith,Hollywood Plans Big-Budget Remake of Classic Mr. & Mrs. Smith
606,study: human ability to cooperate most strongly exhibited when ordering pizza,Study Finds Humans Cooperate Most When Ordering Pizza
23769,Gregg Popovich calls Trump a 'soulless coward'—what a nice way to describe a stable genius.,Gregg Popovich Criticizes Trump's Leadership Style
26292,Unwinnable war? We're just getting started on the winning part.,U.S. Military Officials Discuss Strategic Objectives and Tactics in Ongoing Conflict
23046,'Daddy' solves toxic masculinity by blaming teenage girls – problem effectively addressed.,Father Addresses Teenage Daughter's Misbehavior
25197,"Greece and creditors dig in: another day, another financial standoff.",Greece and European Creditors Face Ongoing Financial Crisis
6846,scientists pinpoint part of brain all your hair grows out of,Researchers Identify Specific Brain Regions Linked to Hair Growth
6839,woman all geared up to complain about work sidelined by friend with marital problems,Woman Plans to Complain About Friend's Marital Issues at Office
16155,"Purritos: Combining cats, burritos, and the internet into one absurd trend that we somehow love.",Purritos Launches New Line of Cat-Themed Burritos
12657,hillshire farm releases circumcised bratwurst,Hillshire Farm Bratwurst
4673,poignant dying words wasted on dumbshit nephew,Nephew Dismisses Grandfather's Final Words
12409,jay-z gives shout-out to his shareholdaz,Jay-Z Shares Photo of Himself with Cashmere Throw Blanket
14798,"Paper airplane hits soccer player, a stunning display of accuracy.",Soccer Player Struck by Paper Airplane During Game
3036,sighing banksy methodically kills another few kids who stumbled upon him doing graffiti,Banksy's Street Art Criticized for Violating Local Laws and Safety Concerns
8514,american psychiatric association adds 'obsessive categorization of mental conditions' to 'dsm-5',American Psychiatric Association Updates Diagnostic Manual to Include More Specific Criteria for Mental Health Conditions
17661,"Dascha Polanco opens up about insecurities – because stars are human, sort of.",Dascha Polanco Discusses Personal Insecurities and Career Challenges
23089,"Japan's economy 'recovers' with growth so weak, it's almost not there.",Japan's Economic Recovery Faces Challenges Amid Global Economic Uncertainty
15830,"The first H&M x Balmain campaign images are finally here, and the fashion world may never recover.",H&M Launches New Balmain Collaboration Campaign
2165,'breaking bad' ends with reveal that whole series was plot of book marie shoplifted,Breaking Bad Ends With Final Episode Featuring Book Plot
5642,report: someone robbed that kfc again,Report Highlights Frequent KFC Customer Theft
13506,Fox News admits their taunt was all Roger Ailes—as if we needed confirmation.,Fox News Faces Criticism Over Roger Ailes' Sexual Harassment Allegations
25497,"In a touching, traditional wedding moment, the bride abandons her own ceremony to fulfill her professional duties. So romantic.",Bride Abandons Wedding Ceremony to Attend Work Meeting
23418,Sophie from 'The Holiday' is all grown up—time to check your own mortality.,Sophie from 'The Holiday' Celebrates 20th Birthday
19835,"Mad Men actor's wedding to bring hope to Mississippi, because love solves poverty.",Mad Men Actor Jon Hamm Marries In Mississippi
2287,way too much raised for bronchitis research,Bronchitis Patients Face High Costs for Medical Treatment
26549,Kim Kardashian: 'Be as honest as Kanye'—the epitome of tact and diplomacy.,Kim Kardashian Discusses Her Approach to Public Diplomacy and Media Management
26927,"Gladys Knight sues to disown chicken and waffles, because breakfast is overrated",Gladys Knight Sues To Disown Chicken And Waffles
3129,singles bar contains single woman,Local Woman Visits Singles Bar
5141,local household announces plans to overdo halloween again,Local Family Plans to Host Multiple Halloween Parties This Year
25722,"Leslie Jones' website hack investigated by DHS—priorities, people, priorities.",DHS Investigates Alleged Cyber Attack on Leslie Jones' Website
3278,area dad wants to watch new blu-ray of 'spring breakers' by himself,Local Father Plans to Watch 'Spring Breakers' Alone
1742,conjoined twins separated at birth reunited in freak accident,Conjoined Twins Reunited After 30-Year Separation
24301,"Watch live: The former ambassador graces us with his foreign policy wisdom, how thrilling.",Former U.S. Ambassador to the United Nations John Kerry Delivers Remarks at UN General Assembly
8305,okie hears there's sam's club work in new mexico,Sam's Club Opens New Location in New Mexico
21914,EU's migration plan: a shining beacon of human rights—if your idea of rights is 'drowning politely.',EU Migration Policy Faces Criticism Over Detention Conditions and Border Control
2162,new prisoner recognized from 'scared straight' visit,Former Prisoner Reunited With Fellow Inmate After Visiting Program
14230,Don't roll out the red carpet for Vietnam's autocratic leader? But he brings such charming oppression.,Vietnam's Authoritarian Leadership Faces Criticism for Repressive Policies
5534,report: fax machines still pretty impressive if you think about it,Report Highlights Decline in Fax Machine Usage
19680,Friday talking points: Because panicking is so last season.,Experts Warn Against Overreacting to Financial Market Volatility
20835,"The ABCs of parenting today, with a hipster twist – teaching toddlers to appreciate cold-pressed juice before bedtime.",Parents Introduce Cold-Pressed Juices to Toddlers' Diets
17777,Bodies in urban spaces: art that's not disturbing at all.,Art Installations in Urban Spaces
23639,Because we needed eighteen reminders that summers were better before we had responsibilities.,Summer Vacation Reminders Highlight Importance of Relaxation and Leisure
8262,trump makes light-hearted jokes with dead bodies of hurricane victims during visit to carolinas,Trump Visits Carolinas to Support Hurricane Victims
7205,bride always dreamed about making fiancé's friends sweat asses off in fucking sun,Bride Plans Outdoor Summer Wedding
10037,new prescription fish tank eliminates need for glasses while looking at fish,New Prescription Fish Tank Released
3448,bianchi introduces new bike for blocking commuters on subway during rush hour,Bianchi Introduces New Bike Designed to Block Commuters on Subway During Rush Hour
18709,Mathew Ward says be willing to work your way up – advice from someone who probably started at the top.,Local Man Offers Career Advice to Young Professionals
7432,"teen zebra doesn't give a shit how much you honk, he's not getting out of road",Teen Zebra Stands in Roadway
3784,country cd put on to impress repair guy,Repairman Fixes Broken CD Player
21622,"Women are the 'problem solvers' in Congress, says Emily's List founder—evidenced by the swift, bipartisan legislation they've passed.",Emily's List Endorses Women for Congress
27379,"Wasted cash in US fishing industry? Just a little inefficiency, nothing to see here.",US Fishing Industry Faces Financial Challenges Amid Declining Market and Declining Revenue
18893,Immigration reform might actually matter in two Colorado races. A shocking twist in a story that has zero relevance to anything.,Colorado Voters Face Tough Choices in Upcoming Elections
22879,"Cherry blossoms transform iconic D.C. landmarks a week early—must be the global warming party, and you're all invited.",Cherry Blossoms Bloom Early in Washington D.C.
22967,Could Quincy Jones be any cooler in this campaign? He's already peak cool.,Quincy Jones Campaigns for Democratic Presidential Nomination
11514,bouncer who's not that big must be fucking crazy,Bouncer at Local Nightclub Faces Criticism for Physical Intimidation
7356,"good guy with gun, bad guy with gun both excited to unload firearm in crowd outside arena",Gunmen Face Charges for Shooting at Arena Crowd
7872,300 million without electricity in india after restoration of power grid,India's Power Grid Restoration Leaves 300 Million Without Electricity
26025,"The burden of hate: so light and fun, said no one ever.",Hate Crimes Remain a Major Public Safety Concern
1669,confused audience member at town hall debate asking about city's new stoplights,Local Resident Questions City's New Traffic Light System at Town Hall Debate
22021,'Thank you' single-handedly ended all my problems and brought world peace,Local Man Credits 'Thank You' Song For Solving Personal Problems
27992,u.s. forces take over key afghan city that will be retaken by taliban when marines leave,U.S. Forces Secure Key Afghan City Ahead of Withdrawal
11111,carl bernstein weeps uncontrollably after learning bob woodward wrote a president book without him,Bob Woodward Publishes First Book About Trump Presidency
6919,sensitive scientists report 5 in 5 women don't know how beautiful they are,Study Finds Women Often Misjudge Their Own Physical Attractiveness
23270,Speak up and give back to fix the economy? If only it were that simple.,Economic Challenges Remain Complex and Difficult to Address
17405,"Testing in classrooms: enhanced interrogation for kids, because why not?",School Administrators Introduce Standardized Classroom Testing to Improve Academic Performance
19143,Ken Burns urges Stanford grads to believe survivors—groundbreaking advice.,Ken Burns Urges Stanford Graduates to Believe Survivors
3389,dog doesn't consider itself part of family,Family Dog Struggles With Separation Anxiety
5798,concert security drastically overestimating fans' desire to get close to cheap trick,Security Measures at Cheap Trick Concert Intensify
23864,"Universities, public spaces and the democratic way of life: Where debate thrives, or not.",University of Michigan Students Engage in Ongoing Debate Over Campus Governance
4097,latest online security breach forces mom to change post-it,Mother Changes Post-It Note to Secure Home Security System
12344,busy schedule forces vladimir putin to move up election win a couple days early,Vladimir Putin Wins Russian Presidential Election
24271,Rex Tillerson prepares for the most intense interrogation ever about his impeccable climate change record.,Rex Tillerson Prepares for Intensive Climate Change Interview
7798,guy on roof starting to think he might get away with it,Man Suspended From Roof of Building
23668,"Nestle to switch to cage-free eggs by 2020—animal welfare, but only when convenient.",Nestle Announces Commitment to Cage-Free Eggs by 2020
4044,49-year-old nearly back to pre-middle-school confidence levels,Local Man Returns to Pre-Middle School Confidence Levels
14366,A heartwarming tale about bathrooms and identity – just what we needed.,Local Man Shares Personal Story of Bathroom Identity Crisis
2248,u.s. advises allies not to border russia,U.S. Warns Allies Against Military Action Against Russia
2622,dude with knit hat at party calls beer 'libations',Man at Party Mistakes Beer for Wine
13213,"Celebrities and politicians unite for a feel-good photo op supporting LGBTQ rights, how original.",Celebrities and Politicians Gather for Photo Op to Support LGBTQ Rights
5937,'roseanne' taping repeatedly interrupted by reporters trying to interview members of white working class,Roseanne Barr's Comedy Taping Interrupted by White Working-Class Reporters
26127,"Nancy Pelosi to critics: bring it on? She's shaking in her boots, I'm sure.",Nancy Pelosi Faces Criticism Over Handling of House Ethics Investigations
25807,Australian ambassador's Paris engagement gives us impossible relationship goals,Australian Ambassador to France Engages in Romantic Relationship
3202,cruel owner chains bike outside in freezing weather,Local Man Chains Bike to Door in Freezing Weather
11885,burger king franchise owner adds sad little personal touches to restaurant,Burger King Franchise Owner Adds Personal Touches to Restaurant
10799,radiator saving single loudest clank for 3:32 a.m.,Radiator Maintenance Technician Works Late Shift
24272,"Cancer's next big miracle: immunotherapy, because past treatments were just practice runs.",Immunotherapy Shows Promise in Cancer Treatment
24743,Puppy comforts dog having a nightmare. Is this news or just a cute video?,Puppy Comforts Dog Having Nightmare
16170,NFL commissioner's genius solution to domestic violence shows they totally get it.,NFL Commissioner Roger Goodell Addresses Domestic Violence in League
19564,How to rekindle a lost passion in your life: because who needs new hobbies anyway?,Experts Recommend Rekindling Lost Passions to Maintain Personal Fulfillment
13842,Valerie Ramsey revolutionizes aging for women: one photo shoot at a time.,Valerie Ramsey Launches New Photo Shoot Campaign
11986,clinton blasts obama for slamming edwards jab,Clinton Criticizes Obama's Response to Edwards' Campaign Jabs
25433,"France still can't contain terrorism a year after Paris: who saw that coming, besides everyone?",France Faces Ongoing Terrorism Threats Amid Paris Attacks
9195,man figured drug addiction would take up a lot more free time,Man's Drug Addiction Takes Up Significant Time and Resources
16247,"Secret Service wanted to leak embarrassing info. Top-tier security agency, right there.",Secret Service Faces Criticism Over Security Failures and Inadequate Response to Threats
16337,Do Catholic Voters Really Support the Right to Die? That's News to Me.,Catholic Voters Support Right to Die
1491,radical islamic extremists snowboard into u.s. embassy,U.S. Embassy in Kabul Faces Security Threats
8137,rumsfeld sick of jokes about his fat girlfriend,Rumsfeld Faces Criticism Over Personal Life and Political Jokes
8685,american public gets exactly what it deserves for 112th straight election,American Public Expresses Satisfaction With 112th Presidential Election
21627,Nevada secretary of state reports 21 noncitizens might have voted—a colossal fraud that will surely topple the election results.,Nevada Secretary of State Reports 21 Non-Citizens May Have Voted in Election
21545,Friday's email: what to obsess over for four days because your life is that thrilling.,Friday's Email Highlights Daily Tasks and Responsibilities
22141,Med students reluctantly consider fighting Obamacare repeal.,Medical Students Express Concerns Over Potential Repeal of Affordable Care Act
16830,"Because nothing says 'community' like ignoring transphobic assaults, right?",Local Community Members Criticized for Ignoring Transphobic Assaults
11696,visionary sports columnist asserts that muhammad ali's greatest fight wasn't in the ring,Muhammad Ali's Greatest Fight Was Against Sonny Liston
3418,epa didn't know anybody was still drinking water,EPA Officials Express Concern Over Public Drinking Water Quality
14745,Mosul battle will determine Iraq's fate forever—or maybe just this week.,Iraqi Forces Advance on Mosul Amid Ongoing Conflict
15366,Nina Solomon's love book: the definitive guide to romance that will change your life or at least your dating app profile.,Nina Solomon's Romance Book Explores Dating App Profiles and Relationship Strategies
25906,"Employers use temps to skirt immigration laws – innovative, not unethical at all.",Employers Face Criticism for Hiring Temporary Workers to Avoid Immigration Laws
9273,dog can't believe owner left on fucking msnbc to keep it company while she at work,Dog Spends Day Alone While Owner Works From Home
5050,comic-book superrman impervious to copyediting,Comic Book Artist's Work Criticized for Lack of Editing
27565,"New Star Trek series in 2017: finally, the universe-saving we've all been craving.",CBS Announces New Star Trek Series to Premiere in 2017
2272,"asian economic woes force layoffs of 700,000 pop stars","Asian Economic Woes Lead to Layoffs of 700,000 Pop Stars"
14318,Demi Lovato and Wilmer Valderrama take a break. Celebrity relationships are so stable.,Demi Lovato and Wilmer Valderrama Reportedly Take Break From Relationship
20619,Rosamund Pike is ravishing in red. This fashion insight will change your life.,Rosamund Pike Wears Red Dress at Fashion Show
14353,"Deaver at his most dynamic? In 'Solitude Creek'? Sure, if dynamic means slow and boring.",Deaver's Performance in 'Solitude Creek' Receives Mixed Reviews
26672,"Ted Cruz defeats Donald Trump in Maine, proving even a loser can win sometimes.","Ted Cruz Wins Maine Primary, Secures Republican Nomination"
5169,teen study bible found to increase fun of religion by .03%,Study Bible Found to Increase Religious Engagement Among Teenagers
9838,cockroach worried about what kind of kitchen cupboard he leaving to children,Cockroach Found in Kitchen Cupboard
28313,"Behold the Great Fracturer, who shatters expectations, and the Indispensable Fragmenter, because fragments are everything.",Fracture Analysis Reveals Complex Geology Behind Earthquakes
11956,ivana trump calls ex-husband to ask him what he did to her beautiful baby boy,Ivana Trump Calls Ex-Husband Donald Trump Jr. to Discuss Son Barron
22882,"Hannibal Buress jokes about getting death threats after Cosby routine—the circle of life in comedy: tell a joke, get a threat.",Hannibal Buress Performs Stand-Up Routine at Comedy Club
15475,Noel Comrie's GPS guide to self-affirmations: because repeating nice things to yourself is the key to fixing everything.,Noel Comrie Shares Self-Affirmation Techniques
22668,"12 habits of genuine people – fake people, this one's for you.",Satirical Article Mocks Fake Self-Help Trends With Fictional Guide
6304,jogger horrified by discovery of own gruesome body,Local Jogger Finds Body of Missing 19-Year-Old in Forest
28208,Because nothing melts hearts like a prop infant.,Prop Infant Used in Photo Shoot
4726,diabetic 8-year-old throws worst birthday party ever,8-Year-Old Diabetic Boy Celebrates Birthday With Family
23358,Trump's plans will totally redefine America – or something.,Trump Announces Major Policy Shifts Ahead of 2016 Election
9155,excited firefighters point out kid on tricycle,Firefighters Patrol Neighborhood Streets on Tricycles
6585,dick durbin wakes up chained to radiator with instructions to saw open own stomach to access kavanaugh report,Dick Durbin Faces Intense Pressure to Support Kavanaugh Confirmation
296,"jury finds man guilty of murdering wife and children, but gets it",Jury Convicts Man of Murdering Wife and Children in Texas
18586,Aquaman thumbs up Trump's Paris exit: 'Saves underwater real estate!',Aquaman Depicts Trump's Paris Climate Change Withdrawal
14781,"Woman rants over service dog? Clearly, her meal is more important than a veteran's companion.",Woman Criticizes Service Dog for Accompanying Patient at Local Restaurant
11258,russian orphans devastated after realizing trump tower meeting not about getting them adopted,Trump Tower Meeting With Russian Officials Raises Concerns About Ongoing Russian Election Interference
8394,"'well, that was cool,' say archaeologists before dumping bones of king richard iii back into hole",Archaeologists Unearth King Richard III's Remains in Leicester
1857,friends star spontaneously shown attending televised nbc sporting event,Friends Attend NBC Sports Event
16161,World's most innovative companies: Where 'innovation' means slightly better ads.,Satirical Article Critiques Corporate Innovation Tactics
22565,Jack Antonoff opens up about depression. Because nothing says mental health awareness like a celebrity interview.,Jack Antonoff Discusses Mental Health in New Interview
19605,Queer response to Trump's wall: because love needs physical barriers.,Trump Administration Announces Plans to Build Wall Along U.S.-Mexico Border
25839,A Christmas miracle: something mildly pleasant happened.,Local Man Reports Mildly Pleasant Christmas Day Afternoon
7078,area man released after being wrongfully employed for 9 years,Former Employee Reinstated to Work After 9-Year Absence
17184,"Milk price like gasoline? Soon, we'll pay for air.","Milk Prices Rise, Fueling Consumer Concerns Over Rising Food Costs"
7735,"j.f.k. high cougars to go, fight, win",JFK High School Football Team Wins State Championship
20583,Latino voters hold the key to saving the planet? What could possibly go wrong?,Voters Cast Ballots in Election
1298,cousin really going all-in on retweeting porn stars,Cousin Shares Porn Star Images on Twitter
26660,Challenge: Amplify Sarah Palin's Trump endorsement to levels of absurdity previously unimagined.,Sarah Palin Endorses Donald Trump
22748,Beyond conservation: let's exploit until there's nothing left,Conservation Efforts Face Criticism Over Unrealistic Goals and Unrealistic Expectations
22551,"The day she let her son wait in the car: a minor parenting oversight, no big deal.",Mother Reluctantly Allows Son to Wait in Car for 30 Minutes
27730,foster home gets new shipment,Foster Home Receives New Group of Children
21538,"Mike Trout is the MVP—if you ignore all other players, sure.",Mike Trout Wins 2017 MVP Award
1257,tim ryan attempting to stand out from other candidates on debate stage by wearing blue power ranger costume,Tim Ryan Wears Blue Power Ranger Costume During Debate
14146,Washington state man jailed after attacking three gay men. But let's focus on 'both sides' of the tolerance debate.,Washington State Man Jailed for Assaulting Three Gay Men
8375,man has mosquito on the run,Man Reports Mosquito Bite
6552,"et, access hollywood, tmz choppers hovering above scene of gruesome red carpet dress",Red Carpet Dress Features High Neckline and Long Sleeves
2134,local news anchor mistakenly reveals salary during broadcast,Local News Anchor Reveals Salary During Broadcast
23106,A Senate bill that actually helps? Let's wait and see.,Senate Bill Introduced to Address Opioid Crisis
8497,experts refuse to warn of any new health hazards until americans deal with current backlog,Experts Warn of Health Risks from Current Medical Backlog
16765,Flat soda declared. The beverage industry weeps.,Flat Soda Declared Official Beverage
12400,slightly larger chair shifts delicate balance of office power,Office Chair Shifts During Meeting
2198,the backstreet boys or 'n sync release new album,Backstreet Boys and 'N Sync Release New Albums
26214,Bionic fingertip restores touch? That's a neat trick for amputees.,Researchers Develop Bionic Fingertip Prosthetic
20190,Smear campaign against Michigan candidate shows how welcoming politics is for Muslims. Totally fair.,Michigan Candidate Faces Intense Political Scrutiny
19319,"Jeb Bush quits firm that profited from Obamacare: finally, a principled stand.",Jeb Bush Quits Firm That Profited From Obamacare
27866,Netanyahu in bribery probe—this could topple governments and change history as we know it!,Netanyahu Faces Bribery Allegations Amid Political Turmoil
6760,republican establishment quietly relieved party no longer their responsibility,Republican Party Faces Criticism Over Lack of Leadership and Policy Direction
24209,12 ways to make your divorce as expensive as possible: like setting money on fire,Divorcing Couples Face Financial Challenges
4677,pair of 26-year-olds hit it off after learning they have student loans from same bank,Two University of Michigan Students Meet at Bank Branch
835,evening's events immediately recapped with digital-camera slide show,Local Woman Uses Digital Camera to Record Evening Events
12274,wheelchair basketball game enjoyed for all the wrong reasons,Wheelchair Basketball Game Draws Large Crowd
23000,"Man tries to set fire aboard plane in China, adding a touch of excitement to air travel.",Man Attempts to Set Fire on Commercial Flight in China
10842,all those years shopping at independent bookstore wasted,Local Woman Reflects on Years of Shopping at Independent Bookstores
21067,"Afghan president offers to legitimize Taliban, because peace talks are just that simple",Afghan President Offers to Facilitate Peace Talks Between Taliban and Government
21150,Philippines president promotes citizen-led drug eradication – because nothing says justice like mob rule.,Philippines President Promotes Citizen-Led Drug Eradication Efforts
2774,billcosby.com now somehow most eerie site on entire internet,Bill Cosby's Website Features Personalized Content and Personalized Recommendations
12180,supreme court justice benatar orders army to stop using sex as a weapon,Supreme Court Justice Antonin Scalia Dies
28195,"Finally, a diplomat whose policies pair well with fine wine.",Diplomat's Foreign Policy Record Criticized for Lack of Nuance
6131,media ignores cancer struggle of champion unicyclist,Local Cyclist Struggles With Cancer Diagnosis
16623,"It's heartwarming when a cop enjoys a joke about a Black superhero. Truly, we've overcome everything.",Police Officer Jokes About Black Superhero During Shift
17667,"Xavier Dolan on the run – in a thriller, because life imitates art?",Xavier Dolan's Film 'J'ai Tenu' Released in Theaters
20495,Carly Rae Jepsen drops another hit that will totally change your life.,Carly Rae Jepsen Releases New Single 'Run Away With Me'
16095,"How I finally stuck to a meditation schedule: after 100 attempts, I achieved enlightenment (or just stopped checking my phone).",Local Man Achieves Meditation Success After 100 Attempts
24100,One mom single-handedly solves the baby-feeding crisis with a single gorgeous photo.,Mother Shares Photo of Baby on Social Media to Solve Feeding Crisis
26975,The nightmare of Gaza continues? But didn't we all collectively agree to move on to the next news cycle?,Gaza Conflict Continues Amid Ongoing Humanitarian Crisis
5711,nation suddenly realizes it never had to worry about john mccain dying over past 8 years if he'd become president,John McCain Dies at 81
28500,rookie usda agent vomits after seeing first rotten orange,USDA Agent Vomits After Ingesting Rotten Orange
27368,"Fear not, GoT fans: Brexit won't affect the show, because TV productions are immune to global events, right?",Brexit Impact on Television Production and Global Events
3834,veteran brita filter's tour of duty extended another 3 months,Brita Filter Continues to Filter Water
17160,"Oh, the U.S. is so progressive on abortion access, right?",U.S. Supreme Court Upholds Right to Abortion
627,nation's parents announce they have zero fucking patience for this bullshit,Parents Express Frustration Over Teen's Social Media Addiction
21192,"These Social Media Apps Are Causing Trouble in Schools: Thank Goodness for Technology, Right?",School Administrators Express Concerns Over Rise of Social Media Apps in Classrooms
20201,What comics can offer Bible readers: because parables desperately needed more pictures.,Comic Book Publishers Introduce Graphic Adaptations of Biblical Parables
9642,"dc executive worried batgirl script not interesting enough to be movie, 3 more movies, 2028 reboot and 4 more movies",DC Executive Expresses Concerns Over Batgirl Script
15166,"Live inside your favorite book? Finally, an escape from all real-world problems.",Man Escapes Real-World Problems By Immersing Himself In Fiction
13286,"Spielberg defends Oscars from Netflix, because film is only for theaters",Spielberg Defends Oscars Amid Criticism Over Streaming Services
19699,Top Democrats defend the indefensible: A daily routine.,Democrats Defend Political Norms and Daily Routines
8350,quaker oats canister relabeled 'drugs' for grade school play,Quaker Oats Canister Relabeled for Grade School Play
16668,On the road to the Emmys with my entourage (a.k.a. my kids)—because nothing says glamour like diaper bags.,Mother Carries Diaper Bag on Red Carpet
17247,"Dangerous and delusional—just like my ex, but here describing a policy.",Congressional Budget Committee Approves $1.3 Trillion Budget
8713,michael brown audiotapes conclusively reveal exactly what you want them to,Michael Brown Autopsy Report Released
23554,Bayer wants to buy Monsanto for $62 billion—because monopolies are just what the world needs.,Bayer Announces $62 Billion Acquisition of Monsanto
14978,"Dare to Be 100: Yes, Virginia, Wherever—Location is Everything in Life",Local Woman Reflects on Life's Challenges and Opportunities
9348,exuberant trump rally crowd bats syrian refugee child around arena before candidate comes on stage,Trump Campaign Rally Draws Large Crowd in New York City
3028,"music playing in bar could stand to be louder, worse",Local Bar Owner Requests Music Volume Adjustment
9640,reverend al sharpton takes time off from holy duties to make tv appearance,Rev. Al Sharpton Makes Television Appearance
17315,"Trump promised no federal weed crackdown, but who trusts a word he says anyway?",Trump Vows No Federal Weed Crackdown
27115,Dress to repel on your first date—because nothing says 'I'm interested' like a garbage bag.,Local Man Wears Trash Bag to First Date
9345,desperate 'time' magazine announces 'man of june',Time Magazine Announces Man of the Month for June
1747,"man just wants to come home, hear lindsay lohan made fun of, get some sleep",Local Man Plans to Spend Evening Relaxing at Home After Work
6754,"nation offsets carbon footprint by planting single 300,000-foot-tall tree",Satirical Article Mocks Environmental Activism With Fictional Tree Planting
19959,8 truths? More like 8 ways to survive Valentine's Day without divorcing.,Valentine's Day Traditions Often Focus on Romantic Relationships
21829,"Bill Clinton takes his time on Air Force One, and Obama is totally okay with that (not!).",President Obama and First Lady Michelle Obama Board Air Force One
15006,"After yet another tragedy, Pakistan realizes that maybe, just maybe, extremism isn't the answer.",Pakistan Faces Ongoing Extremist Violence and Political Instability
8423,god loses decision-making coin,Satirical Article Depicts God Losing Coin of Decision-Making Power
25719,Inside Facebook's plan to build an artificial brain—because our privacy wasn't already compromised.,Facebook Faces Criticism Over Data Privacy Concerns
10475,inspirational english teacher canceled out by every other teacher at school,English Teacher Canceled From School After Complaints Over Classroom Management
6883,chris hemsworth deputizes hunk to assume 'sexiest man alive' duties in his absence,Chris Hemsworth Departs for Vacation
14319,An unexpected heirloom: like finding a tax bill in your grandmother's jewelry box.,Family Finds Tax Bill in Grandmother's Jewelry Box
7455,monopoly player insists on being wheelbarrow,Local Monopoly Player Requests Wheelbarrow as Game Piece
10830,cheering crowd actually trying to get attention of guy behind iron maiden,Crowd Cheers for Iron Maiden's Performance
10506,lesbian couple enjoys hot lesbian action,Lesbian Couple Enjoying Romantic Evening at Local Restaurant
26268,"Faith: 20 years strong, unlike your latest trend",Local Woman Reflects on 20-Year Marriage
11197,mom sits down for dinner 3 months after rest of family finishes meal,Mother Takes Three-Month Break From Family Dinner Duties
4580,area man meets that special someone else,Local Man Dates New Woman
11752,surgeon general mills recommends three to five servings of froot per day,Surgeon General Mills Recommends Three to Five Froot Loops per Day
8061,tearful tim kaine wandering around backstage at debate asking if anyone has seen his running mate,Tim Kaine Visits Debate Stage to Check on Fellow Vice Presidential Candidate
1543,bananas again sweep primates' choice awards,Satirical Article Mocks Primates' Choice Awards With Fictional Banana Category
22693,Michelle Wolf speaks out on dinner controversy – because the White House press corps needed more comedian drama.,Michelle Wolf Addresses White House Press Corps Dinner Controversy
14958,Activists protest Trump's 'swamp cabinet.' Because nothing says 'drain the swamp' like filling it with more crocs.,Trump Administration Faces Criticism Over Cabinet Composition
14676,"Trump sticks with Fox News, the epitome of balanced reporting.",Trump Maintains Close Relationship With Fox News
21772,"From 1937 to Hillary, Americans felt consistently positive about woman president? A seamless progression.",Historical Context Highlights Persistent Stereotypes and Disparities in Women's Political Representation
12783,mars maven begins mission to take thousands of high-resolution desktop backgrounds,Satirical Article Imagines Mars Mavens Collecting High-Resolution Desktop Backgrounds
5566,presidential debate commission anesthetizes audience to prevent outbursts during debate,Presidential Debate Commission Introduces Audience Anesthesia to Prevent Outbursts
8392,riaa bans telling friends about songs,RIAA Bans Members From Discussing Music With Friends
12138,new stapler makes all other staplers look like worthless shit,New Stapler Features Ergonomic Design and High-Tech Features
7781,grieving couple finds different ways to use stroller,Grieving Couple Uses Stroller to Transport Children
21163,"Socialism destroys Venezuela, but only Venezuelans can fix it – not the U.S. military, which never intervenes.",Venezuelan Government Faces Severe Economic and Political Crisis
2174,woman rises early to sow seeds of day's first gchats,Local Woman Prepares for Day's First Social Gatherings
22320,This flip-book marriage proposal is just the epitome of romance and originality.,Man Proposes With Flip-Book During Wedding Ceremony
24349,Forged document complicates Utah monument fight – because federal documents are always trustworthy and never forged.,Utah Monument Dispute Over Federal Land Ownership
25667,Gov. Markell believes Bernie wins? That's a sweet belief.,Gov. Markell Supports Bernie Sanders in Primary Election
16955,Pink single-handedly slays the digital dragon – raise your glasses to this modern-day heroine!,Pink Releases New Single 'Raise Your Glass'
26931,"Embed routines and rituals, because spontaneity is overrated anyway",Local Man Discusses Benefits of Routine and Rituals in Daily Life
5908,report: still a few seconds left where plane low enough to crash with everyone surviving,Report Highlights Safety Concerns Over Commercial Air Travel
2527,band dreams of one day becoming popular enough to alienate early fans,Local Band Members Discuss Long-Term Career Goals and Potential Fan Disappointment
28305,The real issue with fake news is that real news is just as fake— brilliant observation.,Critics Argue Fake News Is Just a Reflection of Real News
420,nation's older brothers recommend not being such a little bitch,Older Brothers Warn Younger Siblings Against Aggressive Behavior
15605,"Trainers reveal the absolute worst fitness advice, like 'just skip leg day'—groundbreaking stuff.",Fitness Experts Criticize Common Workout Advice and Recommendations
1683,'piggies' written in blood on clouds only clue in shocking murder of six angels,Satirical Article Imagines Fictional Murder of Six Angels
1301,barbecue chicken panini succumbs to howard-related causes,Howard's Barbecue Chicken Panini Disappears
14118,"Trump refugee order dashes hopes of Iraqi allies: rewarding loyalty with deportation, the American way.",Trump Administration Announces New Policy to Deport Iraqi Refugees
26540,Amazon-Hachette feud overlooks indie authors—because who reads them anyway?,Amazon and Hachette Dispute Royalties for Indie Authors
2610,gmail user pities hotmail user,Gmail Users Frequently Compare Email Services to Microsoft Hotmail
27409,"Google Street View: not just for maps, but for autism communication too.",Google Street View Maps Feature Virtual Autistic Individuals
20672,"Neighbors 2 tackles sexism subtly, as comedies do.",Neighbors 2: Sorority Wilds Explores Stereotypes and Sexism in College Comedy
7012,so-called professional gamer not even racist,Professional Gamer Criticized for Racist Comments
5863,giant altoid headed toward earth'curiously strong' celestial body will extinguish all life,Satirical Article Imagines Giant Altoid Mint Heading Towards Earth
7468,"scandal: mccain won miss congeniality of u.s. senate in 2000, 2003",John McCain Wins Senate Re-election in 2000 and 2003
13651,"Wilmer Flores' Friday night was so Hollywood, they're already planning the sequel nobody asked for.",Wilmer Flores' Hollywood Career and Acting Career
1443,area grandmother comes forward as 'banksy',Local Grandmother Claims Bank Robbery Involvement
1163,netflix gently reminds 'arrested development' fans that new episodes of the show won't actually solve world's problems,Netflix Reminds Fans That New 'Arrested Development' Episodes Will Not Solve Global Problems
20598,Paying extra for airline seats: because comfort is overrated anyway.,Passengers Pay Extra for Premium Seats on Commercial Flights
20981,"Murdoch, racial expert, declares Carson the 'authentic black president' we've all been waiting for.",Fox News Hosts Racist Rant About Black President
4779,genealogists find 99% of people not related to anyone cool,Genealogists Find Majority of People Not Related to Anyone Famous
13367,"Sales of '1984' spike after Conway's interview? What a coincidence, or is it doublespeak?",Conway's Interview Sparks Speculation Over Potential 1984 Adaptation
2133,cool glitch effect on movie studio logo must mean shit about to go down,Movie Studio Logo Features Glitch Effect
21398,A mystery painter turns anti-Muslim graffiti into love—because one spray can fixes systemic racism.,Local Artist Creates Anti-Muslim Graffiti as Anti-Racism Protest
18403,Florida woman turns wedding into a disaster movie—climax not included.,Florida Woman's Wedding Turns Into Disaster After Uninvited Guests Arrive
17490,"Hillary Clinton offers a 'basic bargain' for the economy, because nothing fixes complex problems like simple slogans.",Hillary Clinton Campaigns on Economic Issues
9632,exterminator kind of surprised apartment doesn't have roaches,Exterminator Finds No Roaches in Apartment
6219,trump delivers anecdote about small business owner who isn't half the man he is,Trump Discusses Business Owner During Campaign Stop
17026,"Ego-centric art world killing art: Finally, some real art.",Art World Criticizes Ego-Centric Trends and Commercialization
19574,I'm finally ok with letting myself be 'uncomfortable' – my new favorite state of being.,Local Woman Finds Comfort in Embracing Uncomfortable Situations
15054,Snoop Dogg gives turkeys instead of... other things. How sweet.,Snoop Dogg Donates Turkeys to Local Family
26285,Chadwick Boseman delivering commencement? Because actors are experts on graduation.,Chadwick Boseman Delivers Commencement Address at Harvard University
2840,fda deems genetically modified salmon too handsome to eat,FDA Declines Genetically Modified Salmon for Human Consumption
5871,god admits he never created gerbils,Satirical Article Claims God Created Gerbils
23965,Transit strike? Just tweet—Twitter solves everything.,Twitter Users Criticize Transit Strike Over Social Media
22166,Campus safety activism: how I traded studying for sit-ins.,Campus Safety Activism Highlights Student Concerns Over Campus Safety
13713,9 amazing spring cleaning tips for dog owners. Because your house isn't already a mess.,Dog Owners Frequently Overlook Spring Cleaning Tasks
17154,"De Blasio names new schools chancellor, then candidate backs out on live TV – seamless transition.",De Blasio Appoints Chancellor of New York City Schools
14962,Oklahoma governor compares striking teachers to a car-obsessed teen. Because fair wages are so teenage.,Oklahoma Governor Signs Bill to Increase Teacher Salaries
25833,Why is the self-defense narrative so powerful for gun owners? Could it be the lobbying?,Gun Owners Advocate for Second Amendment Protections Amid Ongoing Gun Control Debates
21338,"Finally, a museum for HBCUs—took us long enough.",Satirical Article Mocks Historically Underfunded Historically Black Colleges and Universities
16016,"Half of abortion clinics in Ohio closed—progress, they call it.",Ohio Abortion Clinics Face Financial Challenges
3409,puppy love leads to human baby,Puppy Found in Abandoned Car in New Jersey
19556,"The police chief is sick of inaction on gun control? Join the club, chief.",Police Chief Criticizes Lack of Gun Control Action in Wake of Mass Shooting
26957,"How the middle class shaped folk art: by buying cheap decor, I guess.",Middle-Class Consumers Drive Demand for Affordable Home Decor
13879,6 things you need to know about the nation's strictest medical weed law: Like how to get arrested for having a prescription.,Medical Marijuana Laws in the United States
20578,"Barksdale, inspiration for 'The Wire,' dies in prison? Just another day in the life of a fictional character's real counterpart.","Barksdale, Fictional Baltimore Drug Kingpin, Dies in Prison"
7270,new study finds human beings were never meant to wake up from sleep,Satirical Article Claims Humans Were Designed to Sleep Forever
6218,sotomayor to add ballistics expertise to already deadly supreme court,Supreme Court Justice Sonia Sotomayor
13097,First month with baby: you've already mastered it all.,New Parents Report Overwhelming Challenges of First Month With Baby
22202,Just add 'ultra-rare' to the grant application; they'll notice.,Grant Application Instructions Emphasize Detailed Budgets and Specific Requirements
17665,Gay ex-NFL player wins on The Voice – because singing is just like football.,Former NFL Player Wins Season of The Voice
834,"'i promise to work tirelessly to achieve my campaign's goals,' threatens trump in terrifying address",Trump Delivers Address at Republican National Convention
10625,ammonia-factory leak exposes texas town to mexican working conditions,Texas Town Faces Criticism Over Working Conditions and Safety Concerns
15673,"Climate Change Haunts Pumpkins, Because Nothing Says Global Warming Like Squash",Climate Change and Global Warming Impact on Pumpkin Harvest
11982,condoleezza rice drives halfway to airport before realizing she forgot interpreter,Condoleezza Rice Arrives at Washington Dulles International Airport for Diplomatic Meeting
23690,'Kimmy Schmidt' Star Tituss Burgess Follows Up 'Peeno Noir' with Ode to Multicultural Penis: The Highbrow Cultural Commentary We Deserve,Tituss Burgess Performs at New York Comedy Club
13282,"Biden slams Trump: 'he would have loved Stalin,' because comparisons are helpful",Biden Criticizes Trump's Foreign Policy and Diplomatic Style
6145,stephen miller furious at propublica for only releasing 7-minute recording of immigrant children sobbing,ProPublica Releases 7-Minute Audio Recording of Immigrant Children's Sobs
828,jews' covenant up for renewal with god,Jewish Community Prepares for Renewal of Covenant with God
17807,Brazil's impeachment is hypocritical? I'm appalled.,Brazil's Impeachment Trial Raises Questions About Political Accountability
20275,Trump unveils tax plan to lower taxes for millions: if you define 'millions' as 'billionaires'.,Trump Announces Tax Plan to Lower Tax Rates for Billionaires
19881,Exploring the complex psyche of mass murderers. What could possibly be wrong with them?,Experts Discuss Psychological Factors Contributing to Mass Murderers
12594,woman launches into 4-minute self-deprecating preamble before speaking mind,Local Woman Shares Personal Story at Office Meeting
9085,"pfizer researchers discover new stimulating, medicating, captivating cure for what ails you",Pfizer Researchers Announce Discovery of New Medication for Treatment of Depression
267,nissin introduces extra-large drum noodles,Nissin Introduces Extra-Large Noodle Packets
10384,all-beef patty 70 percent beef,Satirical Article Mocks Fast-Food Beef Patty Marketing
14374,"Luther Strange, unfazed by heat, suddenly champions filibuster reform.",Luther Strange Defends Filibuster Reform Amid Criticism
17274,"Erdogan's tyranny: so oppressive, it inspires dystopian novels.",Erdogan's Authoritarian Rule Sparks Fictional Dystopian Novels
18009,'P is for p*ssy' is the alphabet book of your wet dreams – if your dreams are that basic,Local Man Shares Personal Alphabet Book of Sexual Fantasies
13527,"Forum targets homelessness—because speeches end poverty, obviously.",Homeless Advocates Criticize Politicians for Failing to Address Poverty
4014,republicans praise nixon administration for allowing qaddafi to rule libya so he could one day be overthrown,Republicans Praise Nixon Administration for Libya's Fall to Qaddafi
2410,national dialogue dusted off,National Dialogue Returns to Focus on Political Issues
10209,report: north dakota leads nation in parking availability,Report Highlights North Dakota's Low Parking Availability
16486,Mashed potato recipes you want and need: for when life's too short for other foods.,Classic Mashed Potato Recipes Remain Popular and Essential for Comfort Food
9962,"natalee holloway, osama bin laden celebrate 5-year wedding anniversary",Natalee Holloway's Disappearance Remains a Mystery Five Years After Disappearance
15026,"The other Rev. King from Mississippi has some thoughts, probably just as inspiring as the first.",Rev. Martin Luther King Jr. Memorial Honors Second Mississippi Baptist Minister
6124,area man would have done things differently if he were killer in movie,Local Man Reflects on How He Would Have Conducted a Murder in a Film
11223,man receives first baboon-face transplant,Man Receives First Baboon-Face Transplant
15380,Will Greater Israel transform into Greater Palestine? Let's consult the crystal ball of geopolitical tensions.,Critics Warn Against Escalating Israeli-Palestinian Conflict
4450,news of uncle's death deleted by spam filter,Spam Filter Deletes News Article About Uncle's Death
23724,Wyclef still down for Fugees reunion—we'll see when it happens.,Wyclef Jean and The Fugees Reunite for Charity Concert
14464,Obama on reparations: he'll get right on that after fixing everything else.,Obama Addresses Reparations for Slavery and Racial Inequality
17233,"Sylvester Stallone spent $400k on a statue of himself—modest, really.",Sylvester Stallone Purchases Statue of Himself
26754,"Pollsters polled on bizarre polls, what could go wrong?",Pollsters Face Criticism Over Questionable Polling Methods
19402,It takes 20 celebrities to explain why 62 million girls are dumb – clearly insufficient.,Satirical Article Mocks Celebrity Apologies for Misunderstood Girls
13541,"What to buy your 'basic' friend this holiday season, according to Pinterest's deep wisdom.",Pinterest Users Share Holiday Gift Ideas for Friends
13960,Mitch McConnell marvels at the judicial crisis he single-handedly engineered. What a visionary!,Mitch McConnell Faces Criticism Over Judicial Appointments
21775,Romney goes after Obama with PowerPoint? The pinnacle of political critique.,Romney Criticizes Obama's Policy Record With PowerPoint Presentation
9909,nasa says presence of diving board on mars confirms planet may have once contained water,NASA's Curiosity Rover Discovers Evidence of Ancient Lake on Mars
222,jimmy fallon six tantalizing months from disappearing forever,Jimmy Fallon's Six-Month Contract Extension
1362,twitch streamer sets new record for longest stream lying dead on camera,Twitch Streamer Sets New Record for Longest Stream
24768,Ramadan Day 7: Prayers for Burma's camps—because thoughts and prayers always fix genocide,Satirical Article Critiques Political Hypocrisy Over Humanitarian Concerns
23472,"Nonsense that makes perfect sense: a story of friendship, cookies, and cake",Local Friends Share Homemade Cookies and Cake to Celebrate Friendship
2539,self-conscious puppet has no idea what to do with hands,Puppet Performs Routine in Theater
19235,Can you name all the colors in nature? (Spoiler: it's not just green and brown.),Satirical Article Mocks Color Terminology With Fictional Natural World
18985,This man's tweets cryptically pay homage to a Smash Mouth classic. Because nothing says deep thought like 'All Star' lyrics.,Local Man's Twitter Posts Referenced Smash Mouth's 'All Star'
5407,esports star suspected of using peds,Esports Star Accused of Child Sexual Abuse
21158,Chris Christie abandons Trump's campaign – loyalty at its finest.,Chris Christie Abandons Trump's Presidential Campaign
4509,investigation exposes ebay user for selling fake pulitzer medals,Ebay User Sells Fake Pulitzer Prizes
9283,"study finds placing one foot forward, then the other, remains best method of walking",Study Finds Alternating Footsteps Remain Most Efficient Walking Technique
28159,Turning tragedy into profit: the Hollywood way.,Hollywood's Profitable Tropes and Marketing Strategies
1966,"report: kanye west, bill gates, tom hanks all currently reading, enjoying this article",Satirical Article Mocks Celebrity Readership With Fictional List of Celebrities Reading Current News
21434,Bolt casually adds another gold.,Bolt Wins Gold Medal in 100m Dash
16396,How do you know when a beauty product is 'the one'? When the marketing budget is high enough.,Beauty Industry Marketing Strategies Often Prioritize Brand Recognition Over Product Quality
22840,A heartwarming tale of how minor fines lead to desperation. Our justice system works!,Local Man Faces Financial Hardship After Being Fined $50 for Minor Traffic Infraction
2938,biden unleashes torrent of vomit on debate stage,Biden Delivers Strong Performance During Democratic Debate
4523,third-grade slumber party a snakepit of machiavellian alliances,Third-Graders Gather for Slumber Party
7006,liberal feels like idiot for placing entirety of hopes on mueller probe instead of new york prosecutors' investigation,New York Prosecutors Investigate Allegations of Corruption in Trump Administration
8405,horrible pack of theme-restaurant waitresses alerted of patron's birthday,Patrons at Local Restaurant Express Disappointment Over Uninvited Birthday Party
4682,"weird kid opts to sit perfectly still, let universe decide his fate after teacher instructs class to pair up",Teacher Instructs Class to Pair Up for Group Activity
18008,"Disaster movies are tame compared to what happened 3.3 billion years ago – which was literally the end of the world, probably",Scientists Discuss the Tonal Differences Between Disaster Movies and Earth's Catastrophic History
4304,justin timberlake already beneath u.s. bank stadium waiting for super bowl halftime show to start,Justin Timberlake Performs at Super Bowl XLVII Halftime Show
24297,White House threatens Iran but then reassures the nuke deal is okay—clear and consistent policy.,White House Officials Reaffirm Commitment to Iran Nuclear Deal
9068,ozzy wins tickets to ozzfest,Ozzy Osbourne Wins Tickets to Ozzfest
6915,fda recalls food,FDA Recalls Food Products Due to Safety Concerns
15139,"China's video explains rejection: 'We reject because we can, and you can't stop us.'",Chinese Video Criticizes Foreigners for Trying to Steal China's Successes
15213,Franco opens up about the 'uncomfortable' scene that was totally fine.,Franco Discusses Recent Scenes in New Film
9444,doctors discover purpose of appendix is to contain human soul,Satirical Article Claims Doctors Found Appendices Contain Human Souls
9461,man just wants one trip to laundromat where he doesn't meet perfect woman,Local Man Plans to Visit Laundromat to Meet Potential Partner
20970,Dems applaud GOP chair's heroic effort to shield Russia probe from public scrutiny.,GOP Chair Rebuffs Democrats' Calls for Investigation into Russia Probe
1860,enterprising child saves $54 to buy barrel of oil,Child Saves $54 to Purchase Oil Barrel
3726,woman bids farewell to former self before beginning new skin care regimen,Local Woman Begins New Skincare Routine
7617,guy at bank has weird hair for guy who works at bank,Bank Customer Complains About Employee's Unconventional Hair Style
26039,Religious freedom clauses block marriage equality: protecting bigotry since day one.,Religious Freedom Clauses Block Same-Sex Marriage
425,authoritarian secretary of transportation declares she has ultimate right of way in every traffic scenario,Transportation Secretary Announces New Rules to Improve Traffic Safety
3767,"scientists discover 6,000-year-old stain","Archaeologists Discover Ancient Stain on 6,000-Year-Old Pottery"
11436,frustration with husband taken out on soap scum,Local Woman Expresses Frustration Over Husband's Messy Living Conditions
4099,encouraging report shows 45% of onion social users survive beta testing,Onion Social Beta Testing Continues Despite Criticism Over User Safety Concerns
10978,woman mad boyfriend not jealous she danced with other guy,Woman Disappointed After Boyfriend Dances With Other Man
11773,angela merkel admits she only attending stupid work conference for free trip to argentina,Angela Merkel Attends Annual European Council Meeting
12393,oscar meyer introduces new wiener mobility scooter,Oscar Mayer Introduces New Wiener Mobility Scooter
9685,ladykiller gets life sentence,Man Sentenced to Life in Prison for Murdering 19-Year-Old Woman
23805,Armed citizens guard military bases—because the military is clearly understaffed and needs vigilantes.,Military Personnel Guard Fortifications
22880,"Airplane's terrifying landing may put you off flying for good—that landing was so smooth, you'd think it was a pillow.",Passengers Describe Smooth Landing on Commercial Flight
20144,Slushing in Utah: The exciting end-of-season activity that's basically dirty slush.,Utah Residents Enjoy Winter Sports and Activities
27497,West Virginia teachers' strike threatens to collapse the entire state economy.,West Virginia Teachers' Strike Threatens State Economy
13049,dad clarifies this not a food stop,Father Clarifies Restaurant Menu Misunderstanding
21949,"The Defiant Ones: Dr. Dre and Jimmy Iovine's journey to make music and, oh yeah, pile up cash – how noble.",Dr. Dre and Jimmy Iovine's Business Ventures and Financial Success
8272,hands-off mom lets kids create own psychological issues,Mother Allows Children to Create Their Own Psychological Issues
1580,grimacing congressman quickly drafts legislation for charley-horse research,Congressman Introduces Legislation to Fund Charley-Horse Research
26064,"Heartbreaking illustrations of last words, a cheerful topic for all.",Illustrations Depict Final Words of Famous People
8674,4 angels banished from heaven for attempting to unionize,Four Angels Banned From Heaven For Attempting To Unionize
24132,North Korea missile puts US in range? Another normal day in geopolitics.,North Korea's Missile Test Raises Concerns Over Global Security
2913,leaked 'the last jedi' footage reveals chewbacca balding since 'the force awakens',Satirical Article Claims Chewbacca's Hairline Has Changed Since 'The Force Awakens'
21946,Trans Houdini sneaks into men's locker room – just another day in magical mischief.,Transgender Man Enters Men's Locker Room
10985,your neighbors: should you consider talking to them?,Local Residents Recommend Talking to Neighbors to Resolve Disputes
4827,dot declares pothole too perfect to fill,DOT Declares Pothole Too Perfect to Fill
11984,report: more women forgoing taking their husbands' names in favor of something badass like diesel,Study Finds Women Are Choosing Diesel Engines Over Traditional Names
7346,macy's concludes thanksgiving day parade with traditional procession of santa's coffin,Macy's Thanksgiving Day Parade Concludes With Santa's Coffin
1866,"25-year-old moving into comfortable, rent-free arrangement in parents' home worried he's hit rock bottom",25-Year-Old Moves Into Parents' Home For Rent
2911,chuck schumer relieved he's never taken stance meaningful enough to have someone mail him explosive,Chuck Schumer Maintains Low Public Profile
25742,"A canoe survives a hurricane; clearly, it's the most important historical artifact Florida has ever seen.",Hurricane Makes Landfall in Florida
9850,crocodile hunter the same way in bed,Crocodile Hunter Steve Irwin Dies in Ambush
27563,Planet crosses carbon milestone – just a minor hiccup in the climate crisis.,Satirical Article Mocks Climate Change Deniers With Fictional Carbon Milestone
13538,"The Birth of a Nation is still a thing, a century later—how timeless.",The Birth of a Nation Continues to Be a Controversial and Controversial Film
20603,"Defeating ISIS will take years? Say it isn't so, officials.",U.S. Officials Reaffirm Commitment to Defeating ISIS
9332,keanu reeves recalls preparing for 'john wick 3' by acting in two previous 'john wick' films,Keanu Reeves Reflects on Preparation for John Wick 3
22140,Chopra Center trial proves mindfulness cures all: science is so impressed.,Chopra Center Trial Highlights Benefits of Mindfulness Meditation
13387,"Trump desperately seeks liberal approval by name-dropping Michael Moore, a masterstroke of political genius",Trump Campaigns for Democratic Support
17423,Heroic officer rescues skunk after ducklings—animal superhero or just quirky?,Officer Rescues Ducklings From Skunk in Rural Pennsylvania
4794,chili's introduces savory new 200-times-baked potatoes,Chili's Introduces New 200-Times-Baked Potatoes
8891,'new york times' announces new columnist will contribute nothing to society 3 times a week,New York Times Announces New Columnist to Replace Regular Columnists
26659,"Documentary advocates for supervised heroin sites, adding 'safe injection' to the American dream.",Satirical Article Mocks Anti-Drug Advocacy With Fictional 'Safe Injection' Documentary
26557,"Priest preaches religion of acceptance, because that's what religion is known for",Priest Preaches Acceptance and Compassion at Church Service
13557,"Bergdahl finally faces court martial—about time, really.",Bergdahl Faces Court-Martial for Desertion and Treason
23812,Kim K shares baptism photos—because nothing says sacred like a social media post.,Kim Kardashian Shares Baptism Photos on Social Media
9676,report: takeout place put burrito in completely different container this time,Report Highlights Disappointing Quality of Fast-Food Burritos
1971,grandma in nursing home starts adorable little sexual relationship,Nursing Home Resident Engages in Sexual Relationship With Resident
21718,"Revealed: Gilmore Girls characters' fates, this changes everything we thought we knew about TV lore.",Gilmore Girls Characters' Fates Revealed in New Series Finale
18373,Artists are drawing faces to spread love – because art solves everything.,Artists Use Portraits to Spread Love and Positivity
4343,man can't wait to find out if millennium falcon gets out of that tunnel,Man Excited to Watch Millennium Falcon Escape from Death Star in New Film
25335,"Beyonce shows love for Cha Cha and Lone Star, proving she's just like us.",Beyoncé Performs at Houston Concert
24410,Rebrand Columbus Day? Because 'genocide appreciation day' was too on the nose.,Columbus Day Celebrations Face Criticism Over Historical Inaccuracy
24076,"How to locate lost life insurance policies: step one, stop losing things.",Life Insurance Policies Frequently Lost or Misplaced
17240,Video relaunches investigation—because nothing says justice like a viral clip.,Satirical Article Mocks Viral Video Investigations With Fictional Case
5650,crude but functional starbucks hewn from rock facing,Starbucks Opens New Location in Rockingham Park
15093,"Scottish leader demands new referendum, threatening to hold votes every week until independence is achieved.",Scottish National Party Leader Calls for Referendum on Independence
17747,"Trump to meet with Vogue, Vanity Fair: connecting with the common folk.",Trump to Meet With Vogue and Vanity Fair Editors
19400,Will a mega-billionaire fix GOP's insurance mess? Only in fairy tales.,GOP Faces Severe Financial and Operational Challenges
21333,"Ebola in semen? Just a minor inconvenience, really.",Ebola Outbreak in Democratic Republic of Congo
17864,Watch live: Lili Taylor talks ABC's 'American Crime' – who needs reality when you have scripted drama?,Lili Taylor Discusses ABC's 'American Crime' on ABC News
5189,pork chop trapped in airtight container,Pork Chop Stored in Airtight Container
7450,polar bear cub just knows he's going to be last of species,Polar Bear Cub Found in Remote Arctic Region
20317,"Michael Slager's fate hangs in limbo after being caught on camera, justice moves fast.",Michael Slager Sentenced to 10 Years in Prison for Sexual Assault
8677,"depraved candidate struggling to support $100,000-a-day advertising habit",Democratic Presidential Candidate Faces Criticism Over High Campaign Spending
16052,A 4-year-old girl killed in a road rage incident. Just a typical Tuesday on our roads.,Four-Year-Old Girl Killed in Road Rage Incident
6979,mel gibson - his performance in 'payback' still not getting enough credit,Mel Gibson's Performance in 'Payback' Criticized for Lack of Depth
27455,Elizabeth Warren attends Trump's inauguration: a bold move to support democracy or just to people-watch?,Elizabeth Warren Attends Trump's Inauguration
24498,Kenya should not sign: because China and SA are such trustworthy partners.,Kenya's Economic and Strategic Interests Align with China and South Africa
25104,Greece and Europe on the edge? Again? This economic thriller never gets old—or solved.,Greece Faces Severe Economic Crisis and Debt Crisis
220,"well, neighbors just got a pit bull",Neighbors Acquire Pit Bull Puppy
7785,poke with stick confirms raccoon's death,Raccoon Found Dead in Forest
8340,"following death of adam yauch, grieving china frees tibet",China Declares Independence From Tibet
20038,Fellow millennial voters: no one owes us a damn thing... except maybe that $1.7 trillion in collective student debt we 'chose' to take on.,Millennial Voters Express Frustration Over Student Debt and Economic Inequality
195,report: north korea just enjoys nuclear talks,Report Highlights North Korea's Continued Focus on Nuclear Diplomacy
11593,bailiff can't help wondering what life would be like on other side of judge,Bailiff Reflects on Life Behind the Judge's Bench
24813,Woman who was beaten on TV has some minor thoughts on the experience.,Local Woman Reflects on Being Physically and Emotionally Assaulted on Television
21321,"Watch: 2014 BET Awards performances – relive the hits from a decade ago, because time stands still.",Watch 2014 BET Awards Performances Featuring Iconic Hits
99,homosexual dolphin has highly developed sense of gay-nar,Satirical Article Depicts Dolphin With Gay-Themed Name
23149,"Boomers' guide: retire, dance, die, but chocolate first—deep.",Boomers' Guide to Retirement and Lifestyle Advice
3395,olympic bronze medalist to appear in flintstones on ice,Olympic Bronze Medalist to Appear in Flintstones on Ice
390,head on pike really pulling together castle's look,Castle Walls and Towers
4783,"man fishes for legendary, elusive compliment",Local Man Struggles to Find Genuine Compliments
308,grandma excited to show off new beach sweater,Grandmother Wears New Beach Sweater to Family Gatherings
12889,pence tells emotional story of longtime friend who was aborted after second trimester,Vice President Mike Pence Discusses Personal Life and Family
45,man in international airport only speaks business,Man in Business Attire Spends Entire Flight in Airport Terminal
4887,war criminal a grandpa,Former Bosnian Serb General Radovan Karadžić Sentenced to 40 Years in Prison
12612,santa anita park officials announce they will stop allowing bets on all upcoming horse deaths,Santa Anita Park Officials Announce Decision to Stop Horse Racing Bets
10207,taco bell's five ingredients combined in totally new way,Taco Bell Announces Five-Ingredient Menu
16735,Epidemic of gay loneliness? Must be from all that societal acceptance causing fatigue.,Satirical Article Critiques Societal Pressure on Gay Individuals to Conform
20972,"Why appreciate someone only after they leave? Obviously, it's the best management practice.",Experts Recommend Appreciating Employees After They Leave to Maintain Workplace Morale
27547,Why stay in your comfort zone when you can be uncomfortably enlightened?,Local Man Decides to Take Risks and Travel Abroad to Expand Personal Horizons
23112,Footy McFooty Face: because naming things is hard.,Local Man Creates New Football Term 'Footy McFooty Face'
12410,author accepts award on ghostwriters' behalf,Author Accepts Award for Fiction Novel
19849,"John Stamos has no mercy shading Drake Bell, the feud of the decade.",John Stamos and Drake Bell Engage in Public Feud Over Drake's Career
6345,study: majority of new marine life species now discovered while cleaning oil spills,Study Finds Majority of New Marine Species Discovered in Oil Spills
9344,man in suit makes decision affecting thousands of non-suited individuals,Man in Suit Makes Major Business Decision That Affects Thousands of Employees
20812,Obama says look to a veteran when cynical? Because veterans always have the answers in a world that keeps failing them.,Obama Discusses Veterans' Support and Cynicism at White House Press Conference
25528,Save $600 a year with these tips! (By giving up everything fun.),Local Woman Saves $600 Per Year By Cutting Back On Leisure Activities
5874,"'this map will change the way you see westeros,' reports never-ending cascade of subhuman bullshit",Satirical Article Mocks Fantasy Map Prophecies With Fictional Westeros Map
20754,Best Kimye wedding Instagrams; because their marriage is the epitome of stability.,Kimye and Kanye West's Wedding Photos
19695,Miley Cyrus freaks out over Hilary Duff call: Because childhood stars never grow up.,Miley Cyrus Expresses Frustration Over Hilary Duff's Recent Call
13865,The Kurds' bitter defeat in Iraq is now everyone's problem. Just a minor bump in global politics.,Iraqi Forces Defeat Kurdish Insurgents in Battle for Kirkuk
10798,cam girl has ash on forehead,Cam Girl Appears in Video
15708,"Tom Cotton believes Trump's 'tough guy' act includes waterboarding, how reassuring.",Tom Cotton Defends Trump's Foreign Policy Record
28379,"james fenimore cooper, famed american novelist, dies at 224","James Fenimore Cooper, Famed American Novelist, Dies at 224"
21766,"Hannity rips Kimmel as 'twisted, creepy weirdo'? So mature and respectful.",Hannity Criticizes Kimmel Over Late Night Interview
26515,"I was, but now I am: words that will change your life, or something.",Local Man Reflects on Life After Major Life Change
2953,area man's mother sizes up new girlfriend's pelvic span,Local Man's Mother Sizes Up New Girlfriend's Waistline
28252,Class act: allegedly pleasuring himself near children. Some people's hobbies are just... unique.,Local Man Accused of Indecent Exposure Near Children
1992,"experts point to long, glorious history of successful u.s. bombing campaigns",Experts Highlight Long History of U.S. Military Operations in Afghanistan
13205,"Breaking news: My internal soundtrack has been upgraded, and you won't believe the change!",Local Woman Updates Personal Music Playlist
6740,boss makes lipstick prints on paychecks for valentine's day,Boss Applies Lipstick to Paychecks for Valentine's Day
2397,"new, improved olean 30 percent less likely to make you shit in your pants",Olean Announces New Marketing Campaign Highlighting Improved Digestive Health Benefits
1787,it impossible to tell what sounds will freak out cat,Cat Owner Reports Unpredictable Reactions to Various Noises
16213,Caitlyn Jenner will reportedly attend Trump's inauguration: A beacon of inclusivity in a diverse administration.,Caitlyn Jenner to Attend Trump's Inauguration
14581,Thoughts and prayers: my weekly solution to world problems.,Local Man Uses Prayer as Primary Coping Mechanism for Daily Stress
25303,Obama and Democrats set a trap for Trump. How cunning.,Obama and Democrats Prepare for Trump's Inauguration
6207,nabisco tentatively adds hummus to list of approved ritz toppings,Nabisco Announces Hummus as New Ritz Cracker Topping
20051,rubio's new hardline immigration stance: because moderation is for losers,Marco Rubio Announces New Immigration Policy
9322,area 8-year-old formally rescinds hunger complaint following mother's insulting banana offer,8-Year-Old Boy Rescinds Hunger Complaint After Mother's Banana Offer
2432,automakers ask nation if it still wants that handle above car windows,Automakers Face Criticism Over Lack of Standardized Car Windshield Handles
22032,Pearl Harbor survivors master mannequin challenge: history never looked so motionless,Pearl Harbor Survivors Participate in Mannequin Challenge
24575,"Victims' families don't care about politics? Right, because grief is so apolitical.",Victims' Families Dismiss Political Concerns Amid Grief
27218,"AARP warns about scams—because retirees are never targeted, right?",AARP Warns Retirees About Scams Targeting Seniors
15595,"Britney Spears honored for LGBTQ support, as if her music career needed validation.",Britney Spears Performs at Concert
11811,'what a crew!' comments man on instagram photo of fucking backstabbing traitors who couldn't be bothered to invite him to margarita night,Man Posts Instagram Photo of Backstabbing Coworkers
16601,"Nurses break hospital rules to fulfill dying man's wish—rules are meant to be broken, especially at the end.",Nurses Break Hospital Rules to Fulfill Patient's Final Wish
28485,fireworks accident blows off tip of florida,"Florida Fireworks Accident Kills 2, Injures 10"
735,isis fighter dreading smug looks from hometown friends who told him caliphate sounded like dumb idea,ISIS Fighters Face Public Backlash for Joining the Group
5336,area woman not good enough artist to justify eccentricities,Local Woman Criticized for Unconventional Artistic Style
11911,"cops bust filthy, unshaven mark zuckerberg for selling personal data on street corner",Satirical Article Imagines Mark Zuckerberg Selling Personal Data on Street Corner
24969,HuffPost's thrilling quiz: test your knowledge of utterly riveting news.,HuffPost Launches New Quiz To Test Readers' Knowledge Of Current Events
6637,fda prepares nation for switch to digital food format,FDA Announces Plans to Phase Out Paper Food Labels
19869,Trump seeks advice from a conspiracy theorist to win votes. Nothing says 'presidential' like that.,Trump Campaigns for 2016 Election
25602,"How real is 'Marcomentum'? As real as a unicorn, but with more political spin.",Satirical Article Critiques Political Spin and Media Manipulation
15253,"Don Cheadle claims Trump used a racial slur? Say it isn't so, he's such a gentleman.",Don Cheadle Denies Accusations of Using Racial Slur Against Trump
16441,"Senator admits tax breaks for journalists, but forgets about the rest of us.",Senator Defends Tax Breaks for Journalists Amid Criticism
23891,Brooklyn Decker and Andy Roddick expecting baby #2: The baby bump heard 'round the world.,Brooklyn Decker and Andy Roddick Expecting Second Child
6293,"man who will pay $60,000 in medical bills this year can't afford health insurance right now","Man Faces Financial Hardship After Medical Bills Exceed $60,000"
7712,new robert altman film released straight to special-edition director's-cut dvd,Robert Altman's New Film Released on Director's Cut DVD
1412,hero shop saves hundreds from hunger,"Local Food Bank Receives $100,000 Donation From Shop"
7834,goose thinking of migrating home a couple weeks early to avoid the crowds,Goose Spotted in Field
55,shy friend experimenting with personality,Local Man Explores New Personality Traits to Improve Social Interactions
21701,"Your food contains tiny, risky, unlabeled ingredients? What could possibly go wrong with that?",Consumer Concerns Rise Over Unlabeled Food Ingredients
19624,"Prison: where even animals get second chances, because rehabilitation is clearly a thing.",Prison Rehabilitation Programs Focus on Reintegration and Reversing Negative Behaviors
23992,Two questions: 'Do you hate each other?' and 'Why not just break up?',Local Couple Discusses Relationship Challenges and Potential Breakup
17894,Family happiness in one chart? Simplifying the unsimplifiable.,Family Happiness Levels and Stress Levels
18538,Fourth death in Legionnaire's outbreak? Probably just a statistical blip.,Legionnaires' Disease Outbreak Kills Four in New York City
23288,"The 8 most important lessons? Like, always wear pants and don't burn bridges. Groundbreaking.",Satirical Article Highlights Key Life Lessons
3585,"park rangers lance old faithful in effort to pop clogged, inflamed geyser",Park Rangers Attempt to Relieve Pressure on Old Faithful Geyser
4567,new study finds earth's core will be most habitable part of planet by 2060,Satirical Article Claims Earth's Core Will Be Most Habitable by 2060
13370,"Timberlake wants his son inspired by Charlottesville's 'strength'? You know, the Nazi rallies and all.",Satirical Article Critiques Tim McGraw's Response to Charlottesville Protests
2467,proud species commits suicide rather than be driven to extinction by humans,Conservation Efforts Highlight Human Impact on Endangered Species
14625,"School prioritizes hairstyle regulations over education, what a novel approach.",School Officials Criticized for Strict Haircut Regulations
8342,prairie dog town rezoned for commercial use,Prairie Dog Town Zoned for Commercial Use
9706,college freshman decides to be lanyard-wearing kind,College Freshman Wears Lanyard to Campus
13168,FDA approves nasal-spray naloxone—because saving lives should come with extra steps and a co-pay.,FDA Approves Naloxone Nasal Spray for Rapid Opioid Overdose Treatment
24421,"Sephora's spring sale: because your self-worth depends on makeup, obviously.",Sephora Announces Spring Makeup Sale
20470,Shake Shack celebrates Will & Grace with boozy shakes—nothing says TV revival like processed food and alcohol.,Shake Shack Celebrates Will & Grace TV Revival With Boozy Shakes
20631,Creating a chemically-free home is easier and cheaper than you think. Just ignore all science and buy expensive alternatives.,Experts Recommend Sustainable and Cost-Effective Alternatives to Chemical-Based Cleaning Products
6114,area man a walking encyclopedia of everything except leading a normal life,Local Man's Extensive Knowledge of Everyday Topics Draws Attention
17484,Obama administration violating rights? Say it isn't so. Because they were always so respectful of immigrants. Not.,Obama Administration Faces Criticism Over Immigration Policies
21461,Jon Stewart dancing to Drake is the one video you need to see? Your life depends on it.,Jon Stewart Performs Drake Video on Late Night
2304,ralph northam admits he once engaged in pedophilia as part of michael jackson costume,Ralph Northam Faces Criticism Over Blackface Photo
7709,"trump, putin hold first joint press crackdown",Trump and Putin Hold First Joint Press Conference
25073,9/11 and the (un)making of the 21st century—because what's a few thousand lives in the grand scheme?,Experts Discuss the Impact of 9/11 on Global Politics and Society
24307,"We're sugar babies, living the glamorous life of paid companionship. So relatable.",Companionship Services Market Expands to Cater to Adult Clients Seeking Emotional Support
9700,stunned nation mourns as french stewart survives plane crash,French Stewart Survives Plane Crash
27421,Who needs new Hollywood when old Hollywood was pure genius?,Critics Praise Classic Hollywood for Its Timeless Storytelling and Cinematic Excellence
27821,The man known for his extreme right-wing views might not be right-wing enough for the base. Shocking.,Man's Conservative Views Draw Criticism From Fellow Republicans
15704,"This Mother's Day, I have a tiny thing to tell my wife.",Local Woman Plans to Tell Wife She Is Pregnant on Mother's Day
9123,poll finds 68% of iowans turned on by knowledge whole nation watching,Iowa Poll Finds Majority of Voters Disappointed by Political Coverage
14022,"Jyothi Rao delves into authenticity, a truly deep topic.",Jyothi Rao Discusses Authenticity in the Workplace
13001,"we in golden age of thing, guy who likes thing reports",Local Man Reports on Current Events
10771,area man has sex with man to get out of office blood drive,Office Blood Drive Draws Large Crowd
53,mom announces plans to get out some of your old baby stuff and quietly stare at it,Mother Plans to Declutter Baby's Diapering Diaries and Baby Clothes
3136,goodwill employees shaken by gigantic pants,Goodwill Employees Report Unusual Security Concerns After Employee Wears Large Pants
17121,"Fourteen workout pants that look like real pants, fooling no one but making you feel better.",Fourteen Workout Pants Available
12692,bill cosby announces dates for u.s. college commencement tour,Bill Cosby Announces U.S. College Commencement Tour
7510,knicks front office scrambling after zion williamson drafted before 3rd pick,Knicks Front Office Faces Pressure to Address Draft Needs
24343,"California lawmakers reject Confederate flag – finally, a state that recognizes treason isn't heritage.",California Lawmakers Vote to Remove Confederate Flag From State Capitol
16915,20 killer recipes for your Labor Day cookout – these might actually kill you with joy.,20 Delicious Recipes for Labor Day Cookouts
13522,Trump demands lower drug prices—from the people who profit from high prices. Good luck!,Trump Administration Proposes Drug Price Reductions
20806,"North Korea fires missiles again? Just another Tuesday in East Asia, nothing to worry about.",North Korea Fires Missiles Into Sea
8887,nation's schools to ensure bullied transgender students hide in stalls of bathrooms corresponding to biological sex,Schools Face Criticism Over Bathroom Policies for Transgender Students
4073,gold bracelet picked up at pharmacy,Woman Purchases Gold Bracelet at Local Pharmacy
24172,Goldblum almost voiced Apple: imagine Siri with a dose of eccentric charm.,Goldblum Discusses Potential Voice Role in Apple's Siri
25976,"Can Bernie Sanders ride fracking to victory in New York? Sure, because environmentalists are known for loving oil extraction.","Bernie Sanders Campaigns in New York, Focuses on Environmental Issues"
25354,Backpage CEO likely to walk on pimping charges? Shield law saves the day—justice triumphs!,Backpage CEO Faces Criminal Charges for Operating Adult Services Website
533,"nation savoring every moment of glorious late-february, early-march days",Americans Enjoy Mild Winter Weather in Late February and Early March
24770,Muppets cover N.W.A—because Sesame Street needed more 'fuck the police',Sesame Street Features Muppets in New N.W.A Music Video
5446,beauty industry announces massive new initiative to make women self-conscious about their palms,Beauty Industry Launches Campaign to Promote Self-Confidence and Body Positivity
26131,Poll shows millennials eager to pay reparations for slavery—what a selfless generation!,Millennials Express Interest in Reparations for Slavery
19313,"Kate Mara: it's 'quite an honor' to play a female superhero: groundbreaking, truly.",Kate Mara Discusses Her Role as Black Widow in Marvel's The Avengers
1791,fourth-grader with shark tooth necklace must have killed great white,Fourth-Grader Wears Shark Tooth Necklace to School
16631,"An elementary school teacher accused of rape. Just another day in the profession, I suppose.",Elementary School Teacher Accused of Sexual Assault
3498,kerry's face droops with joy over latest polls,John Kerry's Poll Numbers Remain Unchanged
26615,Political dramas are obsolete with Trump's daily reality show.,Trump's Daily Reality TV Shows and Public Persona Draw Criticism
875,dog finds absolutely perfect place to shit,Dog Found in Backyard
15187,"Behold, 25 profound moments that redefined maternal elegance for us all.",Motherhood and Maternal Influence
23544,Trump axes NASA's greenhouse gas monitor: data is overrated anyway.,Trump Administration Cuts Funding for NASA's Climate Change Research
6324,wrinkle-free pants didn't think they'd be tested quite this much,Satirical Article Critiques Consumer Expectations of Wrinkle-Free Clothing
2947,area man accidentally signs up for aol latino,Local Man Accidentally Subscribes to AOL Latino
15641,The importance of first responders: Because who needs emergency services when you have a strong WiFi signal and positive thoughts?,Local Man Prioritizes WiFi Over Emergency Services During Hurricane
590,"returning jesus christ downed by u.s. missile defense 30,000 feet before making landfall",U.S. Missile Defense System Successfully Defends Against Incoming Missile
3622,"'without them you could buy anything,' whispers amazon echo as man stares blankly at family",Amazon Echo Remains Unactivated Despite Family Members' Requests
9919,"paul ryan mentally logs 4,613th missed opportunity to put stop to all of this",Paul Ryan Faces Criticism Over Continued Role in Republican Party
22652,A series on internet immortality – because your tweets will definitely outlive you.,Satirical Article Critiques Social Media's Permanence and Longevity
10266,god shuts down andromeda galaxy,Satirical Article Imagines God Shutting Down The Andromeda Galaxy
17456,"Sylville Smith's father blames himself for being 'wrong role model' – no pressure, dad, just casual self-blame.",Father of Sylville Smith Blames Himself for Not Being a Better Role Model
16869,Hey NC! Check out NYC's awesome move for trans people—if only you cared.,New York City Hosts Transgender Pride March
27266,Willam from Drag Race on group breakup – the world wasn't ready for such profound musical tragedy.,Willam Belli Performs on Drag Race Season 7 Finale
27045,Marital rape not a crime in India? But at least one judge is trying to change it – Progress!,Indian Supreme Court Judges Advocate for Legal Reform to Address Sexual Assault
4058,ghost of brando urges man to finish whole cheesecake,Local Man Eats Entire Cheesecake
19786,"Latina Student Faces Backlash for Filming 'Build a Wall' Chant, Because Tolerance is Key",University of Texas Student Faces Backlash for Chanting 'Build a Wall' During Protest
2108,universal remote latest step in area man's plan for total living room domination,Local Man Plans to Install Universal Remote in Living Room
15874,"Finally, Wapo shares photos of Jason Rezaian not in prison – what a relief for everyone.",Wapo Publishes Photos of Jason Rezaian Released From Prison
23039,Preparing for retirement after a divorce. Because nothing makes financial planning simpler than splitting all your assets and starting over.,Retirees Face Financial Challenges After Divorce
5016,systems administrator would so fuck new trainee,Systems Administrator Criticizes New Trainee's Lack of Technical Knowledge
22962,You owe me!—the universal cry of the entitled,Local Man Accused of Stealing Food From Store
14865,Marry him? Only if you're aiming for a lifetime of 'I told you so',Local Woman Advises Friends to Marry Man She Knows Will Eventually Disappoint Her
2795,high school suspends hunky student for wearing shirt,High School Student Suspended for Wearing Shirt
17481,"Paul Ryan crushes a Trump-loving opponent? In the GOP? That's like the pot calling the kettle black, but with more drama.",Paul Ryan Wins Republican Primary in Wisconsin
28498,nation not sure what signals it gave off to make candidates think it would be into them,Candidates Often Misinterpret Voters' Signals to Gain Political Advantage
25174,"Jason Miller declines top job—shocking, since Trump's administration is known for its stability and competence.",Jason Miller Declines Top Job in Trump Administration
513,sad 38-year-old googles 'jobs caring for baby animals',Local 38-Year-Old Man Searches for Job Opportunities in Animal Care
11994,look at it: it's goddamn beautiful,Local Woman Admires Landscape
25398,Terror suspects planned attack; French security impressed.,French Security Forces Foil Terrorist Plot to Attack Paris
7194,halloween unfortunately not only night of year area man drunk in firefighter uniform,Firefighter Attends Halloween Party in Uniform
16286,Sammy Davis Jr. smoothly recovers from a tiny on-stage blunder.,Sammy Davis Jr. Performs on Stage
26950,"Why does this town have two grenade launchers? For community defense, obviously.",Residents Express Concerns Over Unnecessary Military Equipment in Local Town
6416,"old, wizened fantasy character confirms that the darkness is rising",Fantasy Character Warns of Rising Darkness
14787,"Under Trump, union rules tilted for employers? Big surprise, given his pro-worker stance.",Trump Administration Proposes Rollback of Labor Regulations
5700,doctor informs woman he's overweight,Local Doctor Discusses Patient's Weight With Wife
22774,How to clean your grill with aluminum foil and elbow grease – the secret technique chefs hate!,Chefs Recommend Using Aluminum Foil to Clean Grills
12321,pope francis spends weekend installing stained glass storm windows in st. peter's basilica,Pope Francis Visits St. Peter's Basilica
9619,new study finds box still world's most popular container,Study Finds Box Remains the Most Common Household Container
9357,daddy issues worked out on dance floor,Father Performs Dance Routine on Dance Floor
4435,nursing-home residents mate in captivity,Nursing Home Residents Engage in Sexual Activity
6149,depleted bruegger's bagels gift card living out quiet retirement in wallet's fourth row,Depleted Bruegger's Gift Card Found in Wallet
23793,Son repays mom's 20 years of care with 20 adventures—because who needs gratitude when you have a scavenger hunt?,Son Completes 20-Year-Long Scavenger Hunt to Thank Mother
3013,"breaking: fuck, fuck, fuck, this got out of hand",Local Man Expresses Frustration Over Unnecessary Police Response to Minor Incident
1657,grandson has long hair,Grandfather's Long Hair
8655,eco-friendly junkies launch needle re-use program,Eco-Friendly Junkies Launch Needle Re-Use Program
4864,specifics of hostile takeover fiercely boring,Corporate Takeover Fails to Excite Investors
16888,Hugh Hefner fans thank him for the articles: because Playboy was always about the thought-provoking content.,Playboy Magazine's Legacy and Cultural Impact
9135,report: america ready for third ketchup brand,Report Highlights Consumer Demand for Third Ketchup Brand
11649,"despite armie hammer profile in 'good housekeeping' magazine, 'lone ranger' a flop at box office",Armie Hammer's Box Office Performance in 'The Lone Ranger' Criticized
7027,scientists announce shrimp just as dumb as they thought,Satirical Article Mocks Scientific Research on Shrimp Intelligence
22080,"Fear is such a hilarious concept, everyone's laughing.",Local Man Shares Funny Story About Fear
26686,"John Kasich decides not to run in 2020, sparing us from another candidate.",John Kasich Announces Decision Not to Run for 2020 Presidency
23328,20 struggles every tall girl knows: like being a human giraffe and never fitting in cars.,Tall Girls Face Challenges in Everyday Situations
15824,"Massachusetts is the best place for women, if you're into that whole equality thing.",Massachusetts Ranked Among Top States for Women's Rights and Equality
2451,obama to wait for next bruce springsteen album for word on economy,President Obama Delays Economic Policy Decisions
13345,Who has solved the student debt crisis? Certainly not us.,Student Debt Crisis Remains a Major Challenge for U.S. Economy
20380,So we should just accept it? Great diplomatic strategy.,U.S. Diplomats Urge Diplomatic Engagement Amid Escalating Tensions
25240,Making a living and a loving: the romantic ideal that ignores rent and reality TV.,Romantic Ideal of Financial Stability and Relationship Success Often Prioritizes Fantasy Over Reality
1350,gunman opens fire in own mcdonald's,Gunman Opens Fire in McDonald's Restaurant
17140,Rescued lion obsessed with blankets since baby – he's basically a security blanket addict.,Rescued Lion Found in South Africa with Extensive Collection of Blankets
12813,woman's parents accepting of mixed-attractiveness relationship,Local Woman's Parents Accept Her Relationship With Man of Mixed Ethnicity
17171,Three minutes of breathing ends work stress. Who needs vacations?,Employee Takes Three-Minute Break to Breathe and Relax
16519,"Trump's 'do not congratulate' blunder is the meme to end all memes, surpassing all previous internet failures.",Trump's 'Do Not Congrade' Remark Sparks Memes
24228,Kim Kardashian just wore her most confusing look yet – I'm utterly baffled.,Kim Kardashian Wears Disturbingly Outrageous Outfit at Paris Fashion Show
20195,To your health! Cheers from the fast-food line and soda machine.,Fast-Food Customers Frequently Use Soda Machines and Drink Beverages While Waiting in Lines
16608,Weekend roundup: Orlando shooting shows clash of civilizations within—let's oversimplify complex tragedies!,Orlando Shooting Highlights Cultural and Religious Tensions in U.S.
23722,This will make you never want to check a bag—unless you enjoy losing your stuff.,New Baggage Handling System at Chicago Airport Introduces Mandatory Bag Check
7811,'what about that whole birth certificate thing?' romney suggests to staff,Romney Addresses Staff Concerns Over Birth Certificate
12234,overweight woman encased in geo metro,Woman Wears Oversized Clothing
10594,super fan attends screening of 'infinity war' dressed as marvel's vp of marketing,Fan Attends Marvel Cinematic Universe Screening in Costume
4775,panicked studio delays 'man of steel' to get more shots of people looking up in awe,Man of Steel Director James Mangold Delays Production to Capture More Awe-Inspiring Scenes
16808,Twitter's new anti-troll measure is 'perfectly timed'. If you enjoy watching the barn door get nailed shut five years after the horse bolted.,Twitter Introduces New Anti-Troll Measures to Combat Online Harassment
1200,new evidence suggests humans may have been dipping crunchy things into gooey things earlier than previously thought,Satirical Article Claims Humans Dipped Crunchy Snacks Into Gooey Foods
9703,trump turns on fox news and tells aides to make whatever they're saying a law,Trump Dismisses Fox News Critics
1834,study: other countries weird,Study Finds Other Countries Have Different Cultural Norms and Values
12318,writer unwilling to admit his screenplay perfect fit for justin long,Screenwriter Expresses Concerns Over Justin Long's Casting in Upcoming Film
19555,13 reasons to feel hopeful? Let's count the ways this month is terrible instead.,Local Man Reflects on Month's Challenges and Finds Hope in Current Events
27738,area man unsure if he's supposed to want hugo chavez to die or not,Local Man Expresses Confusion Over Hugo Chavez's Death
4811,man attempting to determine whether restaurant closed without getting too close,Man Visits Restaurant to Check Hours Before Closing
2963,report: getting out of bed in morning sharply increases risk of things getting even worse,Study Finds Morning Wake-Up Calls Can Increase Stress and Anxiety
2607,nation urged to be extra sensitive to men reliving trauma of not getting something,Men Often Face Unwanted Attention for Not Getting Promised Jobs
7855,unstable couple playing with fire by organizing game night,Local Couple Organizes Game Night to Rekindle Relationship
7062,millionaire thinks of self as upper-middle class,Man Describes Himself as Upper-Middle Class
10269,corn lobby tightens the screws,Corn Lobby Advocates for Increased Government Support for Corn Production
9231,coworkers unable to put finger on what's weird about gary,Coworkers Express Confusion Over Gary's Unconventional Behavior
20749,Tom Cruise's ankle-breaking stunt in slow-mo; he risks it all for art.,Tom Cruise Performs High-Flying Stunt in Slow-Mo Scene
25098,"The last broadcast? Good riddance, if it was anything like the noise before.",Local Radio Station Cuts Broadcasts to Save Money
10357,officemates unwittingly spend entire workday talking to each other on grindr,Office Workers Frequently Use Grindr to Socialize During Work Hours
2482,pope francis worried about job security after butting heads with new god,Pope Francis Faces Criticism Over Handling of Church Sexual Abuse Scandals
433,coroner's report concludes alton sterling died of institutionalized causes,Coroner's Report Finds Alton Sterling Died From Self-Inflicted Gunshot Wound
2045,netflix adds thousands of mediocre new subscribers,Netflix Adds Thousands of New Subscribers
626,hollywood maintenance crews sent out to patch up film industry's plotholes,Hollywood Maintenance Crews Address Film Set Plotholes
20676,Arab power meets smart power: where oil meets empty phrases.,Arab States Face Economic and Political Challenges Amid Ongoing Oil Price Volatility
4882,woman ejected from bed in cracker-eating incident,Woman Ejected From Bed For Cracker-Eating Incident
18342,Restaurant bans tips to pay livable wage: because who needs customer generosity anyway?,Restaurant Bans Tips to Pay Employees a Living Wage
17599,These girl scouts want something done about Flint's water crisis – because nothing says 'environmental justice' like selling Thin Mints.,Girl Scouts of America Launches Campaign to Address Flint Water Crisis
26075,"Violence Erupts at Pro-Trump Rally? How Unexpected, Given the Peaceful Vibes.",Trump Supporters Clash at Washington Rally
6622,mommy having sleepover,Mother Hosts Sleepover For Teen Daughter
19431,"Shocked? Really? After years of questionable comedy, who saw that coming?",Comedian Kevin Hart Performs Stand-Up Routine at Comedy Club
20164,These moderately interesting 360-degree photos might slightly remind you of a vacation.,360-Degree Photos of Beaches and Landscapes
21660,Kate Hudson's vocal triumph on Prince's classic redefines music forever,Kate Hudson Performs at Prince's Birthday Party
810,michael cohen granted prison work release for new job with trump 2020 campaign,Michael Cohen Faces Prison Sentencing for Campaign Finance Violations
21999,Hollywood executive: 'We should have done more to stop Harvey Weinstein' – said everyone after it was too late.,Hollywood Executives Condemn Harvey Weinstein's Sexual Assault Allegations
9246,green party official caught embezzling campaign funds for dime bag,Green Party Official Arrested for Campaign Finance Violations
27304,11 great things about preschoolers: like miniature humans who destroy everything.,Preschoolers Frequently Cause Damage to School Property
21625,Planned Parenthood apologizes for undercover video statements—a masterclass in damage control under pressure.,Planned Parenthood Faces Criticism Over Undercover Video Controversy
28389,rash of high-speed chases threatens local fruit stand,Police Chase Suspect in Downtown Los Angeles
24646,Actors dating costars: the scandal that defines Hollywood decadence.,Hollywood Actors Frequently Date Costars
13791,Vice president Pence pushes expansive NATO and defense of European micro-states: does president Trump even know where Europe is?,Vice President Mike Pence Advocates for Stronger NATO and Defense of European Micro-States
3079,rick gates fondly recalls manafort finding him as hapless street urchin and teaching him how to pickpocket,Rick Gates Testifies in Manafort Trial
12656,study: uneducated outbreeding intelligentsia 2-to-1,Study Finds High Levels of Uneducated Population Growth
13375,Simple Sicilian swordfish? Because Italian cuisine is notoriously simple. Not.,Sicilian Swordfish Served With Pasta and Vegetables
7846,"gifted, passionate student really stretching limits of school's resources",Highly Talented Student Requests Specialized Academic Support
24113,A minor incident: eight people politely detained as police gently dismantle a camp.,Police Detain Eight Campers in Rural Tennessee
760,burger king unveils new low-fat cashier,Burger King Introduces New Low-Fat Menu Items
24374,"Democrats reopen government without dreamer protections, showing their commitment to... compromise?",Democrats Reopen Government Amid Ongoing Shutdown
3293,all flights grounded after faa officials suddenly realize that man was not meant to fly,FAA Officials Ground All Flights After Passenger's Suspicious Behavior
24220,Milo Ventimiglia tries to defend Crock-Pot on Ellen – the slow cooker's savior has arrived.,Milo Ventimiglia Defends Crock-Pot on Ellen
21913,Michael Bolton crooning John Bolton's war chants is oddly soothing—like a lullaby for impending global conflict.,Michael Bolton Performs at Washington D.C. Rally
24532,"Burglary suspect falls through restaurant ceiling, ruins dinner: The most unexpected dinner party crash.",Suspect Arrested for Burglary After Breaking into Restaurant
142,clinton assures tim kaine she'll continue serving as president in event of her death,Clinton Assures Tim Kaine She Will Continue Serving as President
25094,"Trump ominously tweets 'only one thing will work'? Let's all guess his mysterious, peaceful solution—or not.",Trump Tweets About Potential Policy Solutions
19398,Corbett's friend messes with endorsements – democracy at its finest.,Corbett Endorses Republican Candidates
8404,family upgrades to shells & cheese,Family Switches to Shells & Cheese for Dinner
292,biden urges paul ryan to check out nude scene from 'porky's' on phone,Biden Urges Paul Ryan to Review 'Porky's' Nudity Scene on Phone
8026,newly discovered dna evidence suggests children could be closely related to humans,Satirical Article Claims DNA Evidence Suggests Humans and Children Are Related
12302,girl finally speaking up enough for people to critique her speaking voice,Local Teenager Shares Concerns About Her Public Speaking Style
22208,Millennials in Cuba: because Florida was too mainstream.,Florida Residents Express Disappointment Over Millennials' Preference for Cuba Over State
13808,Americans dislike media and Trump—who saw that coming? Everyone.,Americans Express Disapproval of Trump and Media Coverage
25145,"As a millennial, my election issues include: student debt, climate change, and why my coffee is cold.","Millennials Prioritize Student Debt, Climate Change, and Coffee Quality in Election Campaigns"
381,otherwise savvy woman duped by mascara makers again,Woman Purchases Mascara From Discount Store
10882,god completely fucked up after huffing gaseous planet,Satirical Article Imagines God Consumed by Gas From Planet Gaseous
8597,"lone, weak bystander targeted by pack of female friends who want their picture taken",Man Photographed by Group of Women in Park
12190,laptop guy at coffee shop nine times out of ten,Local Man Frequently Visits Coffee Shops to Work on Laptop
14523,5 fun tips to prevent summer slide—as if kids ever stop learning.,Summer Learning Loss Remains a Persistent Challenge for Students
5796,"alan alda realizes it's less important than what's going on, but wonders if people know he's getting sag life achievement award",Alan Alda Wins Lifetime Achievement Award
25301,Emergency wisdom? Who needs it when you have panic?,Local Man Urges Friends to Panic During Emergency
28517,"Finally, an interactive globe to solve the earth-shattering mystery of global beer consumption.",Satirical Article Imagines Interactive Globe To Track Global Beer Consumption
5056,'that's it? what the heck was that?' says dad in scorched-earth review of movie you suggested family watch together,Father Criticizes Family's Movie Choice After Watching It With Children
18307,'Tis the season for the groundbreaking 'Jingle Butts' video—a musical revolution we've all awaited.,Satirical Article Mocks Holiday Music Trends With Fictional 'Jingle Butts' Video
19078,Adding stress relief to your to-do list: the perfect way to stress about not having time for it.,Local Woman Adds Stress Relief To To-Do List To Manage Work And Family Responsibilities
22014,Faith groups rally against racism on the anniversary of MLK's death – because nothing says progress like repeating history.,Faith Groups Rally Against Racism on MLK's Anniversary
11913,newly unearthed journals reveal j. robert oppenheimer annoyed trinity test researchers by quoting 'bhagavad gita' every time they did anything,Satirical Article Claims J. Robert Oppenheimer Quoted Bhagavad Gita in Trinity Test Journals
20094,"Senate Report on CIA Torture is Accurate: Mildly Disturbing, But Move Along",Senate Report Critiques CIA Detention and Interrogation Practices
6773,kidnapping going pretty smoothly,Kidnapping Suspect Arrested in Connection With 1998 Kidnapping of 8-Year-Old Boy
25027,A GOP strategist calls Trump a 'little child' – is that really the best insult we have nowadays?,GOP Strategist Criticizes Trump's Behavior
20155,"Ted Cruz Says GOP Planned to Cave: How shocking, politicians might lack backbone.",Ted Cruz Criticizes GOP Leadership for Politicians' Lack of Backbone
22423,"Revenge so creative it's basically art, because violence is genius.",Local Man Uses Revenge as Artistic Expression
25288,Gabby Reece dishes on fitness show—because we lacked exercise commentary.,Gabby Reece Discusses Fitness on ABC's 'The View'
6766,each line of mastercard billing statement evokes infuriating vacation memory,Mastercard Billing Statements Often Revisit Past Vacation Memories
13145,J.Lo and A-Rod donate $25k each? Because nothing says ‘thoughts and prayers’ like a tax-deductible photo op.,"Jennifer Lopez and Alex Rodriguez Donate $25,000 Each to Charity"
18090,Ronnie Wood's cancer diagnosis had him saying 'time to say goodbye'? How utterly predictable and not at all alarmist.,Ronnie Wood's Cancer Diagnosis and Death Announcement
17070,Local actions: the unsung heroes saving Earth from your carbon footprint.,Local Residents Highlight Everyday Actions in Reducing Carbon Footprint
5295,'what were we talking about again?' says trump 15 seconds into phone call to family of fallen soldier,Trump Discusses Fallen Soldier With Family During Phone Call
28034,personals ad omits goiter,Local Man Admits to Not Including Goiter in Personals Ad
1051,weird girl you drunkenly fooled around with waiting outside door,Local Woman Accidentally Dates Man She Met at Bar
15284,Florida passes bill to limit reproductive rights: Progress at its finest.,Florida Passes Bill to Limit Reproductive Rights
22653,Debt-free before retirement? Who needs financial security anyway?,Retirees Often Prioritize Lifestyle Over Financial Security
776,supposedly educated professor has no idea how to get bird out of lecture hall,University of Michigan Professor Struggles to Evacuate Students from Lecture Hall
12238,study: human hearing most acute when listening to arguing parents from top of stairs,Study Finds Children's Hearing Acuity Improves When Parents Are Present
9381,"report: just 2 more days and you can forget all of this, vanish into 'red dead redemption 2'",Red Dead Redemption 2 Launches in Two Weeks
7566,not even julian assange clear on what's going on with him right now,Julian Assange Faces Legal Challenges and Criticism
14682,Mitt Romney outshines Sarah Palin in the race to be most irrelevant.,Romney Wins Republican Nomination
17650,Darwin Award for political mailer – evolution's joke on voters.,Satirical Article Mocks Political Mailers With Darwin Award Joke
2532,national security commission warns clinton: 'the call is coming from inside the house',National Security Commission Warns President Clinton of Potential Security Risks
19807,Who needs shopping deals when you have peaceful protests and church pies?,Local Residents Express Disappointment Over Lack of Shopping Deals Amid Protests
13700,"The clean machine: it cleans so well, it might clean the entire planet!",Satirical Article Imagines Cleaning Machine That Could Clean the Entire Planet
27032,News roundup: because 2017 needed more recycled content,News Outlets Report on 2017's Major Events and Trends
12750,new google streep view to provide panoramic imagery of meryl streep,Google Introduces New Feature to Enhance Meryl Streep Portraits
25381,"Pregnant stars match in crop tops, proving maternity wear is all about comfort.",Pregnant Celebrities Wear Crop Tops to Promote Maternity Wear
3031,poll finds majority of americans have never met willem dafoe,Poll Finds Majority of Americans Have Never Met Willem Dafoe
19151,Watch Harry Potter actors get sorted—the event we've all been waiting for.,Harry Potter Actors Attend Sorting Ceremony
18609,"Trump's 'sexist smear' of Gillibrand prompts supporters to leap to her defense, because that's never happened before.",Trump's Comments on Gillibrand Spark Supportive Outrage Among Women
7696,"cnn headline news reporter unafraid to face the cold, hard factoids",CNN News Reporter Faces Criticism for Sensationalized Coverage of Hurricane Katrina
22132,Judge forgot to disclose GOP donation. Just a small oversight in a gerrymandering suit.,GOP Donations to Judicial Candidates Raise Ethics Concerns
15052,"Addiction: the habit that's hard to quit, especially when it's killing you.",Addiction Remains a Major Public Health Concern
28203,Because a comedian's take is exactly what policy needs.,Comedian's Satirical Commentary on Political Policy Draws Criticism
24821,"Ancestry.com's quiet, unassuming pivot into saving humanity.",Ancestry.com Announces Major Shift in Focus From Genealogy to Disaster Relief
21404,The best Rent the Runway dresses for bridesmaids: because nothing says 'eternal memory' like a rented gown.,Rent the Runway Offers Affordable Wedding Dress Rentals
15106,How to survive an unpredictable winter: move to the equator and never look back.,Satirical Article Mocks Winter Weather Extremes With Fictional Equatorial Survival Tips
26628,"Buy experiences instead of things, because memories don't break.",Local Man Recommends Buying Experiences Over Physical Items
12745,smooth transaction at dmv exaggerated into story anyway,Man Claims DMV Transaction Was Smooth After He Inquired About Additional Services
23105,Conservatives altering history? Shocker.,Conservatives Criticized for Altering Historical Records
25974,"Donald Trump assures religious conservatives he's their guy, because his history of moral rectitude is so inspiring.",Donald Trump Campaigns for Religious Conservatives
18639,Sister calls Manson movie tacky—because nothing respects victims like a film.,Sister Criticizes Manson Film for Lack of Respect for Victims
11216,new yorkers cower as clinton victory speech reverberates across entire state,New Yorkers React to Clinton Victory Speech
9401,local los angeles awards show slated to open for grammys,Grammy Awards to Open in Los Angeles
22344,"Dope cannabis brand is unapologetically Asian-American, because diversity in weed is crucial.",Dope Cannabis Brand Launches Marketing Campaign Highlighting Asian-American Heritage
2144,ghost of alvah roebuck enjoying the hell out of sears' decline,Satirical Article Imagines Ghost of Alva Roebuck Criticizing Sears' Decline
88,'elle' magazine accidentally airbrushes naomi watts out of cover altogether,Elle Magazine Covers Naomi Watts
9251,u.s. worried about living up to netanyahu campaign promises,U.S. Officials Express Concerns Over Netanyahu's Campaign Promises
27931,Trump orders Syria strikes? Another masterstroke in diplomatic foreign policy.,Trump Orders Military Strike on Syria
15547,Science Journalism's Problem: Forgetting Reality Matters – What a Novel Idea.,Science Journalists Face Criticism for Failing to Report on Real-World Issues
7572,samsung smart tv owner learning about majority of features from leaked cia documents,Samsung Smart TV Owners Frequently Learn About Features From Leaked CIA Documents
7671,nation's liberals not sure what to think after hearing special counsel has waterboarded every suspect in trump investigation,Special Counsel Robert Mueller's Investigation Into Russian Election Interference Continues
20637,Turkey's president calls Hitler's Germany example of effective government. Historical ignorance at its best.,Turkey's President Calls Hitler's Germany Example of Effective Government
16914,"Why Scott Walker's views on evolution are totally relevant – in a science class, maybe?",Scott Walker's Views on Evolution Draw Criticism
15724,Trump disavows Nazis flawlessly—he's a natural at it.,Trump Disavows Nazi Ideology
3466,dying mastermind pulls red lever,Former CIA Director John Brennan Dies
11886,"entirety of hollywood film industry replaced with 40,000 christopher plummers",Christopher Plummer Dies at 91
6967,mike pompeo can't believe senate just expects he'll answer questions without being tortured first,Mike Pompeo Faces Intense Scrutiny Over Senate Testimony
7070,dubious inclusions damage credibility of entire record collection,Local Man Discards Discarded Vinyl Records
15894,Government shutdown possible if Democrats hurt Trump's feelings – because governance is all about feelings.,Trump Administration Faces Potential Government Shutdown Over Border Wall Funding
257,governor too embarrassed to say which state he leads,Governor of New Hampshire Faces Criticism Over Lack of Public Engagement
27322,Assad's forces take 'capital of revolution'—revolutionary in the most oppressive way.,"Syrian Government Forces Capture Damascus, Capital of Revolution"
7639,city planner gets halfway through designing city before realizing he's just doing philadelphia again,Philadelphia City Planner Designs Downtown Development
13619,Can we make eco-friendly sportswear cool? Or will it forever be associated with hemp and guilt?,Eco-Friendly Sportswear Faces Criticism for Lack of Style and Marketability
23196,"Amidst the unity speeches at the DNC, the money quietly flowed to the usual suspects.",DNC Attendees Criticize Political Party Spending and Wealth Disparities
24277,Syria reports a minor incident with at least 18 casualties—just another Tuesday in conflict zones.,Syrian Civil War Continues to Claim Thousands of Lives
1322,index finger rips into toilet paper package like velociraptor claw,Man Uses Toilet Paper to Clean Up After Accidental Finger Injury
3911,report: fritz a fine name for a boy,Report Highlights Common Names for Boys
22760,Yelp fires employee for being poor: capitalism's golden rule,Yelp Fires Employee for Poor Performance
8668,"catholic church speaks out against decadent, sinfully rich dessert",Catholic Church Criticizes Wealthy Lifestyle and Consumerism
11374,obama hosts diplomatic talks at starbucks while oval office carpet cleaned,President Obama Hosts Diplomatic Meeting at Starbucks
1538,unsold google glass units to be donated to assholes in africa,Google Donates Unused Google Glass Units to African Communities
27101,The incredible tale of how a nerd in high-waisted pants conquered our hearts—truly a historical milestone.,Local Man Wears High-Waisted Pants
25858,"Harry Styles comforts fan mid-panic attack, restores our faith in humanity, because pop stars are saints.",Harry Styles Performs at Concert
4530,brooks brothers unveils new line of monogramed cum rags,Brooks Brothers Introduces New Line of Monogrammed Cotton Rags
22795,Supreme Court weighs if million-dollar tips are insider trading – a tough call for the billionaires.,Supreme Court Considers Legal Implications of Million-Dollar Tips
18740,"Will anything sink Trump? At this point, probably not.",Trump's Political Popularity Remains Strong Despite Controversies
8696,"wall street firm develops new high-speed algorithm capable of performing over 10,000 ethical violations per second",Wall Street Firm Develops Algorithm to Automate High-Speed Trading
1,thirtysomething scientists unveil doomsday clock of hair loss,Satirical Article Imagines Doomsday Clock Featuring Hair Loss
24938,"Presidents Day resolution: Trump must go—but he's already president, so...",Trump Signs Executive Order to Address Federal Government Shutdown
20448,"Chrissy Teigen gives the middle finger to pregnancy critics—so elegant, so maternal.",Chrissy Teigen Poses for Pregnancy Photo Shoot
17261,DOJ official suggests reporters might not be jailed—how magnanimous of them.,DOJ Official Criticizes Media for Overly Aggressive Reporting
26092,"Tamra Judge on 'RHOC' Ahead: More Drama, More Tears, More Why Are We Watching This?",Tamra Judge Returns to RHOC Ahead of Season 14
24972,Seven secrets school leaders hide about New Orleans kids; it's all sunshine and rainbows.,New Orleans School Leaders Face Criticism Over Inadequate Support for Students
24981,"Clinton's bold pre-9/11 claim: hindsight is 20/20, right?",Clinton's 1999 Statement on 9/11 Criticized for Lack of Context
3401,frustrated wildfire spends hours stuck in l.a. traffic,"Wildfire Spreads Across Southern California, Threatening Communities"
12754,lowe's unveils new table saw with attached ice chest for storing cut-off fingers,Lowe's Unveils New Table Saw With Built-In Ice Chest For Storing Cut Fingers
8049,milosevic dreams he's slaughtering ethnic albanians in his underwear,Milosevic Faces Criticism Over Alleged Ethnic Cleansing in Kosovo
18669,"You can listen to Prince online, if you're into that kind of tribute.",Prince's Music Available for Streaming
10338,elementary schooler clearly just learned to swear,Elementary Schooler Uses Profanity in Classroom
1843,chimp actor looking to direct,Actor and Chimp Perform in Film Scene
19671,"Beyoncé's mom dares to exist near her daughter at an event, steals show. The horror.","Beyoncé's Mother, Tina Knowles Lawson, Attends Daughter's Concert"
26665,"NBC secures Trump interview, MSNBC airs it so much you'll see it in your sleep.",NBC Acquires Trump Interview for Primetime Broadcast
16453,Parenting guide: When to surrender to the toddler's demands (always).,Parents Often Find It Difficult to Set Boundaries With Toddlers
25176,From starving to starring—because the American Dream now includes a cooking show contract.,Reality TV Star Signs Contract With Cooking Channel
6154,black history month celebration honors how sharp african americans looked in old-timey clothes,Black History Month Celebrations Highlight African American Cultural Heritage
4451,open floor plan increases office shooter's productivity by 95%,Office Workers Report Increased Productivity and Comfort in Open-Plan Workspaces
22122,"What does Honolulu's urban development mean? More tourists, less local culture. You decide.",Honolulu's Urban Development and Tourism Growth
14069,UK retailer removes gender labels; controversy over whether clothes have genders.,UK Retailers Remove Gender Labels From Clothing
2627,broken ornament relegated to lonely existence on side of tree facing wall,Family Keeps Ornament on Christmas Tree
2465,man worried about drug dealer who's not picking up phone,Man Expresses Concern Over Local Drug Dealer's Absence From Phone
21623,Leann Rimes wears 'interesting' pants—a fashion choice that defies all conventions and good taste.,LeAnn Rimes Wears Distressed Jeans and Oversized Shirt
4684,search for 'kick-ass shelves' continues,Local Residents Search for Shelves in Home
2479,grandmother can't believe they let people with tattoos on price is right,Grandmother Expresses Disapproval Over Contestants' Tattoos on Price Is Right
3569,bus rider acting like fight not happening 4 feet away,Bus Rider Disrupts Commute With Unnecessary Arguments
14194,Dan Licht discusses scoring Dexter – the show that makes murder look like a hobby.,Dan Licht Discusses His Experience Working on Dexter
4492,david byrne holds up old suit to show how far he's come in weight loss journey,David Byrne Poses With Suit Jacket
7112,"presidential debate sidetracked by booker, de blasio arguing about best place in lower manhattan to get tapas",Booker and De Blasio Compete in Presidential Debate
4513,university suspends all lightweights from campus following fraternity hazing death,University of Michigan Suspends Fraternity Members Following Death
19069,4 new Trumps shaking Fast Track's house of cards. What could possibly go wrong in this administration?,Trump Administration Faces Criticism Over Regulatory Rollbacks and Executive Orders
25494,"Japan's entire military is now on high alert, quivering with anticipation for a missile that may or may not be a 'test.'",Japan's Military Maintains High Alert Levels Amid Ongoing Missile Defense Exercises
27794,"Because Lin-Manuel Miranda is famously known for his deep, unwavering support for Planned Parenthood, said no one ever.",Lin-Manuel Miranda Supports Planned Parenthood
10402,endangered rhino just wishes his horn didn't make people immortal,Rhino Habitat Loss and Poaching Threaten Endangered Species
2959,"bloodied, bruised john kerry emerges victorious at kickboxing tournament in bangkok prison",John Kerry Competes in Bangkok Prison Kickboxing Tournament
10816,area man likes food,Local Man Enjoying Dinner at Restaurant
8415,great barrier reef offers scuba divers chance to see beautiful diversity of ocean death,Great Barrier Reef Remains One of the World's Most Diverse and Resilient Marine Ecosystems
11972,moderator asks candidates to be specific when describing hellscape country will become if they not elected,Moderator Requests Candidates to Clearly Outline Policy Positions for Election Campaign
3260,beijing air solidifies,Beijing Air Quality Remains Severe
24545,Charleston Post Honors Victims with Cover: A Rare Moment of Actual Journalism,Charleston Post Publishes Cover Story Honoring Victims of Charleston Shooting
2698,saudi prince visits injured yemeni child in hospital to finish the job,Saudi Prince Visits Injured Yemeni Child in Hospital
15202,"Because Ferguson, with its population of 20,000, is clearly a hotbed of global terrorism compared to, say, active war zones.",Ferguson Protests Draw International Attention Amid Ongoing Police Violence
12772,fivethirtyeight staff finds hundreds of nate silvers representing every voting demographic in america after disastrous aggregator explosion,Fivethirtyeight Staff Reports Major Data Disruption After Server Crash
27640,"Time to kick Turkey out of NATO. Yes, let's create more enemies in the Middle East.",NATO Leaders Discuss Strategic Shifts in Middle East Policy
5737,relatives gather from across the country to stare into screens together,Family Members Gather for Virtual Video Call
26203,5 resistance resolutions? Like resisting the urge to be effective?,Congress Passes Five Resolutions to Address Government Challenges
14217,Highway sign hacked with anti-Trump message – the height of thoughtful political debate.,Trump Campaign Signs Displayed on Highway
9932,wilbur ross shakes self awake after briefly dying during cabinet meeting,President Bill Clinton Briefly Dies During Cabinet Meeting
28160,Fear and ignorance: the new enlightenment.,Satirical Article Critiques Modern Fear-Mongering and Misinformation
4068,witty remark repeated throughout week,Local Man Repeatedly Makes Jokes About Office Politics
18492,7 things that always go on sale in September—your credit card will weep with joy.,"September Sales Expected to Feature Discounts on Home Appliances, Kitchen Gadgets, and Furniture"
16550,The real point of going off the grid: to prove you're better than everyone else with your solar panels.,Homeowners Install Solar Panels to Reduce Energy Bills and Increase Property Value
19310,"13 Irish baby boy names in time for St. Patrick's day: like, Seamus isn't cliché enough?",Local Parents Choose Unconventional Irish Baby Names for St. Patrick's Day
18412,FBI: love triangle turns deadly—just another day in crime news.,FBI Investigates Fatal Love Triangle in New York City
15163,"Too old to drive? Google says drive anyway, safety is overrated.",Google's Safety Features Draw Criticism for Inadequate Driver Safety
18596,Darkness outlasting Trump: likely his permanent Twitter ban appeal.,Trump's Twitter Account Suspended
4945,5 million illegal immigrants to realize dreams of having deportation deferred,Immigration Reform Debate Sparks Concerns Over Deportation of Undocumented Immigrants
11234,waitress treated extra courteously to compensate for assholes at adjacent table,Waitress Treats Disruptive Customers With Extra Politeness
12583,trump assures nation that decision for syrian airstrikes came after carefully considering all his passing whims,Trump Administration Announces Syria Airstrike Campaign
8676,one beer can't do local alcoholic any harm,Local Man Consumes One Beer in One Hour
6889,dare graduate celebrates first toke,Dare Graduate Celebrates First Marijuana Use
17983,Fed up workers demand the *privilege* of more hours. The audacity!,Federal Reserve Faces Criticism Over Workload and Compensation
11054,badass churchgoer doesn't even have to look at hymnal,Local Man Attends Church Service Without Reading Hymnal
20245,5 perfect-for-packing lunch salads: they'll stay fresh and never be boring (yeah right).,Local Woman Prepares Five Different Lunch Salads for Work
21962,"Gunman in federal building shooting got 'raw deal', says congressman: because nothing says justice like sympathizing with shooters",Congressman Criticizes Federal Building Shooting Suspect's Defense
28388,area dad looking to get average phone call with adult son down to 47.5 seconds,Local Father Requests Shorter Phone Calls With Adult Son
17304,Yahoo's newfront pulses to EDM – because corporate events need more rave vibes.,Yahoo Launches New Front Website Featuring EDM Music
11487,"dnc files lawsuit alleging nation should never, ever stop focusing on 2016 election",DNC Files Lawsuit Alleging Political Polarization and Disinformation
20221,How noble to keep honoring slavery champions with statues – really reflects our values.,Critics Argue That Honoring Slavery Champions Is Inappropriate
7619,addition of ketchup factored into calculation of french fry's final temperature,Study Finds Adding Ketchup to French Fries Increases Heat
7326,nation horrified to learn about war in afghanistan while reading up on petraeus sex scandal,Petraeus Sex Scandal Highlights Political Corruption in U.S. Military
28401,owls are assholes,Owls are known for their nocturnal habits and sharp talons
8665,sharon stone to star in major backstage drama,Sharon Stone to Star in New Film
10718,new evidence reveals ancient greeks immediately regretted inventing theater,Satirical Article Critiques the Overemphasis on Theater in Ancient Greek Culture
23610,Because nothing says cutting-edge research like consulting thousand-year-old texts.,Researchers Consult Ancient Texts to Study Modern Diseases
5823,ken burns not sure how to turn down ray romano's repeated offers to narrate next documentary,Ken Burns Expresses Interest in Narrating Ray Romano's Documentary
7316,bbc upgrades flap to row,BBC Upgrades Radio Broadcasts to Improve Audio Quality
27419,"What's in a name? Everything and nothing, depending on who you ask.",Local Man's Name Is Frequently Misunderstood or Misused
23219,Philippines realizes it has few cards left in the South China Sea standoff—big surprise.,Philippines and China Engage in Diplomatic Tensions Over South China Sea Disputes
21672,Lana Del Rey and Stevie Nicks cast a deadly musical spell on new album,Lana Del Rey and Stevie Nicks Collaborate on New Album
26022,"Free your mind, your crotch will follow: deep thoughts for shallow minds.",Local Man Shares Deep Thoughts With Friends
25822,Democrats demand Kobach resign from voter fraud probe – for his stellar neutrality,Democrats Criticize Republican Officials for Neutral Voting Integrity
9899,researchers observe chimpanzees using pro tools,Researchers Study Chimpanzees Using Audio Recording Equipment
10195,"nytimes.com's plan to charge people money for consuming goods, services called bold business move",NYTimes.com Launches Premium Subscription Service
26845,"Let's not ruin 2015 like 2014? Too late, we're already doing it.",2015 Los Angeles Marathon Draws Record Crowd
2080,"pathetic, washed-up rock star on fifth decade of doing exactly what he always wanted",Rock Star Performs in Las Vegas
20416,20 last-minute Mother's Day gifts that scream 'I forgot but still love you.',Mother's Day Gift Ideas for Last-Minute Parents
16197,"Putin's offshore wealth leaked – dictators hiding money, who knew?",Satirical Article Mocks Putin's Alleged Wealth and International Relations
8142,historical archives: the twenty top-most books in print at present,Publishers Weekly's Annual List of Top 20 Best-Selling Books
10367,presidential debate to be accompanied by sultry latin beat,Satirical Article Imagines Presidential Debate Featuring Latin Music
25654,$2 trillion for infrastructure? That's practically chump change for progressives.,Progressives Advocate for $2 Trillion Infrastructure Investment
9564,iranian team openly working on bomb in negotiating room,Iranian Officials Discuss Nuclear Program in Negotiating Room
24828,"Khloe Kardashian's uterus continues its vital, news-worthy national service.",Khloe Kardashian's Uterus Remains Healthy and Active
2956,frustrated debate moderator reminds audience to refrain from john kasich chants while other candidates speaking,Moderator Reminds Audience to Respect Other Candidates During Presidential Debate
919,fanatically devoted nerd could potentially turn on simon pegg at any moment,Local Man Expresses Frustration Over Simon Pegg's Recent Film Choices
11313,header image,Image of a computer screen displaying a web browser
18345,"Army vet accused of murder targeted black men in NYC – because that's what heroes do, right?",Army Veteran Accused of Murdering Three Black Men in NYC
8230,"45-year-old man self-conscious, embarrassed by new, unexpected changes his body going through",Local Man Adjusts to New Physical Changes
5094,cover letter specifically tailored to company even sadder than generic ones,Employee Writes Custom Cover Letter for Job Application
2463,cranberry juice industry hoping 2009 a big year for urinary tract infections,Cranberry Juice Industry Faces Criticism Over Marketing Claims Linked to Urinary Tract Infections
15901,Ted Cruz single-handedly saves GOP from Trump with his incredible charisma.,Ted Cruz Wins Republican Nomination
24726,Trump meeting Kissinger? What could possibly go wrong with that pairing?,Trump Meets With Former National Security Adviser Henry Kissinger
27232,Heartfelt stories about a coach? Because basketball is all about emotions.,Coaches Often Focus on Emotional Support and Player Development
16957,"Billy Eichner casually boogies with Obama, while Ellen DeGeneres gets the exclusive – because why not?",Billy Eichner and Barack Obama Pose for Photo
889,new study confirms this didn't even feel like a 4-day work week,Study Finds Four-Day Workweek Leads to Improved Employee Productivity
27502,Anthony Weiner would choose to devour wooden tables over serving in Congress.,Anthony Weiner Faces Criticism Over Sexual Misconduct Allegations
3246,sex toy discreetly shipped in plain dildo-shaped box,Sex Toy Discreetly Shipped in Plain Box
10001,everyone on campus afraid of that one bar,Campus Students Frequently Avoid Local Bar Due to Safety Concerns
27355,Shocking news: White House staff refuse to defend Trump on TV. Who could have predicted that?,White House Staff Members Refuse to Defend President Trump on Television
27827,One wonders if the NYPD will roll out the red carpet or just a standard-issue holding cell.,NYPD Holds Suspect in Custody
28340,real-life scene filled with product placement,Local Woman Poses for Photo in Red Dress
27707,hippocratic oath updated to include vow of loyalty to blue cross blue shield,Satirical Article Mocks Medical Ethics With Fictional Blue Cross Blue Shield Oath
8065,new domino's app allows customer to track pizza's movement through digestive system,Domino's Introduces New App to Track Pizza Delivery and Customer Experience
2419,"health experts recommend standing up at desk, leaving office, never coming back",Health Experts Recommend Taking Regular Breaks From Desk Work
26162,"Angelina Jolie courageously saves her life—wait, is that even possible?",Angelina Jolie Saves Her Own Life After Being Shot in Afghanistan
18949,"UBS exec says no all-male panels – from the firm with all-male leadership, naturally.",UBS Executive Discusses Diversity and Inclusion in Leadership
14167,Sicario director hates senseless violence—guess his film was just a happy accident.,Sicario Director Denis Villeneuve Discusses Film's Graphic Violence and Themes
3839,"dreary, passionless couple believes your soulmate out there too",Local Couple Shares Romantic Advice on Finding a Soulmate
14563,"We're excited about a Saved by the Bell pop-up, because nostalgic restaurants are the future.",Saved by the Bell Pop-Up Restaurant Opens in Los Angeles
21269,Trump terrible 10 -- Mooch improved edition: a prestigious award ceremony for the most stable geniuses.,Trump Receives Presidential Medal of Freedom
5864,report: it a miracle nothing has punctured your eye yet,Report Highlights Common Eye Injuries
21903,"Little kid attempts impossible dream of whistling—bold move, considering his current talent level is 'silent but deadly.'",Young Boy Attempts to Whistle
9250,lowly mortal opens portal to hell,Local Man Opens Portal to Hell in Home Basement
7101,woman already off to bad start as mother after requesting epidural,Mother Requests Epidural During Labor
19409,Air Force drops 'so help me God' – because faith has no place in oaths.,Air Force Drops 'So Help Me God' From Oaths
20482,A note in RG3's locker is a clue to his future—journalists never jump to conclusions.,RG3's Locker Note Reveals His Future NFL Career Plans
4082,russian lawyer admits to repeatedly informing kremlin of trump campaign's ineptitude,Russian Lawyer Testifies Before Congress About Trump Campaign's Legal Strategy
14606,"Jennifer Lawrence loves discounts—stars, they're just like us.",Jennifer Lawrence Discusses Her Love of Discounts
15435,"United Airlines, in a shocking display of concern, suspends pet cargo travel—because after all those incidents, they've finally developed a conscience.",United Airlines Suspends Pet Cargo Travel Amid Safety Concerns
12470,man worried the 6th 'transformers' movie will just be stupid,Fans Express Concerns Over Upcoming 'Transformers' Sequel
2192,lockheed martin sales staff instructed to really push tactical air-to-surface missiles this week,Lockheed Martin Sales Staff Focus on Military Contracts
27152,"Who's qualified to sing at Mariah Carey's wedding? Obviously, only those who can hit the high notes without shattering glass – so, nobody.",Mariah Carey's Wedding Reception Features Professional Singers
10422,body given false hope with first piece of fruit in 9 days,Local Woman Rejoices After Eating First Piece of Fruit in Nine Days
24805,"Vacation is when I have a 40-hour week—because rest is for the weak, right?",Local Employee Works 40-Hour Week
3735,new arrivals consult wise couple who have been at resort for 3 days already,Couple Visits Resort for Three-Day Vacation
18979,"Ana Navarro calls out GOP: 'You'd impeach Hillary Clinton over this.' And they would, because consistency is their middle name.",Ana Navarro Criticizes GOP for Consistency in Political Discourse
15375,"Police officer who killed unarmed motorist cleared of charges, showcasing the justice system's impeccable fairness.",Police Officer Charged With Manslaughter After Fatal Car Accident
13518,Trump's 'woman card' comment raises money for Hillary—talk about a backfire.,Trump's Comments on Women Raise Questions About Political Strategy
16851,Just say 'I object'—instant botch.,Local Man Uses 'I Object' Phrase to Disrupt Court Proceedings
23013,A life with OCD: where every thought is a thrilling adventure in repetitive checking and existential dread. Truly inspiring.,OCD Symptoms Include Repetitive Checking and Anxiety Over Small Details
3055,graffiti artist no longer putting his heart in it,Local Graffiti Artist Discontinues Street Murals
26774,Man kills girlfriend on hike for insurance money: the epitome of romantic devotion.,Man Kills Girlfriend on Hike for Insurance Money
706,self-actualized historians urge nation not to get hung up on the past,Historians Urge Americans to Focus on Present and Future Over Historical Controversies
17783,Getting naked with strangers after mastectomy: a healing journey.,Women Share Personal Experiences of Healing After Mastectomy
24117,A driver expresses mild frustration by crushing a veteran's motorcycle.,Motorcycle Rider Kills Veteran Driver in Fatal Crash
8559,bush not heard from for over a month,President Bush Takes Extended Vacation
6932,nervous voter totally blanks on american values while looking at ballot,Voter Frustrated by Complexity of Ballot
24681,"Woman gets several job offers after handing out resumes on the side of the road, proving that traditional networking is for chumps.",Local Woman Receives Multiple Job Offers After Networking on Side of Road
6792,"sweating, shaking man never going to spend a little time with his thoughts again",Local Man Experiences Anxiety and Panic Attacks After Receiving Unwanted Phone Calls
15602,"Millennials, in their infinite wisdom, condescend to mentor baby boomers, reversing the natural order of things.",Millennials Take On Baby Boomer Mentorship Roles
23682,Journalists Who Refuse to Take the Same Non-Answer for an Answer: How Dare They Expect Actual Information,Journalists Criticized for Questioning Politicians' Answers
7582,"fourth-grade teacher receives dark portent of coming storm from gnarled, haggard third-grade teacher",Third-Grade Teacher's Unsettling Behavior Raises Concerns Among Students
3597,report: scientists still decades away from deciphering wireless bill,Satirical Article Mocks Consumer Electronics Industry With Fictional Wireless Bill Deciphering Report
27777,gay war hero awarded posthumous dishonorable discharge at white house ceremony,Former Army Captain Awarded Posthumous Honorary Discharge
12665,alternative theater waits three hours for stragglers,Alternative Theater in New York City Faces Long Wait Times for Latecomers
161,san diego zoo acquires chinese man,San Diego Zoo Acquires Chinese Man
3753,ant colony comes to halt after death of popular worker,Ant Colony Declines After Death of Key Worker
9873,infertile aunt doing it up big at kids table,Aunt's Large Appetite and Frequent Snacking at Family Gatherings
1646,libyan rebels still working full-time at other jobs,Libyan Rebels Continue to Work Full-Time Amid Ongoing Conflict
20191,"Dad with 350,000 miles single-handedly ends global travel poverty, one family at a time. Hero!","Father's 350,000-Mile Road Trip Ends With Family's Financial Relief"
9881,drunk driver honored,Drunk Driver Arrested for Reckless Driving
13044,grandmother doesn't care for new priest,Local Grandmother Disapproves of New Priest
10318,"deformed, half-feathered audubon society president flees into forest after injecting self with bird dna",Audubon Society President Injects Bird DNA Into Himself
24195,"Why being killed by a lightsaber would be so much worse in real life (hello, cauterization)",Local Man Discusses Potential Risks of Lightsaber Dueling
16150,An open letter to my shelter dog's first owner: Thanks for abandoning him so I could find him?,Shelter Dog Found After Owner Abandons Him
17872,Meatless Monday: Robin Asbell gets juiced – saving the planet one bland salad at a time.,Robin Asbell Advocates for Plant-Based Diets
5856,bush increasingly focused on how revisionist history will see him,President Bush Faces Criticism Over Historical Record
5417,pumpkin clearly had finger in it,Pumpkin Carved With Finger Marks
868,beauty industry to consumers: 'you like short hair now',Beauty Industry Promotes Short Hair as Latest Trend
7591,bush's approval rating of other americans also at all-time low,President Bush's Approval Rating Drops to Record Low
14076,8 healthy snacks to keep hunger at bay: you'll totally choose these over junk food.,Health Experts Recommend Whole Foods Over Junk Food for Optimal Nutrition
17565,"Oh, just 100 million more people in poverty by 2030? No big deal, unless you're one of them.",World Bank Warns of Rising Global Poverty and Economic Inequality
17354,'Walking Dead' actor comes out on YouTube—a bold move that changes everything.,The Walking Dead Actor Shares Personal Life and Career on YouTube
3261,man's dream to get drunk in an a-frame finally realized,Local Man Successfully Drinks Beer in A-Frame Cabin
18475,"PayPal back up after outage, world functions again, hooray.",PayPal Outage Disrupts Global Financial Transactions
14337,"RNC proclaims Pence winner before debate. Democracy in action, folks.",Vice President Mike Pence Wins Republican Nomination
7207,new girlfriend bears disturbing resemblance to old girlfriend,Local Woman's New Relationship Appears to Be a Reunion With Former Partner
28413,lucrative new oil extraction method involves drilling directly into gas stations,Oil Extraction Methods Face Criticism Over Environmental and Safety Concerns
4209,man not going to let mind games of ex-girlfriend's natural moving-on process get in his head,Local Man Refuses to Give Up On Ex-Girlfriend
21678,Losing everything in a flood: just a little spring cleaning,Floods Devastate Homes Across the United States
8894,las vegas casino owners announce plans to tear down don rickles,Las Vegas Casino Owners Announce Plans to Demolish Don Rickles Statue
18782,"Farmers' mental health? Priorities, right?",Farmers Face High Stress Levels and Mental Health Concerns
5298,dreamworks skg signs j&h productions to six-year deal,DreamWorks Skg Signs Six-Year Deal With J&H Productions
4724,area dad needs more time with museum plaque,Local Father Requests More Time to Read Museum Plaque
21033,People really like Kanye's new song 'Real Friends' because it's really G.O.O.D. – said no one with taste.,Kanye West's New Single 'Real Friends' Released
10312,half-fabricated résumé still unimpressive,Local Man's Résumé Criticized for Lack of Specific Work Experience
14970,Trump's Honest Reason for Skipping UK Visit Wins Universal Praise from Tweeters,Trump's Decision to Skip UK Visit Draws Praise From Social Media
24706,'It will never happen to me' – every person before a catastrophe.,Experts Warn Against Overconfidence in Personal Safety
15222,"Fish might slightly lower depression risk, according to some studies.",Study Finds Fish Consumption Linked to Lower Depression Risk
11296,report: 32% of prayers deflected off passing satellites,Satirical Article Claims 32% of Prayers Are Deflected by Satellites
17138,Why we can't ignore the outliers – unless they prove us wrong.,Experts Highlight Importance of Considering Outliers in Scientific Research
27924,"Increased heart attack risk over holidays? Just a minor risk, enjoy your feast.",Heart Attack Risk Increases During Holidays
19499,"Surge Soda Back and Sold Out, Nostalgia Overwhelms",Surge Soda Returns to Stores
14278,Jesus was a socialist—so all those prosperity gospel preachers are just misreading the Bible.,Critics Argue Jesus' Teachings Contradict Prosperity Gospel Preaching
2011,secret agent's back's always been a bit hinky ever since he burst through that skylight and landed in fountain,Secret Agent's Back Injuries Prompt Concerns Over Safety and Performance
23940,Because faith-based health solutions from a medical journal are the height of scientific innovation.,Satirical Article Critiques Medical Journal Articles on Faith-Based Health Solutions
4996,emperor penguin demands more smelt,Emperor Penguin Photographed Wearing Sunglasses
7865,man finally unpauses 'super mario bros.' after 18 years of chores,Local Man Takes Break From Household Chores to Play Super Mario Bros.
21673,Trump refuses to play GOP ball: team player he is not,Trump Criticizes GOP Leadership for Not Playing Ball
18487,Asking 'what was he wearing?' will undoubtedly end rape culture—journalism at its finest.,Journalists Criticized for Asking Questions That Could Be Used to Sexualize Victims
23184,Drought costs $2B extra: just a minor inconvenience for Californians.,California Drought Exposes Residents to High Water Bills
10239,tom clancy really happy with how latest video game with his name on it came out,Tom Clancy's Latest Video Game Released
4904,data-entry clerk reapplies carmex at 17-minute intervals,Data Entry Clerk Applies Lip Balm at Work
26541,"Leelah Alcorn, rest in peace—finally got everyone's attention, huh?",Leelah Alcorn's Death Sparks Outpouring of Tributes and Support
11855,bags under tommy lee jones' eyes causing him neck problems,Tommy Lee Jones Faces Neck and Eye Strain During Filming
8552,"unearthed cave painting of wooly mammoth, saber-tooth tiger reveals humans have debated what things would win in a fight since 30,000 b.c.",Archaeologists Unearth Cave Painting Depicting Wooly Mammoth and Saber-Toothed Tiger
27206,"Young Dems like Bernie: shocking, since he offers free college and healthcare.",Bernie Sanders Campaigns for Young Democrats
4006,flight attendant quietly informs first class passengers where real emergency exits are,Flight Attendant Briefs First-Class Passengers on Emergency Exit Locations
17742,"7 shameless ways to get an upgrade: ethics are optional, right?",Satirical Article Critiques Corporate Culture and Workplace Ethics
13265,The only parenting advice I'd give: try not to mess up too much.,Parents Share Common Parenting Challenges and Advice
12591,fcc chief cites special occasion for allowing vaginal penetration on network sitcom,FCC Chief Urges Network Executives to Avoid Explicit Content
10421,white-on-white violence claims life of accounts receivable supervisor,Accounts Receivable Supervisor Killed in White-Collar Violence
6521,christian bale given neutered male statuette named oscar,Christian Bale Receives Oscar for Best Actor
16174,María Tomás-Keegan's GPS guide to self-lift: because GPS fixes everything.,GPS Navigation Guides Users to Self-Lifts
23606,Women who love Trump say he gets a bad rap – poor guy.,Trump Supporters Defend Candidate Amid Criticism
14591,Walmart fact-checks Times—because facts are relative.,Walmart Fact-Checks The New York Times
10725,partygoer vows to fix keg,Partygoer Vows to Fix Broken Keg at Local Bar
24630,"Police reports conveniently forget what dashcams clearly show, as per usual.",Police Reportedly Fail to Investigate Dashcam Footage in Fatal Car Crash
25459,"Eating Disorder Campaign Boycotts 'Before' Photo: 'After' is So Much Better, Right?",Eating Disorder Campaign Boycotts 'Before' Photo
17648,8 DIY gifts your friends will want – if they love disappointment.,DIY Gift Ideas for Friends Who Enjoy Disappointment
26172,34 tweets that roast The Bachelor with surgical precision.,Bachelor Nation Fans Share 34 Tweets Roasting The Bachelor
6850,viral video sparks national debate around drumming in public,Viral Video Highlights Public Drumming Disruptions
15870,"Voters overwhelmingly demand concession from losers, while totally accepting their own losses, no problem.",Voters Express Disappointment Over Election Losses
7477,ophthalmologist instructs patient not to look at anything 24 hours before eye surgery,Ophthalmologist Warns Patient Against Looking at Screens Before Eye Surgery
7580,fermilab receives generous anonymous particle donation,Fermilab Receives $1 Million Donation From Anonymous Donor
1554,laid-off zoologist goes on tranquilizing rampage,Former Zoologist Arrested for Violent Assault After Laid-Off Job
10267,dog keeps iceland awake all night,Iceland's Unusually Long and Unpredictable Nighttime
11466,first disk of rosetta stone hungarian just urges listeners to rethink this whole thing,Rosetta Stone Introduces New Hungarian Language Course
28256,Pro bono month: because lawyers need a break from billable hours too.,Law Firm Offers Pro Bono Services to Clients
24059,Survey shows young Americans want to reverse inequality. Until they have to pay for it.,Survey Finds Young Americans Prioritize Economic Equality Over Political Change
13914,"What's lurking in pedicure tubs? Your worst fears, probably.",Pedicure Tubs Contain Bacteria and Other Microorganisms
15073,Behold! The profound and culturally significant title of American Horror Story Season 7 – because subtlety is overrated.,American Horror Story Season 7 Premieres With Prominent Title and Strong Marketing Campaign
4190,tour guide one stop behind clearly giving more interesting tour,Tour Guide Shares Detailed Information About Local Landmarks
15658,"Serena Williams has perfected her argument against the wage gap: She's so good at explaining it, she should charge men for listening.",Serena Williams Advocates for Equal Pay for Women in Sports
8236,rookie told to ease up on crime-scene tape,Police Officer Photographs Crime Scene
10555,supermodel's true beauty comes from outside,Supermodel Naomi Campbell Poses for Photograph
5493,infants piling up at orphanage's old address,Orphanage Address Listed as 1234 Old Address
27752,joe arpaio's family surprises him with detained hispanic motorist,Joe Arpaio Faces Criticism Over Detaining Hispanic Motorists
4176,area man to start curling his 2s,Local Man Begins Early Puberty
24457,"How exactly do discriminatory immigration policies affect the unborn? Oh, wait, they don't.",Immigration Policies Impact Unborn Children
15188,"Yes, the man who lost a primary by 70 points is definitely the one to finally fix everything.",Primary Loss Highlights Political Disillusionment Among Voters
1611,report: nearby conversation definitely just got quiet to prevent you from hearing it,Report Highlights Workplace Stress and Workplace Silence
13487,"$88 million settlement for sex misconduct. Just a tiny, negligible oopsie for the district.",District Attorney Announces $88 Million Settlement in Sex Misconduct Case
20505,Ten surefire methods to make your kid hate books less.,Parents Struggle to Engage Children in Reading
20508,Let's all commence to move forward—whatever that means.,Local Residents Express Frustration Over Ongoing Political and Social Challenges
10272,michelle obama admits barack had way too much sperm to make natural conception possible,Michelle Obama Discusses Her Decision Not to Have Children
6533,tim burton worried he going through a bit of a 14-movie slump,Tim Burton Discusses Recent Film Slump and Future Projects
15768,The tartan carpet gala: where fashion meets historical drama in the most extravagant way possible.,Tartan Carpet Gala Features Historical Costumes and Historical Accents
24962,Chelsea Handler's brilliant tribute to Sarah Huckabee Sanders showcases her finest moments.,Chelsea Handler Performs Tribute to Sarah Huckabee Sanders
20230,The hottest NYC restaurant is a dorm room – fine dining has never been more exclusive with bunk beds!,NYC's Trendy Dorm-Friendly Fine Dining Establishments
17368,"Chrissy Teigen grateful for Instagram filters—her way of fighting online hate, one block at a time.",Chrissy Teigen Shares Photoshopped Images on Instagram to Counter Online Harassment
28185,"Just a little ol' murder, nothing to see here.",Police Investigate Fatal Shooting in Downtown Denver
18163,Nas talks 'Ghostbusters'-inspired lines and sartorial heroes – because rap is really about proton packs and suits.,Nas Discusses His Rap Style and Career
4622,total idiot resorting to tribalism decades before climate catastrophe makes it necessary,Local Man Criticizes Climate Change Deniers
7431,man sort of curious what his last straw is going to be,Local Man Reflects on Recent Workplace Stress and Career Concerns
10553,"scientists discover dangerous link between book learnin', back talk",Study Finds Students Who Frequently Disagree With Teachers Are More Likely to Engage in Disrespectful Behavior
13268,"Director makes movie about childhood friend, because Hollywood needs more tributes",Director Makes Film About Childhood Friend
27273,Prime Day's top toys: because consumerism is love.,Amazon Prime Day Features a Wide Range of Toys for Children
10969,office politician runs for coffee,Local Politician Runs for Coffee Shop Owner Position
15620,"Drake's dad's music video is so smooth, it could calm a raging bull.","Drake's Father's Music Video Features Smooth, Smooth Moves"
12747,archaeologists unearth ancient clay pot shards from dwelling of earliest known klutz,Archaeologists Unearth Shards of Clay Pot at Ancient Dwelling Site
3895,william barr shows up to congress to testify at 3 a.m. after reading email wrong,Attorney General William Barr Testifies Before Congress at 3 A.M.
9561,suicidegirls.com put on 24-hour watch,Suicidegirls.com Launches 24-Hour Live Streaming Service
10953,bumper nilla crop spells profit for wafer growers,Wafer Crop Spreads Across Fields
27970,cash-strapped trump forced to replace eric trump with cheap migrant son,Trump Administration Faces Criticism Over Handling of Migrant Detainees
22463,Trump won't condemn neo-nazis? UN panel is utterly surprised.,UN Panel Condemns Neo-Nazis and Calls for International Action Against Hate Groups
15538,"RNC chair: since we're terrible at normal, let's roll the dice with Trump.",RNC Chair Paul Ryan Announces Trump as Vice Presidential Nominee
7428,monsanto develops hardier strain of corn that yields 4 times normal litigation,Satirical Article Mocks Monsanto's Legal Disputes Over Corn Patent
16833,"Yes, because nothing captures the despair of student loans like a comic book.",Comic Book Covers Often Depict Student Loan Debt
1253,"friend insists you just have to climb ladder, hop gap, scale wall to see the view from apartment's roof",Local Man Encourages Friend to Climb Apartment Ladder to View Roof
16549,A millennial perspective on Concur's new app center: because what we need is another app to manage our apps.,Millennials Express Frustration Over Overwhelming Number of Digital Apps
5077,mom calmly emptying dishwasher as if shrieking argument didn't happen 10 minutes ago,Mother Cleans Dishwasher After Family Argument
26906,Chewbacca gets a 'Chewbacca mom' mask? Because Star Wars fans needed more merch.,Star Wars Fans Demand More Merchandise Featuring Chewbacca
19535,Because matching with the 'most hated man in pharma' on Tinder is everyone's dream.,Tinder Users Report High Interest in Matching With Pharmaceutical Executives
27930,Knobby-faced beast stands tall? This fossil rewrites history books.,Fossilized Skull Found in Montana
26372,Art-house films this summer: because who needs plot or fun?,Summer Film Season Features a Wide Range of Art House and Independent Films
9110,government no longer even bothering to hide halliburton favors,Satirical Article Critiques Government Corruption and Corporate Influence
21486,Seth Meyers points out how Mike Pence's love for Trump is as genuine as a 'Love Actually' plot.,Seth Meyers Criticizes Mike Pence's Support for Trump
7779,people in healthcare.gov stock photos now visibly panicking,Healthcare.gov Website Faces Criticism Over User Experience and Security Concerns
9185,family has strict no smartphone rule while eating dinner in front of tv,Family Maintains Strict No Smartphone Policy During Dinner
19184,Trump's diary offers deep insights: 'Day 1: I am great. Day 100: Still great.' Must-read.,Trump's Daily Diary Entries Provide Insights Into His Daily Life and Presidential Rhetoric
13635,10 qualities of your inner spirit? Who needs science when you have lists?,Psychologists Recommend Using Self-Assessment Tools to Identify Personal Traits
9046,std had awesome time on spring break,Spring Breakers Reportedly Enjoyed College Party Atmosphere
2981,"world cup stadium's walls reinforced with 10,000 homeless brazilians",Homeless Brazilians Gather Outside World Cup Stadium
16588,Kid who hugged cop in viral protest photo feared dead in family car plunge—from heartwarming to tragic in seconds.,Family Car Plunges Into River After Hugging Police Officer
5115,mom guesses dressbarn closure means she'll just have to go shop with all the sluts over at chico's now,Dressbarn Closes 200 Stores Nationwide
25238,The long fight for justice: where 'long' means 'eternal' and 'justice' is a fairy tale.,Long History of Civil Rights Struggles and Ongoing Challenges
25487,"Starbucks, ever the patron of high art, invites you to deface their seasonal cup like a toddler with a placemat.",Starbucks Encourages Customers to Decorate Seasonal Cups
2511,kidnapped journalist forced to explain to isis captors what buzzfeed news is,"ISIS Captors Kidnap Journalist, Demand Explanation of BuzzFeed News"
9982,mitt romney announces he's running for his life,Mitt Romney Announces Presidential Campaign
27260,"On Supreme Court steps, too happy to hate – because joy and injustice go hand in hand, clearly.",Supreme Court Justice John Paul Stevens Steps on the Court
20500,"Bill Murray's bribery attempt is so cute, you'd almost forget it's illegal.",Bill Murray Attempts to Bribe FBI Agents to Protect Himself
8550,national security council distracted by whimpering jared kushner pawing at door throughout meeting,National Security Council Members Reportedly Disinterested in Jared Kushner's Role
23113,Watched three attacks from school? Just another day in America.,School Shooting Survivors Reflect on Daily Life Amid Ongoing Violence
16652,"Finally, a drug policy expert says what we all knew: legalizing weed will solve everything, right?",Drug Policy Experts Urge Legalization of Marijuana to Address Public Health and Safety Concerns
25211,"Congratulations to Jared Kushner on his new role as FBI director, because nepotism is the new meritocracy.",Jared Kushner Appointed as FBI Director
7552,boyfriend vows to try harder,Local Man Vows to Improve Relationship After Disappointing Experiences
23007,"Even female doctors struggle for equal pay, despite being obviously superior.",Female Doctors Face Persistent Pay Disparities Despite Equal Qualifications
25656,Florida man head-butts a bus? Classic problem-solving.,Florida Man Head-butts Bus Driver
20513,Exclusive: Hillary's secret speech notes that no one cares about.,Hillary Clinton's Speech Notes Revealed
21753,Brianna Brochu's story reveals racism is just a minor undercurrent in Connecticut.,Connecticut Woman's Story Highlights Racial Inequality in Local Police Department
25614,A mashup so profound it will guide you to sabotage street. Or confuse you. Probably both.,Local Man Plans to Use Street Art to Guide Tourists to Hidden Street
28202,"Surprise, surprise, the art of the deal involves... not keeping deals?",Business Leaders Criticize Corporate Culture for Failing to Deliver on Promised Deals
9212,report: mom going to need you to pitch in around house after her procedure,Mother Plans to Return Home After Undergoing Breast Augmentation Surgery
2058,historical archives: to be sold - carved wooden heads,Historical Carved Wooden Heads for Sale
11346,local senior keeps busy with obituary-clipping hobby,Local Senior Clamps Obituary Clippings Into Newspaper
14082,George and Amal Clooney stun post-baby red carpet: as if having a baby changes your style.,George and Amal Clooney Attend Red Carpet Event
15259,"With all eyes on Trump, Texas passes horrific laws? Perfect, let's distract from the real issues.",Texas Passes Legislation Restricting Transgender Individuals' Access to Healthcare
14240,Freedom with a twist of maturity? Because liberty tastes better with responsibility.,Local Man Reflects on Personal Growth and Responsibility After 30 Years of Freedom
16783,Behold a tatted up Zayn Malik: the world hasn't seen tattoos before.,Zayn Malik's New Tattoo Draws Attention
26167,Clarence Thomas harassed me? Impeach him? Never! Said the corrupt.,Satirical Article Mocks Clarence Thomas's Supreme Court Confirmation Hearings
16329,An Apology to My Fellow Black Woman for Existing in This Mess,Black Women Face Persistent Inequalities in Workplace and Public Spaces
23853,U.S. vs. China in Africa: A totally cooperative and not competitive venture.,U.S. and China Collaborate on Joint Economic and Infrastructure Projects in Africa
15,new history textbook makes hatred of history come alive for students,New History Textbook Introduces Students to Historical Events and Perspectives
9217,hellmann's introduces new meat-on-the-bottom mayo cups,Hellmann's Introduces New Mayonnaise Cups
5957,belt looks weird on child,Child Wearing Belt
2258,poll finds 97% of americans don't know who donald trump is,Poll Finds 97% of Americans Have Never Heard of Donald Trump
7485,woman worried she doing bad job enjoying massage,Local Woman Expresses Frustration Over Massage Therapist's Unconventional Techniques
14723,Andrew Lincoln will make you hope for Rick's death scene. What a charming plot twist.,Andrew Lincoln's Character Rick Grimes Dies in Season 6 Finale
19435,"In a world where body positivity means embracing all sizes, a model is 'ok' with being called fat. How revolutionary.",Model Poses for Photo Shoot
11624,airbnb user loves how easy website makes it to ejaculate in stranger's sink,Airbnb User Reports Discomfort With Shared Bathroom Facilities
22634,Frankie Muniz seems keen on a Malcolm reboot – because originality is overrated when you have nostalgia.,Frankie Muniz Expresses Interest in Rebooting Malcolm in the Middle
4529,american media reports news other than zoo's escaped cobra as if anything else really matters,American Media Focuses Primarily on Animal Escapes
14799,"Nations advised to avoid South China Sea confrontation, as peace is already here.",Nations Urge Diplomatic Resolution to South China Sea Dispute
14199,"Clippers win championship, racism wins too – sports always promote equality, right?",Clippers Win NBA Championship
20849,"5 steps to get you from shy to sociable – step 1: become a mind reader, step 2: never be awkward again.",Experts Offer Advice on How to Transition From Shy to Sociable
27035,"Why leave a husband who threatens to kill you? For the cozy domestic violence, of course.",Woman Leaves Husband After Domestic Violence Threats
3773,inept coworker increasingly difficult to fantasize about,Coworkers Report Difficulty Fantasizing About Colleague Due to Poor Work Performance
5276,louvre curators hurry to display ugly van gogh donor gave them before surprise visit,Louvre Curators Display Van Gogh Painting
5704,scientists find human vocal cords developed over millennia to lower voice when speculating on acquaintance's sexual orientation,Researchers Investigate How Vocal Cords Adapt to Social and Emotional Contexts
21368,"7 ridiculously easy ways to protect your bones – so easy, you'll forget you're even trying to avoid osteoporosis!",Experts Recommend Simple Lifestyle Changes to Prevent Osteoporosis
25093,"This is so much cooler than your boring black ponytail holder? Wow, that ponytail holder must be a revolution in hair accessories.",Local Woman Criticizes Hair Accessories for Lack of Style
68,fire department deploys unmarked trucks,Fire Department Deploys Unmarked Trucks to Respond to Calls
14829,Fed finally 'lowers the boom' on Wells Fargo after years of scandals—about time they noticed.,Wells Fargo Faces Criticism Over Financial Misconduct and Regulatory Failures
22631,"Aunt Flo's uninvited visits made adorable – because menstruation is just a funny little quirk, right?",Aunt Flo Visits Granddaughter During Period
10188,area man tired of making excuses for rapist friend,Local Man Faces Criticism for Excusing Friend's Sexual Misconduct
6632,authorities on loudspeaker plead with holdout characters to evacuate disney world while they still can,Disney World Officials Urge Guests to Evacuate Park
25157,"Ivanka, where's your LGBTQ advocacy when your dad is anti-LGBTQ? Probably shopping.",Ivanka Trump's Anti-LGBTQ Views Draw Criticism
27697,"cheney to speak at republican convention from section 109, row 56, seat 3",Cheney to Speak at Republican National Convention
24137,Andrew Lincoln and cue cards back? The cultural event of the decade.,Andrew Lincoln Returns to The Walking Dead for Season 6
7706,"'oh, was i not enough for you?' amazon echo asks couple bringing new baby home",Amazon Echo Announces New Baby
27639,14 Toronto film festival movies worth your attention. As if you needed more reasons to stay home.,Toronto Film Festival Features a Wide Range of Independent and Art House Films
21424,Russia objects to U.S. arming rebels—peace-loving as always.,Russia Criticizes U.S. Arms Supplies to Anti-Government Rebels
11787,tapas arriving too fast,Local Man Eats Tapas Too Quickly
13285,"Rubio's struggle to have an original thought, barely noticeable",Rubio Campaigns for Florida Senate Race
732,clinton takes stand against harmful uv radiation,President Clinton Addresses Health Concerns Over Exposure to UVA Radiation
325,nation's moms demand christmas list,Parents Request Christmas List for Children
17390,"Happiness answered two millennia ago—and we're still searching, obviously.",Researchers Discover Ancient Evidence of Happiness in Ancient Civilizations
6680,pope starting to suspect bishops getting huge erections during meeting on child sexual abuse might be pedophiles,Pope Francis Addresses Clergy Sexual Abuse Scandal
21586,"Trump now claims 'illegal immigrants' are behind voter fraud, solving the mystery of his elusive mandate.",Trump Claims Voter Fraud Is a Major Issue in Election
20730,Supreme Court to decide if Bush-era officials can be sued; because accountability is so last decade.,Supreme Court to Decide on Bush-Era Officials' Civil Rights Claims
28241,"Scholarship for Sterling's children: fixes everything, right?",Scholarship Fund Established for Children of Sterling Cooper Executives
2884,first day of school photos a chance to see how much cousin's kids are chunking out this year,First Day of School Photos Capture Children's Energy and Energy Levels
3472,laura ingraham claims protesting parkland students don't have enough gun knowledge to criticize nicholas cruz,Laura Ingraham Criticizes Parkland Students Over Gun Rights
28001,jeb bush bungles several questions on first day back at home,Jeb Bush Returns Home From Campaign Trail After First Day Back
17940,"Oh, sure, Obama totally supports Black Lives Matter—just not loudly enough to actually make a difference.",Obama Supports Black Lives Matter Movement
10804,this so typical of hemophiliac,Hemophilia Patient Accidentally Injures Themselves While Trying to Use Medical Equipment
3724,new dog sick of being compared to old one,Local Dog Owner's New Pet Struggles to Live Up to Expectations
5172,detective endangers own life by looking forward to upcoming retirement,Detective Reflects on Retirement Plans and Career Milestones
3825,employee leaving company unsure how to break it to coworkers who don't really care whether he lives or dies,Employee Leaves Corporate Job to Pursue Entrepreneurial Venture
14206,Guy Fieri eats to Johnny Cash's 'Hurt' – the perfect soundtrack for fine dining.,Guy Fieri Eats at Johnny Cash's Memphis Restaurant
26616,"Does the GIF Oscars need you? Probably not, but your meme might win.",Satirical Article Mocks Oscars Memes With Fictional Oscars Campaign
3995,hillary clinton campaign shuts down after blowing through $2 billion in first month,Hillary Clinton Campaign Faces Financial Challenges
28529,"What's next for Jill Abramson? A Pulitzer for her next editorial, obviously?",Jill Abramson's Career Highlights in Journalism
13071,new carpet cleaner safe for pets that were meant to go on living,New Carpet Cleaner Released
15316,The great unifier: how a polarizing figure brought everyone together,Polarizing Figure Unifies Public Opinion
20622,The family talisman: that mysterious object that definitely brings luck and isn't just a dusty old trinket.,Family Claims Lucky Coin Brings Good Fortune
25471,"Clearly, a comedian is the perfect person to settle complex geopolitical election interference debates.",Comedians Often Use Humor to Address Political Debates
6679,olympic torch used to ignite tibetan protesters,Tibetan Protesters Clash With Security Forces in Lhasa
12605,trump vows to bring back ohio town's white castle,Trump Vows to Bring Back Ohio Town's White Castle
4400,report: most terrorists do not start the day off with a good breakfast,Report Highlights Link Between Poor Breakfast Habits and Terrorism
14530,HuffPost Rise Newsbrief: your daily dose of obvious news.,HuffPost Launches New News Briefing Service
6562,dad's previously unheard-of friend dies,Local Man Dies in Car Accident
9769,no leads sought in asshole's murder,Police Seek Witnesses in Murder of Local Man
27628,Co-worker's bad mood getting you down? Just ignore it; that always works.,Coworkers Often Ignore Colleague's Negative Behavior to Maintain Workplace Harmony
26007,Because nothing says respect like dressing up as other cultures.,Local Man Dresses Up in Traditional Japanese and Indian Attire for Halloween
11194,defiant dallas police officer claims anyone could have mistaken black man's apartment for gun,Dallas Police Officer Defends Use of Force Against Black Man
736,point of story apparently that man ate at restaurant,Local Man Eats at Restaurant
22741,Black Friday boycott: because saving money is so last season,Black Friday Sales Begin
18747,"Pretty Little Liars escapes New York, finally giving the city a break.",Pretty Little Liars Casts New York City as Final Destination
19698,'Pharma bro' Martin Shkreli backs Bush: Because his endorsement is everyone's dream.,Martin Shkreli Endorses Donald Trump
11550,'entourage' fans doubt film adaptation can capture nuances of book,Entourage Fans Express Concerns Over Film Adaptation
20652,"'Miracle on Ice' veteran seeks congressional scrutiny on NHL concussions, because Congress has nothing better to do.",Former Olympic Ice Hockey Star Advocates for Congressional Scrutiny of NHL Concussions
14532,Haiku art reviews: deep insights in three lines.,Art Critics Review Haiku Collections
9567,area man probably pervert,Local Man Accused of Sexual Misconduct
28014,overpopulation of the earth: will it create valuable new markets?,Global Population Growth and Resource Scarcity Threaten Global Economic Stability
2362,street musician's mother really on his case about practicing his buckets,Local Street Musician Performs Daily
17468,K-pop fans lost their minds? At a closing ceremony? That's never happened before. They must be so unpredictable.,K-Pop Fans React to Closing Ceremony
7995,kangaroo decides he'll get there faster by just running,Kangaroo Runs Across Australian Outback
19937,Geckos enjoy a cosmic party in space – because nothing says scientific advancement like lizard tourism.,Satirical Article Imagines Geckos Exploring Space
15645,"Meet the woman who flew us to Pluto: NASA called, they want their imaginary space program back.",Satirical Article Mocks NASA's Pluto Mission
23019,Ted Cruz and Rand Paul: the ultimate outsiders bravely fighting the establishment from inside their powerful Senate seats. So rebellious.,Ted Cruz and Rand Paul Campaign Together in Senate Races
15903,Gigi Hadid walks runway with one shoe: A minor fashion faux pas.,Gigi Hadid Walks the Runway in High Heels
25231,"Sinclair CEO tells employees not to let 'extremists' bully them, presumably meaning 'journalists who fact-check.'",Sinclair CEO Addresses Workplace Harassment Concerns
11896,argument about capital of australia occurs 10 feet from encyclopedia,Two Friends Argue Over Capital of Australia at Local Pub
26617,"News roundup: August 17, 2017 – nothing to see here.",Local News Roundup Highlights Routine Summer Events
16524,"From bicycles to spaceships: a video that highlights how far we've come, yet we still can't fix traffic.",Satirical Video Critiques Urban Traffic Congestion
11869,assisted care facility hits grand fucking slam with little styrofoam cups of sherbet,Assisted Care Facility Residents Enjoy Refreshing Sherbet Treats
27387,"Russia holds military exercises in disputed areas, just a friendly workout, no ulterior motives.",Russia Conducts Military Exercises in Disputed Areas
7282,couple stressing about wedding plans as if it won't just take a string of edison bulbs to knock guests' fucking socks off,Wedding Planning Challenges Remain Despite Couples' Optimism
1076,podiatrists recommend getting feet rotated every 6 months,Podiatrists Recommend Regular Foot Rotations to Prevent Foot Problems
13846,"Russia amasses 45,000 troops: just a casual gathering on the border, no big deal.",Russia Prepares for Potential Military Conflict with Ukraine
7384,parents finally cave and buy 33-year-old son playstation 1,Parents Purchase PlayStation 1 Console for 33-Year-Old Son
25127,"'Warcraft' trailer debuts at Blizzcon – finally, some quality entertainment.",Warcraft Trailer Debut at Blizzcon
26556,Dolphin mom shows better parenting than many humans,Dolphin Mother Successfully Nurtures and Cares for Her Young
2059,report: one in five women training to be yoga instructors,Report Highlights Growing Demand for Yoga Instructors
25522,"Ted Cruz wins by being so bland, opponents fall asleep.",Ted Cruz Wins Iowa Republican Primary
27829,"Spain's gentle, loving persuasion of Catalonia is such a heartwarming story of unity.",Spain's Constitutional Framework and Political Stability
5613,obamas decide to stay in white house until daughters finish high school,President Obama and First Lady Michelle Obama
8194,bold intern giving parents tour of office,Office Intern Tours Parents' Home
20445,"Melo's hat game > Knicks' triangle offense—yes, accessories are the key to winning championships.",Melo's Defensive Style Dominates Knicks' Triangle Offense
5672,cable-tv judge overruled by network-tv judge,Cable TV Judge Overruled by Network TV Judge
27221,"Iowa caucus photos so thrilling, you'll forget it's just a straw poll.",Iowa Caucus Photos Highlight Political Candidates' Campaign Strategies
16352,Black women are rising! When will their pay rise? Probably after the next ice age.,Black Women Face Persistent Pay Disparities in the Workplace
9870,justice breyer unable to look at anything without deliberating constitutionality of it,Justice Breyer's Deliberative Approach to Constitutional Interpretation Draws Criticism
26166,Police heroically displace homeless for the Pope's visit—compassion in action.,Police Evacuate Homeless Population Ahead of Pope Francis's Visit
4733,kkk member struggles to blame blacks for his hangover,Local Man Blames Black People for His Hangover After Drinking at Bar
16270,Who needs a plan when Ebola comes knocking? This infographic has you covered.,Ebola Outbreak Highlights Importance of Preparedness and Planning
25736,"Lawmaker obsessed with 'war on whites'—clearly, the most pressing issue of our time.",Lawmaker Advocates for Anti-White Discrimination Policies
11077,bowling green state just going to claim christopher lloyd as alumnus until someone calls them out,Bowling Green State University Announces Christopher Lloyd as New Alumnus
5355,tv in l.a. bar switched over to 'american dad' rerun without complaint,L.A. Bar Switches TV to 'American Dad' Rerun Without Customer Complaint
9654,rnc builds levee out of poor people to protect convention site,RNC Prepares for Convention in Charlotte
18674,Beyond marriage equality? What could possibly be next for LGBT rights?,LGBT Rights Advocates Urge Continued Progress in Marriage Equality and Civil Rights
1340,man sets unsustainable precedent of saying hello to coworker every morning,Coworkers Express Discomfort Over Man's Daily Morning Hello
23289,A mass shooting is a 'reprieve'? Only in the White House could that be considered a positive spin.,White House Press Secretary Defends Trump's Response to Orlando Shooting
7497,scott pruitt nervously picks up walking pace as hundreds of whooping cranes begin silently perching around him,Scott Pruitt Faces Criticism Over Environmental Record and Regulatory Actions
4849,8-month-old sick of staring at pooh's smug face all day,Baby Sleeps in Stroller
26270,"Biden says to cure cancer, overcome 'cancer politics', easy peasy",Biden Discusses Cancer Treatment and Political Challenges
26263,Canada's generosity: blaming Alan Kurdi for his own death,Canada Criticizes U.S. Policy and Refugee Policies Following Alan Kurdi's Death
12670,single parent wishes she had thought of abandoning child first,Single Parent Faces Financial Challenges and Emotional Stress
4039,"mom getting pretty into new tyler, the creator album","Local Woman Enjoys New Tyler, The Creator Album"
3070,gazebo underutilized,Local Residents Express Disappointment Over Unused Gazebo
27682,croatian prime minister currently stuck under pile of turnips,Croatian Prime Minister Visits Turnip Farm
4605,new cereal for poor stays crunchy in water,New Cereal Introduced to Address Food Insecurity Concerns
11344,missing kazakhstani nukes turn up in manhattan,Satirical Article Imagines Nuclear Warheads Found in Manhattan
19323,What to do about Charlottesville? How about start by not being racist?,Charlottesville Unrest Highlights Ongoing Racial Tensions and Inaction
4439,slight inconvenience avoided,Local Man Avoids Traffic Jam by Taking Alternate Route
10657,george thorogood fan disgusted to learn musician licensed 'bad to the bone' for commercial purposes,George Thorogood's 'Bad To The Bone' Licensed for Commercial Use
19993,Teaching balance while constantly checking phones; hypocritical much?,Teachers Frequently Use Mobile Phones While Teaching
18839,5 ways to get rid of summer weight gain – because holiday indulgences don't cause weight gain.,Experts Warn Against Holiday Weight Gain
17152,This is what's delaying 'Big Bang Theory' season 8 – the cosmic expansion of plot holes.,CBS Delays Big Bang Theory Season 8 Premiere
11792,friend's wife encountered twice a year,Local Woman's Husband Visits Twice a Year
18046,"Journalist walks off show over Orlando, TV truth is optional.",Journalist Walks Off Live Broadcast Over Orlando Shooting
17763,Joy Reid highlights Jared's invisible contributions in the Middle East.,Joy Reid Discusses Jared Kushner's Role in Middle East Policy
9665,"new study finds therapy, antidepressants equally effective at monetizing depression",Study Finds Therapy and Antidepressants Are Equally Effective in Treating Depression
22077,GPS guide to believing in yourself: technology that replaces self-esteem.,Satirical Article Critiques Overreliance on Technology for Self-Improvement
13406,"Police officer's cruiser mishap blamed on aggressive owl, a true menace to law enforcement",Police Officer Accidentally Crashes Police Cruiser While Driving
526,monument designer to see if some other country wants to buy rejected war memorial,Monument Designer Offers Rejected War Memorial to Foreign Buyers
25718,"The 'Never Trump' movement isn't impressed—shocker, they have standards.",Never Trump Movement Criticizes Trump's Behavior Amid Alleged Disrespect for Political Norms
6225,clinton woos gay vote with freddie mercury mustache,Clinton Campaigns for Gay Rights
12179,new study finds you'd love being rich asshole,Study Finds Wealthy Individuals Often Lack Empathy and Social Skills
14507,"Finally, the one true way for middle-aged men to be happy. Spoiler: it's not what you think.",Study Finds Middle-Aged Men Often Misconceived About Happiness and Fulfillment
16302,Scottish busker roasts Trump – because street performers are the voice of the people.,Scottish Busker Performs on Glasgow Street Corner
7509,everyone on defense team an equally matched romantic interest for member of prosecution,Defense Team Members Face Intense Pressure to Compete for Prosecution's Attention
23121,Grill vegetables: the revolutionary cooking technique.,Local Man Shares Tips on How to Grill Vegetables
27402,Apple Watch: revolutionizing time by making it smaller and more annoying.,Apple Watch Released
25579,"How not to look like a tourist in Berlin: just don't be one, easy.",Berlin Tourists Frequently Get Lost in the City
9237,'ncis' to cease print edition,NCIS to End Print Edition
18672,"Microsoft confirms Russian hackers are exploiting Windows flaw, a novel and unprecedented event.",Microsoft Confirms Russian Hackers Exploit Windows Vulnerability
20213,AirAsia search continues but bad weather drives back divers. Because finding planes is so easy in sunshine.,Search Continues for Missing AirAsia Flight 8501
23577,Brazil investigates ISIS threats post-Olympics—because security was flawless before.,Brazilian Security Officials Investigate ISIS Threats Following Olympics
14187,"Ebola, AIDS, and Plague Inc.—because comparing pandemics to a game is totally normal.","Experts Discuss the Comparison Between Ebola, AIDS, and Plague"
13881,"How Nebraska can return to college football greatness: Step 1, become Alabama. Step 2, profit.",Nebraska Football Team Struggles to Compete in College Football
28079,'yogi bear' movie introduces boring cartoon character to new generation,Yogi Bear Film Announced to Bring Classic Cartoon Character to New Generation
10518,snowstorm in chicago delays hundreds of morning murders,Chicago Snowstorm Delays Morning Murders
12168,vain galápagos tortoise trying to pass for 90,Galápagos Tortoise Photographed
27091,"Finally, a fast-food chain that's divinely approved—because Jesus totally cares about chicken sandwiches.",Fast-Food Chain Introduces New Chicken Sandwich
19779,Two Non-Binary Activists Explain How They're Forcing Campus to Accommodate Their Every Need,Two Non-Binary Activists Advocate for Campus Accommodations for Transgender Students
26011,Megadrought looms: because waiting for rain has always solved droughts.,Megadrought Expected to Persist Until Rain Returns
18208,South Carolina governor bans abortions after 20 weeks. A victory for... something.,South Carolina Governor Signs Abortion Ban Law
10564,vessel for male sexual gratification very sad today,Man Expresses Sadness Over Lack of Sexual Intimacy
5168,"mar-a-lago member complains about loud, obnoxious cabinet meeting at next table",Mar-a-Lago Member Complains About Cabinet Meeting at Resort
23797,"Bill Henderson, jazz legend, finally retires from life at 90—what a tragedy, said no one ever.","Bill Henderson, Legendary Jazz Pianist, Retires at 90"
13583,"Finally, a keyboard that makes texting more inclusive by adding more ways to abbreviate.",New Keyboard Features Include Expanded Abbreviation Options for Texting
20080,Jennifer Lawrence Honors De Niro in Classic Style: By Forgetting His Name or Something,Jennifer Lawrence Performs on the Red Carpet
20933,"Democrats and Republicans unite to support LGBT rights in West Virginia? What's next, pigs flying?",West Virginia Voters Support Same-Sex Marriage
7047,school friends don't find camp songs funny,Local High School Students Disapprove of Camp Songs
28086,u-haul offers discount for customers who will just move back home in 18 months after failure to make it in major city,U-Haul Offers Discount for Customers Who Plan to Move Back Home Within 18 Months
25780,"Clinton finds college costs high—from her private jet, no less.",Clinton Campaign Highlights College Costs and Financial Aid for Young Voters
9280,class of '88 reunion attendees once again trick sue thorpe into thinking jeff urban likes her,Class of '88 Reunion Attendees Disrupt Jeff Urban's Performance
15939,Nathan Chen redeems himself with records—as if skating needed more pressure to be perfect.,Nathan Chen Wins Four Consecutive U.S. Figure Skating Championships
2794,area veal calf is totally cramped!,Veal Calf Found in Small Pen
20472,Trump calls Obama to chat about Oscars in a Conan spoof—priorities straight as an arrow.,Trump Calls Obama to Discuss Oscars
27220,Meet the billionaire who 'cares' about LGBTQ rights—philanthropy at its most self-serving.,Billionaire Philanthropist Donates $10 Million to LGBTQ Rights Advocacy
17241,Jimmy Carter mediating MLK heirs' dispute—because former presidents have nothing better to do.,Former Presidents Carter and Bush Jr. Mediate Dispute Over Martin Luther King Jr. Heirs
16956,"Uber reverses course on tipping, realizing that money is nice – shocker!",Uber Reverses Tipping Policy
15015,"She wanted adventure in Africa, and got it in the most unexpected way.",Local Woman Spends Weekend in Africa
28282,data technician by day a data technician by night,"Data Technician Works 40-Hour Week, Maintains Personal Data Collection and Analysis"
21199,Back for a Second Season: Hardwired 2.0 – Because the First Season Wasn't Bad Enough,Hardwired 2.0 Premieres Second Season
4271,bush quietly rolls back iraq death toll to zero,Bush Administration Officials Downplay Iraq Death Toll
23884,SEC commissioner: We shouldn't promote investor confidence. Solid plan.,SEC Commissioner: SEC's Investor Confidence Plan Is Solid
13119,Friday talking points: serious discussion before the inevitable silliness,Experts Discuss Serious Topics Before Friday Night's Entertainment
17790,Because crying on a treadmill is the new emotional wellness.,Local Woman Cries on Treadmill to Cope With Stress
1297,"world covers ears, chants loudly as epa releases ozone-depletion statistics",EPA Releases Ozone-Depletion Statistics
26437,Donald Sterling asks 'who makes the game?' The moral authority.,Donald Sterling Faces Criticism Over Racist Remarks
27582,"Because refusing to bake cakes is the ultimate, principled protest against equality. So brave.",Local Woman Refuses To Bake Cakes For Wedding
7972,nanny appears in child's drawings more than mother,Mother and Nanny Share Similar Interests in Child's Artwork
1172,trump-appointed judicial nominee displays legal expertise by withdrawing nomination,Trump Appoints Judge John Roberts to Supreme Court
17307,Create an environment for ultimate success – just add water and ambition.,Satirical Article Critiques Corporate Culture and Workplace Ambition
19194,Switzerland performs at a theater. Expect yodeling and neutrality in equal measure.,Switzerland Performs at Theater in Zurich
27334,"After decades of honesty, the U.S. government's rare moment of truth might accidentally cause a Kurdish massacre. Shocking!",U.S. Military Operations in Iraq and Syria Raise Concerns About Civilian Casualties
2478,historical archives: hy-genic apportionment of remaining paper,Historical Archives Documenting Paper Usage and Distribution
16202,Latinos face digital divide in health care: Who needs modern medicine when you have tradition?,Latinos Face Health Disparities in Access to Modern Medical Care
10307,chris pine depressed by realization he could probably win governorship somewhere,Chris Pine Discusses Political Ambitions and Career Goals
9951,michael jordan accidentally packaged in plastic,Michael Jordan's Image Appears in Plastic Packaging
10973,sandwich previously thought incapable of looking more depressing flattened in backpack,Student Carries Sandwich in Backpack
21967,"Camp David, President Obama, and the refusal to acknowledge history and reality: as if a vacation spot could solve all geopolitical issues",President Obama's Diplomatic Efforts at Camp David Draw Criticism for Lack of Concrete Solutions
3691,new roommate excited to bring robust puttering experience to apartment,New Roommate Arrives at Apartment
2254,ex-boyfriend just thought he'd check in and throw entire day off,Local Man Calls Ex-Girlfriend to Check In and Rekindle Relationship
17248,"Supreme Court keeps conversion therapy ban—progress, but let's not get too excited.",Supreme Court Upholds Conversion Therapy Ban
9963,paul simon wondering how one goes about getting a column on 'the huffington post',Paul Simon Discusses Writing for The Huffington Post
27737,panicking flu swears it didn't mean to kill old lady,Illness Claims 85-Year-Old Woman's Life
12207,new york attorney general claims assaults were just him role-playing as unaccountable male authority figure,New York Attorney General Eric Schneiderman Faces Sexual Misconduct Allegations
16215,A presidency under siege: Drama is the new policy.,President Trump Faces Intense Political Scrutiny and Public Scrutiny
14795,"Obamacare repeal to uninsured 10%, a small price for political points.",House Republicans Vote to Repeal Affordable Care Act
4021,botanist holding up entire salad bar,Botanist Photographs Salad Bar
28527,"Because nothing says stable governance like a new GOP theme every week—wait, did they even remember last week's?",GOP Continues to Introduce New Party Themes Amid Ongoing Political Turmoil
24144,Feminist school supplies? Because empowerment starts with a pink ruler.,Feminist Activists Criticize Standard School Supplies as Inequitable and Sexist
593,law enforcement questions why alton sterling was even black in the first place,Alton Sterling Shot by Police in Baton Rouge
13150,First Latino Arab-American candidate sees heritage as asset—in a country that literally built a wall to keep such ‘assets’ out.,First Latino Arab-American Candidate Runs in New York City Mayoral Race
27862,Adam Schiff says there's 'more than circumstantial evidence'—because politicians never exaggerate.,Adam Schiff Defends House Intelligence Committee's Russia Investigation
23929,Russian skaters break records back-to-back—competition is so overrated.,Russian Figure Skaters Compete in World Championships
17186,Blind dog from pantry to luxury. What an upgrade.,"Local Dog Found in Pantry, Rescued and Adopted into Family"
4340,kiss cover band guitarist leaves to start vinnie vincent invasion tribute band,Kiss Cover Band Guitarist Leaves to Form Vinnie Vincent Invasion Tribute Band
15227,Cholera cases in Somalia expected to be a small bump in the road.,Cholera Cases in Somalia Expected to Decline
9934,high school breathes sigh of relief as difficult teacher ages out of education system,High School Teacher Retires
22537,"EPA spills waste, turns river orange: nothing says environmental protection like a toxic Slurpee.",EPA Criticizes Slurpee Packaging for Environmental Impact
966,nonprofit places burnouts in jobs you can do blitzed out of your mind,Nonprofit Seeks Volunteers to Participate in Drug-Related Research Study
7038,nation's boyfriends dreading 'free event in the park' season,Boyfriends Express Frustration Over Frequent Free Outdoor Events
7907,nervous pope candidate changes wine into jesus christ's urine,Pope Francis Faces Criticism Over Controversial Views on Church Governance
19884,"The easiest guide to travel: Step 1, have money. Step 2, don't have responsibilities. Done.",Travelers Emphasize Financial Independence and Personal Freedom in Planning Vacations
19594,"Paul Ryan's war on Social Security: grannies, beware.",Paul Ryan's Proposal to Privatize Social Security Draws Criticism From Seniors
23522,"Meeting Susan Anspach: the missing piece in life's grand puzzle, apparently.",Local Woman Searches for Missing Friend Susan Anspach
11075,report: rise in global temperatures likely to increase number of americans who fucking reek,Report Highlights Rising Global Temperatures and Health Risks
27781,romney enchants nation with lovely concession song,Romney Campaigns for Victory in Election
10959,crank caller keeps jerking local news team around,Local News Team Faces Criticism for Poor Customer Service
9143,no one in limo going to prom with the one they wanted,Prom Season Promises Promises: Students Often Choose Less Popular Dates Over Desired Partners
20713,Is American democracy doomed? Let's ask the experts.,Experts Discuss Challenges Facing American Democracy
12565,ketchup crust on heinz bottle cap still dreams of one day getting onto hot dog,Heinz Ketchup Bottle Cap Features Crust
6241,slain cop had only 37 years until retirement,Police Officer Killed in Line of Duty
15327,A toddler whose fashion sense puts all adults to shame (we're all failures),Toddler Wears Pink Dress and Red Shoes
28104,"Writer Michelle Theall talks memoir, teaching cats to sit, and LGBT issues. Totally coherent topics.","Michelle Theall Discusses Memoir, LGBT Issues, and Cat Training"
5565,area man now checks inside boat in driveway every morning,Local Man Checks Boat Inside Driveway Daily
5568,netflix defends 'queer eye' episode where the fab five forced to euthanize completely hopeless slob,Netflix Defends 'Queer Eye' Episode Criticized for Harsh Treatment of Homeless Man
15930,"Oh, absolutely, because girls giggling is the real crisis facing society today.",Experts Discuss the Impact of Social Media on Teen Girls' Mental Health
16595,Five 'weight loss' habits that are secretly making you fatter—thanks for the helpful tips!,Experts Warn Against Weight Loss Fads and Unhealthy Habits
22932,"The trap of Islam's eternal conflict? Yes, because all Muslims are apparently stuck in an endless war.",Islam's Historical and Cultural Tensions Remain a Major Challenge for Muslim Communities
8159,powerball officials remove plastic balls from pig urine brine,Powerball Officials Remove Plastic Balls From Pig Urine Brine
7686,70 percent of americans in favor of watching iraq get bombed on tv,Satirical Article Mocks Public Disinterest in Iraq War Coverage
18395,Suspects turn Hollywood Blvd into a doughnut shop—cops can't catch a break.,Police Investigate Suspects in Hollywood Burglary
24419,"Deserves a moment? It's cauliflower, it's not winning any awards.",Cauliflower Featured in Local Restaurant Menu
26586,Weird gifts for a weird dad: because normal dads are so overrated.,Local Man Gifts Unconventional Items to Father
21021,Activists hang a banner to politely ask Macron to please consider their existence. So respectful.,French Activists Protest Macron's Economic Policies
1500,kanye west announces his new name is tim,Kanye West Announces New Stage Name
146,first-grader reeks of urine,First-Grade Student Exhibits Urine-Related Hygiene Issues
21054,"Senate's new plan to repeal but not replace Obamacare is dead – shocking, Republicans can't even sabotage properly.",Senate Passes Bipartisan Bill to Repeal and Replace Obamacare
9915,rachael ray snaps chicken's neck live on air,Rachael Ray Eats Chicken on Live Television
11495,bush tearfully addresses nation after watching field of dreams,President Bush Watches Field of Dreams Film
389,woman who had almost formed healthy sense of self rejoins social media,Local Woman Rejoins Social Media After Taking Break From Online Presence
5196,man worried favorite jedi died after seeing 'obi-wan kenobi' trending,Local Man Expresses Concern Over Rise of 'Obi-Wan Kenobi' Trending on Social Media
8417,translator asks bannon to repeat that last spectral scream during congressional testimony,Bannon Testifies Before Congress
9016,retired factory worker had no idea earnings from '50s would have to support 3 generations of family,Retired Factory Worker Faces Financial Challenges Supporting Three Generations
19482,"Australia's Deputy PM Resigns in Scandal, Another One?",Australia's Deputy Prime Minister Resigns Amid Corruption Allegations
25220,"Adnan Syed gets a new trial, no big deal, just a life-altering decision.",Adnan Syed's New Trial Begins
6257,algebra notebook forced to bear the brunt of teen's song lyrics,Teen Uses Algebra Notebook to Write Song Lyrics
4799,trump boys beg father to nominate g.i. joe action figure cobra commander for va secretary,Trump Brothers Request Cobra Commander for Secretary of Defense
16456,"Congressman accused of abuse? Well, that's a first.",Congressman Accused of Sexual Misconduct
11372,zoologists discover new fastest land animal after pumping white-tailed deer full of steroids,Zoologists Conduct Study on Effects of Steroid-Enhanced White-Tailed Deer
20916,Republicans are arguing about their Obamacare repeal strategy? I'm shocked—they usually have such cohesive plans.,Republicans Face Criticism Over Incoherent Obamacare Repeal Strategy
26823,Men needed Paul Feig to tell them to speak out? How insightful.,Paul Feig's Directorial Style and Pro-Diversity Advocacy
6806,annoying coworker precedes all nouns with 'quite the',Coworkers Frequently Use 'Quite The' To Describe Colleagues
12993,"encouragement of family, friends motivating man to keep struggling indefinitely",Local Man Struggles With Depression and Anxiety
21987,Amazon unhinged: when your online shopping cart starts a revolution,Amazon Customer Reports Unexplained Cart Overflow
24959,Hotels think you want this bill? Who actually enjoys hidden fees?,Hotels Face Criticism Over Hidden Fees and Hidden Charges
6902,"area man to ask his doctor about xenical, propecia, claritin, paxil, drixoral, lipitor, tavist-d",Local Man Plans to Consult Doctor About Prescription Medications
27149,DeRay McKesson sues police over arrests: Because nothing says justice like a lawsuit.,DeRay McKesson Sues Police Department Over Police Arrests
25950,"Carly Fiorina totally dominated Trump on social media, proving that viral tweets are the cornerstone of presidential greatness.",Carly Fiorina's Social Media Presence Dominates Trump's Campaign
28556,"Kylie Jenner spends Sunday in a bikini, a decision that will undoubtedly reshape human civilization as we know it.",Kylie Jenner Poses in Bikini
1436,man approaches box of powdered doughnuts like snake discovering unguarded clutch of bird eggs,Local Man Finds Box of Powdered Doughnuts in Grocery Store
4780,man who downloaded $2.99 meditation app prepares to enter lotus plane of eternal serenity,Man Downloads $2.99 Meditation App
15382,"Italian recipes that are oldies but goodies: like your nonna's cooking, but with less emotional baggage.",Italian Recipes Remain Timeless and Delicious Despite Emotional Attachments
15002,Because nothing says efficient governance like making up food stamp rules on the fly.,Congress Passes Legislation to Address Food Stamp Program Funding Shortages
12791,spanish authorities ask anyone with information about curbing endless cycle of nihilistic violence to come forward,Spanish Authorities Urge Citizens to Report Information on Violent Extremists
287,bush introduces new timmy blanchard left behind act,President Bush Announces New Initiative to Support Children Left Behind
1225,community vastly improved by tv station's caring,Local TV Station Improves Community Through Public Service Announcements
10157,u.s. continues dependence on foreign toil,U.S. Labor Market Remains Highly Dependent on Foreign Workers
12254,westminster dog show finalists form elite iditarod team,Westminster Dog Show Finalists Compete in Iditarod
19349,Watch steamy gay cowboy music video—because country music needed more diversity.,Country Music Fans Criticize Lack of LGBTQ+ Representation in Traditional Country Music
2521,burger king looks open,Burger King Opens Restaurant in New York City
10496,area man committed to being spicy food guy,Local Man Enjoys Spicy Food and Has Strong Preferences for Hot Cuisine
7378,visit to doctor splurged on,"Local Man Spends $1,200 on Doctor Visit"
18555,Escaping the boring classroom to immerse yourself in the truly educational atmosphere of SXSW's crowded parties.,Students Attend SXSW Music Festival in Austin
6514,gene wilder's career in ruins following death of richard pryor,Gene Wilder Dies at 85
11791,north dakota drinks itself to sleep again,North Dakota Residents Drink to Sleep
15326,"Healthcare with the exclusive, luxurious feel of a nightclub",Healthcare Providers Face Financial and Operational Challenges
14481,"Bernie Sanders blames Reagan for middle class destruction: because it was thriving before, right?",Bernie Sanders Criticizes Reagan's Economic Policies
18205,Raising a special child: a guide to sounding inspirational while dealing with reality.,Parents Struggle to Balance Idealized Parenting With Reality of Daily Childcare Challenges
13888,Dwayne 'The Rock' Johnson shows his nurturing side: Who knew a muscle man could be so tender? Heartwarming.,The Rock Shares Heartwarming Moment With Fans at Los Angeles Charity Event
15413,Is Srinivasan a Supreme Court justice in the making? Let's guess based on hunches,Supreme Court Justice Srinivasan's Judicial Experience and Political Background
25373,"New technologies give government means to track suspects—privacy is so overrated, right?",Satirical Article Critiques Government Surveillance and Privacy Concerns
10386,justice scalia dead following 30-year battle with social progress,Justice Antonin Scalia Dies at 90
16738,Violence hits Nigeria's oil-rich delta region? Oil wealth always brings harmony and peace.,Nigeria's Oil Wealth Remains a Major Driver of Conflict and Instability
4189,gallup forced to destroy defective sample group that failed to accurately forecast michigan primary,Gallup Faces Criticism Over Sampling Bias in Michigan Primary Poll
15749,Baldwin's words last forever—unlike racial progress in America.,Baldwin's Remarks Spark Outrage Over Racial Injustice
21591,"Holy guacamole! People in New Zealand are stealing avocados, the ultimate crisis threatening brunch worldwide.",New Zealand Avocado Shortage Threatens Global Food Supply
10811,trump raises $50 million at fundraiser where gop donors get to watch him weep for 2 hours,Trump Raises $50 Million at Republican National Convention Fundraiser
21824,"Albuquerque shooter causes minor casualties: 1 dead, 3 injured.","Albuquerque Shooter Kills 1, Injures 3 in Gunfire at Local Restaurant"
22953,Tina Fey and Amy Poehler's squad annihilates Taylor Swift's in comedic superiority,Tina Fey and Amy Poehler's Comedy Duo Wins Over Swift Fans
27835,A shocking and unprecedented development in the world of legislative gridlock.,Congress Gridlocked Over Budget and Spending Issues
28248,"February: when we suddenly care about accuracy in history, but only for certain narratives.",February Marks the Start of National History Month
13822,Republicans drop ethics plan after criticism—they've had a change of heart.,Republicans Drop Ethics Reform Plan Amid Criticism
6024,new study finds americans scoot over at least 10 miles per year,Study Finds Americans Frequently Scoot Over Other Drivers
5041,dalai lama swears he recognizes guy at party from past life,Dalai Lama Attends New York City Party
10768,trump tells iowa dairy farmers he has cows 500 times bigger than theirs,Trump Discusses Iowa Dairy Farming During Campaign Stop
1047,teacher asks students to split into 2 groups to simulate ideal class size,Teacher Requests Students to Divide into Two Groups for Class Size Simulation
19455,10 smart gift ideas for the healthiest cook: because quinoa deserves a standing ovation.,Health-Conscious Cooks Considered for National Health Awards
3713,enron executives blamed for missing employee donut fund,Enron Executives Face Criticism Over Financial Mismanagement and Employee Compensation
19907,"Emily's List makes its first pick early, because democracy thrives on early decisions.",Emily's List Announces First Presidential Candidate
10935,brian boitano sobs quietly in dark,Brian Boitano Performs on Ice Skating Stage
9715,shameless coworker doing nothing to conceal clearly flaccid penis lying beneath khakis,Coworkers Report Workplace Harassment and Uncomfortable Work Environment
23614,"Is it really that tough to bid adieu to Bayh, or are we just being dramatic?",Sen. Evan Bayh Announces Retirement From Senate
23984,McDonald's throws a gala for the fry cook—because nothing says 'appreciation' like minimum wage.,McDonald's Announces Minimum Wage Increase for Fry Cooks
16440,Because two parties weren't confusing enough.,Two Political Parties Compete for Voter Attention in 2016 Election
27891,"Pat Toomey gets it? Sure, if 'it' means missing the point entirely.",Pat Toomey Defends Senate Majority Leadership Amid Criticism
22608,Flower girls dominate bridal fashion in 19 earth-shattering moments.,Bridesmaids Wear Floral Dresses at Wedding
9271,man totally proud of last night's drunken phone calls,Local Man Reflects on Recent Phone Calls After Drinking Session
4905,james holmes shows up to court wearing glasses with eyeballs dangling out on springs,James Holmes Testifies in Trial
21957,White House gives security briefing to Ahmed Mohamed – because nothing says justice like a lesson in overreaction.,White House Security Briefing Criticized for Overly Aggressive Approach to Counterterrorism
14092,Nia Long says film and TV should look like the world: what a radical concept.,Nia Long Discusses Her Vision for Film and Television Portrayals of African American Women
15714,"Mollie Spilman is the powerhouse behind Criteo's revenue, a true business titan.",Criteo's Revenue Growth Driven by Strategic Marketing and Data-Driven Advertising Strategies
5416,rate of uninformed conversations about navy seals skyrockets,Navy Seals Face Criticism Over Public Perception of Elite Military Unit
19436,"Trump's jokes are so hilarious, they're causing deafening silence. Truly the comic genius of our time.",Trump's Jokes Draw Silence at White House Press Briefing
2640,man hoping people notice how many folding chairs he's carrying at once,Local Man Carries Large Number of Folding Chairs to Event
7002,report: more americans turning to louder sources for their news,Report Finds Americans Increasingly Turn to Loud News Sources
8204,psychologists advise practicing words 'president trump' over next 2 months to prepare for inauguration,Psychologists Recommend Preparation for Trump's Inauguration
11571,obama turns 50 despite republican opposition,Obama Turns 50
11024,dnc keynote speaker definitely not keynote speaker only because he's latino,DNC Keynote Speaker Delivers Address on Latino Issues
26967,"I couldn't love myself, so I loved my self-judgment – a healthy coping mechanism.",Local Woman Uses Self-Judgment To Cope With Negative Self-Talk
13504,A GOP consultant pleads guilty—hold the press for this shocking honesty.,GOP Consultant Pleads Guilty to Federal Charges
25206,Who knew defending animal cruelty could be a state policy?,Animal Cruelty Laws and Regulations Remain Commonly Outdated
18196,Ethics group blasts Pence for using government travel for a Colts stunt. The scandal is unbearable.,Vice President Mike Pence Uses Government Travel for Personal Stunts
26913,"Police discover bomber's 'confession' on phone, if that's what you call it",Police Discover Bombing Suspect's Phone Contains Detailed Notes on Attack
24207,"Earth Day project collecting 1 million sounds, because one bird chirp wasn't enough to save the planet",Earth Day Project Collects 1 Million Bird Sounds to Raise Awareness About Environmental Issues
25524,Trump: the daily mystery box. What will he say next? Nobody knows.,Trump's Daily Briefing Briefs Remain Unpredictable
12703,faith healer loses patient during routine miracle,Faith Healer Dies After Performing Miraculous Healing on 85-Year-Old Woman
6472,philip morris: 'please talk to your cooler children about cigarettes',Satirical Article Critiques Philip Morris's Marketing Tactics
19267,Ted Cruz suddenly develops a conscience? Say it isn't so!,Ted Cruz Campaigns for Republican Nomination
13992,7 things to love about Trump's presidency: starting with the constant chaos.,Trump's Presidency Marked by Unpredictable Policy Changes and Political Turmoil
15981,Does palm oil cause 40% deforestation? Only in fairy tales.,Satirical Article Critiques Palm Oil Industry's Impact on Deforestation
18133,"These 5 tax mistakes will ruin you forever, or at least make April extra fun.",Tax Season Reminders Highlight Common Mistakes
22112,"What is a pre-existing condition? Just a minor inconvenience for insurance companies, right?",Insurance Companies Face Criticism Over High Premiums for Pre-Existing Conditions
5479,every nbc program to end with character straight up asking viewers what kind of new tv shows they would like to see,NBC Announces New Programming Strategy Focused on Audience Feedback
10697,creepy real estate listing really talking up size of crawlspaces,Home Listing Features Extensive Crawl Space
8267,visit to google earth reveals house is on fire,Google Earth Satellite Imagery Reveals House on Fire in Rural Pennsylvania
3273,rhode island votes to move 2008 primary to tomorrow,Rhode Island Votes to Move 2008 Primary to Tomorrow
7354,divorcing parents assure anxious kids that dog still loves them,Divorcing Parents Reassure Children That Dog Remains a Beloved Family Pet
26575,Chechnya rounds up gay men: a small issue in human rights,Chechnya's LGBTQ+ Community Faces Harassment and Violence
25791,"Clinton not telling truth about Wall Street? I'm shocked, shocked I say.",Clinton Criticized for Alleged Inadequate Financial Disclosure
9253,chicago police credit their extensive experience falsifying evidence for helping solve smollett case,Chicago Police Department Criticized for Misconduct in Smollett Case
3449,corporate retreat teaches employees how to dick around as team,Corporate Retreat Focuses on Team Building and Communication
18015,Illinois' wall of fame: the state's best designations (if you consider that an achievement),Illinois State Wall of Fame Honors Historical Figures
17694,This is what 2015 looked like according to 'Back to the Future'? Because predictions are always spot-on.,Back to the Future Predicts 2015 Would Be a Year of Major Technological Advancements
8502,"naked, dripping wet tom brady thrilled by judge's decision to overturn suspension, imagines judge",Tom Brady Suspended for Four Games
26920,"Apu trilogy premieres at MoMA again, for the film buffs who haven't seen it",Apu Trilogy Premieres at MoMA
21010,Forget gun control—just make everyone smoke! It's a totally logical and healthy solution.,Gun Control Advocates Urge Public to Smoke Instead of Guns
3665,report: suddenly remembering to sit up straight once a month best way to keep back healthy into old age,Study Finds Regular Posture Maintenance Is Key to Preventing Back Problems
4046,census bureau releases annual report on neighborhood vibes,Census Bureau Releases Annual Report on Neighborhood Trends and Demographics
13114,Jindal targets fun-loving Westboro Baptists for arrest at funeral protests,Louisiana Governor Bobby Jindal Criticizes Westboro Baptist Church for Funeral Protests
114,kurt warner cheered on by wire-haired man-goblin,Kurt Warner Poses for Photo
5847,baltimore residents urged to stay indoors until social progress naturally takes its course over next century,Baltimore Residents Urge Residents to Stay Indoors Until Social Progress Advances
14313,Shaun King's Twitter suspended? The internet never fails to surprise with its civility.,Shaun King's Twitter Account Suspended
18074,Growing up: Where your natural feelings are treated like a major plumbing issue.,Childhood Anxiety and Overwhelm Common in Growing Up
16532,Will they clinch a deal? Let's all hold our breath in anticipation.,Satirical Article Mocks Business Negotiations With Fictional Corporate Deal
8473,breaking: adam got a ps4 for christmas,Local Boy Receives PlayStation 4 for Christmas
8938,biden pardons single yam in vice presidential thanksgiving ritual,Biden Pardons Single Yam During Vice Presidential Thanksgiving Ceremony
26597,"Depositions reveal Trump as quick to exaggerate and insult: shocking, I know.",Trump Depositions Highlight His History of Misrepresenting Facts and Making False Claims
7542,new uber update allows users to file lawsuit against company directly in app,Uber Introduces New Legal Features to Address User Complaints
9675,miracle baby born with job,Miracle Baby Born With Job
4138,"lifeguard would save drowning man, but who is he to play god?",Lifeguard Rescues Drowning Man From Lake Michigan
19992,Equality is a mainland luxury; Puerto Rico gets the discount.,Puerto Rico Struggles With Economic and Social Inequality
22173,Republican congressmen are met with cheers and applause at town halls.,Republican Town Hall Attendees Cheer and Applaud Representatives
2177,afghan warlord takes anderson cooper as 43rd wife,Anderson Cooper Marries Former CNN Anchor
25717,"Daily meditation: the surefire way to spark creativity—if you can shut out the world, that is.",Local Man Meditates Daily to Improve Creativity
18057,"What your home items say: spoons mean loneliness, forks mean fancy.",Study Finds Kitchen Utensils Reflect Personal Preferences and Lifestyle
14485,Pistorius in hospital for wrist injuries? The humanity! Worse than his crimes.,Oscar Pistorius Hospitalized for Wrist Injuries
5634,greyhound launches new in-bus magazine,Greyhound Launches New Magazine Featuring Bus Travel Tips
4521,hanes introduces new no-way panties,Hanes Introduces New No-Way Panties
1546,tour becoming one-on-one between guide and man who knew name of mckinley's assassin,Tour Guide Shares Historical Facts About President McKinley's Assassination
16796,Desperation grips Haiti as it struggles to rebuild yet again: just a small hurdle.,Haiti Faces Severe Infrastructure and Economic Challenges After Devastating Earthquake
19247,"Ending the drug war will surely control Afghanistan's narco-state, what could go wrong?",U.S. Officials Warn of Unintended Consequences of Ending Drug War in Afghanistan
7828,panicked malcolm gladwell realizes latest theory foretells end of his popularity,Malcolm Gladwell's Latest Book Criticized for Oversimplification and Lack of Originality
18418,"Obama's drilling plans hit more opposition—surprise, the ocean isn't a fan.",Obama Administration Faces Intense Opposition Over Drilling Plans in Gulf of Mexico
7269,funeral director assures jewish family this headstone can withstand plenty of blows from baseball bat,Funeral Director Assures Jewish Family That Headstone Will Survive Baseball Bat
9011,townsfolk strongly prefer man's werewolf incarnation,Local Residents Express Enthusiasm for Man's Werewolf Appearance
17044,Robert Redford might be wrong about retirement killing you? Say it isn't so.,Robert Redford Discusses Retirement Concerns and Health Risks
8842,actor who portrayed the night king recalls challenge of playing character with no purpose,Actor Discusses Challenges of Playing the Night King in Game of Thrones
14271,"Underwater tech uses waves for energy—finally, a solution that won't drown in funding cuts.",Underwater Energy Technologies Face Funding Cuts
26438,Fasting in Islam: strict rules with exceptions. How convenient.,Islam's Dietary Restrictions and Dietary Laws
24508,The best volunteer programs do this: like showing up once and calling it a day.,Volunteer Programs Often Fail to Meet Expectations
7699,nicaraguan diplomat drops deadly spider onto john kerry's blanket,Diplomatic Tensions Rise Between Nicaragua and the United States
26367,Syria ceasefire unravelling? Because peace in the Middle East is so stable and lasting.,"Syrian Ceasefire Fails to Hold, Violence Continues"
9297,"bp opens multi-floor, 1,000-pump flagship gas station in times square",BP Opens New Gas Station in Times Square
685,self-centered child blames divorce entirely on himself,Child Blames Divorce on Himself
17583,"William Baldwin 'wouldn't vote' for Trump, but knows why so many others might – he's so empathetic.",William Baldwin Supports Trump Despite Disagreement
5164,man dives haphazardly into conversation like wounded osprey,Local Man Engages in Unstructured Conversation at Bar
9010,"nato admits slovenia, mummenschanz, czech republic",NATO Admits Slovenia and the Czech Republic
4562,"lost cat, dog on journey die immediately",Lost Cat and Dog Found Safe and Sound
5497,rick santorum relieved no one has asked him about interracial marriage yet,Rick Santorum Faces Criticism Over Views on Same-Sex Marriage
7682,phone call with dad just watered-down version of phone call with mom,Father and Son Discuss Family Matters Over Phone Call
5253,job applicant blows away interviewer with intimate knowledge of company's 'about us' page,Job Applicant Demonstrates Extensive Knowledge of Company's Website During Interview
7302,trump revokes puerto rico recovery funds after learning hurricane maria had fewer survivors,Trump Administration Cuts Puerto Rico Disaster Relief Funding
6650,area man thought he had more forks than this,Local Man Discovers He Has Only One Fork
2596,report: really old tenant probably pays much cheaper rent,Report Highlights Tenant Disparities in Rent Prices Across New York City
17596,"Why are you eating? – in this diet-obsessed world, how dare you?",Local Woman Criticizes Diet-Enthusiast Friends for Restrictive Eating
7402,earth's successful completion of orbit around sun inspires woman to reflect on eating habits,Local Woman Reflects on Eating Habits After Completing Earth's Orbit Around Sun
17174,O'Reilly equates BLM with Gestapo. Because fighting for rights is Nazi-like.,O'Reilly Criticizes Black Lives Matter Protests
25305,University pledges free tuition to Harvey-displaced students. So generous of them.,Harvey Displaced Students Face Financial Hardship
22127,Trump voters blink. Must be the harsh light of reality finally hitting them.,Trump Supporters Report Disappointment Over Candidate's Performance
15752,"Trump finally declares an emergency, right on schedule… if by schedule you mean two months late.","Trump Declares National Emergency, Announces $1.4 Trillion Budget Request"
17890,Nothing says political alignment like a shared agenda.,Political Parties Often Align on Key Issues
2618,child assured it will be long time before he dies,Father Assures Young Son That Death Is Rare and Unlikely
8289,"jesus announces plans to return once the dow clears 27,000","Satirical Article Imagines Jesus Returning to Earth After Dow Jones Index Reaches 27,000"
20668,"Raucous town hall in Utah blasts Chaffetz over Trump, surprising no one.",Utah Town Hall Features Intense Political Debate Between Chaffetz and Trump
2879,undercover fireman infiltrates three-alarm blaze,Firefighter Rescues Family From Three-Alarm House Fire
16179,Woman stabs Denver fire chief after SUV jump – fire chiefs are always ready for combat.,Denver Fire Chief Criticized for Aggressive Response to SUV Jumping Incident
11291,loss of virginity more humiliating than original virginity,Man Reflects on Loss of Virginity
28225,Bomb stores to tank stock? Genius-level market manipulation.,Satirical Article Critiques Market Manipulation and Speculation
3779,college administrators hold candlelight vigil to honor donor lost in mishandled rape case,University of Michigan Administrators Hold Candlelight Vigil to Honor Student
3295,house of blues actually house of whites,House of Blues Venue in New Orleans
396,chipotle mayo doing all the heavy lifting in sandwich,Chipotle Mayo Adds Creamy Texture to Sandwich
6380,dermatologists recommend regularly checking body for screaming demonic face bulging out of skin,Dermatologists Recommend Regular Skin Checks for Early Detection of Skin Cancer
19890,"Muhammad Ali, the 'greatest', proves even he can't dodge death at 74.",Muhammad Ali Dies at 74
22460,"DOJ warns about online domestic terrorists. Finally, someone noticed!",DOJ Warns of Growing Threat of Domestic Terrorism
27417,Royals love 'Trap Queen': proof that athletes have deep musical insights.,Royals Fans Express Enthusiasm for New Single 'Trap Queen'
28012,supportive parents encourage child's interests in anything within 15-minute drive,Parents Encourage Child's Interest in Local Sports
23378,"Ah, the First Amendment in action: punished for a t-shirt but not for, say, insurrection.",Satirical Article Critiques First Amendment Protections for Political Speech
21426,Zenefits bans stairwell sex to uphold professionalism.,Zenefits Bans Stairwell Sex to Maintain Workplace Professionalism
2064,enzyme humbled to have played part in successful biochemical reaction,Enzyme Plays Key Role in Cellular Metabolism
6813,pope francis asks congregation if it's okay if they do a low-key easter this year,Pope Francis Addresses Congregation During Easter Mass
15916,Get lost in these seven cities: It's not like you'll actually get lost.,Travelers Advised to Plan Ahead and Research Cities to Avoid Getting Lost
7891,dianne feinstein horrified after new gun control bill disintegrates immediately upon crossing into senate chamber,Senate Passes Bipartisan Gun Control Bill
25261,Snake on a plane causes slight inconvenience—air travel just got infinitely more thrilling.,Passenger Reports Snake on Commercial Flight
19471,New Way to Buy Gold Solves All Your Financial Woes,Satirical Article Mocks Financial Anxiety With Fictional Gold Investment
21907,Trump's dangerous move toward protectionism: because nothing says 'economic strength' like starting a trade war over soybeans.,Trump Administration Announces Tariffs on Soybeans and Other Agricultural Products
15201,The lack of a handshake surely solved more problems than it created. A true diplomatic triumph.,Satirical Article Mocks Diplomatic Handshake Traditions
24797,Students stage anti-Trump art protest—because nothing says 'political change' like a poster board.,Students Protest Trump's Presidency at University of Michigan
28322,An Obama cut-out helps me survive Trump's presidency— because inanimate objects are more reliable than politicians.,Obama Cut-Out Used to Help Citizens Navigate Trump's Presidency
21304,"Aaron Hernandez, ex-Patriots star, convicted of murder – shocking, next you'll say athletes are human.",Aaron Hernandez Convicted of Murder in Boston Marathon Bombing
6071,financially struggling trump campaign holds fundraising riot,Trump Campaign Holds Fundraising Event
2816,lawyers identify dozens more bill cosby victims while interviewing potential jurors,Lawyers Interview Potential Jurors for Cosby Trial
26431,Volcano adds 'laze' to Hawaii's hazards. What a gift.,Hawaii Volcano Eruption Raises Concerns Over Unpredictable Weather and Safety
6690,lottery loser angry at lottery winner,Local Man Disappointed After Winning $1 Million Lottery Jackpot
20568,High school football players accused of assault? Because team spirit clearly includes violence.,High School Football Players Accused of Assaulting Classmate
20074,"Healthy Fast Food Exists? In This Economy, That's Adorable",Fast Food Chains Face Financial Struggles Amid Economic Downturn
19949,"Airline passengers: Is there a right to recline? More importantly, is there a right to basic human decency in coach?",Passengers Criticize Airlines for Poor Seating Conditions in Coach Class
27426,Look: the magical world of tarot – where facts go to die.,Tarot Cards Feature Fictional Characters and Scenes
14531,Beat winter blues with expert tips—or just wish for summer.,Experts Offer Advice on Managing Winter Seasonal Affective Disorder
20061,"this call may be monitored: for your own good, of course",Federal Communications Commission Warns of Potential Surveillance Risks in Public Calls
25392,"History will judge Trump with contempt, but his base loves him now.",Trump's Base Maintains Support Despite Controversial Policies
741,willow rented,Willow Renting
936,town hall audience member asks clinton to quickly pivot away from his question and then state her platform,Town Hall Audience Member Requests Clinton to Address Specific Policy Questions
25457,"Mayo Develops Cancer Screening Test: Finally, Some Progress.",Mayo Clinic Announces New Cancer Screening Test
21977,"Hillary unleashes, while Ivanka keeps quiet: the great American family drama continues",Ivanka Trump Keeps Quiet During Hillary Clinton's Speech
25568,"Trevor Noah 'fires' Michelle Wolf, comedy world in turmoil.",Trevor Noah Announces Departure From Comedy Central's The Daily Show
12512,trump disapproval rating reaches all-time none of this matters,Trump Disapproval Rating Reaches All-Time High
6478,queen elizabeth announces success of monarchy's recent diversity initiative,Queen Elizabeth II Announces Diversity Initiative
4319,abraham lincoln's dna now available over the counter,Satirical Article Claims Abraham Lincoln's DNA Is Available for Purchase
15823,The wack Donald's project – because stability is overrated.,Donald Trump Announces New Business Venture
7946,loud squawking crow forces faa to ground all flights indefinitely,Crow Perched on a Tree Branch
15652,"Must-see TV shows you can't miss this fall: If you enjoy clichéd plots and recycled jokes, then by all means, don't miss them.",Fall TV Season Features Numerous Clichéd and Repetitive Programming
4625,man who spent last 2 years drawing pictures of trump and putin making out beginning to realize just how wrong he's been,Local Man Reflects on Past Trump and Putin Portraits After Realizing Political Missteps
16788,"Cancer, cinema, crowdfunding and Twitter: the perfect blend for a heartwarming story.",Crowdfunding Campaign Raises $1.2 Million for Cancer Research
12323,blood-drenched sarah koenig announces topic for upcoming season of 'serial',Sarah Koenig Announces New Season of Serial
22688,Dog's skin condition traced to a mysterious past involving alien experiments – you won't believe the vet's theory!,Veterinarian Diagnoses Dog With Skin Condition Linked to Alien Experimentation
25012,Top soccer official says Trump presidency would hurt US World Cup bid—because who wants a stable bid with a controversial president?,Trump Presidency Expected to Hinder US Soccer World Cup Bid
2036,obama announces plan to store nation's extra stuff in large plastic crate,President Obama Announces Plan to Store Extra Government Supplies in Large Plastic Crate
14327,'Draft Biden' super PAC releases ad. Nothing says 'people's movement' like big money.,Satirical Super PAC Launches Ad Critiquing Political Spending
28479,men and women of armed forces thank local woman for song dedication,Local Woman Performs Tribute Song for Armed Forces Members
13413,"South Korea holds election to replace impeached leader, what could go wrong?",South Korea Holds National Election to Replace Impeached President Park Geun-hye
1461,inverted bob added to supercuts arctic vault where hairstyles preserved for future generations,Supercuts Launches New Haircut Service in Arctic Vault
20229,Shelters scramble for winter storm refuge – as if people actually need shelter in cold weather.,Winter Storms Leave Thousands Without Shelter
25045,"Rudy Giuliani confesses to illegal payment – what a paragon of honesty, admitting to crimes so casually.",Rudy Giuliani Faces Criticism Over Alleged Financial Misconduct
4237,gated community under siege by savages,Gated Community Residents Report Violent Attacks and Property Damage
9848,nbc cancels csi,NBC Cancels CSI
25201,"A 560-pound man rides across country to save his life, proving that logic is optional.",Man Dies While Riding Across Country to Save Himself
6058,man vows never to watch another sci-fi movie with physicist friend,Man Vows to Avoid Watching Sci-Fi Movies With Physicist Friend
1940,man surprised to learn high school classmate became completely different type of fuckup,High School Classmate's Behavior and Lifestyle Change Prompt Classmate's Shock
11897,area theater has strict rule against bringing in outside movies,Local Theater Bans Outside Movies
2932,ken burns completes documentary about fucking liars who claimed they watched entire 'jazz' series,Ken Burns Completes Documentary Series About Jazz Fans
16285,"Sixth woman accuses Moore of past misconduct, because five wasn't enough.",Moore Faces Sexual Misconduct Allegations
5221,woman leaving meeting worried she came off as too competent,Woman Leaves Meeting With High Expectations
18735,"Veteran graduates at 84, proving age is just a number... and he's really smart.",84-Year-Old Retired Teacher Graduates From High School
1541,ted cruz worried all the good countries to wall off taken by other candidates,Ted Cruz Focuses on Foreign Policy and National Security During Republican Debate
27688,miley cyrus apologizes for breasts,Miley Cyrus Performs on Stage
13,"expansive obama state of the union speech to touch on patent law, entomology, the films of robert altman",Obama Delivers State of the Union Address
19842,The world's first official 'Jewish tartan'? Who knew identity needed stripes?,Satirical Article Imagines Jewish Tartan as a Traditional Scottish Pattern
11671,father's day gift way shittier than mother's day gift,Father's Day Gift Received in Disappointment
20460,Shooter legally purchased guns to murder police—what a shining example of responsible gun ownership.,Police Officer Shot in Line of Duty
3578,"peeps unveils new boneless, skinless marshmallow breasts",Peeps Introduces New Marshmallow Breasts
1208,"report: doing your part to stop climate change now requires planting 30,000 new trees, getting 40,000 cars off the road, reviving 20 square miles of coral reef",Report Highlights Urgent Need for Immediate Action to Combat Climate Change
27887,"Who in their right mind would choose frozen over fresh? Oh, everyone on Thanksgiving.",Thanksgiving Food Trends Shift From Traditional to Frozen and Processed
24309,"Man dies after saying 'I can't breathe,' but police are always so helpful.",Police Respond to Emergency Call in New York City
21456,"Ebola fear makes us stupid? Nah, we're always this rational.",Ebola Outbreak Raises Public Health Concerns
8603,fun-loving turtle all business when it's feeding time,Turtle Feeds in Pond
17773,Testing the teacher: teachers' favorite pastime.,Teachers Frequently Use Classroom Surveys to Evaluate Student Performance
20209,How to grocery shop for lasting beauty: because your lettuce will keep you fresh for days. Smart!,Grocery Shopping Tips for Maintaining Fresh Produce
2386,newly discovered fossils reveal prehistoric humans were bony,Archaeologists Discover New Fossilized Human Remains in Siberia
24651,"Man sees Jesus in tree, because trees are the new burning bushes.",Local Man Claims Jesus Appeared to Him in Tree
7876,out-of-state license plate seen,Driver's Out-of-State License Plate Seen in Local Parking Lot
18991,Ben Higgins Still Unlovable After 20 Seasons? Shocker!,Ben Higgins Wins Season 22 of The Bachelor
2266,7-eleven shareholders approve sale of busch light six-pack,7-Eleven Announces Sale of Six-Pack of Busch Light
24667,"How to be an effective listener: Step 1, stop thinking about what you're going to say next. Revolutionary.",Experts Recommend Practicing Active Listening to Improve Communication Skills
21774,North Korea demolishes nuclear test tunnels? Must be for safety inspections.,North Korea Conducts Nuclear Test
2371,father not letting firstborn repeat mistakes he made as nine-month-old,Father Warns Firstborn Son About Potential Mistakes He Made as Nine-Month-Old
8806,biden investigated for questionable workers' comp claim,Biden Faces Scrutiny Over Alleged Workers' Compensation Claim
19515,Sheryl Sandberg talks about husband's death in personal commencement speech. Just a lighthearted topic for graduates.,Sheryl Sandberg Delivers Commencement Address at Harvard University
19232,"Because American exceptionalism requires copying German shop closing laws, obviously.",American Businesses Face Criticism for Adopting German Shop Closing Laws
17729,"AHS teasers are mildly spooky, if you're into that whole horror thing, which is totally normal.",American Horror Story Season 3 Teasers Released
24243,"Surprise, surprise, someone dies in custody and it's a homicide. Who saw that coming?",Police Investigate Fatal Custody Death of 25-Year-Old Man in New York City
26679,"Simpsons creator says people pretend to be offended, dismissing concerns about stereotypes.",Simpsons Creator Apologizes for Stereotypical Characters and Stereotypes
27184,A developing nation leader vows to tackle tax dodging – because that always works out.,Tax Dodging Remains a Common Practice in Developing Countries
10353,rex tillerson blindsided by news he still worked for state department,Rex Tillerson Retires From State Department
6947,heavenly sources confirm joe jackson already screaming at michael,Satirical Article Claims Joe Jackson Is Screaming at Michael Jackson
8413,police seize 250 pounds of marijuana smoker,Police Seize 250 Pounds of Marijuana in Downtown Denver
24647,"Ted Cruz's super-PACs rake in cash, democracy thriving.",Ted Cruz's Super PACs Raise Millions of Dollars
26049,"Israel's president reaches out to Palestinian Arabs, a gesture of pure sincerity.",Israel's President Addresses Palestinian Arabs
2558,bush picks up 20 copies of washington post he's in,President Bush Purchases Multiple Copies of The Washington Post
15611,"French police find another car in the suspect hunt, because one getaway vehicle just isn't enough for a mastermind.",French Police Investigate Suspect in Paris Car Burglary
10630,mom recommends previously unheard-of form of transportation son could take to get home,Mother Recommends Son Use Public Transportation to Get Home
221,consumer confidence verging on cockiness,Consumer Confidence Surges Amid Economic Recovery
19675,The 'Entrepreneurial Advantage': a magical business term that means whatever you want it to,Entrepreneurs Often Use Business Terms to Justify Their Decisions
19873,Two sisters conquer cholesterol. Their emotional journey will make you sob... or yawn.,Two Sisters Share Emotional Journey of Overcoming Cholesterol
25184,"These newborn photos are so whimsical, they might cure your fear of childbirth.",Newborn Photos Showcase Baby's Unique Features
13110,10 utterly trivial ways to pretend you're smarter than everyone else,Local Man Uses Humorous Tactics To Impress Coworkers
17962,Joy to the world! The Griswolds are back to ruin Christmas with sports—because why not?,The Griswolds Return to Home for Christmas
14450,"7 things you should never ever do for your older kids. Like, for instance, help them. Or love them unconditionally. The list is endless and terrifying.",Parents Warned Against Overindulging Older Children
14762,Ne-Yo raises millions for engineering school? Pop stars are clearly the key to solving educational funding crises.,Ne-Yo Donates $1 Million to Engineering School
19123,A mere $5.8 million to settle intern exploitation claims? Pocket change for a media giant.,Media Giant Faces Criticism Over Alleged Exploitation of Interns
13830,Verizon shows love to 'basic rate' customers with extra bills for fios deployment.,Verizon Offers Discounts to Customers With Basic Fios Service
12814,federal prison system retires mcveigh's number,Federal Prison System Retires Number 420
13201,"This photo exposes Simone Biles as the fragile human she secretly is, shattering her invincibility myth.",Simone Biles Wins Gold in All Four Events at World Championships
28424,underprotective father demands daughter arrive home by 10 a.m.,Father Demands Daughter Arrive Home by 10 A.M.
26120,The global search for education: Latin America is online? Mind-blowing that they use the internet.,Latin America's Limited Internet Access and Digital Literacy Remain Major Challenges
28043,insane man gets a little perspective by reminding himself that he is god,Local Man Reflects on Spiritual Significance of His Daily Life
5224,amazon reaches 1 trillion labor violations,Amazon Faces Criticism Over Labor Practices and Worker Safety Concerns
7761,cdc issues warning of full-blown epidemic of the blahs,CDC Warns of Rising Number of Americans Experiencing Mild Depression
4204,area man has shitty fuckin' job,Local Man Expresses Frustration Over Job
2870,unsuspecting movie stars follow fake red carpet into back of kidnappers' van,Movie Stars Reportedly Followed by Kidnappers in Hollywood
5156,"clinton to get teeth cleaning, glasses before coverage runs out",President Clinton Visits White House Dental Clinic
5754,teary-eyed wrestlers bid farewell to friends made at summerslam,Wrestlers Say Goodbye to Friends Made at SummerSlam
15176,Taylor Swift calls cover album an honor – as if she wrote the original or something.,Taylor Swift Releases Cover Album Featuring Original Songs
18382,This is how you visualize the heartbeat of a city: with pretty charts.,Chicago's Cityscape Features Detailed Maps and Diagrams
19268,Pro tip: Just yell louder and wave cash—bartenders love that.,Bartenders Recommend Loud Speech and Cash for Customer Service
7945,aging airliner flies out to sea to die,Aging Commercial Airliner Stranded in Sea
27047,NAFTA renegotiation: because climate change is just a local issue now,NAFTA Renegotiation Begins Amid Ongoing Climate Change Concerns
12963,senior prank somehow leaves high school with increased math funding,High School Pranksters Distribute Fake Math Textbooks
1304,trapped chilean miners considering how funny it would be if they all died right as rescuers completed tunnel,Chilean Miners Rescued From Abandoned Mine Tunnel
25115,Unhappy Father's Day? Who could have predicted that?,Father's Day Celebrations Marked by Disappointment and Disrespect
18650,Conan shares Trump's Twitter withdrawal—probably involved a lot of yelling.,Conan O'Brien Shares Trump's Twitter Withdrawal
17493,"Jeb Bush insists he's a Washington outsider, despite the Bush family name being synonymous with D.C.",Jeb Bush Campaigns in Florida Ahead of Primary
20394,"Ivanka Trump's religious expertise: Judaism is top three? Close, but no cigar.",Ivanka Trump's Religious Expertise Draws Criticism
5453,author dismayed by amazon customers' other purchases,Amazon Customer Purchases Multiple Items in Single Transaction
8929,"world health organization: 'not sure how, but adam levine's new fragrance the only antidote to mers virus'",World Health Organization Warns Against Unproven Claims of MERS Virus Cure
20363,Palestinian youth and the psychological impact of violence: just a little trauma.,Palestinian Youth Face Ongoing Trauma and Violence in Gaza
7184,black man bids tearful goodbye to family before daily commute,Black Man Commutes Daily To Work
7210,american citizens split on doj memo authorizing government to kill them,DOJ Memo Authorizes Assassinations of American Citizens
16705,"Krugman: the right fears democracy – yes, because winning elections is so scary.",Krugman Discusses Political Polarization and Voter Anxiety
23433,"Astronauts hug out political tension, because space is neutral.",Astronauts Report Political Tension During Space Mission
9267,j.k. rowling revealed to be pseudonym for newt gingrich,Satirical Article Claims J.K. Rowling Used Newt Gingrich Pseudonym
27584,"Ah, the 'most beautiful' because it's from a queer Korean, not because it was actually moving or articulate.",Korean Film 'The Most Beautiful' Wins Best Foreign Language Film at Cannes
3284,studio audience wants show to be over,Studio Audience Disappointed After 90-Minute Television Special Ends
14659,"9 tips for senior year: stress, cry, repeat.",High School Seniors Face Significant Stress and Emotional Challenges in Final Year
18331,"America's favorite Mexican food chain is... not Chipotle. In other news, water is wet.",Chipotle Mexican Grill Continues to Dominate U.S. Fast-Casual Market
16314,"Trump shakes up top staff – just a little reshuffle, nothing to worry about.",Trump Shuffles Staff Ahead of State of the Union Address
1692,ceo's funeral a networking dream,CEO's Funeral Draws Large Crowd of Executives
20943,Danica Roem credits Trump for proving that anyone can be elected – barriers like decency are just suggestions.,Danica Roem Wins Virginia House Election
14471,Hawaii's millennials: probably too busy with luaus to care.,Millennials in Hawaii Frequently Prioritize Social Events Over Work and Personal Responsibilities
5458,rembrandt's 'night watch' falls off museum wall after sticky tabs come loose,Rembrandt's 'Night Watch' Painted on Wooden Panel
24485,A new shade of green collaborations: because Boulder needs more hipster eco-projects.,Boulder Residents Express Disappointment Over Lack of Green Initiatives
23253,"Obama's foreign policy was a failure? Obviously, compared to the current golden age.",Critics Argue Obama's Foreign Policy Was Ineffective
66,mom learns about new vegetable,Local Mother Discovers New Vegetable at Grocery Store
24385,A $249 sapphire razor? Because your face is worth more than a car down payment.,Satirical Article Mocks Luxury Car Buying Culture With Fictional Sapphire Razor
17956,"Martha Raddatz MVP? In a debate that was a train wreck, she was the conductor.",Martha Raddatz Moderates Supreme Court Debate
27087,Squad Reduces Pain: Science Confirms What Loners Already Know,Study Finds Social Loneliness Linked to Chronic Pain
20002,"If the takeover worked, low scores wouldn't be embarrassing, but they are.",Local High School Students Face Low Grades After School Takeover
8475,fire hydrant blows load all over hot neighborhood kids,Fire Hydrant Located in Front of Home
1735,gray wolves sighted in capitol building for first time in 85 years,Satirical Article Imagines Gray Wolves Visiting Capitol Building
281,blender left on to keep cat company,Cat Laps Up Water From Blender
16658,Parental leave revolution: because banking is finally catching up to the 20th century.,Banking Industry Faces Criticism Over Lack of Parental Leave
5547,area man glad his brother is giving mom grandkids,Local Man Expresses Satisfaction Over Brother's Pregnancy
20113,"Home genetic tests may be riddled with errors, and companies aren't keeping track: embrace the surprise!",Genetic Testing Companies Face Criticism Over Accuracy and Reliability
17243,The Fed and the markets: two things that definitely make sense and aren't confusing at all.,Federal Reserve and Market Analysts Discuss Economic Trends and Market Volatility
16552,"Hey, which one of you wise guys teleported me into the future? This is exactly what I asked for.",Man Teleports Himself Into Future
20138,5-Year-Old Boy Faces Tough Decision About His Girlfriends: The brutal heartbreak of preschool crushes.,5-Year-Old Boy Faces Challenges of Preschool Crushes
19049,Spicer links shooting to banning millions: a logical leap?,Spicer Defends Trump's Executive Actions on Gun Control
2352,heartbroken chris brown always thought rihanna was woman he'd beat to death,Chris Brown Reflects on Past Relationship With Rihanna
978,shirtless man turns face from side to side in mirror while running hands down smooth face,Man Runs Hands Down Face in Mirror
16562,Trump calls on Congress to empower agencies to oust federal workers—job security is so last century.,Trump Calls for Federal Worker Reductions Amid Ongoing Government Shutdown
13093,How to live to 110: the secret to immortality revealed.,Satirical Article Mocks Aging and Longevity Trends
1595,"north korea claims new long range missile has ability to fly right up in the air, not unlike a bird or a fly",North Korea Tests Long-Range Missile
16405,"Elon Musk is ready to conquer Mars. The ultimate billionaire's vanity project, now with 100% more existential risk.",Elon Musk Announces Plans to Establish Permanent Human Settlement on Mars
6518,uninsured man hoping for gift card to local hospital for christmas,Local Man Requests Gift Card to Hospital for Christmas
6201,man ashamed of himself after cashier reads food order back to him,Man Orders Food at Local Restaurant
17449,Pride in mental health: an interview with the Trevor Project – because mental health is the new cool thing to be proud of.,The Trevor Project Launches National Mental Health Awareness Campaign
4,richard branson's global-warming donation nearly as much as cost of failed balloon trips,Richard Branson Donates $1 Million to Climate Change Research
5411,"michele bachmann figures why not, introduces homosexual-beheading bill",Michele Bachmann Introduces Bill to Legalize Homosexual Beheading
5696,"no complaints if a remake of 'emma' with jon hamm and emily blunt got thrown our way, nation's girlfriends report",Fans Express Interest in a Remake of 'Emma' Starring Jon Hamm and Emily Blunt
20645,"Double standard, double spacing: the perfect formula for unbiased reporting.",Journalists Criticized for Double-Standard Reporting
15706,"Illinois elves suggest gifts for politicians, because they're so in touch with the people.",Illinois Elves Suggest Gifts for Politicians
23726,Transition to teaching art in college? Just navigate academia's quirks—simple.,College Students Navigate Academic Quirks and Challenges When Transitioning to Teaching Careers
8819,"report: you know you are a fucking idiot, right?",Report Highlights Common Cognitive Biases and Self-Perception Errors
13868,In depth: Behind the veil of the Middle East – where women's rights are just a suggestion.,Middle East Faces Persistent Challenges for Women's Rights
3205,cbs reveals 'big bang theory' season 12 will explore why sheldon keeps job after sexually harassing 6 research assistants,CBS Announces Season 12 of Big Bang Theory
21844,"Wearing #BlackLivesMatter shirts solves systemic racism, obviously.",Local Man Wears Black Lives Matter Shirt to Protest Police Brutality
22595,Grindr's caring reminder: don't forget your HIV test between hookups.,Grindr Reminds Users to Get HIV Tests Before Engaging in Sexual Activities
14772,A 12-year-old busts out unexpected moves in the kitchen? This child is a culinary revolutionary!,12-Year-Old Boy Demonstrates Advanced Cooking Skills in Local Kitchen
8284,scientists finally prove what area dad has been saying for years,Satirical Article Mocks Father's Long-Standing Claims About Local Man's Career
21230,Giuliani says Trump is trying to get us back to a free press. By attacking journalists daily? Makes sense.,Giuliani Defends Trump's Press Freedom Amid Criticism
6731,area man good for the economy,Local Man's Economic Contributions and Community Involvement Highlighted
11818,pope francis offers molested kids 10% off at vatican city gift shop,Pope Francis Visits Vatican City Gift Shop
24882,"Six completely rational and unselfish reasons why my kids' toys remain fiercely, permanently theirs. Sharing is for peasants.",Parents Maintain Strict Toy Ownership Policies to Protect Children's Property
24294,Savor the South at summer festivals where every dish is a calorie bomb and every moment is bliss.,Summer Festivals Highlight Southern Cuisine and Hospitality
3621,"fbi raids michael cohen's office to get closer look at his innovative, thorough legal work",FBI Raids Michael Cohen's Office to Investigate Financial Crimes
23685,Kristen Wiig Crashes Bill Hader's 'SNL' Monologue: Groundbreaking Television That Changes Everything,Kristen Wiig Performs on SNL
24857,Farenthold resigned abruptly? Probably to avoid more congressional 'hard work'.,Farenthold Resigns From Congress
5656,"in major gaffe, obama forgets to dumb it down",Obama Delivers Inaugural Address
19525,Is art feminine? Let's ask the centuries of male-dominated art history.,Art Historians Discuss Feminine Representation in History
12384,food critic's wife makes the best lasagna she possibly can,Local Woman's Lasagna Receives Positive Review From Food Critic
26297,Trump orders war crimes then backs down? What a tough leader.,"Trump Orders Military Action in Syria, Then Withdraws Troops"
13371,"Netflix hires Ryan Murphy for 5 years? Groundbreaking, since he's never done anything before.",Netflix Signs Ryan Murphy to Five-Year Contract
12008,6-year-old cries when told mtm productions kitten dead by now,6-Year-Old Cries When Told Kitten Is Dead
